id,k,x1,x2,x3,time,event,time_true,c1,c2
0,0,-1.0069957123095605,0.04926331094046243,-0.5939740508679263,6.0,0,8.0001,6.0,inf
0,1,-1.0069957123095605,0.04926331094046243,-0.5939740508679263,6.0,0,8.0001,6.0,inf
0,2,-1.0069957123095605,0.04926331094046243,-0.5939740508679263,6.0,0,8.0001,6.0,inf
0,3,-1.0069957123095605,0.04926331094046243,-0.5939740508679263,6.0,0,8.0001,6.0,inf
0,4,-1.0069957123095605,0.04926331094046243,-0.5939740508679263,6.0,0,8.0001,6.0,inf
0,5,-1.0069957123095605,0.04926331094046243,-0.5939740508679263,6.0,0,8.0001,6.0,inf
1,0,1.602328595880725,-1.9140160142641962,-1.0808672913685715,3.8612999999999995,1,3.8612999999999995,6.0,inf
1,1,1.602328595880725,-1.9140160142641962,-1.0808672913685715,3.8612999999999995,1,3.8612999999999995,6.0,inf
1,2,1.602328595880725,-1.9140160142641962,-1.0808672913685715,3.8612999999999995,1,3.8612999999999995,6.0,inf
1,3,1.602328595880725,-1.9140160142641962,-1.0808672913685715,3.8612999999999995,1,3.8612999999999995,6.0,inf
1,4,1.602328595880725,-1.9140160142641962,-1.0808672913685715,3.8612999999999995,1,3.8612999999999995,6.0,inf
1,5,1.602328595880725,-1.9140160142641962,-1.0808672913685715,3.8612999999999995,1,3.8612999999999995,6.0,inf
2,0,1.9217211725046968,0.24857344535507248,-0.007452115188497577,2.2599,1,2.2599,6.0,inf
2,1,1.9217211725046968,0.24857344535507248,-0.007452115188497577,2.2599,1,2.2599,6.0,inf
2,2,1.9217211725046968,0.24857344535507248,-0.007452115188497577,2.2599,1,2.2599,6.0,inf
2,3,1.9217211725046968,0.24857344535507248,-0.007452115188497577,2.2599,1,2.2599,6.0,inf
2,4,1.9217211725046968,0.24857344535507248,-0.007452115188497577,2.2599,1,2.2599,6.0,inf
2,5,1.9217211725046968,0.24857344535507248,-0.007452115188497577,2.2599,1,2.2599,6.0,inf
3,0,-0.016221143429027838,-0.0650380405751598,-0.8105724146379091,1.5776999999999999,1,1.5776999999999999,6.0,inf
3,1,-0.016221143429027838,-0.0650380405751598,-0.8105724146379091,1.5776999999999999,1,1.5776999999999999,6.0,inf
3,2,-0.016221143429027838,-0.0650380405751598,-0.8105724146379091,1.5776999999999999,1,1.5776999999999999,6.0,inf
3,3,-0.016221143429027838,-0.0650380405751598,-0.8105724146379091,1.5776999999999999,1,1.5776999999999999,6.0,inf
3,4,-0.016221143429027838,-0.0650380405751598,-0.8105724146379091,1.5776999999999999,1,1.5776999999999999,6.0,inf
3,5,-0.016221143429027838,-0.0650380405751598,-0.8105724146379091,1.5776999999999999,1,1.5776999999999999,6.0,inf
4,0,-0.9366594614976789,0.3472719356831456,1.3583389525450316,2.3756999999999997,1,2.3756999999999997,6.0,inf
4,1,-0.9366594614976789,0.3472719356831456,1.3583389525450316,2.3756999999999997,1,2.3756999999999997,6.0,inf
4,2,-0.9366594614976789,0.3472719356831456,1.3583389525450316,2.3756999999999997,1,2.3756999999999997,6.0,inf
4,3,-0.9366594614976789,0.3472719356831456,1.3583389525450316,2.3756999999999997,1,2.3756999999999997,6.0,inf
4,4,-0.9366594614976789,0.3472719356831456,1.3583389525450316,2.3756999999999997,1,2.3756999999999997,6.0,inf
4,5,-0.9366594614976789,0.3472719356831456,1.3583389525450316,2.3756999999999997,1,2.3756999999999997,6.0,inf
5,0,-0.5908790208813801,0.515666088413878,-1.5156248519369202,3.5831999999999997,1,3.5831999999999997,6.0,inf
5,1,-0.5908790208813801,0.515666088413878,-1.5156248519369202,3.5831999999999997,1,3.5831999999999997,6.0,inf
5,2,-0.5908790208813801,0.515666088413878,-1.5156248519369202,3.5831999999999997,1,3.5831999999999997,6.0,inf
5,3,-0.5908790208813801,0.515666088413878,-1.5156248519369202,3.5831999999999997,1,3.5831999999999997,6.0,inf
5,4,-0.5908790208813801,0.515666088413878,-1.5156248519369202,3.5831999999999997,1,3.5831999999999997,6.0,inf
5,5,-0.5908790208813801,0.515666088413878,-1.5156248519369202,3.5831999999999997,1,3.5831999999999997,6.0,inf
6,0,-0.09474669010981794,-0.7770550247706102,-1.0640676082599443,3.1184999999999996,1,3.1184999999999996,6.0,inf
6,1,-0.09474669010981794,-0.7770550247706102,-1.0640676082599443,3.1184999999999996,1,3.1184999999999996,6.0,inf
6,2,-0.09474669010981794,-0.7770550247706102,-1.0640676082599443,3.1184999999999996,1,3.1184999999999996,6.0,inf
6,3,-0.09474669010981794,-0.7770550247706102,-1.0640676082599443,3.1184999999999996,1,3.1184999999999996,6.0,inf
6,4,-0.09474669010981794,-0.7770550247706102,-1.0640676082599443,3.1184999999999996,1,3.1184999999999996,6.0,inf
6,5,-0.09474669010981794,-0.7770550247706102,-1.0640676082599443,3.1184999999999996,1,3.1184999999999996,6.0,inf
7,0,-1.0893209508855617,1.0802640658693379,-0.42707727059327805,6.0,0,8.0001,6.0,inf
7,1,-1.0893209508855617,1.0802640658693379,-0.42707727059327805,6.0,0,8.0001,6.0,inf
7,2,-1.0893209508855617,1.0802640658693379,-0.42707727059327805,6.0,0,8.0001,6.0,inf
7,3,-1.0893209508855617,1.0802640658693379,-0.42707727059327805,6.0,0,8.0001,6.0,inf
7,4,-1.0893209508855617,1.0802640658693379,-0.42707727059327805,6.0,0,8.0001,6.0,inf
7,5,-1.0893209508855617,1.0802640658693379,-0.42707727059327805,6.0,0,8.0001,6.0,inf
8,0,2.1652514149447577,0.8255318709669908,0.3280104499925956,1.1303999999999998,1,1.1303999999999998,6.0,inf
8,1,2.1652514149447577,0.8255318709669908,0.3280104499925956,1.1303999999999998,1,1.1303999999999998,6.0,inf
8,2,2.1652514149447577,0.8255318709669908,0.3280104499925956,1.1303999999999998,1,1.1303999999999998,6.0,inf
8,3,2.1652514149447577,0.8255318709669908,0.3280104499925956,1.1303999999999998,1,1.1303999999999998,6.0,inf
8,4,2.1652514149447577,0.8255318709669908,0.3280104499925956,1.1303999999999998,1,1.1303999999999998,6.0,inf
8,5,2.1652514149447577,0.8255318709669908,0.3280104499925956,1.1303999999999998,1,1.1303999999999998,6.0,inf
9,0,0.2523127460663326,0.5753479804811897,-0.6366853855512752,2.8175999999999997,1,2.8175999999999997,6.0,inf
9,1,0.2523127460663326,0.5753479804811897,-0.6366853855512752,2.8175999999999997,1,2.8175999999999997,6.0,inf
9,2,0.2523127460663326,0.5753479804811897,-0.6366853855512752,2.8175999999999997,1,2.8175999999999997,6.0,inf
9,3,0.2523127460663326,0.5753479804811897,-0.6366853855512752,2.8175999999999997,1,2.8175999999999997,6.0,inf
9,4,0.2523127460663326,0.5753479804811897,-0.6366853855512752,2.8175999999999997,1,2.8175999999999997,6.0,inf
9,5,0.2523127460663326,0.5753479804811897,-0.6366853855512752,2.8175999999999997,1,2.8175999999999997,6.0,inf
10,0,1.0158472141909547,0.6900461259460418,1.8937715406106563,0.6890999999999999,1,0.6890999999999999,6.0,inf
10,1,1.0158472141909547,0.6900461259460418,1.8937715406106563,0.6890999999999999,1,0.6890999999999999,6.0,inf
10,2,1.0158472141909547,0.6900461259460418,1.8937715406106563,0.6890999999999999,1,0.6890999999999999,6.0,inf
10,3,1.0158472141909547,0.6900461259460418,1.8937715406106563,0.6890999999999999,1,0.6890999999999999,6.0,inf
10,4,1.0158472141909547,0.6900461259460418,1.8937715406106563,0.6890999999999999,1,0.6890999999999999,6.0,inf
10,5,1.0158472141909547,0.6900461259460418,1.8937715406106563,0.6890999999999999,1,0.6890999999999999,6.0,inf
11,0,0.5500287588146692,1.1297557244514473,0.6119724042485347,0.5168999999999999,1,0.5168999999999999,6.0,inf
11,1,0.5500287588146692,1.1297557244514473,0.6119724042485347,0.5168999999999999,1,0.5168999999999999,6.0,inf
11,2,0.5500287588146692,1.1297557244514473,0.6119724042485347,0.5168999999999999,1,0.5168999999999999,6.0,inf
11,3,0.5500287588146692,1.1297557244514473,0.6119724042485347,0.5168999999999999,1,0.5168999999999999,6.0,inf
11,4,0.5500287588146692,1.1297557244514473,0.6119724042485347,0.5168999999999999,1,0.5168999999999999,6.0,inf
11,5,0.5500287588146692,1.1297557244514473,0.6119724042485347,0.5168999999999999,1,0.5168999999999999,6.0,inf
12,0,1.102218269498393,0.8181147713269407,-0.4959844532543214,0.36029999999999995,1,0.36029999999999995,6.0,inf
12,1,1.102218269498393,0.8181147713269407,-0.4959844532543214,0.36029999999999995,1,0.36029999999999995,6.0,inf
12,2,1.102218269498393,0.8181147713269407,-0.4959844532543214,0.36029999999999995,1,0.36029999999999995,6.0,inf
12,3,1.102218269498393,0.8181147713269407,-0.4959844532543214,0.36029999999999995,1,0.36029999999999995,6.0,inf
12,4,1.102218269498393,0.8181147713269407,-0.4959844532543214,0.36029999999999995,1,0.36029999999999995,6.0,inf
12,5,1.102218269498393,0.8181147713269407,-0.4959844532543214,0.36029999999999995,1,0.36029999999999995,6.0,inf
13,0,0.04128375521946503,0.2437317538334264,-0.9306862037111413,3.8345999999999996,1,3.8345999999999996,6.0,inf
13,1,0.04128375521946503,0.2437317538334264,-0.9306862037111413,3.8345999999999996,1,3.8345999999999996,6.0,inf
13,2,0.04128375521946503,0.2437317538334264,-0.9306862037111413,3.8345999999999996,1,3.8345999999999996,6.0,inf
13,3,0.04128375521946503,0.2437317538334264,-0.9306862037111413,3.8345999999999996,1,3.8345999999999996,6.0,inf
13,4,0.04128375521946503,0.2437317538334264,-0.9306862037111413,3.8345999999999996,1,3.8345999999999996,6.0,inf
13,5,0.04128375521946503,0.2437317538334264,-0.9306862037111413,3.8345999999999996,1,3.8345999999999996,6.0,inf
14,0,-0.6879513400465767,0.36633628752373787,-1.2597746365810596,6.0,0,7.4879999999999995,6.0,inf
14,1,-0.6879513400465767,0.36633628752373787,-1.2597746365810596,6.0,0,7.4879999999999995,6.0,inf
14,2,-0.6879513400465767,0.36633628752373787,-1.2597746365810596,6.0,0,7.4879999999999995,6.0,inf
14,3,-0.6879513400465767,0.36633628752373787,-1.2597746365810596,6.0,0,7.4879999999999995,6.0,inf
14,4,-0.6879513400465767,0.36633628752373787,-1.2597746365810596,6.0,0,7.4879999999999995,6.0,inf
14,5,-0.6879513400465767,0.36633628752373787,-1.2597746365810596,6.0,0,7.4879999999999995,6.0,inf
15,0,1.3177444863155963,0.5023701465946961,-1.4760976800846588,2.4678,1,2.4678,6.0,inf
15,1,1.3177444863155963,0.5023701465946961,-1.4760976800846588,2.4678,1,2.4678,6.0,inf
15,2,1.3177444863155963,0.5023701465946961,-1.4760976800846588,2.4678,1,2.4678,6.0,inf
15,3,1.3177444863155963,0.5023701465946961,-1.4760976800846588,2.4678,1,2.4678,6.0,inf
15,4,1.3177444863155963,0.5023701465946961,-1.4760976800846588,2.4678,1,2.4678,6.0,inf
15,5,1.3177444863155963,0.5023701465946961,-1.4760976800846588,2.4678,1,2.4678,6.0,inf
16,0,-0.5189796537380811,-0.12685002882848226,0.6059719969946777,0.7313999999999999,1,0.7313999999999999,6.0,inf
16,1,-0.5189796537380811,-0.12685002882848226,0.6059719969946777,0.7313999999999999,1,0.7313999999999999,6.0,inf
16,2,-0.5189796537380811,-0.12685002882848226,0.6059719969946777,0.7313999999999999,1,0.7313999999999999,6.0,inf
16,3,-0.5189796537380811,-0.12685002882848226,0.6059719969946777,0.7313999999999999,1,0.7313999999999999,6.0,inf
16,4,-0.5189796537380811,-0.12685002882848226,0.6059719969946777,0.7313999999999999,1,0.7313999999999999,6.0,inf
16,5,-0.5189796537380811,-0.12685002882848226,0.6059719969946777,0.7313999999999999,1,0.7313999999999999,6.0,inf
17,0,-0.8670638540774478,1.121817050362669,-0.04883209683049061,1.1118,1,1.1118,6.0,inf
17,1,-0.8670638540774478,1.121817050362669,-0.04883209683049061,1.1118,1,1.1118,6.0,inf
17,2,-0.8670638540774478,1.121817050362669,-0.04883209683049061,1.1118,1,1.1118,6.0,inf
17,3,-0.8670638540774478,1.121817050362669,-0.04883209683049061,1.1118,1,1.1118,6.0,inf
17,4,-0.8670638540774478,1.121817050362669,-0.04883209683049061,1.1118,1,1.1118,6.0,inf
17,5,-0.8670638540774478,1.121817050362669,-0.04883209683049061,1.1118,1,1.1118,6.0,inf
18,0,1.0706436139887985,1.1055317813722698,2.1217185865743033,0.5394,1,0.5394,6.0,inf
18,1,1.0706436139887985,1.1055317813722698,2.1217185865743033,0.5394,1,0.5394,6.0,inf
18,2,1.0706436139887985,1.1055317813722698,2.1217185865743033,0.5394,1,0.5394,6.0,inf
18,3,1.0706436139887985,1.1055317813722698,2.1217185865743033,0.5394,1,0.5394,6.0,inf
18,4,1.0706436139887985,1.1055317813722698,2.1217185865743033,0.5394,1,0.5394,6.0,inf
18,5,1.0706436139887985,1.1055317813722698,2.1217185865743033,0.5394,1,0.5394,6.0,inf
19,0,-0.9588996489929633,0.5553005561533365,-0.6396020183410989,3.7484999999999995,1,3.7484999999999995,6.0,inf
19,1,-0.9588996489929633,0.5553005561533365,-0.6396020183410989,3.7484999999999995,1,3.7484999999999995,6.0,inf
19,2,-0.9588996489929633,0.5553005561533365,-0.6396020183410989,3.7484999999999995,1,3.7484999999999995,6.0,inf
19,3,-0.9588996489929633,0.5553005561533365,-0.6396020183410989,3.7484999999999995,1,3.7484999999999995,6.0,inf
19,4,-0.9588996489929633,0.5553005561533365,-0.6396020183410989,3.7484999999999995,1,3.7484999999999995,6.0,inf
19,5,-0.9588996489929633,0.5553005561533365,-0.6396020183410989,3.7484999999999995,1,3.7484999999999995,6.0,inf
20,0,-1.0910502806033386,0.07306142699387144,-1.2302976404049213,0.2964,1,0.2964,6.0,inf
20,1,-1.0910502806033386,0.07306142699387144,-1.2302976404049213,0.2964,1,0.2964,6.0,inf
20,2,-1.0910502806033386,0.07306142699387144,-1.2302976404049213,0.2964,1,0.2964,6.0,inf
20,3,-1.0910502806033386,0.07306142699387144,-1.2302976404049213,0.2964,1,0.2964,6.0,inf
20,4,-1.0910502806033386,0.07306142699387144,-1.2302976404049213,0.2964,1,0.2964,6.0,inf
20,5,-1.0910502806033386,0.07306142699387144,-1.2302976404049213,0.2964,1,0.2964,6.0,inf
21,0,1.565961097542911,2.2067860392783416,-0.9767287164051686,2.0244,1,2.0244,6.0,inf
21,1,1.565961097542911,2.2067860392783416,-0.9767287164051686,2.0244,1,2.0244,6.0,inf
21,2,1.565961097542911,2.2067860392783416,-0.9767287164051686,2.0244,1,2.0244,6.0,inf
21,3,1.565961097542911,2.2067860392783416,-0.9767287164051686,2.0244,1,2.0244,6.0,inf
21,4,1.565961097542911,2.2067860392783416,-0.9767287164051686,2.0244,1,2.0244,6.0,inf
21,5,1.565961097542911,2.2067860392783416,-0.9767287164051686,2.0244,1,2.0244,6.0,inf
22,0,0.5482751160602236,0.8577174691828716,-0.5673544294490303,0.471,1,0.471,6.0,inf
22,1,0.5482751160602236,0.8577174691828716,-0.5673544294490303,0.471,1,0.471,6.0,inf
22,2,0.5482751160602236,0.8577174691828716,-0.5673544294490303,0.471,1,0.471,6.0,inf
22,3,0.5482751160602236,0.8577174691828716,-0.5673544294490303,0.471,1,0.471,6.0,inf
22,4,0.5482751160602236,0.8577174691828716,-0.5673544294490303,0.471,1,0.471,6.0,inf
22,5,0.5482751160602236,0.8577174691828716,-0.5673544294490303,0.471,1,0.471,6.0,inf
23,0,-0.43524370251081773,0.521389794858246,0.43034488505835355,1.47,1,1.47,6.0,inf
23,1,-0.43524370251081773,0.521389794858246,0.43034488505835355,1.47,1,1.47,6.0,inf
23,2,-0.43524370251081773,0.521389794858246,0.43034488505835355,1.47,1,1.47,6.0,inf
23,3,-0.43524370251081773,0.521389794858246,0.43034488505835355,1.47,1,1.47,6.0,inf
23,4,-0.43524370251081773,0.521389794858246,0.43034488505835355,1.47,1,1.47,6.0,inf
23,5,-0.43524370251081773,0.521389794858246,0.43034488505835355,1.47,1,1.47,6.0,inf
24,0,-0.538845487048492,0.02747220277239514,-1.2721891984987606,2.1582,1,2.1582,6.0,inf
24,1,-0.538845487048492,0.02747220277239514,-1.2721891984987606,2.1582,1,2.1582,6.0,inf
24,2,-0.538845487048492,0.02747220277239514,-1.2721891984987606,2.1582,1,2.1582,6.0,inf
24,3,-0.538845487048492,0.02747220277239514,-1.2721891984987606,2.1582,1,2.1582,6.0,inf
24,4,-0.538845487048492,0.02747220277239514,-1.2721891984987606,2.1582,1,2.1582,6.0,inf
24,5,-0.538845487048492,0.02747220277239514,-1.2721891984987606,2.1582,1,2.1582,6.0,inf
25,0,-1.3845303128388617,-0.31211910757201705,0.814709892256735,6.0,0,8.0001,6.0,inf
25,1,-1.3845303128388617,-0.31211910757201705,0.814709892256735,6.0,0,8.0001,6.0,inf
25,2,-1.3845303128388617,-0.31211910757201705,0.814709892256735,6.0,0,8.0001,6.0,inf
25,3,-1.3845303128388617,-0.31211910757201705,0.814709892256735,6.0,0,8.0001,6.0,inf
25,4,-1.3845303128388617,-0.31211910757201705,0.814709892256735,6.0,0,8.0001,6.0,inf
25,5,-1.3845303128388617,-0.31211910757201705,0.814709892256735,6.0,0,8.0001,6.0,inf
26,0,1.1379533722611657,-0.409895605245078,-0.668363398772182,5.6742,1,5.6742,6.0,inf
26,1,1.1379533722611657,-0.409895605245078,-0.668363398772182,5.6742,1,5.6742,6.0,inf
26,2,1.1379533722611657,-0.409895605245078,-0.668363398772182,5.6742,1,5.6742,6.0,inf
26,3,1.1379533722611657,-0.409895605245078,-0.668363398772182,5.6742,1,5.6742,6.0,inf
26,4,1.1379533722611657,-0.409895605245078,-0.668363398772182,5.6742,1,5.6742,6.0,inf
26,5,1.1379533722611657,-0.409895605245078,-0.668363398772182,5.6742,1,5.6742,6.0,inf
27,0,0.28308731550577154,2.485480627526437,-0.29232179629799654,1.7252999999999998,1,1.7252999999999998,6.0,inf
27,1,0.28308731550577154,2.485480627526437,-0.29232179629799654,1.7252999999999998,1,1.7252999999999998,6.0,inf
27,2,0.28308731550577154,2.485480627526437,-0.29232179629799654,1.7252999999999998,1,1.7252999999999998,6.0,inf
27,3,0.28308731550577154,2.485480627526437,-0.29232179629799654,1.7252999999999998,1,1.7252999999999998,6.0,inf
27,4,0.28308731550577154,2.485480627526437,-0.29232179629799654,1.7252999999999998,1,1.7252999999999998,6.0,inf
27,5,0.28308731550577154,2.485480627526437,-0.29232179629799654,1.7252999999999998,1,1.7252999999999998,6.0,inf
28,0,0.9660583785940139,0.23171289933688713,1.0381898647026322,1.8819,1,1.8819,6.0,inf
28,1,0.9660583785940139,0.23171289933688713,1.0381898647026322,1.8819,1,1.8819,6.0,inf
28,2,0.9660583785940139,0.23171289933688713,1.0381898647026322,1.8819,1,1.8819,6.0,inf
28,3,0.9660583785940139,0.23171289933688713,1.0381898647026322,1.8819,1,1.8819,6.0,inf
28,4,0.9660583785940139,0.23171289933688713,1.0381898647026322,1.8819,1,1.8819,6.0,inf
28,5,0.9660583785940139,0.23171289933688713,1.0381898647026322,1.8819,1,1.8819,6.0,inf
29,0,1.256601258725045,-0.7568914583408863,-0.9229760830596769,5.0325,1,5.0325,6.0,inf
29,1,1.256601258725045,-0.7568914583408863,-0.9229760830596769,5.0325,1,5.0325,6.0,inf
29,2,1.256601258725045,-0.7568914583408863,-0.9229760830596769,5.0325,1,5.0325,6.0,inf
29,3,1.256601258725045,-0.7568914583408863,-0.9229760830596769,5.0325,1,5.0325,6.0,inf
29,4,1.256601258725045,-0.7568914583408863,-0.9229760830596769,5.0325,1,5.0325,6.0,inf
29,5,1.256601258725045,-0.7568914583408863,-0.9229760830596769,5.0325,1,5.0325,6.0,inf
30,0,-0.5187459780673307,0.06744491244762757,-1.2798310122024381,5.1342,1,5.1342,6.0,inf
30,1,-0.5187459780673307,0.06744491244762757,-1.2798310122024381,5.1342,1,5.1342,6.0,inf
30,2,-0.5187459780673307,0.06744491244762757,-1.2798310122024381,5.1342,1,5.1342,6.0,inf
30,3,-0.5187459780673307,0.06744491244762757,-1.2798310122024381,5.1342,1,5.1342,6.0,inf
30,4,-0.5187459780673307,0.06744491244762757,-1.2798310122024381,5.1342,1,5.1342,6.0,inf
30,5,-0.5187459780673307,0.06744491244762757,-1.2798310122024381,5.1342,1,5.1342,6.0,inf
31,0,1.2806153584810038,0.9747694578958438,1.20290006150365,0.8072999999999999,1,0.8072999999999999,6.0,inf
31,1,1.2806153584810038,0.9747694578958438,1.20290006150365,0.8072999999999999,1,0.8072999999999999,6.0,inf
31,2,1.2806153584810038,0.9747694578958438,1.20290006150365,0.8072999999999999,1,0.8072999999999999,6.0,inf
31,3,1.2806153584810038,0.9747694578958438,1.20290006150365,0.8072999999999999,1,0.8072999999999999,6.0,inf
31,4,1.2806153584810038,0.9747694578958438,1.20290006150365,0.8072999999999999,1,0.8072999999999999,6.0,inf
31,5,1.2806153584810038,0.9747694578958438,1.20290006150365,0.8072999999999999,1,0.8072999999999999,6.0,inf
32,0,0.42098210985972745,0.059996964932609594,0.32296913558600365,6.0,0,6.0767999999999995,6.0,inf
32,1,0.42098210985972745,0.059996964932609594,0.32296913558600365,6.0,0,6.0767999999999995,6.0,inf
32,2,0.42098210985972745,0.059996964932609594,0.32296913558600365,6.0,0,6.0767999999999995,6.0,inf
32,3,0.42098210985972745,0.059996964932609594,0.32296913558600365,6.0,0,6.0767999999999995,6.0,inf
32,4,0.42098210985972745,0.059996964932609594,0.32296913558600365,6.0,0,6.0767999999999995,6.0,inf
32,5,0.42098210985972745,0.059996964932609594,0.32296913558600365,6.0,0,6.0767999999999995,6.0,inf
33,0,0.5575558394390576,0.215710182941728,0.9250011926362656,0.7943999999999999,1,0.7943999999999999,6.0,inf
33,1,0.5575558394390576,0.215710182941728,0.9250011926362656,0.7943999999999999,1,0.7943999999999999,6.0,inf
33,2,0.5575558394390576,0.215710182941728,0.9250011926362656,0.7943999999999999,1,0.7943999999999999,6.0,inf
33,3,0.5575558394390576,0.215710182941728,0.9250011926362656,0.7943999999999999,1,0.7943999999999999,6.0,inf
33,4,0.5575558394390576,0.215710182941728,0.9250011926362656,0.7943999999999999,1,0.7943999999999999,6.0,inf
33,5,0.5575558394390576,0.215710182941728,0.9250011926362656,0.7943999999999999,1,0.7943999999999999,6.0,inf
34,0,-1.5600993860636352,1.649132494679097,0.44582350445047636,0.7686,1,0.7686,6.0,inf
34,1,-1.5600993860636352,1.649132494679097,0.44582350445047636,0.7686,1,0.7686,6.0,inf
34,2,-1.5600993860636352,1.649132494679097,0.44582350445047636,0.7686,1,0.7686,6.0,inf
34,3,-1.5600993860636352,1.649132494679097,0.44582350445047636,0.7686,1,0.7686,6.0,inf
34,4,-1.5600993860636352,1.649132494679097,0.44582350445047636,0.7686,1,0.7686,6.0,inf
34,5,-1.5600993860636352,1.649132494679097,0.44582350445047636,0.7686,1,0.7686,6.0,inf
35,0,0.6842252981007555,0.15812382513360135,0.8730070412686687,1.2632999999999999,1,1.2632999999999999,6.0,inf
35,1,0.6842252981007555,0.15812382513360135,0.8730070412686687,1.2632999999999999,1,1.2632999999999999,6.0,inf
35,2,0.6842252981007555,0.15812382513360135,0.8730070412686687,1.2632999999999999,1,1.2632999999999999,6.0,inf
35,3,0.6842252981007555,0.15812382513360135,0.8730070412686687,1.2632999999999999,1,1.2632999999999999,6.0,inf
35,4,0.6842252981007555,0.15812382513360135,0.8730070412686687,1.2632999999999999,1,1.2632999999999999,6.0,inf
35,5,0.6842252981007555,0.15812382513360135,0.8730070412686687,1.2632999999999999,1,1.2632999999999999,6.0,inf
36,0,-0.2915056828491435,-1.631998723336073,1.5586944005246601,4.59,1,4.59,6.0,inf
36,1,-0.2915056828491435,-1.631998723336073,1.5586944005246601,4.59,1,4.59,6.0,inf
36,2,-0.2915056828491435,-1.631998723336073,1.5586944005246601,4.59,1,4.59,6.0,inf
36,3,-0.2915056828491435,-1.631998723336073,1.5586944005246601,4.59,1,4.59,6.0,inf
36,4,-0.2915056828491435,-1.631998723336073,1.5586944005246601,4.59,1,4.59,6.0,inf
36,5,-0.2915056828491435,-1.631998723336073,1.5586944005246601,4.59,1,4.59,6.0,inf
37,0,-0.556198151654737,0.47628819198512606,-0.7051312884563526,4.8279,1,4.8279,6.0,inf
37,1,-0.556198151654737,0.47628819198512606,-0.7051312884563526,4.8279,1,4.8279,6.0,inf
37,2,-0.556198151654737,0.47628819198512606,-0.7051312884563526,4.8279,1,4.8279,6.0,inf
37,3,-0.556198151654737,0.47628819198512606,-0.7051312884563526,4.8279,1,4.8279,6.0,inf
37,4,-0.556198151654737,0.47628819198512606,-0.7051312884563526,4.8279,1,4.8279,6.0,inf
37,5,-0.556198151654737,0.47628819198512606,-0.7051312884563526,4.8279,1,4.8279,6.0,inf
38,0,0.0470954843647796,0.31076742594381196,-1.342001440083648,0.6414,1,0.6414,6.0,inf
38,1,0.0470954843647796,0.31076742594381196,-1.342001440083648,0.6414,1,0.6414,6.0,inf
38,2,0.0470954843647796,0.31076742594381196,-1.342001440083648,0.6414,1,0.6414,6.0,inf
38,3,0.0470954843647796,0.31076742594381196,-1.342001440083648,0.6414,1,0.6414,6.0,inf
38,4,0.0470954843647796,0.31076742594381196,-1.342001440083648,0.6414,1,0.6414,6.0,inf
38,5,0.0470954843647796,0.31076742594381196,-1.342001440083648,0.6414,1,0.6414,6.0,inf
39,0,-0.48099311773484954,0.7927636297984402,-0.02958871765500304,1.6796999999999997,1,1.6796999999999997,6.0,inf
39,1,-0.48099311773484954,0.7927636297984402,-0.02958871765500304,1.6796999999999997,1,1.6796999999999997,6.0,inf
39,2,-0.48099311773484954,0.7927636297984402,-0.02958871765500304,1.6796999999999997,1,1.6796999999999997,6.0,inf
39,3,-0.48099311773484954,0.7927636297984402,-0.02958871765500304,1.6796999999999997,1,1.6796999999999997,6.0,inf
39,4,-0.48099311773484954,0.7927636297984402,-0.02958871765500304,1.6796999999999997,1,1.6796999999999997,6.0,inf
39,5,-0.48099311773484954,0.7927636297984402,-0.02958871765500304,1.6796999999999997,1,1.6796999999999997,6.0,inf
40,0,-0.313896989253129,1.9210958005916696,0.37760896439529695,1.7667,1,1.7667,6.0,inf
40,1,-0.313896989253129,1.9210958005916696,0.37760896439529695,1.7667,1,1.7667,6.0,inf
40,2,-0.313896989253129,1.9210958005916696,0.37760896439529695,1.7667,1,1.7667,6.0,inf
40,3,-0.313896989253129,1.9210958005916696,0.37760896439529695,1.7667,1,1.7667,6.0,inf
40,4,-0.313896989253129,1.9210958005916696,0.37760896439529695,1.7667,1,1.7667,6.0,inf
40,5,-0.313896989253129,1.9210958005916696,0.37760896439529695,1.7667,1,1.7667,6.0,inf
41,0,-0.7723891472532355,-2.4455765325507883,-1.875267513668826,4.8561,1,4.8561,6.0,inf
41,1,-0.7723891472532355,-2.4455765325507883,-1.875267513668826,4.8561,1,4.8561,6.0,inf
41,2,-0.7723891472532355,-2.4455765325507883,-1.875267513668826,4.8561,1,4.8561,6.0,inf
41,3,-0.7723891472532355,-2.4455765325507883,-1.875267513668826,4.8561,1,4.8561,6.0,inf
41,4,-0.7723891472532355,-2.4455765325507883,-1.875267513668826,4.8561,1,4.8561,6.0,inf
41,5,-0.7723891472532355,-2.4455765325507883,-1.875267513668826,4.8561,1,4.8561,6.0,inf
42,0,-0.6514053959414866,-0.4360949183503815,0.6697452593259129,5.0588999999999995,1,5.0588999999999995,6.0,inf
42,1,-0.6514053959414866,-0.4360949183503815,0.6697452593259129,5.0588999999999995,1,5.0588999999999995,6.0,inf
42,2,-0.6514053959414866,-0.4360949183503815,0.6697452593259129,5.0588999999999995,1,5.0588999999999995,6.0,inf
42,3,-0.6514053959414866,-0.4360949183503815,0.6697452593259129,5.0588999999999995,1,5.0588999999999995,6.0,inf
42,4,-0.6514053959414866,-0.4360949183503815,0.6697452593259129,5.0588999999999995,1,5.0588999999999995,6.0,inf
42,5,-0.6514053959414866,-0.4360949183503815,0.6697452593259129,5.0588999999999995,1,5.0588999999999995,6.0,inf
43,0,0.022550233906600433,1.4247161066956446,1.4012315063482361,1.3967999999999998,1,1.3967999999999998,6.0,inf
43,1,0.022550233906600433,1.4247161066956446,1.4012315063482361,1.3967999999999998,1,1.3967999999999998,6.0,inf
43,2,0.022550233906600433,1.4247161066956446,1.4012315063482361,1.3967999999999998,1,1.3967999999999998,6.0,inf
43,3,0.022550233906600433,1.4247161066956446,1.4012315063482361,1.3967999999999998,1,1.3967999999999998,6.0,inf
43,4,0.022550233906600433,1.4247161066956446,1.4012315063482361,1.3967999999999998,1,1.3967999999999998,6.0,inf
43,5,0.022550233906600433,1.4247161066956446,1.4012315063482361,1.3967999999999998,1,1.3967999999999998,6.0,inf
44,0,1.7807030566738364,-1.3560146235340522,0.9556146932040234,0.21239999999999998,1,0.21239999999999998,6.0,inf
44,1,1.7807030566738364,-1.3560146235340522,0.9556146932040234,0.21239999999999998,1,0.21239999999999998,6.0,inf
44,2,1.7807030566738364,-1.3560146235340522,0.9556146932040234,0.21239999999999998,1,0.21239999999999998,6.0,inf
44,3,1.7807030566738364,-1.3560146235340522,0.9556146932040234,0.21239999999999998,1,0.21239999999999998,6.0,inf
44,4,1.7807030566738364,-1.3560146235340522,0.9556146932040234,0.21239999999999998,1,0.21239999999999998,6.0,inf
44,5,1.7807030566738364,-1.3560146235340522,0.9556146932040234,0.21239999999999998,1,0.21239999999999998,6.0,inf
45,0,-1.5453684450631444,-1.7912888933150106,-0.30271606164076853,1.6487999999999998,1,1.6487999999999998,6.0,inf
45,1,-1.5453684450631444,-1.7912888933150106,-0.30271606164076853,1.6487999999999998,1,1.6487999999999998,6.0,inf
45,2,-1.5453684450631444,-1.7912888933150106,-0.30271606164076853,1.6487999999999998,1,1.6487999999999998,6.0,inf
45,3,-1.5453684450631444,-1.7912888933150106,-0.30271606164076853,1.6487999999999998,1,1.6487999999999998,6.0,inf
45,4,-1.5453684450631444,-1.7912888933150106,-0.30271606164076853,1.6487999999999998,1,1.6487999999999998,6.0,inf
45,5,-1.5453684450631444,-1.7912888933150106,-0.30271606164076853,1.6487999999999998,1,1.6487999999999998,6.0,inf
46,0,-2.4382344591190774,-1.8035870288197602,-0.4725006075863985,6.0,0,8.0001,6.0,inf
46,1,-2.4382344591190774,-1.8035870288197602,-0.4725006075863985,6.0,0,8.0001,6.0,inf
46,2,-2.4382344591190774,-1.8035870288197602,-0.4725006075863985,6.0,0,8.0001,6.0,inf
46,3,-2.4382344591190774,-1.8035870288197602,-0.4725006075863985,6.0,0,8.0001,6.0,inf
46,4,-2.4382344591190774,-1.8035870288197602,-0.4725006075863985,6.0,0,8.0001,6.0,inf
46,5,-2.4382344591190774,-1.8035870288197602,-0.4725006075863985,6.0,0,8.0001,6.0,inf
47,0,-0.1584341128897647,-0.27625758167026165,-0.6424935935826768,5.9529,1,5.9529,6.0,inf
47,1,-0.1584341128897647,-0.27625758167026165,-0.6424935935826768,5.9529,1,5.9529,6.0,inf
47,2,-0.1584341128897647,-0.27625758167026165,-0.6424935935826768,5.9529,1,5.9529,6.0,inf
47,3,-0.1584341128897647,-0.27625758167026165,-0.6424935935826768,5.9529,1,5.9529,6.0,inf
47,4,-0.1584341128897647,-0.27625758167026165,-0.6424935935826768,5.9529,1,5.9529,6.0,inf
47,5,-0.1584341128897647,-0.27625758167026165,-0.6424935935826768,5.9529,1,5.9529,6.0,inf
48,0,0.8606842261366942,-1.0799738661510356,0.7305872249090686,3.2186999999999997,1,3.2186999999999997,6.0,inf
48,1,0.8606842261366942,-1.0799738661510356,0.7305872249090686,3.2186999999999997,1,3.2186999999999997,6.0,inf
48,2,0.8606842261366942,-1.0799738661510356,0.7305872249090686,3.2186999999999997,1,3.2186999999999997,6.0,inf
48,3,0.8606842261366942,-1.0799738661510356,0.7305872249090686,3.2186999999999997,1,3.2186999999999997,6.0,inf
48,4,0.8606842261366942,-1.0799738661510356,0.7305872249090686,3.2186999999999997,1,3.2186999999999997,6.0,inf
48,5,0.8606842261366942,-1.0799738661510356,0.7305872249090686,3.2186999999999997,1,3.2186999999999997,6.0,inf
49,0,-0.4095496501287096,0.24223490951129292,0.029678920800842497,1.2066,1,1.2066,6.0,inf
49,1,-0.4095496501287096,0.24223490951129292,0.029678920800842497,1.2066,1,1.2066,6.0,inf
49,2,-0.4095496501287096,0.24223490951129292,0.029678920800842497,1.2066,1,1.2066,6.0,inf
49,3,-0.4095496501287096,0.24223490951129292,0.029678920800842497,1.2066,1,1.2066,6.0,inf
49,4,-0.4095496501287096,0.24223490951129292,0.029678920800842497,1.2066,1,1.2066,6.0,inf
49,5,-0.4095496501287096,0.24223490951129292,0.029678920800842497,1.2066,1,1.2066,6.0,inf
50,0,-2.418693116310459,-1.134048563210179,-1.0438652596797804,6.0,0,8.0001,6.0,inf
50,1,-2.418693116310459,-1.134048563210179,-1.0438652596797804,6.0,0,8.0001,6.0,inf
50,2,-2.418693116310459,-1.134048563210179,-1.0438652596797804,6.0,0,8.0001,6.0,inf
50,3,-2.418693116310459,-1.134048563210179,-1.0438652596797804,6.0,0,8.0001,6.0,inf
50,4,-2.418693116310459,-1.134048563210179,-1.0438652596797804,6.0,0,8.0001,6.0,inf
50,5,-2.418693116310459,-1.134048563210179,-1.0438652596797804,6.0,0,8.0001,6.0,inf
51,0,-0.9015266669861166,-0.5652051556393562,0.3475220929124538,4.5366,1,4.5366,6.0,inf
51,1,-0.9015266669861166,-0.5652051556393562,0.3475220929124538,4.5366,1,4.5366,6.0,inf
51,2,-0.9015266669861166,-0.5652051556393562,0.3475220929124538,4.5366,1,4.5366,6.0,inf
51,3,-0.9015266669861166,-0.5652051556393562,0.3475220929124538,4.5366,1,4.5366,6.0,inf
51,4,-0.9015266669861166,-0.5652051556393562,0.3475220929124538,4.5366,1,4.5366,6.0,inf
51,5,-0.9015266669861166,-0.5652051556393562,0.3475220929124538,4.5366,1,4.5366,6.0,inf
52,0,-0.901056947840191,-0.7762471705048718,0.4124050848046667,3.0119999999999996,1,3.0119999999999996,6.0,inf
52,1,-0.901056947840191,-0.7762471705048718,0.4124050848046667,3.0119999999999996,1,3.0119999999999996,6.0,inf
52,2,-0.901056947840191,-0.7762471705048718,0.4124050848046667,3.0119999999999996,1,3.0119999999999996,6.0,inf
52,3,-0.901056947840191,-0.7762471705048718,0.4124050848046667,3.0119999999999996,1,3.0119999999999996,6.0,inf
52,4,-0.901056947840191,-0.7762471705048718,0.4124050848046667,3.0119999999999996,1,3.0119999999999996,6.0,inf
52,5,-0.901056947840191,-0.7762471705048718,0.4124050848046667,3.0119999999999996,1,3.0119999999999996,6.0,inf
53,0,-1.8977986521297663,-1.1131805948287892,-2.742001550271713,3.8672999999999997,1,3.8672999999999997,6.0,inf
53,1,-1.8977986521297663,-1.1131805948287892,-2.742001550271713,3.8672999999999997,1,3.8672999999999997,6.0,inf
53,2,-1.8977986521297663,-1.1131805948287892,-2.742001550271713,3.8672999999999997,1,3.8672999999999997,6.0,inf
53,3,-1.8977986521297663,-1.1131805948287892,-2.742001550271713,3.8672999999999997,1,3.8672999999999997,6.0,inf
53,4,-1.8977986521297663,-1.1131805948287892,-2.742001550271713,3.8672999999999997,1,3.8672999999999997,6.0,inf
53,5,-1.8977986521297663,-1.1131805948287892,-2.742001550271713,3.8672999999999997,1,3.8672999999999997,6.0,inf
54,0,0.6583677347527193,-0.9468088941912103,-1.4097705901917768,3.7034999999999996,1,3.7034999999999996,6.0,inf
54,1,0.6583677347527193,-0.9468088941912103,-1.4097705901917768,3.7034999999999996,1,3.7034999999999996,6.0,inf
54,2,0.6583677347527193,-0.9468088941912103,-1.4097705901917768,3.7034999999999996,1,3.7034999999999996,6.0,inf
54,3,0.6583677347527193,-0.9468088941912103,-1.4097705901917768,3.7034999999999996,1,3.7034999999999996,6.0,inf
54,4,0.6583677347527193,-0.9468088941912103,-1.4097705901917768,3.7034999999999996,1,3.7034999999999996,6.0,inf
54,5,0.6583677347527193,-0.9468088941912103,-1.4097705901917768,3.7034999999999996,1,3.7034999999999996,6.0,inf
55,0,0.28662265589221225,0.572632522626899,-0.15744410101363088,2.529,1,2.529,6.0,inf
55,1,0.28662265589221225,0.572632522626899,-0.15744410101363088,2.529,1,2.529,6.0,inf
55,2,0.28662265589221225,0.572632522626899,-0.15744410101363088,2.529,1,2.529,6.0,inf
55,3,0.28662265589221225,0.572632522626899,-0.15744410101363088,2.529,1,2.529,6.0,inf
55,4,0.28662265589221225,0.572632522626899,-0.15744410101363088,2.529,1,2.529,6.0,inf
55,5,0.28662265589221225,0.572632522626899,-0.15744410101363088,2.529,1,2.529,6.0,inf
56,0,-1.2818959057102501,0.010610968539440822,1.3724735013991034,3.4667999999999997,1,3.4667999999999997,6.0,inf
56,1,-1.2818959057102501,0.010610968539440822,1.3724735013991034,3.4667999999999997,1,3.4667999999999997,6.0,inf
56,2,-1.2818959057102501,0.010610968539440822,1.3724735013991034,3.4667999999999997,1,3.4667999999999997,6.0,inf
56,3,-1.2818959057102501,0.010610968539440822,1.3724735013991034,3.4667999999999997,1,3.4667999999999997,6.0,inf
56,4,-1.2818959057102501,0.010610968539440822,1.3724735013991034,3.4667999999999997,1,3.4667999999999997,6.0,inf
56,5,-1.2818959057102501,0.010610968539440822,1.3724735013991034,3.4667999999999997,1,3.4667999999999997,6.0,inf
57,0,0.6695304300912742,0.41216636185365874,-0.4201467586142389,0.5831999999999999,1,0.5831999999999999,6.0,inf
57,1,0.6695304300912742,0.41216636185365874,-0.4201467586142389,0.5831999999999999,1,0.5831999999999999,6.0,inf
57,2,0.6695304300912742,0.41216636185365874,-0.4201467586142389,0.5831999999999999,1,0.5831999999999999,6.0,inf
57,3,0.6695304300912742,0.41216636185365874,-0.4201467586142389,0.5831999999999999,1,0.5831999999999999,6.0,inf
57,4,0.6695304300912742,0.41216636185365874,-0.4201467586142389,0.5831999999999999,1,0.5831999999999999,6.0,inf
57,5,0.6695304300912742,0.41216636185365874,-0.4201467586142389,0.5831999999999999,1,0.5831999999999999,6.0,inf
58,0,-0.5784769342469479,-0.7759598851438374,0.18594513989124425,4.803,1,4.803,6.0,inf
58,1,-0.5784769342469479,-0.7759598851438374,0.18594513989124425,4.803,1,4.803,6.0,inf
58,2,-0.5784769342469479,-0.7759598851438374,0.18594513989124425,4.803,1,4.803,6.0,inf
58,3,-0.5784769342469479,-0.7759598851438374,0.18594513989124425,4.803,1,4.803,6.0,inf
58,4,-0.5784769342469479,-0.7759598851438374,0.18594513989124425,4.803,1,4.803,6.0,inf
58,5,-0.5784769342469479,-0.7759598851438374,0.18594513989124425,4.803,1,4.803,6.0,inf
59,0,1.4173575006912857,-0.8627234937559459,0.11121679169551958,2.4785999999999997,1,2.4785999999999997,6.0,inf
59,1,1.4173575006912857,-0.8627234937559459,0.11121679169551958,2.4785999999999997,1,2.4785999999999997,6.0,inf
59,2,1.4173575006912857,-0.8627234937559459,0.11121679169551958,2.4785999999999997,1,2.4785999999999997,6.0,inf
59,3,1.4173575006912857,-0.8627234937559459,0.11121679169551958,2.4785999999999997,1,2.4785999999999997,6.0,inf
59,4,1.4173575006912857,-0.8627234937559459,0.11121679169551958,2.4785999999999997,1,2.4785999999999997,6.0,inf
59,5,1.4173575006912857,-0.8627234937559459,0.11121679169551958,2.4785999999999997,1,2.4785999999999997,6.0,inf
60,0,0.6559478074982599,-0.7828063632446078,-0.14302935495790609,1.3442999999999998,1,1.3442999999999998,6.0,inf
60,1,0.6559478074982599,-0.7828063632446078,-0.14302935495790609,1.3442999999999998,1,1.3442999999999998,6.0,inf
60,2,0.6559478074982599,-0.7828063632446078,-0.14302935495790609,1.3442999999999998,1,1.3442999999999998,6.0,inf
60,3,0.6559478074982599,-0.7828063632446078,-0.14302935495790609,1.3442999999999998,1,1.3442999999999998,6.0,inf
60,4,0.6559478074982599,-0.7828063632446078,-0.14302935495790609,1.3442999999999998,1,1.3442999999999998,6.0,inf
60,5,0.6559478074982599,-0.7828063632446078,-0.14302935495790609,1.3442999999999998,1,1.3442999999999998,6.0,inf
61,0,1.828725513735258,-0.5046013132721421,-0.2558163373739044,3.3903,1,3.3903,6.0,inf
61,1,1.828725513735258,-0.5046013132721421,-0.2558163373739044,3.3903,1,3.3903,6.0,inf
61,2,1.828725513735258,-0.5046013132721421,-0.2558163373739044,3.3903,1,3.3903,6.0,inf
61,3,1.828725513735258,-0.5046013132721421,-0.2558163373739044,3.3903,1,3.3903,6.0,inf
61,4,1.828725513735258,-0.5046013132721421,-0.2558163373739044,3.3903,1,3.3903,6.0,inf
61,5,1.828725513735258,-0.5046013132721421,-0.2558163373739044,3.3903,1,3.3903,6.0,inf
62,0,-0.06729318708885566,0.02537780905700752,0.14807615400062643,1.4667,1,1.4667,6.0,inf
62,1,-0.06729318708885566,0.02537780905700752,0.14807615400062643,1.4667,1,1.4667,6.0,inf
62,2,-0.06729318708885566,0.02537780905700752,0.14807615400062643,1.4667,1,1.4667,6.0,inf
62,3,-0.06729318708885566,0.02537780905700752,0.14807615400062643,1.4667,1,1.4667,6.0,inf
62,4,-0.06729318708885566,0.02537780905700752,0.14807615400062643,1.4667,1,1.4667,6.0,inf
62,5,-0.06729318708885566,0.02537780905700752,0.14807615400062643,1.4667,1,1.4667,6.0,inf
63,0,0.8750735754812197,0.177020609234532,-0.16676437506256617,2.6801999999999997,1,2.6801999999999997,6.0,inf
63,1,0.8750735754812197,0.177020609234532,-0.16676437506256617,2.6801999999999997,1,2.6801999999999997,6.0,inf
63,2,0.8750735754812197,0.177020609234532,-0.16676437506256617,2.6801999999999997,1,2.6801999999999997,6.0,inf
63,3,0.8750735754812197,0.177020609234532,-0.16676437506256617,2.6801999999999997,1,2.6801999999999997,6.0,inf
63,4,0.8750735754812197,0.177020609234532,-0.16676437506256617,2.6801999999999997,1,2.6801999999999997,6.0,inf
63,5,0.8750735754812197,0.177020609234532,-0.16676437506256617,2.6801999999999997,1,2.6801999999999997,6.0,inf
64,0,-0.7160796305798096,1.980928457496555,-1.2748649392940987,0.8148,1,0.8148,6.0,inf
64,1,-0.7160796305798096,1.980928457496555,-1.2748649392940987,0.8148,1,0.8148,6.0,inf
64,2,-0.7160796305798096,1.980928457496555,-1.2748649392940987,0.8148,1,0.8148,6.0,inf
64,3,-0.7160796305798096,1.980928457496555,-1.2748649392940987,0.8148,1,0.8148,6.0,inf
64,4,-0.7160796305798096,1.980928457496555,-1.2748649392940987,0.8148,1,0.8148,6.0,inf
64,5,-0.7160796305798096,1.980928457496555,-1.2748649392940987,0.8148,1,0.8148,6.0,inf
65,0,-0.012268000591019962,2.7070450248253977,-0.8715079757178484,0.6405,1,0.6405,6.0,inf
65,1,-0.012268000591019962,2.7070450248253977,-0.8715079757178484,0.6405,1,0.6405,6.0,inf
65,2,-0.012268000591019962,2.7070450248253977,-0.8715079757178484,0.6405,1,0.6405,6.0,inf
65,3,-0.012268000591019962,2.7070450248253977,-0.8715079757178484,0.6405,1,0.6405,6.0,inf
65,4,-0.012268000591019962,2.7070450248253977,-0.8715079757178484,0.6405,1,0.6405,6.0,inf
65,5,-0.012268000591019962,2.7070450248253977,-0.8715079757178484,0.6405,1,0.6405,6.0,inf
66,0,0.6078565982222328,0.1337154023360857,-0.8249776856294405,0.049499999999999995,1,0.049499999999999995,6.0,inf
66,1,0.6078565982222328,0.1337154023360857,-0.8249776856294405,0.049499999999999995,1,0.049499999999999995,6.0,inf
66,2,0.6078565982222328,0.1337154023360857,-0.8249776856294405,0.049499999999999995,1,0.049499999999999995,6.0,inf
66,3,0.6078565982222328,0.1337154023360857,-0.8249776856294405,0.049499999999999995,1,0.049499999999999995,6.0,inf
66,4,0.6078565982222328,0.1337154023360857,-0.8249776856294405,0.049499999999999995,1,0.049499999999999995,6.0,inf
66,5,0.6078565982222328,0.1337154023360857,-0.8249776856294405,0.049499999999999995,1,0.049499999999999995,6.0,inf
67,0,0.1882822099754331,-0.41106169230713824,1.295648476152705,2.4080999999999997,1,2.4080999999999997,6.0,inf
67,1,0.1882822099754331,-0.41106169230713824,1.295648476152705,2.4080999999999997,1,2.4080999999999997,6.0,inf
67,2,0.1882822099754331,-0.41106169230713824,1.295648476152705,2.4080999999999997,1,2.4080999999999997,6.0,inf
67,3,0.1882822099754331,-0.41106169230713824,1.295648476152705,2.4080999999999997,1,2.4080999999999997,6.0,inf
67,4,0.1882822099754331,-0.41106169230713824,1.295648476152705,2.4080999999999997,1,2.4080999999999997,6.0,inf
67,5,0.1882822099754331,-0.41106169230713824,1.295648476152705,2.4080999999999997,1,2.4080999999999997,6.0,inf
68,0,-0.002684592868637023,-1.0971748155261547,0.6130373143013759,4.4685,1,4.4685,6.0,inf
68,1,-0.002684592868637023,-1.0971748155261547,0.6130373143013759,4.4685,1,4.4685,6.0,inf
68,2,-0.002684592868637023,-1.0971748155261547,0.6130373143013759,4.4685,1,4.4685,6.0,inf
68,3,-0.002684592868637023,-1.0971748155261547,0.6130373143013759,4.4685,1,4.4685,6.0,inf
68,4,-0.002684592868637023,-1.0971748155261547,0.6130373143013759,4.4685,1,4.4685,6.0,inf
68,5,-0.002684592868637023,-1.0971748155261547,0.6130373143013759,4.4685,1,4.4685,6.0,inf
69,0,0.32646189500789735,0.7011628981944906,-0.979413612399988,4.133699999999999,1,4.133699999999999,6.0,inf
69,1,0.32646189500789735,0.7011628981944906,-0.979413612399988,4.133699999999999,1,4.133699999999999,6.0,inf
69,2,0.32646189500789735,0.7011628981944906,-0.979413612399988,4.133699999999999,1,4.133699999999999,6.0,inf
69,3,0.32646189500789735,0.7011628981944906,-0.979413612399988,4.133699999999999,1,4.133699999999999,6.0,inf
69,4,0.32646189500789735,0.7011628981944906,-0.979413612399988,4.133699999999999,1,4.133699999999999,6.0,inf
69,5,0.32646189500789735,0.7011628981944906,-0.979413612399988,4.133699999999999,1,4.133699999999999,6.0,inf
70,0,-0.10719997963650417,-0.4692802532572278,-0.46573810527065945,6.0,0,6.573599999999999,6.0,inf
70,1,-0.10719997963650417,-0.4692802532572278,-0.46573810527065945,6.0,0,6.573599999999999,6.0,inf
70,2,-0.10719997963650417,-0.4692802532572278,-0.46573810527065945,6.0,0,6.573599999999999,6.0,inf
70,3,-0.10719997963650417,-0.4692802532572278,-0.46573810527065945,6.0,0,6.573599999999999,6.0,inf
70,4,-0.10719997963650417,-0.4692802532572278,-0.46573810527065945,6.0,0,6.573599999999999,6.0,inf
70,5,-0.10719997963650417,-0.4692802532572278,-0.46573810527065945,6.0,0,6.573599999999999,6.0,inf
71,0,-0.805810618368702,-1.3535080765588856,-0.7518415258438575,1.6542,1,1.6542,6.0,inf
71,1,-0.805810618368702,-1.3535080765588856,-0.7518415258438575,1.6542,1,1.6542,6.0,inf
71,2,-0.805810618368702,-1.3535080765588856,-0.7518415258438575,1.6542,1,1.6542,6.0,inf
71,3,-0.805810618368702,-1.3535080765588856,-0.7518415258438575,1.6542,1,1.6542,6.0,inf
71,4,-0.805810618368702,-1.3535080765588856,-0.7518415258438575,1.6542,1,1.6542,6.0,inf
71,5,-0.805810618368702,-1.3535080765588856,-0.7518415258438575,1.6542,1,1.6542,6.0,inf
72,0,0.23040216433124386,-0.40202166007076456,-1.8658467866079285,5.2505999999999995,1,5.2505999999999995,6.0,inf
72,1,0.23040216433124386,-0.40202166007076456,-1.8658467866079285,5.2505999999999995,1,5.2505999999999995,6.0,inf
72,2,0.23040216433124386,-0.40202166007076456,-1.8658467866079285,5.2505999999999995,1,5.2505999999999995,6.0,inf
72,3,0.23040216433124386,-0.40202166007076456,-1.8658467866079285,5.2505999999999995,1,5.2505999999999995,6.0,inf
72,4,0.23040216433124386,-0.40202166007076456,-1.8658467866079285,5.2505999999999995,1,5.2505999999999995,6.0,inf
72,5,0.23040216433124386,-0.40202166007076456,-1.8658467866079285,5.2505999999999995,1,5.2505999999999995,6.0,inf
73,0,-0.07413234863274788,0.900044531124658,-1.0374702466547852,3.8432999999999997,1,3.8432999999999997,6.0,inf
73,1,-0.07413234863274788,0.900044531124658,-1.0374702466547852,3.8432999999999997,1,3.8432999999999997,6.0,inf
73,2,-0.07413234863274788,0.900044531124658,-1.0374702466547852,3.8432999999999997,1,3.8432999999999997,6.0,inf
73,3,-0.07413234863274788,0.900044531124658,-1.0374702466547852,3.8432999999999997,1,3.8432999999999997,6.0,inf
73,4,-0.07413234863274788,0.900044531124658,-1.0374702466547852,3.8432999999999997,1,3.8432999999999997,6.0,inf
73,5,-0.07413234863274788,0.900044531124658,-1.0374702466547852,3.8432999999999997,1,3.8432999999999997,6.0,inf
74,0,0.19115423643220517,-0.615543711461673,0.38983087049951526,1.3199999999999998,1,1.3199999999999998,6.0,inf
74,1,0.19115423643220517,-0.615543711461673,0.38983087049951526,1.3199999999999998,1,1.3199999999999998,6.0,inf
74,2,0.19115423643220517,-0.615543711461673,0.38983087049951526,1.3199999999999998,1,1.3199999999999998,6.0,inf
74,3,0.19115423643220517,-0.615543711461673,0.38983087049951526,1.3199999999999998,1,1.3199999999999998,6.0,inf
74,4,0.19115423643220517,-0.615543711461673,0.38983087049951526,1.3199999999999998,1,1.3199999999999998,6.0,inf
74,5,0.19115423643220517,-0.615543711461673,0.38983087049951526,1.3199999999999998,1,1.3199999999999998,6.0,inf
75,0,-0.23658446031282704,0.38695448641056684,-0.16751721611233616,2.4377999999999997,1,2.4377999999999997,6.0,inf
75,1,-0.23658446031282704,0.38695448641056684,-0.16751721611233616,2.4377999999999997,1,2.4377999999999997,6.0,inf
75,2,-0.23658446031282704,0.38695448641056684,-0.16751721611233616,2.4377999999999997,1,2.4377999999999997,6.0,inf
75,3,-0.23658446031282704,0.38695448641056684,-0.16751721611233616,2.4377999999999997,1,2.4377999999999997,6.0,inf
75,4,-0.23658446031282704,0.38695448641056684,-0.16751721611233616,2.4377999999999997,1,2.4377999999999997,6.0,inf
75,5,-0.23658446031282704,0.38695448641056684,-0.16751721611233616,2.4377999999999997,1,2.4377999999999997,6.0,inf
76,0,0.46227935680636695,0.2992671478315638,1.026252283221756,2.1087,1,2.1087,6.0,inf
76,1,0.46227935680636695,0.2992671478315638,1.026252283221756,2.1087,1,2.1087,6.0,inf
76,2,0.46227935680636695,0.2992671478315638,1.026252283221756,2.1087,1,2.1087,6.0,inf
76,3,0.46227935680636695,0.2992671478315638,1.026252283221756,2.1087,1,2.1087,6.0,inf
76,4,0.46227935680636695,0.2992671478315638,1.026252283221756,2.1087,1,2.1087,6.0,inf
76,5,0.46227935680636695,0.2992671478315638,1.026252283221756,2.1087,1,2.1087,6.0,inf
77,0,-0.07565808306189124,1.0487944556388584,-0.24844171029853615,0.9332999999999999,1,0.9332999999999999,6.0,inf
77,1,-0.07565808306189124,1.0487944556388584,-0.24844171029853615,0.9332999999999999,1,0.9332999999999999,6.0,inf
77,2,-0.07565808306189124,1.0487944556388584,-0.24844171029853615,0.9332999999999999,1,0.9332999999999999,6.0,inf
77,3,-0.07565808306189124,1.0487944556388584,-0.24844171029853615,0.9332999999999999,1,0.9332999999999999,6.0,inf
77,4,-0.07565808306189124,1.0487944556388584,-0.24844171029853615,0.9332999999999999,1,0.9332999999999999,6.0,inf
77,5,-0.07565808306189124,1.0487944556388584,-0.24844171029853615,0.9332999999999999,1,0.9332999999999999,6.0,inf
78,0,-1.914189720937439,-0.6383851695054614,0.42622333207311575,4.625699999999999,1,4.625699999999999,6.0,inf
78,1,-1.914189720937439,-0.6383851695054614,0.42622333207311575,4.625699999999999,1,4.625699999999999,6.0,inf
78,2,-1.914189720937439,-0.6383851695054614,0.42622333207311575,4.625699999999999,1,4.625699999999999,6.0,inf
78,3,-1.914189720937439,-0.6383851695054614,0.42622333207311575,4.625699999999999,1,4.625699999999999,6.0,inf
78,4,-1.914189720937439,-0.6383851695054614,0.42622333207311575,4.625699999999999,1,4.625699999999999,6.0,inf
78,5,-1.914189720937439,-0.6383851695054614,0.42622333207311575,4.625699999999999,1,4.625699999999999,6.0,inf
79,0,0.6326746582101228,0.5285773130417946,0.9053836472440436,2.2902,1,2.2902,6.0,inf
79,1,0.6326746582101228,0.5285773130417946,0.9053836472440436,2.2902,1,2.2902,6.0,inf
79,2,0.6326746582101228,0.5285773130417946,0.9053836472440436,2.2902,1,2.2902,6.0,inf
79,3,0.6326746582101228,0.5285773130417946,0.9053836472440436,2.2902,1,2.2902,6.0,inf
79,4,0.6326746582101228,0.5285773130417946,0.9053836472440436,2.2902,1,2.2902,6.0,inf
79,5,0.6326746582101228,0.5285773130417946,0.9053836472440436,2.2902,1,2.2902,6.0,inf
80,0,0.3312868545443072,0.43733098358129047,0.38375760338365045,2.154,1,2.154,6.0,inf
80,1,0.3312868545443072,0.43733098358129047,0.38375760338365045,2.154,1,2.154,6.0,inf
80,2,0.3312868545443072,0.43733098358129047,0.38375760338365045,2.154,1,2.154,6.0,inf
80,3,0.3312868545443072,0.43733098358129047,0.38375760338365045,2.154,1,2.154,6.0,inf
80,4,0.3312868545443072,0.43733098358129047,0.38375760338365045,2.154,1,2.154,6.0,inf
80,5,0.3312868545443072,0.43733098358129047,0.38375760338365045,2.154,1,2.154,6.0,inf
81,0,-0.7343319801570872,0.29839027828829234,-0.9393060520484375,2.9469,1,2.9469,6.0,inf
81,1,-0.7343319801570872,0.29839027828829234,-0.9393060520484375,2.9469,1,2.9469,6.0,inf
81,2,-0.7343319801570872,0.29839027828829234,-0.9393060520484375,2.9469,1,2.9469,6.0,inf
81,3,-0.7343319801570872,0.29839027828829234,-0.9393060520484375,2.9469,1,2.9469,6.0,inf
81,4,-0.7343319801570872,0.29839027828829234,-0.9393060520484375,2.9469,1,2.9469,6.0,inf
81,5,-0.7343319801570872,0.29839027828829234,-0.9393060520484375,2.9469,1,2.9469,6.0,inf
82,0,0.9637162334296197,-0.6284458321043085,1.072700816496483,1.1538,1,1.1538,6.0,inf
82,1,0.9637162334296197,-0.6284458321043085,1.072700816496483,1.1538,1,1.1538,6.0,inf
82,2,0.9637162334296197,-0.6284458321043085,1.072700816496483,1.1538,1,1.1538,6.0,inf
82,3,0.9637162334296197,-0.6284458321043085,1.072700816496483,1.1538,1,1.1538,6.0,inf
82,4,0.9637162334296197,-0.6284458321043085,1.072700816496483,1.1538,1,1.1538,6.0,inf
82,5,0.9637162334296197,-0.6284458321043085,1.072700816496483,1.1538,1,1.1538,6.0,inf
83,0,0.4559894072329532,-1.3928932086577592,-2.0555504053826374,3.03,1,3.03,6.0,inf
83,1,0.4559894072329532,-1.3928932086577592,-2.0555504053826374,3.03,1,3.03,6.0,inf
83,2,0.4559894072329532,-1.3928932086577592,-2.0555504053826374,3.03,1,3.03,6.0,inf
83,3,0.4559894072329532,-1.3928932086577592,-2.0555504053826374,3.03,1,3.03,6.0,inf
83,4,0.4559894072329532,-1.3928932086577592,-2.0555504053826374,3.03,1,3.03,6.0,inf
83,5,0.4559894072329532,-1.3928932086577592,-2.0555504053826374,3.03,1,3.03,6.0,inf
84,0,1.4141653558440488,0.13506684556697457,1.1541940762499379,1.0413,1,1.0413,6.0,inf
84,1,1.4141653558440488,0.13506684556697457,1.1541940762499379,1.0413,1,1.0413,6.0,inf
84,2,1.4141653558440488,0.13506684556697457,1.1541940762499379,1.0413,1,1.0413,6.0,inf
84,3,1.4141653558440488,0.13506684556697457,1.1541940762499379,1.0413,1,1.0413,6.0,inf
84,4,1.4141653558440488,0.13506684556697457,1.1541940762499379,1.0413,1,1.0413,6.0,inf
84,5,1.4141653558440488,0.13506684556697457,1.1541940762499379,1.0413,1,1.0413,6.0,inf
85,0,0.7526258842663467,0.4826326864374702,0.5093479308155728,1.2449999999999999,1,1.2449999999999999,6.0,inf
85,1,0.7526258842663467,0.4826326864374702,0.5093479308155728,1.2449999999999999,1,1.2449999999999999,6.0,inf
85,2,0.7526258842663467,0.4826326864374702,0.5093479308155728,1.2449999999999999,1,1.2449999999999999,6.0,inf
85,3,0.7526258842663467,0.4826326864374702,0.5093479308155728,1.2449999999999999,1,1.2449999999999999,6.0,inf
85,4,0.7526258842663467,0.4826326864374702,0.5093479308155728,1.2449999999999999,1,1.2449999999999999,6.0,inf
85,5,0.7526258842663467,0.4826326864374702,0.5093479308155728,1.2449999999999999,1,1.2449999999999999,6.0,inf
86,0,0.662899106840229,-0.2936553242779358,-0.3190501180541066,4.476,1,4.476,6.0,inf
86,1,0.662899106840229,-0.2936553242779358,-0.3190501180541066,4.476,1,4.476,6.0,inf
86,2,0.662899106840229,-0.2936553242779358,-0.3190501180541066,4.476,1,4.476,6.0,inf
86,3,0.662899106840229,-0.2936553242779358,-0.3190501180541066,4.476,1,4.476,6.0,inf
86,4,0.662899106840229,-0.2936553242779358,-0.3190501180541066,4.476,1,4.476,6.0,inf
86,5,0.662899106840229,-0.2936553242779358,-0.3190501180541066,4.476,1,4.476,6.0,inf
87,0,1.3312892312999978,-0.10517972298383867,1.5862177260239712,1.0695,1,1.0695,6.0,inf
87,1,1.3312892312999978,-0.10517972298383867,1.5862177260239712,1.0695,1,1.0695,6.0,inf
87,2,1.3312892312999978,-0.10517972298383867,1.5862177260239712,1.0695,1,1.0695,6.0,inf
87,3,1.3312892312999978,-0.10517972298383867,1.5862177260239712,1.0695,1,1.0695,6.0,inf
87,4,1.3312892312999978,-0.10517972298383867,1.5862177260239712,1.0695,1,1.0695,6.0,inf
87,5,1.3312892312999978,-0.10517972298383867,1.5862177260239712,1.0695,1,1.0695,6.0,inf
88,0,-0.12879425335942035,0.178008089529214,-0.914641155337681,4.8495,1,4.8495,6.0,inf
88,1,-0.12879425335942035,0.178008089529214,-0.914641155337681,4.8495,1,4.8495,6.0,inf
88,2,-0.12879425335942035,0.178008089529214,-0.914641155337681,4.8495,1,4.8495,6.0,inf
88,3,-0.12879425335942035,0.178008089529214,-0.914641155337681,4.8495,1,4.8495,6.0,inf
88,4,-0.12879425335942035,0.178008089529214,-0.914641155337681,4.8495,1,4.8495,6.0,inf
88,5,-0.12879425335942035,0.178008089529214,-0.914641155337681,4.8495,1,4.8495,6.0,inf
89,0,-1.2387297530156685,-0.20104396437389688,-0.6176070259054844,6.0,0,8.0001,6.0,inf
89,1,-1.2387297530156685,-0.20104396437389688,-0.6176070259054844,6.0,0,8.0001,6.0,inf
89,2,-1.2387297530156685,-0.20104396437389688,-0.6176070259054844,6.0,0,8.0001,6.0,inf
89,3,-1.2387297530156685,-0.20104396437389688,-0.6176070259054844,6.0,0,8.0001,6.0,inf
89,4,-1.2387297530156685,-0.20104396437389688,-0.6176070259054844,6.0,0,8.0001,6.0,inf
89,5,-1.2387297530156685,-0.20104396437389688,-0.6176070259054844,6.0,0,8.0001,6.0,inf
90,0,0.10786332626735519,-1.3660574982976408,0.9781383104049505,2.5601999999999996,1,2.5601999999999996,6.0,inf
90,1,0.10786332626735519,-1.3660574982976408,0.9781383104049505,2.5601999999999996,1,2.5601999999999996,6.0,inf
90,2,0.10786332626735519,-1.3660574982976408,0.9781383104049505,2.5601999999999996,1,2.5601999999999996,6.0,inf
90,3,0.10786332626735519,-1.3660574982976408,0.9781383104049505,2.5601999999999996,1,2.5601999999999996,6.0,inf
90,4,0.10786332626735519,-1.3660574982976408,0.9781383104049505,2.5601999999999996,1,2.5601999999999996,6.0,inf
90,5,0.10786332626735519,-1.3660574982976408,0.9781383104049505,2.5601999999999996,1,2.5601999999999996,6.0,inf
91,0,1.300062229143227,0.31463636576452286,0.7698703142931338,0.41939999999999994,1,0.41939999999999994,6.0,inf
91,1,1.300062229143227,0.31463636576452286,0.7698703142931338,0.41939999999999994,1,0.41939999999999994,6.0,inf
91,2,1.300062229143227,0.31463636576452286,0.7698703142931338,0.41939999999999994,1,0.41939999999999994,6.0,inf
91,3,1.300062229143227,0.31463636576452286,0.7698703142931338,0.41939999999999994,1,0.41939999999999994,6.0,inf
91,4,1.300062229143227,0.31463636576452286,0.7698703142931338,0.41939999999999994,1,0.41939999999999994,6.0,inf
91,5,1.300062229143227,0.31463636576452286,0.7698703142931338,0.41939999999999994,1,0.41939999999999994,6.0,inf
92,0,0.47567195296313414,-0.2775939509196704,-1.0833214197356265,6.0,0,7.927199999999999,6.0,inf
92,1,0.47567195296313414,-0.2775939509196704,-1.0833214197356265,6.0,0,7.927199999999999,6.0,inf
92,2,0.47567195296313414,-0.2775939509196704,-1.0833214197356265,6.0,0,7.927199999999999,6.0,inf
92,3,0.47567195296313414,-0.2775939509196704,-1.0833214197356265,6.0,0,7.927199999999999,6.0,inf
92,4,0.47567195296313414,-0.2775939509196704,-1.0833214197356265,6.0,0,7.927199999999999,6.0,inf
92,5,0.47567195296313414,-0.2775939509196704,-1.0833214197356265,6.0,0,7.927199999999999,6.0,inf
93,0,0.21279328819241794,0.9860308445739153,0.3816569023495103,0.9521999999999999,1,0.9521999999999999,6.0,inf
93,1,0.21279328819241794,0.9860308445739153,0.3816569023495103,0.9521999999999999,1,0.9521999999999999,6.0,inf
93,2,0.21279328819241794,0.9860308445739153,0.3816569023495103,0.9521999999999999,1,0.9521999999999999,6.0,inf
93,3,0.21279328819241794,0.9860308445739153,0.3816569023495103,0.9521999999999999,1,0.9521999999999999,6.0,inf
93,4,0.21279328819241794,0.9860308445739153,0.3816569023495103,0.9521999999999999,1,0.9521999999999999,6.0,inf
93,5,0.21279328819241794,0.9860308445739153,0.3816569023495103,0.9521999999999999,1,0.9521999999999999,6.0,inf
94,0,-1.032371751818059,0.47312628066616935,-0.3321643045224258,4.7349,1,4.7349,6.0,inf
94,1,-1.032371751818059,0.47312628066616935,-0.3321643045224258,4.7349,1,4.7349,6.0,inf
94,2,-1.032371751818059,0.47312628066616935,-0.3321643045224258,4.7349,1,4.7349,6.0,inf
94,3,-1.032371751818059,0.47312628066616935,-0.3321643045224258,4.7349,1,4.7349,6.0,inf
94,4,-1.032371751818059,0.47312628066616935,-0.3321643045224258,4.7349,1,4.7349,6.0,inf
94,5,-1.032371751818059,0.47312628066616935,-0.3321643045224258,4.7349,1,4.7349,6.0,inf
95,0,-1.001314880202394,-0.38903097799029474,-0.6514052222800174,6.0,0,8.0001,6.0,inf
95,1,-1.001314880202394,-0.38903097799029474,-0.6514052222800174,6.0,0,8.0001,6.0,inf
95,2,-1.001314880202394,-0.38903097799029474,-0.6514052222800174,6.0,0,8.0001,6.0,inf
95,3,-1.001314880202394,-0.38903097799029474,-0.6514052222800174,6.0,0,8.0001,6.0,inf
95,4,-1.001314880202394,-0.38903097799029474,-0.6514052222800174,6.0,0,8.0001,6.0,inf
95,5,-1.001314880202394,-0.38903097799029474,-0.6514052222800174,6.0,0,8.0001,6.0,inf
96,0,-0.1629776441351256,0.45089146439638467,0.42361668245658285,4.0158,1,4.0158,6.0,inf
96,1,-0.1629776441351256,0.45089146439638467,0.42361668245658285,4.0158,1,4.0158,6.0,inf
96,2,-0.1629776441351256,0.45089146439638467,0.42361668245658285,4.0158,1,4.0158,6.0,inf
96,3,-0.1629776441351256,0.45089146439638467,0.42361668245658285,4.0158,1,4.0158,6.0,inf
96,4,-0.1629776441351256,0.45089146439638467,0.42361668245658285,4.0158,1,4.0158,6.0,inf
96,5,-0.1629776441351256,0.45089146439638467,0.42361668245658285,4.0158,1,4.0158,6.0,inf
97,0,-0.7772291998068187,1.0765281654528005,0.08151645439003971,2.0109,1,2.0109,6.0,inf
97,1,-0.7772291998068187,1.0765281654528005,0.08151645439003971,2.0109,1,2.0109,6.0,inf
97,2,-0.7772291998068187,1.0765281654528005,0.08151645439003971,2.0109,1,2.0109,6.0,inf
97,3,-0.7772291998068187,1.0765281654528005,0.08151645439003971,2.0109,1,2.0109,6.0,inf
97,4,-0.7772291998068187,1.0765281654528005,0.08151645439003971,2.0109,1,2.0109,6.0,inf
97,5,-0.7772291998068187,1.0765281654528005,0.08151645439003971,2.0109,1,2.0109,6.0,inf
98,0,-0.1417880819337184,-0.25311018619789244,0.9143648604589624,1.2512999999999999,1,1.2512999999999999,6.0,inf
98,1,-0.1417880819337184,-0.25311018619789244,0.9143648604589624,1.2512999999999999,1,1.2512999999999999,6.0,inf
98,2,-0.1417880819337184,-0.25311018619789244,0.9143648604589624,1.2512999999999999,1,1.2512999999999999,6.0,inf
98,3,-0.1417880819337184,-0.25311018619789244,0.9143648604589624,1.2512999999999999,1,1.2512999999999999,6.0,inf
98,4,-0.1417880819337184,-0.25311018619789244,0.9143648604589624,1.2512999999999999,1,1.2512999999999999,6.0,inf
98,5,-0.1417880819337184,-0.25311018619789244,0.9143648604589624,1.2512999999999999,1,1.2512999999999999,6.0,inf
99,0,0.47036861304496724,-1.6093358555385193,-0.2134163364806588,2.0606999999999998,1,2.0606999999999998,6.0,inf
99,1,0.47036861304496724,-1.6093358555385193,-0.2134163364806588,2.0606999999999998,1,2.0606999999999998,6.0,inf
99,2,0.47036861304496724,-1.6093358555385193,-0.2134163364806588,2.0606999999999998,1,2.0606999999999998,6.0,inf
99,3,0.47036861304496724,-1.6093358555385193,-0.2134163364806588,2.0606999999999998,1,2.0606999999999998,6.0,inf
99,4,0.47036861304496724,-1.6093358555385193,-0.2134163364806588,2.0606999999999998,1,2.0606999999999998,6.0,inf
99,5,0.47036861304496724,-1.6093358555385193,-0.2134163364806588,2.0606999999999998,1,2.0606999999999998,6.0,inf
100,0,1.0617754927179754,1.1507699201693717,1.1405795123278246,1.2783,1,1.2783,6.0,inf
100,1,1.0617754927179754,1.1507699201693717,1.1405795123278246,1.2783,1,1.2783,6.0,inf
100,2,1.0617754927179754,1.1507699201693717,1.1405795123278246,1.2783,1,1.2783,6.0,inf
100,3,1.0617754927179754,1.1507699201693717,1.1405795123278246,1.2783,1,1.2783,6.0,inf
100,4,1.0617754927179754,1.1507699201693717,1.1405795123278246,1.2783,1,1.2783,6.0,inf
100,5,1.0617754927179754,1.1507699201693717,1.1405795123278246,1.2783,1,1.2783,6.0,inf
101,0,0.8013123443115858,1.3801526539518085,-1.743770460870478,0.7212,1,0.7212,6.0,inf
101,1,0.8013123443115858,1.3801526539518085,-1.743770460870478,0.7212,1,0.7212,6.0,inf
101,2,0.8013123443115858,1.3801526539518085,-1.743770460870478,0.7212,1,0.7212,6.0,inf
101,3,0.8013123443115858,1.3801526539518085,-1.743770460870478,0.7212,1,0.7212,6.0,inf
101,4,0.8013123443115858,1.3801526539518085,-1.743770460870478,0.7212,1,0.7212,6.0,inf
101,5,0.8013123443115858,1.3801526539518085,-1.743770460870478,0.7212,1,0.7212,6.0,inf
102,0,1.2709419658587127,0.5564355567560069,0.11524716479321265,0.3141,1,0.3141,6.0,inf
102,1,1.2709419658587127,0.5564355567560069,0.11524716479321265,0.3141,1,0.3141,6.0,inf
102,2,1.2709419658587127,0.5564355567560069,0.11524716479321265,0.3141,1,0.3141,6.0,inf
102,3,1.2709419658587127,0.5564355567560069,0.11524716479321265,0.3141,1,0.3141,6.0,inf
102,4,1.2709419658587127,0.5564355567560069,0.11524716479321265,0.3141,1,0.3141,6.0,inf
102,5,1.2709419658587127,0.5564355567560069,0.11524716479321265,0.3141,1,0.3141,6.0,inf
103,0,-0.914126302302474,-1.7432487770833431,0.8768593437080251,6.0,0,7.596299999999999,6.0,inf
103,1,-0.914126302302474,-1.7432487770833431,0.8768593437080251,6.0,0,7.596299999999999,6.0,inf
103,2,-0.914126302302474,-1.7432487770833431,0.8768593437080251,6.0,0,7.596299999999999,6.0,inf
103,3,-0.914126302302474,-1.7432487770833431,0.8768593437080251,6.0,0,7.596299999999999,6.0,inf
103,4,-0.914126302302474,-1.7432487770833431,0.8768593437080251,6.0,0,7.596299999999999,6.0,inf
103,5,-0.914126302302474,-1.7432487770833431,0.8768593437080251,6.0,0,7.596299999999999,6.0,inf
104,0,-1.665043487885439,0.9621093897504639,0.46822749229316424,1.9388999999999998,1,1.9388999999999998,6.0,inf
104,1,-1.665043487885439,0.9621093897504639,0.46822749229316424,1.9388999999999998,1,1.9388999999999998,6.0,inf
104,2,-1.665043487885439,0.9621093897504639,0.46822749229316424,1.9388999999999998,1,1.9388999999999998,6.0,inf
104,3,-1.665043487885439,0.9621093897504639,0.46822749229316424,1.9388999999999998,1,1.9388999999999998,6.0,inf
104,4,-1.665043487885439,0.9621093897504639,0.46822749229316424,1.9388999999999998,1,1.9388999999999998,6.0,inf
104,5,-1.665043487885439,0.9621093897504639,0.46822749229316424,1.9388999999999998,1,1.9388999999999998,6.0,inf
105,0,-0.5698908370319713,-0.8207954578270317,-0.49166075747512,6.0,0,6.892799999999999,6.0,inf
105,1,-0.5698908370319713,-0.8207954578270317,-0.49166075747512,6.0,0,6.892799999999999,6.0,inf
105,2,-0.5698908370319713,-0.8207954578270317,-0.49166075747512,6.0,0,6.892799999999999,6.0,inf
105,3,-0.5698908370319713,-0.8207954578270317,-0.49166075747512,6.0,0,6.892799999999999,6.0,inf
105,4,-0.5698908370319713,-0.8207954578270317,-0.49166075747512,6.0,0,6.892799999999999,6.0,inf
105,5,-0.5698908370319713,-0.8207954578270317,-0.49166075747512,6.0,0,6.892799999999999,6.0,inf
106,0,-1.4845203891377559,1.0097398405636266,-1.0163574586591961,1.6748999999999998,1,1.6748999999999998,6.0,inf
106,1,-1.4845203891377559,1.0097398405636266,-1.0163574586591961,1.6748999999999998,1,1.6748999999999998,6.0,inf
106,2,-1.4845203891377559,1.0097398405636266,-1.0163574586591961,1.6748999999999998,1,1.6748999999999998,6.0,inf
106,3,-1.4845203891377559,1.0097398405636266,-1.0163574586591961,1.6748999999999998,1,1.6748999999999998,6.0,inf
106,4,-1.4845203891377559,1.0097398405636266,-1.0163574586591961,1.6748999999999998,1,1.6748999999999998,6.0,inf
106,5,-1.4845203891377559,1.0097398405636266,-1.0163574586591961,1.6748999999999998,1,1.6748999999999998,6.0,inf
107,0,0.3637409733323755,-0.5274476040415896,-0.8350499575295751,2.8364999999999996,1,2.8364999999999996,6.0,inf
107,1,0.3637409733323755,-0.5274476040415896,-0.8350499575295751,2.8364999999999996,1,2.8364999999999996,6.0,inf
107,2,0.3637409733323755,-0.5274476040415896,-0.8350499575295751,2.8364999999999996,1,2.8364999999999996,6.0,inf
107,3,0.3637409733323755,-0.5274476040415896,-0.8350499575295751,2.8364999999999996,1,2.8364999999999996,6.0,inf
107,4,0.3637409733323755,-0.5274476040415896,-0.8350499575295751,2.8364999999999996,1,2.8364999999999996,6.0,inf
107,5,0.3637409733323755,-0.5274476040415896,-0.8350499575295751,2.8364999999999996,1,2.8364999999999996,6.0,inf
108,0,0.6102776818620578,0.0318591081479079,-1.7213797005276494,1.7741999999999998,1,1.7741999999999998,6.0,inf
108,1,0.6102776818620578,0.0318591081479079,-1.7213797005276494,1.7741999999999998,1,1.7741999999999998,6.0,inf
108,2,0.6102776818620578,0.0318591081479079,-1.7213797005276494,1.7741999999999998,1,1.7741999999999998,6.0,inf
108,3,0.6102776818620578,0.0318591081479079,-1.7213797005276494,1.7741999999999998,1,1.7741999999999998,6.0,inf
108,4,0.6102776818620578,0.0318591081479079,-1.7213797005276494,1.7741999999999998,1,1.7741999999999998,6.0,inf
108,5,0.6102776818620578,0.0318591081479079,-1.7213797005276494,1.7741999999999998,1,1.7741999999999998,6.0,inf
109,0,1.9355468217101286,1.737541633010145,-0.8715946852076948,0.6479999999999999,1,0.6479999999999999,6.0,inf
109,1,1.9355468217101286,1.737541633010145,-0.8715946852076948,0.6479999999999999,1,0.6479999999999999,6.0,inf
109,2,1.9355468217101286,1.737541633010145,-0.8715946852076948,0.6479999999999999,1,0.6479999999999999,6.0,inf
109,3,1.9355468217101286,1.737541633010145,-0.8715946852076948,0.6479999999999999,1,0.6479999999999999,6.0,inf
109,4,1.9355468217101286,1.737541633010145,-0.8715946852076948,0.6479999999999999,1,0.6479999999999999,6.0,inf
109,5,1.9355468217101286,1.737541633010145,-0.8715946852076948,0.6479999999999999,1,0.6479999999999999,6.0,inf
110,0,-0.9482432960688683,0.22386509806315102,-0.4564507753748634,4.3563,1,4.3563,6.0,inf
110,1,-0.9482432960688683,0.22386509806315102,-0.4564507753748634,4.3563,1,4.3563,6.0,inf
110,2,-0.9482432960688683,0.22386509806315102,-0.4564507753748634,4.3563,1,4.3563,6.0,inf
110,3,-0.9482432960688683,0.22386509806315102,-0.4564507753748634,4.3563,1,4.3563,6.0,inf
110,4,-0.9482432960688683,0.22386509806315102,-0.4564507753748634,4.3563,1,4.3563,6.0,inf
110,5,-0.9482432960688683,0.22386509806315102,-0.4564507753748634,4.3563,1,4.3563,6.0,inf
111,0,-0.6006113466116915,-1.6635024287363462,-0.3732003915618983,5.518199999999999,1,5.518199999999999,6.0,inf
111,1,-0.6006113466116915,-1.6635024287363462,-0.3732003915618983,5.518199999999999,1,5.518199999999999,6.0,inf
111,2,-0.6006113466116915,-1.6635024287363462,-0.3732003915618983,5.518199999999999,1,5.518199999999999,6.0,inf
111,3,-0.6006113466116915,-1.6635024287363462,-0.3732003915618983,5.518199999999999,1,5.518199999999999,6.0,inf
111,4,-0.6006113466116915,-1.6635024287363462,-0.3732003915618983,5.518199999999999,1,5.518199999999999,6.0,inf
111,5,-0.6006113466116915,-1.6635024287363462,-0.3732003915618983,5.518199999999999,1,5.518199999999999,6.0,inf
112,0,-1.287901118810024,1.1761942362563416,0.6263560305710291,1.1423999999999999,1,1.1423999999999999,6.0,inf
112,1,-1.287901118810024,1.1761942362563416,0.6263560305710291,1.1423999999999999,1,1.1423999999999999,6.0,inf
112,2,-1.287901118810024,1.1761942362563416,0.6263560305710291,1.1423999999999999,1,1.1423999999999999,6.0,inf
112,3,-1.287901118810024,1.1761942362563416,0.6263560305710291,1.1423999999999999,1,1.1423999999999999,6.0,inf
112,4,-1.287901118810024,1.1761942362563416,0.6263560305710291,1.1423999999999999,1,1.1423999999999999,6.0,inf
112,5,-1.287901118810024,1.1761942362563416,0.6263560305710291,1.1423999999999999,1,1.1423999999999999,6.0,inf
113,0,-0.7985832830031426,0.2541711231999234,-1.5119042982400024,1.4474999999999998,1,1.4474999999999998,6.0,inf
113,1,-0.7985832830031426,0.2541711231999234,-1.5119042982400024,1.4474999999999998,1,1.4474999999999998,6.0,inf
113,2,-0.7985832830031426,0.2541711231999234,-1.5119042982400024,1.4474999999999998,1,1.4474999999999998,6.0,inf
113,3,-0.7985832830031426,0.2541711231999234,-1.5119042982400024,1.4474999999999998,1,1.4474999999999998,6.0,inf
113,4,-0.7985832830031426,0.2541711231999234,-1.5119042982400024,1.4474999999999998,1,1.4474999999999998,6.0,inf
113,5,-0.7985832830031426,0.2541711231999234,-1.5119042982400024,1.4474999999999998,1,1.4474999999999998,6.0,inf
114,0,0.7130257077291252,0.8900760418476805,0.16260061725963026,2.0801999999999996,1,2.0801999999999996,6.0,inf
114,1,0.7130257077291252,0.8900760418476805,0.16260061725963026,2.0801999999999996,1,2.0801999999999996,6.0,inf
114,2,0.7130257077291252,0.8900760418476805,0.16260061725963026,2.0801999999999996,1,2.0801999999999996,6.0,inf
114,3,0.7130257077291252,0.8900760418476805,0.16260061725963026,2.0801999999999996,1,2.0801999999999996,6.0,inf
114,4,0.7130257077291252,0.8900760418476805,0.16260061725963026,2.0801999999999996,1,2.0801999999999996,6.0,inf
114,5,0.7130257077291252,0.8900760418476805,0.16260061725963026,2.0801999999999996,1,2.0801999999999996,6.0,inf
115,0,-0.15388143387302905,-0.35709680513905573,-0.5968408142911514,5.661,1,5.661,6.0,inf
115,1,-0.15388143387302905,-0.35709680513905573,-0.5968408142911514,5.661,1,5.661,6.0,inf
115,2,-0.15388143387302905,-0.35709680513905573,-0.5968408142911514,5.661,1,5.661,6.0,inf
115,3,-0.15388143387302905,-0.35709680513905573,-0.5968408142911514,5.661,1,5.661,6.0,inf
115,4,-0.15388143387302905,-0.35709680513905573,-0.5968408142911514,5.661,1,5.661,6.0,inf
115,5,-0.15388143387302905,-0.35709680513905573,-0.5968408142911514,5.661,1,5.661,6.0,inf
116,0,0.329822946960632,-1.1622085012181658,1.8208904976146887,2.0738999999999996,1,2.0738999999999996,6.0,inf
116,1,0.329822946960632,-1.1622085012181658,1.8208904976146887,2.0738999999999996,1,2.0738999999999996,6.0,inf
116,2,0.329822946960632,-1.1622085012181658,1.8208904976146887,2.0738999999999996,1,2.0738999999999996,6.0,inf
116,3,0.329822946960632,-1.1622085012181658,1.8208904976146887,2.0738999999999996,1,2.0738999999999996,6.0,inf
116,4,0.329822946960632,-1.1622085012181658,1.8208904976146887,2.0738999999999996,1,2.0738999999999996,6.0,inf
116,5,0.329822946960632,-1.1622085012181658,1.8208904976146887,2.0738999999999996,1,2.0738999999999996,6.0,inf
117,0,-1.1311238489170135,0.20613881542573873,1.238678788591608,0.6509999999999999,1,0.6509999999999999,6.0,inf
117,1,-1.1311238489170135,0.20613881542573873,1.238678788591608,0.6509999999999999,1,0.6509999999999999,6.0,inf
117,2,-1.1311238489170135,0.20613881542573873,1.238678788591608,0.6509999999999999,1,0.6509999999999999,6.0,inf
117,3,-1.1311238489170135,0.20613881542573873,1.238678788591608,0.6509999999999999,1,0.6509999999999999,6.0,inf
117,4,-1.1311238489170135,0.20613881542573873,1.238678788591608,0.6509999999999999,1,0.6509999999999999,6.0,inf
117,5,-1.1311238489170135,0.20613881542573873,1.238678788591608,0.6509999999999999,1,0.6509999999999999,6.0,inf
118,0,-0.40234614636562227,-0.008384351354988598,0.3770161977768671,1.5197999999999998,1,1.5197999999999998,6.0,inf
118,1,-0.40234614636562227,-0.008384351354988598,0.3770161977768671,1.5197999999999998,1,1.5197999999999998,6.0,inf
118,2,-0.40234614636562227,-0.008384351354988598,0.3770161977768671,1.5197999999999998,1,1.5197999999999998,6.0,inf
118,3,-0.40234614636562227,-0.008384351354988598,0.3770161977768671,1.5197999999999998,1,1.5197999999999998,6.0,inf
118,4,-0.40234614636562227,-0.008384351354988598,0.3770161977768671,1.5197999999999998,1,1.5197999999999998,6.0,inf
118,5,-0.40234614636562227,-0.008384351354988598,0.3770161977768671,1.5197999999999998,1,1.5197999999999998,6.0,inf
119,0,-0.1502619301000156,1.07617260918203,0.4250956751196552,1.0389,1,1.0389,6.0,inf
119,1,-0.1502619301000156,1.07617260918203,0.4250956751196552,1.0389,1,1.0389,6.0,inf
119,2,-0.1502619301000156,1.07617260918203,0.4250956751196552,1.0389,1,1.0389,6.0,inf
119,3,-0.1502619301000156,1.07617260918203,0.4250956751196552,1.0389,1,1.0389,6.0,inf
119,4,-0.1502619301000156,1.07617260918203,0.4250956751196552,1.0389,1,1.0389,6.0,inf
119,5,-0.1502619301000156,1.07617260918203,0.4250956751196552,1.0389,1,1.0389,6.0,inf
120,0,-0.034890163362843535,0.5379002838837126,1.0132521709436808,1.0796999999999999,1,1.0796999999999999,6.0,inf
120,1,-0.034890163362843535,0.5379002838837126,1.0132521709436808,1.0796999999999999,1,1.0796999999999999,6.0,inf
120,2,-0.034890163362843535,0.5379002838837126,1.0132521709436808,1.0796999999999999,1,1.0796999999999999,6.0,inf
120,3,-0.034890163362843535,0.5379002838837126,1.0132521709436808,1.0796999999999999,1,1.0796999999999999,6.0,inf
120,4,-0.034890163362843535,0.5379002838837126,1.0132521709436808,1.0796999999999999,1,1.0796999999999999,6.0,inf
120,5,-0.034890163362843535,0.5379002838837126,1.0132521709436808,1.0796999999999999,1,1.0796999999999999,6.0,inf
121,0,0.2478409430570489,-1.1980119248789411,-1.5016596442614443,3.6548999999999996,1,3.6548999999999996,6.0,inf
121,1,0.2478409430570489,-1.1980119248789411,-1.5016596442614443,3.6548999999999996,1,3.6548999999999996,6.0,inf
121,2,0.2478409430570489,-1.1980119248789411,-1.5016596442614443,3.6548999999999996,1,3.6548999999999996,6.0,inf
121,3,0.2478409430570489,-1.1980119248789411,-1.5016596442614443,3.6548999999999996,1,3.6548999999999996,6.0,inf
121,4,0.2478409430570489,-1.1980119248789411,-1.5016596442614443,3.6548999999999996,1,3.6548999999999996,6.0,inf
121,5,0.2478409430570489,-1.1980119248789411,-1.5016596442614443,3.6548999999999996,1,3.6548999999999996,6.0,inf
122,0,0.8438377059509052,-0.6485221760897623,-1.126096396800211,0.6345,1,0.6345,6.0,inf
122,1,0.8438377059509052,-0.6485221760897623,-1.126096396800211,0.6345,1,0.6345,6.0,inf
122,2,0.8438377059509052,-0.6485221760897623,-1.126096396800211,0.6345,1,0.6345,6.0,inf
122,3,0.8438377059509052,-0.6485221760897623,-1.126096396800211,0.6345,1,0.6345,6.0,inf
122,4,0.8438377059509052,-0.6485221760897623,-1.126096396800211,0.6345,1,0.6345,6.0,inf
122,5,0.8438377059509052,-0.6485221760897623,-1.126096396800211,0.6345,1,0.6345,6.0,inf
123,0,-0.7152004692354653,1.3574436449090843,1.069876148222595,1.0101,1,1.0101,6.0,inf
123,1,-0.7152004692354653,1.3574436449090843,1.069876148222595,1.0101,1,1.0101,6.0,inf
123,2,-0.7152004692354653,1.3574436449090843,1.069876148222595,1.0101,1,1.0101,6.0,inf
123,3,-0.7152004692354653,1.3574436449090843,1.069876148222595,1.0101,1,1.0101,6.0,inf
123,4,-0.7152004692354653,1.3574436449090843,1.069876148222595,1.0101,1,1.0101,6.0,inf
123,5,-0.7152004692354653,1.3574436449090843,1.069876148222595,1.0101,1,1.0101,6.0,inf
124,0,0.5928735317085357,-0.3848332851736444,1.3686527839623512,1.0956,1,1.0956,6.0,inf
124,1,0.5928735317085357,-0.3848332851736444,1.3686527839623512,1.0956,1,1.0956,6.0,inf
124,2,0.5928735317085357,-0.3848332851736444,1.3686527839623512,1.0956,1,1.0956,6.0,inf
124,3,0.5928735317085357,-0.3848332851736444,1.3686527839623512,1.0956,1,1.0956,6.0,inf
124,4,0.5928735317085357,-0.3848332851736444,1.3686527839623512,1.0956,1,1.0956,6.0,inf
124,5,0.5928735317085357,-0.3848332851736444,1.3686527839623512,1.0956,1,1.0956,6.0,inf
125,0,-0.2461523545612508,-0.3443509734968512,-0.48703501857918063,1.4813999999999998,1,1.4813999999999998,6.0,inf
125,1,-0.2461523545612508,-0.3443509734968512,-0.48703501857918063,1.4813999999999998,1,1.4813999999999998,6.0,inf
125,2,-0.2461523545612508,-0.3443509734968512,-0.48703501857918063,1.4813999999999998,1,1.4813999999999998,6.0,inf
125,3,-0.2461523545612508,-0.3443509734968512,-0.48703501857918063,1.4813999999999998,1,1.4813999999999998,6.0,inf
125,4,-0.2461523545612508,-0.3443509734968512,-0.48703501857918063,1.4813999999999998,1,1.4813999999999998,6.0,inf
125,5,-0.2461523545612508,-0.3443509734968512,-0.48703501857918063,1.4813999999999998,1,1.4813999999999998,6.0,inf
126,0,0.8988372244447836,1.0778160748792611,-2.3519366637931154,2.6241,1,2.6241,6.0,inf
126,1,0.8988372244447836,1.0778160748792611,-2.3519366637931154,2.6241,1,2.6241,6.0,inf
126,2,0.8988372244447836,1.0778160748792611,-2.3519366637931154,2.6241,1,2.6241,6.0,inf
126,3,0.8988372244447836,1.0778160748792611,-2.3519366637931154,2.6241,1,2.6241,6.0,inf
126,4,0.8988372244447836,1.0778160748792611,-2.3519366637931154,2.6241,1,2.6241,6.0,inf
126,5,0.8988372244447836,1.0778160748792611,-2.3519366637931154,2.6241,1,2.6241,6.0,inf
127,0,0.7625339924407964,0.282417372479546,-1.1910885126656636,0.32339999999999997,1,0.32339999999999997,6.0,inf
127,1,0.7625339924407964,0.282417372479546,-1.1910885126656636,0.32339999999999997,1,0.32339999999999997,6.0,inf
127,2,0.7625339924407964,0.282417372479546,-1.1910885126656636,0.32339999999999997,1,0.32339999999999997,6.0,inf
127,3,0.7625339924407964,0.282417372479546,-1.1910885126656636,0.32339999999999997,1,0.32339999999999997,6.0,inf
127,4,0.7625339924407964,0.282417372479546,-1.1910885126656636,0.32339999999999997,1,0.32339999999999997,6.0,inf
127,5,0.7625339924407964,0.282417372479546,-1.1910885126656636,0.32339999999999997,1,0.32339999999999997,6.0,inf
128,0,0.5511084772023133,0.17082592214228626,-0.7642667689878647,2.3619,1,2.3619,6.0,inf
128,1,0.5511084772023133,0.17082592214228626,-0.7642667689878647,2.3619,1,2.3619,6.0,inf
128,2,0.5511084772023133,0.17082592214228626,-0.7642667689878647,2.3619,1,2.3619,6.0,inf
128,3,0.5511084772023133,0.17082592214228626,-0.7642667689878647,2.3619,1,2.3619,6.0,inf
128,4,0.5511084772023133,0.17082592214228626,-0.7642667689878647,2.3619,1,2.3619,6.0,inf
128,5,0.5511084772023133,0.17082592214228626,-0.7642667689878647,2.3619,1,2.3619,6.0,inf
129,0,-0.40745771450948615,0.5281916853795442,0.6925085436133553,1.6557,1,1.6557,6.0,inf
129,1,-0.40745771450948615,0.5281916853795442,0.6925085436133553,1.6557,1,1.6557,6.0,inf
129,2,-0.40745771450948615,0.5281916853795442,0.6925085436133553,1.6557,1,1.6557,6.0,inf
129,3,-0.40745771450948615,0.5281916853795442,0.6925085436133553,1.6557,1,1.6557,6.0,inf
129,4,-0.40745771450948615,0.5281916853795442,0.6925085436133553,1.6557,1,1.6557,6.0,inf
129,5,-0.40745771450948615,0.5281916853795442,0.6925085436133553,1.6557,1,1.6557,6.0,inf
130,0,-1.20932635589994,0.8280029733919811,-0.2738586376902262,1.5200999999999998,1,1.5200999999999998,6.0,inf
130,1,-1.20932635589994,0.8280029733919811,-0.2738586376902262,1.5200999999999998,1,1.5200999999999998,6.0,inf
130,2,-1.20932635589994,0.8280029733919811,-0.2738586376902262,1.5200999999999998,1,1.5200999999999998,6.0,inf
130,3,-1.20932635589994,0.8280029733919811,-0.2738586376902262,1.5200999999999998,1,1.5200999999999998,6.0,inf
130,4,-1.20932635589994,0.8280029733919811,-0.2738586376902262,1.5200999999999998,1,1.5200999999999998,6.0,inf
130,5,-1.20932635589994,0.8280029733919811,-0.2738586376902262,1.5200999999999998,1,1.5200999999999998,6.0,inf
131,0,0.7201801345438998,0.1034161504449715,0.22217067325354767,1.4750999999999999,1,1.4750999999999999,6.0,inf
131,1,0.7201801345438998,0.1034161504449715,0.22217067325354767,1.4750999999999999,1,1.4750999999999999,6.0,inf
131,2,0.7201801345438998,0.1034161504449715,0.22217067325354767,1.4750999999999999,1,1.4750999999999999,6.0,inf
131,3,0.7201801345438998,0.1034161504449715,0.22217067325354767,1.4750999999999999,1,1.4750999999999999,6.0,inf
131,4,0.7201801345438998,0.1034161504449715,0.22217067325354767,1.4750999999999999,1,1.4750999999999999,6.0,inf
131,5,0.7201801345438998,0.1034161504449715,0.22217067325354767,1.4750999999999999,1,1.4750999999999999,6.0,inf
132,0,0.7393470739905417,0.5214407878178166,0.1582678125491881,2.1168,1,2.1168,6.0,inf
132,1,0.7393470739905417,0.5214407878178166,0.1582678125491881,2.1168,1,2.1168,6.0,inf
132,2,0.7393470739905417,0.5214407878178166,0.1582678125491881,2.1168,1,2.1168,6.0,inf
132,3,0.7393470739905417,0.5214407878178166,0.1582678125491881,2.1168,1,2.1168,6.0,inf
132,4,0.7393470739905417,0.5214407878178166,0.1582678125491881,2.1168,1,2.1168,6.0,inf
132,5,0.7393470739905417,0.5214407878178166,0.1582678125491881,2.1168,1,2.1168,6.0,inf
133,0,-0.042837843442812495,-0.3032874929694619,-0.23783273638921437,3.2285999999999997,1,3.2285999999999997,6.0,inf
133,1,-0.042837843442812495,-0.3032874929694619,-0.23783273638921437,3.2285999999999997,1,3.2285999999999997,6.0,inf
133,2,-0.042837843442812495,-0.3032874929694619,-0.23783273638921437,3.2285999999999997,1,3.2285999999999997,6.0,inf
133,3,-0.042837843442812495,-0.3032874929694619,-0.23783273638921437,3.2285999999999997,1,3.2285999999999997,6.0,inf
133,4,-0.042837843442812495,-0.3032874929694619,-0.23783273638921437,3.2285999999999997,1,3.2285999999999997,6.0,inf
133,5,-0.042837843442812495,-0.3032874929694619,-0.23783273638921437,3.2285999999999997,1,3.2285999999999997,6.0,inf
134,0,-0.4516275849522202,1.1724418725255437,1.825226960974424,0.24659999999999999,1,0.24659999999999999,6.0,inf
134,1,-0.4516275849522202,1.1724418725255437,1.825226960974424,0.24659999999999999,1,0.24659999999999999,6.0,inf
134,2,-0.4516275849522202,1.1724418725255437,1.825226960974424,0.24659999999999999,1,0.24659999999999999,6.0,inf
134,3,-0.4516275849522202,1.1724418725255437,1.825226960974424,0.24659999999999999,1,0.24659999999999999,6.0,inf
134,4,-0.4516275849522202,1.1724418725255437,1.825226960974424,0.24659999999999999,1,0.24659999999999999,6.0,inf
134,5,-0.4516275849522202,1.1724418725255437,1.825226960974424,0.24659999999999999,1,0.24659999999999999,6.0,inf
135,0,0.1590577366001936,1.3116712202505136,0.9569284237936289,0.45539999999999997,1,0.45539999999999997,6.0,inf
135,1,0.1590577366001936,1.3116712202505136,0.9569284237936289,0.45539999999999997,1,0.45539999999999997,6.0,inf
135,2,0.1590577366001936,1.3116712202505136,0.9569284237936289,0.45539999999999997,1,0.45539999999999997,6.0,inf
135,3,0.1590577366001936,1.3116712202505136,0.9569284237936289,0.45539999999999997,1,0.45539999999999997,6.0,inf
135,4,0.1590577366001936,1.3116712202505136,0.9569284237936289,0.45539999999999997,1,0.45539999999999997,6.0,inf
135,5,0.1590577366001936,1.3116712202505136,0.9569284237936289,0.45539999999999997,1,0.45539999999999997,6.0,inf
136,0,0.16621288292004457,-0.2500484343787791,0.2445199697849762,1.9277999999999997,1,1.9277999999999997,6.0,inf
136,1,0.16621288292004457,-0.2500484343787791,0.2445199697849762,1.9277999999999997,1,1.9277999999999997,6.0,inf
136,2,0.16621288292004457,-0.2500484343787791,0.2445199697849762,1.9277999999999997,1,1.9277999999999997,6.0,inf
136,3,0.16621288292004457,-0.2500484343787791,0.2445199697849762,1.9277999999999997,1,1.9277999999999997,6.0,inf
136,4,0.16621288292004457,-0.2500484343787791,0.2445199697849762,1.9277999999999997,1,1.9277999999999997,6.0,inf
136,5,0.16621288292004457,-0.2500484343787791,0.2445199697849762,1.9277999999999997,1,1.9277999999999997,6.0,inf
137,0,-1.5125721627933273,0.4157141738000353,0.08694170529121657,3.8732999999999995,1,3.8732999999999995,6.0,inf
137,1,-1.5125721627933273,0.4157141738000353,0.08694170529121657,3.8732999999999995,1,3.8732999999999995,6.0,inf
137,2,-1.5125721627933273,0.4157141738000353,0.08694170529121657,3.8732999999999995,1,3.8732999999999995,6.0,inf
137,3,-1.5125721627933273,0.4157141738000353,0.08694170529121657,3.8732999999999995,1,3.8732999999999995,6.0,inf
137,4,-1.5125721627933273,0.4157141738000353,0.08694170529121657,3.8732999999999995,1,3.8732999999999995,6.0,inf
137,5,-1.5125721627933273,0.4157141738000353,0.08694170529121657,3.8732999999999995,1,3.8732999999999995,6.0,inf
138,0,-0.4670542892267034,-0.42625172683257406,-2.146469424620903,0.7191,1,0.7191,6.0,inf
138,1,-0.4670542892267034,-0.42625172683257406,-2.146469424620903,0.7191,1,0.7191,6.0,inf
138,2,-0.4670542892267034,-0.42625172683257406,-2.146469424620903,0.7191,1,0.7191,6.0,inf
138,3,-0.4670542892267034,-0.42625172683257406,-2.146469424620903,0.7191,1,0.7191,6.0,inf
138,4,-0.4670542892267034,-0.42625172683257406,-2.146469424620903,0.7191,1,0.7191,6.0,inf
138,5,-0.4670542892267034,-0.42625172683257406,-2.146469424620903,0.7191,1,0.7191,6.0,inf
139,0,0.5839382474984207,-0.24544996780871672,-0.9808800124584355,1.6892999999999998,1,1.6892999999999998,6.0,inf
139,1,0.5839382474984207,-0.24544996780871672,-0.9808800124584355,1.6892999999999998,1,1.6892999999999998,6.0,inf
139,2,0.5839382474984207,-0.24544996780871672,-0.9808800124584355,1.6892999999999998,1,1.6892999999999998,6.0,inf
139,3,0.5839382474984207,-0.24544996780871672,-0.9808800124584355,1.6892999999999998,1,1.6892999999999998,6.0,inf
139,4,0.5839382474984207,-0.24544996780871672,-0.9808800124584355,1.6892999999999998,1,1.6892999999999998,6.0,inf
139,5,0.5839382474984207,-0.24544996780871672,-0.9808800124584355,1.6892999999999998,1,1.6892999999999998,6.0,inf
140,0,1.3701660787848864,-0.29701912180591306,-0.788419601389672,0.8673,1,0.8673,6.0,inf
140,1,1.3701660787848864,-0.29701912180591306,-0.788419601389672,0.8673,1,0.8673,6.0,inf
140,2,1.3701660787848864,-0.29701912180591306,-0.788419601389672,0.8673,1,0.8673,6.0,inf
140,3,1.3701660787848864,-0.29701912180591306,-0.788419601389672,0.8673,1,0.8673,6.0,inf
140,4,1.3701660787848864,-0.29701912180591306,-0.788419601389672,0.8673,1,0.8673,6.0,inf
140,5,1.3701660787848864,-0.29701912180591306,-0.788419601389672,0.8673,1,0.8673,6.0,inf
141,0,1.0556013001599984,0.4109272151712357,-1.5942453691075003,0.6206999999999999,1,0.6206999999999999,6.0,inf
141,1,1.0556013001599984,0.4109272151712357,-1.5942453691075003,0.6206999999999999,1,0.6206999999999999,6.0,inf
141,2,1.0556013001599984,0.4109272151712357,-1.5942453691075003,0.6206999999999999,1,0.6206999999999999,6.0,inf
141,3,1.0556013001599984,0.4109272151712357,-1.5942453691075003,0.6206999999999999,1,0.6206999999999999,6.0,inf
141,4,1.0556013001599984,0.4109272151712357,-1.5942453691075003,0.6206999999999999,1,0.6206999999999999,6.0,inf
141,5,1.0556013001599984,0.4109272151712357,-1.5942453691075003,0.6206999999999999,1,0.6206999999999999,6.0,inf
142,0,0.03315602718098818,-1.0919003890443257,-0.07263071214567834,3.7244999999999995,1,3.7244999999999995,6.0,inf
142,1,0.03315602718098818,-1.0919003890443257,-0.07263071214567834,3.7244999999999995,1,3.7244999999999995,6.0,inf
142,2,0.03315602718098818,-1.0919003890443257,-0.07263071214567834,3.7244999999999995,1,3.7244999999999995,6.0,inf
142,3,0.03315602718098818,-1.0919003890443257,-0.07263071214567834,3.7244999999999995,1,3.7244999999999995,6.0,inf
142,4,0.03315602718098818,-1.0919003890443257,-0.07263071214567834,3.7244999999999995,1,3.7244999999999995,6.0,inf
142,5,0.03315602718098818,-1.0919003890443257,-0.07263071214567834,3.7244999999999995,1,3.7244999999999995,6.0,inf
143,0,0.2254160644689629,0.33203649552172465,0.1303840644688737,0.23819999999999997,1,0.23819999999999997,6.0,inf
143,1,0.2254160644689629,0.33203649552172465,0.1303840644688737,0.23819999999999997,1,0.23819999999999997,6.0,inf
143,2,0.2254160644689629,0.33203649552172465,0.1303840644688737,0.23819999999999997,1,0.23819999999999997,6.0,inf
143,3,0.2254160644689629,0.33203649552172465,0.1303840644688737,0.23819999999999997,1,0.23819999999999997,6.0,inf
143,4,0.2254160644689629,0.33203649552172465,0.1303840644688737,0.23819999999999997,1,0.23819999999999997,6.0,inf
143,5,0.2254160644689629,0.33203649552172465,0.1303840644688737,0.23819999999999997,1,0.23819999999999997,6.0,inf
144,0,-0.1563986124845943,-1.1145687738083516,0.8468409407369005,1.6289999999999998,1,1.6289999999999998,6.0,inf
144,1,-0.1563986124845943,-1.1145687738083516,0.8468409407369005,1.6289999999999998,1,1.6289999999999998,6.0,inf
144,2,-0.1563986124845943,-1.1145687738083516,0.8468409407369005,1.6289999999999998,1,1.6289999999999998,6.0,inf
144,3,-0.1563986124845943,-1.1145687738083516,0.8468409407369005,1.6289999999999998,1,1.6289999999999998,6.0,inf
144,4,-0.1563986124845943,-1.1145687738083516,0.8468409407369005,1.6289999999999998,1,1.6289999999999998,6.0,inf
144,5,-0.1563986124845943,-1.1145687738083516,0.8468409407369005,1.6289999999999998,1,1.6289999999999998,6.0,inf
145,0,-0.1477947195337466,0.7022892542785734,-0.3958502694801,0.0573,1,0.0573,6.0,inf
145,1,-0.1477947195337466,0.7022892542785734,-0.3958502694801,0.0573,1,0.0573,6.0,inf
145,2,-0.1477947195337466,0.7022892542785734,-0.3958502694801,0.0573,1,0.0573,6.0,inf
145,3,-0.1477947195337466,0.7022892542785734,-0.3958502694801,0.0573,1,0.0573,6.0,inf
145,4,-0.1477947195337466,0.7022892542785734,-0.3958502694801,0.0573,1,0.0573,6.0,inf
145,5,-0.1477947195337466,0.7022892542785734,-0.3958502694801,0.0573,1,0.0573,6.0,inf
146,0,0.2257126165894231,0.373601768399824,-2.2059664621280133,0.23129999999999998,1,0.23129999999999998,6.0,inf
146,1,0.2257126165894231,0.373601768399824,-2.2059664621280133,0.23129999999999998,1,0.23129999999999998,6.0,inf
146,2,0.2257126165894231,0.373601768399824,-2.2059664621280133,0.23129999999999998,1,0.23129999999999998,6.0,inf
146,3,0.2257126165894231,0.373601768399824,-2.2059664621280133,0.23129999999999998,1,0.23129999999999998,6.0,inf
146,4,0.2257126165894231,0.373601768399824,-2.2059664621280133,0.23129999999999998,1,0.23129999999999998,6.0,inf
146,5,0.2257126165894231,0.373601768399824,-2.2059664621280133,0.23129999999999998,1,0.23129999999999998,6.0,inf
147,0,-0.14396673089019144,-1.0657976425946063,0.6800235366735428,3.1445999999999996,1,3.1445999999999996,6.0,inf
147,1,-0.14396673089019144,-1.0657976425946063,0.6800235366735428,3.1445999999999996,1,3.1445999999999996,6.0,inf
147,2,-0.14396673089019144,-1.0657976425946063,0.6800235366735428,3.1445999999999996,1,3.1445999999999996,6.0,inf
147,3,-0.14396673089019144,-1.0657976425946063,0.6800235366735428,3.1445999999999996,1,3.1445999999999996,6.0,inf
147,4,-0.14396673089019144,-1.0657976425946063,0.6800235366735428,3.1445999999999996,1,3.1445999999999996,6.0,inf
147,5,-0.14396673089019144,-1.0657976425946063,0.6800235366735428,3.1445999999999996,1,3.1445999999999996,6.0,inf
148,0,0.016866669929608922,-0.7015860458900607,0.9465355055808471,0.045,1,0.045,6.0,inf
148,1,0.016866669929608922,-0.7015860458900607,0.9465355055808471,0.045,1,0.045,6.0,inf
148,2,0.016866669929608922,-0.7015860458900607,0.9465355055808471,0.045,1,0.045,6.0,inf
148,3,0.016866669929608922,-0.7015860458900607,0.9465355055808471,0.045,1,0.045,6.0,inf
148,4,0.016866669929608922,-0.7015860458900607,0.9465355055808471,0.045,1,0.045,6.0,inf
148,5,0.016866669929608922,-0.7015860458900607,0.9465355055808471,0.045,1,0.045,6.0,inf
149,0,0.3612301987417149,-2.3720917573585822,-0.10432317237064484,5.6712,1,5.6712,6.0,inf
149,1,0.3612301987417149,-2.3720917573585822,-0.10432317237064484,5.6712,1,5.6712,6.0,inf
149,2,0.3612301987417149,-2.3720917573585822,-0.10432317237064484,5.6712,1,5.6712,6.0,inf
149,3,0.3612301987417149,-2.3720917573585822,-0.10432317237064484,5.6712,1,5.6712,6.0,inf
149,4,0.3612301987417149,-2.3720917573585822,-0.10432317237064484,5.6712,1,5.6712,6.0,inf
149,5,0.3612301987417149,-2.3720917573585822,-0.10432317237064484,5.6712,1,5.6712,6.0,inf
150,0,-1.0067595951888912,1.0062752293947284,-0.14491202142434598,2.6496,1,2.6496,6.0,inf
150,1,-1.0067595951888912,1.0062752293947284,-0.14491202142434598,2.6496,1,2.6496,6.0,inf
150,2,-1.0067595951888912,1.0062752293947284,-0.14491202142434598,2.6496,1,2.6496,6.0,inf
150,3,-1.0067595951888912,1.0062752293947284,-0.14491202142434598,2.6496,1,2.6496,6.0,inf
150,4,-1.0067595951888912,1.0062752293947284,-0.14491202142434598,2.6496,1,2.6496,6.0,inf
150,5,-1.0067595951888912,1.0062752293947284,-0.14491202142434598,2.6496,1,2.6496,6.0,inf
151,0,-0.7960478416105031,1.2984195168849644,0.31687169577087404,3.2255999999999996,1,3.2255999999999996,6.0,inf
151,1,-0.7960478416105031,1.2984195168849644,0.31687169577087404,3.2255999999999996,1,3.2255999999999996,6.0,inf
151,2,-0.7960478416105031,1.2984195168849644,0.31687169577087404,3.2255999999999996,1,3.2255999999999996,6.0,inf
151,3,-0.7960478416105031,1.2984195168849644,0.31687169577087404,3.2255999999999996,1,3.2255999999999996,6.0,inf
151,4,-0.7960478416105031,1.2984195168849644,0.31687169577087404,3.2255999999999996,1,3.2255999999999996,6.0,inf
151,5,-0.7960478416105031,1.2984195168849644,0.31687169577087404,3.2255999999999996,1,3.2255999999999996,6.0,inf
152,0,0.7663392504645696,-0.5643341671662788,-0.2844245084194532,3.2426999999999997,1,3.2426999999999997,6.0,inf
152,1,0.7663392504645696,-0.5643341671662788,-0.2844245084194532,3.2426999999999997,1,3.2426999999999997,6.0,inf
152,2,0.7663392504645696,-0.5643341671662788,-0.2844245084194532,3.2426999999999997,1,3.2426999999999997,6.0,inf
152,3,0.7663392504645696,-0.5643341671662788,-0.2844245084194532,3.2426999999999997,1,3.2426999999999997,6.0,inf
152,4,0.7663392504645696,-0.5643341671662788,-0.2844245084194532,3.2426999999999997,1,3.2426999999999997,6.0,inf
152,5,0.7663392504645696,-0.5643341671662788,-0.2844245084194532,3.2426999999999997,1,3.2426999999999997,6.0,inf
153,0,-1.7496308254454396,-0.4110131171705097,0.2334056997044425,6.0,0,7.5966,6.0,inf
153,1,-1.7496308254454396,-0.4110131171705097,0.2334056997044425,6.0,0,7.5966,6.0,inf
153,2,-1.7496308254454396,-0.4110131171705097,0.2334056997044425,6.0,0,7.5966,6.0,inf
153,3,-1.7496308254454396,-0.4110131171705097,0.2334056997044425,6.0,0,7.5966,6.0,inf
153,4,-1.7496308254454396,-0.4110131171705097,0.2334056997044425,6.0,0,7.5966,6.0,inf
153,5,-1.7496308254454396,-0.4110131171705097,0.2334056997044425,6.0,0,7.5966,6.0,inf
154,0,-0.44183379760002983,-0.8222935014446034,-2.1688038913466725,6.0,0,8.0001,6.0,inf
154,1,-0.44183379760002983,-0.8222935014446034,-2.1688038913466725,6.0,0,8.0001,6.0,inf
154,2,-0.44183379760002983,-0.8222935014446034,-2.1688038913466725,6.0,0,8.0001,6.0,inf
154,3,-0.44183379760002983,-0.8222935014446034,-2.1688038913466725,6.0,0,8.0001,6.0,inf
154,4,-0.44183379760002983,-0.8222935014446034,-2.1688038913466725,6.0,0,8.0001,6.0,inf
154,5,-0.44183379760002983,-0.8222935014446034,-2.1688038913466725,6.0,0,8.0001,6.0,inf
155,0,0.18389459262099514,1.2180944715337936,-0.7464106152156017,2.3346,1,2.3346,6.0,inf
155,1,0.18389459262099514,1.2180944715337936,-0.7464106152156017,2.3346,1,2.3346,6.0,inf
155,2,0.18389459262099514,1.2180944715337936,-0.7464106152156017,2.3346,1,2.3346,6.0,inf
155,3,0.18389459262099514,1.2180944715337936,-0.7464106152156017,2.3346,1,2.3346,6.0,inf
155,4,0.18389459262099514,1.2180944715337936,-0.7464106152156017,2.3346,1,2.3346,6.0,inf
155,5,0.18389459262099514,1.2180944715337936,-0.7464106152156017,2.3346,1,2.3346,6.0,inf
156,0,-0.4812187752773341,-0.22380004867918507,-0.10722758966036548,1.7876999999999998,1,1.7876999999999998,6.0,inf
156,1,-0.4812187752773341,-0.22380004867918507,-0.10722758966036548,1.7876999999999998,1,1.7876999999999998,6.0,inf
156,2,-0.4812187752773341,-0.22380004867918507,-0.10722758966036548,1.7876999999999998,1,1.7876999999999998,6.0,inf
156,3,-0.4812187752773341,-0.22380004867918507,-0.10722758966036548,1.7876999999999998,1,1.7876999999999998,6.0,inf
156,4,-0.4812187752773341,-0.22380004867918507,-0.10722758966036548,1.7876999999999998,1,1.7876999999999998,6.0,inf
156,5,-0.4812187752773341,-0.22380004867918507,-0.10722758966036548,1.7876999999999998,1,1.7876999999999998,6.0,inf
157,0,-0.8524522640054307,0.5018072998415497,-0.9923741091986856,3.3741,1,3.3741,6.0,inf
157,1,-0.8524522640054307,0.5018072998415497,-0.9923741091986856,3.3741,1,3.3741,6.0,inf
157,2,-0.8524522640054307,0.5018072998415497,-0.9923741091986856,3.3741,1,3.3741,6.0,inf
157,3,-0.8524522640054307,0.5018072998415497,-0.9923741091986856,3.3741,1,3.3741,6.0,inf
157,4,-0.8524522640054307,0.5018072998415497,-0.9923741091986856,3.3741,1,3.3741,6.0,inf
157,5,-0.8524522640054307,0.5018072998415497,-0.9923741091986856,3.3741,1,3.3741,6.0,inf
158,0,-3.12487394386441,1.1268457273476757,2.0433326406274914,1.4960999999999998,1,1.4960999999999998,6.0,inf
158,1,-3.12487394386441,1.1268457273476757,2.0433326406274914,1.4960999999999998,1,1.4960999999999998,6.0,inf
158,2,-3.12487394386441,1.1268457273476757,2.0433326406274914,1.4960999999999998,1,1.4960999999999998,6.0,inf
158,3,-3.12487394386441,1.1268457273476757,2.0433326406274914,1.4960999999999998,1,1.4960999999999998,6.0,inf
158,4,-3.12487394386441,1.1268457273476757,2.0433326406274914,1.4960999999999998,1,1.4960999999999998,6.0,inf
158,5,-3.12487394386441,1.1268457273476757,2.0433326406274914,1.4960999999999998,1,1.4960999999999998,6.0,inf
159,0,-0.5204994301073708,-0.7978401774879315,-2.1224889750148743,3.1647,1,3.1647,6.0,inf
159,1,-0.5204994301073708,-0.7978401774879315,-2.1224889750148743,3.1647,1,3.1647,6.0,inf
159,2,-0.5204994301073708,-0.7978401774879315,-2.1224889750148743,3.1647,1,3.1647,6.0,inf
159,3,-0.5204994301073708,-0.7978401774879315,-2.1224889750148743,3.1647,1,3.1647,6.0,inf
159,4,-0.5204994301073708,-0.7978401774879315,-2.1224889750148743,3.1647,1,3.1647,6.0,inf
159,5,-0.5204994301073708,-0.7978401774879315,-2.1224889750148743,3.1647,1,3.1647,6.0,inf
160,0,-0.7656908030137185,-1.8512321597208052,-0.4912533902370805,5.200799999999999,1,5.200799999999999,6.0,inf
160,1,-0.7656908030137185,-1.8512321597208052,-0.4912533902370805,5.200799999999999,1,5.200799999999999,6.0,inf
160,2,-0.7656908030137185,-1.8512321597208052,-0.4912533902370805,5.200799999999999,1,5.200799999999999,6.0,inf
160,3,-0.7656908030137185,-1.8512321597208052,-0.4912533902370805,5.200799999999999,1,5.200799999999999,6.0,inf
160,4,-0.7656908030137185,-1.8512321597208052,-0.4912533902370805,5.200799999999999,1,5.200799999999999,6.0,inf
160,5,-0.7656908030137185,-1.8512321597208052,-0.4912533902370805,5.200799999999999,1,5.200799999999999,6.0,inf
161,0,-0.759774276917879,1.5187977602337885,-0.1730163694113847,6.0,0,8.0001,6.0,inf
161,1,-0.759774276917879,1.5187977602337885,-0.1730163694113847,6.0,0,8.0001,6.0,inf
161,2,-0.759774276917879,1.5187977602337885,-0.1730163694113847,6.0,0,8.0001,6.0,inf
161,3,-0.759774276917879,1.5187977602337885,-0.1730163694113847,6.0,0,8.0001,6.0,inf
161,4,-0.759774276917879,1.5187977602337885,-0.1730163694113847,6.0,0,8.0001,6.0,inf
161,5,-0.759774276917879,1.5187977602337885,-0.1730163694113847,6.0,0,8.0001,6.0,inf
162,0,-0.9493981172069346,0.6931818099322231,0.7473631842999835,3.5042999999999997,1,3.5042999999999997,6.0,inf
162,1,-0.9493981172069346,0.6931818099322231,0.7473631842999835,3.5042999999999997,1,3.5042999999999997,6.0,inf
162,2,-0.9493981172069346,0.6931818099322231,0.7473631842999835,3.5042999999999997,1,3.5042999999999997,6.0,inf
162,3,-0.9493981172069346,0.6931818099322231,0.7473631842999835,3.5042999999999997,1,3.5042999999999997,6.0,inf
162,4,-0.9493981172069346,0.6931818099322231,0.7473631842999835,3.5042999999999997,1,3.5042999999999997,6.0,inf
162,5,-0.9493981172069346,0.6931818099322231,0.7473631842999835,3.5042999999999997,1,3.5042999999999997,6.0,inf
163,0,-1.0116747577587506,0.08173921966229304,-0.02653179168021228,1.0841999999999998,1,1.0841999999999998,6.0,inf
163,1,-1.0116747577587506,0.08173921966229304,-0.02653179168021228,1.0841999999999998,1,1.0841999999999998,6.0,inf
163,2,-1.0116747577587506,0.08173921966229304,-0.02653179168021228,1.0841999999999998,1,1.0841999999999998,6.0,inf
163,3,-1.0116747577587506,0.08173921966229304,-0.02653179168021228,1.0841999999999998,1,1.0841999999999998,6.0,inf
163,4,-1.0116747577587506,0.08173921966229304,-0.02653179168021228,1.0841999999999998,1,1.0841999999999998,6.0,inf
163,5,-1.0116747577587506,0.08173921966229304,-0.02653179168021228,1.0841999999999998,1,1.0841999999999998,6.0,inf
164,0,1.5494186692212826,-0.8861745713364798,-0.18636277341725244,3.7821,1,3.7821,6.0,inf
164,1,1.5494186692212826,-0.8861745713364798,-0.18636277341725244,3.7821,1,3.7821,6.0,inf
164,2,1.5494186692212826,-0.8861745713364798,-0.18636277341725244,3.7821,1,3.7821,6.0,inf
164,3,1.5494186692212826,-0.8861745713364798,-0.18636277341725244,3.7821,1,3.7821,6.0,inf
164,4,1.5494186692212826,-0.8861745713364798,-0.18636277341725244,3.7821,1,3.7821,6.0,inf
164,5,1.5494186692212826,-0.8861745713364798,-0.18636277341725244,3.7821,1,3.7821,6.0,inf
165,0,0.5466931444150985,0.18404819396046915,-2.0783243162389717,6.0,0,7.883399999999999,6.0,inf
165,1,0.5466931444150985,0.18404819396046915,-2.0783243162389717,6.0,0,7.883399999999999,6.0,inf
165,2,0.5466931444150985,0.18404819396046915,-2.0783243162389717,6.0,0,7.883399999999999,6.0,inf
165,3,0.5466931444150985,0.18404819396046915,-2.0783243162389717,6.0,0,7.883399999999999,6.0,inf
165,4,0.5466931444150985,0.18404819396046915,-2.0783243162389717,6.0,0,7.883399999999999,6.0,inf
165,5,0.5466931444150985,0.18404819396046915,-2.0783243162389717,6.0,0,7.883399999999999,6.0,inf
166,0,0.30566393881390236,-2.3944353151920668,0.44312640136679127,3.9401999999999995,1,3.9401999999999995,6.0,inf
166,1,0.30566393881390236,-2.3944353151920668,0.44312640136679127,3.9401999999999995,1,3.9401999999999995,6.0,inf
166,2,0.30566393881390236,-2.3944353151920668,0.44312640136679127,3.9401999999999995,1,3.9401999999999995,6.0,inf
166,3,0.30566393881390236,-2.3944353151920668,0.44312640136679127,3.9401999999999995,1,3.9401999999999995,6.0,inf
166,4,0.30566393881390236,-2.3944353151920668,0.44312640136679127,3.9401999999999995,1,3.9401999999999995,6.0,inf
166,5,0.30566393881390236,-2.3944353151920668,0.44312640136679127,3.9401999999999995,1,3.9401999999999995,6.0,inf
167,0,0.9491618310662673,2.2167710977168875,0.26038312463394253,0.5595,1,0.5595,6.0,inf
167,1,0.9491618310662673,2.2167710977168875,0.26038312463394253,0.5595,1,0.5595,6.0,inf
167,2,0.9491618310662673,2.2167710977168875,0.26038312463394253,0.5595,1,0.5595,6.0,inf
167,3,0.9491618310662673,2.2167710977168875,0.26038312463394253,0.5595,1,0.5595,6.0,inf
167,4,0.9491618310662673,2.2167710977168875,0.26038312463394253,0.5595,1,0.5595,6.0,inf
167,5,0.9491618310662673,2.2167710977168875,0.26038312463394253,0.5595,1,0.5595,6.0,inf
168,0,-0.46528546811266897,-1.4842304892010234,-0.7677357649961812,0.7508999999999999,1,0.7508999999999999,6.0,inf
168,1,-0.46528546811266897,-1.4842304892010234,-0.7677357649961812,0.7508999999999999,1,0.7508999999999999,6.0,inf
168,2,-0.46528546811266897,-1.4842304892010234,-0.7677357649961812,0.7508999999999999,1,0.7508999999999999,6.0,inf
168,3,-0.46528546811266897,-1.4842304892010234,-0.7677357649961812,0.7508999999999999,1,0.7508999999999999,6.0,inf
168,4,-0.46528546811266897,-1.4842304892010234,-0.7677357649961812,0.7508999999999999,1,0.7508999999999999,6.0,inf
168,5,-0.46528546811266897,-1.4842304892010234,-0.7677357649961812,0.7508999999999999,1,0.7508999999999999,6.0,inf
169,0,-0.43302656644256726,-0.17352989158966087,-0.7136646883790645,5.9117999999999995,1,5.9117999999999995,6.0,inf
169,1,-0.43302656644256726,-0.17352989158966087,-0.7136646883790645,5.9117999999999995,1,5.9117999999999995,6.0,inf
169,2,-0.43302656644256726,-0.17352989158966087,-0.7136646883790645,5.9117999999999995,1,5.9117999999999995,6.0,inf
169,3,-0.43302656644256726,-0.17352989158966087,-0.7136646883790645,5.9117999999999995,1,5.9117999999999995,6.0,inf
169,4,-0.43302656644256726,-0.17352989158966087,-0.7136646883790645,5.9117999999999995,1,5.9117999999999995,6.0,inf
169,5,-0.43302656644256726,-0.17352989158966087,-0.7136646883790645,5.9117999999999995,1,5.9117999999999995,6.0,inf
170,0,-0.5917782649846968,1.1666520148292243,0.0591444950515667,0.363,1,0.363,6.0,inf
170,1,-0.5917782649846968,1.1666520148292243,0.0591444950515667,0.363,1,0.363,6.0,inf
170,2,-0.5917782649846968,1.1666520148292243,0.0591444950515667,0.363,1,0.363,6.0,inf
170,3,-0.5917782649846968,1.1666520148292243,0.0591444950515667,0.363,1,0.363,6.0,inf
170,4,-0.5917782649846968,1.1666520148292243,0.0591444950515667,0.363,1,0.363,6.0,inf
170,5,-0.5917782649846968,1.1666520148292243,0.0591444950515667,0.363,1,0.363,6.0,inf
171,0,0.7299185411828072,0.01714357495609984,-0.8953538511483201,4.298699999999999,1,4.298699999999999,6.0,inf
171,1,0.7299185411828072,0.01714357495609984,-0.8953538511483201,4.298699999999999,1,4.298699999999999,6.0,inf
171,2,0.7299185411828072,0.01714357495609984,-0.8953538511483201,4.298699999999999,1,4.298699999999999,6.0,inf
171,3,0.7299185411828072,0.01714357495609984,-0.8953538511483201,4.298699999999999,1,4.298699999999999,6.0,inf
171,4,0.7299185411828072,0.01714357495609984,-0.8953538511483201,4.298699999999999,1,4.298699999999999,6.0,inf
171,5,0.7299185411828072,0.01714357495609984,-0.8953538511483201,4.298699999999999,1,4.298699999999999,6.0,inf
172,0,0.5759358856786986,-0.00012028719528150749,0.5982320036949791,0.7817999999999999,1,0.7817999999999999,6.0,inf
172,1,0.5759358856786986,-0.00012028719528150749,0.5982320036949791,0.7817999999999999,1,0.7817999999999999,6.0,inf
172,2,0.5759358856786986,-0.00012028719528150749,0.5982320036949791,0.7817999999999999,1,0.7817999999999999,6.0,inf
172,3,0.5759358856786986,-0.00012028719528150749,0.5982320036949791,0.7817999999999999,1,0.7817999999999999,6.0,inf
172,4,0.5759358856786986,-0.00012028719528150749,0.5982320036949791,0.7817999999999999,1,0.7817999999999999,6.0,inf
172,5,0.5759358856786986,-0.00012028719528150749,0.5982320036949791,0.7817999999999999,1,0.7817999999999999,6.0,inf
173,0,2.2877591423615167,1.4858947077092293,0.6368393078099142,0.054299999999999994,1,0.054299999999999994,6.0,inf
173,1,2.2877591423615167,1.4858947077092293,0.6368393078099142,0.054299999999999994,1,0.054299999999999994,6.0,inf
173,2,2.2877591423615167,1.4858947077092293,0.6368393078099142,0.054299999999999994,1,0.054299999999999994,6.0,inf
173,3,2.2877591423615167,1.4858947077092293,0.6368393078099142,0.054299999999999994,1,0.054299999999999994,6.0,inf
173,4,2.2877591423615167,1.4858947077092293,0.6368393078099142,0.054299999999999994,1,0.054299999999999994,6.0,inf
173,5,2.2877591423615167,1.4858947077092293,0.6368393078099142,0.054299999999999994,1,0.054299999999999994,6.0,inf
174,0,-0.5562387258640668,0.41929718753550577,1.3639523282752157,2.0625,1,2.0625,6.0,inf
174,1,-0.5562387258640668,0.41929718753550577,1.3639523282752157,2.0625,1,2.0625,6.0,inf
174,2,-0.5562387258640668,0.41929718753550577,1.3639523282752157,2.0625,1,2.0625,6.0,inf
174,3,-0.5562387258640668,0.41929718753550577,1.3639523282752157,2.0625,1,2.0625,6.0,inf
174,4,-0.5562387258640668,0.41929718753550577,1.3639523282752157,2.0625,1,2.0625,6.0,inf
174,5,-0.5562387258640668,0.41929718753550577,1.3639523282752157,2.0625,1,2.0625,6.0,inf
175,0,-2.6717866528333865,-0.5816775802546713,0.6137480620075043,6.0,0,6.260699999999999,6.0,inf
175,1,-2.6717866528333865,-0.5816775802546713,0.6137480620075043,6.0,0,6.260699999999999,6.0,inf
175,2,-2.6717866528333865,-0.5816775802546713,0.6137480620075043,6.0,0,6.260699999999999,6.0,inf
175,3,-2.6717866528333865,-0.5816775802546713,0.6137480620075043,6.0,0,6.260699999999999,6.0,inf
175,4,-2.6717866528333865,-0.5816775802546713,0.6137480620075043,6.0,0,6.260699999999999,6.0,inf
175,5,-2.6717866528333865,-0.5816775802546713,0.6137480620075043,6.0,0,6.260699999999999,6.0,inf
176,0,1.146628645105908,-0.5953694226893277,-0.412115821275286,2.2104,1,2.2104,6.0,inf
176,1,1.146628645105908,-0.5953694226893277,-0.412115821275286,2.2104,1,2.2104,6.0,inf
176,2,1.146628645105908,-0.5953694226893277,-0.412115821275286,2.2104,1,2.2104,6.0,inf
176,3,1.146628645105908,-0.5953694226893277,-0.412115821275286,2.2104,1,2.2104,6.0,inf
176,4,1.146628645105908,-0.5953694226893277,-0.412115821275286,2.2104,1,2.2104,6.0,inf
176,5,1.146628645105908,-0.5953694226893277,-0.412115821275286,2.2104,1,2.2104,6.0,inf
177,0,-0.9029578088310879,0.6343681912846105,0.7541756542974062,3.4368,1,3.4368,6.0,inf
177,1,-0.9029578088310879,0.6343681912846105,0.7541756542974062,3.4368,1,3.4368,6.0,inf
177,2,-0.9029578088310879,0.6343681912846105,0.7541756542974062,3.4368,1,3.4368,6.0,inf
177,3,-0.9029578088310879,0.6343681912846105,0.7541756542974062,3.4368,1,3.4368,6.0,inf
177,4,-0.9029578088310879,0.6343681912846105,0.7541756542974062,3.4368,1,3.4368,6.0,inf
177,5,-0.9029578088310879,0.6343681912846105,0.7541756542974062,3.4368,1,3.4368,6.0,inf
178,0,-0.40906515324976894,0.4760908229608317,0.3279846471366009,3.6437999999999997,1,3.6437999999999997,6.0,inf
178,1,-0.40906515324976894,0.4760908229608317,0.3279846471366009,3.6437999999999997,1,3.6437999999999997,6.0,inf
178,2,-0.40906515324976894,0.4760908229608317,0.3279846471366009,3.6437999999999997,1,3.6437999999999997,6.0,inf
178,3,-0.40906515324976894,0.4760908229608317,0.3279846471366009,3.6437999999999997,1,3.6437999999999997,6.0,inf
178,4,-0.40906515324976894,0.4760908229608317,0.3279846471366009,3.6437999999999997,1,3.6437999999999997,6.0,inf
178,5,-0.40906515324976894,0.4760908229608317,0.3279846471366009,3.6437999999999997,1,3.6437999999999997,6.0,inf
179,0,-2.034691725463848,-1.493610576178767,1.3801589790681466,6.0,0,6.675,6.0,inf
179,1,-2.034691725463848,-1.493610576178767,1.3801589790681466,6.0,0,6.675,6.0,inf
179,2,-2.034691725463848,-1.493610576178767,1.3801589790681466,6.0,0,6.675,6.0,inf
179,3,-2.034691725463848,-1.493610576178767,1.3801589790681466,6.0,0,6.675,6.0,inf
179,4,-2.034691725463848,-1.493610576178767,1.3801589790681466,6.0,0,6.675,6.0,inf
179,5,-2.034691725463848,-1.493610576178767,1.3801589790681466,6.0,0,6.675,6.0,inf
180,0,0.9455247461651037,0.8465753766225824,-1.7486668571929014,0.7994999999999999,1,0.7994999999999999,6.0,inf
180,1,0.9455247461651037,0.8465753766225824,-1.7486668571929014,0.7994999999999999,1,0.7994999999999999,6.0,inf
180,2,0.9455247461651037,0.8465753766225824,-1.7486668571929014,0.7994999999999999,1,0.7994999999999999,6.0,inf
180,3,0.9455247461651037,0.8465753766225824,-1.7486668571929014,0.7994999999999999,1,0.7994999999999999,6.0,inf
180,4,0.9455247461651037,0.8465753766225824,-1.7486668571929014,0.7994999999999999,1,0.7994999999999999,6.0,inf
180,5,0.9455247461651037,0.8465753766225824,-1.7486668571929014,0.7994999999999999,1,0.7994999999999999,6.0,inf
181,0,0.7183704237617631,-1.0567219336598113,-0.11361152961281575,0.7316999999999999,1,0.7316999999999999,6.0,inf
181,1,0.7183704237617631,-1.0567219336598113,-0.11361152961281575,0.7316999999999999,1,0.7316999999999999,6.0,inf
181,2,0.7183704237617631,-1.0567219336598113,-0.11361152961281575,0.7316999999999999,1,0.7316999999999999,6.0,inf
181,3,0.7183704237617631,-1.0567219336598113,-0.11361152961281575,0.7316999999999999,1,0.7316999999999999,6.0,inf
181,4,0.7183704237617631,-1.0567219336598113,-0.11361152961281575,0.7316999999999999,1,0.7316999999999999,6.0,inf
181,5,0.7183704237617631,-1.0567219336598113,-0.11361152961281575,0.7316999999999999,1,0.7316999999999999,6.0,inf
182,0,0.26683105047897443,0.3784237777364673,-1.9671410110399838,0.7184999999999999,1,0.7184999999999999,6.0,inf
182,1,0.26683105047897443,0.3784237777364673,-1.9671410110399838,0.7184999999999999,1,0.7184999999999999,6.0,inf
182,2,0.26683105047897443,0.3784237777364673,-1.9671410110399838,0.7184999999999999,1,0.7184999999999999,6.0,inf
182,3,0.26683105047897443,0.3784237777364673,-1.9671410110399838,0.7184999999999999,1,0.7184999999999999,6.0,inf
182,4,0.26683105047897443,0.3784237777364673,-1.9671410110399838,0.7184999999999999,1,0.7184999999999999,6.0,inf
182,5,0.26683105047897443,0.3784237777364673,-1.9671410110399838,0.7184999999999999,1,0.7184999999999999,6.0,inf
183,0,1.7148444013127602,1.2649601861521673,2.9295080293750404,1.0188,1,1.0188,6.0,inf
183,1,1.7148444013127602,1.2649601861521673,2.9295080293750404,1.0188,1,1.0188,6.0,inf
183,2,1.7148444013127602,1.2649601861521673,2.9295080293750404,1.0188,1,1.0188,6.0,inf
183,3,1.7148444013127602,1.2649601861521673,2.9295080293750404,1.0188,1,1.0188,6.0,inf
183,4,1.7148444013127602,1.2649601861521673,2.9295080293750404,1.0188,1,1.0188,6.0,inf
183,5,1.7148444013127602,1.2649601861521673,2.9295080293750404,1.0188,1,1.0188,6.0,inf
184,0,0.2614845324851445,1.7683151260363568,0.454886781730076,0.9344999999999999,1,0.9344999999999999,6.0,inf
184,1,0.2614845324851445,1.7683151260363568,0.454886781730076,0.9344999999999999,1,0.9344999999999999,6.0,inf
184,2,0.2614845324851445,1.7683151260363568,0.454886781730076,0.9344999999999999,1,0.9344999999999999,6.0,inf
184,3,0.2614845324851445,1.7683151260363568,0.454886781730076,0.9344999999999999,1,0.9344999999999999,6.0,inf
184,4,0.2614845324851445,1.7683151260363568,0.454886781730076,0.9344999999999999,1,0.9344999999999999,6.0,inf
184,5,0.2614845324851445,1.7683151260363568,0.454886781730076,0.9344999999999999,1,0.9344999999999999,6.0,inf
185,0,-0.6545916975720869,-0.6594533961070587,-0.9794456403616506,6.0,0,8.0001,6.0,inf
185,1,-0.6545916975720869,-0.6594533961070587,-0.9794456403616506,6.0,0,8.0001,6.0,inf
185,2,-0.6545916975720869,-0.6594533961070587,-0.9794456403616506,6.0,0,8.0001,6.0,inf
185,3,-0.6545916975720869,-0.6594533961070587,-0.9794456403616506,6.0,0,8.0001,6.0,inf
185,4,-0.6545916975720869,-0.6594533961070587,-0.9794456403616506,6.0,0,8.0001,6.0,inf
185,5,-0.6545916975720869,-0.6594533961070587,-0.9794456403616506,6.0,0,8.0001,6.0,inf
186,0,0.7101634120968396,-0.3350608057823257,1.3069271046922912,1.7607,1,1.7607,6.0,inf
186,1,0.7101634120968396,-0.3350608057823257,1.3069271046922912,1.7607,1,1.7607,6.0,inf
186,2,0.7101634120968396,-0.3350608057823257,1.3069271046922912,1.7607,1,1.7607,6.0,inf
186,3,0.7101634120968396,-0.3350608057823257,1.3069271046922912,1.7607,1,1.7607,6.0,inf
186,4,0.7101634120968396,-0.3350608057823257,1.3069271046922912,1.7607,1,1.7607,6.0,inf
186,5,0.7101634120968396,-0.3350608057823257,1.3069271046922912,1.7607,1,1.7607,6.0,inf
187,0,-0.7096905324235817,0.11642913955395694,-2.601202928723528,5.670599999999999,1,5.670599999999999,6.0,inf
187,1,-0.7096905324235817,0.11642913955395694,-2.601202928723528,5.670599999999999,1,5.670599999999999,6.0,inf
187,2,-0.7096905324235817,0.11642913955395694,-2.601202928723528,5.670599999999999,1,5.670599999999999,6.0,inf
187,3,-0.7096905324235817,0.11642913955395694,-2.601202928723528,5.670599999999999,1,5.670599999999999,6.0,inf
187,4,-0.7096905324235817,0.11642913955395694,-2.601202928723528,5.670599999999999,1,5.670599999999999,6.0,inf
187,5,-0.7096905324235817,0.11642913955395694,-2.601202928723528,5.670599999999999,1,5.670599999999999,6.0,inf
188,0,1.0596441447426286,-3.2724600897279696,-1.3989024534630452,3.0999,1,3.0999,6.0,inf
188,1,1.0596441447426286,-3.2724600897279696,-1.3989024534630452,3.0999,1,3.0999,6.0,inf
188,2,1.0596441447426286,-3.2724600897279696,-1.3989024534630452,3.0999,1,3.0999,6.0,inf
188,3,1.0596441447426286,-3.2724600897279696,-1.3989024534630452,3.0999,1,3.0999,6.0,inf
188,4,1.0596441447426286,-3.2724600897279696,-1.3989024534630452,3.0999,1,3.0999,6.0,inf
188,5,1.0596441447426286,-3.2724600897279696,-1.3989024534630452,3.0999,1,3.0999,6.0,inf
189,0,1.4302971085596237,0.07475080682608595,-0.3571894157750373,4.8084,1,4.8084,6.0,inf
189,1,1.4302971085596237,0.07475080682608595,-0.3571894157750373,4.8084,1,4.8084,6.0,inf
189,2,1.4302971085596237,0.07475080682608595,-0.3571894157750373,4.8084,1,4.8084,6.0,inf
189,3,1.4302971085596237,0.07475080682608595,-0.3571894157750373,4.8084,1,4.8084,6.0,inf
189,4,1.4302971085596237,0.07475080682608595,-0.3571894157750373,4.8084,1,4.8084,6.0,inf
189,5,1.4302971085596237,0.07475080682608595,-0.3571894157750373,4.8084,1,4.8084,6.0,inf
190,0,0.10624347951300721,-0.10326041025526161,-0.9659739086744555,2.4467999999999996,1,2.4467999999999996,6.0,inf
190,1,0.10624347951300721,-0.10326041025526161,-0.9659739086744555,2.4467999999999996,1,2.4467999999999996,6.0,inf
190,2,0.10624347951300721,-0.10326041025526161,-0.9659739086744555,2.4467999999999996,1,2.4467999999999996,6.0,inf
190,3,0.10624347951300721,-0.10326041025526161,-0.9659739086744555,2.4467999999999996,1,2.4467999999999996,6.0,inf
190,4,0.10624347951300721,-0.10326041025526161,-0.9659739086744555,2.4467999999999996,1,2.4467999999999996,6.0,inf
190,5,0.10624347951300721,-0.10326041025526161,-0.9659739086744555,2.4467999999999996,1,2.4467999999999996,6.0,inf
191,0,-1.5041024811824948,1.9824173744046447,1.7822225929932158,1.2536999999999998,1,1.2536999999999998,6.0,inf
191,1,-1.5041024811824948,1.9824173744046447,1.7822225929932158,1.2536999999999998,1,1.2536999999999998,6.0,inf
191,2,-1.5041024811824948,1.9824173744046447,1.7822225929932158,1.2536999999999998,1,1.2536999999999998,6.0,inf
191,3,-1.5041024811824948,1.9824173744046447,1.7822225929932158,1.2536999999999998,1,1.2536999999999998,6.0,inf
191,4,-1.5041024811824948,1.9824173744046447,1.7822225929932158,1.2536999999999998,1,1.2536999999999998,6.0,inf
191,5,-1.5041024811824948,1.9824173744046447,1.7822225929932158,1.2536999999999998,1,1.2536999999999998,6.0,inf
192,0,-2.529875448246052,-1.6228594681967285,0.07479509460908941,6.0,0,8.0001,6.0,inf
192,1,-2.529875448246052,-1.6228594681967285,0.07479509460908941,6.0,0,8.0001,6.0,inf
192,2,-2.529875448246052,-1.6228594681967285,0.07479509460908941,6.0,0,8.0001,6.0,inf
192,3,-2.529875448246052,-1.6228594681967285,0.07479509460908941,6.0,0,8.0001,6.0,inf
192,4,-2.529875448246052,-1.6228594681967285,0.07479509460908941,6.0,0,8.0001,6.0,inf
192,5,-2.529875448246052,-1.6228594681967285,0.07479509460908941,6.0,0,8.0001,6.0,inf
193,0,1.1621864804128272,-0.6928974627335127,-0.2111092372511271,1.3055999999999999,1,1.3055999999999999,6.0,inf
193,1,1.1621864804128272,-0.6928974627335127,-0.2111092372511271,1.3055999999999999,1,1.3055999999999999,6.0,inf
193,2,1.1621864804128272,-0.6928974627335127,-0.2111092372511271,1.3055999999999999,1,1.3055999999999999,6.0,inf
193,3,1.1621864804128272,-0.6928974627335127,-0.2111092372511271,1.3055999999999999,1,1.3055999999999999,6.0,inf
193,4,1.1621864804128272,-0.6928974627335127,-0.2111092372511271,1.3055999999999999,1,1.3055999999999999,6.0,inf
193,5,1.1621864804128272,-0.6928974627335127,-0.2111092372511271,1.3055999999999999,1,1.3055999999999999,6.0,inf
194,0,0.4728875040270686,-0.9739705656344094,-1.351708232181231,1.2797999999999998,1,1.2797999999999998,6.0,inf
194,1,0.4728875040270686,-0.9739705656344094,-1.351708232181231,1.2797999999999998,1,1.2797999999999998,6.0,inf
194,2,0.4728875040270686,-0.9739705656344094,-1.351708232181231,1.2797999999999998,1,1.2797999999999998,6.0,inf
194,3,0.4728875040270686,-0.9739705656344094,-1.351708232181231,1.2797999999999998,1,1.2797999999999998,6.0,inf
194,4,0.4728875040270686,-0.9739705656344094,-1.351708232181231,1.2797999999999998,1,1.2797999999999998,6.0,inf
194,5,0.4728875040270686,-0.9739705656344094,-1.351708232181231,1.2797999999999998,1,1.2797999999999998,6.0,inf
195,0,0.4604787992896168,-0.5839686826872933,0.5599842041941042,1.7276999999999998,1,1.7276999999999998,6.0,inf
195,1,0.4604787992896168,-0.5839686826872933,0.5599842041941042,1.7276999999999998,1,1.7276999999999998,6.0,inf
195,2,0.4604787992896168,-0.5839686826872933,0.5599842041941042,1.7276999999999998,1,1.7276999999999998,6.0,inf
195,3,0.4604787992896168,-0.5839686826872933,0.5599842041941042,1.7276999999999998,1,1.7276999999999998,6.0,inf
195,4,0.4604787992896168,-0.5839686826872933,0.5599842041941042,1.7276999999999998,1,1.7276999999999998,6.0,inf
195,5,0.4604787992896168,-0.5839686826872933,0.5599842041941042,1.7276999999999998,1,1.7276999999999998,6.0,inf
196,0,-0.07889207324064182,-0.9607003185666095,0.3881356474366319,4.355099999999999,1,4.355099999999999,6.0,inf
196,1,-0.07889207324064182,-0.9607003185666095,0.3881356474366319,4.355099999999999,1,4.355099999999999,6.0,inf
196,2,-0.07889207324064182,-0.9607003185666095,0.3881356474366319,4.355099999999999,1,4.355099999999999,6.0,inf
196,3,-0.07889207324064182,-0.9607003185666095,0.3881356474366319,4.355099999999999,1,4.355099999999999,6.0,inf
196,4,-0.07889207324064182,-0.9607003185666095,0.3881356474366319,4.355099999999999,1,4.355099999999999,6.0,inf
196,5,-0.07889207324064182,-0.9607003185666095,0.3881356474366319,4.355099999999999,1,4.355099999999999,6.0,inf
197,0,0.11565074151125508,-1.3493919067610392,0.5919977614644615,6.0,0,6.851699999999999,6.0,inf
197,1,0.11565074151125508,-1.3493919067610392,0.5919977614644615,6.0,0,6.851699999999999,6.0,inf
197,2,0.11565074151125508,-1.3493919067610392,0.5919977614644615,6.0,0,6.851699999999999,6.0,inf
197,3,0.11565074151125508,-1.3493919067610392,0.5919977614644615,6.0,0,6.851699999999999,6.0,inf
197,4,0.11565074151125508,-1.3493919067610392,0.5919977614644615,6.0,0,6.851699999999999,6.0,inf
197,5,0.11565074151125508,-1.3493919067610392,0.5919977614644615,6.0,0,6.851699999999999,6.0,inf
198,0,-0.09949764449425574,-2.0357249815301857,-0.05690689027216731,2.6136,1,2.6136,6.0,inf
198,1,-0.09949764449425574,-2.0357249815301857,-0.05690689027216731,2.6136,1,2.6136,6.0,inf
198,2,-0.09949764449425574,-2.0357249815301857,-0.05690689027216731,2.6136,1,2.6136,6.0,inf
198,3,-0.09949764449425574,-2.0357249815301857,-0.05690689027216731,2.6136,1,2.6136,6.0,inf
198,4,-0.09949764449425574,-2.0357249815301857,-0.05690689027216731,2.6136,1,2.6136,6.0,inf
198,5,-0.09949764449425574,-2.0357249815301857,-0.05690689027216731,2.6136,1,2.6136,6.0,inf
199,0,-1.8595703529452166,-0.23846896334203824,-0.5387937142446534,6.0,0,8.0001,6.0,inf
199,1,-1.8595703529452166,-0.23846896334203824,-0.5387937142446534,6.0,0,8.0001,6.0,inf
199,2,-1.8595703529452166,-0.23846896334203824,-0.5387937142446534,6.0,0,8.0001,6.0,inf
199,3,-1.8595703529452166,-0.23846896334203824,-0.5387937142446534,6.0,0,8.0001,6.0,inf
199,4,-1.8595703529452166,-0.23846896334203824,-0.5387937142446534,6.0,0,8.0001,6.0,inf
199,5,-1.8595703529452166,-0.23846896334203824,-0.5387937142446534,6.0,0,8.0001,6.0,inf
200,0,-0.08675417178891133,-0.09526781909731674,-0.8583637274594667,2.0336999999999996,1,2.0336999999999996,6.0,inf
200,1,-0.08675417178891133,-0.09526781909731674,-0.8583637274594667,2.0336999999999996,1,2.0336999999999996,6.0,inf
200,2,-0.08675417178891133,-0.09526781909731674,-0.8583637274594667,2.0336999999999996,1,2.0336999999999996,6.0,inf
200,3,-0.08675417178891133,-0.09526781909731674,-0.8583637274594667,2.0336999999999996,1,2.0336999999999996,6.0,inf
200,4,-0.08675417178891133,-0.09526781909731674,-0.8583637274594667,2.0336999999999996,1,2.0336999999999996,6.0,inf
200,5,-0.08675417178891133,-0.09526781909731674,-0.8583637274594667,2.0336999999999996,1,2.0336999999999996,6.0,inf
201,0,0.06290583462664837,-0.1442566888598968,-0.8087340881091046,6.0,0,6.437399999999999,6.0,inf
201,1,0.06290583462664837,-0.1442566888598968,-0.8087340881091046,6.0,0,6.437399999999999,6.0,inf
201,2,0.06290583462664837,-0.1442566888598968,-0.8087340881091046,6.0,0,6.437399999999999,6.0,inf
201,3,0.06290583462664837,-0.1442566888598968,-0.8087340881091046,6.0,0,6.437399999999999,6.0,inf
201,4,0.06290583462664837,-0.1442566888598968,-0.8087340881091046,6.0,0,6.437399999999999,6.0,inf
201,5,0.06290583462664837,-0.1442566888598968,-0.8087340881091046,6.0,0,6.437399999999999,6.0,inf
202,0,-0.34747592536429195,-0.2687402138936565,-1.4802825429530095,4.4742,1,4.4742,6.0,inf
202,1,-0.34747592536429195,-0.2687402138936565,-1.4802825429530095,4.4742,1,4.4742,6.0,inf
202,2,-0.34747592536429195,-0.2687402138936565,-1.4802825429530095,4.4742,1,4.4742,6.0,inf
202,3,-0.34747592536429195,-0.2687402138936565,-1.4802825429530095,4.4742,1,4.4742,6.0,inf
202,4,-0.34747592536429195,-0.2687402138936565,-1.4802825429530095,4.4742,1,4.4742,6.0,inf
202,5,-0.34747592536429195,-0.2687402138936565,-1.4802825429530095,4.4742,1,4.4742,6.0,inf
203,0,-0.44208842416010313,-2.652439955097382,0.22024258797947757,6.0,0,8.0001,6.0,inf
203,1,-0.44208842416010313,-2.652439955097382,0.22024258797947757,6.0,0,8.0001,6.0,inf
203,2,-0.44208842416010313,-2.652439955097382,0.22024258797947757,6.0,0,8.0001,6.0,inf
203,3,-0.44208842416010313,-2.652439955097382,0.22024258797947757,6.0,0,8.0001,6.0,inf
203,4,-0.44208842416010313,-2.652439955097382,0.22024258797947757,6.0,0,8.0001,6.0,inf
203,5,-0.44208842416010313,-2.652439955097382,0.22024258797947757,6.0,0,8.0001,6.0,inf
204,0,0.4257926166178188,1.4417552842416346,-0.8859132682190334,1.4087999999999998,1,1.4087999999999998,6.0,inf
204,1,0.4257926166178188,1.4417552842416346,-0.8859132682190334,1.4087999999999998,1,1.4087999999999998,6.0,inf
204,2,0.4257926166178188,1.4417552842416346,-0.8859132682190334,1.4087999999999998,1,1.4087999999999998,6.0,inf
204,3,0.4257926166178188,1.4417552842416346,-0.8859132682190334,1.4087999999999998,1,1.4087999999999998,6.0,inf
204,4,0.4257926166178188,1.4417552842416346,-0.8859132682190334,1.4087999999999998,1,1.4087999999999998,6.0,inf
204,5,0.4257926166178188,1.4417552842416346,-0.8859132682190334,1.4087999999999998,1,1.4087999999999998,6.0,inf
205,0,-0.9286298276248237,0.23209790955000917,-0.013886567080739515,6.0,0,8.0001,6.0,inf
205,1,-0.9286298276248237,0.23209790955000917,-0.013886567080739515,6.0,0,8.0001,6.0,inf
205,2,-0.9286298276248237,0.23209790955000917,-0.013886567080739515,6.0,0,8.0001,6.0,inf
205,3,-0.9286298276248237,0.23209790955000917,-0.013886567080739515,6.0,0,8.0001,6.0,inf
205,4,-0.9286298276248237,0.23209790955000917,-0.013886567080739515,6.0,0,8.0001,6.0,inf
205,5,-0.9286298276248237,0.23209790955000917,-0.013886567080739515,6.0,0,8.0001,6.0,inf
206,0,-1.122995853740022,-0.5045105926843622,-1.0807039130686016,6.0,0,8.0001,6.0,inf
206,1,-1.122995853740022,-0.5045105926843622,-1.0807039130686016,6.0,0,8.0001,6.0,inf
206,2,-1.122995853740022,-0.5045105926843622,-1.0807039130686016,6.0,0,8.0001,6.0,inf
206,3,-1.122995853740022,-0.5045105926843622,-1.0807039130686016,6.0,0,8.0001,6.0,inf
206,4,-1.122995853740022,-0.5045105926843622,-1.0807039130686016,6.0,0,8.0001,6.0,inf
206,5,-1.122995853740022,-0.5045105926843622,-1.0807039130686016,6.0,0,8.0001,6.0,inf
207,0,-0.7470086486572869,-0.6663833502363546,0.21686463737345218,6.0,0,8.0001,6.0,inf
207,1,-0.7470086486572869,-0.6663833502363546,0.21686463737345218,6.0,0,8.0001,6.0,inf
207,2,-0.7470086486572869,-0.6663833502363546,0.21686463737345218,6.0,0,8.0001,6.0,inf
207,3,-0.7470086486572869,-0.6663833502363546,0.21686463737345218,6.0,0,8.0001,6.0,inf
207,4,-0.7470086486572869,-0.6663833502363546,0.21686463737345218,6.0,0,8.0001,6.0,inf
207,5,-0.7470086486572869,-0.6663833502363546,0.21686463737345218,6.0,0,8.0001,6.0,inf
208,0,0.6594374793177429,-0.48907777566896127,-0.8816992780107237,0.5066999999999999,1,0.5066999999999999,6.0,inf
208,1,0.6594374793177429,-0.48907777566896127,-0.8816992780107237,0.5066999999999999,1,0.5066999999999999,6.0,inf
208,2,0.6594374793177429,-0.48907777566896127,-0.8816992780107237,0.5066999999999999,1,0.5066999999999999,6.0,inf
208,3,0.6594374793177429,-0.48907777566896127,-0.8816992780107237,0.5066999999999999,1,0.5066999999999999,6.0,inf
208,4,0.6594374793177429,-0.48907777566896127,-0.8816992780107237,0.5066999999999999,1,0.5066999999999999,6.0,inf
208,5,0.6594374793177429,-0.48907777566896127,-0.8816992780107237,0.5066999999999999,1,0.5066999999999999,6.0,inf
209,0,-1.2548953813456263,-1.6776805083679804,0.2910554855369628,4.1213999999999995,1,4.1213999999999995,6.0,inf
209,1,-1.2548953813456263,-1.6776805083679804,0.2910554855369628,4.1213999999999995,1,4.1213999999999995,6.0,inf
209,2,-1.2548953813456263,-1.6776805083679804,0.2910554855369628,4.1213999999999995,1,4.1213999999999995,6.0,inf
209,3,-1.2548953813456263,-1.6776805083679804,0.2910554855369628,4.1213999999999995,1,4.1213999999999995,6.0,inf
209,4,-1.2548953813456263,-1.6776805083679804,0.2910554855369628,4.1213999999999995,1,4.1213999999999995,6.0,inf
209,5,-1.2548953813456263,-1.6776805083679804,0.2910554855369628,4.1213999999999995,1,4.1213999999999995,6.0,inf
210,0,-0.028715434705767207,-1.5254330256273498,-0.03940639293278586,5.9856,1,5.9856,6.0,inf
210,1,-0.028715434705767207,-1.5254330256273498,-0.03940639293278586,5.9856,1,5.9856,6.0,inf
210,2,-0.028715434705767207,-1.5254330256273498,-0.03940639293278586,5.9856,1,5.9856,6.0,inf
210,3,-0.028715434705767207,-1.5254330256273498,-0.03940639293278586,5.9856,1,5.9856,6.0,inf
210,4,-0.028715434705767207,-1.5254330256273498,-0.03940639293278586,5.9856,1,5.9856,6.0,inf
210,5,-0.028715434705767207,-1.5254330256273498,-0.03940639293278586,5.9856,1,5.9856,6.0,inf
211,0,-0.29112231913176795,1.1532215863662911,0.9583415684395512,1.4435999999999998,1,1.4435999999999998,6.0,inf
211,1,-0.29112231913176795,1.1532215863662911,0.9583415684395512,1.4435999999999998,1,1.4435999999999998,6.0,inf
211,2,-0.29112231913176795,1.1532215863662911,0.9583415684395512,1.4435999999999998,1,1.4435999999999998,6.0,inf
211,3,-0.29112231913176795,1.1532215863662911,0.9583415684395512,1.4435999999999998,1,1.4435999999999998,6.0,inf
211,4,-0.29112231913176795,1.1532215863662911,0.9583415684395512,1.4435999999999998,1,1.4435999999999998,6.0,inf
211,5,-0.29112231913176795,1.1532215863662911,0.9583415684395512,1.4435999999999998,1,1.4435999999999998,6.0,inf
212,0,1.5893622822727433,0.22905023129526136,-0.359921154699228,2.0732999999999997,1,2.0732999999999997,6.0,inf
212,1,1.5893622822727433,0.22905023129526136,-0.359921154699228,2.0732999999999997,1,2.0732999999999997,6.0,inf
212,2,1.5893622822727433,0.22905023129526136,-0.359921154699228,2.0732999999999997,1,2.0732999999999997,6.0,inf
212,3,1.5893622822727433,0.22905023129526136,-0.359921154699228,2.0732999999999997,1,2.0732999999999997,6.0,inf
212,4,1.5893622822727433,0.22905023129526136,-0.359921154699228,2.0732999999999997,1,2.0732999999999997,6.0,inf
212,5,1.5893622822727433,0.22905023129526136,-0.359921154699228,2.0732999999999997,1,2.0732999999999997,6.0,inf
213,0,1.3663998723660964,-0.7009558194302449,-1.165045899949007,3.5441999999999996,1,3.5441999999999996,6.0,inf
213,1,1.3663998723660964,-0.7009558194302449,-1.165045899949007,3.5441999999999996,1,3.5441999999999996,6.0,inf
213,2,1.3663998723660964,-0.7009558194302449,-1.165045899949007,3.5441999999999996,1,3.5441999999999996,6.0,inf
213,3,1.3663998723660964,-0.7009558194302449,-1.165045899949007,3.5441999999999996,1,3.5441999999999996,6.0,inf
213,4,1.3663998723660964,-0.7009558194302449,-1.165045899949007,3.5441999999999996,1,3.5441999999999996,6.0,inf
213,5,1.3663998723660964,-0.7009558194302449,-1.165045899949007,3.5441999999999996,1,3.5441999999999996,6.0,inf
214,0,0.26589522731150994,0.171899007245469,-1.437534523497547,5.003399999999999,1,5.003399999999999,6.0,inf
214,1,0.26589522731150994,0.171899007245469,-1.437534523497547,5.003399999999999,1,5.003399999999999,6.0,inf
214,2,0.26589522731150994,0.171899007245469,-1.437534523497547,5.003399999999999,1,5.003399999999999,6.0,inf
214,3,0.26589522731150994,0.171899007245469,-1.437534523497547,5.003399999999999,1,5.003399999999999,6.0,inf
214,4,0.26589522731150994,0.171899007245469,-1.437534523497547,5.003399999999999,1,5.003399999999999,6.0,inf
214,5,0.26589522731150994,0.171899007245469,-1.437534523497547,5.003399999999999,1,5.003399999999999,6.0,inf
215,0,1.910464945257802,0.3141806271369339,1.5503146574588083,1.6092,1,1.6092,6.0,inf
215,1,1.910464945257802,0.3141806271369339,1.5503146574588083,1.6092,1,1.6092,6.0,inf
215,2,1.910464945257802,0.3141806271369339,1.5503146574588083,1.6092,1,1.6092,6.0,inf
215,3,1.910464945257802,0.3141806271369339,1.5503146574588083,1.6092,1,1.6092,6.0,inf
215,4,1.910464945257802,0.3141806271369339,1.5503146574588083,1.6092,1,1.6092,6.0,inf
215,5,1.910464945257802,0.3141806271369339,1.5503146574588083,1.6092,1,1.6092,6.0,inf
216,0,0.4329636488791432,-2.117996915183355,0.1356680885678799,5.6537999999999995,1,5.6537999999999995,6.0,inf
216,1,0.4329636488791432,-2.117996915183355,0.1356680885678799,5.6537999999999995,1,5.6537999999999995,6.0,inf
216,2,0.4329636488791432,-2.117996915183355,0.1356680885678799,5.6537999999999995,1,5.6537999999999995,6.0,inf
216,3,0.4329636488791432,-2.117996915183355,0.1356680885678799,5.6537999999999995,1,5.6537999999999995,6.0,inf
216,4,0.4329636488791432,-2.117996915183355,0.1356680885678799,5.6537999999999995,1,5.6537999999999995,6.0,inf
216,5,0.4329636488791432,-2.117996915183355,0.1356680885678799,5.6537999999999995,1,5.6537999999999995,6.0,inf
217,0,0.5542311215340718,0.5205104458563257,1.404994042708724,1.5395999999999999,1,1.5395999999999999,6.0,inf
217,1,0.5542311215340718,0.5205104458563257,1.404994042708724,1.5395999999999999,1,1.5395999999999999,6.0,inf
217,2,0.5542311215340718,0.5205104458563257,1.404994042708724,1.5395999999999999,1,1.5395999999999999,6.0,inf
217,3,0.5542311215340718,0.5205104458563257,1.404994042708724,1.5395999999999999,1,1.5395999999999999,6.0,inf
217,4,0.5542311215340718,0.5205104458563257,1.404994042708724,1.5395999999999999,1,1.5395999999999999,6.0,inf
217,5,0.5542311215340718,0.5205104458563257,1.404994042708724,1.5395999999999999,1,1.5395999999999999,6.0,inf
218,0,0.6235429611389067,0.2055102916697151,-0.38003550590690166,0.6983999999999999,1,0.6983999999999999,6.0,inf
218,1,0.6235429611389067,0.2055102916697151,-0.38003550590690166,0.6983999999999999,1,0.6983999999999999,6.0,inf
218,2,0.6235429611389067,0.2055102916697151,-0.38003550590690166,0.6983999999999999,1,0.6983999999999999,6.0,inf
218,3,0.6235429611389067,0.2055102916697151,-0.38003550590690166,0.6983999999999999,1,0.6983999999999999,6.0,inf
218,4,0.6235429611389067,0.2055102916697151,-0.38003550590690166,0.6983999999999999,1,0.6983999999999999,6.0,inf
218,5,0.6235429611389067,0.2055102916697151,-0.38003550590690166,0.6983999999999999,1,0.6983999999999999,6.0,inf
219,0,-0.42135788971713123,-0.015196515835185262,1.3919135087885226,1.0422,1,1.0422,6.0,inf
219,1,-0.42135788971713123,-0.015196515835185262,1.3919135087885226,1.0422,1,1.0422,6.0,inf
219,2,-0.42135788971713123,-0.015196515835185262,1.3919135087885226,1.0422,1,1.0422,6.0,inf
219,3,-0.42135788971713123,-0.015196515835185262,1.3919135087885226,1.0422,1,1.0422,6.0,inf
219,4,-0.42135788971713123,-0.015196515835185262,1.3919135087885226,1.0422,1,1.0422,6.0,inf
219,5,-0.42135788971713123,-0.015196515835185262,1.3919135087885226,1.0422,1,1.0422,6.0,inf
220,0,0.6526960478105147,-0.551797408567186,-1.1969335004659862,2.268,1,2.268,6.0,inf
220,1,0.6526960478105147,-0.551797408567186,-1.1969335004659862,2.268,1,2.268,6.0,inf
220,2,0.6526960478105147,-0.551797408567186,-1.1969335004659862,2.268,1,2.268,6.0,inf
220,3,0.6526960478105147,-0.551797408567186,-1.1969335004659862,2.268,1,2.268,6.0,inf
220,4,0.6526960478105147,-0.551797408567186,-1.1969335004659862,2.268,1,2.268,6.0,inf
220,5,0.6526960478105147,-0.551797408567186,-1.1969335004659862,2.268,1,2.268,6.0,inf
221,0,0.5909231699498662,-1.0752343980034205,0.13985574333794634,1.6547999999999998,1,1.6547999999999998,6.0,inf
221,1,0.5909231699498662,-1.0752343980034205,0.13985574333794634,1.6547999999999998,1,1.6547999999999998,6.0,inf
221,2,0.5909231699498662,-1.0752343980034205,0.13985574333794634,1.6547999999999998,1,1.6547999999999998,6.0,inf
221,3,0.5909231699498662,-1.0752343980034205,0.13985574333794634,1.6547999999999998,1,1.6547999999999998,6.0,inf
221,4,0.5909231699498662,-1.0752343980034205,0.13985574333794634,1.6547999999999998,1,1.6547999999999998,6.0,inf
221,5,0.5909231699498662,-1.0752343980034205,0.13985574333794634,1.6547999999999998,1,1.6547999999999998,6.0,inf
222,0,-0.8706243588523616,-0.2807828106221794,0.30718471367975186,3.7850999999999995,1,3.7850999999999995,6.0,inf
222,1,-0.8706243588523616,-0.2807828106221794,0.30718471367975186,3.7850999999999995,1,3.7850999999999995,6.0,inf
222,2,-0.8706243588523616,-0.2807828106221794,0.30718471367975186,3.7850999999999995,1,3.7850999999999995,6.0,inf
222,3,-0.8706243588523616,-0.2807828106221794,0.30718471367975186,3.7850999999999995,1,3.7850999999999995,6.0,inf
222,4,-0.8706243588523616,-0.2807828106221794,0.30718471367975186,3.7850999999999995,1,3.7850999999999995,6.0,inf
222,5,-0.8706243588523616,-0.2807828106221794,0.30718471367975186,3.7850999999999995,1,3.7850999999999995,6.0,inf
223,0,-1.718813128920896,-0.927573307008622,-0.3145094100580027,6.0,0,8.0001,6.0,inf
223,1,-1.718813128920896,-0.927573307008622,-0.3145094100580027,6.0,0,8.0001,6.0,inf
223,2,-1.718813128920896,-0.927573307008622,-0.3145094100580027,6.0,0,8.0001,6.0,inf
223,3,-1.718813128920896,-0.927573307008622,-0.3145094100580027,6.0,0,8.0001,6.0,inf
223,4,-1.718813128920896,-0.927573307008622,-0.3145094100580027,6.0,0,8.0001,6.0,inf
223,5,-1.718813128920896,-0.927573307008622,-0.3145094100580027,6.0,0,8.0001,6.0,inf
224,0,1.7106259465396008,0.6677714238782467,0.43046451189460355,1.1264999999999998,1,1.1264999999999998,6.0,inf
224,1,1.7106259465396008,0.6677714238782467,0.43046451189460355,1.1264999999999998,1,1.1264999999999998,6.0,inf
224,2,1.7106259465396008,0.6677714238782467,0.43046451189460355,1.1264999999999998,1,1.1264999999999998,6.0,inf
224,3,1.7106259465396008,0.6677714238782467,0.43046451189460355,1.1264999999999998,1,1.1264999999999998,6.0,inf
224,4,1.7106259465396008,0.6677714238782467,0.43046451189460355,1.1264999999999998,1,1.1264999999999998,6.0,inf
224,5,1.7106259465396008,0.6677714238782467,0.43046451189460355,1.1264999999999998,1,1.1264999999999998,6.0,inf
225,0,-0.5767799228085289,0.08349870615406375,0.09203504638507477,0.10079999999999999,1,0.10079999999999999,6.0,inf
225,1,-0.5767799228085289,0.08349870615406375,0.09203504638507477,0.10079999999999999,1,0.10079999999999999,6.0,inf
225,2,-0.5767799228085289,0.08349870615406375,0.09203504638507477,0.10079999999999999,1,0.10079999999999999,6.0,inf
225,3,-0.5767799228085289,0.08349870615406375,0.09203504638507477,0.10079999999999999,1,0.10079999999999999,6.0,inf
225,4,-0.5767799228085289,0.08349870615406375,0.09203504638507477,0.10079999999999999,1,0.10079999999999999,6.0,inf
225,5,-0.5767799228085289,0.08349870615406375,0.09203504638507477,0.10079999999999999,1,0.10079999999999999,6.0,inf
226,0,0.1022148644926921,-0.3378388852444684,-0.4116906055140284,3.7442999999999995,1,3.7442999999999995,6.0,inf
226,1,0.1022148644926921,-0.3378388852444684,-0.4116906055140284,3.7442999999999995,1,3.7442999999999995,6.0,inf
226,2,0.1022148644926921,-0.3378388852444684,-0.4116906055140284,3.7442999999999995,1,3.7442999999999995,6.0,inf
226,3,0.1022148644926921,-0.3378388852444684,-0.4116906055140284,3.7442999999999995,1,3.7442999999999995,6.0,inf
226,4,0.1022148644926921,-0.3378388852444684,-0.4116906055140284,3.7442999999999995,1,3.7442999999999995,6.0,inf
226,5,0.1022148644926921,-0.3378388852444684,-0.4116906055140284,3.7442999999999995,1,3.7442999999999995,6.0,inf
227,0,1.0804123944982456,0.6082579726682853,-0.49067926599366085,1.3437,1,1.3437,6.0,inf
227,1,1.0804123944982456,0.6082579726682853,-0.49067926599366085,1.3437,1,1.3437,6.0,inf
227,2,1.0804123944982456,0.6082579726682853,-0.49067926599366085,1.3437,1,1.3437,6.0,inf
227,3,1.0804123944982456,0.6082579726682853,-0.49067926599366085,1.3437,1,1.3437,6.0,inf
227,4,1.0804123944982456,0.6082579726682853,-0.49067926599366085,1.3437,1,1.3437,6.0,inf
227,5,1.0804123944982456,0.6082579726682853,-0.49067926599366085,1.3437,1,1.3437,6.0,inf
228,0,-1.2158440858684438,0.6673023890403834,0.5067499916906265,1.9979999999999998,1,1.9979999999999998,6.0,inf
228,1,-1.2158440858684438,0.6673023890403834,0.5067499916906265,1.9979999999999998,1,1.9979999999999998,6.0,inf
228,2,-1.2158440858684438,0.6673023890403834,0.5067499916906265,1.9979999999999998,1,1.9979999999999998,6.0,inf
228,3,-1.2158440858684438,0.6673023890403834,0.5067499916906265,1.9979999999999998,1,1.9979999999999998,6.0,inf
228,4,-1.2158440858684438,0.6673023890403834,0.5067499916906265,1.9979999999999998,1,1.9979999999999998,6.0,inf
228,5,-1.2158440858684438,0.6673023890403834,0.5067499916906265,1.9979999999999998,1,1.9979999999999998,6.0,inf
229,0,-1.7732013313560144,-0.744088828093324,0.45309187319834926,6.0,0,7.168799999999999,6.0,inf
229,1,-1.7732013313560144,-0.744088828093324,0.45309187319834926,6.0,0,7.168799999999999,6.0,inf
229,2,-1.7732013313560144,-0.744088828093324,0.45309187319834926,6.0,0,7.168799999999999,6.0,inf
229,3,-1.7732013313560144,-0.744088828093324,0.45309187319834926,6.0,0,7.168799999999999,6.0,inf
229,4,-1.7732013313560144,-0.744088828093324,0.45309187319834926,6.0,0,7.168799999999999,6.0,inf
229,5,-1.7732013313560144,-0.744088828093324,0.45309187319834926,6.0,0,7.168799999999999,6.0,inf
230,0,-1.7193133324257235,0.011149152201586479,-0.2416287485436328,6.0,0,8.0001,6.0,inf
230,1,-1.7193133324257235,0.011149152201586479,-0.2416287485436328,6.0,0,8.0001,6.0,inf
230,2,-1.7193133324257235,0.011149152201586479,-0.2416287485436328,6.0,0,8.0001,6.0,inf
230,3,-1.7193133324257235,0.011149152201586479,-0.2416287485436328,6.0,0,8.0001,6.0,inf
230,4,-1.7193133324257235,0.011149152201586479,-0.2416287485436328,6.0,0,8.0001,6.0,inf
230,5,-1.7193133324257235,0.011149152201586479,-0.2416287485436328,6.0,0,8.0001,6.0,inf
231,0,0.7820297678839676,1.036483921756767,0.6059028053405129,1.5839999999999999,1,1.5839999999999999,6.0,inf
231,1,0.7820297678839676,1.036483921756767,0.6059028053405129,1.5839999999999999,1,1.5839999999999999,6.0,inf
231,2,0.7820297678839676,1.036483921756767,0.6059028053405129,1.5839999999999999,1,1.5839999999999999,6.0,inf
231,3,0.7820297678839676,1.036483921756767,0.6059028053405129,1.5839999999999999,1,1.5839999999999999,6.0,inf
231,4,0.7820297678839676,1.036483921756767,0.6059028053405129,1.5839999999999999,1,1.5839999999999999,6.0,inf
231,5,0.7820297678839676,1.036483921756767,0.6059028053405129,1.5839999999999999,1,1.5839999999999999,6.0,inf
232,0,0.27248947506081944,-0.24524679929241158,2.0827865067050766,0.8798999999999999,1,0.8798999999999999,6.0,inf
232,1,0.27248947506081944,-0.24524679929241158,2.0827865067050766,0.8798999999999999,1,0.8798999999999999,6.0,inf
232,2,0.27248947506081944,-0.24524679929241158,2.0827865067050766,0.8798999999999999,1,0.8798999999999999,6.0,inf
232,3,0.27248947506081944,-0.24524679929241158,2.0827865067050766,0.8798999999999999,1,0.8798999999999999,6.0,inf
232,4,0.27248947506081944,-0.24524679929241158,2.0827865067050766,0.8798999999999999,1,0.8798999999999999,6.0,inf
232,5,0.27248947506081944,-0.24524679929241158,2.0827865067050766,0.8798999999999999,1,0.8798999999999999,6.0,inf
233,0,-0.35391270672024355,1.2596839812586151,0.6340049379682333,2.1906,1,2.1906,6.0,inf
233,1,-0.35391270672024355,1.2596839812586151,0.6340049379682333,2.1906,1,2.1906,6.0,inf
233,2,-0.35391270672024355,1.2596839812586151,0.6340049379682333,2.1906,1,2.1906,6.0,inf
233,3,-0.35391270672024355,1.2596839812586151,0.6340049379682333,2.1906,1,2.1906,6.0,inf
233,4,-0.35391270672024355,1.2596839812586151,0.6340049379682333,2.1906,1,2.1906,6.0,inf
233,5,-0.35391270672024355,1.2596839812586151,0.6340049379682333,2.1906,1,2.1906,6.0,inf
234,0,1.4459780762361978,1.6472982948131412,-0.9053235500082661,2.1771,1,2.1771,6.0,inf
234,1,1.4459780762361978,1.6472982948131412,-0.9053235500082661,2.1771,1,2.1771,6.0,inf
234,2,1.4459780762361978,1.6472982948131412,-0.9053235500082661,2.1771,1,2.1771,6.0,inf
234,3,1.4459780762361978,1.6472982948131412,-0.9053235500082661,2.1771,1,2.1771,6.0,inf
234,4,1.4459780762361978,1.6472982948131412,-0.9053235500082661,2.1771,1,2.1771,6.0,inf
234,5,1.4459780762361978,1.6472982948131412,-0.9053235500082661,2.1771,1,2.1771,6.0,inf
235,0,-1.4380275870781452,0.9581300490654173,-0.7586707754527929,6.0,0,6.5306999999999995,6.0,inf
235,1,-1.4380275870781452,0.9581300490654173,-0.7586707754527929,6.0,0,6.5306999999999995,6.0,inf
235,2,-1.4380275870781452,0.9581300490654173,-0.7586707754527929,6.0,0,6.5306999999999995,6.0,inf
235,3,-1.4380275870781452,0.9581300490654173,-0.7586707754527929,6.0,0,6.5306999999999995,6.0,inf
235,4,-1.4380275870781452,0.9581300490654173,-0.7586707754527929,6.0,0,6.5306999999999995,6.0,inf
235,5,-1.4380275870781452,0.9581300490654173,-0.7586707754527929,6.0,0,6.5306999999999995,6.0,inf
236,0,-1.858921245063976,-0.2224073856175392,-0.047065011657138965,6.0,0,8.0001,6.0,inf
236,1,-1.858921245063976,-0.2224073856175392,-0.047065011657138965,6.0,0,8.0001,6.0,inf
236,2,-1.858921245063976,-0.2224073856175392,-0.047065011657138965,6.0,0,8.0001,6.0,inf
236,3,-1.858921245063976,-0.2224073856175392,-0.047065011657138965,6.0,0,8.0001,6.0,inf
236,4,-1.858921245063976,-0.2224073856175392,-0.047065011657138965,6.0,0,8.0001,6.0,inf
236,5,-1.858921245063976,-0.2224073856175392,-0.047065011657138965,6.0,0,8.0001,6.0,inf
237,0,1.0071069772596957,0.6695305669948936,0.14109065446088423,0.20459999999999998,1,0.20459999999999998,6.0,inf
237,1,1.0071069772596957,0.6695305669948936,0.14109065446088423,0.20459999999999998,1,0.20459999999999998,6.0,inf
237,2,1.0071069772596957,0.6695305669948936,0.14109065446088423,0.20459999999999998,1,0.20459999999999998,6.0,inf
237,3,1.0071069772596957,0.6695305669948936,0.14109065446088423,0.20459999999999998,1,0.20459999999999998,6.0,inf
237,4,1.0071069772596957,0.6695305669948936,0.14109065446088423,0.20459999999999998,1,0.20459999999999998,6.0,inf
237,5,1.0071069772596957,0.6695305669948936,0.14109065446088423,0.20459999999999998,1,0.20459999999999998,6.0,inf
238,0,-1.221565769142105,-3.0132054914151234,-0.5684838735935827,6.0,0,6.552,6.0,inf
238,1,-1.221565769142105,-3.0132054914151234,-0.5684838735935827,6.0,0,6.552,6.0,inf
238,2,-1.221565769142105,-3.0132054914151234,-0.5684838735935827,6.0,0,6.552,6.0,inf
238,3,-1.221565769142105,-3.0132054914151234,-0.5684838735935827,6.0,0,6.552,6.0,inf
238,4,-1.221565769142105,-3.0132054914151234,-0.5684838735935827,6.0,0,6.552,6.0,inf
238,5,-1.221565769142105,-3.0132054914151234,-0.5684838735935827,6.0,0,6.552,6.0,inf
239,0,1.6229127056921315,0.7520360171869586,0.9956252837642321,1.9850999999999999,1,1.9850999999999999,6.0,inf
239,1,1.6229127056921315,0.7520360171869586,0.9956252837642321,1.9850999999999999,1,1.9850999999999999,6.0,inf
239,2,1.6229127056921315,0.7520360171869586,0.9956252837642321,1.9850999999999999,1,1.9850999999999999,6.0,inf
239,3,1.6229127056921315,0.7520360171869586,0.9956252837642321,1.9850999999999999,1,1.9850999999999999,6.0,inf
239,4,1.6229127056921315,0.7520360171869586,0.9956252837642321,1.9850999999999999,1,1.9850999999999999,6.0,inf
239,5,1.6229127056921315,0.7520360171869586,0.9956252837642321,1.9850999999999999,1,1.9850999999999999,6.0,inf
240,0,-0.3412117808056416,-0.23674260279395173,0.22841437762623465,0.25739999999999996,1,0.25739999999999996,6.0,inf
240,1,-0.3412117808056416,-0.23674260279395173,0.22841437762623465,0.25739999999999996,1,0.25739999999999996,6.0,inf
240,2,-0.3412117808056416,-0.23674260279395173,0.22841437762623465,0.25739999999999996,1,0.25739999999999996,6.0,inf
240,3,-0.3412117808056416,-0.23674260279395173,0.22841437762623465,0.25739999999999996,1,0.25739999999999996,6.0,inf
240,4,-0.3412117808056416,-0.23674260279395173,0.22841437762623465,0.25739999999999996,1,0.25739999999999996,6.0,inf
240,5,-0.3412117808056416,-0.23674260279395173,0.22841437762623465,0.25739999999999996,1,0.25739999999999996,6.0,inf
241,0,0.2642818391699508,-0.8710073325347616,-1.696634081558305,4.9143,1,4.9143,6.0,inf
241,1,0.2642818391699508,-0.8710073325347616,-1.696634081558305,4.9143,1,4.9143,6.0,inf
241,2,0.2642818391699508,-0.8710073325347616,-1.696634081558305,4.9143,1,4.9143,6.0,inf
241,3,0.2642818391699508,-0.8710073325347616,-1.696634081558305,4.9143,1,4.9143,6.0,inf
241,4,0.2642818391699508,-0.8710073325347616,-1.696634081558305,4.9143,1,4.9143,6.0,inf
241,5,0.2642818391699508,-0.8710073325347616,-1.696634081558305,4.9143,1,4.9143,6.0,inf
242,0,-0.31210733348267916,-0.721287073646307,0.45884034891608294,3.6578999999999997,1,3.6578999999999997,6.0,inf
242,1,-0.31210733348267916,-0.721287073646307,0.45884034891608294,3.6578999999999997,1,3.6578999999999997,6.0,inf
242,2,-0.31210733348267916,-0.721287073646307,0.45884034891608294,3.6578999999999997,1,3.6578999999999997,6.0,inf
242,3,-0.31210733348267916,-0.721287073646307,0.45884034891608294,3.6578999999999997,1,3.6578999999999997,6.0,inf
242,4,-0.31210733348267916,-0.721287073646307,0.45884034891608294,3.6578999999999997,1,3.6578999999999997,6.0,inf
242,5,-0.31210733348267916,-0.721287073646307,0.45884034891608294,3.6578999999999997,1,3.6578999999999997,6.0,inf
243,0,0.8984127792164518,0.48136779731177254,-1.1726375818767478,2.9964,1,2.9964,6.0,inf
243,1,0.8984127792164518,0.48136779731177254,-1.1726375818767478,2.9964,1,2.9964,6.0,inf
243,2,0.8984127792164518,0.48136779731177254,-1.1726375818767478,2.9964,1,2.9964,6.0,inf
243,3,0.8984127792164518,0.48136779731177254,-1.1726375818767478,2.9964,1,2.9964,6.0,inf
243,4,0.8984127792164518,0.48136779731177254,-1.1726375818767478,2.9964,1,2.9964,6.0,inf
243,5,0.8984127792164518,0.48136779731177254,-1.1726375818767478,2.9964,1,2.9964,6.0,inf
244,0,-0.6343543223421436,-1.4597254869186396,0.029205035180648767,1.4619,1,1.4619,6.0,inf
244,1,-0.6343543223421436,-1.4597254869186396,0.029205035180648767,1.4619,1,1.4619,6.0,inf
244,2,-0.6343543223421436,-1.4597254869186396,0.029205035180648767,1.4619,1,1.4619,6.0,inf
244,3,-0.6343543223421436,-1.4597254869186396,0.029205035180648767,1.4619,1,1.4619,6.0,inf
244,4,-0.6343543223421436,-1.4597254869186396,0.029205035180648767,1.4619,1,1.4619,6.0,inf
244,5,-0.6343543223421436,-1.4597254869186396,0.029205035180648767,1.4619,1,1.4619,6.0,inf
245,0,-0.669617759875497,-0.493942683353727,-2.2683420651315664,6.0,0,7.711799999999999,6.0,inf
245,1,-0.669617759875497,-0.493942683353727,-2.2683420651315664,6.0,0,7.711799999999999,6.0,inf
245,2,-0.669617759875497,-0.493942683353727,-2.2683420651315664,6.0,0,7.711799999999999,6.0,inf
245,3,-0.669617759875497,-0.493942683353727,-2.2683420651315664,6.0,0,7.711799999999999,6.0,inf
245,4,-0.669617759875497,-0.493942683353727,-2.2683420651315664,6.0,0,7.711799999999999,6.0,inf
245,5,-0.669617759875497,-0.493942683353727,-2.2683420651315664,6.0,0,7.711799999999999,6.0,inf
246,0,1.826516526029081,-0.8714725106047702,-1.0705500558357257,1.4988,1,1.4988,6.0,inf
246,1,1.826516526029081,-0.8714725106047702,-1.0705500558357257,1.4988,1,1.4988,6.0,inf
246,2,1.826516526029081,-0.8714725106047702,-1.0705500558357257,1.4988,1,1.4988,6.0,inf
246,3,1.826516526029081,-0.8714725106047702,-1.0705500558357257,1.4988,1,1.4988,6.0,inf
246,4,1.826516526029081,-0.8714725106047702,-1.0705500558357257,1.4988,1,1.4988,6.0,inf
246,5,1.826516526029081,-0.8714725106047702,-1.0705500558357257,1.4988,1,1.4988,6.0,inf
247,0,1.0476156985185048,-0.057653994423096516,-0.8377677709619963,0.8541,1,0.8541,6.0,inf
247,1,1.0476156985185048,-0.057653994423096516,-0.8377677709619963,0.8541,1,0.8541,6.0,inf
247,2,1.0476156985185048,-0.057653994423096516,-0.8377677709619963,0.8541,1,0.8541,6.0,inf
247,3,1.0476156985185048,-0.057653994423096516,-0.8377677709619963,0.8541,1,0.8541,6.0,inf
247,4,1.0476156985185048,-0.057653994423096516,-0.8377677709619963,0.8541,1,0.8541,6.0,inf
247,5,1.0476156985185048,-0.057653994423096516,-0.8377677709619963,0.8541,1,0.8541,6.0,inf
248,0,0.6583501065862283,-0.7034122732605139,0.12878016136671697,1.4996999999999998,1,1.4996999999999998,6.0,inf
248,1,0.6583501065862283,-0.7034122732605139,0.12878016136671697,1.4996999999999998,1,1.4996999999999998,6.0,inf
248,2,0.6583501065862283,-0.7034122732605139,0.12878016136671697,1.4996999999999998,1,1.4996999999999998,6.0,inf
248,3,0.6583501065862283,-0.7034122732605139,0.12878016136671697,1.4996999999999998,1,1.4996999999999998,6.0,inf
248,4,0.6583501065862283,-0.7034122732605139,0.12878016136671697,1.4996999999999998,1,1.4996999999999998,6.0,inf
248,5,0.6583501065862283,-0.7034122732605139,0.12878016136671697,1.4996999999999998,1,1.4996999999999998,6.0,inf
249,0,0.055447787918134726,-1.3400408233741121,0.03422821161356418,4.2101999999999995,1,4.2101999999999995,6.0,inf
249,1,0.055447787918134726,-1.3400408233741121,0.03422821161356418,4.2101999999999995,1,4.2101999999999995,6.0,inf
249,2,0.055447787918134726,-1.3400408233741121,0.03422821161356418,4.2101999999999995,1,4.2101999999999995,6.0,inf
249,3,0.055447787918134726,-1.3400408233741121,0.03422821161356418,4.2101999999999995,1,4.2101999999999995,6.0,inf
249,4,0.055447787918134726,-1.3400408233741121,0.03422821161356418,4.2101999999999995,1,4.2101999999999995,6.0,inf
249,5,0.055447787918134726,-1.3400408233741121,0.03422821161356418,4.2101999999999995,1,4.2101999999999995,6.0,inf
250,0,0.6148899799452707,-1.5073172676012394,-1.0598555913701015,5.9631,1,5.9631,6.0,inf
250,1,0.6148899799452707,-1.5073172676012394,-1.0598555913701015,5.9631,1,5.9631,6.0,inf
250,2,0.6148899799452707,-1.5073172676012394,-1.0598555913701015,5.9631,1,5.9631,6.0,inf
250,3,0.6148899799452707,-1.5073172676012394,-1.0598555913701015,5.9631,1,5.9631,6.0,inf
250,4,0.6148899799452707,-1.5073172676012394,-1.0598555913701015,5.9631,1,5.9631,6.0,inf
250,5,0.6148899799452707,-1.5073172676012394,-1.0598555913701015,5.9631,1,5.9631,6.0,inf
251,0,-0.1284057775724745,0.009460945274064231,-0.6893272028916713,6.0,0,6.3999,6.0,inf
251,1,-0.1284057775724745,0.009460945274064231,-0.6893272028916713,6.0,0,6.3999,6.0,inf
251,2,-0.1284057775724745,0.009460945274064231,-0.6893272028916713,6.0,0,6.3999,6.0,inf
251,3,-0.1284057775724745,0.009460945274064231,-0.6893272028916713,6.0,0,6.3999,6.0,inf
251,4,-0.1284057775724745,0.009460945274064231,-0.6893272028916713,6.0,0,6.3999,6.0,inf
251,5,-0.1284057775724745,0.009460945274064231,-0.6893272028916713,6.0,0,6.3999,6.0,inf
252,0,0.5917738870916567,0.16319880834570855,0.00022159935850933363,3.0143999999999997,1,3.0143999999999997,6.0,inf
252,1,0.5917738870916567,0.16319880834570855,0.00022159935850933363,3.0143999999999997,1,3.0143999999999997,6.0,inf
252,2,0.5917738870916567,0.16319880834570855,0.00022159935850933363,3.0143999999999997,1,3.0143999999999997,6.0,inf
252,3,0.5917738870916567,0.16319880834570855,0.00022159935850933363,3.0143999999999997,1,3.0143999999999997,6.0,inf
252,4,0.5917738870916567,0.16319880834570855,0.00022159935850933363,3.0143999999999997,1,3.0143999999999997,6.0,inf
252,5,0.5917738870916567,0.16319880834570855,0.00022159935850933363,3.0143999999999997,1,3.0143999999999997,6.0,inf
253,0,-0.5637999288408844,0.4415535439091479,0.1098950803472143,2.1386999999999996,1,2.1386999999999996,6.0,inf
253,1,-0.5637999288408844,0.4415535439091479,0.1098950803472143,2.1386999999999996,1,2.1386999999999996,6.0,inf
253,2,-0.5637999288408844,0.4415535439091479,0.1098950803472143,2.1386999999999996,1,2.1386999999999996,6.0,inf
253,3,-0.5637999288408844,0.4415535439091479,0.1098950803472143,2.1386999999999996,1,2.1386999999999996,6.0,inf
253,4,-0.5637999288408844,0.4415535439091479,0.1098950803472143,2.1386999999999996,1,2.1386999999999996,6.0,inf
253,5,-0.5637999288408844,0.4415535439091479,0.1098950803472143,2.1386999999999996,1,2.1386999999999996,6.0,inf
254,0,1.3110768669758204,0.6974359642038445,0.8425039886392174,1.3518,1,1.3518,6.0,inf
254,1,1.3110768669758204,0.6974359642038445,0.8425039886392174,1.3518,1,1.3518,6.0,inf
254,2,1.3110768669758204,0.6974359642038445,0.8425039886392174,1.3518,1,1.3518,6.0,inf
254,3,1.3110768669758204,0.6974359642038445,0.8425039886392174,1.3518,1,1.3518,6.0,inf
254,4,1.3110768669758204,0.6974359642038445,0.8425039886392174,1.3518,1,1.3518,6.0,inf
254,5,1.3110768669758204,0.6974359642038445,0.8425039886392174,1.3518,1,1.3518,6.0,inf
255,0,0.1842700695498858,0.6794259831172492,1.019716751368883,0.0435,1,0.0435,6.0,inf
255,1,0.1842700695498858,0.6794259831172492,1.019716751368883,0.0435,1,0.0435,6.0,inf
255,2,0.1842700695498858,0.6794259831172492,1.019716751368883,0.0435,1,0.0435,6.0,inf
255,3,0.1842700695498858,0.6794259831172492,1.019716751368883,0.0435,1,0.0435,6.0,inf
255,4,0.1842700695498858,0.6794259831172492,1.019716751368883,0.0435,1,0.0435,6.0,inf
255,5,0.1842700695498858,0.6794259831172492,1.019716751368883,0.0435,1,0.0435,6.0,inf
256,0,-0.5572942781008839,-1.763286916999423,1.39715731187151,1.2399,1,1.2399,6.0,inf
256,1,-0.5572942781008839,-1.763286916999423,1.39715731187151,1.2399,1,1.2399,6.0,inf
256,2,-0.5572942781008839,-1.763286916999423,1.39715731187151,1.2399,1,1.2399,6.0,inf
256,3,-0.5572942781008839,-1.763286916999423,1.39715731187151,1.2399,1,1.2399,6.0,inf
256,4,-0.5572942781008839,-1.763286916999423,1.39715731187151,1.2399,1,1.2399,6.0,inf
256,5,-0.5572942781008839,-1.763286916999423,1.39715731187151,1.2399,1,1.2399,6.0,inf
257,0,-0.09357420406839774,0.7087012354946663,0.6295095019611913,6.0,0,6.238199999999999,6.0,inf
257,1,-0.09357420406839774,0.7087012354946663,0.6295095019611913,6.0,0,6.238199999999999,6.0,inf
257,2,-0.09357420406839774,0.7087012354946663,0.6295095019611913,6.0,0,6.238199999999999,6.0,inf
257,3,-0.09357420406839774,0.7087012354946663,0.6295095019611913,6.0,0,6.238199999999999,6.0,inf
257,4,-0.09357420406839774,0.7087012354946663,0.6295095019611913,6.0,0,6.238199999999999,6.0,inf
257,5,-0.09357420406839774,0.7087012354946663,0.6295095019611913,6.0,0,6.238199999999999,6.0,inf
258,0,0.13508863114459047,0.36231311068617456,-0.8064856181884853,3.3680999999999996,1,3.3680999999999996,6.0,inf
258,1,0.13508863114459047,0.36231311068617456,-0.8064856181884853,3.3680999999999996,1,3.3680999999999996,6.0,inf
258,2,0.13508863114459047,0.36231311068617456,-0.8064856181884853,3.3680999999999996,1,3.3680999999999996,6.0,inf
258,3,0.13508863114459047,0.36231311068617456,-0.8064856181884853,3.3680999999999996,1,3.3680999999999996,6.0,inf
258,4,0.13508863114459047,0.36231311068617456,-0.8064856181884853,3.3680999999999996,1,3.3680999999999996,6.0,inf
258,5,0.13508863114459047,0.36231311068617456,-0.8064856181884853,3.3680999999999996,1,3.3680999999999996,6.0,inf
259,0,0.5140367429207947,-0.5140378475462374,-1.5245592082884383,4.634099999999999,1,4.634099999999999,6.0,inf
259,1,0.5140367429207947,-0.5140378475462374,-1.5245592082884383,4.634099999999999,1,4.634099999999999,6.0,inf
259,2,0.5140367429207947,-0.5140378475462374,-1.5245592082884383,4.634099999999999,1,4.634099999999999,6.0,inf
259,3,0.5140367429207947,-0.5140378475462374,-1.5245592082884383,4.634099999999999,1,4.634099999999999,6.0,inf
259,4,0.5140367429207947,-0.5140378475462374,-1.5245592082884383,4.634099999999999,1,4.634099999999999,6.0,inf
259,5,0.5140367429207947,-0.5140378475462374,-1.5245592082884383,4.634099999999999,1,4.634099999999999,6.0,inf
260,0,0.9239578515470983,-0.062436983490927786,1.9433090229334633,1.8941999999999999,1,1.8941999999999999,6.0,inf
260,1,0.9239578515470983,-0.062436983490927786,1.9433090229334633,1.8941999999999999,1,1.8941999999999999,6.0,inf
260,2,0.9239578515470983,-0.062436983490927786,1.9433090229334633,1.8941999999999999,1,1.8941999999999999,6.0,inf
260,3,0.9239578515470983,-0.062436983490927786,1.9433090229334633,1.8941999999999999,1,1.8941999999999999,6.0,inf
260,4,0.9239578515470983,-0.062436983490927786,1.9433090229334633,1.8941999999999999,1,1.8941999999999999,6.0,inf
260,5,0.9239578515470983,-0.062436983490927786,1.9433090229334633,1.8941999999999999,1,1.8941999999999999,6.0,inf
261,0,-0.8228058628515534,-0.7255743916734679,0.06888016603337627,6.0,0,7.424999999999999,6.0,inf
261,1,-0.8228058628515534,-0.7255743916734679,0.06888016603337627,6.0,0,7.424999999999999,6.0,inf
261,2,-0.8228058628515534,-0.7255743916734679,0.06888016603337627,6.0,0,7.424999999999999,6.0,inf
261,3,-0.8228058628515534,-0.7255743916734679,0.06888016603337627,6.0,0,7.424999999999999,6.0,inf
261,4,-0.8228058628515534,-0.7255743916734679,0.06888016603337627,6.0,0,7.424999999999999,6.0,inf
261,5,-0.8228058628515534,-0.7255743916734679,0.06888016603337627,6.0,0,7.424999999999999,6.0,inf
262,0,0.3500555370896977,1.6336649442009752,-0.3315575483448869,1.9253999999999998,1,1.9253999999999998,6.0,inf
262,1,0.3500555370896977,1.6336649442009752,-0.3315575483448869,1.9253999999999998,1,1.9253999999999998,6.0,inf
262,2,0.3500555370896977,1.6336649442009752,-0.3315575483448869,1.9253999999999998,1,1.9253999999999998,6.0,inf
262,3,0.3500555370896977,1.6336649442009752,-0.3315575483448869,1.9253999999999998,1,1.9253999999999998,6.0,inf
262,4,0.3500555370896977,1.6336649442009752,-0.3315575483448869,1.9253999999999998,1,1.9253999999999998,6.0,inf
262,5,0.3500555370896977,1.6336649442009752,-0.3315575483448869,1.9253999999999998,1,1.9253999999999998,6.0,inf
263,0,-0.5391004973919553,0.9421460464130046,-1.8237725739285702,0.44399999999999995,1,0.44399999999999995,6.0,inf
263,1,-0.5391004973919553,0.9421460464130046,-1.8237725739285702,0.44399999999999995,1,0.44399999999999995,6.0,inf
263,2,-0.5391004973919553,0.9421460464130046,-1.8237725739285702,0.44399999999999995,1,0.44399999999999995,6.0,inf
263,3,-0.5391004973919553,0.9421460464130046,-1.8237725739285702,0.44399999999999995,1,0.44399999999999995,6.0,inf
263,4,-0.5391004973919553,0.9421460464130046,-1.8237725739285702,0.44399999999999995,1,0.44399999999999995,6.0,inf
263,5,-0.5391004973919553,0.9421460464130046,-1.8237725739285702,0.44399999999999995,1,0.44399999999999995,6.0,inf
264,0,0.8081052982082959,1.109434780920071,0.2945848235102631,1.1684999999999999,1,1.1684999999999999,6.0,inf
264,1,0.8081052982082959,1.109434780920071,0.2945848235102631,1.1684999999999999,1,1.1684999999999999,6.0,inf
264,2,0.8081052982082959,1.109434780920071,0.2945848235102631,1.1684999999999999,1,1.1684999999999999,6.0,inf
264,3,0.8081052982082959,1.109434780920071,0.2945848235102631,1.1684999999999999,1,1.1684999999999999,6.0,inf
264,4,0.8081052982082959,1.109434780920071,0.2945848235102631,1.1684999999999999,1,1.1684999999999999,6.0,inf
264,5,0.8081052982082959,1.109434780920071,0.2945848235102631,1.1684999999999999,1,1.1684999999999999,6.0,inf
265,0,0.40493201683436275,1.073569886552119,0.9562328190229544,0.8114999999999999,1,0.8114999999999999,6.0,inf
265,1,0.40493201683436275,1.073569886552119,0.9562328190229544,0.8114999999999999,1,0.8114999999999999,6.0,inf
265,2,0.40493201683436275,1.073569886552119,0.9562328190229544,0.8114999999999999,1,0.8114999999999999,6.0,inf
265,3,0.40493201683436275,1.073569886552119,0.9562328190229544,0.8114999999999999,1,0.8114999999999999,6.0,inf
265,4,0.40493201683436275,1.073569886552119,0.9562328190229544,0.8114999999999999,1,0.8114999999999999,6.0,inf
265,5,0.40493201683436275,1.073569886552119,0.9562328190229544,0.8114999999999999,1,0.8114999999999999,6.0,inf
266,0,-0.8168926798336841,-3.67720134670637,-1.0257778161420932,6.0,0,8.0001,6.0,inf
266,1,-0.8168926798336841,-3.67720134670637,-1.0257778161420932,6.0,0,8.0001,6.0,inf
266,2,-0.8168926798336841,-3.67720134670637,-1.0257778161420932,6.0,0,8.0001,6.0,inf
266,3,-0.8168926798336841,-3.67720134670637,-1.0257778161420932,6.0,0,8.0001,6.0,inf
266,4,-0.8168926798336841,-3.67720134670637,-1.0257778161420932,6.0,0,8.0001,6.0,inf
266,5,-0.8168926798336841,-3.67720134670637,-1.0257778161420932,6.0,0,8.0001,6.0,inf
267,0,-0.3770607525107197,-0.20534640157188025,0.29079727072026584,1.9823999999999997,1,1.9823999999999997,6.0,inf
267,1,-0.3770607525107197,-0.20534640157188025,0.29079727072026584,1.9823999999999997,1,1.9823999999999997,6.0,inf
267,2,-0.3770607525107197,-0.20534640157188025,0.29079727072026584,1.9823999999999997,1,1.9823999999999997,6.0,inf
267,3,-0.3770607525107197,-0.20534640157188025,0.29079727072026584,1.9823999999999997,1,1.9823999999999997,6.0,inf
267,4,-0.3770607525107197,-0.20534640157188025,0.29079727072026584,1.9823999999999997,1,1.9823999999999997,6.0,inf
267,5,-0.3770607525107197,-0.20534640157188025,0.29079727072026584,1.9823999999999997,1,1.9823999999999997,6.0,inf
268,0,-0.15401017684363075,0.33593080247679363,-0.11619723090538583,1.4298,1,1.4298,6.0,inf
268,1,-0.15401017684363075,0.33593080247679363,-0.11619723090538583,1.4298,1,1.4298,6.0,inf
268,2,-0.15401017684363075,0.33593080247679363,-0.11619723090538583,1.4298,1,1.4298,6.0,inf
268,3,-0.15401017684363075,0.33593080247679363,-0.11619723090538583,1.4298,1,1.4298,6.0,inf
268,4,-0.15401017684363075,0.33593080247679363,-0.11619723090538583,1.4298,1,1.4298,6.0,inf
268,5,-0.15401017684363075,0.33593080247679363,-0.11619723090538583,1.4298,1,1.4298,6.0,inf
269,0,0.3524393080929377,0.23158433316537175,1.0966456216319496,0.48119999999999996,1,0.48119999999999996,6.0,inf
269,1,0.3524393080929377,0.23158433316537175,1.0966456216319496,0.48119999999999996,1,0.48119999999999996,6.0,inf
269,2,0.3524393080929377,0.23158433316537175,1.0966456216319496,0.48119999999999996,1,0.48119999999999996,6.0,inf
269,3,0.3524393080929377,0.23158433316537175,1.0966456216319496,0.48119999999999996,1,0.48119999999999996,6.0,inf
269,4,0.3524393080929377,0.23158433316537175,1.0966456216319496,0.48119999999999996,1,0.48119999999999996,6.0,inf
269,5,0.3524393080929377,0.23158433316537175,1.0966456216319496,0.48119999999999996,1,0.48119999999999996,6.0,inf
270,0,-1.483993094488296,1.1176293303128855,-0.4400010385374511,1.5965999999999998,1,1.5965999999999998,6.0,inf
270,1,-1.483993094488296,1.1176293303128855,-0.4400010385374511,1.5965999999999998,1,1.5965999999999998,6.0,inf
270,2,-1.483993094488296,1.1176293303128855,-0.4400010385374511,1.5965999999999998,1,1.5965999999999998,6.0,inf
270,3,-1.483993094488296,1.1176293303128855,-0.4400010385374511,1.5965999999999998,1,1.5965999999999998,6.0,inf
270,4,-1.483993094488296,1.1176293303128855,-0.4400010385374511,1.5965999999999998,1,1.5965999999999998,6.0,inf
270,5,-1.483993094488296,1.1176293303128855,-0.4400010385374511,1.5965999999999998,1,1.5965999999999998,6.0,inf
271,0,-0.2792496226793412,0.9492126457646608,0.10274009937620512,2.034,1,2.034,6.0,inf
271,1,-0.2792496226793412,0.9492126457646608,0.10274009937620512,2.034,1,2.034,6.0,inf
271,2,-0.2792496226793412,0.9492126457646608,0.10274009937620512,2.034,1,2.034,6.0,inf
271,3,-0.2792496226793412,0.9492126457646608,0.10274009937620512,2.034,1,2.034,6.0,inf
271,4,-0.2792496226793412,0.9492126457646608,0.10274009937620512,2.034,1,2.034,6.0,inf
271,5,-0.2792496226793412,0.9492126457646608,0.10274009937620512,2.034,1,2.034,6.0,inf
272,0,-0.5455511356981658,-0.7929087065923444,2.019975012571811,0.7910999999999999,1,0.7910999999999999,6.0,inf
272,1,-0.5455511356981658,-0.7929087065923444,2.019975012571811,0.7910999999999999,1,0.7910999999999999,6.0,inf
272,2,-0.5455511356981658,-0.7929087065923444,2.019975012571811,0.7910999999999999,1,0.7910999999999999,6.0,inf
272,3,-0.5455511356981658,-0.7929087065923444,2.019975012571811,0.7910999999999999,1,0.7910999999999999,6.0,inf
272,4,-0.5455511356981658,-0.7929087065923444,2.019975012571811,0.7910999999999999,1,0.7910999999999999,6.0,inf
272,5,-0.5455511356981658,-0.7929087065923444,2.019975012571811,0.7910999999999999,1,0.7910999999999999,6.0,inf
273,0,0.3802164294690418,0.84844811787667,1.4815138624686683,0.7158,1,0.7158,6.0,inf
273,1,0.3802164294690418,0.84844811787667,1.4815138624686683,0.7158,1,0.7158,6.0,inf
273,2,0.3802164294690418,0.84844811787667,1.4815138624686683,0.7158,1,0.7158,6.0,inf
273,3,0.3802164294690418,0.84844811787667,1.4815138624686683,0.7158,1,0.7158,6.0,inf
273,4,0.3802164294690418,0.84844811787667,1.4815138624686683,0.7158,1,0.7158,6.0,inf
273,5,0.3802164294690418,0.84844811787667,1.4815138624686683,0.7158,1,0.7158,6.0,inf
274,0,-0.9753275119396758,0.4104386696393563,-0.5365338188871298,2.0583,1,2.0583,6.0,inf
274,1,-0.9753275119396758,0.4104386696393563,-0.5365338188871298,2.0583,1,2.0583,6.0,inf
274,2,-0.9753275119396758,0.4104386696393563,-0.5365338188871298,2.0583,1,2.0583,6.0,inf
274,3,-0.9753275119396758,0.4104386696393563,-0.5365338188871298,2.0583,1,2.0583,6.0,inf
274,4,-0.9753275119396758,0.4104386696393563,-0.5365338188871298,2.0583,1,2.0583,6.0,inf
274,5,-0.9753275119396758,0.4104386696393563,-0.5365338188871298,2.0583,1,2.0583,6.0,inf
275,0,0.06385141940355946,-1.642389124249305,-1.0513928475564365,2.7981,1,2.7981,6.0,inf
275,1,0.06385141940355946,-1.642389124249305,-1.0513928475564365,2.7981,1,2.7981,6.0,inf
275,2,0.06385141940355946,-1.642389124249305,-1.0513928475564365,2.7981,1,2.7981,6.0,inf
275,3,0.06385141940355946,-1.642389124249305,-1.0513928475564365,2.7981,1,2.7981,6.0,inf
275,4,0.06385141940355946,-1.642389124249305,-1.0513928475564365,2.7981,1,2.7981,6.0,inf
275,5,0.06385141940355946,-1.642389124249305,-1.0513928475564365,2.7981,1,2.7981,6.0,inf
276,0,-0.49376932461284173,0.06707479641553103,-0.11474192824169371,2.5704,1,2.5704,6.0,inf
276,1,-0.49376932461284173,0.06707479641553103,-0.11474192824169371,2.5704,1,2.5704,6.0,inf
276,2,-0.49376932461284173,0.06707479641553103,-0.11474192824169371,2.5704,1,2.5704,6.0,inf
276,3,-0.49376932461284173,0.06707479641553103,-0.11474192824169371,2.5704,1,2.5704,6.0,inf
276,4,-0.49376932461284173,0.06707479641553103,-0.11474192824169371,2.5704,1,2.5704,6.0,inf
276,5,-0.49376932461284173,0.06707479641553103,-0.11474192824169371,2.5704,1,2.5704,6.0,inf
277,0,0.36214874055890806,0.02427470675681349,0.39925955382738504,1.8252,1,1.8252,6.0,inf
277,1,0.36214874055890806,0.02427470675681349,0.39925955382738504,1.8252,1,1.8252,6.0,inf
277,2,0.36214874055890806,0.02427470675681349,0.39925955382738504,1.8252,1,1.8252,6.0,inf
277,3,0.36214874055890806,0.02427470675681349,0.39925955382738504,1.8252,1,1.8252,6.0,inf
277,4,0.36214874055890806,0.02427470675681349,0.39925955382738504,1.8252,1,1.8252,6.0,inf
277,5,0.36214874055890806,0.02427470675681349,0.39925955382738504,1.8252,1,1.8252,6.0,inf
278,0,-0.23920704124427034,0.11691803401018953,-1.649852638567748,3.2348999999999997,1,3.2348999999999997,6.0,inf
278,1,-0.23920704124427034,0.11691803401018953,-1.649852638567748,3.2348999999999997,1,3.2348999999999997,6.0,inf
278,2,-0.23920704124427034,0.11691803401018953,-1.649852638567748,3.2348999999999997,1,3.2348999999999997,6.0,inf
278,3,-0.23920704124427034,0.11691803401018953,-1.649852638567748,3.2348999999999997,1,3.2348999999999997,6.0,inf
278,4,-0.23920704124427034,0.11691803401018953,-1.649852638567748,3.2348999999999997,1,3.2348999999999997,6.0,inf
278,5,-0.23920704124427034,0.11691803401018953,-1.649852638567748,3.2348999999999997,1,3.2348999999999997,6.0,inf
279,0,-0.3326370058051411,0.6302682378450869,-0.8472225431571391,3.3833999999999995,1,3.3833999999999995,6.0,inf
279,1,-0.3326370058051411,0.6302682378450869,-0.8472225431571391,3.3833999999999995,1,3.3833999999999995,6.0,inf
279,2,-0.3326370058051411,0.6302682378450869,-0.8472225431571391,3.3833999999999995,1,3.3833999999999995,6.0,inf
279,3,-0.3326370058051411,0.6302682378450869,-0.8472225431571391,3.3833999999999995,1,3.3833999999999995,6.0,inf
279,4,-0.3326370058051411,0.6302682378450869,-0.8472225431571391,3.3833999999999995,1,3.3833999999999995,6.0,inf
279,5,-0.3326370058051411,0.6302682378450869,-0.8472225431571391,3.3833999999999995,1,3.3833999999999995,6.0,inf
280,0,-0.13481343914761088,-0.3258185751070113,0.6018878293791934,2.7668999999999997,1,2.7668999999999997,6.0,inf
280,1,-0.13481343914761088,-0.3258185751070113,0.6018878293791934,2.7668999999999997,1,2.7668999999999997,6.0,inf
280,2,-0.13481343914761088,-0.3258185751070113,0.6018878293791934,2.7668999999999997,1,2.7668999999999997,6.0,inf
280,3,-0.13481343914761088,-0.3258185751070113,0.6018878293791934,2.7668999999999997,1,2.7668999999999997,6.0,inf
280,4,-0.13481343914761088,-0.3258185751070113,0.6018878293791934,2.7668999999999997,1,2.7668999999999997,6.0,inf
280,5,-0.13481343914761088,-0.3258185751070113,0.6018878293791934,2.7668999999999997,1,2.7668999999999997,6.0,inf
281,0,1.8058995316623734,0.9246180317555341,-1.005098645154959,1.0044,1,1.0044,6.0,inf
281,1,1.8058995316623734,0.9246180317555341,-1.005098645154959,1.0044,1,1.0044,6.0,inf
281,2,1.8058995316623734,0.9246180317555341,-1.005098645154959,1.0044,1,1.0044,6.0,inf
281,3,1.8058995316623734,0.9246180317555341,-1.005098645154959,1.0044,1,1.0044,6.0,inf
281,4,1.8058995316623734,0.9246180317555341,-1.005098645154959,1.0044,1,1.0044,6.0,inf
281,5,1.8058995316623734,0.9246180317555341,-1.005098645154959,1.0044,1,1.0044,6.0,inf
282,0,1.9830528698524037,0.49284416793459723,0.02001850745012129,1.5359999999999998,1,1.5359999999999998,6.0,inf
282,1,1.9830528698524037,0.49284416793459723,0.02001850745012129,1.5359999999999998,1,1.5359999999999998,6.0,inf
282,2,1.9830528698524037,0.49284416793459723,0.02001850745012129,1.5359999999999998,1,1.5359999999999998,6.0,inf
282,3,1.9830528698524037,0.49284416793459723,0.02001850745012129,1.5359999999999998,1,1.5359999999999998,6.0,inf
282,4,1.9830528698524037,0.49284416793459723,0.02001850745012129,1.5359999999999998,1,1.5359999999999998,6.0,inf
282,5,1.9830528698524037,0.49284416793459723,0.02001850745012129,1.5359999999999998,1,1.5359999999999998,6.0,inf
283,0,0.25605581578093806,0.2327906481231894,0.3438475530471341,1.7723999999999998,1,1.7723999999999998,6.0,inf
283,1,0.25605581578093806,0.2327906481231894,0.3438475530471341,1.7723999999999998,1,1.7723999999999998,6.0,inf
283,2,0.25605581578093806,0.2327906481231894,0.3438475530471341,1.7723999999999998,1,1.7723999999999998,6.0,inf
283,3,0.25605581578093806,0.2327906481231894,0.3438475530471341,1.7723999999999998,1,1.7723999999999998,6.0,inf
283,4,0.25605581578093806,0.2327906481231894,0.3438475530471341,1.7723999999999998,1,1.7723999999999998,6.0,inf
283,5,0.25605581578093806,0.2327906481231894,0.3438475530471341,1.7723999999999998,1,1.7723999999999998,6.0,inf
284,0,0.41667227011634916,0.35575128261042166,-0.4912805710911993,2.4768,1,2.4768,6.0,inf
284,1,0.41667227011634916,0.35575128261042166,-0.4912805710911993,2.4768,1,2.4768,6.0,inf
284,2,0.41667227011634916,0.35575128261042166,-0.4912805710911993,2.4768,1,2.4768,6.0,inf
284,3,0.41667227011634916,0.35575128261042166,-0.4912805710911993,2.4768,1,2.4768,6.0,inf
284,4,0.41667227011634916,0.35575128261042166,-0.4912805710911993,2.4768,1,2.4768,6.0,inf
284,5,0.41667227011634916,0.35575128261042166,-0.4912805710911993,2.4768,1,2.4768,6.0,inf
285,0,-0.5864271066642887,0.7653839974738205,-1.0687726708872138,2.4471,1,2.4471,6.0,inf
285,1,-0.5864271066642887,0.7653839974738205,-1.0687726708872138,2.4471,1,2.4471,6.0,inf
285,2,-0.5864271066642887,0.7653839974738205,-1.0687726708872138,2.4471,1,2.4471,6.0,inf
285,3,-0.5864271066642887,0.7653839974738205,-1.0687726708872138,2.4471,1,2.4471,6.0,inf
285,4,-0.5864271066642887,0.7653839974738205,-1.0687726708872138,2.4471,1,2.4471,6.0,inf
285,5,-0.5864271066642887,0.7653839974738205,-1.0687726708872138,2.4471,1,2.4471,6.0,inf
286,0,2.2065554012041035,-0.1565424986174877,-0.05104357635411705,1.9409999999999998,1,1.9409999999999998,6.0,inf
286,1,2.2065554012041035,-0.1565424986174877,-0.05104357635411705,1.9409999999999998,1,1.9409999999999998,6.0,inf
286,2,2.2065554012041035,-0.1565424986174877,-0.05104357635411705,1.9409999999999998,1,1.9409999999999998,6.0,inf
286,3,2.2065554012041035,-0.1565424986174877,-0.05104357635411705,1.9409999999999998,1,1.9409999999999998,6.0,inf
286,4,2.2065554012041035,-0.1565424986174877,-0.05104357635411705,1.9409999999999998,1,1.9409999999999998,6.0,inf
286,5,2.2065554012041035,-0.1565424986174877,-0.05104357635411705,1.9409999999999998,1,1.9409999999999998,6.0,inf
287,0,-0.21947295553066337,-0.6752677662458547,0.3327734625634746,1.9268999999999998,1,1.9268999999999998,6.0,inf
287,1,-0.21947295553066337,-0.6752677662458547,0.3327734625634746,1.9268999999999998,1,1.9268999999999998,6.0,inf
287,2,-0.21947295553066337,-0.6752677662458547,0.3327734625634746,1.9268999999999998,1,1.9268999999999998,6.0,inf
287,3,-0.21947295553066337,-0.6752677662458547,0.3327734625634746,1.9268999999999998,1,1.9268999999999998,6.0,inf
287,4,-0.21947295553066337,-0.6752677662458547,0.3327734625634746,1.9268999999999998,1,1.9268999999999998,6.0,inf
287,5,-0.21947295553066337,-0.6752677662458547,0.3327734625634746,1.9268999999999998,1,1.9268999999999998,6.0,inf
288,0,-0.6635190348256982,-0.11680354045151624,0.46941470531674917,2.6321999999999997,1,2.6321999999999997,6.0,inf
288,1,-0.6635190348256982,-0.11680354045151624,0.46941470531674917,2.6321999999999997,1,2.6321999999999997,6.0,inf
288,2,-0.6635190348256982,-0.11680354045151624,0.46941470531674917,2.6321999999999997,1,2.6321999999999997,6.0,inf
288,3,-0.6635190348256982,-0.11680354045151624,0.46941470531674917,2.6321999999999997,1,2.6321999999999997,6.0,inf
288,4,-0.6635190348256982,-0.11680354045151624,0.46941470531674917,2.6321999999999997,1,2.6321999999999997,6.0,inf
288,5,-0.6635190348256982,-0.11680354045151624,0.46941470531674917,2.6321999999999997,1,2.6321999999999997,6.0,inf
289,0,-0.17921191304585757,1.0132356102191609,1.3156120642808304,0.2592,1,0.2592,6.0,inf
289,1,-0.17921191304585757,1.0132356102191609,1.3156120642808304,0.2592,1,0.2592,6.0,inf
289,2,-0.17921191304585757,1.0132356102191609,1.3156120642808304,0.2592,1,0.2592,6.0,inf
289,3,-0.17921191304585757,1.0132356102191609,1.3156120642808304,0.2592,1,0.2592,6.0,inf
289,4,-0.17921191304585757,1.0132356102191609,1.3156120642808304,0.2592,1,0.2592,6.0,inf
289,5,-0.17921191304585757,1.0132356102191609,1.3156120642808304,0.2592,1,0.2592,6.0,inf
290,0,-1.2416217557253428,0.27929276248485435,-0.36834863590181055,0.4674,1,0.4674,6.0,inf
290,1,-1.2416217557253428,0.27929276248485435,-0.36834863590181055,0.4674,1,0.4674,6.0,inf
290,2,-1.2416217557253428,0.27929276248485435,-0.36834863590181055,0.4674,1,0.4674,6.0,inf
290,3,-1.2416217557253428,0.27929276248485435,-0.36834863590181055,0.4674,1,0.4674,6.0,inf
290,4,-1.2416217557253428,0.27929276248485435,-0.36834863590181055,0.4674,1,0.4674,6.0,inf
290,5,-1.2416217557253428,0.27929276248485435,-0.36834863590181055,0.4674,1,0.4674,6.0,inf
291,0,-0.9559135344299872,0.8181546467445944,1.6230510765525812,0.3822,1,0.3822,6.0,inf
291,1,-0.9559135344299872,0.8181546467445944,1.6230510765525812,0.3822,1,0.3822,6.0,inf
291,2,-0.9559135344299872,0.8181546467445944,1.6230510765525812,0.3822,1,0.3822,6.0,inf
291,3,-0.9559135344299872,0.8181546467445944,1.6230510765525812,0.3822,1,0.3822,6.0,inf
291,4,-0.9559135344299872,0.8181546467445944,1.6230510765525812,0.3822,1,0.3822,6.0,inf
291,5,-0.9559135344299872,0.8181546467445944,1.6230510765525812,0.3822,1,0.3822,6.0,inf
292,0,1.0316513695701832,2.6720744602209106,2.349189954920302,0.7653,1,0.7653,6.0,inf
292,1,1.0316513695701832,2.6720744602209106,2.349189954920302,0.7653,1,0.7653,6.0,inf
292,2,1.0316513695701832,2.6720744602209106,2.349189954920302,0.7653,1,0.7653,6.0,inf
292,3,1.0316513695701832,2.6720744602209106,2.349189954920302,0.7653,1,0.7653,6.0,inf
292,4,1.0316513695701832,2.6720744602209106,2.349189954920302,0.7653,1,0.7653,6.0,inf
292,5,1.0316513695701832,2.6720744602209106,2.349189954920302,0.7653,1,0.7653,6.0,inf
293,0,0.5912761338822663,0.17775975419543286,-1.4350895097620708,2.9780999999999995,1,2.9780999999999995,6.0,inf
293,1,0.5912761338822663,0.17775975419543286,-1.4350895097620708,2.9780999999999995,1,2.9780999999999995,6.0,inf
293,2,0.5912761338822663,0.17775975419543286,-1.4350895097620708,2.9780999999999995,1,2.9780999999999995,6.0,inf
293,3,0.5912761338822663,0.17775975419543286,-1.4350895097620708,2.9780999999999995,1,2.9780999999999995,6.0,inf
293,4,0.5912761338822663,0.17775975419543286,-1.4350895097620708,2.9780999999999995,1,2.9780999999999995,6.0,inf
293,5,0.5912761338822663,0.17775975419543286,-1.4350895097620708,2.9780999999999995,1,2.9780999999999995,6.0,inf
294,0,-1.0383287901819622,-0.8620688434300398,1.180121139741368,4.9944,1,4.9944,6.0,inf
294,1,-1.0383287901819622,-0.8620688434300398,1.180121139741368,4.9944,1,4.9944,6.0,inf
294,2,-1.0383287901819622,-0.8620688434300398,1.180121139741368,4.9944,1,4.9944,6.0,inf
294,3,-1.0383287901819622,-0.8620688434300398,1.180121139741368,4.9944,1,4.9944,6.0,inf
294,4,-1.0383287901819622,-0.8620688434300398,1.180121139741368,4.9944,1,4.9944,6.0,inf
294,5,-1.0383287901819622,-0.8620688434300398,1.180121139741368,4.9944,1,4.9944,6.0,inf
295,0,1.4349677950186728,1.886034252242487,-0.8865252267286153,1.7189999999999999,1,1.7189999999999999,6.0,inf
295,1,1.4349677950186728,1.886034252242487,-0.8865252267286153,1.7189999999999999,1,1.7189999999999999,6.0,inf
295,2,1.4349677950186728,1.886034252242487,-0.8865252267286153,1.7189999999999999,1,1.7189999999999999,6.0,inf
295,3,1.4349677950186728,1.886034252242487,-0.8865252267286153,1.7189999999999999,1,1.7189999999999999,6.0,inf
295,4,1.4349677950186728,1.886034252242487,-0.8865252267286153,1.7189999999999999,1,1.7189999999999999,6.0,inf
295,5,1.4349677950186728,1.886034252242487,-0.8865252267286153,1.7189999999999999,1,1.7189999999999999,6.0,inf
296,0,-0.3612248620034571,1.1433499581507545,-0.8200633141446737,3.0719999999999996,1,3.0719999999999996,6.0,inf
296,1,-0.3612248620034571,1.1433499581507545,-0.8200633141446737,3.0719999999999996,1,3.0719999999999996,6.0,inf
296,2,-0.3612248620034571,1.1433499581507545,-0.8200633141446737,3.0719999999999996,1,3.0719999999999996,6.0,inf
296,3,-0.3612248620034571,1.1433499581507545,-0.8200633141446737,3.0719999999999996,1,3.0719999999999996,6.0,inf
296,4,-0.3612248620034571,1.1433499581507545,-0.8200633141446737,3.0719999999999996,1,3.0719999999999996,6.0,inf
296,5,-0.3612248620034571,1.1433499581507545,-0.8200633141446737,3.0719999999999996,1,3.0719999999999996,6.0,inf
297,0,-0.01150456930412337,0.8057752467589534,0.46775178676514284,2.0534999999999997,1,2.0534999999999997,6.0,inf
297,1,-0.01150456930412337,0.8057752467589534,0.46775178676514284,2.0534999999999997,1,2.0534999999999997,6.0,inf
297,2,-0.01150456930412337,0.8057752467589534,0.46775178676514284,2.0534999999999997,1,2.0534999999999997,6.0,inf
297,3,-0.01150456930412337,0.8057752467589534,0.46775178676514284,2.0534999999999997,1,2.0534999999999997,6.0,inf
297,4,-0.01150456930412337,0.8057752467589534,0.46775178676514284,2.0534999999999997,1,2.0534999999999997,6.0,inf
297,5,-0.01150456930412337,0.8057752467589534,0.46775178676514284,2.0534999999999997,1,2.0534999999999997,6.0,inf
298,0,0.6387201422762265,1.176311306214535,0.5424544861086069,1.8974999999999997,1,1.8974999999999997,6.0,inf
298,1,0.6387201422762265,1.176311306214535,0.5424544861086069,1.8974999999999997,1,1.8974999999999997,6.0,inf
298,2,0.6387201422762265,1.176311306214535,0.5424544861086069,1.8974999999999997,1,1.8974999999999997,6.0,inf
298,3,0.6387201422762265,1.176311306214535,0.5424544861086069,1.8974999999999997,1,1.8974999999999997,6.0,inf
298,4,0.6387201422762265,1.176311306214535,0.5424544861086069,1.8974999999999997,1,1.8974999999999997,6.0,inf
298,5,0.6387201422762265,1.176311306214535,0.5424544861086069,1.8974999999999997,1,1.8974999999999997,6.0,inf
299,0,-0.8383710223406301,-0.5482690209083149,-0.430117062040319,6.0,0,6.418799999999999,6.0,inf
299,1,-0.8383710223406301,-0.5482690209083149,-0.430117062040319,6.0,0,6.418799999999999,6.0,inf
299,2,-0.8383710223406301,-0.5482690209083149,-0.430117062040319,6.0,0,6.418799999999999,6.0,inf
299,3,-0.8383710223406301,-0.5482690209083149,-0.430117062040319,6.0,0,6.418799999999999,6.0,inf
299,4,-0.8383710223406301,-0.5482690209083149,-0.430117062040319,6.0,0,6.418799999999999,6.0,inf
299,5,-0.8383710223406301,-0.5482690209083149,-0.430117062040319,6.0,0,6.418799999999999,6.0,inf
300,0,0.026369572178762596,-0.6645842017636341,1.6770074668504935,1.3797,1,1.3797,6.0,inf
300,1,0.026369572178762596,-0.6645842017636341,1.6770074668504935,1.3797,1,1.3797,6.0,inf
300,2,0.026369572178762596,-0.6645842017636341,1.6770074668504935,1.3797,1,1.3797,6.0,inf
300,3,0.026369572178762596,-0.6645842017636341,1.6770074668504935,1.3797,1,1.3797,6.0,inf
300,4,0.026369572178762596,-0.6645842017636341,1.6770074668504935,1.3797,1,1.3797,6.0,inf
300,5,0.026369572178762596,-0.6645842017636341,1.6770074668504935,1.3797,1,1.3797,6.0,inf
301,0,-0.030342703375135203,-1.0709889586929122,0.5166495421189005,5.619299999999999,1,5.619299999999999,6.0,inf
301,1,-0.030342703375135203,-1.0709889586929122,0.5166495421189005,5.619299999999999,1,5.619299999999999,6.0,inf
301,2,-0.030342703375135203,-1.0709889586929122,0.5166495421189005,5.619299999999999,1,5.619299999999999,6.0,inf
301,3,-0.030342703375135203,-1.0709889586929122,0.5166495421189005,5.619299999999999,1,5.619299999999999,6.0,inf
301,4,-0.030342703375135203,-1.0709889586929122,0.5166495421189005,5.619299999999999,1,5.619299999999999,6.0,inf
301,5,-0.030342703375135203,-1.0709889586929122,0.5166495421189005,5.619299999999999,1,5.619299999999999,6.0,inf
302,0,-1.4523755873198112,0.037261642821498596,-0.43938284576386044,1.0089,1,1.0089,6.0,inf
302,1,-1.4523755873198112,0.037261642821498596,-0.43938284576386044,1.0089,1,1.0089,6.0,inf
302,2,-1.4523755873198112,0.037261642821498596,-0.43938284576386044,1.0089,1,1.0089,6.0,inf
302,3,-1.4523755873198112,0.037261642821498596,-0.43938284576386044,1.0089,1,1.0089,6.0,inf
302,4,-1.4523755873198112,0.037261642821498596,-0.43938284576386044,1.0089,1,1.0089,6.0,inf
302,5,-1.4523755873198112,0.037261642821498596,-0.43938284576386044,1.0089,1,1.0089,6.0,inf
303,0,0.6240270904747847,0.3728198348874132,2.357246593365429,1.1007,1,1.1007,6.0,inf
303,1,0.6240270904747847,0.3728198348874132,2.357246593365429,1.1007,1,1.1007,6.0,inf
303,2,0.6240270904747847,0.3728198348874132,2.357246593365429,1.1007,1,1.1007,6.0,inf
303,3,0.6240270904747847,0.3728198348874132,2.357246593365429,1.1007,1,1.1007,6.0,inf
303,4,0.6240270904747847,0.3728198348874132,2.357246593365429,1.1007,1,1.1007,6.0,inf
303,5,0.6240270904747847,0.3728198348874132,2.357246593365429,1.1007,1,1.1007,6.0,inf
304,0,0.14151007103026947,-0.2268183028207637,0.6913976991819598,3.7901999999999996,1,3.7901999999999996,6.0,inf
304,1,0.14151007103026947,-0.2268183028207637,0.6913976991819598,3.7901999999999996,1,3.7901999999999996,6.0,inf
304,2,0.14151007103026947,-0.2268183028207637,0.6913976991819598,3.7901999999999996,1,3.7901999999999996,6.0,inf
304,3,0.14151007103026947,-0.2268183028207637,0.6913976991819598,3.7901999999999996,1,3.7901999999999996,6.0,inf
304,4,0.14151007103026947,-0.2268183028207637,0.6913976991819598,3.7901999999999996,1,3.7901999999999996,6.0,inf
304,5,0.14151007103026947,-0.2268183028207637,0.6913976991819598,3.7901999999999996,1,3.7901999999999996,6.0,inf
305,0,-0.27391286048419144,-0.15895797920572946,0.32669909986422135,0.624,1,0.624,6.0,inf
305,1,-0.27391286048419144,-0.15895797920572946,0.32669909986422135,0.624,1,0.624,6.0,inf
305,2,-0.27391286048419144,-0.15895797920572946,0.32669909986422135,0.624,1,0.624,6.0,inf
305,3,-0.27391286048419144,-0.15895797920572946,0.32669909986422135,0.624,1,0.624,6.0,inf
305,4,-0.27391286048419144,-0.15895797920572946,0.32669909986422135,0.624,1,0.624,6.0,inf
305,5,-0.27391286048419144,-0.15895797920572946,0.32669909986422135,0.624,1,0.624,6.0,inf
306,0,0.48125288121506804,-1.7192627812414873,0.5743954901497434,0.3948,1,0.3948,6.0,inf
306,1,0.48125288121506804,-1.7192627812414873,0.5743954901497434,0.3948,1,0.3948,6.0,inf
306,2,0.48125288121506804,-1.7192627812414873,0.5743954901497434,0.3948,1,0.3948,6.0,inf
306,3,0.48125288121506804,-1.7192627812414873,0.5743954901497434,0.3948,1,0.3948,6.0,inf
306,4,0.48125288121506804,-1.7192627812414873,0.5743954901497434,0.3948,1,0.3948,6.0,inf
306,5,0.48125288121506804,-1.7192627812414873,0.5743954901497434,0.3948,1,0.3948,6.0,inf
307,0,-0.7853131848630958,0.4097927973855813,1.3896653372250365,1.3175999999999999,1,1.3175999999999999,6.0,inf
307,1,-0.7853131848630958,0.4097927973855813,1.3896653372250365,1.3175999999999999,1,1.3175999999999999,6.0,inf
307,2,-0.7853131848630958,0.4097927973855813,1.3896653372250365,1.3175999999999999,1,1.3175999999999999,6.0,inf
307,3,-0.7853131848630958,0.4097927973855813,1.3896653372250365,1.3175999999999999,1,1.3175999999999999,6.0,inf
307,4,-0.7853131848630958,0.4097927973855813,1.3896653372250365,1.3175999999999999,1,1.3175999999999999,6.0,inf
307,5,-0.7853131848630958,0.4097927973855813,1.3896653372250365,1.3175999999999999,1,1.3175999999999999,6.0,inf
308,0,-0.0805259724142527,-0.878936039035632,-2.148754910455059,4.507499999999999,1,4.507499999999999,6.0,inf
308,1,-0.0805259724142527,-0.878936039035632,-2.148754910455059,4.507499999999999,1,4.507499999999999,6.0,inf
308,2,-0.0805259724142527,-0.878936039035632,-2.148754910455059,4.507499999999999,1,4.507499999999999,6.0,inf
308,3,-0.0805259724142527,-0.878936039035632,-2.148754910455059,4.507499999999999,1,4.507499999999999,6.0,inf
308,4,-0.0805259724142527,-0.878936039035632,-2.148754910455059,4.507499999999999,1,4.507499999999999,6.0,inf
308,5,-0.0805259724142527,-0.878936039035632,-2.148754910455059,4.507499999999999,1,4.507499999999999,6.0,inf
309,0,-0.7622411145701709,-0.049246559517949706,-0.39985101197607137,2.4657,1,2.4657,6.0,inf
309,1,-0.7622411145701709,-0.049246559517949706,-0.39985101197607137,2.4657,1,2.4657,6.0,inf
309,2,-0.7622411145701709,-0.049246559517949706,-0.39985101197607137,2.4657,1,2.4657,6.0,inf
309,3,-0.7622411145701709,-0.049246559517949706,-0.39985101197607137,2.4657,1,2.4657,6.0,inf
309,4,-0.7622411145701709,-0.049246559517949706,-0.39985101197607137,2.4657,1,2.4657,6.0,inf
309,5,-0.7622411145701709,-0.049246559517949706,-0.39985101197607137,2.4657,1,2.4657,6.0,inf
310,0,-0.10012902809490361,0.7338026926863096,-1.1834188836077333,2.0012999999999996,1,2.0012999999999996,6.0,inf
310,1,-0.10012902809490361,0.7338026926863096,-1.1834188836077333,2.0012999999999996,1,2.0012999999999996,6.0,inf
310,2,-0.10012902809490361,0.7338026926863096,-1.1834188836077333,2.0012999999999996,1,2.0012999999999996,6.0,inf
310,3,-0.10012902809490361,0.7338026926863096,-1.1834188836077333,2.0012999999999996,1,2.0012999999999996,6.0,inf
310,4,-0.10012902809490361,0.7338026926863096,-1.1834188836077333,2.0012999999999996,1,2.0012999999999996,6.0,inf
310,5,-0.10012902809490361,0.7338026926863096,-1.1834188836077333,2.0012999999999996,1,2.0012999999999996,6.0,inf
311,0,1.5340021824398327,0.4915476096370072,-1.9844774031649768,3.4227,1,3.4227,6.0,inf
311,1,1.5340021824398327,0.4915476096370072,-1.9844774031649768,3.4227,1,3.4227,6.0,inf
311,2,1.5340021824398327,0.4915476096370072,-1.9844774031649768,3.4227,1,3.4227,6.0,inf
311,3,1.5340021824398327,0.4915476096370072,-1.9844774031649768,3.4227,1,3.4227,6.0,inf
311,4,1.5340021824398327,0.4915476096370072,-1.9844774031649768,3.4227,1,3.4227,6.0,inf
311,5,1.5340021824398327,0.4915476096370072,-1.9844774031649768,3.4227,1,3.4227,6.0,inf
312,0,1.0746918298352663,-0.1768704295383862,0.3447867359198265,0.43649999999999994,1,0.43649999999999994,6.0,inf
312,1,1.0746918298352663,-0.1768704295383862,0.3447867359198265,0.43649999999999994,1,0.43649999999999994,6.0,inf
312,2,1.0746918298352663,-0.1768704295383862,0.3447867359198265,0.43649999999999994,1,0.43649999999999994,6.0,inf
312,3,1.0746918298352663,-0.1768704295383862,0.3447867359198265,0.43649999999999994,1,0.43649999999999994,6.0,inf
312,4,1.0746918298352663,-0.1768704295383862,0.3447867359198265,0.43649999999999994,1,0.43649999999999994,6.0,inf
312,5,1.0746918298352663,-0.1768704295383862,0.3447867359198265,0.43649999999999994,1,0.43649999999999994,6.0,inf
313,0,-0.8391102282034759,0.7484319802413701,0.7568784829896746,3.0612,1,3.0612,6.0,inf
313,1,-0.8391102282034759,0.7484319802413701,0.7568784829896746,3.0612,1,3.0612,6.0,inf
313,2,-0.8391102282034759,0.7484319802413701,0.7568784829896746,3.0612,1,3.0612,6.0,inf
313,3,-0.8391102282034759,0.7484319802413701,0.7568784829896746,3.0612,1,3.0612,6.0,inf
313,4,-0.8391102282034759,0.7484319802413701,0.7568784829896746,3.0612,1,3.0612,6.0,inf
313,5,-0.8391102282034759,0.7484319802413701,0.7568784829896746,3.0612,1,3.0612,6.0,inf
314,0,-1.8103226180011889,-0.2600377581712074,0.5809914421513568,4.8507,1,4.8507,6.0,inf
314,1,-1.8103226180011889,-0.2600377581712074,0.5809914421513568,4.8507,1,4.8507,6.0,inf
314,2,-1.8103226180011889,-0.2600377581712074,0.5809914421513568,4.8507,1,4.8507,6.0,inf
314,3,-1.8103226180011889,-0.2600377581712074,0.5809914421513568,4.8507,1,4.8507,6.0,inf
314,4,-1.8103226180011889,-0.2600377581712074,0.5809914421513568,4.8507,1,4.8507,6.0,inf
314,5,-1.8103226180011889,-0.2600377581712074,0.5809914421513568,4.8507,1,4.8507,6.0,inf
315,0,1.0685208964600856,-0.3632289765700426,-0.9517177150651386,4.1145,1,4.1145,6.0,inf
315,1,1.0685208964600856,-0.3632289765700426,-0.9517177150651386,4.1145,1,4.1145,6.0,inf
315,2,1.0685208964600856,-0.3632289765700426,-0.9517177150651386,4.1145,1,4.1145,6.0,inf
315,3,1.0685208964600856,-0.3632289765700426,-0.9517177150651386,4.1145,1,4.1145,6.0,inf
315,4,1.0685208964600856,-0.3632289765700426,-0.9517177150651386,4.1145,1,4.1145,6.0,inf
315,5,1.0685208964600856,-0.3632289765700426,-0.9517177150651386,4.1145,1,4.1145,6.0,inf
316,0,0.1760968629880862,-1.168108394463209,-0.6458995595923654,5.6361,1,5.6361,6.0,inf
316,1,0.1760968629880862,-1.168108394463209,-0.6458995595923654,5.6361,1,5.6361,6.0,inf
316,2,0.1760968629880862,-1.168108394463209,-0.6458995595923654,5.6361,1,5.6361,6.0,inf
316,3,0.1760968629880862,-1.168108394463209,-0.6458995595923654,5.6361,1,5.6361,6.0,inf
316,4,0.1760968629880862,-1.168108394463209,-0.6458995595923654,5.6361,1,5.6361,6.0,inf
316,5,0.1760968629880862,-1.168108394463209,-0.6458995595923654,5.6361,1,5.6361,6.0,inf
317,0,0.0056674745061429275,-1.3331086801009453,-0.9261855597476888,5.1861,1,5.1861,6.0,inf
317,1,0.0056674745061429275,-1.3331086801009453,-0.9261855597476888,5.1861,1,5.1861,6.0,inf
317,2,0.0056674745061429275,-1.3331086801009453,-0.9261855597476888,5.1861,1,5.1861,6.0,inf
317,3,0.0056674745061429275,-1.3331086801009453,-0.9261855597476888,5.1861,1,5.1861,6.0,inf
317,4,0.0056674745061429275,-1.3331086801009453,-0.9261855597476888,5.1861,1,5.1861,6.0,inf
317,5,0.0056674745061429275,-1.3331086801009453,-0.9261855597476888,5.1861,1,5.1861,6.0,inf
318,0,0.22553420641520364,-1.0463179169690768,1.5283695366638947,2.0439,1,2.0439,6.0,inf
318,1,0.22553420641520364,-1.0463179169690768,1.5283695366638947,2.0439,1,2.0439,6.0,inf
318,2,0.22553420641520364,-1.0463179169690768,1.5283695366638947,2.0439,1,2.0439,6.0,inf
318,3,0.22553420641520364,-1.0463179169690768,1.5283695366638947,2.0439,1,2.0439,6.0,inf
318,4,0.22553420641520364,-1.0463179169690768,1.5283695366638947,2.0439,1,2.0439,6.0,inf
318,5,0.22553420641520364,-1.0463179169690768,1.5283695366638947,2.0439,1,2.0439,6.0,inf
319,0,0.5919554072562173,-2.1055903975503054,0.8800706558621836,1.8722999999999999,1,1.8722999999999999,6.0,inf
319,1,0.5919554072562173,-2.1055903975503054,0.8800706558621836,1.8722999999999999,1,1.8722999999999999,6.0,inf
319,2,0.5919554072562173,-2.1055903975503054,0.8800706558621836,1.8722999999999999,1,1.8722999999999999,6.0,inf
319,3,0.5919554072562173,-2.1055903975503054,0.8800706558621836,1.8722999999999999,1,1.8722999999999999,6.0,inf
319,4,0.5919554072562173,-2.1055903975503054,0.8800706558621836,1.8722999999999999,1,1.8722999999999999,6.0,inf
319,5,0.5919554072562173,-2.1055903975503054,0.8800706558621836,1.8722999999999999,1,1.8722999999999999,6.0,inf
320,0,0.8511324783966717,1.0755547270687054,0.2813462978681373,1.4745,1,1.4745,6.0,inf
320,1,0.8511324783966717,1.0755547270687054,0.2813462978681373,1.4745,1,1.4745,6.0,inf
320,2,0.8511324783966717,1.0755547270687054,0.2813462978681373,1.4745,1,1.4745,6.0,inf
320,3,0.8511324783966717,1.0755547270687054,0.2813462978681373,1.4745,1,1.4745,6.0,inf
320,4,0.8511324783966717,1.0755547270687054,0.2813462978681373,1.4745,1,1.4745,6.0,inf
320,5,0.8511324783966717,1.0755547270687054,0.2813462978681373,1.4745,1,1.4745,6.0,inf
321,0,0.4871891725895275,0.23030411112769733,-0.2331803277590565,0.8069999999999999,1,0.8069999999999999,6.0,inf
321,1,0.4871891725895275,0.23030411112769733,-0.2331803277590565,0.8069999999999999,1,0.8069999999999999,6.0,inf
321,2,0.4871891725895275,0.23030411112769733,-0.2331803277590565,0.8069999999999999,1,0.8069999999999999,6.0,inf
321,3,0.4871891725895275,0.23030411112769733,-0.2331803277590565,0.8069999999999999,1,0.8069999999999999,6.0,inf
321,4,0.4871891725895275,0.23030411112769733,-0.2331803277590565,0.8069999999999999,1,0.8069999999999999,6.0,inf
321,5,0.4871891725895275,0.23030411112769733,-0.2331803277590565,0.8069999999999999,1,0.8069999999999999,6.0,inf
322,0,1.2104355189358298,0.22263704115317923,0.10080798808634338,1.3005,1,1.3005,6.0,inf
322,1,1.2104355189358298,0.22263704115317923,0.10080798808634338,1.3005,1,1.3005,6.0,inf
322,2,1.2104355189358298,0.22263704115317923,0.10080798808634338,1.3005,1,1.3005,6.0,inf
322,3,1.2104355189358298,0.22263704115317923,0.10080798808634338,1.3005,1,1.3005,6.0,inf
322,4,1.2104355189358298,0.22263704115317923,0.10080798808634338,1.3005,1,1.3005,6.0,inf
322,5,1.2104355189358298,0.22263704115317923,0.10080798808634338,1.3005,1,1.3005,6.0,inf
323,0,0.14773655329825983,1.3441113597217462,1.3918488461620626,0.5949,1,0.5949,6.0,inf
323,1,0.14773655329825983,1.3441113597217462,1.3918488461620626,0.5949,1,0.5949,6.0,inf
323,2,0.14773655329825983,1.3441113597217462,1.3918488461620626,0.5949,1,0.5949,6.0,inf
323,3,0.14773655329825983,1.3441113597217462,1.3918488461620626,0.5949,1,0.5949,6.0,inf
323,4,0.14773655329825983,1.3441113597217462,1.3918488461620626,0.5949,1,0.5949,6.0,inf
323,5,0.14773655329825983,1.3441113597217462,1.3918488461620626,0.5949,1,0.5949,6.0,inf
324,0,0.4878960508322731,-0.41327728827907423,2.065257629094044,1.2857999999999998,1,1.2857999999999998,6.0,inf
324,1,0.4878960508322731,-0.41327728827907423,2.065257629094044,1.2857999999999998,1,1.2857999999999998,6.0,inf
324,2,0.4878960508322731,-0.41327728827907423,2.065257629094044,1.2857999999999998,1,1.2857999999999998,6.0,inf
324,3,0.4878960508322731,-0.41327728827907423,2.065257629094044,1.2857999999999998,1,1.2857999999999998,6.0,inf
324,4,0.4878960508322731,-0.41327728827907423,2.065257629094044,1.2857999999999998,1,1.2857999999999998,6.0,inf
324,5,0.4878960508322731,-0.41327728827907423,2.065257629094044,1.2857999999999998,1,1.2857999999999998,6.0,inf
325,0,1.2735201232505182,0.8722415583361683,-1.770345937291352,1.7001,1,1.7001,6.0,inf
325,1,1.2735201232505182,0.8722415583361683,-1.770345937291352,1.7001,1,1.7001,6.0,inf
325,2,1.2735201232505182,0.8722415583361683,-1.770345937291352,1.7001,1,1.7001,6.0,inf
325,3,1.2735201232505182,0.8722415583361683,-1.770345937291352,1.7001,1,1.7001,6.0,inf
325,4,1.2735201232505182,0.8722415583361683,-1.770345937291352,1.7001,1,1.7001,6.0,inf
325,5,1.2735201232505182,0.8722415583361683,-1.770345937291352,1.7001,1,1.7001,6.0,inf
326,0,-0.445895029563483,0.9866850653716497,-0.9228648567376296,6.0,0,7.023599999999999,6.0,inf
326,1,-0.445895029563483,0.9866850653716497,-0.9228648567376296,6.0,0,7.023599999999999,6.0,inf
326,2,-0.445895029563483,0.9866850653716497,-0.9228648567376296,6.0,0,7.023599999999999,6.0,inf
326,3,-0.445895029563483,0.9866850653716497,-0.9228648567376296,6.0,0,7.023599999999999,6.0,inf
326,4,-0.445895029563483,0.9866850653716497,-0.9228648567376296,6.0,0,7.023599999999999,6.0,inf
326,5,-0.445895029563483,0.9866850653716497,-0.9228648567376296,6.0,0,7.023599999999999,6.0,inf
327,0,0.6451074681496022,-1.0035641619051092,-0.08666923794673105,2.4402,1,2.4402,6.0,inf
327,1,0.6451074681496022,-1.0035641619051092,-0.08666923794673105,2.4402,1,2.4402,6.0,inf
327,2,0.6451074681496022,-1.0035641619051092,-0.08666923794673105,2.4402,1,2.4402,6.0,inf
327,3,0.6451074681496022,-1.0035641619051092,-0.08666923794673105,2.4402,1,2.4402,6.0,inf
327,4,0.6451074681496022,-1.0035641619051092,-0.08666923794673105,2.4402,1,2.4402,6.0,inf
327,5,0.6451074681496022,-1.0035641619051092,-0.08666923794673105,2.4402,1,2.4402,6.0,inf
328,0,-0.09861365289497118,0.8858836176337114,-1.4014300481136008,3.0788999999999995,1,3.0788999999999995,6.0,inf
328,1,-0.09861365289497118,0.8858836176337114,-1.4014300481136008,3.0788999999999995,1,3.0788999999999995,6.0,inf
328,2,-0.09861365289497118,0.8858836176337114,-1.4014300481136008,3.0788999999999995,1,3.0788999999999995,6.0,inf
328,3,-0.09861365289497118,0.8858836176337114,-1.4014300481136008,3.0788999999999995,1,3.0788999999999995,6.0,inf
328,4,-0.09861365289497118,0.8858836176337114,-1.4014300481136008,3.0788999999999995,1,3.0788999999999995,6.0,inf
328,5,-0.09861365289497118,0.8858836176337114,-1.4014300481136008,3.0788999999999995,1,3.0788999999999995,6.0,inf
329,0,0.36864230099638085,-1.4029114449956535,-0.8997188985845083,1.7409,1,1.7409,6.0,inf
329,1,0.36864230099638085,-1.4029114449956535,-0.8997188985845083,1.7409,1,1.7409,6.0,inf
329,2,0.36864230099638085,-1.4029114449956535,-0.8997188985845083,1.7409,1,1.7409,6.0,inf
329,3,0.36864230099638085,-1.4029114449956535,-0.8997188985845083,1.7409,1,1.7409,6.0,inf
329,4,0.36864230099638085,-1.4029114449956535,-0.8997188985845083,1.7409,1,1.7409,6.0,inf
329,5,0.36864230099638085,-1.4029114449956535,-0.8997188985845083,1.7409,1,1.7409,6.0,inf
330,0,0.8848076435710334,-0.2568512356426286,1.3219283433173046,1.0188,1,1.0188,6.0,inf
330,1,0.8848076435710334,-0.2568512356426286,1.3219283433173046,1.0188,1,1.0188,6.0,inf
330,2,0.8848076435710334,-0.2568512356426286,1.3219283433173046,1.0188,1,1.0188,6.0,inf
330,3,0.8848076435710334,-0.2568512356426286,1.3219283433173046,1.0188,1,1.0188,6.0,inf
330,4,0.8848076435710334,-0.2568512356426286,1.3219283433173046,1.0188,1,1.0188,6.0,inf
330,5,0.8848076435710334,-0.2568512356426286,1.3219283433173046,1.0188,1,1.0188,6.0,inf
331,0,0.5722571285436321,-0.6268165583731814,-0.034470362795311536,2.6298,1,2.6298,6.0,inf
331,1,0.5722571285436321,-0.6268165583731814,-0.034470362795311536,2.6298,1,2.6298,6.0,inf
331,2,0.5722571285436321,-0.6268165583731814,-0.034470362795311536,2.6298,1,2.6298,6.0,inf
331,3,0.5722571285436321,-0.6268165583731814,-0.034470362795311536,2.6298,1,2.6298,6.0,inf
331,4,0.5722571285436321,-0.6268165583731814,-0.034470362795311536,2.6298,1,2.6298,6.0,inf
331,5,0.5722571285436321,-0.6268165583731814,-0.034470362795311536,2.6298,1,2.6298,6.0,inf
332,0,-1.2194597002750538,-0.09794733185545498,1.269128976146122,4.4163,1,4.4163,6.0,inf
332,1,-1.2194597002750538,-0.09794733185545498,1.269128976146122,4.4163,1,4.4163,6.0,inf
332,2,-1.2194597002750538,-0.09794733185545498,1.269128976146122,4.4163,1,4.4163,6.0,inf
332,3,-1.2194597002750538,-0.09794733185545498,1.269128976146122,4.4163,1,4.4163,6.0,inf
332,4,-1.2194597002750538,-0.09794733185545498,1.269128976146122,4.4163,1,4.4163,6.0,inf
332,5,-1.2194597002750538,-0.09794733185545498,1.269128976146122,4.4163,1,4.4163,6.0,inf
333,0,1.3525220288101734,-1.0902465364145992,-0.16064580456309574,2.4699,1,2.4699,6.0,inf
333,1,1.3525220288101734,-1.0902465364145992,-0.16064580456309574,2.4699,1,2.4699,6.0,inf
333,2,1.3525220288101734,-1.0902465364145992,-0.16064580456309574,2.4699,1,2.4699,6.0,inf
333,3,1.3525220288101734,-1.0902465364145992,-0.16064580456309574,2.4699,1,2.4699,6.0,inf
333,4,1.3525220288101734,-1.0902465364145992,-0.16064580456309574,2.4699,1,2.4699,6.0,inf
333,5,1.3525220288101734,-1.0902465364145992,-0.16064580456309574,2.4699,1,2.4699,6.0,inf
334,0,0.07646304936252514,-1.040627730576926,0.7164802167163916,0.24359999999999998,1,0.24359999999999998,6.0,inf
334,1,0.07646304936252514,-1.040627730576926,0.7164802167163916,0.24359999999999998,1,0.24359999999999998,6.0,inf
334,2,0.07646304936252514,-1.040627730576926,0.7164802167163916,0.24359999999999998,1,0.24359999999999998,6.0,inf
334,3,0.07646304936252514,-1.040627730576926,0.7164802167163916,0.24359999999999998,1,0.24359999999999998,6.0,inf
334,4,0.07646304936252514,-1.040627730576926,0.7164802167163916,0.24359999999999998,1,0.24359999999999998,6.0,inf
334,5,0.07646304936252514,-1.040627730576926,0.7164802167163916,0.24359999999999998,1,0.24359999999999998,6.0,inf
335,0,-0.6981323366122483,0.5124995208481863,-0.6573150283517089,1.6398,1,1.6398,6.0,inf
335,1,-0.6981323366122483,0.5124995208481863,-0.6573150283517089,1.6398,1,1.6398,6.0,inf
335,2,-0.6981323366122483,0.5124995208481863,-0.6573150283517089,1.6398,1,1.6398,6.0,inf
335,3,-0.6981323366122483,0.5124995208481863,-0.6573150283517089,1.6398,1,1.6398,6.0,inf
335,4,-0.6981323366122483,0.5124995208481863,-0.6573150283517089,1.6398,1,1.6398,6.0,inf
335,5,-0.6981323366122483,0.5124995208481863,-0.6573150283517089,1.6398,1,1.6398,6.0,inf
336,0,0.14687096216012213,-0.6665229115251075,0.9261622900725902,2.0505,1,2.0505,6.0,inf
336,1,0.14687096216012213,-0.6665229115251075,0.9261622900725902,2.0505,1,2.0505,6.0,inf
336,2,0.14687096216012213,-0.6665229115251075,0.9261622900725902,2.0505,1,2.0505,6.0,inf
336,3,0.14687096216012213,-0.6665229115251075,0.9261622900725902,2.0505,1,2.0505,6.0,inf
336,4,0.14687096216012213,-0.6665229115251075,0.9261622900725902,2.0505,1,2.0505,6.0,inf
336,5,0.14687096216012213,-0.6665229115251075,0.9261622900725902,2.0505,1,2.0505,6.0,inf
337,0,-0.5735336341813735,0.44591606241177767,0.9628025159760487,5.850899999999999,1,5.850899999999999,6.0,inf
337,1,-0.5735336341813735,0.44591606241177767,0.9628025159760487,5.850899999999999,1,5.850899999999999,6.0,inf
337,2,-0.5735336341813735,0.44591606241177767,0.9628025159760487,5.850899999999999,1,5.850899999999999,6.0,inf
337,3,-0.5735336341813735,0.44591606241177767,0.9628025159760487,5.850899999999999,1,5.850899999999999,6.0,inf
337,4,-0.5735336341813735,0.44591606241177767,0.9628025159760487,5.850899999999999,1,5.850899999999999,6.0,inf
337,5,-0.5735336341813735,0.44591606241177767,0.9628025159760487,5.850899999999999,1,5.850899999999999,6.0,inf
338,0,2.1387118336368593,-0.9180913414554019,-0.33731504888421177,0.5186999999999999,1,0.5186999999999999,6.0,inf
338,1,2.1387118336368593,-0.9180913414554019,-0.33731504888421177,0.5186999999999999,1,0.5186999999999999,6.0,inf
338,2,2.1387118336368593,-0.9180913414554019,-0.33731504888421177,0.5186999999999999,1,0.5186999999999999,6.0,inf
338,3,2.1387118336368593,-0.9180913414554019,-0.33731504888421177,0.5186999999999999,1,0.5186999999999999,6.0,inf
338,4,2.1387118336368593,-0.9180913414554019,-0.33731504888421177,0.5186999999999999,1,0.5186999999999999,6.0,inf
338,5,2.1387118336368593,-0.9180913414554019,-0.33731504888421177,0.5186999999999999,1,0.5186999999999999,6.0,inf
339,0,-0.9492144982099086,0.6375120880491132,-1.4419346394859562,0.3807,1,0.3807,6.0,inf
339,1,-0.9492144982099086,0.6375120880491132,-1.4419346394859562,0.3807,1,0.3807,6.0,inf
339,2,-0.9492144982099086,0.6375120880491132,-1.4419346394859562,0.3807,1,0.3807,6.0,inf
339,3,-0.9492144982099086,0.6375120880491132,-1.4419346394859562,0.3807,1,0.3807,6.0,inf
339,4,-0.9492144982099086,0.6375120880491132,-1.4419346394859562,0.3807,1,0.3807,6.0,inf
339,5,-0.9492144982099086,0.6375120880491132,-1.4419346394859562,0.3807,1,0.3807,6.0,inf
340,0,0.17925795579173778,-0.7772544432254406,1.3884090670998577,3.4452,1,3.4452,6.0,inf
340,1,0.17925795579173778,-0.7772544432254406,1.3884090670998577,3.4452,1,3.4452,6.0,inf
340,2,0.17925795579173778,-0.7772544432254406,1.3884090670998577,3.4452,1,3.4452,6.0,inf
340,3,0.17925795579173778,-0.7772544432254406,1.3884090670998577,3.4452,1,3.4452,6.0,inf
340,4,0.17925795579173778,-0.7772544432254406,1.3884090670998577,3.4452,1,3.4452,6.0,inf
340,5,0.17925795579173778,-0.7772544432254406,1.3884090670998577,3.4452,1,3.4452,6.0,inf
341,0,-0.5095752078603688,0.99493660598699,-0.8227793427165244,1.6173,1,1.6173,6.0,inf
341,1,-0.5095752078603688,0.99493660598699,-0.8227793427165244,1.6173,1,1.6173,6.0,inf
341,2,-0.5095752078603688,0.99493660598699,-0.8227793427165244,1.6173,1,1.6173,6.0,inf
341,3,-0.5095752078603688,0.99493660598699,-0.8227793427165244,1.6173,1,1.6173,6.0,inf
341,4,-0.5095752078603688,0.99493660598699,-0.8227793427165244,1.6173,1,1.6173,6.0,inf
341,5,-0.5095752078603688,0.99493660598699,-0.8227793427165244,1.6173,1,1.6173,6.0,inf
342,0,0.3305996630255556,-0.3554813737824236,0.44035851268090387,0.14759999999999998,1,0.14759999999999998,6.0,inf
342,1,0.3305996630255556,-0.3554813737824236,0.44035851268090387,0.14759999999999998,1,0.14759999999999998,6.0,inf
342,2,0.3305996630255556,-0.3554813737824236,0.44035851268090387,0.14759999999999998,1,0.14759999999999998,6.0,inf
342,3,0.3305996630255556,-0.3554813737824236,0.44035851268090387,0.14759999999999998,1,0.14759999999999998,6.0,inf
342,4,0.3305996630255556,-0.3554813737824236,0.44035851268090387,0.14759999999999998,1,0.14759999999999998,6.0,inf
342,5,0.3305996630255556,-0.3554813737824236,0.44035851268090387,0.14759999999999998,1,0.14759999999999998,6.0,inf
343,0,-0.877541685108817,1.2726756136767323,-1.561199764833543,2.2232999999999996,1,2.2232999999999996,6.0,inf
343,1,-0.877541685108817,1.2726756136767323,-1.561199764833543,2.2232999999999996,1,2.2232999999999996,6.0,inf
343,2,-0.877541685108817,1.2726756136767323,-1.561199764833543,2.2232999999999996,1,2.2232999999999996,6.0,inf
343,3,-0.877541685108817,1.2726756136767323,-1.561199764833543,2.2232999999999996,1,2.2232999999999996,6.0,inf
343,4,-0.877541685108817,1.2726756136767323,-1.561199764833543,2.2232999999999996,1,2.2232999999999996,6.0,inf
343,5,-0.877541685108817,1.2726756136767323,-1.561199764833543,2.2232999999999996,1,2.2232999999999996,6.0,inf
344,0,1.1166434416113014,1.410083499132962,-1.1615062372970126,3.1289999999999996,1,3.1289999999999996,6.0,inf
344,1,1.1166434416113014,1.410083499132962,-1.1615062372970126,3.1289999999999996,1,3.1289999999999996,6.0,inf
344,2,1.1166434416113014,1.410083499132962,-1.1615062372970126,3.1289999999999996,1,3.1289999999999996,6.0,inf
344,3,1.1166434416113014,1.410083499132962,-1.1615062372970126,3.1289999999999996,1,3.1289999999999996,6.0,inf
344,4,1.1166434416113014,1.410083499132962,-1.1615062372970126,3.1289999999999996,1,3.1289999999999996,6.0,inf
344,5,1.1166434416113014,1.410083499132962,-1.1615062372970126,3.1289999999999996,1,3.1289999999999996,6.0,inf
345,0,0.10063838964308289,1.0873184327841559,0.4812349118252594,1.3395,1,1.3395,6.0,inf
345,1,0.10063838964308289,1.0873184327841559,0.4812349118252594,1.3395,1,1.3395,6.0,inf
345,2,0.10063838964308289,1.0873184327841559,0.4812349118252594,1.3395,1,1.3395,6.0,inf
345,3,0.10063838964308289,1.0873184327841559,0.4812349118252594,1.3395,1,1.3395,6.0,inf
345,4,0.10063838964308289,1.0873184327841559,0.4812349118252594,1.3395,1,1.3395,6.0,inf
345,5,0.10063838964308289,1.0873184327841559,0.4812349118252594,1.3395,1,1.3395,6.0,inf
346,0,-0.6698117267406712,0.29472753566471616,-0.26229365881954014,1.9451999999999998,1,1.9451999999999998,6.0,inf
346,1,-0.6698117267406712,0.29472753566471616,-0.26229365881954014,1.9451999999999998,1,1.9451999999999998,6.0,inf
346,2,-0.6698117267406712,0.29472753566471616,-0.26229365881954014,1.9451999999999998,1,1.9451999999999998,6.0,inf
346,3,-0.6698117267406712,0.29472753566471616,-0.26229365881954014,1.9451999999999998,1,1.9451999999999998,6.0,inf
346,4,-0.6698117267406712,0.29472753566471616,-0.26229365881954014,1.9451999999999998,1,1.9451999999999998,6.0,inf
346,5,-0.6698117267406712,0.29472753566471616,-0.26229365881954014,1.9451999999999998,1,1.9451999999999998,6.0,inf
347,0,1.8597450577725279,-1.2428464512643178,-0.6557326540481053,2.6397,1,2.6397,6.0,inf
347,1,1.8597450577725279,-1.2428464512643178,-0.6557326540481053,2.6397,1,2.6397,6.0,inf
347,2,1.8597450577725279,-1.2428464512643178,-0.6557326540481053,2.6397,1,2.6397,6.0,inf
347,3,1.8597450577725279,-1.2428464512643178,-0.6557326540481053,2.6397,1,2.6397,6.0,inf
347,4,1.8597450577725279,-1.2428464512643178,-0.6557326540481053,2.6397,1,2.6397,6.0,inf
347,5,1.8597450577725279,-1.2428464512643178,-0.6557326540481053,2.6397,1,2.6397,6.0,inf
348,0,-0.4317300875496829,1.0272074750825586,0.19281476765410271,0.24029999999999999,1,0.24029999999999999,6.0,inf
348,1,-0.4317300875496829,1.0272074750825586,0.19281476765410271,0.24029999999999999,1,0.24029999999999999,6.0,inf
348,2,-0.4317300875496829,1.0272074750825586,0.19281476765410271,0.24029999999999999,1,0.24029999999999999,6.0,inf
348,3,-0.4317300875496829,1.0272074750825586,0.19281476765410271,0.24029999999999999,1,0.24029999999999999,6.0,inf
348,4,-0.4317300875496829,1.0272074750825586,0.19281476765410271,0.24029999999999999,1,0.24029999999999999,6.0,inf
348,5,-0.4317300875496829,1.0272074750825586,0.19281476765410271,0.24029999999999999,1,0.24029999999999999,6.0,inf
349,0,0.24168018917909018,-0.18930038789521078,-1.419855720171186,6.0,0,7.673099999999999,6.0,inf
349,1,0.24168018917909018,-0.18930038789521078,-1.419855720171186,6.0,0,7.673099999999999,6.0,inf
349,2,0.24168018917909018,-0.18930038789521078,-1.419855720171186,6.0,0,7.673099999999999,6.0,inf
349,3,0.24168018917909018,-0.18930038789521078,-1.419855720171186,6.0,0,7.673099999999999,6.0,inf
349,4,0.24168018917909018,-0.18930038789521078,-1.419855720171186,6.0,0,7.673099999999999,6.0,inf
349,5,0.24168018917909018,-0.18930038789521078,-1.419855720171186,6.0,0,7.673099999999999,6.0,inf
350,0,-0.40440326757259226,0.06158048142465754,-0.796070245755886,0.6858,1,0.6858,6.0,inf
350,1,-0.40440326757259226,0.06158048142465754,-0.796070245755886,0.6858,1,0.6858,6.0,inf
350,2,-0.40440326757259226,0.06158048142465754,-0.796070245755886,0.6858,1,0.6858,6.0,inf
350,3,-0.40440326757259226,0.06158048142465754,-0.796070245755886,0.6858,1,0.6858,6.0,inf
350,4,-0.40440326757259226,0.06158048142465754,-0.796070245755886,0.6858,1,0.6858,6.0,inf
350,5,-0.40440326757259226,0.06158048142465754,-0.796070245755886,0.6858,1,0.6858,6.0,inf
351,0,1.0279651341342886,1.4094584695374448,0.3582648870565296,0.30929999999999996,1,0.30929999999999996,6.0,inf
351,1,1.0279651341342886,1.4094584695374448,0.3582648870565296,0.30929999999999996,1,0.30929999999999996,6.0,inf
351,2,1.0279651341342886,1.4094584695374448,0.3582648870565296,0.30929999999999996,1,0.30929999999999996,6.0,inf
351,3,1.0279651341342886,1.4094584695374448,0.3582648870565296,0.30929999999999996,1,0.30929999999999996,6.0,inf
351,4,1.0279651341342886,1.4094584695374448,0.3582648870565296,0.30929999999999996,1,0.30929999999999996,6.0,inf
351,5,1.0279651341342886,1.4094584695374448,0.3582648870565296,0.30929999999999996,1,0.30929999999999996,6.0,inf
352,0,0.10029182447334486,-0.13378773546549844,-0.2517801156061383,1.3533,1,1.3533,6.0,inf
352,1,0.10029182447334486,-0.13378773546549844,-0.2517801156061383,1.3533,1,1.3533,6.0,inf
352,2,0.10029182447334486,-0.13378773546549844,-0.2517801156061383,1.3533,1,1.3533,6.0,inf
352,3,0.10029182447334486,-0.13378773546549844,-0.2517801156061383,1.3533,1,1.3533,6.0,inf
352,4,0.10029182447334486,-0.13378773546549844,-0.2517801156061383,1.3533,1,1.3533,6.0,inf
352,5,0.10029182447334486,-0.13378773546549844,-0.2517801156061383,1.3533,1,1.3533,6.0,inf
353,0,-0.04950649110042714,0.9647980369181841,0.7581376981153581,2.445,1,2.445,6.0,inf
353,1,-0.04950649110042714,0.9647980369181841,0.7581376981153581,2.445,1,2.445,6.0,inf
353,2,-0.04950649110042714,0.9647980369181841,0.7581376981153581,2.445,1,2.445,6.0,inf
353,3,-0.04950649110042714,0.9647980369181841,0.7581376981153581,2.445,1,2.445,6.0,inf
353,4,-0.04950649110042714,0.9647980369181841,0.7581376981153581,2.445,1,2.445,6.0,inf
353,5,-0.04950649110042714,0.9647980369181841,0.7581376981153581,2.445,1,2.445,6.0,inf
354,0,-1.2800883059499917,-0.07273006661132304,1.2260473581893,4.943099999999999,1,4.943099999999999,6.0,inf
354,1,-1.2800883059499917,-0.07273006661132304,1.2260473581893,4.943099999999999,1,4.943099999999999,6.0,inf
354,2,-1.2800883059499917,-0.07273006661132304,1.2260473581893,4.943099999999999,1,4.943099999999999,6.0,inf
354,3,-1.2800883059499917,-0.07273006661132304,1.2260473581893,4.943099999999999,1,4.943099999999999,6.0,inf
354,4,-1.2800883059499917,-0.07273006661132304,1.2260473581893,4.943099999999999,1,4.943099999999999,6.0,inf
354,5,-1.2800883059499917,-0.07273006661132304,1.2260473581893,4.943099999999999,1,4.943099999999999,6.0,inf
355,0,0.08101785005621705,0.8243981150683151,-0.8424455953816142,0.4911,1,0.4911,6.0,inf
355,1,0.08101785005621705,0.8243981150683151,-0.8424455953816142,0.4911,1,0.4911,6.0,inf
355,2,0.08101785005621705,0.8243981150683151,-0.8424455953816142,0.4911,1,0.4911,6.0,inf
355,3,0.08101785005621705,0.8243981150683151,-0.8424455953816142,0.4911,1,0.4911,6.0,inf
355,4,0.08101785005621705,0.8243981150683151,-0.8424455953816142,0.4911,1,0.4911,6.0,inf
355,5,0.08101785005621705,0.8243981150683151,-0.8424455953816142,0.4911,1,0.4911,6.0,inf
356,0,0.35974800200654394,-0.7423478678817881,-2.2508795669417974,4.470599999999999,1,4.470599999999999,6.0,inf
356,1,0.35974800200654394,-0.7423478678817881,-2.2508795669417974,4.470599999999999,1,4.470599999999999,6.0,inf
356,2,0.35974800200654394,-0.7423478678817881,-2.2508795669417974,4.470599999999999,1,4.470599999999999,6.0,inf
356,3,0.35974800200654394,-0.7423478678817881,-2.2508795669417974,4.470599999999999,1,4.470599999999999,6.0,inf
356,4,0.35974800200654394,-0.7423478678817881,-2.2508795669417974,4.470599999999999,1,4.470599999999999,6.0,inf
356,5,0.35974800200654394,-0.7423478678817881,-2.2508795669417974,4.470599999999999,1,4.470599999999999,6.0,inf
357,0,-1.7770647039925076,-1.0831862982991955,1.0682806352268646,5.473199999999999,1,5.473199999999999,6.0,inf
357,1,-1.7770647039925076,-1.0831862982991955,1.0682806352268646,5.473199999999999,1,5.473199999999999,6.0,inf
357,2,-1.7770647039925076,-1.0831862982991955,1.0682806352268646,5.473199999999999,1,5.473199999999999,6.0,inf
357,3,-1.7770647039925076,-1.0831862982991955,1.0682806352268646,5.473199999999999,1,5.473199999999999,6.0,inf
357,4,-1.7770647039925076,-1.0831862982991955,1.0682806352268646,5.473199999999999,1,5.473199999999999,6.0,inf
357,5,-1.7770647039925076,-1.0831862982991955,1.0682806352268646,5.473199999999999,1,5.473199999999999,6.0,inf
358,0,0.18716944908465183,0.9852536068475107,-1.478771078503294,0.5714999999999999,1,0.5714999999999999,6.0,inf
358,1,0.18716944908465183,0.9852536068475107,-1.478771078503294,0.5714999999999999,1,0.5714999999999999,6.0,inf
358,2,0.18716944908465183,0.9852536068475107,-1.478771078503294,0.5714999999999999,1,0.5714999999999999,6.0,inf
358,3,0.18716944908465183,0.9852536068475107,-1.478771078503294,0.5714999999999999,1,0.5714999999999999,6.0,inf
358,4,0.18716944908465183,0.9852536068475107,-1.478771078503294,0.5714999999999999,1,0.5714999999999999,6.0,inf
358,5,0.18716944908465183,0.9852536068475107,-1.478771078503294,0.5714999999999999,1,0.5714999999999999,6.0,inf
359,0,-0.36356737226966795,-2.372280012080439,0.5478920768059751,6.0,0,6.850499999999999,6.0,inf
359,1,-0.36356737226966795,-2.372280012080439,0.5478920768059751,6.0,0,6.850499999999999,6.0,inf
359,2,-0.36356737226966795,-2.372280012080439,0.5478920768059751,6.0,0,6.850499999999999,6.0,inf
359,3,-0.36356737226966795,-2.372280012080439,0.5478920768059751,6.0,0,6.850499999999999,6.0,inf
359,4,-0.36356737226966795,-2.372280012080439,0.5478920768059751,6.0,0,6.850499999999999,6.0,inf
359,5,-0.36356737226966795,-2.372280012080439,0.5478920768059751,6.0,0,6.850499999999999,6.0,inf
360,0,-0.644818035733256,-0.5395325303054049,-1.2579574425301834,1.5176999999999998,1,1.5176999999999998,6.0,inf
360,1,-0.644818035733256,-0.5395325303054049,-1.2579574425301834,1.5176999999999998,1,1.5176999999999998,6.0,inf
360,2,-0.644818035733256,-0.5395325303054049,-1.2579574425301834,1.5176999999999998,1,1.5176999999999998,6.0,inf
360,3,-0.644818035733256,-0.5395325303054049,-1.2579574425301834,1.5176999999999998,1,1.5176999999999998,6.0,inf
360,4,-0.644818035733256,-0.5395325303054049,-1.2579574425301834,1.5176999999999998,1,1.5176999999999998,6.0,inf
360,5,-0.644818035733256,-0.5395325303054049,-1.2579574425301834,1.5176999999999998,1,1.5176999999999998,6.0,inf
361,0,-0.6849628852097727,1.8154830508048,1.5433386137604015,1.0305,1,1.0305,6.0,inf
361,1,-0.6849628852097727,1.8154830508048,1.5433386137604015,1.0305,1,1.0305,6.0,inf
361,2,-0.6849628852097727,1.8154830508048,1.5433386137604015,1.0305,1,1.0305,6.0,inf
361,3,-0.6849628852097727,1.8154830508048,1.5433386137604015,1.0305,1,1.0305,6.0,inf
361,4,-0.6849628852097727,1.8154830508048,1.5433386137604015,1.0305,1,1.0305,6.0,inf
361,5,-0.6849628852097727,1.8154830508048,1.5433386137604015,1.0305,1,1.0305,6.0,inf
362,0,0.19247298192713158,0.4868277630659587,-0.8257615158081449,0.7154999999999999,1,0.7154999999999999,6.0,inf
362,1,0.19247298192713158,0.4868277630659587,-0.8257615158081449,0.7154999999999999,1,0.7154999999999999,6.0,inf
362,2,0.19247298192713158,0.4868277630659587,-0.8257615158081449,0.7154999999999999,1,0.7154999999999999,6.0,inf
362,3,0.19247298192713158,0.4868277630659587,-0.8257615158081449,0.7154999999999999,1,0.7154999999999999,6.0,inf
362,4,0.19247298192713158,0.4868277630659587,-0.8257615158081449,0.7154999999999999,1,0.7154999999999999,6.0,inf
362,5,0.19247298192713158,0.4868277630659587,-0.8257615158081449,0.7154999999999999,1,0.7154999999999999,6.0,inf
363,0,0.08555478040178467,-0.3854685158525951,-0.02146484386158058,5.013,1,5.013,6.0,inf
363,1,0.08555478040178467,-0.3854685158525951,-0.02146484386158058,5.013,1,5.013,6.0,inf
363,2,0.08555478040178467,-0.3854685158525951,-0.02146484386158058,5.013,1,5.013,6.0,inf
363,3,0.08555478040178467,-0.3854685158525951,-0.02146484386158058,5.013,1,5.013,6.0,inf
363,4,0.08555478040178467,-0.3854685158525951,-0.02146484386158058,5.013,1,5.013,6.0,inf
363,5,0.08555478040178467,-0.3854685158525951,-0.02146484386158058,5.013,1,5.013,6.0,inf
364,0,1.107056794805971,1.6638207107797551,-0.6666475479347245,0.32759999999999995,1,0.32759999999999995,6.0,inf
364,1,1.107056794805971,1.6638207107797551,-0.6666475479347245,0.32759999999999995,1,0.32759999999999995,6.0,inf
364,2,1.107056794805971,1.6638207107797551,-0.6666475479347245,0.32759999999999995,1,0.32759999999999995,6.0,inf
364,3,1.107056794805971,1.6638207107797551,-0.6666475479347245,0.32759999999999995,1,0.32759999999999995,6.0,inf
364,4,1.107056794805971,1.6638207107797551,-0.6666475479347245,0.32759999999999995,1,0.32759999999999995,6.0,inf
364,5,1.107056794805971,1.6638207107797551,-0.6666475479347245,0.32759999999999995,1,0.32759999999999995,6.0,inf
365,0,-0.4123489000403432,-1.064951315984624,1.5605713955989413,1.2311999999999999,1,1.2311999999999999,6.0,inf
365,1,-0.4123489000403432,-1.064951315984624,1.5605713955989413,1.2311999999999999,1,1.2311999999999999,6.0,inf
365,2,-0.4123489000403432,-1.064951315984624,1.5605713955989413,1.2311999999999999,1,1.2311999999999999,6.0,inf
365,3,-0.4123489000403432,-1.064951315984624,1.5605713955989413,1.2311999999999999,1,1.2311999999999999,6.0,inf
365,4,-0.4123489000403432,-1.064951315984624,1.5605713955989413,1.2311999999999999,1,1.2311999999999999,6.0,inf
365,5,-0.4123489000403432,-1.064951315984624,1.5605713955989413,1.2311999999999999,1,1.2311999999999999,6.0,inf
366,0,-0.8925864300330307,0.17229829113951053,-2.028461311270381,6.0,0,8.0001,6.0,inf
366,1,-0.8925864300330307,0.17229829113951053,-2.028461311270381,6.0,0,8.0001,6.0,inf
366,2,-0.8925864300330307,0.17229829113951053,-2.028461311270381,6.0,0,8.0001,6.0,inf
366,3,-0.8925864300330307,0.17229829113951053,-2.028461311270381,6.0,0,8.0001,6.0,inf
366,4,-0.8925864300330307,0.17229829113951053,-2.028461311270381,6.0,0,8.0001,6.0,inf
366,5,-0.8925864300330307,0.17229829113951053,-2.028461311270381,6.0,0,8.0001,6.0,inf
367,0,0.5336076421871488,-0.9957028136781082,-1.8071671799052826,4.5945,1,4.5945,6.0,inf
367,1,0.5336076421871488,-0.9957028136781082,-1.8071671799052826,4.5945,1,4.5945,6.0,inf
367,2,0.5336076421871488,-0.9957028136781082,-1.8071671799052826,4.5945,1,4.5945,6.0,inf
367,3,0.5336076421871488,-0.9957028136781082,-1.8071671799052826,4.5945,1,4.5945,6.0,inf
367,4,0.5336076421871488,-0.9957028136781082,-1.8071671799052826,4.5945,1,4.5945,6.0,inf
367,5,0.5336076421871488,-0.9957028136781082,-1.8071671799052826,4.5945,1,4.5945,6.0,inf
368,0,0.38817950128311135,-0.9489737830318293,-1.7960240586433933,2.4162,1,2.4162,6.0,inf
368,1,0.38817950128311135,-0.9489737830318293,-1.7960240586433933,2.4162,1,2.4162,6.0,inf
368,2,0.38817950128311135,-0.9489737830318293,-1.7960240586433933,2.4162,1,2.4162,6.0,inf
368,3,0.38817950128311135,-0.9489737830318293,-1.7960240586433933,2.4162,1,2.4162,6.0,inf
368,4,0.38817950128311135,-0.9489737830318293,-1.7960240586433933,2.4162,1,2.4162,6.0,inf
368,5,0.38817950128311135,-0.9489737830318293,-1.7960240586433933,2.4162,1,2.4162,6.0,inf
369,0,0.3816862191033364,-0.38114756266188804,1.1994671102375836,4.583699999999999,1,4.583699999999999,6.0,inf
369,1,0.3816862191033364,-0.38114756266188804,1.1994671102375836,4.583699999999999,1,4.583699999999999,6.0,inf
369,2,0.3816862191033364,-0.38114756266188804,1.1994671102375836,4.583699999999999,1,4.583699999999999,6.0,inf
369,3,0.3816862191033364,-0.38114756266188804,1.1994671102375836,4.583699999999999,1,4.583699999999999,6.0,inf
369,4,0.3816862191033364,-0.38114756266188804,1.1994671102375836,4.583699999999999,1,4.583699999999999,6.0,inf
369,5,0.3816862191033364,-0.38114756266188804,1.1994671102375836,4.583699999999999,1,4.583699999999999,6.0,inf
370,0,0.8076699189679126,0.7711939567136948,0.03350523212386284,2.1578999999999997,1,2.1578999999999997,6.0,inf
370,1,0.8076699189679126,0.7711939567136948,0.03350523212386284,2.1578999999999997,1,2.1578999999999997,6.0,inf
370,2,0.8076699189679126,0.7711939567136948,0.03350523212386284,2.1578999999999997,1,2.1578999999999997,6.0,inf
370,3,0.8076699189679126,0.7711939567136948,0.03350523212386284,2.1578999999999997,1,2.1578999999999997,6.0,inf
370,4,0.8076699189679126,0.7711939567136948,0.03350523212386284,2.1578999999999997,1,2.1578999999999997,6.0,inf
370,5,0.8076699189679126,0.7711939567136948,0.03350523212386284,2.1578999999999997,1,2.1578999999999997,6.0,inf
371,0,-0.34165107515190773,0.29333201242202084,1.5265206461862457,2.3244,1,2.3244,6.0,inf
371,1,-0.34165107515190773,0.29333201242202084,1.5265206461862457,2.3244,1,2.3244,6.0,inf
371,2,-0.34165107515190773,0.29333201242202084,1.5265206461862457,2.3244,1,2.3244,6.0,inf
371,3,-0.34165107515190773,0.29333201242202084,1.5265206461862457,2.3244,1,2.3244,6.0,inf
371,4,-0.34165107515190773,0.29333201242202084,1.5265206461862457,2.3244,1,2.3244,6.0,inf
371,5,-0.34165107515190773,0.29333201242202084,1.5265206461862457,2.3244,1,2.3244,6.0,inf
372,0,0.6352197856615255,0.8444772503356532,-0.14080397099543157,1.0358999999999998,1,1.0358999999999998,6.0,inf
372,1,0.6352197856615255,0.8444772503356532,-0.14080397099543157,1.0358999999999998,1,1.0358999999999998,6.0,inf
372,2,0.6352197856615255,0.8444772503356532,-0.14080397099543157,1.0358999999999998,1,1.0358999999999998,6.0,inf
372,3,0.6352197856615255,0.8444772503356532,-0.14080397099543157,1.0358999999999998,1,1.0358999999999998,6.0,inf
372,4,0.6352197856615255,0.8444772503356532,-0.14080397099543157,1.0358999999999998,1,1.0358999999999998,6.0,inf
372,5,0.6352197856615255,0.8444772503356532,-0.14080397099543157,1.0358999999999998,1,1.0358999999999998,6.0,inf
373,0,-0.2509874068076642,0.6003872689460719,-0.8460812339095349,1.5746999999999998,1,1.5746999999999998,6.0,inf
373,1,-0.2509874068076642,0.6003872689460719,-0.8460812339095349,1.5746999999999998,1,1.5746999999999998,6.0,inf
373,2,-0.2509874068076642,0.6003872689460719,-0.8460812339095349,1.5746999999999998,1,1.5746999999999998,6.0,inf
373,3,-0.2509874068076642,0.6003872689460719,-0.8460812339095349,1.5746999999999998,1,1.5746999999999998,6.0,inf
373,4,-0.2509874068076642,0.6003872689460719,-0.8460812339095349,1.5746999999999998,1,1.5746999999999998,6.0,inf
373,5,-0.2509874068076642,0.6003872689460719,-0.8460812339095349,1.5746999999999998,1,1.5746999999999998,6.0,inf
374,0,-0.6432557407095292,0.34364063007446644,1.0225464934520976,1.9952999999999999,1,1.9952999999999999,6.0,inf
374,1,-0.6432557407095292,0.34364063007446644,1.0225464934520976,1.9952999999999999,1,1.9952999999999999,6.0,inf
374,2,-0.6432557407095292,0.34364063007446644,1.0225464934520976,1.9952999999999999,1,1.9952999999999999,6.0,inf
374,3,-0.6432557407095292,0.34364063007446644,1.0225464934520976,1.9952999999999999,1,1.9952999999999999,6.0,inf
374,4,-0.6432557407095292,0.34364063007446644,1.0225464934520976,1.9952999999999999,1,1.9952999999999999,6.0,inf
374,5,-0.6432557407095292,0.34364063007446644,1.0225464934520976,1.9952999999999999,1,1.9952999999999999,6.0,inf
375,0,0.4716753990988748,0.4001572505806069,-2.0131321330754615,6.0,0,8.0001,6.0,inf
375,1,0.4716753990988748,0.4001572505806069,-2.0131321330754615,6.0,0,8.0001,6.0,inf
375,2,0.4716753990988748,0.4001572505806069,-2.0131321330754615,6.0,0,8.0001,6.0,inf
375,3,0.4716753990988748,0.4001572505806069,-2.0131321330754615,6.0,0,8.0001,6.0,inf
375,4,0.4716753990988748,0.4001572505806069,-2.0131321330754615,6.0,0,8.0001,6.0,inf
375,5,0.4716753990988748,0.4001572505806069,-2.0131321330754615,6.0,0,8.0001,6.0,inf
376,0,0.8627132426430668,-0.22431204964721882,-0.6793420572981924,3.4793999999999996,1,3.4793999999999996,6.0,inf
376,1,0.8627132426430668,-0.22431204964721882,-0.6793420572981924,3.4793999999999996,1,3.4793999999999996,6.0,inf
376,2,0.8627132426430668,-0.22431204964721882,-0.6793420572981924,3.4793999999999996,1,3.4793999999999996,6.0,inf
376,3,0.8627132426430668,-0.22431204964721882,-0.6793420572981924,3.4793999999999996,1,3.4793999999999996,6.0,inf
376,4,0.8627132426430668,-0.22431204964721882,-0.6793420572981924,3.4793999999999996,1,3.4793999999999996,6.0,inf
376,5,0.8627132426430668,-0.22431204964721882,-0.6793420572981924,3.4793999999999996,1,3.4793999999999996,6.0,inf
377,0,-0.0007259701737235346,-0.580990277510256,-0.7312620195837287,5.1075,1,5.1075,6.0,inf
377,1,-0.0007259701737235346,-0.580990277510256,-0.7312620195837287,5.1075,1,5.1075,6.0,inf
377,2,-0.0007259701737235346,-0.580990277510256,-0.7312620195837287,5.1075,1,5.1075,6.0,inf
377,3,-0.0007259701737235346,-0.580990277510256,-0.7312620195837287,5.1075,1,5.1075,6.0,inf
377,4,-0.0007259701737235346,-0.580990277510256,-0.7312620195837287,5.1075,1,5.1075,6.0,inf
377,5,-0.0007259701737235346,-0.580990277510256,-0.7312620195837287,5.1075,1,5.1075,6.0,inf
378,0,0.38349272010414354,0.4148437862278366,-1.2263865941610426,4.8057,1,4.8057,6.0,inf
378,1,0.38349272010414354,0.4148437862278366,-1.2263865941610426,4.8057,1,4.8057,6.0,inf
378,2,0.38349272010414354,0.4148437862278366,-1.2263865941610426,4.8057,1,4.8057,6.0,inf
378,3,0.38349272010414354,0.4148437862278366,-1.2263865941610426,4.8057,1,4.8057,6.0,inf
378,4,0.38349272010414354,0.4148437862278366,-1.2263865941610426,4.8057,1,4.8057,6.0,inf
378,5,0.38349272010414354,0.4148437862278366,-1.2263865941610426,4.8057,1,4.8057,6.0,inf
379,0,-0.48596523406127035,-0.32190156953229593,-0.12541701900435992,1.2651,1,1.2651,6.0,inf
379,1,-0.48596523406127035,-0.32190156953229593,-0.12541701900435992,1.2651,1,1.2651,6.0,inf
379,2,-0.48596523406127035,-0.32190156953229593,-0.12541701900435992,1.2651,1,1.2651,6.0,inf
379,3,-0.48596523406127035,-0.32190156953229593,-0.12541701900435992,1.2651,1,1.2651,6.0,inf
379,4,-0.48596523406127035,-0.32190156953229593,-0.12541701900435992,1.2651,1,1.2651,6.0,inf
379,5,-0.48596523406127035,-0.32190156953229593,-0.12541701900435992,1.2651,1,1.2651,6.0,inf
380,0,1.0868633407413528,-0.344301544580661,-0.691593716565368,6.0,0,6.074699999999999,6.0,inf
380,1,1.0868633407413528,-0.344301544580661,-0.691593716565368,6.0,0,6.074699999999999,6.0,inf
380,2,1.0868633407413528,-0.344301544580661,-0.691593716565368,6.0,0,6.074699999999999,6.0,inf
380,3,1.0868633407413528,-0.344301544580661,-0.691593716565368,6.0,0,6.074699999999999,6.0,inf
380,4,1.0868633407413528,-0.344301544580661,-0.691593716565368,6.0,0,6.074699999999999,6.0,inf
380,5,1.0868633407413528,-0.344301544580661,-0.691593716565368,6.0,0,6.074699999999999,6.0,inf
381,0,0.3313745890906155,0.6541098383263332,-1.0067889369182503,0.6650999999999999,1,0.6650999999999999,6.0,inf
381,1,0.3313745890906155,0.6541098383263332,-1.0067889369182503,0.6650999999999999,1,0.6650999999999999,6.0,inf
381,2,0.3313745890906155,0.6541098383263332,-1.0067889369182503,0.6650999999999999,1,0.6650999999999999,6.0,inf
381,3,0.3313745890906155,0.6541098383263332,-1.0067889369182503,0.6650999999999999,1,0.6650999999999999,6.0,inf
381,4,0.3313745890906155,0.6541098383263332,-1.0067889369182503,0.6650999999999999,1,0.6650999999999999,6.0,inf
381,5,0.3313745890906155,0.6541098383263332,-1.0067889369182503,0.6650999999999999,1,0.6650999999999999,6.0,inf
382,0,2.1996558705180385,-0.5230893812468421,1.1069814948732926,2.0067,1,2.0067,6.0,inf
382,1,2.1996558705180385,-0.5230893812468421,1.1069814948732926,2.0067,1,2.0067,6.0,inf
382,2,2.1996558705180385,-0.5230893812468421,1.1069814948732926,2.0067,1,2.0067,6.0,inf
382,3,2.1996558705180385,-0.5230893812468421,1.1069814948732926,2.0067,1,2.0067,6.0,inf
382,4,2.1996558705180385,-0.5230893812468421,1.1069814948732926,2.0067,1,2.0067,6.0,inf
382,5,2.1996558705180385,-0.5230893812468421,1.1069814948732926,2.0067,1,2.0067,6.0,inf
383,0,-0.15011851888259797,0.2663875579827333,0.8349035067010963,0.8654999999999999,1,0.8654999999999999,6.0,inf
383,1,-0.15011851888259797,0.2663875579827333,0.8349035067010963,0.8654999999999999,1,0.8654999999999999,6.0,inf
383,2,-0.15011851888259797,0.2663875579827333,0.8349035067010963,0.8654999999999999,1,0.8654999999999999,6.0,inf
383,3,-0.15011851888259797,0.2663875579827333,0.8349035067010963,0.8654999999999999,1,0.8654999999999999,6.0,inf
383,4,-0.15011851888259797,0.2663875579827333,0.8349035067010963,0.8654999999999999,1,0.8654999999999999,6.0,inf
383,5,-0.15011851888259797,0.2663875579827333,0.8349035067010963,0.8654999999999999,1,0.8654999999999999,6.0,inf
384,0,0.6696763631858201,-1.6518677091461034,0.5962596946670434,2.0576999999999996,1,2.0576999999999996,6.0,inf
384,1,0.6696763631858201,-1.6518677091461034,0.5962596946670434,2.0576999999999996,1,2.0576999999999996,6.0,inf
384,2,0.6696763631858201,-1.6518677091461034,0.5962596946670434,2.0576999999999996,1,2.0576999999999996,6.0,inf
384,3,0.6696763631858201,-1.6518677091461034,0.5962596946670434,2.0576999999999996,1,2.0576999999999996,6.0,inf
384,4,0.6696763631858201,-1.6518677091461034,0.5962596946670434,2.0576999999999996,1,2.0576999999999996,6.0,inf
384,5,0.6696763631858201,-1.6518677091461034,0.5962596946670434,2.0576999999999996,1,2.0576999999999996,6.0,inf
385,0,0.9498865997818989,-0.49184164171977673,-0.22715004783262796,3.0368999999999997,1,3.0368999999999997,6.0,inf
385,1,0.9498865997818989,-0.49184164171977673,-0.22715004783262796,3.0368999999999997,1,3.0368999999999997,6.0,inf
385,2,0.9498865997818989,-0.49184164171977673,-0.22715004783262796,3.0368999999999997,1,3.0368999999999997,6.0,inf
385,3,0.9498865997818989,-0.49184164171977673,-0.22715004783262796,3.0368999999999997,1,3.0368999999999997,6.0,inf
385,4,0.9498865997818989,-0.49184164171977673,-0.22715004783262796,3.0368999999999997,1,3.0368999999999997,6.0,inf
385,5,0.9498865997818989,-0.49184164171977673,-0.22715004783262796,3.0368999999999997,1,3.0368999999999997,6.0,inf
386,0,-0.7945775331979513,-0.30555037325625894,-0.8965574155887318,3.2885999999999997,1,3.2885999999999997,6.0,inf
386,1,-0.7945775331979513,-0.30555037325625894,-0.8965574155887318,3.2885999999999997,1,3.2885999999999997,6.0,inf
386,2,-0.7945775331979513,-0.30555037325625894,-0.8965574155887318,3.2885999999999997,1,3.2885999999999997,6.0,inf
386,3,-0.7945775331979513,-0.30555037325625894,-0.8965574155887318,3.2885999999999997,1,3.2885999999999997,6.0,inf
386,4,-0.7945775331979513,-0.30555037325625894,-0.8965574155887318,3.2885999999999997,1,3.2885999999999997,6.0,inf
386,5,-0.7945775331979513,-0.30555037325625894,-0.8965574155887318,3.2885999999999997,1,3.2885999999999997,6.0,inf
387,0,-0.9809738923849994,-0.07224549626424583,-0.4581054241971398,1.6634999999999998,1,1.6634999999999998,6.0,inf
387,1,-0.9809738923849994,-0.07224549626424583,-0.4581054241971398,1.6634999999999998,1,1.6634999999999998,6.0,inf
387,2,-0.9809738923849994,-0.07224549626424583,-0.4581054241971398,1.6634999999999998,1,1.6634999999999998,6.0,inf
387,3,-0.9809738923849994,-0.07224549626424583,-0.4581054241971398,1.6634999999999998,1,1.6634999999999998,6.0,inf
387,4,-0.9809738923849994,-0.07224549626424583,-0.4581054241971398,1.6634999999999998,1,1.6634999999999998,6.0,inf
387,5,-0.9809738923849994,-0.07224549626424583,-0.4581054241971398,1.6634999999999998,1,1.6634999999999998,6.0,inf
388,0,-1.5832283006919006,-1.2401892516481836,-2.1575533476863464,6.0,0,8.0001,6.0,inf
388,1,-1.5832283006919006,-1.2401892516481836,-2.1575533476863464,6.0,0,8.0001,6.0,inf
388,2,-1.5832283006919006,-1.2401892516481836,-2.1575533476863464,6.0,0,8.0001,6.0,inf
388,3,-1.5832283006919006,-1.2401892516481836,-2.1575533476863464,6.0,0,8.0001,6.0,inf
388,4,-1.5832283006919006,-1.2401892516481836,-2.1575533476863464,6.0,0,8.0001,6.0,inf
388,5,-1.5832283006919006,-1.2401892516481836,-2.1575533476863464,6.0,0,8.0001,6.0,inf
389,0,-0.9944832625997627,0.9060457429298299,0.1634081798722272,2.751,1,2.751,6.0,inf
389,1,-0.9944832625997627,0.9060457429298299,0.1634081798722272,2.751,1,2.751,6.0,inf
389,2,-0.9944832625997627,0.9060457429298299,0.1634081798722272,2.751,1,2.751,6.0,inf
389,3,-0.9944832625997627,0.9060457429298299,0.1634081798722272,2.751,1,2.751,6.0,inf
389,4,-0.9944832625997627,0.9060457429298299,0.1634081798722272,2.751,1,2.751,6.0,inf
389,5,-0.9944832625997627,0.9060457429298299,0.1634081798722272,2.751,1,2.751,6.0,inf
390,0,0.9040814010328402,-0.2604888281379468,0.9194528349576849,0.9050999999999999,1,0.9050999999999999,6.0,inf
390,1,0.9040814010328402,-0.2604888281379468,0.9194528349576849,0.9050999999999999,1,0.9050999999999999,6.0,inf
390,2,0.9040814010328402,-0.2604888281379468,0.9194528349576849,0.9050999999999999,1,0.9050999999999999,6.0,inf
390,3,0.9040814010328402,-0.2604888281379468,0.9194528349576849,0.9050999999999999,1,0.9050999999999999,6.0,inf
390,4,0.9040814010328402,-0.2604888281379468,0.9194528349576849,0.9050999999999999,1,0.9050999999999999,6.0,inf
390,5,0.9040814010328402,-0.2604888281379468,0.9194528349576849,0.9050999999999999,1,0.9050999999999999,6.0,inf
391,0,-0.046822538259986606,-0.5865925725851215,1.27124206449779,4.6251,1,4.6251,6.0,inf
391,1,-0.046822538259986606,-0.5865925725851215,1.27124206449779,4.6251,1,4.6251,6.0,inf
391,2,-0.046822538259986606,-0.5865925725851215,1.27124206449779,4.6251,1,4.6251,6.0,inf
391,3,-0.046822538259986606,-0.5865925725851215,1.27124206449779,4.6251,1,4.6251,6.0,inf
391,4,-0.046822538259986606,-0.5865925725851215,1.27124206449779,4.6251,1,4.6251,6.0,inf
391,5,-0.046822538259986606,-0.5865925725851215,1.27124206449779,4.6251,1,4.6251,6.0,inf
392,0,0.6664322004934653,2.2852388381952156,0.14678175671093754,0.8682,1,0.8682,6.0,inf
392,1,0.6664322004934653,2.2852388381952156,0.14678175671093754,0.8682,1,0.8682,6.0,inf
392,2,0.6664322004934653,2.2852388381952156,0.14678175671093754,0.8682,1,0.8682,6.0,inf
392,3,0.6664322004934653,2.2852388381952156,0.14678175671093754,0.8682,1,0.8682,6.0,inf
392,4,0.6664322004934653,2.2852388381952156,0.14678175671093754,0.8682,1,0.8682,6.0,inf
392,5,0.6664322004934653,2.2852388381952156,0.14678175671093754,0.8682,1,0.8682,6.0,inf
393,0,0.8819376760765264,0.5659852456807766,-0.07407776743981813,2.1338999999999997,1,2.1338999999999997,6.0,inf
393,1,0.8819376760765264,0.5659852456807766,-0.07407776743981813,2.1338999999999997,1,2.1338999999999997,6.0,inf
393,2,0.8819376760765264,0.5659852456807766,-0.07407776743981813,2.1338999999999997,1,2.1338999999999997,6.0,inf
393,3,0.8819376760765264,0.5659852456807766,-0.07407776743981813,2.1338999999999997,1,2.1338999999999997,6.0,inf
393,4,0.8819376760765264,0.5659852456807766,-0.07407776743981813,2.1338999999999997,1,2.1338999999999997,6.0,inf
393,5,0.8819376760765264,0.5659852456807766,-0.07407776743981813,2.1338999999999997,1,2.1338999999999997,6.0,inf
394,0,2.0649210566151157,-0.07055206889169646,-1.812766548878942,2.3537999999999997,1,2.3537999999999997,6.0,inf
394,1,2.0649210566151157,-0.07055206889169646,-1.812766548878942,2.3537999999999997,1,2.3537999999999997,6.0,inf
394,2,2.0649210566151157,-0.07055206889169646,-1.812766548878942,2.3537999999999997,1,2.3537999999999997,6.0,inf
394,3,2.0649210566151157,-0.07055206889169646,-1.812766548878942,2.3537999999999997,1,2.3537999999999997,6.0,inf
394,4,2.0649210566151157,-0.07055206889169646,-1.812766548878942,2.3537999999999997,1,2.3537999999999997,6.0,inf
394,5,2.0649210566151157,-0.07055206889169646,-1.812766548878942,2.3537999999999997,1,2.3537999999999997,6.0,inf
395,0,0.48810315486767875,-1.359845120586683,0.1393511229986601,4.1415,1,4.1415,6.0,inf
395,1,0.48810315486767875,-1.359845120586683,0.1393511229986601,4.1415,1,4.1415,6.0,inf
395,2,0.48810315486767875,-1.359845120586683,0.1393511229986601,4.1415,1,4.1415,6.0,inf
395,3,0.48810315486767875,-1.359845120586683,0.1393511229986601,4.1415,1,4.1415,6.0,inf
395,4,0.48810315486767875,-1.359845120586683,0.1393511229986601,4.1415,1,4.1415,6.0,inf
395,5,0.48810315486767875,-1.359845120586683,0.1393511229986601,4.1415,1,4.1415,6.0,inf
396,0,1.6963740380039012,-0.25361762296222634,0.13397470960269978,2.0054999999999996,1,2.0054999999999996,6.0,inf
396,1,1.6963740380039012,-0.25361762296222634,0.13397470960269978,2.0054999999999996,1,2.0054999999999996,6.0,inf
396,2,1.6963740380039012,-0.25361762296222634,0.13397470960269978,2.0054999999999996,1,2.0054999999999996,6.0,inf
396,3,1.6963740380039012,-0.25361762296222634,0.13397470960269978,2.0054999999999996,1,2.0054999999999996,6.0,inf
396,4,1.6963740380039012,-0.25361762296222634,0.13397470960269978,2.0054999999999996,1,2.0054999999999996,6.0,inf
396,5,1.6963740380039012,-0.25361762296222634,0.13397470960269978,2.0054999999999996,1,2.0054999999999996,6.0,inf
397,0,-0.24487664090231126,-2.2956817862956624,0.6155103133838715,4.759799999999999,1,4.759799999999999,6.0,inf
397,1,-0.24487664090231126,-2.2956817862956624,0.6155103133838715,4.759799999999999,1,4.759799999999999,6.0,inf
397,2,-0.24487664090231126,-2.2956817862956624,0.6155103133838715,4.759799999999999,1,4.759799999999999,6.0,inf
397,3,-0.24487664090231126,-2.2956817862956624,0.6155103133838715,4.759799999999999,1,4.759799999999999,6.0,inf
397,4,-0.24487664090231126,-2.2956817862956624,0.6155103133838715,4.759799999999999,1,4.759799999999999,6.0,inf
397,5,-0.24487664090231126,-2.2956817862956624,0.6155103133838715,4.759799999999999,1,4.759799999999999,6.0,inf
398,0,0.3796641163892702,-1.477189605206757,-0.04242871252469189,5.1705,1,5.1705,6.0,inf
398,1,0.3796641163892702,-1.477189605206757,-0.04242871252469189,5.1705,1,5.1705,6.0,inf
398,2,0.3796641163892702,-1.477189605206757,-0.04242871252469189,5.1705,1,5.1705,6.0,inf
398,3,0.3796641163892702,-1.477189605206757,-0.04242871252469189,5.1705,1,5.1705,6.0,inf
398,4,0.3796641163892702,-1.477189605206757,-0.04242871252469189,5.1705,1,5.1705,6.0,inf
398,5,0.3796641163892702,-1.477189605206757,-0.04242871252469189,5.1705,1,5.1705,6.0,inf
399,0,0.2264529878301146,-1.4040015884714652,2.1698713561494976,1.2356999999999998,1,1.2356999999999998,6.0,inf
399,1,0.2264529878301146,-1.4040015884714652,2.1698713561494976,1.2356999999999998,1,1.2356999999999998,6.0,inf
399,2,0.2264529878301146,-1.4040015884714652,2.1698713561494976,1.2356999999999998,1,1.2356999999999998,6.0,inf
399,3,0.2264529878301146,-1.4040015884714652,2.1698713561494976,1.2356999999999998,1,1.2356999999999998,6.0,inf
399,4,0.2264529878301146,-1.4040015884714652,2.1698713561494976,1.2356999999999998,1,1.2356999999999998,6.0,inf
399,5,0.2264529878301146,-1.4040015884714652,2.1698713561494976,1.2356999999999998,1,1.2356999999999998,6.0,inf
400,0,0.09303542915088589,-0.5373131427548491,-2.0825892314248833,4.4403,1,4.4403,6.0,inf
400,1,0.09303542915088589,-0.5373131427548491,-2.0825892314248833,4.4403,1,4.4403,6.0,inf
400,2,0.09303542915088589,-0.5373131427548491,-2.0825892314248833,4.4403,1,4.4403,6.0,inf
400,3,0.09303542915088589,-0.5373131427548491,-2.0825892314248833,4.4403,1,4.4403,6.0,inf
400,4,0.09303542915088589,-0.5373131427548491,-2.0825892314248833,4.4403,1,4.4403,6.0,inf
400,5,0.09303542915088589,-0.5373131427548491,-2.0825892314248833,4.4403,1,4.4403,6.0,inf
401,0,-0.8010325687328529,-0.9029459370270339,-0.5798038501228142,6.0,0,6.349499999999999,6.0,inf
401,1,-0.8010325687328529,-0.9029459370270339,-0.5798038501228142,6.0,0,6.349499999999999,6.0,inf
401,2,-0.8010325687328529,-0.9029459370270339,-0.5798038501228142,6.0,0,6.349499999999999,6.0,inf
401,3,-0.8010325687328529,-0.9029459370270339,-0.5798038501228142,6.0,0,6.349499999999999,6.0,inf
401,4,-0.8010325687328529,-0.9029459370270339,-0.5798038501228142,6.0,0,6.349499999999999,6.0,inf
401,5,-0.8010325687328529,-0.9029459370270339,-0.5798038501228142,6.0,0,6.349499999999999,6.0,inf
402,0,0.4640605634395159,-1.310258602121671,2.079682805048258,1.0443,1,1.0443,6.0,inf
402,1,0.4640605634395159,-1.310258602121671,2.079682805048258,1.0443,1,1.0443,6.0,inf
402,2,0.4640605634395159,-1.310258602121671,2.079682805048258,1.0443,1,1.0443,6.0,inf
402,3,0.4640605634395159,-1.310258602121671,2.079682805048258,1.0443,1,1.0443,6.0,inf
402,4,0.4640605634395159,-1.310258602121671,2.079682805048258,1.0443,1,1.0443,6.0,inf
402,5,0.4640605634395159,-1.310258602121671,2.079682805048258,1.0443,1,1.0443,6.0,inf
403,0,-1.2595284935813362,1.5489222303153667,-0.2010096454272384,0.8759999999999999,1,0.8759999999999999,6.0,inf
403,1,-1.2595284935813362,1.5489222303153667,-0.2010096454272384,0.8759999999999999,1,0.8759999999999999,6.0,inf
403,2,-1.2595284935813362,1.5489222303153667,-0.2010096454272384,0.8759999999999999,1,0.8759999999999999,6.0,inf
403,3,-1.2595284935813362,1.5489222303153667,-0.2010096454272384,0.8759999999999999,1,0.8759999999999999,6.0,inf
403,4,-1.2595284935813362,1.5489222303153667,-0.2010096454272384,0.8759999999999999,1,0.8759999999999999,6.0,inf
403,5,-1.2595284935813362,1.5489222303153667,-0.2010096454272384,0.8759999999999999,1,0.8759999999999999,6.0,inf
404,0,0.659391978141023,1.0739036198150687,-0.6911106282441963,3.0728999999999997,1,3.0728999999999997,6.0,inf
404,1,0.659391978141023,1.0739036198150687,-0.6911106282441963,3.0728999999999997,1,3.0728999999999997,6.0,inf
404,2,0.659391978141023,1.0739036198150687,-0.6911106282441963,3.0728999999999997,1,3.0728999999999997,6.0,inf
404,3,0.659391978141023,1.0739036198150687,-0.6911106282441963,3.0728999999999997,1,3.0728999999999997,6.0,inf
404,4,0.659391978141023,1.0739036198150687,-0.6911106282441963,3.0728999999999997,1,3.0728999999999997,6.0,inf
404,5,0.659391978141023,1.0739036198150687,-0.6911106282441963,3.0728999999999997,1,3.0728999999999997,6.0,inf
405,0,-1.5441812236741201,-1.448499816399276,1.365575840461708,3.0494999999999997,1,3.0494999999999997,6.0,inf
405,1,-1.5441812236741201,-1.448499816399276,1.365575840461708,3.0494999999999997,1,3.0494999999999997,6.0,inf
405,2,-1.5441812236741201,-1.448499816399276,1.365575840461708,3.0494999999999997,1,3.0494999999999997,6.0,inf
405,3,-1.5441812236741201,-1.448499816399276,1.365575840461708,3.0494999999999997,1,3.0494999999999997,6.0,inf
405,4,-1.5441812236741201,-1.448499816399276,1.365575840461708,3.0494999999999997,1,3.0494999999999997,6.0,inf
405,5,-1.5441812236741201,-1.448499816399276,1.365575840461708,3.0494999999999997,1,3.0494999999999997,6.0,inf
406,0,0.9284018176077717,1.1226801159078759,1.4176908786929947,0.9260999999999999,1,0.9260999999999999,6.0,inf
406,1,0.9284018176077717,1.1226801159078759,1.4176908786929947,0.9260999999999999,1,0.9260999999999999,6.0,inf
406,2,0.9284018176077717,1.1226801159078759,1.4176908786929947,0.9260999999999999,1,0.9260999999999999,6.0,inf
406,3,0.9284018176077717,1.1226801159078759,1.4176908786929947,0.9260999999999999,1,0.9260999999999999,6.0,inf
406,4,0.9284018176077717,1.1226801159078759,1.4176908786929947,0.9260999999999999,1,0.9260999999999999,6.0,inf
406,5,0.9284018176077717,1.1226801159078759,1.4176908786929947,0.9260999999999999,1,0.9260999999999999,6.0,inf
407,0,-1.4839831879323162,-0.44665848228851895,-0.2817419047871631,3.2514,1,3.2514,6.0,inf
407,1,-1.4839831879323162,-0.44665848228851895,-0.2817419047871631,3.2514,1,3.2514,6.0,inf
407,2,-1.4839831879323162,-0.44665848228851895,-0.2817419047871631,3.2514,1,3.2514,6.0,inf
407,3,-1.4839831879323162,-0.44665848228851895,-0.2817419047871631,3.2514,1,3.2514,6.0,inf
407,4,-1.4839831879323162,-0.44665848228851895,-0.2817419047871631,3.2514,1,3.2514,6.0,inf
407,5,-1.4839831879323162,-0.44665848228851895,-0.2817419047871631,3.2514,1,3.2514,6.0,inf
408,0,-0.8747820237565279,-0.010608616787549117,-0.0755720697409552,4.8854999999999995,1,4.8854999999999995,6.0,inf
408,1,-0.8747820237565279,-0.010608616787549117,-0.0755720697409552,4.8854999999999995,1,4.8854999999999995,6.0,inf
408,2,-0.8747820237565279,-0.010608616787549117,-0.0755720697409552,4.8854999999999995,1,4.8854999999999995,6.0,inf
408,3,-0.8747820237565279,-0.010608616787549117,-0.0755720697409552,4.8854999999999995,1,4.8854999999999995,6.0,inf
408,4,-0.8747820237565279,-0.010608616787549117,-0.0755720697409552,4.8854999999999995,1,4.8854999999999995,6.0,inf
408,5,-0.8747820237565279,-0.010608616787549117,-0.0755720697409552,4.8854999999999995,1,4.8854999999999995,6.0,inf
409,0,-1.405428671326106,-0.14644551457349994,-0.6245672900830381,5.599799999999999,1,5.599799999999999,6.0,inf
409,1,-1.405428671326106,-0.14644551457349994,-0.6245672900830381,5.599799999999999,1,5.599799999999999,6.0,inf
409,2,-1.405428671326106,-0.14644551457349994,-0.6245672900830381,5.599799999999999,1,5.599799999999999,6.0,inf
409,3,-1.405428671326106,-0.14644551457349994,-0.6245672900830381,5.599799999999999,1,5.599799999999999,6.0,inf
409,4,-1.405428671326106,-0.14644551457349994,-0.6245672900830381,5.599799999999999,1,5.599799999999999,6.0,inf
409,5,-1.405428671326106,-0.14644551457349994,-0.6245672900830381,5.599799999999999,1,5.599799999999999,6.0,inf
410,0,0.13976651287517297,-0.0808331376232926,-1.1062336369719472,6.0,0,6.887099999999999,6.0,inf
410,1,0.13976651287517297,-0.0808331376232926,-1.1062336369719472,6.0,0,6.887099999999999,6.0,inf
410,2,0.13976651287517297,-0.0808331376232926,-1.1062336369719472,6.0,0,6.887099999999999,6.0,inf
410,3,0.13976651287517297,-0.0808331376232926,-1.1062336369719472,6.0,0,6.887099999999999,6.0,inf
410,4,0.13976651287517297,-0.0808331376232926,-1.1062336369719472,6.0,0,6.887099999999999,6.0,inf
410,5,0.13976651287517297,-0.0808331376232926,-1.1062336369719472,6.0,0,6.887099999999999,6.0,inf
411,0,0.4986086544634721,0.7037288119724802,2.2568850385126047,1.1045999999999998,1,1.1045999999999998,6.0,inf
411,1,0.4986086544634721,0.7037288119724802,2.2568850385126047,1.1045999999999998,1,1.1045999999999998,6.0,inf
411,2,0.4986086544634721,0.7037288119724802,2.2568850385126047,1.1045999999999998,1,1.1045999999999998,6.0,inf
411,3,0.4986086544634721,0.7037288119724802,2.2568850385126047,1.1045999999999998,1,1.1045999999999998,6.0,inf
411,4,0.4986086544634721,0.7037288119724802,2.2568850385126047,1.1045999999999998,1,1.1045999999999998,6.0,inf
411,5,0.4986086544634721,0.7037288119724802,2.2568850385126047,1.1045999999999998,1,1.1045999999999998,6.0,inf
412,0,-1.6311005757940877,0.890180905491082,-1.7664522033162935,6.0,0,8.0001,6.0,inf
412,1,-1.6311005757940877,0.890180905491082,-1.7664522033162935,6.0,0,8.0001,6.0,inf
412,2,-1.6311005757940877,0.890180905491082,-1.7664522033162935,6.0,0,8.0001,6.0,inf
412,3,-1.6311005757940877,0.890180905491082,-1.7664522033162935,6.0,0,8.0001,6.0,inf
412,4,-1.6311005757940877,0.890180905491082,-1.7664522033162935,6.0,0,8.0001,6.0,inf
412,5,-1.6311005757940877,0.890180905491082,-1.7664522033162935,6.0,0,8.0001,6.0,inf
413,0,1.5194515792396053,1.1952213979077297,0.665201925563978,0.3726,1,0.3726,6.0,inf
413,1,1.5194515792396053,1.1952213979077297,0.665201925563978,0.3726,1,0.3726,6.0,inf
413,2,1.5194515792396053,1.1952213979077297,0.665201925563978,0.3726,1,0.3726,6.0,inf
413,3,1.5194515792396053,1.1952213979077297,0.665201925563978,0.3726,1,0.3726,6.0,inf
413,4,1.5194515792396053,1.1952213979077297,0.665201925563978,0.3726,1,0.3726,6.0,inf
413,5,1.5194515792396053,1.1952213979077297,0.665201925563978,0.3726,1,0.3726,6.0,inf
414,0,-0.3580905938692044,-0.5729383238385205,1.0967419200165054,2.8899,1,2.8899,6.0,inf
414,1,-0.3580905938692044,-0.5729383238385205,1.0967419200165054,2.8899,1,2.8899,6.0,inf
414,2,-0.3580905938692044,-0.5729383238385205,1.0967419200165054,2.8899,1,2.8899,6.0,inf
414,3,-0.3580905938692044,-0.5729383238385205,1.0967419200165054,2.8899,1,2.8899,6.0,inf
414,4,-0.3580905938692044,-0.5729383238385205,1.0967419200165054,2.8899,1,2.8899,6.0,inf
414,5,-0.3580905938692044,-0.5729383238385205,1.0967419200165054,2.8899,1,2.8899,6.0,inf
415,0,0.8322316744982883,-1.0798345129463578,0.3863470170569145,2.5058999999999996,1,2.5058999999999996,6.0,inf
415,1,0.8322316744982883,-1.0798345129463578,0.3863470170569145,2.5058999999999996,1,2.5058999999999996,6.0,inf
415,2,0.8322316744982883,-1.0798345129463578,0.3863470170569145,2.5058999999999996,1,2.5058999999999996,6.0,inf
415,3,0.8322316744982883,-1.0798345129463578,0.3863470170569145,2.5058999999999996,1,2.5058999999999996,6.0,inf
415,4,0.8322316744982883,-1.0798345129463578,0.3863470170569145,2.5058999999999996,1,2.5058999999999996,6.0,inf
415,5,0.8322316744982883,-1.0798345129463578,0.3863470170569145,2.5058999999999996,1,2.5058999999999996,6.0,inf
416,0,2.81891377775816,0.9489076277826233,0.010459956210046683,0.38189999999999996,1,0.38189999999999996,6.0,inf
416,1,2.81891377775816,0.9489076277826233,0.010459956210046683,0.38189999999999996,1,0.38189999999999996,6.0,inf
416,2,2.81891377775816,0.9489076277826233,0.010459956210046683,0.38189999999999996,1,0.38189999999999996,6.0,inf
416,3,2.81891377775816,0.9489076277826233,0.010459956210046683,0.38189999999999996,1,0.38189999999999996,6.0,inf
416,4,2.81891377775816,0.9489076277826233,0.010459956210046683,0.38189999999999996,1,0.38189999999999996,6.0,inf
416,5,2.81891377775816,0.9489076277826233,0.010459956210046683,0.38189999999999996,1,0.38189999999999996,6.0,inf
417,0,0.6599948639543622,-1.1338438035545262,-0.39648235217031547,4.760999999999999,1,4.760999999999999,6.0,inf
417,1,0.6599948639543622,-1.1338438035545262,-0.39648235217031547,4.760999999999999,1,4.760999999999999,6.0,inf
417,2,0.6599948639543622,-1.1338438035545262,-0.39648235217031547,4.760999999999999,1,4.760999999999999,6.0,inf
417,3,0.6599948639543622,-1.1338438035545262,-0.39648235217031547,4.760999999999999,1,4.760999999999999,6.0,inf
417,4,0.6599948639543622,-1.1338438035545262,-0.39648235217031547,4.760999999999999,1,4.760999999999999,6.0,inf
417,5,0.6599948639543622,-1.1338438035545262,-0.39648235217031547,4.760999999999999,1,4.760999999999999,6.0,inf
418,0,-1.2605854473980493,-0.24745318392333635,-0.8380820340195632,6.0,0,8.0001,6.0,inf
418,1,-1.2605854473980493,-0.24745318392333635,-0.8380820340195632,6.0,0,8.0001,6.0,inf
418,2,-1.2605854473980493,-0.24745318392333635,-0.8380820340195632,6.0,0,8.0001,6.0,inf
418,3,-1.2605854473980493,-0.24745318392333635,-0.8380820340195632,6.0,0,8.0001,6.0,inf
418,4,-1.2605854473980493,-0.24745318392333635,-0.8380820340195632,6.0,0,8.0001,6.0,inf
418,5,-1.2605854473980493,-0.24745318392333635,-0.8380820340195632,6.0,0,8.0001,6.0,inf
419,0,-0.029648570864323286,-0.010239862610397242,1.3749154066145846,1.5038999999999998,1,1.5038999999999998,6.0,inf
419,1,-0.029648570864323286,-0.010239862610397242,1.3749154066145846,1.5038999999999998,1,1.5038999999999998,6.0,inf
419,2,-0.029648570864323286,-0.010239862610397242,1.3749154066145846,1.5038999999999998,1,1.5038999999999998,6.0,inf
419,3,-0.029648570864323286,-0.010239862610397242,1.3749154066145846,1.5038999999999998,1,1.5038999999999998,6.0,inf
419,4,-0.029648570864323286,-0.010239862610397242,1.3749154066145846,1.5038999999999998,1,1.5038999999999998,6.0,inf
419,5,-0.029648570864323286,-0.010239862610397242,1.3749154066145846,1.5038999999999998,1,1.5038999999999998,6.0,inf
420,0,1.0266143215494687,-0.9118431601207397,1.4351196786474407,1.0167,1,1.0167,6.0,inf
420,1,1.0266143215494687,-0.9118431601207397,1.4351196786474407,1.0167,1,1.0167,6.0,inf
420,2,1.0266143215494687,-0.9118431601207397,1.4351196786474407,1.0167,1,1.0167,6.0,inf
420,3,1.0266143215494687,-0.9118431601207397,1.4351196786474407,1.0167,1,1.0167,6.0,inf
420,4,1.0266143215494687,-0.9118431601207397,1.4351196786474407,1.0167,1,1.0167,6.0,inf
420,5,1.0266143215494687,-0.9118431601207397,1.4351196786474407,1.0167,1,1.0167,6.0,inf
421,0,0.008768661729620784,-1.120229146178768,0.815053998336166,4.497299999999999,1,4.497299999999999,6.0,inf
421,1,0.008768661729620784,-1.120229146178768,0.815053998336166,4.497299999999999,1,4.497299999999999,6.0,inf
421,2,0.008768661729620784,-1.120229146178768,0.815053998336166,4.497299999999999,1,4.497299999999999,6.0,inf
421,3,0.008768661729620784,-1.120229146178768,0.815053998336166,4.497299999999999,1,4.497299999999999,6.0,inf
421,4,0.008768661729620784,-1.120229146178768,0.815053998336166,4.497299999999999,1,4.497299999999999,6.0,inf
421,5,0.008768661729620784,-1.120229146178768,0.815053998336166,4.497299999999999,1,4.497299999999999,6.0,inf
422,0,0.9770103290996787,0.6066894435793194,1.5925549651551494,0.9803999999999999,1,0.9803999999999999,6.0,inf
422,1,0.9770103290996787,0.6066894435793194,1.5925549651551494,0.9803999999999999,1,0.9803999999999999,6.0,inf
422,2,0.9770103290996787,0.6066894435793194,1.5925549651551494,0.9803999999999999,1,0.9803999999999999,6.0,inf
422,3,0.9770103290996787,0.6066894435793194,1.5925549651551494,0.9803999999999999,1,0.9803999999999999,6.0,inf
422,4,0.9770103290996787,0.6066894435793194,1.5925549651551494,0.9803999999999999,1,0.9803999999999999,6.0,inf
422,5,0.9770103290996787,0.6066894435793194,1.5925549651551494,0.9803999999999999,1,0.9803999999999999,6.0,inf
423,0,0.25165165837575804,1.0907772965421365,-0.23815546159783293,1.1661,1,1.1661,6.0,inf
423,1,0.25165165837575804,1.0907772965421365,-0.23815546159783293,1.1661,1,1.1661,6.0,inf
423,2,0.25165165837575804,1.0907772965421365,-0.23815546159783293,1.1661,1,1.1661,6.0,inf
423,3,0.25165165837575804,1.0907772965421365,-0.23815546159783293,1.1661,1,1.1661,6.0,inf
423,4,0.25165165837575804,1.0907772965421365,-0.23815546159783293,1.1661,1,1.1661,6.0,inf
423,5,0.25165165837575804,1.0907772965421365,-0.23815546159783293,1.1661,1,1.1661,6.0,inf
424,0,1.1994704902762285,-0.22054995046817877,0.09827522950748832,1.5753,1,1.5753,6.0,inf
424,1,1.1994704902762285,-0.22054995046817877,0.09827522950748832,1.5753,1,1.5753,6.0,inf
424,2,1.1994704902762285,-0.22054995046817877,0.09827522950748832,1.5753,1,1.5753,6.0,inf
424,3,1.1994704902762285,-0.22054995046817877,0.09827522950748832,1.5753,1,1.5753,6.0,inf
424,4,1.1994704902762285,-0.22054995046817877,0.09827522950748832,1.5753,1,1.5753,6.0,inf
424,5,1.1994704902762285,-0.22054995046817877,0.09827522950748832,1.5753,1,1.5753,6.0,inf
425,0,0.9309370331534472,1.6859947404931193,-0.23112202162461337,2.2752,1,2.2752,6.0,inf
425,1,0.9309370331534472,1.6859947404931193,-0.23112202162461337,2.2752,1,2.2752,6.0,inf
425,2,0.9309370331534472,1.6859947404931193,-0.23112202162461337,2.2752,1,2.2752,6.0,inf
425,3,0.9309370331534472,1.6859947404931193,-0.23112202162461337,2.2752,1,2.2752,6.0,inf
425,4,0.9309370331534472,1.6859947404931193,-0.23112202162461337,2.2752,1,2.2752,6.0,inf
425,5,0.9309370331534472,1.6859947404931193,-0.23112202162461337,2.2752,1,2.2752,6.0,inf
426,0,-1.3251107280333845,-0.3954762837184597,0.20871367483702316,5.649299999999999,1,5.649299999999999,6.0,inf
426,1,-1.3251107280333845,-0.3954762837184597,0.20871367483702316,5.649299999999999,1,5.649299999999999,6.0,inf
426,2,-1.3251107280333845,-0.3954762837184597,0.20871367483702316,5.649299999999999,1,5.649299999999999,6.0,inf
426,3,-1.3251107280333845,-0.3954762837184597,0.20871367483702316,5.649299999999999,1,5.649299999999999,6.0,inf
426,4,-1.3251107280333845,-0.3954762837184597,0.20871367483702316,5.649299999999999,1,5.649299999999999,6.0,inf
426,5,-1.3251107280333845,-0.3954762837184597,0.20871367483702316,5.649299999999999,1,5.649299999999999,6.0,inf
427,0,0.9277704943961474,-0.6322330051922342,-0.694712900185192,4.6239,1,4.6239,6.0,inf
427,1,0.9277704943961474,-0.6322330051922342,-0.694712900185192,4.6239,1,4.6239,6.0,inf
427,2,0.9277704943961474,-0.6322330051922342,-0.694712900185192,4.6239,1,4.6239,6.0,inf
427,3,0.9277704943961474,-0.6322330051922342,-0.694712900185192,4.6239,1,4.6239,6.0,inf
427,4,0.9277704943961474,-0.6322330051922342,-0.694712900185192,4.6239,1,4.6239,6.0,inf
427,5,0.9277704943961474,-0.6322330051922342,-0.694712900185192,4.6239,1,4.6239,6.0,inf
428,0,-0.4390117058716284,0.023846068291712676,0.19625129269142919,0.20009999999999997,1,0.20009999999999997,6.0,inf
428,1,-0.4390117058716284,0.023846068291712676,0.19625129269142919,0.20009999999999997,1,0.20009999999999997,6.0,inf
428,2,-0.4390117058716284,0.023846068291712676,0.19625129269142919,0.20009999999999997,1,0.20009999999999997,6.0,inf
428,3,-0.4390117058716284,0.023846068291712676,0.19625129269142919,0.20009999999999997,1,0.20009999999999997,6.0,inf
428,4,-0.4390117058716284,0.023846068291712676,0.19625129269142919,0.20009999999999997,1,0.20009999999999997,6.0,inf
428,5,-0.4390117058716284,0.023846068291712676,0.19625129269142919,0.20009999999999997,1,0.20009999999999997,6.0,inf
429,0,0.5815881875474086,-0.3939611309684024,-0.7310478533425008,2.6633999999999998,1,2.6633999999999998,6.0,inf
429,1,0.5815881875474086,-0.3939611309684024,-0.7310478533425008,2.6633999999999998,1,2.6633999999999998,6.0,inf
429,2,0.5815881875474086,-0.3939611309684024,-0.7310478533425008,2.6633999999999998,1,2.6633999999999998,6.0,inf
429,3,0.5815881875474086,-0.3939611309684024,-0.7310478533425008,2.6633999999999998,1,2.6633999999999998,6.0,inf
429,4,0.5815881875474086,-0.3939611309684024,-0.7310478533425008,2.6633999999999998,1,2.6633999999999998,6.0,inf
429,5,0.5815881875474086,-0.3939611309684024,-0.7310478533425008,2.6633999999999998,1,2.6633999999999998,6.0,inf
430,0,-0.7978022658261098,1.2188087705176875,0.8663992564222304,1.3985999999999998,1,1.3985999999999998,6.0,inf
430,1,-0.7978022658261098,1.2188087705176875,0.8663992564222304,1.3985999999999998,1,1.3985999999999998,6.0,inf
430,2,-0.7978022658261098,1.2188087705176875,0.8663992564222304,1.3985999999999998,1,1.3985999999999998,6.0,inf
430,3,-0.7978022658261098,1.2188087705176875,0.8663992564222304,1.3985999999999998,1,1.3985999999999998,6.0,inf
430,4,-0.7978022658261098,1.2188087705176875,0.8663992564222304,1.3985999999999998,1,1.3985999999999998,6.0,inf
430,5,-0.7978022658261098,1.2188087705176875,0.8663992564222304,1.3985999999999998,1,1.3985999999999998,6.0,inf
431,0,-1.6746493674461664,0.1746855484055083,0.09033423360765855,6.0,0,8.0001,6.0,inf
431,1,-1.6746493674461664,0.1746855484055083,0.09033423360765855,6.0,0,8.0001,6.0,inf
431,2,-1.6746493674461664,0.1746855484055083,0.09033423360765855,6.0,0,8.0001,6.0,inf
431,3,-1.6746493674461664,0.1746855484055083,0.09033423360765855,6.0,0,8.0001,6.0,inf
431,4,-1.6746493674461664,0.1746855484055083,0.09033423360765855,6.0,0,8.0001,6.0,inf
431,5,-1.6746493674461664,0.1746855484055083,0.09033423360765855,6.0,0,8.0001,6.0,inf
432,0,-0.6985758719943406,-0.43290213338077654,0.7617023093099103,6.0,0,8.0001,6.0,inf
432,1,-0.6985758719943406,-0.43290213338077654,0.7617023093099103,6.0,0,8.0001,6.0,inf
432,2,-0.6985758719943406,-0.43290213338077654,0.7617023093099103,6.0,0,8.0001,6.0,inf
432,3,-0.6985758719943406,-0.43290213338077654,0.7617023093099103,6.0,0,8.0001,6.0,inf
432,4,-0.6985758719943406,-0.43290213338077654,0.7617023093099103,6.0,0,8.0001,6.0,inf
432,5,-0.6985758719943406,-0.43290213338077654,0.7617023093099103,6.0,0,8.0001,6.0,inf
433,0,1.244855899371822,1.0667955303330847,-0.7123664385600247,1.1063999999999998,1,1.1063999999999998,6.0,inf
433,1,1.244855899371822,1.0667955303330847,-0.7123664385600247,1.1063999999999998,1,1.1063999999999998,6.0,inf
433,2,1.244855899371822,1.0667955303330847,-0.7123664385600247,1.1063999999999998,1,1.1063999999999998,6.0,inf
433,3,1.244855899371822,1.0667955303330847,-0.7123664385600247,1.1063999999999998,1,1.1063999999999998,6.0,inf
433,4,1.244855899371822,1.0667955303330847,-0.7123664385600247,1.1063999999999998,1,1.1063999999999998,6.0,inf
433,5,1.244855899371822,1.0667955303330847,-0.7123664385600247,1.1063999999999998,1,1.1063999999999998,6.0,inf
434,0,-1.45942861985133,-0.0954431869475731,-0.1962186634283398,2.355,1,2.355,6.0,inf
434,1,-1.45942861985133,-0.0954431869475731,-0.1962186634283398,2.355,1,2.355,6.0,inf
434,2,-1.45942861985133,-0.0954431869475731,-0.1962186634283398,2.355,1,2.355,6.0,inf
434,3,-1.45942861985133,-0.0954431869475731,-0.1962186634283398,2.355,1,2.355,6.0,inf
434,4,-1.45942861985133,-0.0954431869475731,-0.1962186634283398,2.355,1,2.355,6.0,inf
434,5,-1.45942861985133,-0.0954431869475731,-0.1962186634283398,2.355,1,2.355,6.0,inf
435,0,-2.3222790346834152,0.949697744237614,-1.0539209623281711,6.0,0,8.0001,6.0,inf
435,1,-2.3222790346834152,0.949697744237614,-1.0539209623281711,6.0,0,8.0001,6.0,inf
435,2,-2.3222790346834152,0.949697744237614,-1.0539209623281711,6.0,0,8.0001,6.0,inf
435,3,-2.3222790346834152,0.949697744237614,-1.0539209623281711,6.0,0,8.0001,6.0,inf
435,4,-2.3222790346834152,0.949697744237614,-1.0539209623281711,6.0,0,8.0001,6.0,inf
435,5,-2.3222790346834152,0.949697744237614,-1.0539209623281711,6.0,0,8.0001,6.0,inf
436,0,-0.8498491141592853,0.4955200254079125,1.304183050458895,1.3011,1,1.3011,6.0,inf
436,1,-0.8498491141592853,0.4955200254079125,1.304183050458895,1.3011,1,1.3011,6.0,inf
436,2,-0.8498491141592853,0.4955200254079125,1.304183050458895,1.3011,1,1.3011,6.0,inf
436,3,-0.8498491141592853,0.4955200254079125,1.304183050458895,1.3011,1,1.3011,6.0,inf
436,4,-0.8498491141592853,0.4955200254079125,1.304183050458895,1.3011,1,1.3011,6.0,inf
436,5,-0.8498491141592853,0.4955200254079125,1.304183050458895,1.3011,1,1.3011,6.0,inf
437,0,0.11319464195222116,0.06397229611176157,1.4306987658625867,1.1454,1,1.1454,6.0,inf
437,1,0.11319464195222116,0.06397229611176157,1.4306987658625867,1.1454,1,1.1454,6.0,inf
437,2,0.11319464195222116,0.06397229611176157,1.4306987658625867,1.1454,1,1.1454,6.0,inf
437,3,0.11319464195222116,0.06397229611176157,1.4306987658625867,1.1454,1,1.1454,6.0,inf
437,4,0.11319464195222116,0.06397229611176157,1.4306987658625867,1.1454,1,1.1454,6.0,inf
437,5,0.11319464195222116,0.06397229611176157,1.4306987658625867,1.1454,1,1.1454,6.0,inf
438,0,0.09820081034956073,-0.7147803301074099,0.4714494125197822,4.686299999999999,1,4.686299999999999,6.0,inf
438,1,0.09820081034956073,-0.7147803301074099,0.4714494125197822,4.686299999999999,1,4.686299999999999,6.0,inf
438,2,0.09820081034956073,-0.7147803301074099,0.4714494125197822,4.686299999999999,1,4.686299999999999,6.0,inf
438,3,0.09820081034956073,-0.7147803301074099,0.4714494125197822,4.686299999999999,1,4.686299999999999,6.0,inf
438,4,0.09820081034956073,-0.7147803301074099,0.4714494125197822,4.686299999999999,1,4.686299999999999,6.0,inf
438,5,0.09820081034956073,-0.7147803301074099,0.4714494125197822,4.686299999999999,1,4.686299999999999,6.0,inf
439,0,1.7222434090497274,0.6230572403923852,1.7397971231214817,0.44999999999999996,1,0.44999999999999996,6.0,inf
439,1,1.7222434090497274,0.6230572403923852,1.7397971231214817,0.44999999999999996,1,0.44999999999999996,6.0,inf
439,2,1.7222434090497274,0.6230572403923852,1.7397971231214817,0.44999999999999996,1,0.44999999999999996,6.0,inf
439,3,1.7222434090497274,0.6230572403923852,1.7397971231214817,0.44999999999999996,1,0.44999999999999996,6.0,inf
439,4,1.7222434090497274,0.6230572403923852,1.7397971231214817,0.44999999999999996,1,0.44999999999999996,6.0,inf
439,5,1.7222434090497274,0.6230572403923852,1.7397971231214817,0.44999999999999996,1,0.44999999999999996,6.0,inf
440,0,-0.2613867163627753,1.2295904961522355,-0.2422275245232201,1.2434999999999998,1,1.2434999999999998,6.0,inf
440,1,-0.2613867163627753,1.2295904961522355,-0.2422275245232201,1.2434999999999998,1,1.2434999999999998,6.0,inf
440,2,-0.2613867163627753,1.2295904961522355,-0.2422275245232201,1.2434999999999998,1,1.2434999999999998,6.0,inf
440,3,-0.2613867163627753,1.2295904961522355,-0.2422275245232201,1.2434999999999998,1,1.2434999999999998,6.0,inf
440,4,-0.2613867163627753,1.2295904961522355,-0.2422275245232201,1.2434999999999998,1,1.2434999999999998,6.0,inf
440,5,-0.2613867163627753,1.2295904961522355,-0.2422275245232201,1.2434999999999998,1,1.2434999999999998,6.0,inf
441,0,-0.35758345433733274,-0.6760645299817944,-0.9312670333701115,6.0,0,6.618899999999999,6.0,inf
441,1,-0.35758345433733274,-0.6760645299817944,-0.9312670333701115,6.0,0,6.618899999999999,6.0,inf
441,2,-0.35758345433733274,-0.6760645299817944,-0.9312670333701115,6.0,0,6.618899999999999,6.0,inf
441,3,-0.35758345433733274,-0.6760645299817944,-0.9312670333701115,6.0,0,6.618899999999999,6.0,inf
441,4,-0.35758345433733274,-0.6760645299817944,-0.9312670333701115,6.0,0,6.618899999999999,6.0,inf
441,5,-0.35758345433733274,-0.6760645299817944,-0.9312670333701115,6.0,0,6.618899999999999,6.0,inf
442,0,-0.6225097763416136,1.252402894918328,1.470028186522589,0.1656,1,0.1656,6.0,inf
442,1,-0.6225097763416136,1.252402894918328,1.470028186522589,0.1656,1,0.1656,6.0,inf
442,2,-0.6225097763416136,1.252402894918328,1.470028186522589,0.1656,1,0.1656,6.0,inf
442,3,-0.6225097763416136,1.252402894918328,1.470028186522589,0.1656,1,0.1656,6.0,inf
442,4,-0.6225097763416136,1.252402894918328,1.470028186522589,0.1656,1,0.1656,6.0,inf
442,5,-0.6225097763416136,1.252402894918328,1.470028186522589,0.1656,1,0.1656,6.0,inf
443,0,1.088207521848528,0.4473296561306244,1.0706815808979113,1.0541999999999998,1,1.0541999999999998,6.0,inf
443,1,1.088207521848528,0.4473296561306244,1.0706815808979113,1.0541999999999998,1,1.0541999999999998,6.0,inf
443,2,1.088207521848528,0.4473296561306244,1.0706815808979113,1.0541999999999998,1,1.0541999999999998,6.0,inf
443,3,1.088207521848528,0.4473296561306244,1.0706815808979113,1.0541999999999998,1,1.0541999999999998,6.0,inf
443,4,1.088207521848528,0.4473296561306244,1.0706815808979113,1.0541999999999998,1,1.0541999999999998,6.0,inf
443,5,1.088207521848528,0.4473296561306244,1.0706815808979113,1.0541999999999998,1,1.0541999999999998,6.0,inf
444,0,-1.255204048599391,1.1585755029816065,-0.7226699367271304,2.8421999999999996,1,2.8421999999999996,6.0,inf
444,1,-1.255204048599391,1.1585755029816065,-0.7226699367271304,2.8421999999999996,1,2.8421999999999996,6.0,inf
444,2,-1.255204048599391,1.1585755029816065,-0.7226699367271304,2.8421999999999996,1,2.8421999999999996,6.0,inf
444,3,-1.255204048599391,1.1585755029816065,-0.7226699367271304,2.8421999999999996,1,2.8421999999999996,6.0,inf
444,4,-1.255204048599391,1.1585755029816065,-0.7226699367271304,2.8421999999999996,1,2.8421999999999996,6.0,inf
444,5,-1.255204048599391,1.1585755029816065,-0.7226699367271304,2.8421999999999996,1,2.8421999999999996,6.0,inf
445,0,0.22831224758970584,1.3422152916562378,-0.1451981130307384,1.4288999999999998,1,1.4288999999999998,6.0,inf
445,1,0.22831224758970584,1.3422152916562378,-0.1451981130307384,1.4288999999999998,1,1.4288999999999998,6.0,inf
445,2,0.22831224758970584,1.3422152916562378,-0.1451981130307384,1.4288999999999998,1,1.4288999999999998,6.0,inf
445,3,0.22831224758970584,1.3422152916562378,-0.1451981130307384,1.4288999999999998,1,1.4288999999999998,6.0,inf
445,4,0.22831224758970584,1.3422152916562378,-0.1451981130307384,1.4288999999999998,1,1.4288999999999998,6.0,inf
445,5,0.22831224758970584,1.3422152916562378,-0.1451981130307384,1.4288999999999998,1,1.4288999999999998,6.0,inf
446,0,0.8138657456396811,-0.04578028046289921,0.22822539583625057,2.4602999999999997,1,2.4602999999999997,6.0,inf
446,1,0.8138657456396811,-0.04578028046289921,0.22822539583625057,2.4602999999999997,1,2.4602999999999997,6.0,inf
446,2,0.8138657456396811,-0.04578028046289921,0.22822539583625057,2.4602999999999997,1,2.4602999999999997,6.0,inf
446,3,0.8138657456396811,-0.04578028046289921,0.22822539583625057,2.4602999999999997,1,2.4602999999999997,6.0,inf
446,4,0.8138657456396811,-0.04578028046289921,0.22822539583625057,2.4602999999999997,1,2.4602999999999997,6.0,inf
446,5,0.8138657456396811,-0.04578028046289921,0.22822539583625057,2.4602999999999997,1,2.4602999999999997,6.0,inf
447,0,-0.25256896457608086,1.800738188810262,-1.8451401905805644,0.6851999999999999,1,0.6851999999999999,6.0,inf
447,1,-0.25256896457608086,1.800738188810262,-1.8451401905805644,0.6851999999999999,1,0.6851999999999999,6.0,inf
447,2,-0.25256896457608086,1.800738188810262,-1.8451401905805644,0.6851999999999999,1,0.6851999999999999,6.0,inf
447,3,-0.25256896457608086,1.800738188810262,-1.8451401905805644,0.6851999999999999,1,0.6851999999999999,6.0,inf
447,4,-0.25256896457608086,1.800738188810262,-1.8451401905805644,0.6851999999999999,1,0.6851999999999999,6.0,inf
447,5,-0.25256896457608086,1.800738188810262,-1.8451401905805644,0.6851999999999999,1,0.6851999999999999,6.0,inf
448,0,0.877386897656077,0.1756730605038039,1.4013060743494041,1.2399,1,1.2399,6.0,inf
448,1,0.877386897656077,0.1756730605038039,1.4013060743494041,1.2399,1,1.2399,6.0,inf
448,2,0.877386897656077,0.1756730605038039,1.4013060743494041,1.2399,1,1.2399,6.0,inf
448,3,0.877386897656077,0.1756730605038039,1.4013060743494041,1.2399,1,1.2399,6.0,inf
448,4,0.877386897656077,0.1756730605038039,1.4013060743494041,1.2399,1,1.2399,6.0,inf
448,5,0.877386897656077,0.1756730605038039,1.4013060743494041,1.2399,1,1.2399,6.0,inf
449,0,0.08258283979551653,-1.6870235298696759,-0.6641698561125281,6.0,0,8.0001,6.0,inf
449,1,0.08258283979551653,-1.6870235298696759,-0.6641698561125281,6.0,0,8.0001,6.0,inf
449,2,0.08258283979551653,-1.6870235298696759,-0.6641698561125281,6.0,0,8.0001,6.0,inf
449,3,0.08258283979551653,-1.6870235298696759,-0.6641698561125281,6.0,0,8.0001,6.0,inf
449,4,0.08258283979551653,-1.6870235298696759,-0.6641698561125281,6.0,0,8.0001,6.0,inf
449,5,0.08258283979551653,-1.6870235298696759,-0.6641698561125281,6.0,0,8.0001,6.0,inf
450,0,1.1067758433244523,-0.5943408097257693,-1.5379318314258574,2.6982,1,2.6982,6.0,inf
450,1,1.1067758433244523,-0.5943408097257693,-1.5379318314258574,2.6982,1,2.6982,6.0,inf
450,2,1.1067758433244523,-0.5943408097257693,-1.5379318314258574,2.6982,1,2.6982,6.0,inf
450,3,1.1067758433244523,-0.5943408097257693,-1.5379318314258574,2.6982,1,2.6982,6.0,inf
450,4,1.1067758433244523,-0.5943408097257693,-1.5379318314258574,2.6982,1,2.6982,6.0,inf
450,5,1.1067758433244523,-0.5943408097257693,-1.5379318314258574,2.6982,1,2.6982,6.0,inf
451,0,-0.4660773777824952,-0.8125470388864415,0.6908587968846268,5.0271,1,5.0271,6.0,inf
451,1,-0.4660773777824952,-0.8125470388864415,0.6908587968846268,5.0271,1,5.0271,6.0,inf
451,2,-0.4660773777824952,-0.8125470388864415,0.6908587968846268,5.0271,1,5.0271,6.0,inf
451,3,-0.4660773777824952,-0.8125470388864415,0.6908587968846268,5.0271,1,5.0271,6.0,inf
451,4,-0.4660773777824952,-0.8125470388864415,0.6908587968846268,5.0271,1,5.0271,6.0,inf
451,5,-0.4660773777824952,-0.8125470388864415,0.6908587968846268,5.0271,1,5.0271,6.0,inf
452,0,-1.3265479228587154,0.5811568247097811,1.2336030369095838,1.1763,1,1.1763,6.0,inf
452,1,-1.3265479228587154,0.5811568247097811,1.2336030369095838,1.1763,1,1.1763,6.0,inf
452,2,-1.3265479228587154,0.5811568247097811,1.2336030369095838,1.1763,1,1.1763,6.0,inf
452,3,-1.3265479228587154,0.5811568247097811,1.2336030369095838,1.1763,1,1.1763,6.0,inf
452,4,-1.3265479228587154,0.5811568247097811,1.2336030369095838,1.1763,1,1.1763,6.0,inf
452,5,-1.3265479228587154,0.5811568247097811,1.2336030369095838,1.1763,1,1.1763,6.0,inf
453,0,-0.1875283274485591,-0.04566906262043827,0.23151301616299044,1.1316,1,1.1316,6.0,inf
453,1,-0.1875283274485591,-0.04566906262043827,0.23151301616299044,1.1316,1,1.1316,6.0,inf
453,2,-0.1875283274485591,-0.04566906262043827,0.23151301616299044,1.1316,1,1.1316,6.0,inf
453,3,-0.1875283274485591,-0.04566906262043827,0.23151301616299044,1.1316,1,1.1316,6.0,inf
453,4,-0.1875283274485591,-0.04566906262043827,0.23151301616299044,1.1316,1,1.1316,6.0,inf
453,5,-0.1875283274485591,-0.04566906262043827,0.23151301616299044,1.1316,1,1.1316,6.0,inf
454,0,-0.45453443912525676,-0.019692792331412492,0.30148910603716583,1.14,1,1.14,6.0,inf
454,1,-0.45453443912525676,-0.019692792331412492,0.30148910603716583,1.14,1,1.14,6.0,inf
454,2,-0.45453443912525676,-0.019692792331412492,0.30148910603716583,1.14,1,1.14,6.0,inf
454,3,-0.45453443912525676,-0.019692792331412492,0.30148910603716583,1.14,1,1.14,6.0,inf
454,4,-0.45453443912525676,-0.019692792331412492,0.30148910603716583,1.14,1,1.14,6.0,inf
454,5,-0.45453443912525676,-0.019692792331412492,0.30148910603716583,1.14,1,1.14,6.0,inf
455,0,-0.3480075842234823,-0.482827591380886,-1.440793358517365,6.0,0,7.366199999999999,6.0,inf
455,1,-0.3480075842234823,-0.482827591380886,-1.440793358517365,6.0,0,7.366199999999999,6.0,inf
455,2,-0.3480075842234823,-0.482827591380886,-1.440793358517365,6.0,0,7.366199999999999,6.0,inf
455,3,-0.3480075842234823,-0.482827591380886,-1.440793358517365,6.0,0,7.366199999999999,6.0,inf
455,4,-0.3480075842234823,-0.482827591380886,-1.440793358517365,6.0,0,7.366199999999999,6.0,inf
455,5,-0.3480075842234823,-0.482827591380886,-1.440793358517365,6.0,0,7.366199999999999,6.0,inf
456,0,0.3654856253982922,0.6423331841433255,0.321330362741187,0.8703,1,0.8703,6.0,inf
456,1,0.3654856253982922,0.6423331841433255,0.321330362741187,0.8703,1,0.8703,6.0,inf
456,2,0.3654856253982922,0.6423331841433255,0.321330362741187,0.8703,1,0.8703,6.0,inf
456,3,0.3654856253982922,0.6423331841433255,0.321330362741187,0.8703,1,0.8703,6.0,inf
456,4,0.3654856253982922,0.6423331841433255,0.321330362741187,0.8703,1,0.8703,6.0,inf
456,5,0.3654856253982922,0.6423331841433255,0.321330362741187,0.8703,1,0.8703,6.0,inf
457,0,-1.7101141629171936,0.013803387019518241,-0.7132989877233079,6.0,0,8.0001,6.0,inf
457,1,-1.7101141629171936,0.013803387019518241,-0.7132989877233079,6.0,0,8.0001,6.0,inf
457,2,-1.7101141629171936,0.013803387019518241,-0.7132989877233079,6.0,0,8.0001,6.0,inf
457,3,-1.7101141629171936,0.013803387019518241,-0.7132989877233079,6.0,0,8.0001,6.0,inf
457,4,-1.7101141629171936,0.013803387019518241,-0.7132989877233079,6.0,0,8.0001,6.0,inf
457,5,-1.7101141629171936,0.013803387019518241,-0.7132989877233079,6.0,0,8.0001,6.0,inf
458,0,0.5692790958735066,0.332869372102552,-0.19638855912405453,4.4958,1,4.4958,6.0,inf
458,1,0.5692790958735066,0.332869372102552,-0.19638855912405453,4.4958,1,4.4958,6.0,inf
458,2,0.5692790958735066,0.332869372102552,-0.19638855912405453,4.4958,1,4.4958,6.0,inf
458,3,0.5692790958735066,0.332869372102552,-0.19638855912405453,4.4958,1,4.4958,6.0,inf
458,4,0.5692790958735066,0.332869372102552,-0.19638855912405453,4.4958,1,4.4958,6.0,inf
458,5,0.5692790958735066,0.332869372102552,-0.19638855912405453,4.4958,1,4.4958,6.0,inf
459,0,-0.4341646611176214,2.378520943582434,0.10500838763861295,0.8421,1,0.8421,6.0,inf
459,1,-0.4341646611176214,2.378520943582434,0.10500838763861295,0.8421,1,0.8421,6.0,inf
459,2,-0.4341646611176214,2.378520943582434,0.10500838763861295,0.8421,1,0.8421,6.0,inf
459,3,-0.4341646611176214,2.378520943582434,0.10500838763861295,0.8421,1,0.8421,6.0,inf
459,4,-0.4341646611176214,2.378520943582434,0.10500838763861295,0.8421,1,0.8421,6.0,inf
459,5,-0.4341646611176214,2.378520943582434,0.10500838763861295,0.8421,1,0.8421,6.0,inf
460,0,1.0611601403931255,-0.12092413357678143,0.1997812059138394,1.9746,1,1.9746,6.0,inf
460,1,1.0611601403931255,-0.12092413357678143,0.1997812059138394,1.9746,1,1.9746,6.0,inf
460,2,1.0611601403931255,-0.12092413357678143,0.1997812059138394,1.9746,1,1.9746,6.0,inf
460,3,1.0611601403931255,-0.12092413357678143,0.1997812059138394,1.9746,1,1.9746,6.0,inf
460,4,1.0611601403931255,-0.12092413357678143,0.1997812059138394,1.9746,1,1.9746,6.0,inf
460,5,1.0611601403931255,-0.12092413357678143,0.1997812059138394,1.9746,1,1.9746,6.0,inf
461,0,0.9132882157889779,1.2675925863278716,-1.2390316111737119,0.08339999999999999,1,0.08339999999999999,6.0,inf
461,1,0.9132882157889779,1.2675925863278716,-1.2390316111737119,0.08339999999999999,1,0.08339999999999999,6.0,inf
461,2,0.9132882157889779,1.2675925863278716,-1.2390316111737119,0.08339999999999999,1,0.08339999999999999,6.0,inf
461,3,0.9132882157889779,1.2675925863278716,-1.2390316111737119,0.08339999999999999,1,0.08339999999999999,6.0,inf
461,4,0.9132882157889779,1.2675925863278716,-1.2390316111737119,0.08339999999999999,1,0.08339999999999999,6.0,inf
461,5,0.9132882157889779,1.2675925863278716,-1.2390316111737119,0.08339999999999999,1,0.08339999999999999,6.0,inf
462,0,-0.37307660080731536,0.41625854091445635,-2.1800898837342375,6.0,0,7.703399999999999,6.0,inf
462,1,-0.37307660080731536,0.41625854091445635,-2.1800898837342375,6.0,0,7.703399999999999,6.0,inf
462,2,-0.37307660080731536,0.41625854091445635,-2.1800898837342375,6.0,0,7.703399999999999,6.0,inf
462,3,-0.37307660080731536,0.41625854091445635,-2.1800898837342375,6.0,0,7.703399999999999,6.0,inf
462,4,-0.37307660080731536,0.41625854091445635,-2.1800898837342375,6.0,0,7.703399999999999,6.0,inf
462,5,-0.37307660080731536,0.41625854091445635,-2.1800898837342375,6.0,0,7.703399999999999,6.0,inf
463,0,-0.17710262618176484,-1.056534473582931,-0.5032331559784254,5.8317,1,5.8317,6.0,inf
463,1,-0.17710262618176484,-1.056534473582931,-0.5032331559784254,5.8317,1,5.8317,6.0,inf
463,2,-0.17710262618176484,-1.056534473582931,-0.5032331559784254,5.8317,1,5.8317,6.0,inf
463,3,-0.17710262618176484,-1.056534473582931,-0.5032331559784254,5.8317,1,5.8317,6.0,inf
463,4,-0.17710262618176484,-1.056534473582931,-0.5032331559784254,5.8317,1,5.8317,6.0,inf
463,5,-0.17710262618176484,-1.056534473582931,-0.5032331559784254,5.8317,1,5.8317,6.0,inf
464,0,-0.04089354078726975,-0.055253983540140196,0.12575740500318916,1.3953,1,1.3953,6.0,inf
464,1,-0.04089354078726975,-0.055253983540140196,0.12575740500318916,1.3953,1,1.3953,6.0,inf
464,2,-0.04089354078726975,-0.055253983540140196,0.12575740500318916,1.3953,1,1.3953,6.0,inf
464,3,-0.04089354078726975,-0.055253983540140196,0.12575740500318916,1.3953,1,1.3953,6.0,inf
464,4,-0.04089354078726975,-0.055253983540140196,0.12575740500318916,1.3953,1,1.3953,6.0,inf
464,5,-0.04089354078726975,-0.055253983540140196,0.12575740500318916,1.3953,1,1.3953,6.0,inf
465,0,-0.12242987701700829,-0.8088938038926256,-0.6062239572789847,6.0,0,6.6701999999999995,6.0,inf
465,1,-0.12242987701700829,-0.8088938038926256,-0.6062239572789847,6.0,0,6.6701999999999995,6.0,inf
465,2,-0.12242987701700829,-0.8088938038926256,-0.6062239572789847,6.0,0,6.6701999999999995,6.0,inf
465,3,-0.12242987701700829,-0.8088938038926256,-0.6062239572789847,6.0,0,6.6701999999999995,6.0,inf
465,4,-0.12242987701700829,-0.8088938038926256,-0.6062239572789847,6.0,0,6.6701999999999995,6.0,inf
465,5,-0.12242987701700829,-0.8088938038926256,-0.6062239572789847,6.0,0,6.6701999999999995,6.0,inf
466,0,-1.0244861606162896,-0.222905385198072,0.8162676268266876,1.4042999999999999,1,1.4042999999999999,6.0,inf
466,1,-1.0244861606162896,-0.222905385198072,0.8162676268266876,1.4042999999999999,1,1.4042999999999999,6.0,inf
466,2,-1.0244861606162896,-0.222905385198072,0.8162676268266876,1.4042999999999999,1,1.4042999999999999,6.0,inf
466,3,-1.0244861606162896,-0.222905385198072,0.8162676268266876,1.4042999999999999,1,1.4042999999999999,6.0,inf
466,4,-1.0244861606162896,-0.222905385198072,0.8162676268266876,1.4042999999999999,1,1.4042999999999999,6.0,inf
466,5,-1.0244861606162896,-0.222905385198072,0.8162676268266876,1.4042999999999999,1,1.4042999999999999,6.0,inf
467,0,1.2453557181758266,-1.8310455198574387,-0.2587599258585794,4.494,1,4.494,6.0,inf
467,1,1.2453557181758266,-1.8310455198574387,-0.2587599258585794,4.494,1,4.494,6.0,inf
467,2,1.2453557181758266,-1.8310455198574387,-0.2587599258585794,4.494,1,4.494,6.0,inf
467,3,1.2453557181758266,-1.8310455198574387,-0.2587599258585794,4.494,1,4.494,6.0,inf
467,4,1.2453557181758266,-1.8310455198574387,-0.2587599258585794,4.494,1,4.494,6.0,inf
467,5,1.2453557181758266,-1.8310455198574387,-0.2587599258585794,4.494,1,4.494,6.0,inf
468,0,-1.1596179246725093,-0.4059493289484515,-1.2052589603334105,3.5195999999999996,1,3.5195999999999996,6.0,inf
468,1,-1.1596179246725093,-0.4059493289484515,-1.2052589603334105,3.5195999999999996,1,3.5195999999999996,6.0,inf
468,2,-1.1596179246725093,-0.4059493289484515,-1.2052589603334105,3.5195999999999996,1,3.5195999999999996,6.0,inf
468,3,-1.1596179246725093,-0.4059493289484515,-1.2052589603334105,3.5195999999999996,1,3.5195999999999996,6.0,inf
468,4,-1.1596179246725093,-0.4059493289484515,-1.2052589603334105,3.5195999999999996,1,3.5195999999999996,6.0,inf
468,5,-1.1596179246725093,-0.4059493289484515,-1.2052589603334105,3.5195999999999996,1,3.5195999999999996,6.0,inf
469,0,1.949861003057113,1.66603631632789,-0.7794208178967268,3.1736999999999997,1,3.1736999999999997,6.0,inf
469,1,1.949861003057113,1.66603631632789,-0.7794208178967268,3.1736999999999997,1,3.1736999999999997,6.0,inf
469,2,1.949861003057113,1.66603631632789,-0.7794208178967268,3.1736999999999997,1,3.1736999999999997,6.0,inf
469,3,1.949861003057113,1.66603631632789,-0.7794208178967268,3.1736999999999997,1,3.1736999999999997,6.0,inf
469,4,1.949861003057113,1.66603631632789,-0.7794208178967268,3.1736999999999997,1,3.1736999999999997,6.0,inf
469,5,1.949861003057113,1.66603631632789,-0.7794208178967268,3.1736999999999997,1,3.1736999999999997,6.0,inf
470,0,-1.3967233299216286,1.1246346303918042,1.3639050048961876,1.2752999999999999,1,1.2752999999999999,6.0,inf
470,1,-1.3967233299216286,1.1246346303918042,1.3639050048961876,1.2752999999999999,1,1.2752999999999999,6.0,inf
470,2,-1.3967233299216286,1.1246346303918042,1.3639050048961876,1.2752999999999999,1,1.2752999999999999,6.0,inf
470,3,-1.3967233299216286,1.1246346303918042,1.3639050048961876,1.2752999999999999,1,1.2752999999999999,6.0,inf
470,4,-1.3967233299216286,1.1246346303918042,1.3639050048961876,1.2752999999999999,1,1.2752999999999999,6.0,inf
470,5,-1.3967233299216286,1.1246346303918042,1.3639050048961876,1.2752999999999999,1,1.2752999999999999,6.0,inf
471,0,1.2045530520327925,-0.5496226478479106,-0.3377518265550838,3.3104999999999998,1,3.3104999999999998,6.0,inf
471,1,1.2045530520327925,-0.5496226478479106,-0.3377518265550838,3.3104999999999998,1,3.3104999999999998,6.0,inf
471,2,1.2045530520327925,-0.5496226478479106,-0.3377518265550838,3.3104999999999998,1,3.3104999999999998,6.0,inf
471,3,1.2045530520327925,-0.5496226478479106,-0.3377518265550838,3.3104999999999998,1,3.3104999999999998,6.0,inf
471,4,1.2045530520327925,-0.5496226478479106,-0.3377518265550838,3.3104999999999998,1,3.3104999999999998,6.0,inf
471,5,1.2045530520327925,-0.5496226478479106,-0.3377518265550838,3.3104999999999998,1,3.3104999999999998,6.0,inf
472,0,1.2182017265841862,-0.6673515183827811,0.24469964596813468,2.5856999999999997,1,2.5856999999999997,6.0,inf
472,1,1.2182017265841862,-0.6673515183827811,0.24469964596813468,2.5856999999999997,1,2.5856999999999997,6.0,inf
472,2,1.2182017265841862,-0.6673515183827811,0.24469964596813468,2.5856999999999997,1,2.5856999999999997,6.0,inf
472,3,1.2182017265841862,-0.6673515183827811,0.24469964596813468,2.5856999999999997,1,2.5856999999999997,6.0,inf
472,4,1.2182017265841862,-0.6673515183827811,0.24469964596813468,2.5856999999999997,1,2.5856999999999997,6.0,inf
472,5,1.2182017265841862,-0.6673515183827811,0.24469964596813468,2.5856999999999997,1,2.5856999999999997,6.0,inf
473,0,-0.09885865677455363,-0.8671243861719539,-0.12930215892945338,1.7445,1,1.7445,6.0,inf
473,1,-0.09885865677455363,-0.8671243861719539,-0.12930215892945338,1.7445,1,1.7445,6.0,inf
473,2,-0.09885865677455363,-0.8671243861719539,-0.12930215892945338,1.7445,1,1.7445,6.0,inf
473,3,-0.09885865677455363,-0.8671243861719539,-0.12930215892945338,1.7445,1,1.7445,6.0,inf
473,4,-0.09885865677455363,-0.8671243861719539,-0.12930215892945338,1.7445,1,1.7445,6.0,inf
473,5,-0.09885865677455363,-0.8671243861719539,-0.12930215892945338,1.7445,1,1.7445,6.0,inf
474,0,1.0023535271113455,-0.4162869231233749,-0.24126205979373572,0.8135999999999999,1,0.8135999999999999,6.0,inf
474,1,1.0023535271113455,-0.4162869231233749,-0.24126205979373572,0.8135999999999999,1,0.8135999999999999,6.0,inf
474,2,1.0023535271113455,-0.4162869231233749,-0.24126205979373572,0.8135999999999999,1,0.8135999999999999,6.0,inf
474,3,1.0023535271113455,-0.4162869231233749,-0.24126205979373572,0.8135999999999999,1,0.8135999999999999,6.0,inf
474,4,1.0023535271113455,-0.4162869231233749,-0.24126205979373572,0.8135999999999999,1,0.8135999999999999,6.0,inf
474,5,1.0023535271113455,-0.4162869231233749,-0.24126205979373572,0.8135999999999999,1,0.8135999999999999,6.0,inf
475,0,-0.6029723658582429,0.47239670631510694,-0.8081859991139901,5.413799999999999,1,5.413799999999999,6.0,inf
475,1,-0.6029723658582429,0.47239670631510694,-0.8081859991139901,5.413799999999999,1,5.413799999999999,6.0,inf
475,2,-0.6029723658582429,0.47239670631510694,-0.8081859991139901,5.413799999999999,1,5.413799999999999,6.0,inf
475,3,-0.6029723658582429,0.47239670631510694,-0.8081859991139901,5.413799999999999,1,5.413799999999999,6.0,inf
475,4,-0.6029723658582429,0.47239670631510694,-0.8081859991139901,5.413799999999999,1,5.413799999999999,6.0,inf
475,5,-0.6029723658582429,0.47239670631510694,-0.8081859991139901,5.413799999999999,1,5.413799999999999,6.0,inf
476,0,-1.0289476406340483,-0.3553674889063868,-0.27552611780584163,1.1873999999999998,1,1.1873999999999998,6.0,inf
476,1,-1.0289476406340483,-0.3553674889063868,-0.27552611780584163,1.1873999999999998,1,1.1873999999999998,6.0,inf
476,2,-1.0289476406340483,-0.3553674889063868,-0.27552611780584163,1.1873999999999998,1,1.1873999999999998,6.0,inf
476,3,-1.0289476406340483,-0.3553674889063868,-0.27552611780584163,1.1873999999999998,1,1.1873999999999998,6.0,inf
476,4,-1.0289476406340483,-0.3553674889063868,-0.27552611780584163,1.1873999999999998,1,1.1873999999999998,6.0,inf
476,5,-1.0289476406340483,-0.3553674889063868,-0.27552611780584163,1.1873999999999998,1,1.1873999999999998,6.0,inf
477,0,0.6879690929437666,-0.08108091461626946,-1.260653560951774,0.9168,1,0.9168,6.0,inf
477,1,0.6879690929437666,-0.08108091461626946,-1.260653560951774,0.9168,1,0.9168,6.0,inf
477,2,0.6879690929437666,-0.08108091461626946,-1.260653560951774,0.9168,1,0.9168,6.0,inf
477,3,0.6879690929437666,-0.08108091461626946,-1.260653560951774,0.9168,1,0.9168,6.0,inf
477,4,0.6879690929437666,-0.08108091461626946,-1.260653560951774,0.9168,1,0.9168,6.0,inf
477,5,0.6879690929437666,-0.08108091461626946,-1.260653560951774,0.9168,1,0.9168,6.0,inf
478,0,-0.6601406692759486,0.31035791333267176,-0.10092004450205831,5.1696,1,5.1696,6.0,inf
478,1,-0.6601406692759486,0.31035791333267176,-0.10092004450205831,5.1696,1,5.1696,6.0,inf
478,2,-0.6601406692759486,0.31035791333267176,-0.10092004450205831,5.1696,1,5.1696,6.0,inf
478,3,-0.6601406692759486,0.31035791333267176,-0.10092004450205831,5.1696,1,5.1696,6.0,inf
478,4,-0.6601406692759486,0.31035791333267176,-0.10092004450205831,5.1696,1,5.1696,6.0,inf
478,5,-0.6601406692759486,0.31035791333267176,-0.10092004450205831,5.1696,1,5.1696,6.0,inf
479,0,-0.881760542249473,0.1348792870298207,0.5929634736021284,1.2507,1,1.2507,6.0,inf
479,1,-0.881760542249473,0.1348792870298207,0.5929634736021284,1.2507,1,1.2507,6.0,inf
479,2,-0.881760542249473,0.1348792870298207,0.5929634736021284,1.2507,1,1.2507,6.0,inf
479,3,-0.881760542249473,0.1348792870298207,0.5929634736021284,1.2507,1,1.2507,6.0,inf
479,4,-0.881760542249473,0.1348792870298207,0.5929634736021284,1.2507,1,1.2507,6.0,inf
479,5,-0.881760542249473,0.1348792870298207,0.5929634736021284,1.2507,1,1.2507,6.0,inf
480,0,-0.5641462149005577,0.6489830287094412,1.473328990813284,4.5831,1,4.5831,6.0,inf
480,1,-0.5641462149005577,0.6489830287094412,1.473328990813284,4.5831,1,4.5831,6.0,inf
480,2,-0.5641462149005577,0.6489830287094412,1.473328990813284,4.5831,1,4.5831,6.0,inf
480,3,-0.5641462149005577,0.6489830287094412,1.473328990813284,4.5831,1,4.5831,6.0,inf
480,4,-0.5641462149005577,0.6489830287094412,1.473328990813284,4.5831,1,4.5831,6.0,inf
480,5,-0.5641462149005577,0.6489830287094412,1.473328990813284,4.5831,1,4.5831,6.0,inf
481,0,1.9216105811494004,-1.5311958767981961,-0.25651728250423356,3.5862,1,3.5862,6.0,inf
481,1,1.9216105811494004,-1.5311958767981961,-0.25651728250423356,3.5862,1,3.5862,6.0,inf
481,2,1.9216105811494004,-1.5311958767981961,-0.25651728250423356,3.5862,1,3.5862,6.0,inf
481,3,1.9216105811494004,-1.5311958767981961,-0.25651728250423356,3.5862,1,3.5862,6.0,inf
481,4,1.9216105811494004,-1.5311958767981961,-0.25651728250423356,3.5862,1,3.5862,6.0,inf
481,5,1.9216105811494004,-1.5311958767981961,-0.25651728250423356,3.5862,1,3.5862,6.0,inf
482,0,0.6327041176446888,-1.259646722486809,-0.037465855167844855,3.7973999999999997,1,3.7973999999999997,6.0,inf
482,1,0.6327041176446888,-1.259646722486809,-0.037465855167844855,3.7973999999999997,1,3.7973999999999997,6.0,inf
482,2,0.6327041176446888,-1.259646722486809,-0.037465855167844855,3.7973999999999997,1,3.7973999999999997,6.0,inf
482,3,0.6327041176446888,-1.259646722486809,-0.037465855167844855,3.7973999999999997,1,3.7973999999999997,6.0,inf
482,4,0.6327041176446888,-1.259646722486809,-0.037465855167844855,3.7973999999999997,1,3.7973999999999997,6.0,inf
482,5,0.6327041176446888,-1.259646722486809,-0.037465855167844855,3.7973999999999997,1,3.7973999999999997,6.0,inf
483,0,-0.2109810862424177,-0.48119723339196946,-0.22371488652907903,6.0,0,6.6354,6.0,inf
483,1,-0.2109810862424177,-0.48119723339196946,-0.22371488652907903,6.0,0,6.6354,6.0,inf
483,2,-0.2109810862424177,-0.48119723339196946,-0.22371488652907903,6.0,0,6.6354,6.0,inf
483,3,-0.2109810862424177,-0.48119723339196946,-0.22371488652907903,6.0,0,6.6354,6.0,inf
483,4,-0.2109810862424177,-0.48119723339196946,-0.22371488652907903,6.0,0,6.6354,6.0,inf
483,5,-0.2109810862424177,-0.48119723339196946,-0.22371488652907903,6.0,0,6.6354,6.0,inf
484,0,0.6459764209381615,0.8216256328440403,1.1371300348451212,2.0643,1,2.0643,6.0,inf
484,1,0.6459764209381615,0.8216256328440403,1.1371300348451212,2.0643,1,2.0643,6.0,inf
484,2,0.6459764209381615,0.8216256328440403,1.1371300348451212,2.0643,1,2.0643,6.0,inf
484,3,0.6459764209381615,0.8216256328440403,1.1371300348451212,2.0643,1,2.0643,6.0,inf
484,4,0.6459764209381615,0.8216256328440403,1.1371300348451212,2.0643,1,2.0643,6.0,inf
484,5,0.6459764209381615,0.8216256328440403,1.1371300348451212,2.0643,1,2.0643,6.0,inf
485,0,-1.0200811073857943,0.5835133767370786,-1.0146583739668829,3.2489999999999997,1,3.2489999999999997,6.0,inf
485,1,-1.0200811073857943,0.5835133767370786,-1.0146583739668829,3.2489999999999997,1,3.2489999999999997,6.0,inf
485,2,-1.0200811073857943,0.5835133767370786,-1.0146583739668829,3.2489999999999997,1,3.2489999999999997,6.0,inf
485,3,-1.0200811073857943,0.5835133767370786,-1.0146583739668829,3.2489999999999997,1,3.2489999999999997,6.0,inf
485,4,-1.0200811073857943,0.5835133767370786,-1.0146583739668829,3.2489999999999997,1,3.2489999999999997,6.0,inf
485,5,-1.0200811073857943,0.5835133767370786,-1.0146583739668829,3.2489999999999997,1,3.2489999999999997,6.0,inf
486,0,-0.8510916387677148,0.1291344820910225,0.2853805514046974,2.2359,1,2.2359,6.0,inf
486,1,-0.8510916387677148,0.1291344820910225,0.2853805514046974,2.2359,1,2.2359,6.0,inf
486,2,-0.8510916387677148,0.1291344820910225,0.2853805514046974,2.2359,1,2.2359,6.0,inf
486,3,-0.8510916387677148,0.1291344820910225,0.2853805514046974,2.2359,1,2.2359,6.0,inf
486,4,-0.8510916387677148,0.1291344820910225,0.2853805514046974,2.2359,1,2.2359,6.0,inf
486,5,-0.8510916387677148,0.1291344820910225,0.2853805514046974,2.2359,1,2.2359,6.0,inf
487,0,0.06739024435638051,-0.7101780819709382,-0.9933624147616908,2.1464999999999996,1,2.1464999999999996,6.0,inf
487,1,0.06739024435638051,-0.7101780819709382,-0.9933624147616908,2.1464999999999996,1,2.1464999999999996,6.0,inf
487,2,0.06739024435638051,-0.7101780819709382,-0.9933624147616908,2.1464999999999996,1,2.1464999999999996,6.0,inf
487,3,0.06739024435638051,-0.7101780819709382,-0.9933624147616908,2.1464999999999996,1,2.1464999999999996,6.0,inf
487,4,0.06739024435638051,-0.7101780819709382,-0.9933624147616908,2.1464999999999996,1,2.1464999999999996,6.0,inf
487,5,0.06739024435638051,-0.7101780819709382,-0.9933624147616908,2.1464999999999996,1,2.1464999999999996,6.0,inf
488,0,1.2009185032973708,-0.31724895981504103,-0.9469195044598363,2.6849999999999996,1,2.6849999999999996,6.0,inf
488,1,1.2009185032973708,-0.31724895981504103,-0.9469195044598363,2.6849999999999996,1,2.6849999999999996,6.0,inf
488,2,1.2009185032973708,-0.31724895981504103,-0.9469195044598363,2.6849999999999996,1,2.6849999999999996,6.0,inf
488,3,1.2009185032973708,-0.31724895981504103,-0.9469195044598363,2.6849999999999996,1,2.6849999999999996,6.0,inf
488,4,1.2009185032973708,-0.31724895981504103,-0.9469195044598363,2.6849999999999996,1,2.6849999999999996,6.0,inf
488,5,1.2009185032973708,-0.31724895981504103,-0.9469195044598363,2.6849999999999996,1,2.6849999999999996,6.0,inf
489,0,2.4985377374271827,0.523606470352539,-1.7246452135980934,2.3975999999999997,1,2.3975999999999997,6.0,inf
489,1,2.4985377374271827,0.523606470352539,-1.7246452135980934,2.3975999999999997,1,2.3975999999999997,6.0,inf
489,2,2.4985377374271827,0.523606470352539,-1.7246452135980934,2.3975999999999997,1,2.3975999999999997,6.0,inf
489,3,2.4985377374271827,0.523606470352539,-1.7246452135980934,2.3975999999999997,1,2.3975999999999997,6.0,inf
489,4,2.4985377374271827,0.523606470352539,-1.7246452135980934,2.3975999999999997,1,2.3975999999999997,6.0,inf
489,5,2.4985377374271827,0.523606470352539,-1.7246452135980934,2.3975999999999997,1,2.3975999999999997,6.0,inf
490,0,-1.7569595499416508,0.8256438619597782,1.3965621949955849,1.2582,1,1.2582,6.0,inf
490,1,-1.7569595499416508,0.8256438619597782,1.3965621949955849,1.2582,1,1.2582,6.0,inf
490,2,-1.7569595499416508,0.8256438619597782,1.3965621949955849,1.2582,1,1.2582,6.0,inf
490,3,-1.7569595499416508,0.8256438619597782,1.3965621949955849,1.2582,1,1.2582,6.0,inf
490,4,-1.7569595499416508,0.8256438619597782,1.3965621949955849,1.2582,1,1.2582,6.0,inf
490,5,-1.7569595499416508,0.8256438619597782,1.3965621949955849,1.2582,1,1.2582,6.0,inf
491,0,-0.28343803929532213,0.08698239366960928,-0.31404122277325053,3.4235999999999995,1,3.4235999999999995,6.0,inf
491,1,-0.28343803929532213,0.08698239366960928,-0.31404122277325053,3.4235999999999995,1,3.4235999999999995,6.0,inf
491,2,-0.28343803929532213,0.08698239366960928,-0.31404122277325053,3.4235999999999995,1,3.4235999999999995,6.0,inf
491,3,-0.28343803929532213,0.08698239366960928,-0.31404122277325053,3.4235999999999995,1,3.4235999999999995,6.0,inf
491,4,-0.28343803929532213,0.08698239366960928,-0.31404122277325053,3.4235999999999995,1,3.4235999999999995,6.0,inf
491,5,-0.28343803929532213,0.08698239366960928,-0.31404122277325053,3.4235999999999995,1,3.4235999999999995,6.0,inf
492,0,-0.7484810832169687,-1.7600512652001825,0.8352070462647914,5.6682,1,5.6682,6.0,inf
492,1,-0.7484810832169687,-1.7600512652001825,0.8352070462647914,5.6682,1,5.6682,6.0,inf
492,2,-0.7484810832169687,-1.7600512652001825,0.8352070462647914,5.6682,1,5.6682,6.0,inf
492,3,-0.7484810832169687,-1.7600512652001825,0.8352070462647914,5.6682,1,5.6682,6.0,inf
492,4,-0.7484810832169687,-1.7600512652001825,0.8352070462647914,5.6682,1,5.6682,6.0,inf
492,5,-0.7484810832169687,-1.7600512652001825,0.8352070462647914,5.6682,1,5.6682,6.0,inf
493,0,-1.4072024090096713,0.18117229336461188,-0.19435836040074056,6.0,0,8.0001,6.0,inf
493,1,-1.4072024090096713,0.18117229336461188,-0.19435836040074056,6.0,0,8.0001,6.0,inf
493,2,-1.4072024090096713,0.18117229336461188,-0.19435836040074056,6.0,0,8.0001,6.0,inf
493,3,-1.4072024090096713,0.18117229336461188,-0.19435836040074056,6.0,0,8.0001,6.0,inf
493,4,-1.4072024090096713,0.18117229336461188,-0.19435836040074056,6.0,0,8.0001,6.0,inf
493,5,-1.4072024090096713,0.18117229336461188,-0.19435836040074056,6.0,0,8.0001,6.0,inf
494,0,-0.09713746829240885,1.3520567770188519,0.8579382466194497,2.1144,1,2.1144,6.0,inf
494,1,-0.09713746829240885,1.3520567770188519,0.8579382466194497,2.1144,1,2.1144,6.0,inf
494,2,-0.09713746829240885,1.3520567770188519,0.8579382466194497,2.1144,1,2.1144,6.0,inf
494,3,-0.09713746829240885,1.3520567770188519,0.8579382466194497,2.1144,1,2.1144,6.0,inf
494,4,-0.09713746829240885,1.3520567770188519,0.8579382466194497,2.1144,1,2.1144,6.0,inf
494,5,-0.09713746829240885,1.3520567770188519,0.8579382466194497,2.1144,1,2.1144,6.0,inf
495,0,0.9205818545295898,0.6888164947798441,0.4835514315330746,1.0506,1,1.0506,6.0,inf
495,1,0.9205818545295898,0.6888164947798441,0.4835514315330746,1.0506,1,1.0506,6.0,inf
495,2,0.9205818545295898,0.6888164947798441,0.4835514315330746,1.0506,1,1.0506,6.0,inf
495,3,0.9205818545295898,0.6888164947798441,0.4835514315330746,1.0506,1,1.0506,6.0,inf
495,4,0.9205818545295898,0.6888164947798441,0.4835514315330746,1.0506,1,1.0506,6.0,inf
495,5,0.9205818545295898,0.6888164947798441,0.4835514315330746,1.0506,1,1.0506,6.0,inf
496,0,-0.5457835506297202,0.6855759527139391,0.12581717462902725,0.7973999999999999,1,0.7973999999999999,6.0,inf
496,1,-0.5457835506297202,0.6855759527139391,0.12581717462902725,0.7973999999999999,1,0.7973999999999999,6.0,inf
496,2,-0.5457835506297202,0.6855759527139391,0.12581717462902725,0.7973999999999999,1,0.7973999999999999,6.0,inf
496,3,-0.5457835506297202,0.6855759527139391,0.12581717462902725,0.7973999999999999,1,0.7973999999999999,6.0,inf
496,4,-0.5457835506297202,0.6855759527139391,0.12581717462902725,0.7973999999999999,1,0.7973999999999999,6.0,inf
496,5,-0.5457835506297202,0.6855759527139391,0.12581717462902725,0.7973999999999999,1,0.7973999999999999,6.0,inf
497,0,0.5054406093404418,0.18662881475633014,-0.42955194894398274,4.7867999999999995,1,4.7867999999999995,6.0,inf
497,1,0.5054406093404418,0.18662881475633014,-0.42955194894398274,4.7867999999999995,1,4.7867999999999995,6.0,inf
497,2,0.5054406093404418,0.18662881475633014,-0.42955194894398274,4.7867999999999995,1,4.7867999999999995,6.0,inf
497,3,0.5054406093404418,0.18662881475633014,-0.42955194894398274,4.7867999999999995,1,4.7867999999999995,6.0,inf
497,4,0.5054406093404418,0.18662881475633014,-0.42955194894398274,4.7867999999999995,1,4.7867999999999995,6.0,inf
497,5,0.5054406093404418,0.18662881475633014,-0.42955194894398274,4.7867999999999995,1,4.7867999999999995,6.0,inf
498,0,-1.3350841611565676,-0.39300141053070675,-0.5819221222236537,3.1769999999999996,1,3.1769999999999996,6.0,inf
498,1,-1.3350841611565676,-0.39300141053070675,-0.5819221222236537,3.1769999999999996,1,3.1769999999999996,6.0,inf
498,2,-1.3350841611565676,-0.39300141053070675,-0.5819221222236537,3.1769999999999996,1,3.1769999999999996,6.0,inf
498,3,-1.3350841611565676,-0.39300141053070675,-0.5819221222236537,3.1769999999999996,1,3.1769999999999996,6.0,inf
498,4,-1.3350841611565676,-0.39300141053070675,-0.5819221222236537,3.1769999999999996,1,3.1769999999999996,6.0,inf
498,5,-1.3350841611565676,-0.39300141053070675,-0.5819221222236537,3.1769999999999996,1,3.1769999999999996,6.0,inf
499,0,0.7518984587610231,-0.7774438562208841,0.7649989909290452,2.8629,1,2.8629,6.0,inf
499,1,0.7518984587610231,-0.7774438562208841,0.7649989909290452,2.8629,1,2.8629,6.0,inf
499,2,0.7518984587610231,-0.7774438562208841,0.7649989909290452,2.8629,1,2.8629,6.0,inf
499,3,0.7518984587610231,-0.7774438562208841,0.7649989909290452,2.8629,1,2.8629,6.0,inf
499,4,0.7518984587610231,-0.7774438562208841,0.7649989909290452,2.8629,1,2.8629,6.0,inf
499,5,0.7518984587610231,-0.7774438562208841,0.7649989909290452,2.8629,1,2.8629,6.0,inf
500,0,-1.9802665080756077,0.8475799556901606,1.147817190728586,0.8438999999999999,1,0.8438999999999999,6.0,inf
500,1,-1.9802665080756077,0.8475799556901606,1.147817190728586,0.8438999999999999,1,0.8438999999999999,6.0,inf
500,2,-1.9802665080756077,0.8475799556901606,1.147817190728586,0.8438999999999999,1,0.8438999999999999,6.0,inf
500,3,-1.9802665080756077,0.8475799556901606,1.147817190728586,0.8438999999999999,1,0.8438999999999999,6.0,inf
500,4,-1.9802665080756077,0.8475799556901606,1.147817190728586,0.8438999999999999,1,0.8438999999999999,6.0,inf
500,5,-1.9802665080756077,0.8475799556901606,1.147817190728586,0.8438999999999999,1,0.8438999999999999,6.0,inf
501,0,-0.8016059161565638,1.929196770505471,-1.9670550602802097,2.0643,1,2.0643,6.0,inf
501,1,-0.8016059161565638,1.929196770505471,-1.9670550602802097,2.0643,1,2.0643,6.0,inf
501,2,-0.8016059161565638,1.929196770505471,-1.9670550602802097,2.0643,1,2.0643,6.0,inf
501,3,-0.8016059161565638,1.929196770505471,-1.9670550602802097,2.0643,1,2.0643,6.0,inf
501,4,-0.8016059161565638,1.929196770505471,-1.9670550602802097,2.0643,1,2.0643,6.0,inf
501,5,-0.8016059161565638,1.929196770505471,-1.9670550602802097,2.0643,1,2.0643,6.0,inf
502,0,-0.33697528374447366,0.22246944399735755,-0.8338975321292419,1.0859999999999999,1,1.0859999999999999,6.0,inf
502,1,-0.33697528374447366,0.22246944399735755,-0.8338975321292419,1.0859999999999999,1,1.0859999999999999,6.0,inf
502,2,-0.33697528374447366,0.22246944399735755,-0.8338975321292419,1.0859999999999999,1,1.0859999999999999,6.0,inf
502,3,-0.33697528374447366,0.22246944399735755,-0.8338975321292419,1.0859999999999999,1,1.0859999999999999,6.0,inf
502,4,-0.33697528374447366,0.22246944399735755,-0.8338975321292419,1.0859999999999999,1,1.0859999999999999,6.0,inf
502,5,-0.33697528374447366,0.22246944399735755,-0.8338975321292419,1.0859999999999999,1,1.0859999999999999,6.0,inf
503,0,0.37972644725846205,-0.24297407040644756,0.10161093213358274,1.8009,1,1.8009,6.0,inf
503,1,0.37972644725846205,-0.24297407040644756,0.10161093213358274,1.8009,1,1.8009,6.0,inf
503,2,0.37972644725846205,-0.24297407040644756,0.10161093213358274,1.8009,1,1.8009,6.0,inf
503,3,0.37972644725846205,-0.24297407040644756,0.10161093213358274,1.8009,1,1.8009,6.0,inf
503,4,0.37972644725846205,-0.24297407040644756,0.10161093213358274,1.8009,1,1.8009,6.0,inf
503,5,0.37972644725846205,-0.24297407040644756,0.10161093213358274,1.8009,1,1.8009,6.0,inf
504,0,-1.675740470082391,-0.40435067775381633,-0.6286769904649157,6.0,0,8.0001,6.0,inf
504,1,-1.675740470082391,-0.40435067775381633,-0.6286769904649157,6.0,0,8.0001,6.0,inf
504,2,-1.675740470082391,-0.40435067775381633,-0.6286769904649157,6.0,0,8.0001,6.0,inf
504,3,-1.675740470082391,-0.40435067775381633,-0.6286769904649157,6.0,0,8.0001,6.0,inf
504,4,-1.675740470082391,-0.40435067775381633,-0.6286769904649157,6.0,0,8.0001,6.0,inf
504,5,-1.675740470082391,-0.40435067775381633,-0.6286769904649157,6.0,0,8.0001,6.0,inf
505,0,-0.25240516984307065,0.7445789841658041,-0.42819988668520903,0.9554999999999999,1,0.9554999999999999,6.0,inf
505,1,-0.25240516984307065,0.7445789841658041,-0.42819988668520903,0.9554999999999999,1,0.9554999999999999,6.0,inf
505,2,-0.25240516984307065,0.7445789841658041,-0.42819988668520903,0.9554999999999999,1,0.9554999999999999,6.0,inf
505,3,-0.25240516984307065,0.7445789841658041,-0.42819988668520903,0.9554999999999999,1,0.9554999999999999,6.0,inf
505,4,-0.25240516984307065,0.7445789841658041,-0.42819988668520903,0.9554999999999999,1,0.9554999999999999,6.0,inf
505,5,-0.25240516984307065,0.7445789841658041,-0.42819988668520903,0.9554999999999999,1,0.9554999999999999,6.0,inf
506,0,-1.2280619081553803,-1.047300340718802,-1.0890635348093745,6.0,0,7.7139,6.0,inf
506,1,-1.2280619081553803,-1.047300340718802,-1.0890635348093745,6.0,0,7.7139,6.0,inf
506,2,-1.2280619081553803,-1.047300340718802,-1.0890635348093745,6.0,0,7.7139,6.0,inf
506,3,-1.2280619081553803,-1.047300340718802,-1.0890635348093745,6.0,0,7.7139,6.0,inf
506,4,-1.2280619081553803,-1.047300340718802,-1.0890635348093745,6.0,0,7.7139,6.0,inf
506,5,-1.2280619081553803,-1.047300340718802,-1.0890635348093745,6.0,0,7.7139,6.0,inf
507,0,-0.5223530123293542,1.1077049421895415,0.11665084456137914,2.5079999999999996,1,2.5079999999999996,6.0,inf
507,1,-0.5223530123293542,1.1077049421895415,0.11665084456137914,2.5079999999999996,1,2.5079999999999996,6.0,inf
507,2,-0.5223530123293542,1.1077049421895415,0.11665084456137914,2.5079999999999996,1,2.5079999999999996,6.0,inf
507,3,-0.5223530123293542,1.1077049421895415,0.11665084456137914,2.5079999999999996,1,2.5079999999999996,6.0,inf
507,4,-0.5223530123293542,1.1077049421895415,0.11665084456137914,2.5079999999999996,1,2.5079999999999996,6.0,inf
507,5,-0.5223530123293542,1.1077049421895415,0.11665084456137914,2.5079999999999996,1,2.5079999999999996,6.0,inf
508,0,0.42481966144512284,-0.9969018758484269,0.3093263704073738,4.177499999999999,1,4.177499999999999,6.0,inf
508,1,0.42481966144512284,-0.9969018758484269,0.3093263704073738,4.177499999999999,1,4.177499999999999,6.0,inf
508,2,0.42481966144512284,-0.9969018758484269,0.3093263704073738,4.177499999999999,1,4.177499999999999,6.0,inf
508,3,0.42481966144512284,-0.9969018758484269,0.3093263704073738,4.177499999999999,1,4.177499999999999,6.0,inf
508,4,0.42481966144512284,-0.9969018758484269,0.3093263704073738,4.177499999999999,1,4.177499999999999,6.0,inf
508,5,0.42481966144512284,-0.9969018758484269,0.3093263704073738,4.177499999999999,1,4.177499999999999,6.0,inf
509,0,-0.5154657418879268,1.0348369285385273,-1.1728220954875852,2.7935999999999996,1,2.7935999999999996,6.0,inf
509,1,-0.5154657418879268,1.0348369285385273,-1.1728220954875852,2.7935999999999996,1,2.7935999999999996,6.0,inf
509,2,-0.5154657418879268,1.0348369285385273,-1.1728220954875852,2.7935999999999996,1,2.7935999999999996,6.0,inf
509,3,-0.5154657418879268,1.0348369285385273,-1.1728220954875852,2.7935999999999996,1,2.7935999999999996,6.0,inf
509,4,-0.5154657418879268,1.0348369285385273,-1.1728220954875852,2.7935999999999996,1,2.7935999999999996,6.0,inf
509,5,-0.5154657418879268,1.0348369285385273,-1.1728220954875852,2.7935999999999996,1,2.7935999999999996,6.0,inf
510,0,2.7533065893549735,-0.951275950694633,-0.24375095907493102,0.7068,1,0.7068,6.0,inf
510,1,2.7533065893549735,-0.951275950694633,-0.24375095907493102,0.7068,1,0.7068,6.0,inf
510,2,2.7533065893549735,-0.951275950694633,-0.24375095907493102,0.7068,1,0.7068,6.0,inf
510,3,2.7533065893549735,-0.951275950694633,-0.24375095907493102,0.7068,1,0.7068,6.0,inf
510,4,2.7533065893549735,-0.951275950694633,-0.24375095907493102,0.7068,1,0.7068,6.0,inf
510,5,2.7533065893549735,-0.951275950694633,-0.24375095907493102,0.7068,1,0.7068,6.0,inf
511,0,-0.9434338964705312,0.6114022365343703,-0.5911520677994576,0.5193,1,0.5193,6.0,inf
511,1,-0.9434338964705312,0.6114022365343703,-0.5911520677994576,0.5193,1,0.5193,6.0,inf
511,2,-0.9434338964705312,0.6114022365343703,-0.5911520677994576,0.5193,1,0.5193,6.0,inf
511,3,-0.9434338964705312,0.6114022365343703,-0.5911520677994576,0.5193,1,0.5193,6.0,inf
511,4,-0.9434338964705312,0.6114022365343703,-0.5911520677994576,0.5193,1,0.5193,6.0,inf
511,5,-0.9434338964705312,0.6114022365343703,-0.5911520677994576,0.5193,1,0.5193,6.0,inf
512,0,1.0755825655589184,-0.5096591595024588,2.1063059502625268,0.6174,1,0.6174,6.0,inf
512,1,1.0755825655589184,-0.5096591595024588,2.1063059502625268,0.6174,1,0.6174,6.0,inf
512,2,1.0755825655589184,-0.5096591595024588,2.1063059502625268,0.6174,1,0.6174,6.0,inf
512,3,1.0755825655589184,-0.5096591595024588,2.1063059502625268,0.6174,1,0.6174,6.0,inf
512,4,1.0755825655589184,-0.5096591595024588,2.1063059502625268,0.6174,1,0.6174,6.0,inf
512,5,1.0755825655589184,-0.5096591595024588,2.1063059502625268,0.6174,1,0.6174,6.0,inf
513,0,-0.5277970991409613,-1.9619531988252783,1.3308471049899684,3.7308,1,3.7308,6.0,inf
513,1,-0.5277970991409613,-1.9619531988252783,1.3308471049899684,3.7308,1,3.7308,6.0,inf
513,2,-0.5277970991409613,-1.9619531988252783,1.3308471049899684,3.7308,1,3.7308,6.0,inf
513,3,-0.5277970991409613,-1.9619531988252783,1.3308471049899684,3.7308,1,3.7308,6.0,inf
513,4,-0.5277970991409613,-1.9619531988252783,1.3308471049899684,3.7308,1,3.7308,6.0,inf
513,5,-0.5277970991409613,-1.9619531988252783,1.3308471049899684,3.7308,1,3.7308,6.0,inf
514,0,1.5250063309284745,-0.4197048622838502,-0.6891405820551236,2.0949,1,2.0949,6.0,inf
514,1,1.5250063309284745,-0.4197048622838502,-0.6891405820551236,2.0949,1,2.0949,6.0,inf
514,2,1.5250063309284745,-0.4197048622838502,-0.6891405820551236,2.0949,1,2.0949,6.0,inf
514,3,1.5250063309284745,-0.4197048622838502,-0.6891405820551236,2.0949,1,2.0949,6.0,inf
514,4,1.5250063309284745,-0.4197048622838502,-0.6891405820551236,2.0949,1,2.0949,6.0,inf
514,5,1.5250063309284745,-0.4197048622838502,-0.6891405820551236,2.0949,1,2.0949,6.0,inf
515,0,1.172139923753542,-0.14055898766882557,0.6701105165530755,1.242,1,1.242,6.0,inf
515,1,1.172139923753542,-0.14055898766882557,0.6701105165530755,1.242,1,1.242,6.0,inf
515,2,1.172139923753542,-0.14055898766882557,0.6701105165530755,1.242,1,1.242,6.0,inf
515,3,1.172139923753542,-0.14055898766882557,0.6701105165530755,1.242,1,1.242,6.0,inf
515,4,1.172139923753542,-0.14055898766882557,0.6701105165530755,1.242,1,1.242,6.0,inf
515,5,1.172139923753542,-0.14055898766882557,0.6701105165530755,1.242,1,1.242,6.0,inf
516,0,0.13715246733752123,-0.535716880638241,0.17108841685034226,5.4045,1,5.4045,6.0,inf
516,1,0.13715246733752123,-0.535716880638241,0.17108841685034226,5.4045,1,5.4045,6.0,inf
516,2,0.13715246733752123,-0.535716880638241,0.17108841685034226,5.4045,1,5.4045,6.0,inf
516,3,0.13715246733752123,-0.535716880638241,0.17108841685034226,5.4045,1,5.4045,6.0,inf
516,4,0.13715246733752123,-0.535716880638241,0.17108841685034226,5.4045,1,5.4045,6.0,inf
516,5,0.13715246733752123,-0.535716880638241,0.17108841685034226,5.4045,1,5.4045,6.0,inf
517,0,-1.0062387109734765,-1.9692421440530388,0.8398688786888832,4.8678,1,4.8678,6.0,inf
517,1,-1.0062387109734765,-1.9692421440530388,0.8398688786888832,4.8678,1,4.8678,6.0,inf
517,2,-1.0062387109734765,-1.9692421440530388,0.8398688786888832,4.8678,1,4.8678,6.0,inf
517,3,-1.0062387109734765,-1.9692421440530388,0.8398688786888832,4.8678,1,4.8678,6.0,inf
517,4,-1.0062387109734765,-1.9692421440530388,0.8398688786888832,4.8678,1,4.8678,6.0,inf
517,5,-1.0062387109734765,-1.9692421440530388,0.8398688786888832,4.8678,1,4.8678,6.0,inf
518,0,1.139982544939233,-1.2282701007350836,-0.22705405179661456,2.9351999999999996,1,2.9351999999999996,6.0,inf
518,1,1.139982544939233,-1.2282701007350836,-0.22705405179661456,2.9351999999999996,1,2.9351999999999996,6.0,inf
518,2,1.139982544939233,-1.2282701007350836,-0.22705405179661456,2.9351999999999996,1,2.9351999999999996,6.0,inf
518,3,1.139982544939233,-1.2282701007350836,-0.22705405179661456,2.9351999999999996,1,2.9351999999999996,6.0,inf
518,4,1.139982544939233,-1.2282701007350836,-0.22705405179661456,2.9351999999999996,1,2.9351999999999996,6.0,inf
518,5,1.139982544939233,-1.2282701007350836,-0.22705405179661456,2.9351999999999996,1,2.9351999999999996,6.0,inf
519,0,-1.6785048006783645,1.0353295674012375,0.3966096580016311,0.8090999999999999,1,0.8090999999999999,6.0,inf
519,1,-1.6785048006783645,1.0353295674012375,0.3966096580016311,0.8090999999999999,1,0.8090999999999999,6.0,inf
519,2,-1.6785048006783645,1.0353295674012375,0.3966096580016311,0.8090999999999999,1,0.8090999999999999,6.0,inf
519,3,-1.6785048006783645,1.0353295674012375,0.3966096580016311,0.8090999999999999,1,0.8090999999999999,6.0,inf
519,4,-1.6785048006783645,1.0353295674012375,0.3966096580016311,0.8090999999999999,1,0.8090999999999999,6.0,inf
519,5,-1.6785048006783645,1.0353295674012375,0.3966096580016311,0.8090999999999999,1,0.8090999999999999,6.0,inf
520,0,0.5138165718811238,0.6052092858858973,0.7682121217522296,2.8352999999999997,1,2.8352999999999997,6.0,inf
520,1,0.5138165718811238,0.6052092858858973,0.7682121217522296,2.8352999999999997,1,2.8352999999999997,6.0,inf
520,2,0.5138165718811238,0.6052092858858973,0.7682121217522296,2.8352999999999997,1,2.8352999999999997,6.0,inf
520,3,0.5138165718811238,0.6052092858858973,0.7682121217522296,2.8352999999999997,1,2.8352999999999997,6.0,inf
520,4,0.5138165718811238,0.6052092858858973,0.7682121217522296,2.8352999999999997,1,2.8352999999999997,6.0,inf
520,5,0.5138165718811238,0.6052092858858973,0.7682121217522296,2.8352999999999997,1,2.8352999999999997,6.0,inf
521,0,1.7353466214672593,0.5230613565908289,-0.7069455666881077,1.0695,1,1.0695,6.0,inf
521,1,1.7353466214672593,0.5230613565908289,-0.7069455666881077,1.0695,1,1.0695,6.0,inf
521,2,1.7353466214672593,0.5230613565908289,-0.7069455666881077,1.0695,1,1.0695,6.0,inf
521,3,1.7353466214672593,0.5230613565908289,-0.7069455666881077,1.0695,1,1.0695,6.0,inf
521,4,1.7353466214672593,0.5230613565908289,-0.7069455666881077,1.0695,1,1.0695,6.0,inf
521,5,1.7353466214672593,0.5230613565908289,-0.7069455666881077,1.0695,1,1.0695,6.0,inf
522,0,1.369142374100069,1.1957510525007955,0.21052417641022858,0.2541,1,0.2541,6.0,inf
522,1,1.369142374100069,1.1957510525007955,0.21052417641022858,0.2541,1,0.2541,6.0,inf
522,2,1.369142374100069,1.1957510525007955,0.21052417641022858,0.2541,1,0.2541,6.0,inf
522,3,1.369142374100069,1.1957510525007955,0.21052417641022858,0.2541,1,0.2541,6.0,inf
522,4,1.369142374100069,1.1957510525007955,0.21052417641022858,0.2541,1,0.2541,6.0,inf
522,5,1.369142374100069,1.1957510525007955,0.21052417641022858,0.2541,1,0.2541,6.0,inf
523,0,0.2412677395376237,0.4024781579456271,1.159151969500164,1.5063,1,1.5063,6.0,inf
523,1,0.2412677395376237,0.4024781579456271,1.159151969500164,1.5063,1,1.5063,6.0,inf
523,2,0.2412677395376237,0.4024781579456271,1.159151969500164,1.5063,1,1.5063,6.0,inf
523,3,0.2412677395376237,0.4024781579456271,1.159151969500164,1.5063,1,1.5063,6.0,inf
523,4,0.2412677395376237,0.4024781579456271,1.159151969500164,1.5063,1,1.5063,6.0,inf
523,5,0.2412677395376237,0.4024781579456271,1.159151969500164,1.5063,1,1.5063,6.0,inf
524,0,0.7746318136008042,0.15258128727385498,1.22933032302125,1.6322999999999999,1,1.6322999999999999,6.0,inf
524,1,0.7746318136008042,0.15258128727385498,1.22933032302125,1.6322999999999999,1,1.6322999999999999,6.0,inf
524,2,0.7746318136008042,0.15258128727385498,1.22933032302125,1.6322999999999999,1,1.6322999999999999,6.0,inf
524,3,0.7746318136008042,0.15258128727385498,1.22933032302125,1.6322999999999999,1,1.6322999999999999,6.0,inf
524,4,0.7746318136008042,0.15258128727385498,1.22933032302125,1.6322999999999999,1,1.6322999999999999,6.0,inf
524,5,0.7746318136008042,0.15258128727385498,1.22933032302125,1.6322999999999999,1,1.6322999999999999,6.0,inf
525,0,0.8078311140062752,-0.6990228230417536,0.1298564652883126,1.1885999999999999,1,1.1885999999999999,6.0,inf
525,1,0.8078311140062752,-0.6990228230417536,0.1298564652883126,1.1885999999999999,1,1.1885999999999999,6.0,inf
525,2,0.8078311140062752,-0.6990228230417536,0.1298564652883126,1.1885999999999999,1,1.1885999999999999,6.0,inf
525,3,0.8078311140062752,-0.6990228230417536,0.1298564652883126,1.1885999999999999,1,1.1885999999999999,6.0,inf
525,4,0.8078311140062752,-0.6990228230417536,0.1298564652883126,1.1885999999999999,1,1.1885999999999999,6.0,inf
525,5,0.8078311140062752,-0.6990228230417536,0.1298564652883126,1.1885999999999999,1,1.1885999999999999,6.0,inf
526,0,-0.14625287217334437,1.5412260205726187,0.2238286740997987,0.5663999999999999,1,0.5663999999999999,6.0,inf
526,1,-0.14625287217334437,1.5412260205726187,0.2238286740997987,0.5663999999999999,1,0.5663999999999999,6.0,inf
526,2,-0.14625287217334437,1.5412260205726187,0.2238286740997987,0.5663999999999999,1,0.5663999999999999,6.0,inf
526,3,-0.14625287217334437,1.5412260205726187,0.2238286740997987,0.5663999999999999,1,0.5663999999999999,6.0,inf
526,4,-0.14625287217334437,1.5412260205726187,0.2238286740997987,0.5663999999999999,1,0.5663999999999999,6.0,inf
526,5,-0.14625287217334437,1.5412260205726187,0.2238286740997987,0.5663999999999999,1,0.5663999999999999,6.0,inf
527,0,1.9627854543560819,-1.616326598792815,0.9571117848792944,2.0900999999999996,1,2.0900999999999996,6.0,inf
527,1,1.9627854543560819,-1.616326598792815,0.9571117848792944,2.0900999999999996,1,2.0900999999999996,6.0,inf
527,2,1.9627854543560819,-1.616326598792815,0.9571117848792944,2.0900999999999996,1,2.0900999999999996,6.0,inf
527,3,1.9627854543560819,-1.616326598792815,0.9571117848792944,2.0900999999999996,1,2.0900999999999996,6.0,inf
527,4,1.9627854543560819,-1.616326598792815,0.9571117848792944,2.0900999999999996,1,2.0900999999999996,6.0,inf
527,5,1.9627854543560819,-1.616326598792815,0.9571117848792944,2.0900999999999996,1,2.0900999999999996,6.0,inf
528,0,0.15357770186408468,-0.9849556589341484,-0.3322903652299009,4.508699999999999,1,4.508699999999999,6.0,inf
528,1,0.15357770186408468,-0.9849556589341484,-0.3322903652299009,4.508699999999999,1,4.508699999999999,6.0,inf
528,2,0.15357770186408468,-0.9849556589341484,-0.3322903652299009,4.508699999999999,1,4.508699999999999,6.0,inf
528,3,0.15357770186408468,-0.9849556589341484,-0.3322903652299009,4.508699999999999,1,4.508699999999999,6.0,inf
528,4,0.15357770186408468,-0.9849556589341484,-0.3322903652299009,4.508699999999999,1,4.508699999999999,6.0,inf
528,5,0.15357770186408468,-0.9849556589341484,-0.3322903652299009,4.508699999999999,1,4.508699999999999,6.0,inf
529,0,-2.024829607698518,0.16571142581696072,-0.11026946731802431,6.0,0,7.221299999999999,6.0,inf
529,1,-2.024829607698518,0.16571142581696072,-0.11026946731802431,6.0,0,7.221299999999999,6.0,inf
529,2,-2.024829607698518,0.16571142581696072,-0.11026946731802431,6.0,0,7.221299999999999,6.0,inf
529,3,-2.024829607698518,0.16571142581696072,-0.11026946731802431,6.0,0,7.221299999999999,6.0,inf
529,4,-2.024829607698518,0.16571142581696072,-0.11026946731802431,6.0,0,7.221299999999999,6.0,inf
529,5,-2.024829607698518,0.16571142581696072,-0.11026946731802431,6.0,0,7.221299999999999,6.0,inf
530,0,1.2852711664648704,-0.15228326626898298,0.01000496172391695,1.1493,1,1.1493,6.0,inf
530,1,1.2852711664648704,-0.15228326626898298,0.01000496172391695,1.1493,1,1.1493,6.0,inf
530,2,1.2852711664648704,-0.15228326626898298,0.01000496172391695,1.1493,1,1.1493,6.0,inf
530,3,1.2852711664648704,-0.15228326626898298,0.01000496172391695,1.1493,1,1.1493,6.0,inf
530,4,1.2852711664648704,-0.15228326626898298,0.01000496172391695,1.1493,1,1.1493,6.0,inf
530,5,1.2852711664648704,-0.15228326626898298,0.01000496172391695,1.1493,1,1.1493,6.0,inf
531,0,2.13625307992856,1.7819442726435464,-0.471041821536054,2.5707,1,2.5707,6.0,inf
531,1,2.13625307992856,1.7819442726435464,-0.471041821536054,2.5707,1,2.5707,6.0,inf
531,2,2.13625307992856,1.7819442726435464,-0.471041821536054,2.5707,1,2.5707,6.0,inf
531,3,2.13625307992856,1.7819442726435464,-0.471041821536054,2.5707,1,2.5707,6.0,inf
531,4,2.13625307992856,1.7819442726435464,-0.471041821536054,2.5707,1,2.5707,6.0,inf
531,5,2.13625307992856,1.7819442726435464,-0.471041821536054,2.5707,1,2.5707,6.0,inf
532,0,1.0037748183765838,0.5938142946074756,1.6871871683886592,1.0806,1,1.0806,6.0,inf
532,1,1.0037748183765838,0.5938142946074756,1.6871871683886592,1.0806,1,1.0806,6.0,inf
532,2,1.0037748183765838,0.5938142946074756,1.6871871683886592,1.0806,1,1.0806,6.0,inf
532,3,1.0037748183765838,0.5938142946074756,1.6871871683886592,1.0806,1,1.0806,6.0,inf
532,4,1.0037748183765838,0.5938142946074756,1.6871871683886592,1.0806,1,1.0806,6.0,inf
532,5,1.0037748183765838,0.5938142946074756,1.6871871683886592,1.0806,1,1.0806,6.0,inf
533,0,0.23409635095163223,-0.4980617097384591,-0.7735362732997066,1.6484999999999999,1,1.6484999999999999,6.0,inf
533,1,0.23409635095163223,-0.4980617097384591,-0.7735362732997066,1.6484999999999999,1,1.6484999999999999,6.0,inf
533,2,0.23409635095163223,-0.4980617097384591,-0.7735362732997066,1.6484999999999999,1,1.6484999999999999,6.0,inf
533,3,0.23409635095163223,-0.4980617097384591,-0.7735362732997066,1.6484999999999999,1,1.6484999999999999,6.0,inf
533,4,0.23409635095163223,-0.4980617097384591,-0.7735362732997066,1.6484999999999999,1,1.6484999999999999,6.0,inf
533,5,0.23409635095163223,-0.4980617097384591,-0.7735362732997066,1.6484999999999999,1,1.6484999999999999,6.0,inf
534,0,-0.6782661963876213,-0.21274567283343898,0.7998226255400992,1.6709999999999998,1,1.6709999999999998,6.0,inf
534,1,-0.6782661963876213,-0.21274567283343898,0.7998226255400992,1.6709999999999998,1,1.6709999999999998,6.0,inf
534,2,-0.6782661963876213,-0.21274567283343898,0.7998226255400992,1.6709999999999998,1,1.6709999999999998,6.0,inf
534,3,-0.6782661963876213,-0.21274567283343898,0.7998226255400992,1.6709999999999998,1,1.6709999999999998,6.0,inf
534,4,-0.6782661963876213,-0.21274567283343898,0.7998226255400992,1.6709999999999998,1,1.6709999999999998,6.0,inf
534,5,-0.6782661963876213,-0.21274567283343898,0.7998226255400992,1.6709999999999998,1,1.6709999999999998,6.0,inf
535,0,0.5480878747487055,0.6645953439295128,-0.6953850363696009,1.6529999999999998,1,1.6529999999999998,6.0,inf
535,1,0.5480878747487055,0.6645953439295128,-0.6953850363696009,1.6529999999999998,1,1.6529999999999998,6.0,inf
535,2,0.5480878747487055,0.6645953439295128,-0.6953850363696009,1.6529999999999998,1,1.6529999999999998,6.0,inf
535,3,0.5480878747487055,0.6645953439295128,-0.6953850363696009,1.6529999999999998,1,1.6529999999999998,6.0,inf
535,4,0.5480878747487055,0.6645953439295128,-0.6953850363696009,1.6529999999999998,1,1.6529999999999998,6.0,inf
535,5,0.5480878747487055,0.6645953439295128,-0.6953850363696009,1.6529999999999998,1,1.6529999999999998,6.0,inf
536,0,-0.8073291876993387,0.2548831042218335,-0.20032230228570302,0.18839999999999998,1,0.18839999999999998,6.0,inf
536,1,-0.8073291876993387,0.2548831042218335,-0.20032230228570302,0.18839999999999998,1,0.18839999999999998,6.0,inf
536,2,-0.8073291876993387,0.2548831042218335,-0.20032230228570302,0.18839999999999998,1,0.18839999999999998,6.0,inf
536,3,-0.8073291876993387,0.2548831042218335,-0.20032230228570302,0.18839999999999998,1,0.18839999999999998,6.0,inf
536,4,-0.8073291876993387,0.2548831042218335,-0.20032230228570302,0.18839999999999998,1,0.18839999999999998,6.0,inf
536,5,-0.8073291876993387,0.2548831042218335,-0.20032230228570302,0.18839999999999998,1,0.18839999999999998,6.0,inf
537,0,0.15231964398537734,1.2611515123570616,-1.8011107476691217,4.518599999999999,1,4.518599999999999,6.0,inf
537,1,0.15231964398537734,1.2611515123570616,-1.8011107476691217,4.518599999999999,1,4.518599999999999,6.0,inf
537,2,0.15231964398537734,1.2611515123570616,-1.8011107476691217,4.518599999999999,1,4.518599999999999,6.0,inf
537,3,0.15231964398537734,1.2611515123570616,-1.8011107476691217,4.518599999999999,1,4.518599999999999,6.0,inf
537,4,0.15231964398537734,1.2611515123570616,-1.8011107476691217,4.518599999999999,1,4.518599999999999,6.0,inf
537,5,0.15231964398537734,1.2611515123570616,-1.8011107476691217,4.518599999999999,1,4.518599999999999,6.0,inf
538,0,-0.08770715762615061,-0.9792023552457152,0.6669389848397154,5.216399999999999,1,5.216399999999999,6.0,inf
538,1,-0.08770715762615061,-0.9792023552457152,0.6669389848397154,5.216399999999999,1,5.216399999999999,6.0,inf
538,2,-0.08770715762615061,-0.9792023552457152,0.6669389848397154,5.216399999999999,1,5.216399999999999,6.0,inf
538,3,-0.08770715762615061,-0.9792023552457152,0.6669389848397154,5.216399999999999,1,5.216399999999999,6.0,inf
538,4,-0.08770715762615061,-0.9792023552457152,0.6669389848397154,5.216399999999999,1,5.216399999999999,6.0,inf
538,5,-0.08770715762615061,-0.9792023552457152,0.6669389848397154,5.216399999999999,1,5.216399999999999,6.0,inf
539,0,-1.0240724197934057,-0.3435038697887142,0.3809747717543725,6.0,0,7.658099999999999,6.0,inf
539,1,-1.0240724197934057,-0.3435038697887142,0.3809747717543725,6.0,0,7.658099999999999,6.0,inf
539,2,-1.0240724197934057,-0.3435038697887142,0.3809747717543725,6.0,0,7.658099999999999,6.0,inf
539,3,-1.0240724197934057,-0.3435038697887142,0.3809747717543725,6.0,0,7.658099999999999,6.0,inf
539,4,-1.0240724197934057,-0.3435038697887142,0.3809747717543725,6.0,0,7.658099999999999,6.0,inf
539,5,-1.0240724197934057,-0.3435038697887142,0.3809747717543725,6.0,0,7.658099999999999,6.0,inf
540,0,-0.7043251305483269,-0.5728219504299112,0.04754407886800718,0.357,1,0.357,6.0,inf
540,1,-0.7043251305483269,-0.5728219504299112,0.04754407886800718,0.357,1,0.357,6.0,inf
540,2,-0.7043251305483269,-0.5728219504299112,0.04754407886800718,0.357,1,0.357,6.0,inf
540,3,-0.7043251305483269,-0.5728219504299112,0.04754407886800718,0.357,1,0.357,6.0,inf
540,4,-0.7043251305483269,-0.5728219504299112,0.04754407886800718,0.357,1,0.357,6.0,inf
540,5,-0.7043251305483269,-0.5728219504299112,0.04754407886800718,0.357,1,0.357,6.0,inf
541,0,-1.0728898460238463,-0.08385064184282022,1.1467755188083868,0.7376999999999999,1,0.7376999999999999,6.0,inf
541,1,-1.0728898460238463,-0.08385064184282022,1.1467755188083868,0.7376999999999999,1,0.7376999999999999,6.0,inf
541,2,-1.0728898460238463,-0.08385064184282022,1.1467755188083868,0.7376999999999999,1,0.7376999999999999,6.0,inf
541,3,-1.0728898460238463,-0.08385064184282022,1.1467755188083868,0.7376999999999999,1,0.7376999999999999,6.0,inf
541,4,-1.0728898460238463,-0.08385064184282022,1.1467755188083868,0.7376999999999999,1,0.7376999999999999,6.0,inf
541,5,-1.0728898460238463,-0.08385064184282022,1.1467755188083868,0.7376999999999999,1,0.7376999999999999,6.0,inf
542,0,-0.909315144976245,-1.0144517916609417,0.35321249434799645,6.0,0,7.281299999999999,6.0,inf
542,1,-0.909315144976245,-1.0144517916609417,0.35321249434799645,6.0,0,7.281299999999999,6.0,inf
542,2,-0.909315144976245,-1.0144517916609417,0.35321249434799645,6.0,0,7.281299999999999,6.0,inf
542,3,-0.909315144976245,-1.0144517916609417,0.35321249434799645,6.0,0,7.281299999999999,6.0,inf
542,4,-0.909315144976245,-1.0144517916609417,0.35321249434799645,6.0,0,7.281299999999999,6.0,inf
542,5,-0.909315144976245,-1.0144517916609417,0.35321249434799645,6.0,0,7.281299999999999,6.0,inf
543,0,-0.3850577845491194,-0.29814627070038874,-0.7441648996079941,6.0,0,8.0001,6.0,inf
543,1,-0.3850577845491194,-0.29814627070038874,-0.7441648996079941,6.0,0,8.0001,6.0,inf
543,2,-0.3850577845491194,-0.29814627070038874,-0.7441648996079941,6.0,0,8.0001,6.0,inf
543,3,-0.3850577845491194,-0.29814627070038874,-0.7441648996079941,6.0,0,8.0001,6.0,inf
543,4,-0.3850577845491194,-0.29814627070038874,-0.7441648996079941,6.0,0,8.0001,6.0,inf
543,5,-0.3850577845491194,-0.29814627070038874,-0.7441648996079941,6.0,0,8.0001,6.0,inf
544,0,-0.29597676787193516,-1.6251952590477996,-0.626336090132048,6.0,0,8.0001,6.0,inf
544,1,-0.29597676787193516,-1.6251952590477996,-0.626336090132048,6.0,0,8.0001,6.0,inf
544,2,-0.29597676787193516,-1.6251952590477996,-0.626336090132048,6.0,0,8.0001,6.0,inf
544,3,-0.29597676787193516,-1.6251952590477996,-0.626336090132048,6.0,0,8.0001,6.0,inf
544,4,-0.29597676787193516,-1.6251952590477996,-0.626336090132048,6.0,0,8.0001,6.0,inf
544,5,-0.29597676787193516,-1.6251952590477996,-0.626336090132048,6.0,0,8.0001,6.0,inf
545,0,-2.0462471535837263,-1.3096905071384775,-0.30853660938433325,6.0,0,8.0001,6.0,inf
545,1,-2.0462471535837263,-1.3096905071384775,-0.30853660938433325,6.0,0,8.0001,6.0,inf
545,2,-2.0462471535837263,-1.3096905071384775,-0.30853660938433325,6.0,0,8.0001,6.0,inf
545,3,-2.0462471535837263,-1.3096905071384775,-0.30853660938433325,6.0,0,8.0001,6.0,inf
545,4,-2.0462471535837263,-1.3096905071384775,-0.30853660938433325,6.0,0,8.0001,6.0,inf
545,5,-2.0462471535837263,-1.3096905071384775,-0.30853660938433325,6.0,0,8.0001,6.0,inf
546,0,0.030774097140463638,1.104448683948263,0.7928340651531821,1.2893999999999999,1,1.2893999999999999,6.0,inf
546,1,0.030774097140463638,1.104448683948263,0.7928340651531821,1.2893999999999999,1,1.2893999999999999,6.0,inf
546,2,0.030774097140463638,1.104448683948263,0.7928340651531821,1.2893999999999999,1,1.2893999999999999,6.0,inf
546,3,0.030774097140463638,1.104448683948263,0.7928340651531821,1.2893999999999999,1,1.2893999999999999,6.0,inf
546,4,0.030774097140463638,1.104448683948263,0.7928340651531821,1.2893999999999999,1,1.2893999999999999,6.0,inf
546,5,0.030774097140463638,1.104448683948263,0.7928340651531821,1.2893999999999999,1,1.2893999999999999,6.0,inf
547,0,0.010890728127459528,-1.1972333867717468,-2.072421102888565,6.0,0,8.0001,6.0,inf
547,1,0.010890728127459528,-1.1972333867717468,-2.072421102888565,6.0,0,8.0001,6.0,inf
547,2,0.010890728127459528,-1.1972333867717468,-2.072421102888565,6.0,0,8.0001,6.0,inf
547,3,0.010890728127459528,-1.1972333867717468,-2.072421102888565,6.0,0,8.0001,6.0,inf
547,4,0.010890728127459528,-1.1972333867717468,-2.072421102888565,6.0,0,8.0001,6.0,inf
547,5,0.010890728127459528,-1.1972333867717468,-2.072421102888565,6.0,0,8.0001,6.0,inf
548,0,-1.8558624001117752,0.6571099275856399,2.052630532449109,1.1451,1,1.1451,6.0,inf
548,1,-1.8558624001117752,0.6571099275856399,2.052630532449109,1.1451,1,1.1451,6.0,inf
548,2,-1.8558624001117752,0.6571099275856399,2.052630532449109,1.1451,1,1.1451,6.0,inf
548,3,-1.8558624001117752,0.6571099275856399,2.052630532449109,1.1451,1,1.1451,6.0,inf
548,4,-1.8558624001117752,0.6571099275856399,2.052630532449109,1.1451,1,1.1451,6.0,inf
548,5,-1.8558624001117752,0.6571099275856399,2.052630532449109,1.1451,1,1.1451,6.0,inf
549,0,-0.7810699365438191,-0.7699889240590251,-0.3163126864846379,6.0,0,8.0001,6.0,inf
549,1,-0.7810699365438191,-0.7699889240590251,-0.3163126864846379,6.0,0,8.0001,6.0,inf
549,2,-0.7810699365438191,-0.7699889240590251,-0.3163126864846379,6.0,0,8.0001,6.0,inf
549,3,-0.7810699365438191,-0.7699889240590251,-0.3163126864846379,6.0,0,8.0001,6.0,inf
549,4,-0.7810699365438191,-0.7699889240590251,-0.3163126864846379,6.0,0,8.0001,6.0,inf
549,5,-0.7810699365438191,-0.7699889240590251,-0.3163126864846379,6.0,0,8.0001,6.0,inf
550,0,-0.023265656936472406,0.741385453582029,-0.20176031671362918,1.6592999999999998,1,1.6592999999999998,6.0,inf
550,1,-0.023265656936472406,0.741385453582029,-0.20176031671362918,1.6592999999999998,1,1.6592999999999998,6.0,inf
550,2,-0.023265656936472406,0.741385453582029,-0.20176031671362918,1.6592999999999998,1,1.6592999999999998,6.0,inf
550,3,-0.023265656936472406,0.741385453582029,-0.20176031671362918,1.6592999999999998,1,1.6592999999999998,6.0,inf
550,4,-0.023265656936472406,0.741385453582029,-0.20176031671362918,1.6592999999999998,1,1.6592999999999998,6.0,inf
550,5,-0.023265656936472406,0.741385453582029,-0.20176031671362918,1.6592999999999998,1,1.6592999999999998,6.0,inf
551,0,-0.523566440883383,-1.5514911316168831,2.3401170218200527,2.832,1,2.832,6.0,inf
551,1,-0.523566440883383,-1.5514911316168831,2.3401170218200527,2.832,1,2.832,6.0,inf
551,2,-0.523566440883383,-1.5514911316168831,2.3401170218200527,2.832,1,2.832,6.0,inf
551,3,-0.523566440883383,-1.5514911316168831,2.3401170218200527,2.832,1,2.832,6.0,inf
551,4,-0.523566440883383,-1.5514911316168831,2.3401170218200527,2.832,1,2.832,6.0,inf
551,5,-0.523566440883383,-1.5514911316168831,2.3401170218200527,2.832,1,2.832,6.0,inf
552,0,-0.3091392025029296,-0.6294013626568387,-0.7649729290286835,4.400099999999999,1,4.400099999999999,6.0,inf
552,1,-0.3091392025029296,-0.6294013626568387,-0.7649729290286835,4.400099999999999,1,4.400099999999999,6.0,inf
552,2,-0.3091392025029296,-0.6294013626568387,-0.7649729290286835,4.400099999999999,1,4.400099999999999,6.0,inf
552,3,-0.3091392025029296,-0.6294013626568387,-0.7649729290286835,4.400099999999999,1,4.400099999999999,6.0,inf
552,4,-0.3091392025029296,-0.6294013626568387,-0.7649729290286835,4.400099999999999,1,4.400099999999999,6.0,inf
552,5,-0.3091392025029296,-0.6294013626568387,-0.7649729290286835,4.400099999999999,1,4.400099999999999,6.0,inf
553,0,2.042556757360381,0.4704057128136182,0.7326532462834677,1.0658999999999998,1,1.0658999999999998,6.0,inf
553,1,2.042556757360381,0.4704057128136182,0.7326532462834677,1.0658999999999998,1,1.0658999999999998,6.0,inf
553,2,2.042556757360381,0.4704057128136182,0.7326532462834677,1.0658999999999998,1,1.0658999999999998,6.0,inf
553,3,2.042556757360381,0.4704057128136182,0.7326532462834677,1.0658999999999998,1,1.0658999999999998,6.0,inf
553,4,2.042556757360381,0.4704057128136182,0.7326532462834677,1.0658999999999998,1,1.0658999999999998,6.0,inf
553,5,2.042556757360381,0.4704057128136182,0.7326532462834677,1.0658999999999998,1,1.0658999999999998,6.0,inf
554,0,-0.41301505483899,0.8764186132293827,0.8116214865100964,3.8042999999999996,1,3.8042999999999996,6.0,inf
554,1,-0.41301505483899,0.8764186132293827,0.8116214865100964,3.8042999999999996,1,3.8042999999999996,6.0,inf
554,2,-0.41301505483899,0.8764186132293827,0.8116214865100964,3.8042999999999996,1,3.8042999999999996,6.0,inf
554,3,-0.41301505483899,0.8764186132293827,0.8116214865100964,3.8042999999999996,1,3.8042999999999996,6.0,inf
554,4,-0.41301505483899,0.8764186132293827,0.8116214865100964,3.8042999999999996,1,3.8042999999999996,6.0,inf
554,5,-0.41301505483899,0.8764186132293827,0.8116214865100964,3.8042999999999996,1,3.8042999999999996,6.0,inf
555,0,-1.4416440442721,-0.22886464416193222,-0.2603141953020611,1.7631,1,1.7631,6.0,inf
555,1,-1.4416440442721,-0.22886464416193222,-0.2603141953020611,1.7631,1,1.7631,6.0,inf
555,2,-1.4416440442721,-0.22886464416193222,-0.2603141953020611,1.7631,1,1.7631,6.0,inf
555,3,-1.4416440442721,-0.22886464416193222,-0.2603141953020611,1.7631,1,1.7631,6.0,inf
555,4,-1.4416440442721,-0.22886464416193222,-0.2603141953020611,1.7631,1,1.7631,6.0,inf
555,5,-1.4416440442721,-0.22886464416193222,-0.2603141953020611,1.7631,1,1.7631,6.0,inf
556,0,0.1830428263712733,0.39592232295320284,-1.3328121696887358,4.301699999999999,1,4.301699999999999,6.0,inf
556,1,0.1830428263712733,0.39592232295320284,-1.3328121696887358,4.301699999999999,1,4.301699999999999,6.0,inf
556,2,0.1830428263712733,0.39592232295320284,-1.3328121696887358,4.301699999999999,1,4.301699999999999,6.0,inf
556,3,0.1830428263712733,0.39592232295320284,-1.3328121696887358,4.301699999999999,1,4.301699999999999,6.0,inf
556,4,0.1830428263712733,0.39592232295320284,-1.3328121696887358,4.301699999999999,1,4.301699999999999,6.0,inf
556,5,0.1830428263712733,0.39592232295320284,-1.3328121696887358,4.301699999999999,1,4.301699999999999,6.0,inf
557,0,-1.309988398630141,1.4842720116821753,0.029111424095060987,1.3152,1,1.3152,6.0,inf
557,1,-1.309988398630141,1.4842720116821753,0.029111424095060987,1.3152,1,1.3152,6.0,inf
557,2,-1.309988398630141,1.4842720116821753,0.029111424095060987,1.3152,1,1.3152,6.0,inf
557,3,-1.309988398630141,1.4842720116821753,0.029111424095060987,1.3152,1,1.3152,6.0,inf
557,4,-1.309988398630141,1.4842720116821753,0.029111424095060987,1.3152,1,1.3152,6.0,inf
557,5,-1.309988398630141,1.4842720116821753,0.029111424095060987,1.3152,1,1.3152,6.0,inf
558,0,-0.24892363521728963,-1.6117208930836806,1.935150633787156,2.7800999999999996,1,2.7800999999999996,6.0,inf
558,1,-0.24892363521728963,-1.6117208930836806,1.935150633787156,2.7800999999999996,1,2.7800999999999996,6.0,inf
558,2,-0.24892363521728963,-1.6117208930836806,1.935150633787156,2.7800999999999996,1,2.7800999999999996,6.0,inf
558,3,-0.24892363521728963,-1.6117208930836806,1.935150633787156,2.7800999999999996,1,2.7800999999999996,6.0,inf
558,4,-0.24892363521728963,-1.6117208930836806,1.935150633787156,2.7800999999999996,1,2.7800999999999996,6.0,inf
558,5,-0.24892363521728963,-1.6117208930836806,1.935150633787156,2.7800999999999996,1,2.7800999999999996,6.0,inf
559,0,-0.1598757738102863,0.5018612508140157,-0.6438752719495646,0.39089999999999997,1,0.39089999999999997,6.0,inf
559,1,-0.1598757738102863,0.5018612508140157,-0.6438752719495646,0.39089999999999997,1,0.39089999999999997,6.0,inf
559,2,-0.1598757738102863,0.5018612508140157,-0.6438752719495646,0.39089999999999997,1,0.39089999999999997,6.0,inf
559,3,-0.1598757738102863,0.5018612508140157,-0.6438752719495646,0.39089999999999997,1,0.39089999999999997,6.0,inf
559,4,-0.1598757738102863,0.5018612508140157,-0.6438752719495646,0.39089999999999997,1,0.39089999999999997,6.0,inf
559,5,-0.1598757738102863,0.5018612508140157,-0.6438752719495646,0.39089999999999997,1,0.39089999999999997,6.0,inf
560,0,0.08157045763454222,1.204385894732828,-1.5843431812168192,6.0,0,8.0001,6.0,inf
560,1,0.08157045763454222,1.204385894732828,-1.5843431812168192,6.0,0,8.0001,6.0,inf
560,2,0.08157045763454222,1.204385894732828,-1.5843431812168192,6.0,0,8.0001,6.0,inf
560,3,0.08157045763454222,1.204385894732828,-1.5843431812168192,6.0,0,8.0001,6.0,inf
560,4,0.08157045763454222,1.204385894732828,-1.5843431812168192,6.0,0,8.0001,6.0,inf
560,5,0.08157045763454222,1.204385894732828,-1.5843431812168192,6.0,0,8.0001,6.0,inf
561,0,-1.9671798557027347,0.7040488817541156,-0.43989525492971837,1.6226999999999998,1,1.6226999999999998,6.0,inf
561,1,-1.9671798557027347,0.7040488817541156,-0.43989525492971837,1.6226999999999998,1,1.6226999999999998,6.0,inf
561,2,-1.9671798557027347,0.7040488817541156,-0.43989525492971837,1.6226999999999998,1,1.6226999999999998,6.0,inf
561,3,-1.9671798557027347,0.7040488817541156,-0.43989525492971837,1.6226999999999998,1,1.6226999999999998,6.0,inf
561,4,-1.9671798557027347,0.7040488817541156,-0.43989525492971837,1.6226999999999998,1,1.6226999999999998,6.0,inf
561,5,-1.9671798557027347,0.7040488817541156,-0.43989525492971837,1.6226999999999998,1,1.6226999999999998,6.0,inf
562,0,-0.43646506900344745,-0.43481437209643287,-0.5686837213943071,5.7162,1,5.7162,6.0,inf
562,1,-0.43646506900344745,-0.43481437209643287,-0.5686837213943071,5.7162,1,5.7162,6.0,inf
562,2,-0.43646506900344745,-0.43481437209643287,-0.5686837213943071,5.7162,1,5.7162,6.0,inf
562,3,-0.43646506900344745,-0.43481437209643287,-0.5686837213943071,5.7162,1,5.7162,6.0,inf
562,4,-0.43646506900344745,-0.43481437209643287,-0.5686837213943071,5.7162,1,5.7162,6.0,inf
562,5,-0.43646506900344745,-0.43481437209643287,-0.5686837213943071,5.7162,1,5.7162,6.0,inf
563,0,-1.2976490476693086,-0.9018956500361434,0.546981259727421,6.0,0,6.4517999999999995,6.0,inf
563,1,-1.2976490476693086,-0.9018956500361434,0.546981259727421,6.0,0,6.4517999999999995,6.0,inf
563,2,-1.2976490476693086,-0.9018956500361434,0.546981259727421,6.0,0,6.4517999999999995,6.0,inf
563,3,-1.2976490476693086,-0.9018956500361434,0.546981259727421,6.0,0,6.4517999999999995,6.0,inf
563,4,-1.2976490476693086,-0.9018956500361434,0.546981259727421,6.0,0,6.4517999999999995,6.0,inf
563,5,-1.2976490476693086,-0.9018956500361434,0.546981259727421,6.0,0,6.4517999999999995,6.0,inf
564,0,0.8002739869461061,0.21447530941569506,0.3402511655992763,0.30539999999999995,1,0.30539999999999995,6.0,inf
564,1,0.8002739869461061,0.21447530941569506,0.3402511655992763,0.30539999999999995,1,0.30539999999999995,6.0,inf
564,2,0.8002739869461061,0.21447530941569506,0.3402511655992763,0.30539999999999995,1,0.30539999999999995,6.0,inf
564,3,0.8002739869461061,0.21447530941569506,0.3402511655992763,0.30539999999999995,1,0.30539999999999995,6.0,inf
564,4,0.8002739869461061,0.21447530941569506,0.3402511655992763,0.30539999999999995,1,0.30539999999999995,6.0,inf
564,5,0.8002739869461061,0.21447530941569506,0.3402511655992763,0.30539999999999995,1,0.30539999999999995,6.0,inf
565,0,0.11683414105377055,-1.2956072260690334,-0.8625383354611695,2.0073,1,2.0073,6.0,inf
565,1,0.11683414105377055,-1.2956072260690334,-0.8625383354611695,2.0073,1,2.0073,6.0,inf
565,2,0.11683414105377055,-1.2956072260690334,-0.8625383354611695,2.0073,1,2.0073,6.0,inf
565,3,0.11683414105377055,-1.2956072260690334,-0.8625383354611695,2.0073,1,2.0073,6.0,inf
565,4,0.11683414105377055,-1.2956072260690334,-0.8625383354611695,2.0073,1,2.0073,6.0,inf
565,5,0.11683414105377055,-1.2956072260690334,-0.8625383354611695,2.0073,1,2.0073,6.0,inf
566,0,-0.33080098768995037,0.21264101515752537,2.4562490898449276,1.0010999999999999,1,1.0010999999999999,6.0,inf
566,1,-0.33080098768995037,0.21264101515752537,2.4562490898449276,1.0010999999999999,1,1.0010999999999999,6.0,inf
566,2,-0.33080098768995037,0.21264101515752537,2.4562490898449276,1.0010999999999999,1,1.0010999999999999,6.0,inf
566,3,-0.33080098768995037,0.21264101515752537,2.4562490898449276,1.0010999999999999,1,1.0010999999999999,6.0,inf
566,4,-0.33080098768995037,0.21264101515752537,2.4562490898449276,1.0010999999999999,1,1.0010999999999999,6.0,inf
566,5,-0.33080098768995037,0.21264101515752537,2.4562490898449276,1.0010999999999999,1,1.0010999999999999,6.0,inf
567,0,-1.1859726404209454,0.772624044384885,0.7310365327372197,5.9117999999999995,1,5.9117999999999995,6.0,inf
567,1,-1.1859726404209454,0.772624044384885,0.7310365327372197,5.9117999999999995,1,5.9117999999999995,6.0,inf
567,2,-1.1859726404209454,0.772624044384885,0.7310365327372197,5.9117999999999995,1,5.9117999999999995,6.0,inf
567,3,-1.1859726404209454,0.772624044384885,0.7310365327372197,5.9117999999999995,1,5.9117999999999995,6.0,inf
567,4,-1.1859726404209454,0.772624044384885,0.7310365327372197,5.9117999999999995,1,5.9117999999999995,6.0,inf
567,5,-1.1859726404209454,0.772624044384885,0.7310365327372197,5.9117999999999995,1,5.9117999999999995,6.0,inf
568,0,-1.3027713946645394,-1.3842019012693914,-0.6308989229473317,6.0,0,8.0001,6.0,inf
568,1,-1.3027713946645394,-1.3842019012693914,-0.6308989229473317,6.0,0,8.0001,6.0,inf
568,2,-1.3027713946645394,-1.3842019012693914,-0.6308989229473317,6.0,0,8.0001,6.0,inf
568,3,-1.3027713946645394,-1.3842019012693914,-0.6308989229473317,6.0,0,8.0001,6.0,inf
568,4,-1.3027713946645394,-1.3842019012693914,-0.6308989229473317,6.0,0,8.0001,6.0,inf
568,5,-1.3027713946645394,-1.3842019012693914,-0.6308989229473317,6.0,0,8.0001,6.0,inf
569,0,1.0441316004228371,1.5976600747812417,-0.42137131343556866,1.3329,1,1.3329,6.0,inf
569,1,1.0441316004228371,1.5976600747812417,-0.42137131343556866,1.3329,1,1.3329,6.0,inf
569,2,1.0441316004228371,1.5976600747812417,-0.42137131343556866,1.3329,1,1.3329,6.0,inf
569,3,1.0441316004228371,1.5976600747812417,-0.42137131343556866,1.3329,1,1.3329,6.0,inf
569,4,1.0441316004228371,1.5976600747812417,-0.42137131343556866,1.3329,1,1.3329,6.0,inf
569,5,1.0441316004228371,1.5976600747812417,-0.42137131343556866,1.3329,1,1.3329,6.0,inf
570,0,-1.595779886889016,1.28883421240362,-1.450776565406198,0.9207,1,0.9207,6.0,inf
570,1,-1.595779886889016,1.28883421240362,-1.450776565406198,0.9207,1,0.9207,6.0,inf
570,2,-1.595779886889016,1.28883421240362,-1.450776565406198,0.9207,1,0.9207,6.0,inf
570,3,-1.595779886889016,1.28883421240362,-1.450776565406198,0.9207,1,0.9207,6.0,inf
570,4,-1.595779886889016,1.28883421240362,-1.450776565406198,0.9207,1,0.9207,6.0,inf
570,5,-1.595779886889016,1.28883421240362,-1.450776565406198,0.9207,1,0.9207,6.0,inf
571,0,-0.9794637148119784,-0.988537521194852,0.14942565101184127,6.0,0,8.0001,6.0,inf
571,1,-0.9794637148119784,-0.988537521194852,0.14942565101184127,6.0,0,8.0001,6.0,inf
571,2,-0.9794637148119784,-0.988537521194852,0.14942565101184127,6.0,0,8.0001,6.0,inf
571,3,-0.9794637148119784,-0.988537521194852,0.14942565101184127,6.0,0,8.0001,6.0,inf
571,4,-0.9794637148119784,-0.988537521194852,0.14942565101184127,6.0,0,8.0001,6.0,inf
571,5,-0.9794637148119784,-0.988537521194852,0.14942565101184127,6.0,0,8.0001,6.0,inf
572,0,-0.5457671430559143,-0.05495068021999575,0.6926520295106743,5.849099999999999,1,5.849099999999999,6.0,inf
572,1,-0.5457671430559143,-0.05495068021999575,0.6926520295106743,5.849099999999999,1,5.849099999999999,6.0,inf
572,2,-0.5457671430559143,-0.05495068021999575,0.6926520295106743,5.849099999999999,1,5.849099999999999,6.0,inf
572,3,-0.5457671430559143,-0.05495068021999575,0.6926520295106743,5.849099999999999,1,5.849099999999999,6.0,inf
572,4,-0.5457671430559143,-0.05495068021999575,0.6926520295106743,5.849099999999999,1,5.849099999999999,6.0,inf
572,5,-0.5457671430559143,-0.05495068021999575,0.6926520295106743,5.849099999999999,1,5.849099999999999,6.0,inf
573,0,0.0537068954821516,-0.9485423696443473,-0.15925053498571023,3.8337,1,3.8337,6.0,inf
573,1,0.0537068954821516,-0.9485423696443473,-0.15925053498571023,3.8337,1,3.8337,6.0,inf
573,2,0.0537068954821516,-0.9485423696443473,-0.15925053498571023,3.8337,1,3.8337,6.0,inf
573,3,0.0537068954821516,-0.9485423696443473,-0.15925053498571023,3.8337,1,3.8337,6.0,inf
573,4,0.0537068954821516,-0.9485423696443473,-0.15925053498571023,3.8337,1,3.8337,6.0,inf
573,5,0.0537068954821516,-0.9485423696443473,-0.15925053498571023,3.8337,1,3.8337,6.0,inf
574,0,-1.4490797152660813,-1.8407248007900818,-1.4002275586680868,6.0,0,8.0001,6.0,inf
574,1,-1.4490797152660813,-1.8407248007900818,-1.4002275586680868,6.0,0,8.0001,6.0,inf
574,2,-1.4490797152660813,-1.8407248007900818,-1.4002275586680868,6.0,0,8.0001,6.0,inf
574,3,-1.4490797152660813,-1.8407248007900818,-1.4002275586680868,6.0,0,8.0001,6.0,inf
574,4,-1.4490797152660813,-1.8407248007900818,-1.4002275586680868,6.0,0,8.0001,6.0,inf
574,5,-1.4490797152660813,-1.8407248007900818,-1.4002275586680868,6.0,0,8.0001,6.0,inf
575,0,0.15424995524825783,2.0227237572796573,0.6647573228655149,0.38309999999999994,1,0.38309999999999994,6.0,inf
575,1,0.15424995524825783,2.0227237572796573,0.6647573228655149,0.38309999999999994,1,0.38309999999999994,6.0,inf
575,2,0.15424995524825783,2.0227237572796573,0.6647573228655149,0.38309999999999994,1,0.38309999999999994,6.0,inf
575,3,0.15424995524825783,2.0227237572796573,0.6647573228655149,0.38309999999999994,1,0.38309999999999994,6.0,inf
575,4,0.15424995524825783,2.0227237572796573,0.6647573228655149,0.38309999999999994,1,0.38309999999999994,6.0,inf
575,5,0.15424995524825783,2.0227237572796573,0.6647573228655149,0.38309999999999994,1,0.38309999999999994,6.0,inf
576,0,0.3635177562185199,0.6573812076610627,1.8497284730004644,1.0541999999999998,1,1.0541999999999998,6.0,inf
576,1,0.3635177562185199,0.6573812076610627,1.8497284730004644,1.0541999999999998,1,1.0541999999999998,6.0,inf
576,2,0.3635177562185199,0.6573812076610627,1.8497284730004644,1.0541999999999998,1,1.0541999999999998,6.0,inf
576,3,0.3635177562185199,0.6573812076610627,1.8497284730004644,1.0541999999999998,1,1.0541999999999998,6.0,inf
576,4,0.3635177562185199,0.6573812076610627,1.8497284730004644,1.0541999999999998,1,1.0541999999999998,6.0,inf
576,5,0.3635177562185199,0.6573812076610627,1.8497284730004644,1.0541999999999998,1,1.0541999999999998,6.0,inf
577,0,-1.6278835911305811,0.9685075531122971,1.63720547441135,1.7219999999999998,1,1.7219999999999998,6.0,inf
577,1,-1.6278835911305811,0.9685075531122971,1.63720547441135,1.7219999999999998,1,1.7219999999999998,6.0,inf
577,2,-1.6278835911305811,0.9685075531122971,1.63720547441135,1.7219999999999998,1,1.7219999999999998,6.0,inf
577,3,-1.6278835911305811,0.9685075531122971,1.63720547441135,1.7219999999999998,1,1.7219999999999998,6.0,inf
577,4,-1.6278835911305811,0.9685075531122971,1.63720547441135,1.7219999999999998,1,1.7219999999999998,6.0,inf
577,5,-1.6278835911305811,0.9685075531122971,1.63720547441135,1.7219999999999998,1,1.7219999999999998,6.0,inf
578,0,1.0140306153672654,-0.8849072460207579,-0.4581970883343762,0.47339999999999993,1,0.47339999999999993,6.0,inf
578,1,1.0140306153672654,-0.8849072460207579,-0.4581970883343762,0.47339999999999993,1,0.47339999999999993,6.0,inf
578,2,1.0140306153672654,-0.8849072460207579,-0.4581970883343762,0.47339999999999993,1,0.47339999999999993,6.0,inf
578,3,1.0140306153672654,-0.8849072460207579,-0.4581970883343762,0.47339999999999993,1,0.47339999999999993,6.0,inf
578,4,1.0140306153672654,-0.8849072460207579,-0.4581970883343762,0.47339999999999993,1,0.47339999999999993,6.0,inf
578,5,1.0140306153672654,-0.8849072460207579,-0.4581970883343762,0.47339999999999993,1,0.47339999999999993,6.0,inf
579,0,0.2650612845376808,0.35350471845443304,2.5212665946927086,0.7281,1,0.7281,6.0,inf
579,1,0.2650612845376808,0.35350471845443304,2.5212665946927086,0.7281,1,0.7281,6.0,inf
579,2,0.2650612845376808,0.35350471845443304,2.5212665946927086,0.7281,1,0.7281,6.0,inf
579,3,0.2650612845376808,0.35350471845443304,2.5212665946927086,0.7281,1,0.7281,6.0,inf
579,4,0.2650612845376808,0.35350471845443304,2.5212665946927086,0.7281,1,0.7281,6.0,inf
579,5,0.2650612845376808,0.35350471845443304,2.5212665946927086,0.7281,1,0.7281,6.0,inf
580,0,0.9492380865644253,1.4133377015540325,1.3033457572439915,1.0496999999999999,1,1.0496999999999999,6.0,inf
580,1,0.9492380865644253,1.4133377015540325,1.3033457572439915,1.0496999999999999,1,1.0496999999999999,6.0,inf
580,2,0.9492380865644253,1.4133377015540325,1.3033457572439915,1.0496999999999999,1,1.0496999999999999,6.0,inf
580,3,0.9492380865644253,1.4133377015540325,1.3033457572439915,1.0496999999999999,1,1.0496999999999999,6.0,inf
580,4,0.9492380865644253,1.4133377015540325,1.3033457572439915,1.0496999999999999,1,1.0496999999999999,6.0,inf
580,5,0.9492380865644253,1.4133377015540325,1.3033457572439915,1.0496999999999999,1,1.0496999999999999,6.0,inf
581,0,-1.4962085229378888,1.0539911512709013,0.5697032065260369,2.2493999999999996,1,2.2493999999999996,6.0,inf
581,1,-1.4962085229378888,1.0539911512709013,0.5697032065260369,2.2493999999999996,1,2.2493999999999996,6.0,inf
581,2,-1.4962085229378888,1.0539911512709013,0.5697032065260369,2.2493999999999996,1,2.2493999999999996,6.0,inf
581,3,-1.4962085229378888,1.0539911512709013,0.5697032065260369,2.2493999999999996,1,2.2493999999999996,6.0,inf
581,4,-1.4962085229378888,1.0539911512709013,0.5697032065260369,2.2493999999999996,1,2.2493999999999996,6.0,inf
581,5,-1.4962085229378888,1.0539911512709013,0.5697032065260369,2.2493999999999996,1,2.2493999999999996,6.0,inf
582,0,-0.3832844834899981,0.6638379612542928,-0.6615552648919574,6.0,0,8.0001,6.0,inf
582,1,-0.3832844834899981,0.6638379612542928,-0.6615552648919574,6.0,0,8.0001,6.0,inf
582,2,-0.3832844834899981,0.6638379612542928,-0.6615552648919574,6.0,0,8.0001,6.0,inf
582,3,-0.3832844834899981,0.6638379612542928,-0.6615552648919574,6.0,0,8.0001,6.0,inf
582,4,-0.3832844834899981,0.6638379612542928,-0.6615552648919574,6.0,0,8.0001,6.0,inf
582,5,-0.3832844834899981,0.6638379612542928,-0.6615552648919574,6.0,0,8.0001,6.0,inf
583,0,-1.2789484530660868,0.4149963156575978,-1.9832659241862476,6.0,0,8.0001,6.0,inf
583,1,-1.2789484530660868,0.4149963156575978,-1.9832659241862476,6.0,0,8.0001,6.0,inf
583,2,-1.2789484530660868,0.4149963156575978,-1.9832659241862476,6.0,0,8.0001,6.0,inf
583,3,-1.2789484530660868,0.4149963156575978,-1.9832659241862476,6.0,0,8.0001,6.0,inf
583,4,-1.2789484530660868,0.4149963156575978,-1.9832659241862476,6.0,0,8.0001,6.0,inf
583,5,-1.2789484530660868,0.4149963156575978,-1.9832659241862476,6.0,0,8.0001,6.0,inf
584,0,0.997002189295513,0.9840814239630348,0.9283112578650954,0.6888,1,0.6888,6.0,inf
584,1,0.997002189295513,0.9840814239630348,0.9283112578650954,0.6888,1,0.6888,6.0,inf
584,2,0.997002189295513,0.9840814239630348,0.9283112578650954,0.6888,1,0.6888,6.0,inf
584,3,0.997002189295513,0.9840814239630348,0.9283112578650954,0.6888,1,0.6888,6.0,inf
584,4,0.997002189295513,0.9840814239630348,0.9283112578650954,0.6888,1,0.6888,6.0,inf
584,5,0.997002189295513,0.9840814239630348,0.9283112578650954,0.6888,1,0.6888,6.0,inf
585,0,-1.535448436368046,0.47873043881855437,-0.0734159081452645,6.0,0,8.0001,6.0,inf
585,1,-1.535448436368046,0.47873043881855437,-0.0734159081452645,6.0,0,8.0001,6.0,inf
585,2,-1.535448436368046,0.47873043881855437,-0.0734159081452645,6.0,0,8.0001,6.0,inf
585,3,-1.535448436368046,0.47873043881855437,-0.0734159081452645,6.0,0,8.0001,6.0,inf
585,4,-1.535448436368046,0.47873043881855437,-0.0734159081452645,6.0,0,8.0001,6.0,inf
585,5,-1.535448436368046,0.47873043881855437,-0.0734159081452645,6.0,0,8.0001,6.0,inf
586,0,-0.07790943477864104,1.358480839522498,-0.011192370832690606,0.9728999999999999,1,0.9728999999999999,6.0,inf
586,1,-0.07790943477864104,1.358480839522498,-0.011192370832690606,0.9728999999999999,1,0.9728999999999999,6.0,inf
586,2,-0.07790943477864104,1.358480839522498,-0.011192370832690606,0.9728999999999999,1,0.9728999999999999,6.0,inf
586,3,-0.07790943477864104,1.358480839522498,-0.011192370832690606,0.9728999999999999,1,0.9728999999999999,6.0,inf
586,4,-0.07790943477864104,1.358480839522498,-0.011192370832690606,0.9728999999999999,1,0.9728999999999999,6.0,inf
586,5,-0.07790943477864104,1.358480839522498,-0.011192370832690606,0.9728999999999999,1,0.9728999999999999,6.0,inf
587,0,-1.1008354733501617,-1.136544844269922,0.4970513962638852,6.0,0,8.0001,6.0,inf
587,1,-1.1008354733501617,-1.136544844269922,0.4970513962638852,6.0,0,8.0001,6.0,inf
587,2,-1.1008354733501617,-1.136544844269922,0.4970513962638852,6.0,0,8.0001,6.0,inf
587,3,-1.1008354733501617,-1.136544844269922,0.4970513962638852,6.0,0,8.0001,6.0,inf
587,4,-1.1008354733501617,-1.136544844269922,0.4970513962638852,6.0,0,8.0001,6.0,inf
587,5,-1.1008354733501617,-1.136544844269922,0.4970513962638852,6.0,0,8.0001,6.0,inf
588,0,-0.5836090983354318,-0.7548922736402619,0.5904494917568823,4.663799999999999,1,4.663799999999999,6.0,inf
588,1,-0.5836090983354318,-0.7548922736402619,0.5904494917568823,4.663799999999999,1,4.663799999999999,6.0,inf
588,2,-0.5836090983354318,-0.7548922736402619,0.5904494917568823,4.663799999999999,1,4.663799999999999,6.0,inf
588,3,-0.5836090983354318,-0.7548922736402619,0.5904494917568823,4.663799999999999,1,4.663799999999999,6.0,inf
588,4,-0.5836090983354318,-0.7548922736402619,0.5904494917568823,4.663799999999999,1,4.663799999999999,6.0,inf
588,5,-0.5836090983354318,-0.7548922736402619,0.5904494917568823,4.663799999999999,1,4.663799999999999,6.0,inf
589,0,-0.054594303265035095,-1.3848664556303005,-1.2987769087545522,4.184699999999999,1,4.184699999999999,6.0,inf
589,1,-0.054594303265035095,-1.3848664556303005,-1.2987769087545522,4.184699999999999,1,4.184699999999999,6.0,inf
589,2,-0.054594303265035095,-1.3848664556303005,-1.2987769087545522,4.184699999999999,1,4.184699999999999,6.0,inf
589,3,-0.054594303265035095,-1.3848664556303005,-1.2987769087545522,4.184699999999999,1,4.184699999999999,6.0,inf
589,4,-0.054594303265035095,-1.3848664556303005,-1.2987769087545522,4.184699999999999,1,4.184699999999999,6.0,inf
589,5,-0.054594303265035095,-1.3848664556303005,-1.2987769087545522,4.184699999999999,1,4.184699999999999,6.0,inf
590,0,1.8323538295653892,0.9786202841084312,0.03246625872339306,2.0955,1,2.0955,6.0,inf
590,1,1.8323538295653892,0.9786202841084312,0.03246625872339306,2.0955,1,2.0955,6.0,inf
590,2,1.8323538295653892,0.9786202841084312,0.03246625872339306,2.0955,1,2.0955,6.0,inf
590,3,1.8323538295653892,0.9786202841084312,0.03246625872339306,2.0955,1,2.0955,6.0,inf
590,4,1.8323538295653892,0.9786202841084312,0.03246625872339306,2.0955,1,2.0955,6.0,inf
590,5,1.8323538295653892,0.9786202841084312,0.03246625872339306,2.0955,1,2.0955,6.0,inf
591,0,-1.5632996567754494,0.3153250336764845,2.369549627146188,1.9325999999999999,1,1.9325999999999999,6.0,inf
591,1,-1.5632996567754494,0.3153250336764845,2.369549627146188,1.9325999999999999,1,1.9325999999999999,6.0,inf
591,2,-1.5632996567754494,0.3153250336764845,2.369549627146188,1.9325999999999999,1,1.9325999999999999,6.0,inf
591,3,-1.5632996567754494,0.3153250336764845,2.369549627146188,1.9325999999999999,1,1.9325999999999999,6.0,inf
591,4,-1.5632996567754494,0.3153250336764845,2.369549627146188,1.9325999999999999,1,1.9325999999999999,6.0,inf
591,5,-1.5632996567754494,0.3153250336764845,2.369549627146188,1.9325999999999999,1,1.9325999999999999,6.0,inf
592,0,-0.15454797071664036,-0.6934475097206809,0.5019676449706753,4.677899999999999,1,4.677899999999999,6.0,inf
592,1,-0.15454797071664036,-0.6934475097206809,0.5019676449706753,4.677899999999999,1,4.677899999999999,6.0,inf
592,2,-0.15454797071664036,-0.6934475097206809,0.5019676449706753,4.677899999999999,1,4.677899999999999,6.0,inf
592,3,-0.15454797071664036,-0.6934475097206809,0.5019676449706753,4.677899999999999,1,4.677899999999999,6.0,inf
592,4,-0.15454797071664036,-0.6934475097206809,0.5019676449706753,4.677899999999999,1,4.677899999999999,6.0,inf
592,5,-0.15454797071664036,-0.6934475097206809,0.5019676449706753,4.677899999999999,1,4.677899999999999,6.0,inf
593,0,0.4323462584598817,-0.5494075307085199,-0.7548987781961414,0.37679999999999997,1,0.37679999999999997,6.0,inf
593,1,0.4323462584598817,-0.5494075307085199,-0.7548987781961414,0.37679999999999997,1,0.37679999999999997,6.0,inf
593,2,0.4323462584598817,-0.5494075307085199,-0.7548987781961414,0.37679999999999997,1,0.37679999999999997,6.0,inf
593,3,0.4323462584598817,-0.5494075307085199,-0.7548987781961414,0.37679999999999997,1,0.37679999999999997,6.0,inf
593,4,0.4323462584598817,-0.5494075307085199,-0.7548987781961414,0.37679999999999997,1,0.37679999999999997,6.0,inf
593,5,0.4323462584598817,-0.5494075307085199,-0.7548987781961414,0.37679999999999997,1,0.37679999999999997,6.0,inf
594,0,0.48415733495077945,0.5054555348439035,-0.09443514419390481,1.6304999999999998,1,1.6304999999999998,6.0,inf
594,1,0.48415733495077945,0.5054555348439035,-0.09443514419390481,1.6304999999999998,1,1.6304999999999998,6.0,inf
594,2,0.48415733495077945,0.5054555348439035,-0.09443514419390481,1.6304999999999998,1,1.6304999999999998,6.0,inf
594,3,0.48415733495077945,0.5054555348439035,-0.09443514419390481,1.6304999999999998,1,1.6304999999999998,6.0,inf
594,4,0.48415733495077945,0.5054555348439035,-0.09443514419390481,1.6304999999999998,1,1.6304999999999998,6.0,inf
594,5,0.48415733495077945,0.5054555348439035,-0.09443514419390481,1.6304999999999998,1,1.6304999999999998,6.0,inf
595,0,-0.01766512586691611,1.4588163702452623,0.4458731705755432,2.4825,1,2.4825,6.0,inf
595,1,-0.01766512586691611,1.4588163702452623,0.4458731705755432,2.4825,1,2.4825,6.0,inf
595,2,-0.01766512586691611,1.4588163702452623,0.4458731705755432,2.4825,1,2.4825,6.0,inf
595,3,-0.01766512586691611,1.4588163702452623,0.4458731705755432,2.4825,1,2.4825,6.0,inf
595,4,-0.01766512586691611,1.4588163702452623,0.4458731705755432,2.4825,1,2.4825,6.0,inf
595,5,-0.01766512586691611,1.4588163702452623,0.4458731705755432,2.4825,1,2.4825,6.0,inf
596,0,0.14990452119268327,-0.7068604900944928,1.1176151360425923,1.0443,1,1.0443,6.0,inf
596,1,0.14990452119268327,-0.7068604900944928,1.1176151360425923,1.0443,1,1.0443,6.0,inf
596,2,0.14990452119268327,-0.7068604900944928,1.1176151360425923,1.0443,1,1.0443,6.0,inf
596,3,0.14990452119268327,-0.7068604900944928,1.1176151360425923,1.0443,1,1.0443,6.0,inf
596,4,0.14990452119268327,-0.7068604900944928,1.1176151360425923,1.0443,1,1.0443,6.0,inf
596,5,0.14990452119268327,-0.7068604900944928,1.1176151360425923,1.0443,1,1.0443,6.0,inf
597,0,-1.247997692530924,0.5522746000152071,-2.174461892878756,6.0,0,8.0001,6.0,inf
597,1,-1.247997692530924,0.5522746000152071,-2.174461892878756,6.0,0,8.0001,6.0,inf
597,2,-1.247997692530924,0.5522746000152071,-2.174461892878756,6.0,0,8.0001,6.0,inf
597,3,-1.247997692530924,0.5522746000152071,-2.174461892878756,6.0,0,8.0001,6.0,inf
597,4,-1.247997692530924,0.5522746000152071,-2.174461892878756,6.0,0,8.0001,6.0,inf
597,5,-1.247997692530924,0.5522746000152071,-2.174461892878756,6.0,0,8.0001,6.0,inf
598,0,0.6475104951995005,0.43265848633183124,0.9987642556873662,0.9668999999999999,1,0.9668999999999999,6.0,inf
598,1,0.6475104951995005,0.43265848633183124,0.9987642556873662,0.9668999999999999,1,0.9668999999999999,6.0,inf
598,2,0.6475104951995005,0.43265848633183124,0.9987642556873662,0.9668999999999999,1,0.9668999999999999,6.0,inf
598,3,0.6475104951995005,0.43265848633183124,0.9987642556873662,0.9668999999999999,1,0.9668999999999999,6.0,inf
598,4,0.6475104951995005,0.43265848633183124,0.9987642556873662,0.9668999999999999,1,0.9668999999999999,6.0,inf
598,5,0.6475104951995005,0.43265848633183124,0.9987642556873662,0.9668999999999999,1,0.9668999999999999,6.0,inf
599,0,-0.40023585392800975,1.4439221942570806,0.22454473955526025,1.2920999999999998,1,1.2920999999999998,6.0,inf
599,1,-0.40023585392800975,1.4439221942570806,0.22454473955526025,1.2920999999999998,1,1.2920999999999998,6.0,inf
599,2,-0.40023585392800975,1.4439221942570806,0.22454473955526025,1.2920999999999998,1,1.2920999999999998,6.0,inf
599,3,-0.40023585392800975,1.4439221942570806,0.22454473955526025,1.2920999999999998,1,1.2920999999999998,6.0,inf
599,4,-0.40023585392800975,1.4439221942570806,0.22454473955526025,1.2920999999999998,1,1.2920999999999998,6.0,inf
599,5,-0.40023585392800975,1.4439221942570806,0.22454473955526025,1.2920999999999998,1,1.2920999999999998,6.0,inf
600,0,-0.5093436259608302,-2.0068068955134675,-0.31863324176623153,5.5592999999999995,1,5.5592999999999995,6.0,inf
600,1,-0.5093436259608302,-2.0068068955134675,-0.31863324176623153,5.5592999999999995,1,5.5592999999999995,6.0,inf
600,2,-0.5093436259608302,-2.0068068955134675,-0.31863324176623153,5.5592999999999995,1,5.5592999999999995,6.0,inf
600,3,-0.5093436259608302,-2.0068068955134675,-0.31863324176623153,5.5592999999999995,1,5.5592999999999995,6.0,inf
600,4,-0.5093436259608302,-2.0068068955134675,-0.31863324176623153,5.5592999999999995,1,5.5592999999999995,6.0,inf
600,5,-0.5093436259608302,-2.0068068955134675,-0.31863324176623153,5.5592999999999995,1,5.5592999999999995,6.0,inf
601,0,-1.329372409724025,-2.8529923969749094,1.5365654212694,2.3897999999999997,1,2.3897999999999997,6.0,inf
601,1,-1.329372409724025,-2.8529923969749094,1.5365654212694,2.3897999999999997,1,2.3897999999999997,6.0,inf
601,2,-1.329372409724025,-2.8529923969749094,1.5365654212694,2.3897999999999997,1,2.3897999999999997,6.0,inf
601,3,-1.329372409724025,-2.8529923969749094,1.5365654212694,2.3897999999999997,1,2.3897999999999997,6.0,inf
601,4,-1.329372409724025,-2.8529923969749094,1.5365654212694,2.3897999999999997,1,2.3897999999999997,6.0,inf
601,5,-1.329372409724025,-2.8529923969749094,1.5365654212694,2.3897999999999997,1,2.3897999999999997,6.0,inf
602,0,0.757266227949892,-0.03937318573089384,-0.5211239644320943,3.0698999999999996,1,3.0698999999999996,6.0,inf
602,1,0.757266227949892,-0.03937318573089384,-0.5211239644320943,3.0698999999999996,1,3.0698999999999996,6.0,inf
602,2,0.757266227949892,-0.03937318573089384,-0.5211239644320943,3.0698999999999996,1,3.0698999999999996,6.0,inf
602,3,0.757266227949892,-0.03937318573089384,-0.5211239644320943,3.0698999999999996,1,3.0698999999999996,6.0,inf
602,4,0.757266227949892,-0.03937318573089384,-0.5211239644320943,3.0698999999999996,1,3.0698999999999996,6.0,inf
602,5,0.757266227949892,-0.03937318573089384,-0.5211239644320943,3.0698999999999996,1,3.0698999999999996,6.0,inf
603,0,0.38890376743357946,-1.5528120521427116,0.35243603902609805,2.0961,1,2.0961,6.0,inf
603,1,0.38890376743357946,-1.5528120521427116,0.35243603902609805,2.0961,1,2.0961,6.0,inf
603,2,0.38890376743357946,-1.5528120521427116,0.35243603902609805,2.0961,1,2.0961,6.0,inf
603,3,0.38890376743357946,-1.5528120521427116,0.35243603902609805,2.0961,1,2.0961,6.0,inf
603,4,0.38890376743357946,-1.5528120521427116,0.35243603902609805,2.0961,1,2.0961,6.0,inf
603,5,0.38890376743357946,-1.5528120521427116,0.35243603902609805,2.0961,1,2.0961,6.0,inf
604,0,0.20352583880028627,-0.09332055977619573,-0.1994739053264741,0.7913999999999999,1,0.7913999999999999,6.0,inf
604,1,0.20352583880028627,-0.09332055977619573,-0.1994739053264741,0.7913999999999999,1,0.7913999999999999,6.0,inf
604,2,0.20352583880028627,-0.09332055977619573,-0.1994739053264741,0.7913999999999999,1,0.7913999999999999,6.0,inf
604,3,0.20352583880028627,-0.09332055977619573,-0.1994739053264741,0.7913999999999999,1,0.7913999999999999,6.0,inf
604,4,0.20352583880028627,-0.09332055977619573,-0.1994739053264741,0.7913999999999999,1,0.7913999999999999,6.0,inf
604,5,0.20352583880028627,-0.09332055977619573,-0.1994739053264741,0.7913999999999999,1,0.7913999999999999,6.0,inf
605,0,0.8855176727321862,-0.03469398056281369,-1.0353605734191123,5.2421999999999995,1,5.2421999999999995,6.0,inf
605,1,0.8855176727321862,-0.03469398056281369,-1.0353605734191123,5.2421999999999995,1,5.2421999999999995,6.0,inf
605,2,0.8855176727321862,-0.03469398056281369,-1.0353605734191123,5.2421999999999995,1,5.2421999999999995,6.0,inf
605,3,0.8855176727321862,-0.03469398056281369,-1.0353605734191123,5.2421999999999995,1,5.2421999999999995,6.0,inf
605,4,0.8855176727321862,-0.03469398056281369,-1.0353605734191123,5.2421999999999995,1,5.2421999999999995,6.0,inf
605,5,0.8855176727321862,-0.03469398056281369,-1.0353605734191123,5.2421999999999995,1,5.2421999999999995,6.0,inf
606,0,0.4689515153068798,0.8460846409613085,0.39043202726529064,2.0136,1,2.0136,6.0,inf
606,1,0.4689515153068798,0.8460846409613085,0.39043202726529064,2.0136,1,2.0136,6.0,inf
606,2,0.4689515153068798,0.8460846409613085,0.39043202726529064,2.0136,1,2.0136,6.0,inf
606,3,0.4689515153068798,0.8460846409613085,0.39043202726529064,2.0136,1,2.0136,6.0,inf
606,4,0.4689515153068798,0.8460846409613085,0.39043202726529064,2.0136,1,2.0136,6.0,inf
606,5,0.4689515153068798,0.8460846409613085,0.39043202726529064,2.0136,1,2.0136,6.0,inf
607,0,0.8004339328238981,1.4404335842736449,-0.15218060085311536,0.5235,1,0.5235,6.0,inf
607,1,0.8004339328238981,1.4404335842736449,-0.15218060085311536,0.5235,1,0.5235,6.0,inf
607,2,0.8004339328238981,1.4404335842736449,-0.15218060085311536,0.5235,1,0.5235,6.0,inf
607,3,0.8004339328238981,1.4404335842736449,-0.15218060085311536,0.5235,1,0.5235,6.0,inf
607,4,0.8004339328238981,1.4404335842736449,-0.15218060085311536,0.5235,1,0.5235,6.0,inf
607,5,0.8004339328238981,1.4404335842736449,-0.15218060085311536,0.5235,1,0.5235,6.0,inf
608,0,0.009896198464059373,0.7423499287513795,0.15194464054575366,1.5743999999999998,1,1.5743999999999998,6.0,inf
608,1,0.009896198464059373,0.7423499287513795,0.15194464054575366,1.5743999999999998,1,1.5743999999999998,6.0,inf
608,2,0.009896198464059373,0.7423499287513795,0.15194464054575366,1.5743999999999998,1,1.5743999999999998,6.0,inf
608,3,0.009896198464059373,0.7423499287513795,0.15194464054575366,1.5743999999999998,1,1.5743999999999998,6.0,inf
608,4,0.009896198464059373,0.7423499287513795,0.15194464054575366,1.5743999999999998,1,1.5743999999999998,6.0,inf
608,5,0.009896198464059373,0.7423499287513795,0.15194464054575366,1.5743999999999998,1,1.5743999999999998,6.0,inf
609,0,-1.8079926518256666,-1.6479816369182518,-0.8426396897859448,6.0,0,8.0001,6.0,inf
609,1,-1.8079926518256666,-1.6479816369182518,-0.8426396897859448,6.0,0,8.0001,6.0,inf
609,2,-1.8079926518256666,-1.6479816369182518,-0.8426396897859448,6.0,0,8.0001,6.0,inf
609,3,-1.8079926518256666,-1.6479816369182518,-0.8426396897859448,6.0,0,8.0001,6.0,inf
609,4,-1.8079926518256666,-1.6479816369182518,-0.8426396897859448,6.0,0,8.0001,6.0,inf
609,5,-1.8079926518256666,-1.6479816369182518,-0.8426396897859448,6.0,0,8.0001,6.0,inf
610,0,0.34388634256271206,0.28766984367450604,-0.29421231938209397,3.3465,1,3.3465,6.0,inf
610,1,0.34388634256271206,0.28766984367450604,-0.29421231938209397,3.3465,1,3.3465,6.0,inf
610,2,0.34388634256271206,0.28766984367450604,-0.29421231938209397,3.3465,1,3.3465,6.0,inf
610,3,0.34388634256271206,0.28766984367450604,-0.29421231938209397,3.3465,1,3.3465,6.0,inf
610,4,0.34388634256271206,0.28766984367450604,-0.29421231938209397,3.3465,1,3.3465,6.0,inf
610,5,0.34388634256271206,0.28766984367450604,-0.29421231938209397,3.3465,1,3.3465,6.0,inf
611,0,-0.3832380905980553,-1.23292682957567,-0.43145206793264806,1.6275,1,1.6275,6.0,inf
611,1,-0.3832380905980553,-1.23292682957567,-0.43145206793264806,1.6275,1,1.6275,6.0,inf
611,2,-0.3832380905980553,-1.23292682957567,-0.43145206793264806,1.6275,1,1.6275,6.0,inf
611,3,-0.3832380905980553,-1.23292682957567,-0.43145206793264806,1.6275,1,1.6275,6.0,inf
611,4,-0.3832380905980553,-1.23292682957567,-0.43145206793264806,1.6275,1,1.6275,6.0,inf
611,5,-0.3832380905980553,-1.23292682957567,-0.43145206793264806,1.6275,1,1.6275,6.0,inf
612,0,-0.874638604643882,-0.8974998636102384,0.5742012277467944,5.5005,1,5.5005,6.0,inf
612,1,-0.874638604643882,-0.8974998636102384,0.5742012277467944,5.5005,1,5.5005,6.0,inf
612,2,-0.874638604643882,-0.8974998636102384,0.5742012277467944,5.5005,1,5.5005,6.0,inf
612,3,-0.874638604643882,-0.8974998636102384,0.5742012277467944,5.5005,1,5.5005,6.0,inf
612,4,-0.874638604643882,-0.8974998636102384,0.5742012277467944,5.5005,1,5.5005,6.0,inf
612,5,-0.874638604643882,-0.8974998636102384,0.5742012277467944,5.5005,1,5.5005,6.0,inf
613,0,-1.2914841611921484,0.14199110523219946,-0.674417455995477,6.0,0,8.0001,6.0,inf
613,1,-1.2914841611921484,0.14199110523219946,-0.674417455995477,6.0,0,8.0001,6.0,inf
613,2,-1.2914841611921484,0.14199110523219946,-0.674417455995477,6.0,0,8.0001,6.0,inf
613,3,-1.2914841611921484,0.14199110523219946,-0.674417455995477,6.0,0,8.0001,6.0,inf
613,4,-1.2914841611921484,0.14199110523219946,-0.674417455995477,6.0,0,8.0001,6.0,inf
613,5,-1.2914841611921484,0.14199110523219946,-0.674417455995477,6.0,0,8.0001,6.0,inf
614,0,0.9006006479669781,1.6898735925222916,-1.891766108535983,0.3933,1,0.3933,6.0,inf
614,1,0.9006006479669781,1.6898735925222916,-1.891766108535983,0.3933,1,0.3933,6.0,inf
614,2,0.9006006479669781,1.6898735925222916,-1.891766108535983,0.3933,1,0.3933,6.0,inf
614,3,0.9006006479669781,1.6898735925222916,-1.891766108535983,0.3933,1,0.3933,6.0,inf
614,4,0.9006006479669781,1.6898735925222916,-1.891766108535983,0.3933,1,0.3933,6.0,inf
614,5,0.9006006479669781,1.6898735925222916,-1.891766108535983,0.3933,1,0.3933,6.0,inf
615,0,-0.7384926146255067,-1.1703946524894329,-0.12316068291921227,5.854799999999999,1,5.854799999999999,6.0,inf
615,1,-0.7384926146255067,-1.1703946524894329,-0.12316068291921227,5.854799999999999,1,5.854799999999999,6.0,inf
615,2,-0.7384926146255067,-1.1703946524894329,-0.12316068291921227,5.854799999999999,1,5.854799999999999,6.0,inf
615,3,-0.7384926146255067,-1.1703946524894329,-0.12316068291921227,5.854799999999999,1,5.854799999999999,6.0,inf
615,4,-0.7384926146255067,-1.1703946524894329,-0.12316068291921227,5.854799999999999,1,5.854799999999999,6.0,inf
615,5,-0.7384926146255067,-1.1703946524894329,-0.12316068291921227,5.854799999999999,1,5.854799999999999,6.0,inf
616,0,1.754331438928578,-0.899581728225834,-1.5971677002020555,4.0184999999999995,1,4.0184999999999995,6.0,inf
616,1,1.754331438928578,-0.899581728225834,-1.5971677002020555,4.0184999999999995,1,4.0184999999999995,6.0,inf
616,2,1.754331438928578,-0.899581728225834,-1.5971677002020555,4.0184999999999995,1,4.0184999999999995,6.0,inf
616,3,1.754331438928578,-0.899581728225834,-1.5971677002020555,4.0184999999999995,1,4.0184999999999995,6.0,inf
616,4,1.754331438928578,-0.899581728225834,-1.5971677002020555,4.0184999999999995,1,4.0184999999999995,6.0,inf
616,5,1.754331438928578,-0.899581728225834,-1.5971677002020555,4.0184999999999995,1,4.0184999999999995,6.0,inf
617,0,-2.8122428133639907,0.9689745772882843,-1.0126378637872897,6.0,0,8.0001,6.0,inf
617,1,-2.8122428133639907,0.9689745772882843,-1.0126378637872897,6.0,0,8.0001,6.0,inf
617,2,-2.8122428133639907,0.9689745772882843,-1.0126378637872897,6.0,0,8.0001,6.0,inf
617,3,-2.8122428133639907,0.9689745772882843,-1.0126378637872897,6.0,0,8.0001,6.0,inf
617,4,-2.8122428133639907,0.9689745772882843,-1.0126378637872897,6.0,0,8.0001,6.0,inf
617,5,-2.8122428133639907,0.9689745772882843,-1.0126378637872897,6.0,0,8.0001,6.0,inf
618,0,0.007795364437564994,-0.07964245284556513,-0.00933853287396806,5.9258999999999995,1,5.9258999999999995,6.0,inf
618,1,0.007795364437564994,-0.07964245284556513,-0.00933853287396806,5.9258999999999995,1,5.9258999999999995,6.0,inf
618,2,0.007795364437564994,-0.07964245284556513,-0.00933853287396806,5.9258999999999995,1,5.9258999999999995,6.0,inf
618,3,0.007795364437564994,-0.07964245284556513,-0.00933853287396806,5.9258999999999995,1,5.9258999999999995,6.0,inf
618,4,0.007795364437564994,-0.07964245284556513,-0.00933853287396806,5.9258999999999995,1,5.9258999999999995,6.0,inf
618,5,0.007795364437564994,-0.07964245284556513,-0.00933853287396806,5.9258999999999995,1,5.9258999999999995,6.0,inf
619,0,-0.706384813725402,-0.3104086978959903,-0.5987767456699367,5.0553,1,5.0553,6.0,inf
619,1,-0.706384813725402,-0.3104086978959903,-0.5987767456699367,5.0553,1,5.0553,6.0,inf
619,2,-0.706384813725402,-0.3104086978959903,-0.5987767456699367,5.0553,1,5.0553,6.0,inf
619,3,-0.706384813725402,-0.3104086978959903,-0.5987767456699367,5.0553,1,5.0553,6.0,inf
619,4,-0.706384813725402,-0.3104086978959903,-0.5987767456699367,5.0553,1,5.0553,6.0,inf
619,5,-0.706384813725402,-0.3104086978959903,-0.5987767456699367,5.0553,1,5.0553,6.0,inf
620,0,-2.176060436784502,0.7110919440220113,-0.3189974257632655,1.4055,1,1.4055,6.0,inf
620,1,-2.176060436784502,0.7110919440220113,-0.3189974257632655,1.4055,1,1.4055,6.0,inf
620,2,-2.176060436784502,0.7110919440220113,-0.3189974257632655,1.4055,1,1.4055,6.0,inf
620,3,-2.176060436784502,0.7110919440220113,-0.3189974257632655,1.4055,1,1.4055,6.0,inf
620,4,-2.176060436784502,0.7110919440220113,-0.3189974257632655,1.4055,1,1.4055,6.0,inf
620,5,-2.176060436784502,0.7110919440220113,-0.3189974257632655,1.4055,1,1.4055,6.0,inf
621,0,-0.07002392291134002,0.6996481959952527,-0.13573668116888396,0.5325,1,0.5325,6.0,inf
621,1,-0.07002392291134002,0.6996481959952527,-0.13573668116888396,0.5325,1,0.5325,6.0,inf
621,2,-0.07002392291134002,0.6996481959952527,-0.13573668116888396,0.5325,1,0.5325,6.0,inf
621,3,-0.07002392291134002,0.6996481959952527,-0.13573668116888396,0.5325,1,0.5325,6.0,inf
621,4,-0.07002392291134002,0.6996481959952527,-0.13573668116888396,0.5325,1,0.5325,6.0,inf
621,5,-0.07002392291134002,0.6996481959952527,-0.13573668116888396,0.5325,1,0.5325,6.0,inf
622,0,-0.805761737483286,-0.23822619563570155,0.2690729018128804,6.0,0,8.0001,6.0,inf
622,1,-0.805761737483286,-0.23822619563570155,0.2690729018128804,6.0,0,8.0001,6.0,inf
622,2,-0.805761737483286,-0.23822619563570155,0.2690729018128804,6.0,0,8.0001,6.0,inf
622,3,-0.805761737483286,-0.23822619563570155,0.2690729018128804,6.0,0,8.0001,6.0,inf
622,4,-0.805761737483286,-0.23822619563570155,0.2690729018128804,6.0,0,8.0001,6.0,inf
622,5,-0.805761737483286,-0.23822619563570155,0.2690729018128804,6.0,0,8.0001,6.0,inf
623,0,0.24920031796683242,-0.574305128761503,-0.2362702281761558,0.5270999999999999,1,0.5270999999999999,6.0,inf
623,1,0.24920031796683242,-0.574305128761503,-0.2362702281761558,0.5270999999999999,1,0.5270999999999999,6.0,inf
623,2,0.24920031796683242,-0.574305128761503,-0.2362702281761558,0.5270999999999999,1,0.5270999999999999,6.0,inf
623,3,0.24920031796683242,-0.574305128761503,-0.2362702281761558,0.5270999999999999,1,0.5270999999999999,6.0,inf
623,4,0.24920031796683242,-0.574305128761503,-0.2362702281761558,0.5270999999999999,1,0.5270999999999999,6.0,inf
623,5,0.24920031796683242,-0.574305128761503,-0.2362702281761558,0.5270999999999999,1,0.5270999999999999,6.0,inf
624,0,0.20725566077712387,0.46739219234143575,-0.5156930543739987,3.0603,1,3.0603,6.0,inf
624,1,0.20725566077712387,0.46739219234143575,-0.5156930543739987,3.0603,1,3.0603,6.0,inf
624,2,0.20725566077712387,0.46739219234143575,-0.5156930543739987,3.0603,1,3.0603,6.0,inf
624,3,0.20725566077712387,0.46739219234143575,-0.5156930543739987,3.0603,1,3.0603,6.0,inf
624,4,0.20725566077712387,0.46739219234143575,-0.5156930543739987,3.0603,1,3.0603,6.0,inf
624,5,0.20725566077712387,0.46739219234143575,-0.5156930543739987,3.0603,1,3.0603,6.0,inf
625,0,0.49133102968223635,0.42473834892518747,0.0061910957006670085,3.3428999999999998,1,3.3428999999999998,6.0,inf
625,1,0.49133102968223635,0.42473834892518747,0.0061910957006670085,3.3428999999999998,1,3.3428999999999998,6.0,inf
625,2,0.49133102968223635,0.42473834892518747,0.0061910957006670085,3.3428999999999998,1,3.3428999999999998,6.0,inf
625,3,0.49133102968223635,0.42473834892518747,0.0061910957006670085,3.3428999999999998,1,3.3428999999999998,6.0,inf
625,4,0.49133102968223635,0.42473834892518747,0.0061910957006670085,3.3428999999999998,1,3.3428999999999998,6.0,inf
625,5,0.49133102968223635,0.42473834892518747,0.0061910957006670085,3.3428999999999998,1,3.3428999999999998,6.0,inf
626,0,-0.8626264367531873,-0.3302952159158982,1.4947876307699193,2.6672999999999996,1,2.6672999999999996,6.0,inf
626,1,-0.8626264367531873,-0.3302952159158982,1.4947876307699193,2.6672999999999996,1,2.6672999999999996,6.0,inf
626,2,-0.8626264367531873,-0.3302952159158982,1.4947876307699193,2.6672999999999996,1,2.6672999999999996,6.0,inf
626,3,-0.8626264367531873,-0.3302952159158982,1.4947876307699193,2.6672999999999996,1,2.6672999999999996,6.0,inf
626,4,-0.8626264367531873,-0.3302952159158982,1.4947876307699193,2.6672999999999996,1,2.6672999999999996,6.0,inf
626,5,-0.8626264367531873,-0.3302952159158982,1.4947876307699193,2.6672999999999996,1,2.6672999999999996,6.0,inf
627,0,-0.2102068115511669,-0.9652785652389861,-1.2198047626105686,3.2096999999999998,1,3.2096999999999998,6.0,inf
627,1,-0.2102068115511669,-0.9652785652389861,-1.2198047626105686,3.2096999999999998,1,3.2096999999999998,6.0,inf
627,2,-0.2102068115511669,-0.9652785652389861,-1.2198047626105686,3.2096999999999998,1,3.2096999999999998,6.0,inf
627,3,-0.2102068115511669,-0.9652785652389861,-1.2198047626105686,3.2096999999999998,1,3.2096999999999998,6.0,inf
627,4,-0.2102068115511669,-0.9652785652389861,-1.2198047626105686,3.2096999999999998,1,3.2096999999999998,6.0,inf
627,5,-0.2102068115511669,-0.9652785652389861,-1.2198047626105686,3.2096999999999998,1,3.2096999999999998,6.0,inf
628,0,0.882003002917253,0.9858862134532048,1.0094384895305362,1.9566,1,1.9566,6.0,inf
628,1,0.882003002917253,0.9858862134532048,1.0094384895305362,1.9566,1,1.9566,6.0,inf
628,2,0.882003002917253,0.9858862134532048,1.0094384895305362,1.9566,1,1.9566,6.0,inf
628,3,0.882003002917253,0.9858862134532048,1.0094384895305362,1.9566,1,1.9566,6.0,inf
628,4,0.882003002917253,0.9858862134532048,1.0094384895305362,1.9566,1,1.9566,6.0,inf
628,5,0.882003002917253,0.9858862134532048,1.0094384895305362,1.9566,1,1.9566,6.0,inf
629,0,1.778068692414672,-0.29275525076761383,-0.28783445891521897,3.3143999999999996,1,3.3143999999999996,6.0,inf
629,1,1.778068692414672,-0.29275525076761383,-0.28783445891521897,3.3143999999999996,1,3.3143999999999996,6.0,inf
629,2,1.778068692414672,-0.29275525076761383,-0.28783445891521897,3.3143999999999996,1,3.3143999999999996,6.0,inf
629,3,1.778068692414672,-0.29275525076761383,-0.28783445891521897,3.3143999999999996,1,3.3143999999999996,6.0,inf
629,4,1.778068692414672,-0.29275525076761383,-0.28783445891521897,3.3143999999999996,1,3.3143999999999996,6.0,inf
629,5,1.778068692414672,-0.29275525076761383,-0.28783445891521897,3.3143999999999996,1,3.3143999999999996,6.0,inf
630,0,0.316552963883782,-0.45289904449762697,0.610668159802615,2.1866999999999996,1,2.1866999999999996,6.0,inf
630,1,0.316552963883782,-0.45289904449762697,0.610668159802615,2.1866999999999996,1,2.1866999999999996,6.0,inf
630,2,0.316552963883782,-0.45289904449762697,0.610668159802615,2.1866999999999996,1,2.1866999999999996,6.0,inf
630,3,0.316552963883782,-0.45289904449762697,0.610668159802615,2.1866999999999996,1,2.1866999999999996,6.0,inf
630,4,0.316552963883782,-0.45289904449762697,0.610668159802615,2.1866999999999996,1,2.1866999999999996,6.0,inf
630,5,0.316552963883782,-0.45289904449762697,0.610668159802615,2.1866999999999996,1,2.1866999999999996,6.0,inf
631,0,-0.5998435828612213,-0.4297266814314512,-0.13387919132666776,1.4604,1,1.4604,6.0,inf
631,1,-0.5998435828612213,-0.4297266814314512,-0.13387919132666776,1.4604,1,1.4604,6.0,inf
631,2,-0.5998435828612213,-0.4297266814314512,-0.13387919132666776,1.4604,1,1.4604,6.0,inf
631,3,-0.5998435828612213,-0.4297266814314512,-0.13387919132666776,1.4604,1,1.4604,6.0,inf
631,4,-0.5998435828612213,-0.4297266814314512,-0.13387919132666776,1.4604,1,1.4604,6.0,inf
631,5,-0.5998435828612213,-0.4297266814314512,-0.13387919132666776,1.4604,1,1.4604,6.0,inf
632,0,-1.529655327114273,1.734367991594082,-0.18737897524741465,1.0767,1,1.0767,6.0,inf
632,1,-1.529655327114273,1.734367991594082,-0.18737897524741465,1.0767,1,1.0767,6.0,inf
632,2,-1.529655327114273,1.734367991594082,-0.18737897524741465,1.0767,1,1.0767,6.0,inf
632,3,-1.529655327114273,1.734367991594082,-0.18737897524741465,1.0767,1,1.0767,6.0,inf
632,4,-1.529655327114273,1.734367991594082,-0.18737897524741465,1.0767,1,1.0767,6.0,inf
632,5,-1.529655327114273,1.734367991594082,-0.18737897524741465,1.0767,1,1.0767,6.0,inf
633,0,0.7148616054376027,0.31684207647506757,0.9756981159895468,1.1742,1,1.1742,6.0,inf
633,1,0.7148616054376027,0.31684207647506757,0.9756981159895468,1.1742,1,1.1742,6.0,inf
633,2,0.7148616054376027,0.31684207647506757,0.9756981159895468,1.1742,1,1.1742,6.0,inf
633,3,0.7148616054376027,0.31684207647506757,0.9756981159895468,1.1742,1,1.1742,6.0,inf
633,4,0.7148616054376027,0.31684207647506757,0.9756981159895468,1.1742,1,1.1742,6.0,inf
633,5,0.7148616054376027,0.31684207647506757,0.9756981159895468,1.1742,1,1.1742,6.0,inf
634,0,-0.11821770552656886,1.7374524741021822,-0.8450439333204692,2.4638999999999998,1,2.4638999999999998,6.0,inf
634,1,-0.11821770552656886,1.7374524741021822,-0.8450439333204692,2.4638999999999998,1,2.4638999999999998,6.0,inf
634,2,-0.11821770552656886,1.7374524741021822,-0.8450439333204692,2.4638999999999998,1,2.4638999999999998,6.0,inf
634,3,-0.11821770552656886,1.7374524741021822,-0.8450439333204692,2.4638999999999998,1,2.4638999999999998,6.0,inf
634,4,-0.11821770552656886,1.7374524741021822,-0.8450439333204692,2.4638999999999998,1,2.4638999999999998,6.0,inf
634,5,-0.11821770552656886,1.7374524741021822,-0.8450439333204692,2.4638999999999998,1,2.4638999999999998,6.0,inf
635,0,-0.500024954733788,-1.4739875680101207,0.05253676854163141,6.0,0,7.419899999999999,6.0,inf
635,1,-0.500024954733788,-1.4739875680101207,0.05253676854163141,6.0,0,7.419899999999999,6.0,inf
635,2,-0.500024954733788,-1.4739875680101207,0.05253676854163141,6.0,0,7.419899999999999,6.0,inf
635,3,-0.500024954733788,-1.4739875680101207,0.05253676854163141,6.0,0,7.419899999999999,6.0,inf
635,4,-0.500024954733788,-1.4739875680101207,0.05253676854163141,6.0,0,7.419899999999999,6.0,inf
635,5,-0.500024954733788,-1.4739875680101207,0.05253676854163141,6.0,0,7.419899999999999,6.0,inf
636,0,0.3198453817009637,0.6657283969437991,-0.30729159622949787,0.22799999999999998,1,0.22799999999999998,6.0,inf
636,1,0.3198453817009637,0.6657283969437991,-0.30729159622949787,0.22799999999999998,1,0.22799999999999998,6.0,inf
636,2,0.3198453817009637,0.6657283969437991,-0.30729159622949787,0.22799999999999998,1,0.22799999999999998,6.0,inf
636,3,0.3198453817009637,0.6657283969437991,-0.30729159622949787,0.22799999999999998,1,0.22799999999999998,6.0,inf
636,4,0.3198453817009637,0.6657283969437991,-0.30729159622949787,0.22799999999999998,1,0.22799999999999998,6.0,inf
636,5,0.3198453817009637,0.6657283969437991,-0.30729159622949787,0.22799999999999998,1,0.22799999999999998,6.0,inf
637,0,-0.3435553994729116,-0.3275263268724883,0.9902347833198942,2.6525999999999996,1,2.6525999999999996,6.0,inf
637,1,-0.3435553994729116,-0.3275263268724883,0.9902347833198942,2.6525999999999996,1,2.6525999999999996,6.0,inf
637,2,-0.3435553994729116,-0.3275263268724883,0.9902347833198942,2.6525999999999996,1,2.6525999999999996,6.0,inf
637,3,-0.3435553994729116,-0.3275263268724883,0.9902347833198942,2.6525999999999996,1,2.6525999999999996,6.0,inf
637,4,-0.3435553994729116,-0.3275263268724883,0.9902347833198942,2.6525999999999996,1,2.6525999999999996,6.0,inf
637,5,-0.3435553994729116,-0.3275263268724883,0.9902347833198942,2.6525999999999996,1,2.6525999999999996,6.0,inf
638,0,0.408053190444086,-0.44443774864006,-0.1891679161981366,5.305499999999999,1,5.305499999999999,6.0,inf
638,1,0.408053190444086,-0.44443774864006,-0.1891679161981366,5.305499999999999,1,5.305499999999999,6.0,inf
638,2,0.408053190444086,-0.44443774864006,-0.1891679161981366,5.305499999999999,1,5.305499999999999,6.0,inf
638,3,0.408053190444086,-0.44443774864006,-0.1891679161981366,5.305499999999999,1,5.305499999999999,6.0,inf
638,4,0.408053190444086,-0.44443774864006,-0.1891679161981366,5.305499999999999,1,5.305499999999999,6.0,inf
638,5,0.408053190444086,-0.44443774864006,-0.1891679161981366,5.305499999999999,1,5.305499999999999,6.0,inf
639,0,-1.1302942527379407,0.45403962576598283,2.297396468705126,0.5570999999999999,1,0.5570999999999999,6.0,inf
639,1,-1.1302942527379407,0.45403962576598283,2.297396468705126,0.5570999999999999,1,0.5570999999999999,6.0,inf
639,2,-1.1302942527379407,0.45403962576598283,2.297396468705126,0.5570999999999999,1,0.5570999999999999,6.0,inf
639,3,-1.1302942527379407,0.45403962576598283,2.297396468705126,0.5570999999999999,1,0.5570999999999999,6.0,inf
639,4,-1.1302942527379407,0.45403962576598283,2.297396468705126,0.5570999999999999,1,0.5570999999999999,6.0,inf
639,5,-1.1302942527379407,0.45403962576598283,2.297396468705126,0.5570999999999999,1,0.5570999999999999,6.0,inf
640,0,0.14489894451923352,0.7004051632739725,0.6595640734698482,1.3227,1,1.3227,6.0,inf
640,1,0.14489894451923352,0.7004051632739725,0.6595640734698482,1.3227,1,1.3227,6.0,inf
640,2,0.14489894451923352,0.7004051632739725,0.6595640734698482,1.3227,1,1.3227,6.0,inf
640,3,0.14489894451923352,0.7004051632739725,0.6595640734698482,1.3227,1,1.3227,6.0,inf
640,4,0.14489894451923352,0.7004051632739725,0.6595640734698482,1.3227,1,1.3227,6.0,inf
640,5,0.14489894451923352,0.7004051632739725,0.6595640734698482,1.3227,1,1.3227,6.0,inf
641,0,1.025505774541388,-0.26188602342199196,0.07138094562355318,2.8181999999999996,1,2.8181999999999996,6.0,inf
641,1,1.025505774541388,-0.26188602342199196,0.07138094562355318,2.8181999999999996,1,2.8181999999999996,6.0,inf
641,2,1.025505774541388,-0.26188602342199196,0.07138094562355318,2.8181999999999996,1,2.8181999999999996,6.0,inf
641,3,1.025505774541388,-0.26188602342199196,0.07138094562355318,2.8181999999999996,1,2.8181999999999996,6.0,inf
641,4,1.025505774541388,-0.26188602342199196,0.07138094562355318,2.8181999999999996,1,2.8181999999999996,6.0,inf
641,5,1.025505774541388,-0.26188602342199196,0.07138094562355318,2.8181999999999996,1,2.8181999999999996,6.0,inf
642,0,0.6394699299053656,0.6858824735232362,0.4525996867377609,1.6356,1,1.6356,6.0,inf
642,1,0.6394699299053656,0.6858824735232362,0.4525996867377609,1.6356,1,1.6356,6.0,inf
642,2,0.6394699299053656,0.6858824735232362,0.4525996867377609,1.6356,1,1.6356,6.0,inf
642,3,0.6394699299053656,0.6858824735232362,0.4525996867377609,1.6356,1,1.6356,6.0,inf
642,4,0.6394699299053656,0.6858824735232362,0.4525996867377609,1.6356,1,1.6356,6.0,inf
642,5,0.6394699299053656,0.6858824735232362,0.4525996867377609,1.6356,1,1.6356,6.0,inf
643,0,-0.521076300684919,-0.012385264943044467,0.1211165665199157,2.4006,1,2.4006,6.0,inf
643,1,-0.521076300684919,-0.012385264943044467,0.1211165665199157,2.4006,1,2.4006,6.0,inf
643,2,-0.521076300684919,-0.012385264943044467,0.1211165665199157,2.4006,1,2.4006,6.0,inf
643,3,-0.521076300684919,-0.012385264943044467,0.1211165665199157,2.4006,1,2.4006,6.0,inf
643,4,-0.521076300684919,-0.012385264943044467,0.1211165665199157,2.4006,1,2.4006,6.0,inf
643,5,-0.521076300684919,-0.012385264943044467,0.1211165665199157,2.4006,1,2.4006,6.0,inf
644,0,0.9941458394038175,0.5015821700361145,0.5225722397239635,0.6881999999999999,1,0.6881999999999999,6.0,inf
644,1,0.9941458394038175,0.5015821700361145,0.5225722397239635,0.6881999999999999,1,0.6881999999999999,6.0,inf
644,2,0.9941458394038175,0.5015821700361145,0.5225722397239635,0.6881999999999999,1,0.6881999999999999,6.0,inf
644,3,0.9941458394038175,0.5015821700361145,0.5225722397239635,0.6881999999999999,1,0.6881999999999999,6.0,inf
644,4,0.9941458394038175,0.5015821700361145,0.5225722397239635,0.6881999999999999,1,0.6881999999999999,6.0,inf
644,5,0.9941458394038175,0.5015821700361145,0.5225722397239635,0.6881999999999999,1,0.6881999999999999,6.0,inf
645,0,0.8786321008187072,-0.34334097558046944,-1.528751514314418,4.102799999999999,1,4.102799999999999,6.0,inf
645,1,0.8786321008187072,-0.34334097558046944,-1.528751514314418,4.102799999999999,1,4.102799999999999,6.0,inf
645,2,0.8786321008187072,-0.34334097558046944,-1.528751514314418,4.102799999999999,1,4.102799999999999,6.0,inf
645,3,0.8786321008187072,-0.34334097558046944,-1.528751514314418,4.102799999999999,1,4.102799999999999,6.0,inf
645,4,0.8786321008187072,-0.34334097558046944,-1.528751514314418,4.102799999999999,1,4.102799999999999,6.0,inf
645,5,0.8786321008187072,-0.34334097558046944,-1.528751514314418,4.102799999999999,1,4.102799999999999,6.0,inf
646,0,2.146076965757203,0.07986890594783722,0.5282243594937868,0.6615,1,0.6615,6.0,inf
646,1,2.146076965757203,0.07986890594783722,0.5282243594937868,0.6615,1,0.6615,6.0,inf
646,2,2.146076965757203,0.07986890594783722,0.5282243594937868,0.6615,1,0.6615,6.0,inf
646,3,2.146076965757203,0.07986890594783722,0.5282243594937868,0.6615,1,0.6615,6.0,inf
646,4,2.146076965757203,0.07986890594783722,0.5282243594937868,0.6615,1,0.6615,6.0,inf
646,5,2.146076965757203,0.07986890594783722,0.5282243594937868,0.6615,1,0.6615,6.0,inf
647,0,0.5202436950492649,1.7429358460007878,0.7914380056933994,1.1253,1,1.1253,6.0,inf
647,1,0.5202436950492649,1.7429358460007878,0.7914380056933994,1.1253,1,1.1253,6.0,inf
647,2,0.5202436950492649,1.7429358460007878,0.7914380056933994,1.1253,1,1.1253,6.0,inf
647,3,0.5202436950492649,1.7429358460007878,0.7914380056933994,1.1253,1,1.1253,6.0,inf
647,4,0.5202436950492649,1.7429358460007878,0.7914380056933994,1.1253,1,1.1253,6.0,inf
647,5,0.5202436950492649,1.7429358460007878,0.7914380056933994,1.1253,1,1.1253,6.0,inf
648,0,0.3722545680035061,1.3757213613946802,2.6814312248941046,0.036599999999999994,1,0.036599999999999994,6.0,inf
648,1,0.3722545680035061,1.3757213613946802,2.6814312248941046,0.036599999999999994,1,0.036599999999999994,6.0,inf
648,2,0.3722545680035061,1.3757213613946802,2.6814312248941046,0.036599999999999994,1,0.036599999999999994,6.0,inf
648,3,0.3722545680035061,1.3757213613946802,2.6814312248941046,0.036599999999999994,1,0.036599999999999994,6.0,inf
648,4,0.3722545680035061,1.3757213613946802,2.6814312248941046,0.036599999999999994,1,0.036599999999999994,6.0,inf
648,5,0.3722545680035061,1.3757213613946802,2.6814312248941046,0.036599999999999994,1,0.036599999999999994,6.0,inf
649,0,-0.5078674274342596,0.5154886373131539,0.41958344654605534,3.2714999999999996,1,3.2714999999999996,6.0,inf
649,1,-0.5078674274342596,0.5154886373131539,0.41958344654605534,3.2714999999999996,1,3.2714999999999996,6.0,inf
649,2,-0.5078674274342596,0.5154886373131539,0.41958344654605534,3.2714999999999996,1,3.2714999999999996,6.0,inf
649,3,-0.5078674274342596,0.5154886373131539,0.41958344654605534,3.2714999999999996,1,3.2714999999999996,6.0,inf
649,4,-0.5078674274342596,0.5154886373131539,0.41958344654605534,3.2714999999999996,1,3.2714999999999996,6.0,inf
649,5,-0.5078674274342596,0.5154886373131539,0.41958344654605534,3.2714999999999996,1,3.2714999999999996,6.0,inf
650,0,-1.4029641068333432,-0.5001085803296256,0.05370370977673604,6.0,0,8.0001,6.0,inf
650,1,-1.4029641068333432,-0.5001085803296256,0.05370370977673604,6.0,0,8.0001,6.0,inf
650,2,-1.4029641068333432,-0.5001085803296256,0.05370370977673604,6.0,0,8.0001,6.0,inf
650,3,-1.4029641068333432,-0.5001085803296256,0.05370370977673604,6.0,0,8.0001,6.0,inf
650,4,-1.4029641068333432,-0.5001085803296256,0.05370370977673604,6.0,0,8.0001,6.0,inf
650,5,-1.4029641068333432,-0.5001085803296256,0.05370370977673604,6.0,0,8.0001,6.0,inf
651,0,-1.2896667912488473,-2.084890637418087,0.9822787975575134,3.1799999999999997,1,3.1799999999999997,6.0,inf
651,1,-1.2896667912488473,-2.084890637418087,0.9822787975575134,3.1799999999999997,1,3.1799999999999997,6.0,inf
651,2,-1.2896667912488473,-2.084890637418087,0.9822787975575134,3.1799999999999997,1,3.1799999999999997,6.0,inf
651,3,-1.2896667912488473,-2.084890637418087,0.9822787975575134,3.1799999999999997,1,3.1799999999999997,6.0,inf
651,4,-1.2896667912488473,-2.084890637418087,0.9822787975575134,3.1799999999999997,1,3.1799999999999997,6.0,inf
651,5,-1.2896667912488473,-2.084890637418087,0.9822787975575134,3.1799999999999997,1,3.1799999999999997,6.0,inf
652,0,-0.7298237116387417,0.1360925991052518,-0.7187902583948651,4.5851999999999995,1,4.5851999999999995,6.0,inf
652,1,-0.7298237116387417,0.1360925991052518,-0.7187902583948651,4.5851999999999995,1,4.5851999999999995,6.0,inf
652,2,-0.7298237116387417,0.1360925991052518,-0.7187902583948651,4.5851999999999995,1,4.5851999999999995,6.0,inf
652,3,-0.7298237116387417,0.1360925991052518,-0.7187902583948651,4.5851999999999995,1,4.5851999999999995,6.0,inf
652,4,-0.7298237116387417,0.1360925991052518,-0.7187902583948651,4.5851999999999995,1,4.5851999999999995,6.0,inf
652,5,-0.7298237116387417,0.1360925991052518,-0.7187902583948651,4.5851999999999995,1,4.5851999999999995,6.0,inf
653,0,-0.4852569505275439,0.36553257732754174,0.23064959719429226,1.5779999999999998,1,1.5779999999999998,6.0,inf
653,1,-0.4852569505275439,0.36553257732754174,0.23064959719429226,1.5779999999999998,1,1.5779999999999998,6.0,inf
653,2,-0.4852569505275439,0.36553257732754174,0.23064959719429226,1.5779999999999998,1,1.5779999999999998,6.0,inf
653,3,-0.4852569505275439,0.36553257732754174,0.23064959719429226,1.5779999999999998,1,1.5779999999999998,6.0,inf
653,4,-0.4852569505275439,0.36553257732754174,0.23064959719429226,1.5779999999999998,1,1.5779999999999998,6.0,inf
653,5,-0.4852569505275439,0.36553257732754174,0.23064959719429226,1.5779999999999998,1,1.5779999999999998,6.0,inf
654,0,-1.4689138097799344,-0.39068384086533997,0.6673124033005351,3.9332999999999996,1,3.9332999999999996,6.0,inf
654,1,-1.4689138097799344,-0.39068384086533997,0.6673124033005351,3.9332999999999996,1,3.9332999999999996,6.0,inf
654,2,-1.4689138097799344,-0.39068384086533997,0.6673124033005351,3.9332999999999996,1,3.9332999999999996,6.0,inf
654,3,-1.4689138097799344,-0.39068384086533997,0.6673124033005351,3.9332999999999996,1,3.9332999999999996,6.0,inf
654,4,-1.4689138097799344,-0.39068384086533997,0.6673124033005351,3.9332999999999996,1,3.9332999999999996,6.0,inf
654,5,-1.4689138097799344,-0.39068384086533997,0.6673124033005351,3.9332999999999996,1,3.9332999999999996,6.0,inf
655,0,-1.2271724776039583,0.8336722158376415,-1.12587403037367,6.0,0,7.304399999999999,6.0,inf
655,1,-1.2271724776039583,0.8336722158376415,-1.12587403037367,6.0,0,7.304399999999999,6.0,inf
655,2,-1.2271724776039583,0.8336722158376415,-1.12587403037367,6.0,0,7.304399999999999,6.0,inf
655,3,-1.2271724776039583,0.8336722158376415,-1.12587403037367,6.0,0,7.304399999999999,6.0,inf
655,4,-1.2271724776039583,0.8336722158376415,-1.12587403037367,6.0,0,7.304399999999999,6.0,inf
655,5,-1.2271724776039583,0.8336722158376415,-1.12587403037367,6.0,0,7.304399999999999,6.0,inf
656,0,-0.3904316133945487,0.6799289167468062,1.3039209181549973,0.19049999999999997,1,0.19049999999999997,6.0,inf
656,1,-0.3904316133945487,0.6799289167468062,1.3039209181549973,0.19049999999999997,1,0.19049999999999997,6.0,inf
656,2,-0.3904316133945487,0.6799289167468062,1.3039209181549973,0.19049999999999997,1,0.19049999999999997,6.0,inf
656,3,-0.3904316133945487,0.6799289167468062,1.3039209181549973,0.19049999999999997,1,0.19049999999999997,6.0,inf
656,4,-0.3904316133945487,0.6799289167468062,1.3039209181549973,0.19049999999999997,1,0.19049999999999997,6.0,inf
656,5,-0.3904316133945487,0.6799289167468062,1.3039209181549973,0.19049999999999997,1,0.19049999999999997,6.0,inf
657,0,0.32943799800764434,1.393303579588518,0.8968102130497814,1.1750999999999998,1,1.1750999999999998,6.0,inf
657,1,0.32943799800764434,1.393303579588518,0.8968102130497814,1.1750999999999998,1,1.1750999999999998,6.0,inf
657,2,0.32943799800764434,1.393303579588518,0.8968102130497814,1.1750999999999998,1,1.1750999999999998,6.0,inf
657,3,0.32943799800764434,1.393303579588518,0.8968102130497814,1.1750999999999998,1,1.1750999999999998,6.0,inf
657,4,0.32943799800764434,1.393303579588518,0.8968102130497814,1.1750999999999998,1,1.1750999999999998,6.0,inf
657,5,0.32943799800764434,1.393303579588518,0.8968102130497814,1.1750999999999998,1,1.1750999999999998,6.0,inf
658,0,-1.0350207970710448,0.49580930911429577,-0.4943712117101536,3.9422999999999995,1,3.9422999999999995,6.0,inf
658,1,-1.0350207970710448,0.49580930911429577,-0.4943712117101536,3.9422999999999995,1,3.9422999999999995,6.0,inf
658,2,-1.0350207970710448,0.49580930911429577,-0.4943712117101536,3.9422999999999995,1,3.9422999999999995,6.0,inf
658,3,-1.0350207970710448,0.49580930911429577,-0.4943712117101536,3.9422999999999995,1,3.9422999999999995,6.0,inf
658,4,-1.0350207970710448,0.49580930911429577,-0.4943712117101536,3.9422999999999995,1,3.9422999999999995,6.0,inf
658,5,-1.0350207970710448,0.49580930911429577,-0.4943712117101536,3.9422999999999995,1,3.9422999999999995,6.0,inf
659,0,0.12423966698160714,-0.4740724726091983,-1.2287329144020611,2.4638999999999998,1,2.4638999999999998,6.0,inf
659,1,0.12423966698160714,-0.4740724726091983,-1.2287329144020611,2.4638999999999998,1,2.4638999999999998,6.0,inf
659,2,0.12423966698160714,-0.4740724726091983,-1.2287329144020611,2.4638999999999998,1,2.4638999999999998,6.0,inf
659,3,0.12423966698160714,-0.4740724726091983,-1.2287329144020611,2.4638999999999998,1,2.4638999999999998,6.0,inf
659,4,0.12423966698160714,-0.4740724726091983,-1.2287329144020611,2.4638999999999998,1,2.4638999999999998,6.0,inf
659,5,0.12423966698160714,-0.4740724726091983,-1.2287329144020611,2.4638999999999998,1,2.4638999999999998,6.0,inf
660,0,0.38062464488818204,-0.10360923753166583,1.0138597257388102,2.025,1,2.025,6.0,inf
660,1,0.38062464488818204,-0.10360923753166583,1.0138597257388102,2.025,1,2.025,6.0,inf
660,2,0.38062464488818204,-0.10360923753166583,1.0138597257388102,2.025,1,2.025,6.0,inf
660,3,0.38062464488818204,-0.10360923753166583,1.0138597257388102,2.025,1,2.025,6.0,inf
660,4,0.38062464488818204,-0.10360923753166583,1.0138597257388102,2.025,1,2.025,6.0,inf
660,5,0.38062464488818204,-0.10360923753166583,1.0138597257388102,2.025,1,2.025,6.0,inf
661,0,0.8245618584322556,-0.7391463354752867,0.9519562530089225,2.1654,1,2.1654,6.0,inf
661,1,0.8245618584322556,-0.7391463354752867,0.9519562530089225,2.1654,1,2.1654,6.0,inf
661,2,0.8245618584322556,-0.7391463354752867,0.9519562530089225,2.1654,1,2.1654,6.0,inf
661,3,0.8245618584322556,-0.7391463354752867,0.9519562530089225,2.1654,1,2.1654,6.0,inf
661,4,0.8245618584322556,-0.7391463354752867,0.9519562530089225,2.1654,1,2.1654,6.0,inf
661,5,0.8245618584322556,-0.7391463354752867,0.9519562530089225,2.1654,1,2.1654,6.0,inf
662,0,0.30697370862419787,-0.850434897420752,0.2816717122496736,5.388599999999999,1,5.388599999999999,6.0,inf
662,1,0.30697370862419787,-0.850434897420752,0.2816717122496736,5.388599999999999,1,5.388599999999999,6.0,inf
662,2,0.30697370862419787,-0.850434897420752,0.2816717122496736,5.388599999999999,1,5.388599999999999,6.0,inf
662,3,0.30697370862419787,-0.850434897420752,0.2816717122496736,5.388599999999999,1,5.388599999999999,6.0,inf
662,4,0.30697370862419787,-0.850434897420752,0.2816717122496736,5.388599999999999,1,5.388599999999999,6.0,inf
662,5,0.30697370862419787,-0.850434897420752,0.2816717122496736,5.388599999999999,1,5.388599999999999,6.0,inf
663,0,0.6837899661569965,-0.639118607613224,0.47090873432110847,1.1807999999999998,1,1.1807999999999998,6.0,inf
663,1,0.6837899661569965,-0.639118607613224,0.47090873432110847,1.1807999999999998,1,1.1807999999999998,6.0,inf
663,2,0.6837899661569965,-0.639118607613224,0.47090873432110847,1.1807999999999998,1,1.1807999999999998,6.0,inf
663,3,0.6837899661569965,-0.639118607613224,0.47090873432110847,1.1807999999999998,1,1.1807999999999998,6.0,inf
663,4,0.6837899661569965,-0.639118607613224,0.47090873432110847,1.1807999999999998,1,1.1807999999999998,6.0,inf
663,5,0.6837899661569965,-0.639118607613224,0.47090873432110847,1.1807999999999998,1,1.1807999999999998,6.0,inf
664,0,-1.0922933035407052,-0.627762804348617,0.7410389480343946,2.0075999999999996,1,2.0075999999999996,6.0,inf
664,1,-1.0922933035407052,-0.627762804348617,0.7410389480343946,2.0075999999999996,1,2.0075999999999996,6.0,inf
664,2,-1.0922933035407052,-0.627762804348617,0.7410389480343946,2.0075999999999996,1,2.0075999999999996,6.0,inf
664,3,-1.0922933035407052,-0.627762804348617,0.7410389480343946,2.0075999999999996,1,2.0075999999999996,6.0,inf
664,4,-1.0922933035407052,-0.627762804348617,0.7410389480343946,2.0075999999999996,1,2.0075999999999996,6.0,inf
664,5,-1.0922933035407052,-0.627762804348617,0.7410389480343946,2.0075999999999996,1,2.0075999999999996,6.0,inf
665,0,-1.382620036839826,0.5137768621474471,0.5264422792303544,6.0,0,8.0001,6.0,inf
665,1,-1.382620036839826,0.5137768621474471,0.5264422792303544,6.0,0,8.0001,6.0,inf
665,2,-1.382620036839826,0.5137768621474471,0.5264422792303544,6.0,0,8.0001,6.0,inf
665,3,-1.382620036839826,0.5137768621474471,0.5264422792303544,6.0,0,8.0001,6.0,inf
665,4,-1.382620036839826,0.5137768621474471,0.5264422792303544,6.0,0,8.0001,6.0,inf
665,5,-1.382620036839826,0.5137768621474471,0.5264422792303544,6.0,0,8.0001,6.0,inf
666,0,0.8127990641162677,0.09091927068098787,0.6730693440220452,2.4635999999999996,1,2.4635999999999996,6.0,inf
666,1,0.8127990641162677,0.09091927068098787,0.6730693440220452,2.4635999999999996,1,2.4635999999999996,6.0,inf
666,2,0.8127990641162677,0.09091927068098787,0.6730693440220452,2.4635999999999996,1,2.4635999999999996,6.0,inf
666,3,0.8127990641162677,0.09091927068098787,0.6730693440220452,2.4635999999999996,1,2.4635999999999996,6.0,inf
666,4,0.8127990641162677,0.09091927068098787,0.6730693440220452,2.4635999999999996,1,2.4635999999999996,6.0,inf
666,5,0.8127990641162677,0.09091927068098787,0.6730693440220452,2.4635999999999996,1,2.4635999999999996,6.0,inf
667,0,1.0812760040856073,0.22018050553693652,-0.8157178346743439,1.4207999999999998,1,1.4207999999999998,6.0,inf
667,1,1.0812760040856073,0.22018050553693652,-0.8157178346743439,1.4207999999999998,1,1.4207999999999998,6.0,inf
667,2,1.0812760040856073,0.22018050553693652,-0.8157178346743439,1.4207999999999998,1,1.4207999999999998,6.0,inf
667,3,1.0812760040856073,0.22018050553693652,-0.8157178346743439,1.4207999999999998,1,1.4207999999999998,6.0,inf
667,4,1.0812760040856073,0.22018050553693652,-0.8157178346743439,1.4207999999999998,1,1.4207999999999998,6.0,inf
667,5,1.0812760040856073,0.22018050553693652,-0.8157178346743439,1.4207999999999998,1,1.4207999999999998,6.0,inf
668,0,0.8577206503805725,-0.24625789106673912,1.634512354559866,2.1353999999999997,1,2.1353999999999997,6.0,inf
668,1,0.8577206503805725,-0.24625789106673912,1.634512354559866,2.1353999999999997,1,2.1353999999999997,6.0,inf
668,2,0.8577206503805725,-0.24625789106673912,1.634512354559866,2.1353999999999997,1,2.1353999999999997,6.0,inf
668,3,0.8577206503805725,-0.24625789106673912,1.634512354559866,2.1353999999999997,1,2.1353999999999997,6.0,inf
668,4,0.8577206503805725,-0.24625789106673912,1.634512354559866,2.1353999999999997,1,2.1353999999999997,6.0,inf
668,5,0.8577206503805725,-0.24625789106673912,1.634512354559866,2.1353999999999997,1,2.1353999999999997,6.0,inf
669,0,-0.8471279608476497,-0.4704475258173073,-1.2445480508744655,6.0,0,6.793499999999999,6.0,inf
669,1,-0.8471279608476497,-0.4704475258173073,-1.2445480508744655,6.0,0,6.793499999999999,6.0,inf
669,2,-0.8471279608476497,-0.4704475258173073,-1.2445480508744655,6.0,0,6.793499999999999,6.0,inf
669,3,-0.8471279608476497,-0.4704475258173073,-1.2445480508744655,6.0,0,6.793499999999999,6.0,inf
669,4,-0.8471279608476497,-0.4704475258173073,-1.2445480508744655,6.0,0,6.793499999999999,6.0,inf
669,5,-0.8471279608476497,-0.4704475258173073,-1.2445480508744655,6.0,0,6.793499999999999,6.0,inf
670,0,-0.6313330671290202,1.63377899875592,0.08429981392180368,4.8374999999999995,1,4.8374999999999995,6.0,inf
670,1,-0.6313330671290202,1.63377899875592,0.08429981392180368,4.8374999999999995,1,4.8374999999999995,6.0,inf
670,2,-0.6313330671290202,1.63377899875592,0.08429981392180368,4.8374999999999995,1,4.8374999999999995,6.0,inf
670,3,-0.6313330671290202,1.63377899875592,0.08429981392180368,4.8374999999999995,1,4.8374999999999995,6.0,inf
670,4,-0.6313330671290202,1.63377899875592,0.08429981392180368,4.8374999999999995,1,4.8374999999999995,6.0,inf
670,5,-0.6313330671290202,1.63377899875592,0.08429981392180368,4.8374999999999995,1,4.8374999999999995,6.0,inf
671,0,-1.027773566569246,0.8384965358408832,0.7252078276993048,6.0,0,8.0001,6.0,inf
671,1,-1.027773566569246,0.8384965358408832,0.7252078276993048,6.0,0,8.0001,6.0,inf
671,2,-1.027773566569246,0.8384965358408832,0.7252078276993048,6.0,0,8.0001,6.0,inf
671,3,-1.027773566569246,0.8384965358408832,0.7252078276993048,6.0,0,8.0001,6.0,inf
671,4,-1.027773566569246,0.8384965358408832,0.7252078276993048,6.0,0,8.0001,6.0,inf
671,5,-1.027773566569246,0.8384965358408832,0.7252078276993048,6.0,0,8.0001,6.0,inf
672,0,-0.9437465144351843,-0.24449339388004632,0.34920144988088725,2.202,1,2.202,6.0,inf
672,1,-0.9437465144351843,-0.24449339388004632,0.34920144988088725,2.202,1,2.202,6.0,inf
672,2,-0.9437465144351843,-0.24449339388004632,0.34920144988088725,2.202,1,2.202,6.0,inf
672,3,-0.9437465144351843,-0.24449339388004632,0.34920144988088725,2.202,1,2.202,6.0,inf
672,4,-0.9437465144351843,-0.24449339388004632,0.34920144988088725,2.202,1,2.202,6.0,inf
672,5,-0.9437465144351843,-0.24449339388004632,0.34920144988088725,2.202,1,2.202,6.0,inf
673,0,0.2968633897605121,0.6780190190202282,0.9687796728694763,2.9174999999999995,1,2.9174999999999995,6.0,inf
673,1,0.2968633897605121,0.6780190190202282,0.9687796728694763,2.9174999999999995,1,2.9174999999999995,6.0,inf
673,2,0.2968633897605121,0.6780190190202282,0.9687796728694763,2.9174999999999995,1,2.9174999999999995,6.0,inf
673,3,0.2968633897605121,0.6780190190202282,0.9687796728694763,2.9174999999999995,1,2.9174999999999995,6.0,inf
673,4,0.2968633897605121,0.6780190190202282,0.9687796728694763,2.9174999999999995,1,2.9174999999999995,6.0,inf
673,5,0.2968633897605121,0.6780190190202282,0.9687796728694763,2.9174999999999995,1,2.9174999999999995,6.0,inf
674,0,1.2268569367535473,-1.3818415336368843,-0.23494830154727311,2.4282,1,2.4282,6.0,inf
674,1,1.2268569367535473,-1.3818415336368843,-0.23494830154727311,2.4282,1,2.4282,6.0,inf
674,2,1.2268569367535473,-1.3818415336368843,-0.23494830154727311,2.4282,1,2.4282,6.0,inf
674,3,1.2268569367535473,-1.3818415336368843,-0.23494830154727311,2.4282,1,2.4282,6.0,inf
674,4,1.2268569367535473,-1.3818415336368843,-0.23494830154727311,2.4282,1,2.4282,6.0,inf
674,5,1.2268569367535473,-1.3818415336368843,-0.23494830154727311,2.4282,1,2.4282,6.0,inf
675,0,2.1792969027008398,-0.6442422579479965,0.6550677324656027,2.5094999999999996,1,2.5094999999999996,6.0,inf
675,1,2.1792969027008398,-0.6442422579479965,0.6550677324656027,2.5094999999999996,1,2.5094999999999996,6.0,inf
675,2,2.1792969027008398,-0.6442422579479965,0.6550677324656027,2.5094999999999996,1,2.5094999999999996,6.0,inf
675,3,2.1792969027008398,-0.6442422579479965,0.6550677324656027,2.5094999999999996,1,2.5094999999999996,6.0,inf
675,4,2.1792969027008398,-0.6442422579479965,0.6550677324656027,2.5094999999999996,1,2.5094999999999996,6.0,inf
675,5,2.1792969027008398,-0.6442422579479965,0.6550677324656027,2.5094999999999996,1,2.5094999999999996,6.0,inf
676,0,-1.1065127541078998,0.40358685469076494,0.028540889505607736,3.9926999999999997,1,3.9926999999999997,6.0,inf
676,1,-1.1065127541078998,0.40358685469076494,0.028540889505607736,3.9926999999999997,1,3.9926999999999997,6.0,inf
676,2,-1.1065127541078998,0.40358685469076494,0.028540889505607736,3.9926999999999997,1,3.9926999999999997,6.0,inf
676,3,-1.1065127541078998,0.40358685469076494,0.028540889505607736,3.9926999999999997,1,3.9926999999999997,6.0,inf
676,4,-1.1065127541078998,0.40358685469076494,0.028540889505607736,3.9926999999999997,1,3.9926999999999997,6.0,inf
676,5,-1.1065127541078998,0.40358685469076494,0.028540889505607736,3.9926999999999997,1,3.9926999999999997,6.0,inf
677,0,0.5715482408503594,-1.3155667296679678,1.1757278763442205,1.9503,1,1.9503,6.0,inf
677,1,0.5715482408503594,-1.3155667296679678,1.1757278763442205,1.9503,1,1.9503,6.0,inf
677,2,0.5715482408503594,-1.3155667296679678,1.1757278763442205,1.9503,1,1.9503,6.0,inf
677,3,0.5715482408503594,-1.3155667296679678,1.1757278763442205,1.9503,1,1.9503,6.0,inf
677,4,0.5715482408503594,-1.3155667296679678,1.1757278763442205,1.9503,1,1.9503,6.0,inf
677,5,0.5715482408503594,-1.3155667296679678,1.1757278763442205,1.9503,1,1.9503,6.0,inf
678,0,-0.6852971472834737,1.173570282416755,0.2840095018903503,0.9038999999999999,1,0.9038999999999999,6.0,inf
678,1,-0.6852971472834737,1.173570282416755,0.2840095018903503,0.9038999999999999,1,0.9038999999999999,6.0,inf
678,2,-0.6852971472834737,1.173570282416755,0.2840095018903503,0.9038999999999999,1,0.9038999999999999,6.0,inf
678,3,-0.6852971472834737,1.173570282416755,0.2840095018903503,0.9038999999999999,1,0.9038999999999999,6.0,inf
678,4,-0.6852971472834737,1.173570282416755,0.2840095018903503,0.9038999999999999,1,0.9038999999999999,6.0,inf
678,5,-0.6852971472834737,1.173570282416755,0.2840095018903503,0.9038999999999999,1,0.9038999999999999,6.0,inf
679,0,0.7083232546346101,1.1676483746971646,-1.9734623317164357,0.9512999999999999,1,0.9512999999999999,6.0,inf
679,1,0.7083232546346101,1.1676483746971646,-1.9734623317164357,0.9512999999999999,1,0.9512999999999999,6.0,inf
679,2,0.7083232546346101,1.1676483746971646,-1.9734623317164357,0.9512999999999999,1,0.9512999999999999,6.0,inf
679,3,0.7083232546346101,1.1676483746971646,-1.9734623317164357,0.9512999999999999,1,0.9512999999999999,6.0,inf
679,4,0.7083232546346101,1.1676483746971646,-1.9734623317164357,0.9512999999999999,1,0.9512999999999999,6.0,inf
679,5,0.7083232546346101,1.1676483746971646,-1.9734623317164357,0.9512999999999999,1,0.9512999999999999,6.0,inf
680,0,-0.2653728028629828,-0.7776059765332106,-0.5873493574429964,1.1810999999999998,1,1.1810999999999998,6.0,inf
680,1,-0.2653728028629828,-0.7776059765332106,-0.5873493574429964,1.1810999999999998,1,1.1810999999999998,6.0,inf
680,2,-0.2653728028629828,-0.7776059765332106,-0.5873493574429964,1.1810999999999998,1,1.1810999999999998,6.0,inf
680,3,-0.2653728028629828,-0.7776059765332106,-0.5873493574429964,1.1810999999999998,1,1.1810999999999998,6.0,inf
680,4,-0.2653728028629828,-0.7776059765332106,-0.5873493574429964,1.1810999999999998,1,1.1810999999999998,6.0,inf
680,5,-0.2653728028629828,-0.7776059765332106,-0.5873493574429964,1.1810999999999998,1,1.1810999999999998,6.0,inf
681,0,-0.6730803834157826,1.9175770563181798,1.220297255962472,0.5570999999999999,1,0.5570999999999999,6.0,inf
681,1,-0.6730803834157826,1.9175770563181798,1.220297255962472,0.5570999999999999,1,0.5570999999999999,6.0,inf
681,2,-0.6730803834157826,1.9175770563181798,1.220297255962472,0.5570999999999999,1,0.5570999999999999,6.0,inf
681,3,-0.6730803834157826,1.9175770563181798,1.220297255962472,0.5570999999999999,1,0.5570999999999999,6.0,inf
681,4,-0.6730803834157826,1.9175770563181798,1.220297255962472,0.5570999999999999,1,0.5570999999999999,6.0,inf
681,5,-0.6730803834157826,1.9175770563181798,1.220297255962472,0.5570999999999999,1,0.5570999999999999,6.0,inf
682,0,0.0031297069389857914,0.9266304133754207,-0.2677340453138564,0.9434999999999999,1,0.9434999999999999,6.0,inf
682,1,0.0031297069389857914,0.9266304133754207,-0.2677340453138564,0.9434999999999999,1,0.9434999999999999,6.0,inf
682,2,0.0031297069389857914,0.9266304133754207,-0.2677340453138564,0.9434999999999999,1,0.9434999999999999,6.0,inf
682,3,0.0031297069389857914,0.9266304133754207,-0.2677340453138564,0.9434999999999999,1,0.9434999999999999,6.0,inf
682,4,0.0031297069389857914,0.9266304133754207,-0.2677340453138564,0.9434999999999999,1,0.9434999999999999,6.0,inf
682,5,0.0031297069389857914,0.9266304133754207,-0.2677340453138564,0.9434999999999999,1,0.9434999999999999,6.0,inf
683,0,-1.2308564445116934,1.1515593145778242,-0.9210512387948371,1.7223,1,1.7223,6.0,inf
683,1,-1.2308564445116934,1.1515593145778242,-0.9210512387948371,1.7223,1,1.7223,6.0,inf
683,2,-1.2308564445116934,1.1515593145778242,-0.9210512387948371,1.7223,1,1.7223,6.0,inf
683,3,-1.2308564445116934,1.1515593145778242,-0.9210512387948371,1.7223,1,1.7223,6.0,inf
683,4,-1.2308564445116934,1.1515593145778242,-0.9210512387948371,1.7223,1,1.7223,6.0,inf
683,5,-1.2308564445116934,1.1515593145778242,-0.9210512387948371,1.7223,1,1.7223,6.0,inf
684,0,-0.2523768036400966,0.37247215390910904,0.5882235691281783,1.5887999999999998,1,1.5887999999999998,6.0,inf
684,1,-0.2523768036400966,0.37247215390910904,0.5882235691281783,1.5887999999999998,1,1.5887999999999998,6.0,inf
684,2,-0.2523768036400966,0.37247215390910904,0.5882235691281783,1.5887999999999998,1,1.5887999999999998,6.0,inf
684,3,-0.2523768036400966,0.37247215390910904,0.5882235691281783,1.5887999999999998,1,1.5887999999999998,6.0,inf
684,4,-0.2523768036400966,0.37247215390910904,0.5882235691281783,1.5887999999999998,1,1.5887999999999998,6.0,inf
684,5,-0.2523768036400966,0.37247215390910904,0.5882235691281783,1.5887999999999998,1,1.5887999999999998,6.0,inf
685,0,-0.43316573106944467,-1.2296630999705862,-1.3603469725085107,6.0,0,8.0001,6.0,inf
685,1,-0.43316573106944467,-1.2296630999705862,-1.3603469725085107,6.0,0,8.0001,6.0,inf
685,2,-0.43316573106944467,-1.2296630999705862,-1.3603469725085107,6.0,0,8.0001,6.0,inf
685,3,-0.43316573106944467,-1.2296630999705862,-1.3603469725085107,6.0,0,8.0001,6.0,inf
685,4,-0.43316573106944467,-1.2296630999705862,-1.3603469725085107,6.0,0,8.0001,6.0,inf
685,5,-0.43316573106944467,-1.2296630999705862,-1.3603469725085107,6.0,0,8.0001,6.0,inf
686,0,0.3420287268329467,0.27793822744660873,0.9328013618958888,1.2831,1,1.2831,6.0,inf
686,1,0.3420287268329467,0.27793822744660873,0.9328013618958888,1.2831,1,1.2831,6.0,inf
686,2,0.3420287268329467,0.27793822744660873,0.9328013618958888,1.2831,1,1.2831,6.0,inf
686,3,0.3420287268329467,0.27793822744660873,0.9328013618958888,1.2831,1,1.2831,6.0,inf
686,4,0.3420287268329467,0.27793822744660873,0.9328013618958888,1.2831,1,1.2831,6.0,inf
686,5,0.3420287268329467,0.27793822744660873,0.9328013618958888,1.2831,1,1.2831,6.0,inf
687,0,-0.5974916139142615,0.5439535671956383,-0.03703826045827789,0.9318,1,0.9318,6.0,inf
687,1,-0.5974916139142615,0.5439535671956383,-0.03703826045827789,0.9318,1,0.9318,6.0,inf
687,2,-0.5974916139142615,0.5439535671956383,-0.03703826045827789,0.9318,1,0.9318,6.0,inf
687,3,-0.5974916139142615,0.5439535671956383,-0.03703826045827789,0.9318,1,0.9318,6.0,inf
687,4,-0.5974916139142615,0.5439535671956383,-0.03703826045827789,0.9318,1,0.9318,6.0,inf
687,5,-0.5974916139142615,0.5439535671956383,-0.03703826045827789,0.9318,1,0.9318,6.0,inf
688,0,1.342684161252518,0.080838894194367,-0.33202977625765195,1.1754,1,1.1754,6.0,inf
688,1,1.342684161252518,0.080838894194367,-0.33202977625765195,1.1754,1,1.1754,6.0,inf
688,2,1.342684161252518,0.080838894194367,-0.33202977625765195,1.1754,1,1.1754,6.0,inf
688,3,1.342684161252518,0.080838894194367,-0.33202977625765195,1.1754,1,1.1754,6.0,inf
688,4,1.342684161252518,0.080838894194367,-0.33202977625765195,1.1754,1,1.1754,6.0,inf
688,5,1.342684161252518,0.080838894194367,-0.33202977625765195,1.1754,1,1.1754,6.0,inf
689,0,-1.1366821664659845,0.314520326792917,-0.8354163846346764,6.0,0,8.0001,6.0,inf
689,1,-1.1366821664659845,0.314520326792917,-0.8354163846346764,6.0,0,8.0001,6.0,inf
689,2,-1.1366821664659845,0.314520326792917,-0.8354163846346764,6.0,0,8.0001,6.0,inf
689,3,-1.1366821664659845,0.314520326792917,-0.8354163846346764,6.0,0,8.0001,6.0,inf
689,4,-1.1366821664659845,0.314520326792917,-0.8354163846346764,6.0,0,8.0001,6.0,inf
689,5,-1.1366821664659845,0.314520326792917,-0.8354163846346764,6.0,0,8.0001,6.0,inf
690,0,-0.6487619070278202,-1.008053304134138,-0.07358754557715742,2.9195999999999995,1,2.9195999999999995,6.0,inf
690,1,-0.6487619070278202,-1.008053304134138,-0.07358754557715742,2.9195999999999995,1,2.9195999999999995,6.0,inf
690,2,-0.6487619070278202,-1.008053304134138,-0.07358754557715742,2.9195999999999995,1,2.9195999999999995,6.0,inf
690,3,-0.6487619070278202,-1.008053304134138,-0.07358754557715742,2.9195999999999995,1,2.9195999999999995,6.0,inf
690,4,-0.6487619070278202,-1.008053304134138,-0.07358754557715742,2.9195999999999995,1,2.9195999999999995,6.0,inf
690,5,-0.6487619070278202,-1.008053304134138,-0.07358754557715742,2.9195999999999995,1,2.9195999999999995,6.0,inf
691,0,0.06742174346402426,-1.2016083142333052,0.7480285652553251,2.2125,1,2.2125,6.0,inf
691,1,0.06742174346402426,-1.2016083142333052,0.7480285652553251,2.2125,1,2.2125,6.0,inf
691,2,0.06742174346402426,-1.2016083142333052,0.7480285652553251,2.2125,1,2.2125,6.0,inf
691,3,0.06742174346402426,-1.2016083142333052,0.7480285652553251,2.2125,1,2.2125,6.0,inf
691,4,0.06742174346402426,-1.2016083142333052,0.7480285652553251,2.2125,1,2.2125,6.0,inf
691,5,0.06742174346402426,-1.2016083142333052,0.7480285652553251,2.2125,1,2.2125,6.0,inf
692,0,0.6157987452853371,-0.3493060195019143,-0.38751463948263754,0.37439999999999996,1,0.37439999999999996,6.0,inf
692,1,0.6157987452853371,-0.3493060195019143,-0.38751463948263754,0.37439999999999996,1,0.37439999999999996,6.0,inf
692,2,0.6157987452853371,-0.3493060195019143,-0.38751463948263754,0.37439999999999996,1,0.37439999999999996,6.0,inf
692,3,0.6157987452853371,-0.3493060195019143,-0.38751463948263754,0.37439999999999996,1,0.37439999999999996,6.0,inf
692,4,0.6157987452853371,-0.3493060195019143,-0.38751463948263754,0.37439999999999996,1,0.37439999999999996,6.0,inf
692,5,0.6157987452853371,-0.3493060195019143,-0.38751463948263754,0.37439999999999996,1,0.37439999999999996,6.0,inf
693,0,-1.1082497561312572,0.7120600775844601,0.16811068225720527,4.308,1,4.308,6.0,inf
693,1,-1.1082497561312572,0.7120600775844601,0.16811068225720527,4.308,1,4.308,6.0,inf
693,2,-1.1082497561312572,0.7120600775844601,0.16811068225720527,4.308,1,4.308,6.0,inf
693,3,-1.1082497561312572,0.7120600775844601,0.16811068225720527,4.308,1,4.308,6.0,inf
693,4,-1.1082497561312572,0.7120600775844601,0.16811068225720527,4.308,1,4.308,6.0,inf
693,5,-1.1082497561312572,0.7120600775844601,0.16811068225720527,4.308,1,4.308,6.0,inf
694,0,0.08770624256457299,-1.1405494985592184,1.8540440757562289,1.9002,1,1.9002,6.0,inf
694,1,0.08770624256457299,-1.1405494985592184,1.8540440757562289,1.9002,1,1.9002,6.0,inf
694,2,0.08770624256457299,-1.1405494985592184,1.8540440757562289,1.9002,1,1.9002,6.0,inf
694,3,0.08770624256457299,-1.1405494985592184,1.8540440757562289,1.9002,1,1.9002,6.0,inf
694,4,0.08770624256457299,-1.1405494985592184,1.8540440757562289,1.9002,1,1.9002,6.0,inf
694,5,0.08770624256457299,-1.1405494985592184,1.8540440757562289,1.9002,1,1.9002,6.0,inf
695,0,0.31756809914116807,-0.9444129071976813,0.3763799406945655,6.0,0,6.7848,6.0,inf
695,1,0.31756809914116807,-0.9444129071976813,0.3763799406945655,6.0,0,6.7848,6.0,inf
695,2,0.31756809914116807,-0.9444129071976813,0.3763799406945655,6.0,0,6.7848,6.0,inf
695,3,0.31756809914116807,-0.9444129071976813,0.3763799406945655,6.0,0,6.7848,6.0,inf
695,4,0.31756809914116807,-0.9444129071976813,0.3763799406945655,6.0,0,6.7848,6.0,inf
695,5,0.31756809914116807,-0.9444129071976813,0.3763799406945655,6.0,0,6.7848,6.0,inf
696,0,0.5485140526090633,0.3942240415473564,-0.17551775414180634,3.1226999999999996,1,3.1226999999999996,6.0,inf
696,1,0.5485140526090633,0.3942240415473564,-0.17551775414180634,3.1226999999999996,1,3.1226999999999996,6.0,inf
696,2,0.5485140526090633,0.3942240415473564,-0.17551775414180634,3.1226999999999996,1,3.1226999999999996,6.0,inf
696,3,0.5485140526090633,0.3942240415473564,-0.17551775414180634,3.1226999999999996,1,3.1226999999999996,6.0,inf
696,4,0.5485140526090633,0.3942240415473564,-0.17551775414180634,3.1226999999999996,1,3.1226999999999996,6.0,inf
696,5,0.5485140526090633,0.3942240415473564,-0.17551775414180634,3.1226999999999996,1,3.1226999999999996,6.0,inf
697,0,-1.1355831125298868,0.2451095018228953,-0.7464460667670136,0.39809999999999995,1,0.39809999999999995,6.0,inf
697,1,-1.1355831125298868,0.2451095018228953,-0.7464460667670136,0.39809999999999995,1,0.39809999999999995,6.0,inf
697,2,-1.1355831125298868,0.2451095018228953,-0.7464460667670136,0.39809999999999995,1,0.39809999999999995,6.0,inf
697,3,-1.1355831125298868,0.2451095018228953,-0.7464460667670136,0.39809999999999995,1,0.39809999999999995,6.0,inf
697,4,-1.1355831125298868,0.2451095018228953,-0.7464460667670136,0.39809999999999995,1,0.39809999999999995,6.0,inf
697,5,-1.1355831125298868,0.2451095018228953,-0.7464460667670136,0.39809999999999995,1,0.39809999999999995,6.0,inf
698,0,1.4029178190013492,0.9953107673232116,-0.3880841479797457,1.9616999999999998,1,1.9616999999999998,6.0,inf
698,1,1.4029178190013492,0.9953107673232116,-0.3880841479797457,1.9616999999999998,1,1.9616999999999998,6.0,inf
698,2,1.4029178190013492,0.9953107673232116,-0.3880841479797457,1.9616999999999998,1,1.9616999999999998,6.0,inf
698,3,1.4029178190013492,0.9953107673232116,-0.3880841479797457,1.9616999999999998,1,1.9616999999999998,6.0,inf
698,4,1.4029178190013492,0.9953107673232116,-0.3880841479797457,1.9616999999999998,1,1.9616999999999998,6.0,inf
698,5,1.4029178190013492,0.9953107673232116,-0.3880841479797457,1.9616999999999998,1,1.9616999999999998,6.0,inf
699,0,-0.9150495585468454,-0.32800950410880675,0.39530753967010124,3.9200999999999997,1,3.9200999999999997,6.0,inf
699,1,-0.9150495585468454,-0.32800950410880675,0.39530753967010124,3.9200999999999997,1,3.9200999999999997,6.0,inf
699,2,-0.9150495585468454,-0.32800950410880675,0.39530753967010124,3.9200999999999997,1,3.9200999999999997,6.0,inf
699,3,-0.9150495585468454,-0.32800950410880675,0.39530753967010124,3.9200999999999997,1,3.9200999999999997,6.0,inf
699,4,-0.9150495585468454,-0.32800950410880675,0.39530753967010124,3.9200999999999997,1,3.9200999999999997,6.0,inf
699,5,-0.9150495585468454,-0.32800950410880675,0.39530753967010124,3.9200999999999997,1,3.9200999999999997,6.0,inf
700,0,0.7818299109095301,0.27931727641868026,0.8556257775427791,1.9284,1,1.9284,6.0,inf
700,1,0.7818299109095301,0.27931727641868026,0.8556257775427791,1.9284,1,1.9284,6.0,inf
700,2,0.7818299109095301,0.27931727641868026,0.8556257775427791,1.9284,1,1.9284,6.0,inf
700,3,0.7818299109095301,0.27931727641868026,0.8556257775427791,1.9284,1,1.9284,6.0,inf
700,4,0.7818299109095301,0.27931727641868026,0.8556257775427791,1.9284,1,1.9284,6.0,inf
700,5,0.7818299109095301,0.27931727641868026,0.8556257775427791,1.9284,1,1.9284,6.0,inf
701,0,-0.5854113317681714,-1.269325657018472,-2.0428423394578052,6.0,0,7.7646,6.0,inf
701,1,-0.5854113317681714,-1.269325657018472,-2.0428423394578052,6.0,0,7.7646,6.0,inf
701,2,-0.5854113317681714,-1.269325657018472,-2.0428423394578052,6.0,0,7.7646,6.0,inf
701,3,-0.5854113317681714,-1.269325657018472,-2.0428423394578052,6.0,0,7.7646,6.0,inf
701,4,-0.5854113317681714,-1.269325657018472,-2.0428423394578052,6.0,0,7.7646,6.0,inf
701,5,-0.5854113317681714,-1.269325657018472,-2.0428423394578052,6.0,0,7.7646,6.0,inf
702,0,1.3650809179480927,0.32410354192938606,-0.05418840176697624,1.2081,1,1.2081,6.0,inf
702,1,1.3650809179480927,0.32410354192938606,-0.05418840176697624,1.2081,1,1.2081,6.0,inf
702,2,1.3650809179480927,0.32410354192938606,-0.05418840176697624,1.2081,1,1.2081,6.0,inf
702,3,1.3650809179480927,0.32410354192938606,-0.05418840176697624,1.2081,1,1.2081,6.0,inf
702,4,1.3650809179480927,0.32410354192938606,-0.05418840176697624,1.2081,1,1.2081,6.0,inf
702,5,1.3650809179480927,0.32410354192938606,-0.05418840176697624,1.2081,1,1.2081,6.0,inf
703,0,0.536733829955462,0.352948718371928,-1.5726027833192204,2.6618999999999997,1,2.6618999999999997,6.0,inf
703,1,0.536733829955462,0.352948718371928,-1.5726027833192204,2.6618999999999997,1,2.6618999999999997,6.0,inf
703,2,0.536733829955462,0.352948718371928,-1.5726027833192204,2.6618999999999997,1,2.6618999999999997,6.0,inf
703,3,0.536733829955462,0.352948718371928,-1.5726027833192204,2.6618999999999997,1,2.6618999999999997,6.0,inf
703,4,0.536733829955462,0.352948718371928,-1.5726027833192204,2.6618999999999997,1,2.6618999999999997,6.0,inf
703,5,0.536733829955462,0.352948718371928,-1.5726027833192204,2.6618999999999997,1,2.6618999999999997,6.0,inf
704,0,1.470614389482629,-0.878547101834407,-0.6816237850587845,3.3971999999999998,1,3.3971999999999998,6.0,inf
704,1,1.470614389482629,-0.878547101834407,-0.6816237850587845,3.3971999999999998,1,3.3971999999999998,6.0,inf
704,2,1.470614389482629,-0.878547101834407,-0.6816237850587845,3.3971999999999998,1,3.3971999999999998,6.0,inf
704,3,1.470614389482629,-0.878547101834407,-0.6816237850587845,3.3971999999999998,1,3.3971999999999998,6.0,inf
704,4,1.470614389482629,-0.878547101834407,-0.6816237850587845,3.3971999999999998,1,3.3971999999999998,6.0,inf
704,5,1.470614389482629,-0.878547101834407,-0.6816237850587845,3.3971999999999998,1,3.3971999999999998,6.0,inf
705,0,1.0145589727413924,-0.5988957316912471,1.3153664494383401,2.9852999999999996,1,2.9852999999999996,6.0,inf
705,1,1.0145589727413924,-0.5988957316912471,1.3153664494383401,2.9852999999999996,1,2.9852999999999996,6.0,inf
705,2,1.0145589727413924,-0.5988957316912471,1.3153664494383401,2.9852999999999996,1,2.9852999999999996,6.0,inf
705,3,1.0145589727413924,-0.5988957316912471,1.3153664494383401,2.9852999999999996,1,2.9852999999999996,6.0,inf
705,4,1.0145589727413924,-0.5988957316912471,1.3153664494383401,2.9852999999999996,1,2.9852999999999996,6.0,inf
705,5,1.0145589727413924,-0.5988957316912471,1.3153664494383401,2.9852999999999996,1,2.9852999999999996,6.0,inf
706,0,1.0230122897308909,0.771408881241394,-0.1289351056298813,3.0614999999999997,1,3.0614999999999997,6.0,inf
706,1,1.0230122897308909,0.771408881241394,-0.1289351056298813,3.0614999999999997,1,3.0614999999999997,6.0,inf
706,2,1.0230122897308909,0.771408881241394,-0.1289351056298813,3.0614999999999997,1,3.0614999999999997,6.0,inf
706,3,1.0230122897308909,0.771408881241394,-0.1289351056298813,3.0614999999999997,1,3.0614999999999997,6.0,inf
706,4,1.0230122897308909,0.771408881241394,-0.1289351056298813,3.0614999999999997,1,3.0614999999999997,6.0,inf
706,5,1.0230122897308909,0.771408881241394,-0.1289351056298813,3.0614999999999997,1,3.0614999999999997,6.0,inf
707,0,-0.1921288533337177,0.3343530994204082,0.11282763290024651,3.7505999999999995,1,3.7505999999999995,6.0,inf
707,1,-0.1921288533337177,0.3343530994204082,0.11282763290024651,3.7505999999999995,1,3.7505999999999995,6.0,inf
707,2,-0.1921288533337177,0.3343530994204082,0.11282763290024651,3.7505999999999995,1,3.7505999999999995,6.0,inf
707,3,-0.1921288533337177,0.3343530994204082,0.11282763290024651,3.7505999999999995,1,3.7505999999999995,6.0,inf
707,4,-0.1921288533337177,0.3343530994204082,0.11282763290024651,3.7505999999999995,1,3.7505999999999995,6.0,inf
707,5,-0.1921288533337177,0.3343530994204082,0.11282763290024651,3.7505999999999995,1,3.7505999999999995,6.0,inf
708,0,0.930870753564198,-1.0089068956834537,-0.6250574136120478,2.0328,1,2.0328,6.0,inf
708,1,0.930870753564198,-1.0089068956834537,-0.6250574136120478,2.0328,1,2.0328,6.0,inf
708,2,0.930870753564198,-1.0089068956834537,-0.6250574136120478,2.0328,1,2.0328,6.0,inf
708,3,0.930870753564198,-1.0089068956834537,-0.6250574136120478,2.0328,1,2.0328,6.0,inf
708,4,0.930870753564198,-1.0089068956834537,-0.6250574136120478,2.0328,1,2.0328,6.0,inf
708,5,0.930870753564198,-1.0089068956834537,-0.6250574136120478,2.0328,1,2.0328,6.0,inf
709,0,0.10109426104052373,0.02295255966487313,-1.4844436612206309,4.3881,1,4.3881,6.0,inf
709,1,0.10109426104052373,0.02295255966487313,-1.4844436612206309,4.3881,1,4.3881,6.0,inf
709,2,0.10109426104052373,0.02295255966487313,-1.4844436612206309,4.3881,1,4.3881,6.0,inf
709,3,0.10109426104052373,0.02295255966487313,-1.4844436612206309,4.3881,1,4.3881,6.0,inf
709,4,0.10109426104052373,0.02295255966487313,-1.4844436612206309,4.3881,1,4.3881,6.0,inf
709,5,0.10109426104052373,0.02295255966487313,-1.4844436612206309,4.3881,1,4.3881,6.0,inf
710,0,-0.8272888731736425,1.7807290481510794,0.7631755747570065,0.9041999999999999,1,0.9041999999999999,6.0,inf
710,1,-0.8272888731736425,1.7807290481510794,0.7631755747570065,0.9041999999999999,1,0.9041999999999999,6.0,inf
710,2,-0.8272888731736425,1.7807290481510794,0.7631755747570065,0.9041999999999999,1,0.9041999999999999,6.0,inf
710,3,-0.8272888731736425,1.7807290481510794,0.7631755747570065,0.9041999999999999,1,0.9041999999999999,6.0,inf
710,4,-0.8272888731736425,1.7807290481510794,0.7631755747570065,0.9041999999999999,1,0.9041999999999999,6.0,inf
710,5,-0.8272888731736425,1.7807290481510794,0.7631755747570065,0.9041999999999999,1,0.9041999999999999,6.0,inf
711,0,-0.20134386926196085,1.3192250470158904,-0.6900238008061285,0.7979999999999999,1,0.7979999999999999,6.0,inf
711,1,-0.20134386926196085,1.3192250470158904,-0.6900238008061285,0.7979999999999999,1,0.7979999999999999,6.0,inf
711,2,-0.20134386926196085,1.3192250470158904,-0.6900238008061285,0.7979999999999999,1,0.7979999999999999,6.0,inf
711,3,-0.20134386926196085,1.3192250470158904,-0.6900238008061285,0.7979999999999999,1,0.7979999999999999,6.0,inf
711,4,-0.20134386926196085,1.3192250470158904,-0.6900238008061285,0.7979999999999999,1,0.7979999999999999,6.0,inf
711,5,-0.20134386926196085,1.3192250470158904,-0.6900238008061285,0.7979999999999999,1,0.7979999999999999,6.0,inf
712,0,0.9505373515096122,-0.2597950679193049,0.07634107619766392,2.8739999999999997,1,2.8739999999999997,6.0,inf
712,1,0.9505373515096122,-0.2597950679193049,0.07634107619766392,2.8739999999999997,1,2.8739999999999997,6.0,inf
712,2,0.9505373515096122,-0.2597950679193049,0.07634107619766392,2.8739999999999997,1,2.8739999999999997,6.0,inf
712,3,0.9505373515096122,-0.2597950679193049,0.07634107619766392,2.8739999999999997,1,2.8739999999999997,6.0,inf
712,4,0.9505373515096122,-0.2597950679193049,0.07634107619766392,2.8739999999999997,1,2.8739999999999997,6.0,inf
712,5,0.9505373515096122,-0.2597950679193049,0.07634107619766392,2.8739999999999997,1,2.8739999999999997,6.0,inf
713,0,-0.4403202693451787,0.7277188933143571,-1.1082502537004315,4.6644,1,4.6644,6.0,inf
713,1,-0.4403202693451787,0.7277188933143571,-1.1082502537004315,4.6644,1,4.6644,6.0,inf
713,2,-0.4403202693451787,0.7277188933143571,-1.1082502537004315,4.6644,1,4.6644,6.0,inf
713,3,-0.4403202693451787,0.7277188933143571,-1.1082502537004315,4.6644,1,4.6644,6.0,inf
713,4,-0.4403202693451787,0.7277188933143571,-1.1082502537004315,4.6644,1,4.6644,6.0,inf
713,5,-0.4403202693451787,0.7277188933143571,-1.1082502537004315,4.6644,1,4.6644,6.0,inf
714,0,0.20526195927872587,-0.17502313006255885,-1.3759867928040608,3.1796999999999995,1,3.1796999999999995,6.0,inf
714,1,0.20526195927872587,-0.17502313006255885,-1.3759867928040608,3.1796999999999995,1,3.1796999999999995,6.0,inf
714,2,0.20526195927872587,-0.17502313006255885,-1.3759867928040608,3.1796999999999995,1,3.1796999999999995,6.0,inf
714,3,0.20526195927872587,-0.17502313006255885,-1.3759867928040608,3.1796999999999995,1,3.1796999999999995,6.0,inf
714,4,0.20526195927872587,-0.17502313006255885,-1.3759867928040608,3.1796999999999995,1,3.1796999999999995,6.0,inf
714,5,0.20526195927872587,-0.17502313006255885,-1.3759867928040608,3.1796999999999995,1,3.1796999999999995,6.0,inf
715,0,0.14497536235325773,0.45905815066772887,0.10985525450894303,1.5207,1,1.5207,6.0,inf
715,1,0.14497536235325773,0.45905815066772887,0.10985525450894303,1.5207,1,1.5207,6.0,inf
715,2,0.14497536235325773,0.45905815066772887,0.10985525450894303,1.5207,1,1.5207,6.0,inf
715,3,0.14497536235325773,0.45905815066772887,0.10985525450894303,1.5207,1,1.5207,6.0,inf
715,4,0.14497536235325773,0.45905815066772887,0.10985525450894303,1.5207,1,1.5207,6.0,inf
715,5,0.14497536235325773,0.45905815066772887,0.10985525450894303,1.5207,1,1.5207,6.0,inf
716,0,-0.4829008142881773,-1.614167074816976,0.43916518017389367,6.0,0,7.088699999999999,6.0,inf
716,1,-0.4829008142881773,-1.614167074816976,0.43916518017389367,6.0,0,7.088699999999999,6.0,inf
716,2,-0.4829008142881773,-1.614167074816976,0.43916518017389367,6.0,0,7.088699999999999,6.0,inf
716,3,-0.4829008142881773,-1.614167074816976,0.43916518017389367,6.0,0,7.088699999999999,6.0,inf
716,4,-0.4829008142881773,-1.614167074816976,0.43916518017389367,6.0,0,7.088699999999999,6.0,inf
716,5,-0.4829008142881773,-1.614167074816976,0.43916518017389367,6.0,0,7.088699999999999,6.0,inf
717,0,0.20663473580200256,-1.0461067681131118,-1.4106926278277094,3.3657,1,3.3657,6.0,inf
717,1,0.20663473580200256,-1.0461067681131118,-1.4106926278277094,3.3657,1,3.3657,6.0,inf
717,2,0.20663473580200256,-1.0461067681131118,-1.4106926278277094,3.3657,1,3.3657,6.0,inf
717,3,0.20663473580200256,-1.0461067681131118,-1.4106926278277094,3.3657,1,3.3657,6.0,inf
717,4,0.20663473580200256,-1.0461067681131118,-1.4106926278277094,3.3657,1,3.3657,6.0,inf
717,5,0.20663473580200256,-1.0461067681131118,-1.4106926278277094,3.3657,1,3.3657,6.0,inf
718,0,1.74139183643712,0.6778190655133186,-0.5696120515740417,2.1008999999999998,1,2.1008999999999998,6.0,inf
718,1,1.74139183643712,0.6778190655133186,-0.5696120515740417,2.1008999999999998,1,2.1008999999999998,6.0,inf
718,2,1.74139183643712,0.6778190655133186,-0.5696120515740417,2.1008999999999998,1,2.1008999999999998,6.0,inf
718,3,1.74139183643712,0.6778190655133186,-0.5696120515740417,2.1008999999999998,1,2.1008999999999998,6.0,inf
718,4,1.74139183643712,0.6778190655133186,-0.5696120515740417,2.1008999999999998,1,2.1008999999999998,6.0,inf
718,5,1.74139183643712,0.6778190655133186,-0.5696120515740417,2.1008999999999998,1,2.1008999999999998,6.0,inf
719,0,-0.4734741733787186,-0.18480605337723643,-0.08115988756115528,1.767,1,1.767,6.0,inf
719,1,-0.4734741733787186,-0.18480605337723643,-0.08115988756115528,1.767,1,1.767,6.0,inf
719,2,-0.4734741733787186,-0.18480605337723643,-0.08115988756115528,1.767,1,1.767,6.0,inf
719,3,-0.4734741733787186,-0.18480605337723643,-0.08115988756115528,1.767,1,1.767,6.0,inf
719,4,-0.4734741733787186,-0.18480605337723643,-0.08115988756115528,1.767,1,1.767,6.0,inf
719,5,-0.4734741733787186,-0.18480605337723643,-0.08115988756115528,1.767,1,1.767,6.0,inf
720,0,0.6423583186211227,0.02216030005125662,0.5772425013462512,2.8499999999999996,1,2.8499999999999996,6.0,inf
720,1,0.6423583186211227,0.02216030005125662,0.5772425013462512,2.8499999999999996,1,2.8499999999999996,6.0,inf
720,2,0.6423583186211227,0.02216030005125662,0.5772425013462512,2.8499999999999996,1,2.8499999999999996,6.0,inf
720,3,0.6423583186211227,0.02216030005125662,0.5772425013462512,2.8499999999999996,1,2.8499999999999996,6.0,inf
720,4,0.6423583186211227,0.02216030005125662,0.5772425013462512,2.8499999999999996,1,2.8499999999999996,6.0,inf
720,5,0.6423583186211227,0.02216030005125662,0.5772425013462512,2.8499999999999996,1,2.8499999999999996,6.0,inf
721,0,1.7788527899449416,-1.3964751992465796,0.3895758987981312,2.6273999999999997,1,2.6273999999999997,6.0,inf
721,1,1.7788527899449416,-1.3964751992465796,0.3895758987981312,2.6273999999999997,1,2.6273999999999997,6.0,inf
721,2,1.7788527899449416,-1.3964751992465796,0.3895758987981312,2.6273999999999997,1,2.6273999999999997,6.0,inf
721,3,1.7788527899449416,-1.3964751992465796,0.3895758987981312,2.6273999999999997,1,2.6273999999999997,6.0,inf
721,4,1.7788527899449416,-1.3964751992465796,0.3895758987981312,2.6273999999999997,1,2.6273999999999997,6.0,inf
721,5,1.7788527899449416,-1.3964751992465796,0.3895758987981312,2.6273999999999997,1,2.6273999999999997,6.0,inf
722,0,-0.2685110123587432,-0.11183470288137845,-0.30831519720547124,2.5995,1,2.5995,6.0,inf
722,1,-0.2685110123587432,-0.11183470288137845,-0.30831519720547124,2.5995,1,2.5995,6.0,inf
722,2,-0.2685110123587432,-0.11183470288137845,-0.30831519720547124,2.5995,1,2.5995,6.0,inf
722,3,-0.2685110123587432,-0.11183470288137845,-0.30831519720547124,2.5995,1,2.5995,6.0,inf
722,4,-0.2685110123587432,-0.11183470288137845,-0.30831519720547124,2.5995,1,2.5995,6.0,inf
722,5,-0.2685110123587432,-0.11183470288137845,-0.30831519720547124,2.5995,1,2.5995,6.0,inf
723,0,0.7485869469770254,-0.2790508811531405,-0.8427596220827673,5.6793,1,5.6793,6.0,inf
723,1,0.7485869469770254,-0.2790508811531405,-0.8427596220827673,5.6793,1,5.6793,6.0,inf
723,2,0.7485869469770254,-0.2790508811531405,-0.8427596220827673,5.6793,1,5.6793,6.0,inf
723,3,0.7485869469770254,-0.2790508811531405,-0.8427596220827673,5.6793,1,5.6793,6.0,inf
723,4,0.7485869469770254,-0.2790508811531405,-0.8427596220827673,5.6793,1,5.6793,6.0,inf
723,5,0.7485869469770254,-0.2790508811531405,-0.8427596220827673,5.6793,1,5.6793,6.0,inf
724,0,-0.9351483853790264,-0.23873440211265126,-0.40877827319595234,4.8294,1,4.8294,6.0,inf
724,1,-0.9351483853790264,-0.23873440211265126,-0.40877827319595234,4.8294,1,4.8294,6.0,inf
724,2,-0.9351483853790264,-0.23873440211265126,-0.40877827319595234,4.8294,1,4.8294,6.0,inf
724,3,-0.9351483853790264,-0.23873440211265126,-0.40877827319595234,4.8294,1,4.8294,6.0,inf
724,4,-0.9351483853790264,-0.23873440211265126,-0.40877827319595234,4.8294,1,4.8294,6.0,inf
724,5,-0.9351483853790264,-0.23873440211265126,-0.40877827319595234,4.8294,1,4.8294,6.0,inf
725,0,-2.472060619455557,1.4854968258012289,-1.073356367514013,6.0,0,8.0001,6.0,inf
725,1,-2.472060619455557,1.4854968258012289,-1.073356367514013,6.0,0,8.0001,6.0,inf
725,2,-2.472060619455557,1.4854968258012289,-1.073356367514013,6.0,0,8.0001,6.0,inf
725,3,-2.472060619455557,1.4854968258012289,-1.073356367514013,6.0,0,8.0001,6.0,inf
725,4,-2.472060619455557,1.4854968258012289,-1.073356367514013,6.0,0,8.0001,6.0,inf
725,5,-2.472060619455557,1.4854968258012289,-1.073356367514013,6.0,0,8.0001,6.0,inf
726,0,0.47874171249263936,0.7753878405848312,1.1117263696332191,2.2628999999999997,1,2.2628999999999997,6.0,inf
726,1,0.47874171249263936,0.7753878405848312,1.1117263696332191,2.2628999999999997,1,2.2628999999999997,6.0,inf
726,2,0.47874171249263936,0.7753878405848312,1.1117263696332191,2.2628999999999997,1,2.2628999999999997,6.0,inf
726,3,0.47874171249263936,0.7753878405848312,1.1117263696332191,2.2628999999999997,1,2.2628999999999997,6.0,inf
726,4,0.47874171249263936,0.7753878405848312,1.1117263696332191,2.2628999999999997,1,2.2628999999999997,6.0,inf
726,5,0.47874171249263936,0.7753878405848312,1.1117263696332191,2.2628999999999997,1,2.2628999999999997,6.0,inf
727,0,0.2740505527500449,-1.3966455755261922,1.8621584583737627,1.1517,1,1.1517,6.0,inf
727,1,0.2740505527500449,-1.3966455755261922,1.8621584583737627,1.1517,1,1.1517,6.0,inf
727,2,0.2740505527500449,-1.3966455755261922,1.8621584583737627,1.1517,1,1.1517,6.0,inf
727,3,0.2740505527500449,-1.3966455755261922,1.8621584583737627,1.1517,1,1.1517,6.0,inf
727,4,0.2740505527500449,-1.3966455755261922,1.8621584583737627,1.1517,1,1.1517,6.0,inf
727,5,0.2740505527500449,-1.3966455755261922,1.8621584583737627,1.1517,1,1.1517,6.0,inf
728,0,1.0471348206140965,0.5496028990652639,-0.3592008469231744,2.5452,1,2.5452,6.0,inf
728,1,1.0471348206140965,0.5496028990652639,-0.3592008469231744,2.5452,1,2.5452,6.0,inf
728,2,1.0471348206140965,0.5496028990652639,-0.3592008469231744,2.5452,1,2.5452,6.0,inf
728,3,1.0471348206140965,0.5496028990652639,-0.3592008469231744,2.5452,1,2.5452,6.0,inf
728,4,1.0471348206140965,0.5496028990652639,-0.3592008469231744,2.5452,1,2.5452,6.0,inf
728,5,1.0471348206140965,0.5496028990652639,-0.3592008469231744,2.5452,1,2.5452,6.0,inf
729,0,-0.9214763619269583,-0.7696148320266071,-0.8654519004670777,6.0,0,8.0001,6.0,inf
729,1,-0.9214763619269583,-0.7696148320266071,-0.8654519004670777,6.0,0,8.0001,6.0,inf
729,2,-0.9214763619269583,-0.7696148320266071,-0.8654519004670777,6.0,0,8.0001,6.0,inf
729,3,-0.9214763619269583,-0.7696148320266071,-0.8654519004670777,6.0,0,8.0001,6.0,inf
729,4,-0.9214763619269583,-0.7696148320266071,-0.8654519004670777,6.0,0,8.0001,6.0,inf
729,5,-0.9214763619269583,-0.7696148320266071,-0.8654519004670777,6.0,0,8.0001,6.0,inf
730,0,0.25407259333853194,0.5095992334221845,2.1639735611816002,1.6032,1,1.6032,6.0,inf
730,1,0.25407259333853194,0.5095992334221845,2.1639735611816002,1.6032,1,1.6032,6.0,inf
730,2,0.25407259333853194,0.5095992334221845,2.1639735611816002,1.6032,1,1.6032,6.0,inf
730,3,0.25407259333853194,0.5095992334221845,2.1639735611816002,1.6032,1,1.6032,6.0,inf
730,4,0.25407259333853194,0.5095992334221845,2.1639735611816002,1.6032,1,1.6032,6.0,inf
730,5,0.25407259333853194,0.5095992334221845,2.1639735611816002,1.6032,1,1.6032,6.0,inf
731,0,-1.6176009072816135,0.3553338117925729,0.24888245916247625,2.1020999999999996,1,2.1020999999999996,6.0,inf
731,1,-1.6176009072816135,0.3553338117925729,0.24888245916247625,2.1020999999999996,1,2.1020999999999996,6.0,inf
731,2,-1.6176009072816135,0.3553338117925729,0.24888245916247625,2.1020999999999996,1,2.1020999999999996,6.0,inf
731,3,-1.6176009072816135,0.3553338117925729,0.24888245916247625,2.1020999999999996,1,2.1020999999999996,6.0,inf
731,4,-1.6176009072816135,0.3553338117925729,0.24888245916247625,2.1020999999999996,1,2.1020999999999996,6.0,inf
731,5,-1.6176009072816135,0.3553338117925729,0.24888245916247625,2.1020999999999996,1,2.1020999999999996,6.0,inf
732,0,0.2312684800118019,-0.028603449116186782,-1.1387584352719415,3.8615999999999997,1,3.8615999999999997,6.0,inf
732,1,0.2312684800118019,-0.028603449116186782,-1.1387584352719415,3.8615999999999997,1,3.8615999999999997,6.0,inf
732,2,0.2312684800118019,-0.028603449116186782,-1.1387584352719415,3.8615999999999997,1,3.8615999999999997,6.0,inf
732,3,0.2312684800118019,-0.028603449116186782,-1.1387584352719415,3.8615999999999997,1,3.8615999999999997,6.0,inf
732,4,0.2312684800118019,-0.028603449116186782,-1.1387584352719415,3.8615999999999997,1,3.8615999999999997,6.0,inf
732,5,0.2312684800118019,-0.028603449116186782,-1.1387584352719415,3.8615999999999997,1,3.8615999999999997,6.0,inf
733,0,-1.453928996362632,-0.8856921147223268,-0.9480629028332832,2.7104999999999997,1,2.7104999999999997,6.0,inf
733,1,-1.453928996362632,-0.8856921147223268,-0.9480629028332832,2.7104999999999997,1,2.7104999999999997,6.0,inf
733,2,-1.453928996362632,-0.8856921147223268,-0.9480629028332832,2.7104999999999997,1,2.7104999999999997,6.0,inf
733,3,-1.453928996362632,-0.8856921147223268,-0.9480629028332832,2.7104999999999997,1,2.7104999999999997,6.0,inf
733,4,-1.453928996362632,-0.8856921147223268,-0.9480629028332832,2.7104999999999997,1,2.7104999999999997,6.0,inf
733,5,-1.453928996362632,-0.8856921147223268,-0.9480629028332832,2.7104999999999997,1,2.7104999999999997,6.0,inf
734,0,-0.6585025778310962,-0.05131219707523901,0.03787967347542492,3.5222999999999995,1,3.5222999999999995,6.0,inf
734,1,-0.6585025778310962,-0.05131219707523901,0.03787967347542492,3.5222999999999995,1,3.5222999999999995,6.0,inf
734,2,-0.6585025778310962,-0.05131219707523901,0.03787967347542492,3.5222999999999995,1,3.5222999999999995,6.0,inf
734,3,-0.6585025778310962,-0.05131219707523901,0.03787967347542492,3.5222999999999995,1,3.5222999999999995,6.0,inf
734,4,-0.6585025778310962,-0.05131219707523901,0.03787967347542492,3.5222999999999995,1,3.5222999999999995,6.0,inf
734,5,-0.6585025778310962,-0.05131219707523901,0.03787967347542492,3.5222999999999995,1,3.5222999999999995,6.0,inf
735,0,-0.19210992725038983,0.7717976922684101,-0.8241669824082057,6.0,0,8.0001,6.0,inf
735,1,-0.19210992725038983,0.7717976922684101,-0.8241669824082057,6.0,0,8.0001,6.0,inf
735,2,-0.19210992725038983,0.7717976922684101,-0.8241669824082057,6.0,0,8.0001,6.0,inf
735,3,-0.19210992725038983,0.7717976922684101,-0.8241669824082057,6.0,0,8.0001,6.0,inf
735,4,-0.19210992725038983,0.7717976922684101,-0.8241669824082057,6.0,0,8.0001,6.0,inf
735,5,-0.19210992725038983,0.7717976922684101,-0.8241669824082057,6.0,0,8.0001,6.0,inf
736,0,-0.49126296188548896,0.44640003982763454,-0.6597675723695013,1.1238,1,1.1238,6.0,inf
736,1,-0.49126296188548896,0.44640003982763454,-0.6597675723695013,1.1238,1,1.1238,6.0,inf
736,2,-0.49126296188548896,0.44640003982763454,-0.6597675723695013,1.1238,1,1.1238,6.0,inf
736,3,-0.49126296188548896,0.44640003982763454,-0.6597675723695013,1.1238,1,1.1238,6.0,inf
736,4,-0.49126296188548896,0.44640003982763454,-0.6597675723695013,1.1238,1,1.1238,6.0,inf
736,5,-0.49126296188548896,0.44640003982763454,-0.6597675723695013,1.1238,1,1.1238,6.0,inf
737,0,1.1594207541096901,0.20656714993777084,0.24373182574295807,1.2261,1,1.2261,6.0,inf
737,1,1.1594207541096901,0.20656714993777084,0.24373182574295807,1.2261,1,1.2261,6.0,inf
737,2,1.1594207541096901,0.20656714993777084,0.24373182574295807,1.2261,1,1.2261,6.0,inf
737,3,1.1594207541096901,0.20656714993777084,0.24373182574295807,1.2261,1,1.2261,6.0,inf
737,4,1.1594207541096901,0.20656714993777084,0.24373182574295807,1.2261,1,1.2261,6.0,inf
737,5,1.1594207541096901,0.20656714993777084,0.24373182574295807,1.2261,1,1.2261,6.0,inf
738,0,0.9261755980609061,0.16467952096252197,0.9729601367242245,2.3771999999999998,1,2.3771999999999998,6.0,inf
738,1,0.9261755980609061,0.16467952096252197,0.9729601367242245,2.3771999999999998,1,2.3771999999999998,6.0,inf
738,2,0.9261755980609061,0.16467952096252197,0.9729601367242245,2.3771999999999998,1,2.3771999999999998,6.0,inf
738,3,0.9261755980609061,0.16467952096252197,0.9729601367242245,2.3771999999999998,1,2.3771999999999998,6.0,inf
738,4,0.9261755980609061,0.16467952096252197,0.9729601367242245,2.3771999999999998,1,2.3771999999999998,6.0,inf
738,5,0.9261755980609061,0.16467952096252197,0.9729601367242245,2.3771999999999998,1,2.3771999999999998,6.0,inf
739,0,-0.5066637324966072,-0.14970292280375894,-0.33026916004998913,1.7981999999999998,1,1.7981999999999998,6.0,inf
739,1,-0.5066637324966072,-0.14970292280375894,-0.33026916004998913,1.7981999999999998,1,1.7981999999999998,6.0,inf
739,2,-0.5066637324966072,-0.14970292280375894,-0.33026916004998913,1.7981999999999998,1,1.7981999999999998,6.0,inf
739,3,-0.5066637324966072,-0.14970292280375894,-0.33026916004998913,1.7981999999999998,1,1.7981999999999998,6.0,inf
739,4,-0.5066637324966072,-0.14970292280375894,-0.33026916004998913,1.7981999999999998,1,1.7981999999999998,6.0,inf
739,5,-0.5066637324966072,-0.14970292280375894,-0.33026916004998913,1.7981999999999998,1,1.7981999999999998,6.0,inf
740,0,-0.8436778112109405,2.770548211690157,-0.69617163911738,1.2447,1,1.2447,6.0,inf
740,1,-0.8436778112109405,2.770548211690157,-0.69617163911738,1.2447,1,1.2447,6.0,inf
740,2,-0.8436778112109405,2.770548211690157,-0.69617163911738,1.2447,1,1.2447,6.0,inf
740,3,-0.8436778112109405,2.770548211690157,-0.69617163911738,1.2447,1,1.2447,6.0,inf
740,4,-0.8436778112109405,2.770548211690157,-0.69617163911738,1.2447,1,1.2447,6.0,inf
740,5,-0.8436778112109405,2.770548211690157,-0.69617163911738,1.2447,1,1.2447,6.0,inf
741,0,0.3925934426832825,-0.2801991127878806,0.054875793007960645,0.8775,1,0.8775,6.0,inf
741,1,0.3925934426832825,-0.2801991127878806,0.054875793007960645,0.8775,1,0.8775,6.0,inf
741,2,0.3925934426832825,-0.2801991127878806,0.054875793007960645,0.8775,1,0.8775,6.0,inf
741,3,0.3925934426832825,-0.2801991127878806,0.054875793007960645,0.8775,1,0.8775,6.0,inf
741,4,0.3925934426832825,-0.2801991127878806,0.054875793007960645,0.8775,1,0.8775,6.0,inf
741,5,0.3925934426832825,-0.2801991127878806,0.054875793007960645,0.8775,1,0.8775,6.0,inf
742,0,0.4438422615385096,-2.0638548760585276,-1.213788482963401,5.9082,1,5.9082,6.0,inf
742,1,0.4438422615385096,-2.0638548760585276,-1.213788482963401,5.9082,1,5.9082,6.0,inf
742,2,0.4438422615385096,-2.0638548760585276,-1.213788482963401,5.9082,1,5.9082,6.0,inf
742,3,0.4438422615385096,-2.0638548760585276,-1.213788482963401,5.9082,1,5.9082,6.0,inf
742,4,0.4438422615385096,-2.0638548760585276,-1.213788482963401,5.9082,1,5.9082,6.0,inf
742,5,0.4438422615385096,-2.0638548760585276,-1.213788482963401,5.9082,1,5.9082,6.0,inf
743,0,-1.6327027180685636,-1.0909409569244206,0.9589769807107343,3.6800999999999995,1,3.6800999999999995,6.0,inf
743,1,-1.6327027180685636,-1.0909409569244206,0.9589769807107343,3.6800999999999995,1,3.6800999999999995,6.0,inf
743,2,-1.6327027180685636,-1.0909409569244206,0.9589769807107343,3.6800999999999995,1,3.6800999999999995,6.0,inf
743,3,-1.6327027180685636,-1.0909409569244206,0.9589769807107343,3.6800999999999995,1,3.6800999999999995,6.0,inf
743,4,-1.6327027180685636,-1.0909409569244206,0.9589769807107343,3.6800999999999995,1,3.6800999999999995,6.0,inf
743,5,-1.6327027180685636,-1.0909409569244206,0.9589769807107343,3.6800999999999995,1,3.6800999999999995,6.0,inf
744,0,0.8181666115085052,-0.1277002289595241,-0.5726646471267551,5.5272,1,5.5272,6.0,inf
744,1,0.8181666115085052,-0.1277002289595241,-0.5726646471267551,5.5272,1,5.5272,6.0,inf
744,2,0.8181666115085052,-0.1277002289595241,-0.5726646471267551,5.5272,1,5.5272,6.0,inf
744,3,0.8181666115085052,-0.1277002289595241,-0.5726646471267551,5.5272,1,5.5272,6.0,inf
744,4,0.8181666115085052,-0.1277002289595241,-0.5726646471267551,5.5272,1,5.5272,6.0,inf
744,5,0.8181666115085052,-0.1277002289595241,-0.5726646471267551,5.5272,1,5.5272,6.0,inf
745,0,-0.15199165809513163,0.5809763516696747,-0.921929514439889,5.900399999999999,1,5.900399999999999,6.0,inf
745,1,-0.15199165809513163,0.5809763516696747,-0.921929514439889,5.900399999999999,1,5.900399999999999,6.0,inf
745,2,-0.15199165809513163,0.5809763516696747,-0.921929514439889,5.900399999999999,1,5.900399999999999,6.0,inf
745,3,-0.15199165809513163,0.5809763516696747,-0.921929514439889,5.900399999999999,1,5.900399999999999,6.0,inf
745,4,-0.15199165809513163,0.5809763516696747,-0.921929514439889,5.900399999999999,1,5.900399999999999,6.0,inf
745,5,-0.15199165809513163,0.5809763516696747,-0.921929514439889,5.900399999999999,1,5.900399999999999,6.0,inf
746,0,-1.034207726311123,1.017411866852997,-0.7603001828365342,0.09989999999999999,1,0.09989999999999999,6.0,inf
746,1,-1.034207726311123,1.017411866852997,-0.7603001828365342,0.09989999999999999,1,0.09989999999999999,6.0,inf
746,2,-1.034207726311123,1.017411866852997,-0.7603001828365342,0.09989999999999999,1,0.09989999999999999,6.0,inf
746,3,-1.034207726311123,1.017411866852997,-0.7603001828365342,0.09989999999999999,1,0.09989999999999999,6.0,inf
746,4,-1.034207726311123,1.017411866852997,-0.7603001828365342,0.09989999999999999,1,0.09989999999999999,6.0,inf
746,5,-1.034207726311123,1.017411866852997,-0.7603001828365342,0.09989999999999999,1,0.09989999999999999,6.0,inf
747,0,-0.4137520769334845,-1.3801796180015184,-0.5365913130577327,6.0,0,8.0001,6.0,inf
747,1,-0.4137520769334845,-1.3801796180015184,-0.5365913130577327,6.0,0,8.0001,6.0,inf
747,2,-0.4137520769334845,-1.3801796180015184,-0.5365913130577327,6.0,0,8.0001,6.0,inf
747,3,-0.4137520769334845,-1.3801796180015184,-0.5365913130577327,6.0,0,8.0001,6.0,inf
747,4,-0.4137520769334845,-1.3801796180015184,-0.5365913130577327,6.0,0,8.0001,6.0,inf
747,5,-0.4137520769334845,-1.3801796180015184,-0.5365913130577327,6.0,0,8.0001,6.0,inf
748,0,-1.880632054881263,0.838325606812327,1.296337726613086,1.9520999999999997,1,1.9520999999999997,6.0,inf
748,1,-1.880632054881263,0.838325606812327,1.296337726613086,1.9520999999999997,1,1.9520999999999997,6.0,inf
748,2,-1.880632054881263,0.838325606812327,1.296337726613086,1.9520999999999997,1,1.9520999999999997,6.0,inf
748,3,-1.880632054881263,0.838325606812327,1.296337726613086,1.9520999999999997,1,1.9520999999999997,6.0,inf
748,4,-1.880632054881263,0.838325606812327,1.296337726613086,1.9520999999999997,1,1.9520999999999997,6.0,inf
748,5,-1.880632054881263,0.838325606812327,1.296337726613086,1.9520999999999997,1,1.9520999999999997,6.0,inf
749,0,0.987241834465746,-1.6238084875283727,-0.8494432212016987,5.3877,1,5.3877,6.0,inf
749,1,0.987241834465746,-1.6238084875283727,-0.8494432212016987,5.3877,1,5.3877,6.0,inf
749,2,0.987241834465746,-1.6238084875283727,-0.8494432212016987,5.3877,1,5.3877,6.0,inf
749,3,0.987241834465746,-1.6238084875283727,-0.8494432212016987,5.3877,1,5.3877,6.0,inf
749,4,0.987241834465746,-1.6238084875283727,-0.8494432212016987,5.3877,1,5.3877,6.0,inf
749,5,0.987241834465746,-1.6238084875283727,-0.8494432212016987,5.3877,1,5.3877,6.0,inf
750,0,-0.055948902369988174,0.5713162703811131,1.5384792126880467,2.0484,1,2.0484,6.0,inf
750,1,-0.055948902369988174,0.5713162703811131,1.5384792126880467,2.0484,1,2.0484,6.0,inf
750,2,-0.055948902369988174,0.5713162703811131,1.5384792126880467,2.0484,1,2.0484,6.0,inf
750,3,-0.055948902369988174,0.5713162703811131,1.5384792126880467,2.0484,1,2.0484,6.0,inf
750,4,-0.055948902369988174,0.5713162703811131,1.5384792126880467,2.0484,1,2.0484,6.0,inf
750,5,-0.055948902369988174,0.5713162703811131,1.5384792126880467,2.0484,1,2.0484,6.0,inf
751,0,-0.17173349010178443,0.43386777859821907,-1.0186611164319381,3.0408,1,3.0408,6.0,inf
751,1,-0.17173349010178443,0.43386777859821907,-1.0186611164319381,3.0408,1,3.0408,6.0,inf
751,2,-0.17173349010178443,0.43386777859821907,-1.0186611164319381,3.0408,1,3.0408,6.0,inf
751,3,-0.17173349010178443,0.43386777859821907,-1.0186611164319381,3.0408,1,3.0408,6.0,inf
751,4,-0.17173349010178443,0.43386777859821907,-1.0186611164319381,3.0408,1,3.0408,6.0,inf
751,5,-0.17173349010178443,0.43386777859821907,-1.0186611164319381,3.0408,1,3.0408,6.0,inf
752,0,-0.3281992828896487,-0.08792086883993944,-0.8000866129269923,0.5036999999999999,1,0.5036999999999999,6.0,inf
752,1,-0.3281992828896487,-0.08792086883993944,-0.8000866129269923,0.5036999999999999,1,0.5036999999999999,6.0,inf
752,2,-0.3281992828896487,-0.08792086883993944,-0.8000866129269923,0.5036999999999999,1,0.5036999999999999,6.0,inf
752,3,-0.3281992828896487,-0.08792086883993944,-0.8000866129269923,0.5036999999999999,1,0.5036999999999999,6.0,inf
752,4,-0.3281992828896487,-0.08792086883993944,-0.8000866129269923,0.5036999999999999,1,0.5036999999999999,6.0,inf
752,5,-0.3281992828896487,-0.08792086883993944,-0.8000866129269923,0.5036999999999999,1,0.5036999999999999,6.0,inf
753,0,-0.2896796733422562,-1.077202147470819,-0.19865886375048952,0.9581999999999999,1,0.9581999999999999,6.0,inf
753,1,-0.2896796733422562,-1.077202147470819,-0.19865886375048952,0.9581999999999999,1,0.9581999999999999,6.0,inf
753,2,-0.2896796733422562,-1.077202147470819,-0.19865886375048952,0.9581999999999999,1,0.9581999999999999,6.0,inf
753,3,-0.2896796733422562,-1.077202147470819,-0.19865886375048952,0.9581999999999999,1,0.9581999999999999,6.0,inf
753,4,-0.2896796733422562,-1.077202147470819,-0.19865886375048952,0.9581999999999999,1,0.9581999999999999,6.0,inf
753,5,-0.2896796733422562,-1.077202147470819,-0.19865886375048952,0.9581999999999999,1,0.9581999999999999,6.0,inf
754,0,-0.01277391728513564,-2.5610509495701432,-2.0789186301797433,6.0,0,8.0001,6.0,inf
754,1,-0.01277391728513564,-2.5610509495701432,-2.0789186301797433,6.0,0,8.0001,6.0,inf
754,2,-0.01277391728513564,-2.5610509495701432,-2.0789186301797433,6.0,0,8.0001,6.0,inf
754,3,-0.01277391728513564,-2.5610509495701432,-2.0789186301797433,6.0,0,8.0001,6.0,inf
754,4,-0.01277391728513564,-2.5610509495701432,-2.0789186301797433,6.0,0,8.0001,6.0,inf
754,5,-0.01277391728513564,-2.5610509495701432,-2.0789186301797433,6.0,0,8.0001,6.0,inf
755,0,-1.250123877749546,0.3207602562543056,-0.6759194043046322,6.0,0,8.0001,6.0,inf
755,1,-1.250123877749546,0.3207602562543056,-0.6759194043046322,6.0,0,8.0001,6.0,inf
755,2,-1.250123877749546,0.3207602562543056,-0.6759194043046322,6.0,0,8.0001,6.0,inf
755,3,-1.250123877749546,0.3207602562543056,-0.6759194043046322,6.0,0,8.0001,6.0,inf
755,4,-1.250123877749546,0.3207602562543056,-0.6759194043046322,6.0,0,8.0001,6.0,inf
755,5,-1.250123877749546,0.3207602562543056,-0.6759194043046322,6.0,0,8.0001,6.0,inf
756,0,2.013874830956035,-0.48061474437264834,0.5520353184986941,0.9233999999999999,1,0.9233999999999999,6.0,inf
756,1,2.013874830956035,-0.48061474437264834,0.5520353184986941,0.9233999999999999,1,0.9233999999999999,6.0,inf
756,2,2.013874830956035,-0.48061474437264834,0.5520353184986941,0.9233999999999999,1,0.9233999999999999,6.0,inf
756,3,2.013874830956035,-0.48061474437264834,0.5520353184986941,0.9233999999999999,1,0.9233999999999999,6.0,inf
756,4,2.013874830956035,-0.48061474437264834,0.5520353184986941,0.9233999999999999,1,0.9233999999999999,6.0,inf
756,5,2.013874830956035,-0.48061474437264834,0.5520353184986941,0.9233999999999999,1,0.9233999999999999,6.0,inf
757,0,0.49530205515653536,-1.1862935987064842,-0.23124404388660436,0.6617999999999999,1,0.6617999999999999,6.0,inf
757,1,0.49530205515653536,-1.1862935987064842,-0.23124404388660436,0.6617999999999999,1,0.6617999999999999,6.0,inf
757,2,0.49530205515653536,-1.1862935987064842,-0.23124404388660436,0.6617999999999999,1,0.6617999999999999,6.0,inf
757,3,0.49530205515653536,-1.1862935987064842,-0.23124404388660436,0.6617999999999999,1,0.6617999999999999,6.0,inf
757,4,0.49530205515653536,-1.1862935987064842,-0.23124404388660436,0.6617999999999999,1,0.6617999999999999,6.0,inf
757,5,0.49530205515653536,-1.1862935987064842,-0.23124404388660436,0.6617999999999999,1,0.6617999999999999,6.0,inf
758,0,-0.8315599138556885,0.6961022017593709,-0.34967914601374356,6.0,0,8.0001,6.0,inf
758,1,-0.8315599138556885,0.6961022017593709,-0.34967914601374356,6.0,0,8.0001,6.0,inf
758,2,-0.8315599138556885,0.6961022017593709,-0.34967914601374356,6.0,0,8.0001,6.0,inf
758,3,-0.8315599138556885,0.6961022017593709,-0.34967914601374356,6.0,0,8.0001,6.0,inf
758,4,-0.8315599138556885,0.6961022017593709,-0.34967914601374356,6.0,0,8.0001,6.0,inf
758,5,-0.8315599138556885,0.6961022017593709,-0.34967914601374356,6.0,0,8.0001,6.0,inf
759,0,0.8834514803163614,-0.14028385311828895,-1.1469456115749253,6.0,0,6.914699999999999,6.0,inf
759,1,0.8834514803163614,-0.14028385311828895,-1.1469456115749253,6.0,0,6.914699999999999,6.0,inf
759,2,0.8834514803163614,-0.14028385311828895,-1.1469456115749253,6.0,0,6.914699999999999,6.0,inf
759,3,0.8834514803163614,-0.14028385311828895,-1.1469456115749253,6.0,0,6.914699999999999,6.0,inf
759,4,0.8834514803163614,-0.14028385311828895,-1.1469456115749253,6.0,0,6.914699999999999,6.0,inf
759,5,0.8834514803163614,-0.14028385311828895,-1.1469456115749253,6.0,0,6.914699999999999,6.0,inf
760,0,-0.05854980262538987,0.4017829029472065,0.5033329272465304,2.3379,1,2.3379,6.0,inf
760,1,-0.05854980262538987,0.4017829029472065,0.5033329272465304,2.3379,1,2.3379,6.0,inf
760,2,-0.05854980262538987,0.4017829029472065,0.5033329272465304,2.3379,1,2.3379,6.0,inf
760,3,-0.05854980262538987,0.4017829029472065,0.5033329272465304,2.3379,1,2.3379,6.0,inf
760,4,-0.05854980262538987,0.4017829029472065,0.5033329272465304,2.3379,1,2.3379,6.0,inf
760,5,-0.05854980262538987,0.4017829029472065,0.5033329272465304,2.3379,1,2.3379,6.0,inf
761,0,0.37241674011800335,0.8727265486289358,0.0951401110190276,2.2157999999999998,1,2.2157999999999998,6.0,inf
761,1,0.37241674011800335,0.8727265486289358,0.0951401110190276,2.2157999999999998,1,2.2157999999999998,6.0,inf
761,2,0.37241674011800335,0.8727265486289358,0.0951401110190276,2.2157999999999998,1,2.2157999999999998,6.0,inf
761,3,0.37241674011800335,0.8727265486289358,0.0951401110190276,2.2157999999999998,1,2.2157999999999998,6.0,inf
761,4,0.37241674011800335,0.8727265486289358,0.0951401110190276,2.2157999999999998,1,2.2157999999999998,6.0,inf
761,5,0.37241674011800335,0.8727265486289358,0.0951401110190276,2.2157999999999998,1,2.2157999999999998,6.0,inf
762,0,-0.8845270250829804,0.0470570257550326,0.3030449541343888,0.3777,1,0.3777,6.0,inf
762,1,-0.8845270250829804,0.0470570257550326,0.3030449541343888,0.3777,1,0.3777,6.0,inf
762,2,-0.8845270250829804,0.0470570257550326,0.3030449541343888,0.3777,1,0.3777,6.0,inf
762,3,-0.8845270250829804,0.0470570257550326,0.3030449541343888,0.3777,1,0.3777,6.0,inf
762,4,-0.8845270250829804,0.0470570257550326,0.3030449541343888,0.3777,1,0.3777,6.0,inf
762,5,-0.8845270250829804,0.0470570257550326,0.3030449541343888,0.3777,1,0.3777,6.0,inf
763,0,0.22530197134792782,0.6739372437142365,0.9649256599548784,0.32849999999999996,1,0.32849999999999996,6.0,inf
763,1,0.22530197134792782,0.6739372437142365,0.9649256599548784,0.32849999999999996,1,0.32849999999999996,6.0,inf
763,2,0.22530197134792782,0.6739372437142365,0.9649256599548784,0.32849999999999996,1,0.32849999999999996,6.0,inf
763,3,0.22530197134792782,0.6739372437142365,0.9649256599548784,0.32849999999999996,1,0.32849999999999996,6.0,inf
763,4,0.22530197134792782,0.6739372437142365,0.9649256599548784,0.32849999999999996,1,0.32849999999999996,6.0,inf
763,5,0.22530197134792782,0.6739372437142365,0.9649256599548784,0.32849999999999996,1,0.32849999999999996,6.0,inf
764,0,-0.14059704703080733,0.8896828729829788,0.8875201257790243,1.3841999999999999,1,1.3841999999999999,6.0,inf
764,1,-0.14059704703080733,0.8896828729829788,0.8875201257790243,1.3841999999999999,1,1.3841999999999999,6.0,inf
764,2,-0.14059704703080733,0.8896828729829788,0.8875201257790243,1.3841999999999999,1,1.3841999999999999,6.0,inf
764,3,-0.14059704703080733,0.8896828729829788,0.8875201257790243,1.3841999999999999,1,1.3841999999999999,6.0,inf
764,4,-0.14059704703080733,0.8896828729829788,0.8875201257790243,1.3841999999999999,1,1.3841999999999999,6.0,inf
764,5,-0.14059704703080733,0.8896828729829788,0.8875201257790243,1.3841999999999999,1,1.3841999999999999,6.0,inf
765,0,0.29418338153608614,-0.13119669685860952,0.2264159128665368,1.4622,1,1.4622,6.0,inf
765,1,0.29418338153608614,-0.13119669685860952,0.2264159128665368,1.4622,1,1.4622,6.0,inf
765,2,0.29418338153608614,-0.13119669685860952,0.2264159128665368,1.4622,1,1.4622,6.0,inf
765,3,0.29418338153608614,-0.13119669685860952,0.2264159128665368,1.4622,1,1.4622,6.0,inf
765,4,0.29418338153608614,-0.13119669685860952,0.2264159128665368,1.4622,1,1.4622,6.0,inf
765,5,0.29418338153608614,-0.13119669685860952,0.2264159128665368,1.4622,1,1.4622,6.0,inf
766,0,-1.594252073922958,-0.8080605755001539,-0.6409457941835357,5.221799999999999,1,5.221799999999999,6.0,inf
766,1,-1.594252073922958,-0.8080605755001539,-0.6409457941835357,5.221799999999999,1,5.221799999999999,6.0,inf
766,2,-1.594252073922958,-0.8080605755001539,-0.6409457941835357,5.221799999999999,1,5.221799999999999,6.0,inf
766,3,-1.594252073922958,-0.8080605755001539,-0.6409457941835357,5.221799999999999,1,5.221799999999999,6.0,inf
766,4,-1.594252073922958,-0.8080605755001539,-0.6409457941835357,5.221799999999999,1,5.221799999999999,6.0,inf
766,5,-1.594252073922958,-0.8080605755001539,-0.6409457941835357,5.221799999999999,1,5.221799999999999,6.0,inf
767,0,-2.3486861326062187,-0.7415281431847518,0.8154192297299677,0.6083999999999999,1,0.6083999999999999,6.0,inf
767,1,-2.3486861326062187,-0.7415281431847518,0.8154192297299677,0.6083999999999999,1,0.6083999999999999,6.0,inf
767,2,-2.3486861326062187,-0.7415281431847518,0.8154192297299677,0.6083999999999999,1,0.6083999999999999,6.0,inf
767,3,-2.3486861326062187,-0.7415281431847518,0.8154192297299677,0.6083999999999999,1,0.6083999999999999,6.0,inf
767,4,-2.3486861326062187,-0.7415281431847518,0.8154192297299677,0.6083999999999999,1,0.6083999999999999,6.0,inf
767,5,-2.3486861326062187,-0.7415281431847518,0.8154192297299677,0.6083999999999999,1,0.6083999999999999,6.0,inf
768,0,-0.07664392504137556,-1.0935485534972746,0.250533209180317,0.2532,1,0.2532,6.0,inf
768,1,-0.07664392504137556,-1.0935485534972746,0.250533209180317,0.2532,1,0.2532,6.0,inf
768,2,-0.07664392504137556,-1.0935485534972746,0.250533209180317,0.2532,1,0.2532,6.0,inf
768,3,-0.07664392504137556,-1.0935485534972746,0.250533209180317,0.2532,1,0.2532,6.0,inf
768,4,-0.07664392504137556,-1.0935485534972746,0.250533209180317,0.2532,1,0.2532,6.0,inf
768,5,-0.07664392504137556,-1.0935485534972746,0.250533209180317,0.2532,1,0.2532,6.0,inf
769,0,-0.8669227974127803,0.0003759141107052501,0.9468641459179356,6.0,0,6.510599999999999,6.0,inf
769,1,-0.8669227974127803,0.0003759141107052501,0.9468641459179356,6.0,0,6.510599999999999,6.0,inf
769,2,-0.8669227974127803,0.0003759141107052501,0.9468641459179356,6.0,0,6.510599999999999,6.0,inf
769,3,-0.8669227974127803,0.0003759141107052501,0.9468641459179356,6.0,0,6.510599999999999,6.0,inf
769,4,-0.8669227974127803,0.0003759141107052501,0.9468641459179356,6.0,0,6.510599999999999,6.0,inf
769,5,-0.8669227974127803,0.0003759141107052501,0.9468641459179356,6.0,0,6.510599999999999,6.0,inf
770,0,-0.20374125637720508,0.9561749161225713,-0.7331359097650388,2.1843,1,2.1843,6.0,inf
770,1,-0.20374125637720508,0.9561749161225713,-0.7331359097650388,2.1843,1,2.1843,6.0,inf
770,2,-0.20374125637720508,0.9561749161225713,-0.7331359097650388,2.1843,1,2.1843,6.0,inf
770,3,-0.20374125637720508,0.9561749161225713,-0.7331359097650388,2.1843,1,2.1843,6.0,inf
770,4,-0.20374125637720508,0.9561749161225713,-0.7331359097650388,2.1843,1,2.1843,6.0,inf
770,5,-0.20374125637720508,0.9561749161225713,-0.7331359097650388,2.1843,1,2.1843,6.0,inf
771,0,-0.2843197782139248,-0.22952117716252884,1.6796632243769418,2.9981999999999998,1,2.9981999999999998,6.0,inf
771,1,-0.2843197782139248,-0.22952117716252884,1.6796632243769418,2.9981999999999998,1,2.9981999999999998,6.0,inf
771,2,-0.2843197782139248,-0.22952117716252884,1.6796632243769418,2.9981999999999998,1,2.9981999999999998,6.0,inf
771,3,-0.2843197782139248,-0.22952117716252884,1.6796632243769418,2.9981999999999998,1,2.9981999999999998,6.0,inf
771,4,-0.2843197782139248,-0.22952117716252884,1.6796632243769418,2.9981999999999998,1,2.9981999999999998,6.0,inf
771,5,-0.2843197782139248,-0.22952117716252884,1.6796632243769418,2.9981999999999998,1,2.9981999999999998,6.0,inf
772,0,0.08697524575983438,0.6402611717768943,-0.8551730488632782,4.0206,1,4.0206,6.0,inf
772,1,0.08697524575983438,0.6402611717768943,-0.8551730488632782,4.0206,1,4.0206,6.0,inf
772,2,0.08697524575983438,0.6402611717768943,-0.8551730488632782,4.0206,1,4.0206,6.0,inf
772,3,0.08697524575983438,0.6402611717768943,-0.8551730488632782,4.0206,1,4.0206,6.0,inf
772,4,0.08697524575983438,0.6402611717768943,-0.8551730488632782,4.0206,1,4.0206,6.0,inf
772,5,0.08697524575983438,0.6402611717768943,-0.8551730488632782,4.0206,1,4.0206,6.0,inf
773,0,-0.3559617297180304,0.997645695088204,0.6102002573611411,2.3379,1,2.3379,6.0,inf
773,1,-0.3559617297180304,0.997645695088204,0.6102002573611411,2.3379,1,2.3379,6.0,inf
773,2,-0.3559617297180304,0.997645695088204,0.6102002573611411,2.3379,1,2.3379,6.0,inf
773,3,-0.3559617297180304,0.997645695088204,0.6102002573611411,2.3379,1,2.3379,6.0,inf
773,4,-0.3559617297180304,0.997645695088204,0.6102002573611411,2.3379,1,2.3379,6.0,inf
773,5,-0.3559617297180304,0.997645695088204,0.6102002573611411,2.3379,1,2.3379,6.0,inf
774,0,-1.0992303910432393,-0.5070741427602298,-1.5607446301930497,6.0,0,8.0001,6.0,inf
774,1,-1.0992303910432393,-0.5070741427602298,-1.5607446301930497,6.0,0,8.0001,6.0,inf
774,2,-1.0992303910432393,-0.5070741427602298,-1.5607446301930497,6.0,0,8.0001,6.0,inf
774,3,-1.0992303910432393,-0.5070741427602298,-1.5607446301930497,6.0,0,8.0001,6.0,inf
774,4,-1.0992303910432393,-0.5070741427602298,-1.5607446301930497,6.0,0,8.0001,6.0,inf
774,5,-1.0992303910432393,-0.5070741427602298,-1.5607446301930497,6.0,0,8.0001,6.0,inf
775,0,0.32742931269178893,0.7241504362869414,-2.1282686370908266,3.7502999999999997,1,3.7502999999999997,6.0,inf
775,1,0.32742931269178893,0.7241504362869414,-2.1282686370908266,3.7502999999999997,1,3.7502999999999997,6.0,inf
775,2,0.32742931269178893,0.7241504362869414,-2.1282686370908266,3.7502999999999997,1,3.7502999999999997,6.0,inf
775,3,0.32742931269178893,0.7241504362869414,-2.1282686370908266,3.7502999999999997,1,3.7502999999999997,6.0,inf
775,4,0.32742931269178893,0.7241504362869414,-2.1282686370908266,3.7502999999999997,1,3.7502999999999997,6.0,inf
775,5,0.32742931269178893,0.7241504362869414,-2.1282686370908266,3.7502999999999997,1,3.7502999999999997,6.0,inf
776,0,1.4725160259533954,-0.35434963613052084,-1.1820646590315997,2.9093999999999998,1,2.9093999999999998,6.0,inf
776,1,1.4725160259533954,-0.35434963613052084,-1.1820646590315997,2.9093999999999998,1,2.9093999999999998,6.0,inf
776,2,1.4725160259533954,-0.35434963613052084,-1.1820646590315997,2.9093999999999998,1,2.9093999999999998,6.0,inf
776,3,1.4725160259533954,-0.35434963613052084,-1.1820646590315997,2.9093999999999998,1,2.9093999999999998,6.0,inf
776,4,1.4725160259533954,-0.35434963613052084,-1.1820646590315997,2.9093999999999998,1,2.9093999999999998,6.0,inf
776,5,1.4725160259533954,-0.35434963613052084,-1.1820646590315997,2.9093999999999998,1,2.9093999999999998,6.0,inf
777,0,-0.6043804784535827,0.3801243763405995,1.063630018358367,0.1266,1,0.1266,6.0,inf
777,1,-0.6043804784535827,0.3801243763405995,1.063630018358367,0.1266,1,0.1266,6.0,inf
777,2,-0.6043804784535827,0.3801243763405995,1.063630018358367,0.1266,1,0.1266,6.0,inf
777,3,-0.6043804784535827,0.3801243763405995,1.063630018358367,0.1266,1,0.1266,6.0,inf
777,4,-0.6043804784535827,0.3801243763405995,1.063630018358367,0.1266,1,0.1266,6.0,inf
777,5,-0.6043804784535827,0.3801243763405995,1.063630018358367,0.1266,1,0.1266,6.0,inf
778,0,1.2947660327156776,1.1644723585807892,0.8448126385414048,1.5836999999999999,1,1.5836999999999999,6.0,inf
778,1,1.2947660327156776,1.1644723585807892,0.8448126385414048,1.5836999999999999,1,1.5836999999999999,6.0,inf
778,2,1.2947660327156776,1.1644723585807892,0.8448126385414048,1.5836999999999999,1,1.5836999999999999,6.0,inf
778,3,1.2947660327156776,1.1644723585807892,0.8448126385414048,1.5836999999999999,1,1.5836999999999999,6.0,inf
778,4,1.2947660327156776,1.1644723585807892,0.8448126385414048,1.5836999999999999,1,1.5836999999999999,6.0,inf
778,5,1.2947660327156776,1.1644723585807892,0.8448126385414048,1.5836999999999999,1,1.5836999999999999,6.0,inf
779,0,1.2661326339190027,-0.247438280424615,0.7872036026512149,2.2815,1,2.2815,6.0,inf
779,1,1.2661326339190027,-0.247438280424615,0.7872036026512149,2.2815,1,2.2815,6.0,inf
779,2,1.2661326339190027,-0.247438280424615,0.7872036026512149,2.2815,1,2.2815,6.0,inf
779,3,1.2661326339190027,-0.247438280424615,0.7872036026512149,2.2815,1,2.2815,6.0,inf
779,4,1.2661326339190027,-0.247438280424615,0.7872036026512149,2.2815,1,2.2815,6.0,inf
779,5,1.2661326339190027,-0.247438280424615,0.7872036026512149,2.2815,1,2.2815,6.0,inf
780,0,1.4028827664411252,-0.5300659903833193,0.8927906704641142,1.1771999999999998,1,1.1771999999999998,6.0,inf
780,1,1.4028827664411252,-0.5300659903833193,0.8927906704641142,1.1771999999999998,1,1.1771999999999998,6.0,inf
780,2,1.4028827664411252,-0.5300659903833193,0.8927906704641142,1.1771999999999998,1,1.1771999999999998,6.0,inf
780,3,1.4028827664411252,-0.5300659903833193,0.8927906704641142,1.1771999999999998,1,1.1771999999999998,6.0,inf
780,4,1.4028827664411252,-0.5300659903833193,0.8927906704641142,1.1771999999999998,1,1.1771999999999998,6.0,inf
780,5,1.4028827664411252,-0.5300659903833193,0.8927906704641142,1.1771999999999998,1,1.1771999999999998,6.0,inf
781,0,-0.5771191816294957,-0.22224073854140663,1.403393910538668,1.4301,1,1.4301,6.0,inf
781,1,-0.5771191816294957,-0.22224073854140663,1.403393910538668,1.4301,1,1.4301,6.0,inf
781,2,-0.5771191816294957,-0.22224073854140663,1.403393910538668,1.4301,1,1.4301,6.0,inf
781,3,-0.5771191816294957,-0.22224073854140663,1.403393910538668,1.4301,1,1.4301,6.0,inf
781,4,-0.5771191816294957,-0.22224073854140663,1.403393910538668,1.4301,1,1.4301,6.0,inf
781,5,-0.5771191816294957,-0.22224073854140663,1.403393910538668,1.4301,1,1.4301,6.0,inf
782,0,-1.6416593730698987,-1.665065893493803,0.8028918628950069,1.1451,1,1.1451,6.0,inf
782,1,-1.6416593730698987,-1.665065893493803,0.8028918628950069,1.1451,1,1.1451,6.0,inf
782,2,-1.6416593730698987,-1.665065893493803,0.8028918628950069,1.1451,1,1.1451,6.0,inf
782,3,-1.6416593730698987,-1.665065893493803,0.8028918628950069,1.1451,1,1.1451,6.0,inf
782,4,-1.6416593730698987,-1.665065893493803,0.8028918628950069,1.1451,1,1.1451,6.0,inf
782,5,-1.6416593730698987,-1.665065893493803,0.8028918628950069,1.1451,1,1.1451,6.0,inf
783,0,-0.21109983995753054,0.663801362924589,-1.9337547125195855,5.705399999999999,1,5.705399999999999,6.0,inf
783,1,-0.21109983995753054,0.663801362924589,-1.9337547125195855,5.705399999999999,1,5.705399999999999,6.0,inf
783,2,-0.21109983995753054,0.663801362924589,-1.9337547125195855,5.705399999999999,1,5.705399999999999,6.0,inf
783,3,-0.21109983995753054,0.663801362924589,-1.9337547125195855,5.705399999999999,1,5.705399999999999,6.0,inf
783,4,-0.21109983995753054,0.663801362924589,-1.9337547125195855,5.705399999999999,1,5.705399999999999,6.0,inf
783,5,-0.21109983995753054,0.663801362924589,-1.9337547125195855,5.705399999999999,1,5.705399999999999,6.0,inf
784,0,0.7392039973427866,1.8790792280903421,-0.8646249518177004,1.0172999999999999,1,1.0172999999999999,6.0,inf
784,1,0.7392039973427866,1.8790792280903421,-0.8646249518177004,1.0172999999999999,1,1.0172999999999999,6.0,inf
784,2,0.7392039973427866,1.8790792280903421,-0.8646249518177004,1.0172999999999999,1,1.0172999999999999,6.0,inf
784,3,0.7392039973427866,1.8790792280903421,-0.8646249518177004,1.0172999999999999,1,1.0172999999999999,6.0,inf
784,4,0.7392039973427866,1.8790792280903421,-0.8646249518177004,1.0172999999999999,1,1.0172999999999999,6.0,inf
784,5,0.7392039973427866,1.8790792280903421,-0.8646249518177004,1.0172999999999999,1,1.0172999999999999,6.0,inf
785,0,0.4310909446038705,-0.14020440912089058,-2.543808548582274,4.3527,1,4.3527,6.0,inf
785,1,0.4310909446038705,-0.14020440912089058,-2.543808548582274,4.3527,1,4.3527,6.0,inf
785,2,0.4310909446038705,-0.14020440912089058,-2.543808548582274,4.3527,1,4.3527,6.0,inf
785,3,0.4310909446038705,-0.14020440912089058,-2.543808548582274,4.3527,1,4.3527,6.0,inf
785,4,0.4310909446038705,-0.14020440912089058,-2.543808548582274,4.3527,1,4.3527,6.0,inf
785,5,0.4310909446038705,-0.14020440912089058,-2.543808548582274,4.3527,1,4.3527,6.0,inf
786,0,0.4105896540727944,0.871180521913069,-0.6579434143367128,0.33569999999999994,1,0.33569999999999994,6.0,inf
786,1,0.4105896540727944,0.871180521913069,-0.6579434143367128,0.33569999999999994,1,0.33569999999999994,6.0,inf
786,2,0.4105896540727944,0.871180521913069,-0.6579434143367128,0.33569999999999994,1,0.33569999999999994,6.0,inf
786,3,0.4105896540727944,0.871180521913069,-0.6579434143367128,0.33569999999999994,1,0.33569999999999994,6.0,inf
786,4,0.4105896540727944,0.871180521913069,-0.6579434143367128,0.33569999999999994,1,0.33569999999999994,6.0,inf
786,5,0.4105896540727944,0.871180521913069,-0.6579434143367128,0.33569999999999994,1,0.33569999999999994,6.0,inf
787,0,0.3514175344592763,0.40817427149722596,0.08847824229588415,1.1402999999999999,1,1.1402999999999999,6.0,inf
787,1,0.3514175344592763,0.40817427149722596,0.08847824229588415,1.1402999999999999,1,1.1402999999999999,6.0,inf
787,2,0.3514175344592763,0.40817427149722596,0.08847824229588415,1.1402999999999999,1,1.1402999999999999,6.0,inf
787,3,0.3514175344592763,0.40817427149722596,0.08847824229588415,1.1402999999999999,1,1.1402999999999999,6.0,inf
787,4,0.3514175344592763,0.40817427149722596,0.08847824229588415,1.1402999999999999,1,1.1402999999999999,6.0,inf
787,5,0.3514175344592763,0.40817427149722596,0.08847824229588415,1.1402999999999999,1,1.1402999999999999,6.0,inf
788,0,-0.47693546019055066,-1.5402533086341395,1.5960800196993576,3.3248999999999995,1,3.3248999999999995,6.0,inf
788,1,-0.47693546019055066,-1.5402533086341395,1.5960800196993576,3.3248999999999995,1,3.3248999999999995,6.0,inf
788,2,-0.47693546019055066,-1.5402533086341395,1.5960800196993576,3.3248999999999995,1,3.3248999999999995,6.0,inf
788,3,-0.47693546019055066,-1.5402533086341395,1.5960800196993576,3.3248999999999995,1,3.3248999999999995,6.0,inf
788,4,-0.47693546019055066,-1.5402533086341395,1.5960800196993576,3.3248999999999995,1,3.3248999999999995,6.0,inf
788,5,-0.47693546019055066,-1.5402533086341395,1.5960800196993576,3.3248999999999995,1,3.3248999999999995,6.0,inf
789,0,0.7252133403324598,-1.9720081160560328,1.6215354018006183,2.7276,1,2.7276,6.0,inf
789,1,0.7252133403324598,-1.9720081160560328,1.6215354018006183,2.7276,1,2.7276,6.0,inf
789,2,0.7252133403324598,-1.9720081160560328,1.6215354018006183,2.7276,1,2.7276,6.0,inf
789,3,0.7252133403324598,-1.9720081160560328,1.6215354018006183,2.7276,1,2.7276,6.0,inf
789,4,0.7252133403324598,-1.9720081160560328,1.6215354018006183,2.7276,1,2.7276,6.0,inf
789,5,0.7252133403324598,-1.9720081160560328,1.6215354018006183,2.7276,1,2.7276,6.0,inf
790,0,-0.1606071523379573,0.9612758476512645,0.7005916949635496,1.4771999999999998,1,1.4771999999999998,6.0,inf
790,1,-0.1606071523379573,0.9612758476512645,0.7005916949635496,1.4771999999999998,1,1.4771999999999998,6.0,inf
790,2,-0.1606071523379573,0.9612758476512645,0.7005916949635496,1.4771999999999998,1,1.4771999999999998,6.0,inf
790,3,-0.1606071523379573,0.9612758476512645,0.7005916949635496,1.4771999999999998,1,1.4771999999999998,6.0,inf
790,4,-0.1606071523379573,0.9612758476512645,0.7005916949635496,1.4771999999999998,1,1.4771999999999998,6.0,inf
790,5,-0.1606071523379573,0.9612758476512645,0.7005916949635496,1.4771999999999998,1,1.4771999999999998,6.0,inf
791,0,-0.26576010783562465,1.465743182554746,0.8833665830569473,1.1525999999999998,1,1.1525999999999998,6.0,inf
791,1,-0.26576010783562465,1.465743182554746,0.8833665830569473,1.1525999999999998,1,1.1525999999999998,6.0,inf
791,2,-0.26576010783562465,1.465743182554746,0.8833665830569473,1.1525999999999998,1,1.1525999999999998,6.0,inf
791,3,-0.26576010783562465,1.465743182554746,0.8833665830569473,1.1525999999999998,1,1.1525999999999998,6.0,inf
791,4,-0.26576010783562465,1.465743182554746,0.8833665830569473,1.1525999999999998,1,1.1525999999999998,6.0,inf
791,5,-0.26576010783562465,1.465743182554746,0.8833665830569473,1.1525999999999998,1,1.1525999999999998,6.0,inf
792,0,-0.8531586543642744,-0.09231369755612477,0.3475466136455192,1.9781999999999997,1,1.9781999999999997,6.0,inf
792,1,-0.8531586543642744,-0.09231369755612477,0.3475466136455192,1.9781999999999997,1,1.9781999999999997,6.0,inf
792,2,-0.8531586543642744,-0.09231369755612477,0.3475466136455192,1.9781999999999997,1,1.9781999999999997,6.0,inf
792,3,-0.8531586543642744,-0.09231369755612477,0.3475466136455192,1.9781999999999997,1,1.9781999999999997,6.0,inf
792,4,-0.8531586543642744,-0.09231369755612477,0.3475466136455192,1.9781999999999997,1,1.9781999999999997,6.0,inf
792,5,-0.8531586543642744,-0.09231369755612477,0.3475466136455192,1.9781999999999997,1,1.9781999999999997,6.0,inf
793,0,0.9917636051348355,0.24254445231706792,-0.5264272249407913,2.0913,1,2.0913,6.0,inf
793,1,0.9917636051348355,0.24254445231706792,-0.5264272249407913,2.0913,1,2.0913,6.0,inf
793,2,0.9917636051348355,0.24254445231706792,-0.5264272249407913,2.0913,1,2.0913,6.0,inf
793,3,0.9917636051348355,0.24254445231706792,-0.5264272249407913,2.0913,1,2.0913,6.0,inf
793,4,0.9917636051348355,0.24254445231706792,-0.5264272249407913,2.0913,1,2.0913,6.0,inf
793,5,0.9917636051348355,0.24254445231706792,-0.5264272249407913,2.0913,1,2.0913,6.0,inf
794,0,0.1818623605051197,0.7178496542176173,0.37260965025975196,1.9337999999999997,1,1.9337999999999997,6.0,inf
794,1,0.1818623605051197,0.7178496542176173,0.37260965025975196,1.9337999999999997,1,1.9337999999999997,6.0,inf
794,2,0.1818623605051197,0.7178496542176173,0.37260965025975196,1.9337999999999997,1,1.9337999999999997,6.0,inf
794,3,0.1818623605051197,0.7178496542176173,0.37260965025975196,1.9337999999999997,1,1.9337999999999997,6.0,inf
794,4,0.1818623605051197,0.7178496542176173,0.37260965025975196,1.9337999999999997,1,1.9337999999999997,6.0,inf
794,5,0.1818623605051197,0.7178496542176173,0.37260965025975196,1.9337999999999997,1,1.9337999999999997,6.0,inf
795,0,0.942131322568294,2.068226654832717,-0.1185076847563803,0.6162,1,0.6162,6.0,inf
795,1,0.942131322568294,2.068226654832717,-0.1185076847563803,0.6162,1,0.6162,6.0,inf
795,2,0.942131322568294,2.068226654832717,-0.1185076847563803,0.6162,1,0.6162,6.0,inf
795,3,0.942131322568294,2.068226654832717,-0.1185076847563803,0.6162,1,0.6162,6.0,inf
795,4,0.942131322568294,2.068226654832717,-0.1185076847563803,0.6162,1,0.6162,6.0,inf
795,5,0.942131322568294,2.068226654832717,-0.1185076847563803,0.6162,1,0.6162,6.0,inf
796,0,-1.194856737298383,-0.9334553908912863,0.12026709761163303,5.6502,1,5.6502,6.0,inf
796,1,-1.194856737298383,-0.9334553908912863,0.12026709761163303,5.6502,1,5.6502,6.0,inf
796,2,-1.194856737298383,-0.9334553908912863,0.12026709761163303,5.6502,1,5.6502,6.0,inf
796,3,-1.194856737298383,-0.9334553908912863,0.12026709761163303,5.6502,1,5.6502,6.0,inf
796,4,-1.194856737298383,-0.9334553908912863,0.12026709761163303,5.6502,1,5.6502,6.0,inf
796,5,-1.194856737298383,-0.9334553908912863,0.12026709761163303,5.6502,1,5.6502,6.0,inf
797,0,-0.30306342259002145,-0.23093381695094337,-1.4526174256489819,4.708799999999999,1,4.708799999999999,6.0,inf
797,1,-0.30306342259002145,-0.23093381695094337,-1.4526174256489819,4.708799999999999,1,4.708799999999999,6.0,inf
797,2,-0.30306342259002145,-0.23093381695094337,-1.4526174256489819,4.708799999999999,1,4.708799999999999,6.0,inf
797,3,-0.30306342259002145,-0.23093381695094337,-1.4526174256489819,4.708799999999999,1,4.708799999999999,6.0,inf
797,4,-0.30306342259002145,-0.23093381695094337,-1.4526174256489819,4.708799999999999,1,4.708799999999999,6.0,inf
797,5,-0.30306342259002145,-0.23093381695094337,-1.4526174256489819,4.708799999999999,1,4.708799999999999,6.0,inf
798,0,-0.45773908075949316,0.031127594868166776,-1.5724248331728143,6.0,0,8.0001,6.0,inf
798,1,-0.45773908075949316,0.031127594868166776,-1.5724248331728143,6.0,0,8.0001,6.0,inf
798,2,-0.45773908075949316,0.031127594868166776,-1.5724248331728143,6.0,0,8.0001,6.0,inf
798,3,-0.45773908075949316,0.031127594868166776,-1.5724248331728143,6.0,0,8.0001,6.0,inf
798,4,-0.45773908075949316,0.031127594868166776,-1.5724248331728143,6.0,0,8.0001,6.0,inf
798,5,-0.45773908075949316,0.031127594868166776,-1.5724248331728143,6.0,0,8.0001,6.0,inf
799,0,1.7805514541559773,1.4677600813870222,1.1671044812276978,1.2423,1,1.2423,6.0,inf
799,1,1.7805514541559773,1.4677600813870222,1.1671044812276978,1.2423,1,1.2423,6.0,inf
799,2,1.7805514541559773,1.4677600813870222,1.1671044812276978,1.2423,1,1.2423,6.0,inf
799,3,1.7805514541559773,1.4677600813870222,1.1671044812276978,1.2423,1,1.2423,6.0,inf
799,4,1.7805514541559773,1.4677600813870222,1.1671044812276978,1.2423,1,1.2423,6.0,inf
799,5,1.7805514541559773,1.4677600813870222,1.1671044812276978,1.2423,1,1.2423,6.0,inf
800,0,0.10085116682338491,-1.3292182555682053,-1.0220936982868556,5.808299999999999,1,5.808299999999999,6.0,inf
800,1,0.10085116682338491,-1.3292182555682053,-1.0220936982868556,5.808299999999999,1,5.808299999999999,6.0,inf
800,2,0.10085116682338491,-1.3292182555682053,-1.0220936982868556,5.808299999999999,1,5.808299999999999,6.0,inf
800,3,0.10085116682338491,-1.3292182555682053,-1.0220936982868556,5.808299999999999,1,5.808299999999999,6.0,inf
800,4,0.10085116682338491,-1.3292182555682053,-1.0220936982868556,5.808299999999999,1,5.808299999999999,6.0,inf
800,5,0.10085116682338491,-1.3292182555682053,-1.0220936982868556,5.808299999999999,1,5.808299999999999,6.0,inf
801,0,-0.4545421693224562,0.6044267745355806,0.5011013548224003,0.9593999999999999,1,0.9593999999999999,6.0,inf
801,1,-0.4545421693224562,0.6044267745355806,0.5011013548224003,0.9593999999999999,1,0.9593999999999999,6.0,inf
801,2,-0.4545421693224562,0.6044267745355806,0.5011013548224003,0.9593999999999999,1,0.9593999999999999,6.0,inf
801,3,-0.4545421693224562,0.6044267745355806,0.5011013548224003,0.9593999999999999,1,0.9593999999999999,6.0,inf
801,4,-0.4545421693224562,0.6044267745355806,0.5011013548224003,0.9593999999999999,1,0.9593999999999999,6.0,inf
801,5,-0.4545421693224562,0.6044267745355806,0.5011013548224003,0.9593999999999999,1,0.9593999999999999,6.0,inf
802,0,-0.47956627327174584,1.5974976215247392,0.10427526974416831,0.6839999999999999,1,0.6839999999999999,6.0,inf
802,1,-0.47956627327174584,1.5974976215247392,0.10427526974416831,0.6839999999999999,1,0.6839999999999999,6.0,inf
802,2,-0.47956627327174584,1.5974976215247392,0.10427526974416831,0.6839999999999999,1,0.6839999999999999,6.0,inf
802,3,-0.47956627327174584,1.5974976215247392,0.10427526974416831,0.6839999999999999,1,0.6839999999999999,6.0,inf
802,4,-0.47956627327174584,1.5974976215247392,0.10427526974416831,0.6839999999999999,1,0.6839999999999999,6.0,inf
802,5,-0.47956627327174584,1.5974976215247392,0.10427526974416831,0.6839999999999999,1,0.6839999999999999,6.0,inf
803,0,0.33263050090798846,-0.9081556859635117,0.6841714016404494,1.5848999999999998,1,1.5848999999999998,6.0,inf
803,1,0.33263050090798846,-0.9081556859635117,0.6841714016404494,1.5848999999999998,1,1.5848999999999998,6.0,inf
803,2,0.33263050090798846,-0.9081556859635117,0.6841714016404494,1.5848999999999998,1,1.5848999999999998,6.0,inf
803,3,0.33263050090798846,-0.9081556859635117,0.6841714016404494,1.5848999999999998,1,1.5848999999999998,6.0,inf
803,4,0.33263050090798846,-0.9081556859635117,0.6841714016404494,1.5848999999999998,1,1.5848999999999998,6.0,inf
803,5,0.33263050090798846,-0.9081556859635117,0.6841714016404494,1.5848999999999998,1,1.5848999999999998,6.0,inf
804,0,0.16283531821456787,0.1534964403829289,0.3736633019516268,4.6026,1,4.6026,6.0,inf
804,1,0.16283531821456787,0.1534964403829289,0.3736633019516268,4.6026,1,4.6026,6.0,inf
804,2,0.16283531821456787,0.1534964403829289,0.3736633019516268,4.6026,1,4.6026,6.0,inf
804,3,0.16283531821456787,0.1534964403829289,0.3736633019516268,4.6026,1,4.6026,6.0,inf
804,4,0.16283531821456787,0.1534964403829289,0.3736633019516268,4.6026,1,4.6026,6.0,inf
804,5,0.16283531821456787,0.1534964403829289,0.3736633019516268,4.6026,1,4.6026,6.0,inf
805,0,-0.8537423728668363,-0.41637458677520445,0.1745296780511623,3.7286999999999995,1,3.7286999999999995,6.0,inf
805,1,-0.8537423728668363,-0.41637458677520445,0.1745296780511623,3.7286999999999995,1,3.7286999999999995,6.0,inf
805,2,-0.8537423728668363,-0.41637458677520445,0.1745296780511623,3.7286999999999995,1,3.7286999999999995,6.0,inf
805,3,-0.8537423728668363,-0.41637458677520445,0.1745296780511623,3.7286999999999995,1,3.7286999999999995,6.0,inf
805,4,-0.8537423728668363,-0.41637458677520445,0.1745296780511623,3.7286999999999995,1,3.7286999999999995,6.0,inf
805,5,-0.8537423728668363,-0.41637458677520445,0.1745296780511623,3.7286999999999995,1,3.7286999999999995,6.0,inf
806,0,-0.30447958668581643,-1.3669459075641697,-0.6177833968655727,6.0,0,6.4068,6.0,inf
806,1,-0.30447958668581643,-1.3669459075641697,-0.6177833968655727,6.0,0,6.4068,6.0,inf
806,2,-0.30447958668581643,-1.3669459075641697,-0.6177833968655727,6.0,0,6.4068,6.0,inf
806,3,-0.30447958668581643,-1.3669459075641697,-0.6177833968655727,6.0,0,6.4068,6.0,inf
806,4,-0.30447958668581643,-1.3669459075641697,-0.6177833968655727,6.0,0,6.4068,6.0,inf
806,5,-0.30447958668581643,-1.3669459075641697,-0.6177833968655727,6.0,0,6.4068,6.0,inf
807,0,-0.4487169871239004,-1.5453701312476167,0.12438568855515375,5.135999999999999,1,5.135999999999999,6.0,inf
807,1,-0.4487169871239004,-1.5453701312476167,0.12438568855515375,5.135999999999999,1,5.135999999999999,6.0,inf
807,2,-0.4487169871239004,-1.5453701312476167,0.12438568855515375,5.135999999999999,1,5.135999999999999,6.0,inf
807,3,-0.4487169871239004,-1.5453701312476167,0.12438568855515375,5.135999999999999,1,5.135999999999999,6.0,inf
807,4,-0.4487169871239004,-1.5453701312476167,0.12438568855515375,5.135999999999999,1,5.135999999999999,6.0,inf
807,5,-0.4487169871239004,-1.5453701312476167,0.12438568855515375,5.135999999999999,1,5.135999999999999,6.0,inf
808,0,-1.2385380278031717,-0.5046391776089737,-0.4004169534476141,3.2268,1,3.2268,6.0,inf
808,1,-1.2385380278031717,-0.5046391776089737,-0.4004169534476141,3.2268,1,3.2268,6.0,inf
808,2,-1.2385380278031717,-0.5046391776089737,-0.4004169534476141,3.2268,1,3.2268,6.0,inf
808,3,-1.2385380278031717,-0.5046391776089737,-0.4004169534476141,3.2268,1,3.2268,6.0,inf
808,4,-1.2385380278031717,-0.5046391776089737,-0.4004169534476141,3.2268,1,3.2268,6.0,inf
808,5,-1.2385380278031717,-0.5046391776089737,-0.4004169534476141,3.2268,1,3.2268,6.0,inf
809,0,-0.06028017126192245,0.7611598713848902,-0.16635179267512012,0.6812999999999999,1,0.6812999999999999,6.0,inf
809,1,-0.06028017126192245,0.7611598713848902,-0.16635179267512012,0.6812999999999999,1,0.6812999999999999,6.0,inf
809,2,-0.06028017126192245,0.7611598713848902,-0.16635179267512012,0.6812999999999999,1,0.6812999999999999,6.0,inf
809,3,-0.06028017126192245,0.7611598713848902,-0.16635179267512012,0.6812999999999999,1,0.6812999999999999,6.0,inf
809,4,-0.06028017126192245,0.7611598713848902,-0.16635179267512012,0.6812999999999999,1,0.6812999999999999,6.0,inf
809,5,-0.06028017126192245,0.7611598713848902,-0.16635179267512012,0.6812999999999999,1,0.6812999999999999,6.0,inf
810,0,-0.29481505988302015,-0.14996470440428525,0.7813979936809988,4.1072999999999995,1,4.1072999999999995,6.0,inf
810,1,-0.29481505988302015,-0.14996470440428525,0.7813979936809988,4.1072999999999995,1,4.1072999999999995,6.0,inf
810,2,-0.29481505988302015,-0.14996470440428525,0.7813979936809988,4.1072999999999995,1,4.1072999999999995,6.0,inf
810,3,-0.29481505988302015,-0.14996470440428525,0.7813979936809988,4.1072999999999995,1,4.1072999999999995,6.0,inf
810,4,-0.29481505988302015,-0.14996470440428525,0.7813979936809988,4.1072999999999995,1,4.1072999999999995,6.0,inf
810,5,-0.29481505988302015,-0.14996470440428525,0.7813979936809988,4.1072999999999995,1,4.1072999999999995,6.0,inf
811,0,0.9536021871744707,0.2258296314621429,-0.49037579515180235,2.8175999999999997,1,2.8175999999999997,6.0,inf
811,1,0.9536021871744707,0.2258296314621429,-0.49037579515180235,2.8175999999999997,1,2.8175999999999997,6.0,inf
811,2,0.9536021871744707,0.2258296314621429,-0.49037579515180235,2.8175999999999997,1,2.8175999999999997,6.0,inf
811,3,0.9536021871744707,0.2258296314621429,-0.49037579515180235,2.8175999999999997,1,2.8175999999999997,6.0,inf
811,4,0.9536021871744707,0.2258296314621429,-0.49037579515180235,2.8175999999999997,1,2.8175999999999997,6.0,inf
811,5,0.9536021871744707,0.2258296314621429,-0.49037579515180235,2.8175999999999997,1,2.8175999999999997,6.0,inf
812,0,0.7538397568581482,-0.41583350349350534,-0.6678569133381463,2.5923,1,2.5923,6.0,inf
812,1,0.7538397568581482,-0.41583350349350534,-0.6678569133381463,2.5923,1,2.5923,6.0,inf
812,2,0.7538397568581482,-0.41583350349350534,-0.6678569133381463,2.5923,1,2.5923,6.0,inf
812,3,0.7538397568581482,-0.41583350349350534,-0.6678569133381463,2.5923,1,2.5923,6.0,inf
812,4,0.7538397568581482,-0.41583350349350534,-0.6678569133381463,2.5923,1,2.5923,6.0,inf
812,5,0.7538397568581482,-0.41583350349350534,-0.6678569133381463,2.5923,1,2.5923,6.0,inf
813,0,1.0674420419370145,0.7068008371947363,-0.24495327267701972,0.9218999999999999,1,0.9218999999999999,6.0,inf
813,1,1.0674420419370145,0.7068008371947363,-0.24495327267701972,0.9218999999999999,1,0.9218999999999999,6.0,inf
813,2,1.0674420419370145,0.7068008371947363,-0.24495327267701972,0.9218999999999999,1,0.9218999999999999,6.0,inf
813,3,1.0674420419370145,0.7068008371947363,-0.24495327267701972,0.9218999999999999,1,0.9218999999999999,6.0,inf
813,4,1.0674420419370145,0.7068008371947363,-0.24495327267701972,0.9218999999999999,1,0.9218999999999999,6.0,inf
813,5,1.0674420419370145,0.7068008371947363,-0.24495327267701972,0.9218999999999999,1,0.9218999999999999,6.0,inf
814,0,-0.05175291249439068,0.5992159359871025,-1.0324032053826118,2.7104999999999997,1,2.7104999999999997,6.0,inf
814,1,-0.05175291249439068,0.5992159359871025,-1.0324032053826118,2.7104999999999997,1,2.7104999999999997,6.0,inf
814,2,-0.05175291249439068,0.5992159359871025,-1.0324032053826118,2.7104999999999997,1,2.7104999999999997,6.0,inf
814,3,-0.05175291249439068,0.5992159359871025,-1.0324032053826118,2.7104999999999997,1,2.7104999999999997,6.0,inf
814,4,-0.05175291249439068,0.5992159359871025,-1.0324032053826118,2.7104999999999997,1,2.7104999999999997,6.0,inf
814,5,-0.05175291249439068,0.5992159359871025,-1.0324032053826118,2.7104999999999997,1,2.7104999999999997,6.0,inf
815,0,2.448458391523927,1.6004224733711923,-0.3553311300246351,0.2724,1,0.2724,6.0,inf
815,1,2.448458391523927,1.6004224733711923,-0.3553311300246351,0.2724,1,0.2724,6.0,inf
815,2,2.448458391523927,1.6004224733711923,-0.3553311300246351,0.2724,1,0.2724,6.0,inf
815,3,2.448458391523927,1.6004224733711923,-0.3553311300246351,0.2724,1,0.2724,6.0,inf
815,4,2.448458391523927,1.6004224733711923,-0.3553311300246351,0.2724,1,0.2724,6.0,inf
815,5,2.448458391523927,1.6004224733711923,-0.3553311300246351,0.2724,1,0.2724,6.0,inf
816,0,0.10405144674650536,-1.4889722828891105,-0.8189163408308977,5.106599999999999,1,5.106599999999999,6.0,inf
816,1,0.10405144674650536,-1.4889722828891105,-0.8189163408308977,5.106599999999999,1,5.106599999999999,6.0,inf
816,2,0.10405144674650536,-1.4889722828891105,-0.8189163408308977,5.106599999999999,1,5.106599999999999,6.0,inf
816,3,0.10405144674650536,-1.4889722828891105,-0.8189163408308977,5.106599999999999,1,5.106599999999999,6.0,inf
816,4,0.10405144674650536,-1.4889722828891105,-0.8189163408308977,5.106599999999999,1,5.106599999999999,6.0,inf
816,5,0.10405144674650536,-1.4889722828891105,-0.8189163408308977,5.106599999999999,1,5.106599999999999,6.0,inf
817,0,-3.069223044263277,1.2998594810041033,0.5239764017571572,6.0,0,8.0001,6.0,inf
817,1,-3.069223044263277,1.2998594810041033,0.5239764017571572,6.0,0,8.0001,6.0,inf
817,2,-3.069223044263277,1.2998594810041033,0.5239764017571572,6.0,0,8.0001,6.0,inf
817,3,-3.069223044263277,1.2998594810041033,0.5239764017571572,6.0,0,8.0001,6.0,inf
817,4,-3.069223044263277,1.2998594810041033,0.5239764017571572,6.0,0,8.0001,6.0,inf
817,5,-3.069223044263277,1.2998594810041033,0.5239764017571572,6.0,0,8.0001,6.0,inf
818,0,-1.3127053605474521,0.5732899158250514,-0.5245169605180809,2.8505999999999996,1,2.8505999999999996,6.0,inf
818,1,-1.3127053605474521,0.5732899158250514,-0.5245169605180809,2.8505999999999996,1,2.8505999999999996,6.0,inf
818,2,-1.3127053605474521,0.5732899158250514,-0.5245169605180809,2.8505999999999996,1,2.8505999999999996,6.0,inf
818,3,-1.3127053605474521,0.5732899158250514,-0.5245169605180809,2.8505999999999996,1,2.8505999999999996,6.0,inf
818,4,-1.3127053605474521,0.5732899158250514,-0.5245169605180809,2.8505999999999996,1,2.8505999999999996,6.0,inf
818,5,-1.3127053605474521,0.5732899158250514,-0.5245169605180809,2.8505999999999996,1,2.8505999999999996,6.0,inf
819,0,1.3278299838219911,-1.8710939837269582,-0.1250698961009525,3.7460999999999998,1,3.7460999999999998,6.0,inf
819,1,1.3278299838219911,-1.8710939837269582,-0.1250698961009525,3.7460999999999998,1,3.7460999999999998,6.0,inf
819,2,1.3278299838219911,-1.8710939837269582,-0.1250698961009525,3.7460999999999998,1,3.7460999999999998,6.0,inf
819,3,1.3278299838219911,-1.8710939837269582,-0.1250698961009525,3.7460999999999998,1,3.7460999999999998,6.0,inf
819,4,1.3278299838219911,-1.8710939837269582,-0.1250698961009525,3.7460999999999998,1,3.7460999999999998,6.0,inf
819,5,1.3278299838219911,-1.8710939837269582,-0.1250698961009525,3.7460999999999998,1,3.7460999999999998,6.0,inf
820,0,-1.0313588266709925,-0.3978741567921481,-0.04907660456406816,0.44759999999999994,1,0.44759999999999994,6.0,inf
820,1,-1.0313588266709925,-0.3978741567921481,-0.04907660456406816,0.44759999999999994,1,0.44759999999999994,6.0,inf
820,2,-1.0313588266709925,-0.3978741567921481,-0.04907660456406816,0.44759999999999994,1,0.44759999999999994,6.0,inf
820,3,-1.0313588266709925,-0.3978741567921481,-0.04907660456406816,0.44759999999999994,1,0.44759999999999994,6.0,inf
820,4,-1.0313588266709925,-0.3978741567921481,-0.04907660456406816,0.44759999999999994,1,0.44759999999999994,6.0,inf
820,5,-1.0313588266709925,-0.3978741567921481,-0.04907660456406816,0.44759999999999994,1,0.44759999999999994,6.0,inf
821,0,0.0698677255035303,-0.650942433330958,0.4788560426582194,3.0006,1,3.0006,6.0,inf
821,1,0.0698677255035303,-0.650942433330958,0.4788560426582194,3.0006,1,3.0006,6.0,inf
821,2,0.0698677255035303,-0.650942433330958,0.4788560426582194,3.0006,1,3.0006,6.0,inf
821,3,0.0698677255035303,-0.650942433330958,0.4788560426582194,3.0006,1,3.0006,6.0,inf
821,4,0.0698677255035303,-0.650942433330958,0.4788560426582194,3.0006,1,3.0006,6.0,inf
821,5,0.0698677255035303,-0.650942433330958,0.4788560426582194,3.0006,1,3.0006,6.0,inf
822,0,0.6658654831205157,1.0667386701417776,-1.4094733826542132,0.693,1,0.693,6.0,inf
822,1,0.6658654831205157,1.0667386701417776,-1.4094733826542132,0.693,1,0.693,6.0,inf
822,2,0.6658654831205157,1.0667386701417776,-1.4094733826542132,0.693,1,0.693,6.0,inf
822,3,0.6658654831205157,1.0667386701417776,-1.4094733826542132,0.693,1,0.693,6.0,inf
822,4,0.6658654831205157,1.0667386701417776,-1.4094733826542132,0.693,1,0.693,6.0,inf
822,5,0.6658654831205157,1.0667386701417776,-1.4094733826542132,0.693,1,0.693,6.0,inf
823,0,-1.1235907589734444,-0.006103706434637634,-0.2532339722278182,0.8405999999999999,1,0.8405999999999999,6.0,inf
823,1,-1.1235907589734444,-0.006103706434637634,-0.2532339722278182,0.8405999999999999,1,0.8405999999999999,6.0,inf
823,2,-1.1235907589734444,-0.006103706434637634,-0.2532339722278182,0.8405999999999999,1,0.8405999999999999,6.0,inf
823,3,-1.1235907589734444,-0.006103706434637634,-0.2532339722278182,0.8405999999999999,1,0.8405999999999999,6.0,inf
823,4,-1.1235907589734444,-0.006103706434637634,-0.2532339722278182,0.8405999999999999,1,0.8405999999999999,6.0,inf
823,5,-1.1235907589734444,-0.006103706434637634,-0.2532339722278182,0.8405999999999999,1,0.8405999999999999,6.0,inf
824,0,-0.530670892764674,0.14859256173893914,1.5189971158830884,0.7667999999999999,1,0.7667999999999999,6.0,inf
824,1,-0.530670892764674,0.14859256173893914,1.5189971158830884,0.7667999999999999,1,0.7667999999999999,6.0,inf
824,2,-0.530670892764674,0.14859256173893914,1.5189971158830884,0.7667999999999999,1,0.7667999999999999,6.0,inf
824,3,-0.530670892764674,0.14859256173893914,1.5189971158830884,0.7667999999999999,1,0.7667999999999999,6.0,inf
824,4,-0.530670892764674,0.14859256173893914,1.5189971158830884,0.7667999999999999,1,0.7667999999999999,6.0,inf
824,5,-0.530670892764674,0.14859256173893914,1.5189971158830884,0.7667999999999999,1,0.7667999999999999,6.0,inf
825,0,-0.3923115623812102,0.2291806211849745,-1.4597896247543096,0.8231999999999999,1,0.8231999999999999,6.0,inf
825,1,-0.3923115623812102,0.2291806211849745,-1.4597896247543096,0.8231999999999999,1,0.8231999999999999,6.0,inf
825,2,-0.3923115623812102,0.2291806211849745,-1.4597896247543096,0.8231999999999999,1,0.8231999999999999,6.0,inf
825,3,-0.3923115623812102,0.2291806211849745,-1.4597896247543096,0.8231999999999999,1,0.8231999999999999,6.0,inf
825,4,-0.3923115623812102,0.2291806211849745,-1.4597896247543096,0.8231999999999999,1,0.8231999999999999,6.0,inf
825,5,-0.3923115623812102,0.2291806211849745,-1.4597896247543096,0.8231999999999999,1,0.8231999999999999,6.0,inf
826,0,-0.3662356387169392,-0.3512644097407984,-1.2258232978937786,2.1239999999999997,1,2.1239999999999997,6.0,inf
826,1,-0.3662356387169392,-0.3512644097407984,-1.2258232978937786,2.1239999999999997,1,2.1239999999999997,6.0,inf
826,2,-0.3662356387169392,-0.3512644097407984,-1.2258232978937786,2.1239999999999997,1,2.1239999999999997,6.0,inf
826,3,-0.3662356387169392,-0.3512644097407984,-1.2258232978937786,2.1239999999999997,1,2.1239999999999997,6.0,inf
826,4,-0.3662356387169392,-0.3512644097407984,-1.2258232978937786,2.1239999999999997,1,2.1239999999999997,6.0,inf
826,5,-0.3662356387169392,-0.3512644097407984,-1.2258232978937786,2.1239999999999997,1,2.1239999999999997,6.0,inf
827,0,2.0277907721960085,0.6280919893015,-1.5741288742064652,2.2895999999999996,1,2.2895999999999996,6.0,inf
827,1,2.0277907721960085,0.6280919893015,-1.5741288742064652,2.2895999999999996,1,2.2895999999999996,6.0,inf
827,2,2.0277907721960085,0.6280919893015,-1.5741288742064652,2.2895999999999996,1,2.2895999999999996,6.0,inf
827,3,2.0277907721960085,0.6280919893015,-1.5741288742064652,2.2895999999999996,1,2.2895999999999996,6.0,inf
827,4,2.0277907721960085,0.6280919893015,-1.5741288742064652,2.2895999999999996,1,2.2895999999999996,6.0,inf
827,5,2.0277907721960085,0.6280919893015,-1.5741288742064652,2.2895999999999996,1,2.2895999999999996,6.0,inf
828,0,-0.5199166777412959,-0.17183489494722443,-0.09457458184430091,0.47789999999999994,1,0.47789999999999994,6.0,inf
828,1,-0.5199166777412959,-0.17183489494722443,-0.09457458184430091,0.47789999999999994,1,0.47789999999999994,6.0,inf
828,2,-0.5199166777412959,-0.17183489494722443,-0.09457458184430091,0.47789999999999994,1,0.47789999999999994,6.0,inf
828,3,-0.5199166777412959,-0.17183489494722443,-0.09457458184430091,0.47789999999999994,1,0.47789999999999994,6.0,inf
828,4,-0.5199166777412959,-0.17183489494722443,-0.09457458184430091,0.47789999999999994,1,0.47789999999999994,6.0,inf
828,5,-0.5199166777412959,-0.17183489494722443,-0.09457458184430091,0.47789999999999994,1,0.47789999999999994,6.0,inf
829,0,1.0075898762761384,-2.709921233826032,-0.9806270139859564,6.0,0,8.0001,6.0,inf
829,1,1.0075898762761384,-2.709921233826032,-0.9806270139859564,6.0,0,8.0001,6.0,inf
829,2,1.0075898762761384,-2.709921233826032,-0.9806270139859564,6.0,0,8.0001,6.0,inf
829,3,1.0075898762761384,-2.709921233826032,-0.9806270139859564,6.0,0,8.0001,6.0,inf
829,4,1.0075898762761384,-2.709921233826032,-0.9806270139859564,6.0,0,8.0001,6.0,inf
829,5,1.0075898762761384,-2.709921233826032,-0.9806270139859564,6.0,0,8.0001,6.0,inf
830,0,0.9866601794649836,0.9293124086229918,0.049039843872201186,1.8114,1,1.8114,6.0,inf
830,1,0.9866601794649836,0.9293124086229918,0.049039843872201186,1.8114,1,1.8114,6.0,inf
830,2,0.9866601794649836,0.9293124086229918,0.049039843872201186,1.8114,1,1.8114,6.0,inf
830,3,0.9866601794649836,0.9293124086229918,0.049039843872201186,1.8114,1,1.8114,6.0,inf
830,4,0.9866601794649836,0.9293124086229918,0.049039843872201186,1.8114,1,1.8114,6.0,inf
830,5,0.9866601794649836,0.9293124086229918,0.049039843872201186,1.8114,1,1.8114,6.0,inf
831,0,0.5092839836945525,0.4279048291708062,0.672817061032403,1.287,1,1.287,6.0,inf
831,1,0.5092839836945525,0.4279048291708062,0.672817061032403,1.287,1,1.287,6.0,inf
831,2,0.5092839836945525,0.4279048291708062,0.672817061032403,1.287,1,1.287,6.0,inf
831,3,0.5092839836945525,0.4279048291708062,0.672817061032403,1.287,1,1.287,6.0,inf
831,4,0.5092839836945525,0.4279048291708062,0.672817061032403,1.287,1,1.287,6.0,inf
831,5,0.5092839836945525,0.4279048291708062,0.672817061032403,1.287,1,1.287,6.0,inf
832,0,-0.8800947192488797,1.1094463911412324,-1.7053212646692895,0.3888,1,0.3888,6.0,inf
832,1,-0.8800947192488797,1.1094463911412324,-1.7053212646692895,0.3888,1,0.3888,6.0,inf
832,2,-0.8800947192488797,1.1094463911412324,-1.7053212646692895,0.3888,1,0.3888,6.0,inf
832,3,-0.8800947192488797,1.1094463911412324,-1.7053212646692895,0.3888,1,0.3888,6.0,inf
832,4,-0.8800947192488797,1.1094463911412324,-1.7053212646692895,0.3888,1,0.3888,6.0,inf
832,5,-0.8800947192488797,1.1094463911412324,-1.7053212646692895,0.3888,1,0.3888,6.0,inf
833,0,-1.103477127781048,-0.9450573129781596,-0.5525477351350601,6.0,0,6.934799999999999,6.0,inf
833,1,-1.103477127781048,-0.9450573129781596,-0.5525477351350601,6.0,0,6.934799999999999,6.0,inf
833,2,-1.103477127781048,-0.9450573129781596,-0.5525477351350601,6.0,0,6.934799999999999,6.0,inf
833,3,-1.103477127781048,-0.9450573129781596,-0.5525477351350601,6.0,0,6.934799999999999,6.0,inf
833,4,-1.103477127781048,-0.9450573129781596,-0.5525477351350601,6.0,0,6.934799999999999,6.0,inf
833,5,-1.103477127781048,-0.9450573129781596,-0.5525477351350601,6.0,0,6.934799999999999,6.0,inf
834,0,0.6548018807433593,0.029988303605331928,-0.8661772478147782,3.1167,1,3.1167,6.0,inf
834,1,0.6548018807433593,0.029988303605331928,-0.8661772478147782,3.1167,1,3.1167,6.0,inf
834,2,0.6548018807433593,0.029988303605331928,-0.8661772478147782,3.1167,1,3.1167,6.0,inf
834,3,0.6548018807433593,0.029988303605331928,-0.8661772478147782,3.1167,1,3.1167,6.0,inf
834,4,0.6548018807433593,0.029988303605331928,-0.8661772478147782,3.1167,1,3.1167,6.0,inf
834,5,0.6548018807433593,0.029988303605331928,-0.8661772478147782,3.1167,1,3.1167,6.0,inf
835,0,-0.009690028204614958,0.4154422651925669,-0.17632677934016389,5.330699999999999,1,5.330699999999999,6.0,inf
835,1,-0.009690028204614958,0.4154422651925669,-0.17632677934016389,5.330699999999999,1,5.330699999999999,6.0,inf
835,2,-0.009690028204614958,0.4154422651925669,-0.17632677934016389,5.330699999999999,1,5.330699999999999,6.0,inf
835,3,-0.009690028204614958,0.4154422651925669,-0.17632677934016389,5.330699999999999,1,5.330699999999999,6.0,inf
835,4,-0.009690028204614958,0.4154422651925669,-0.17632677934016389,5.330699999999999,1,5.330699999999999,6.0,inf
835,5,-0.009690028204614958,0.4154422651925669,-0.17632677934016389,5.330699999999999,1,5.330699999999999,6.0,inf
836,0,0.026822772453155178,1.1911896526303964,0.577448543950214,1.7244,1,1.7244,6.0,inf
836,1,0.026822772453155178,1.1911896526303964,0.577448543950214,1.7244,1,1.7244,6.0,inf
836,2,0.026822772453155178,1.1911896526303964,0.577448543950214,1.7244,1,1.7244,6.0,inf
836,3,0.026822772453155178,1.1911896526303964,0.577448543950214,1.7244,1,1.7244,6.0,inf
836,4,0.026822772453155178,1.1911896526303964,0.577448543950214,1.7244,1,1.7244,6.0,inf
836,5,0.026822772453155178,1.1911896526303964,0.577448543950214,1.7244,1,1.7244,6.0,inf
837,0,0.8604427835382654,0.7059529001422906,0.484041330561891,0.7004999999999999,1,0.7004999999999999,6.0,inf
837,1,0.8604427835382654,0.7059529001422906,0.484041330561891,0.7004999999999999,1,0.7004999999999999,6.0,inf
837,2,0.8604427835382654,0.7059529001422906,0.484041330561891,0.7004999999999999,1,0.7004999999999999,6.0,inf
837,3,0.8604427835382654,0.7059529001422906,0.484041330561891,0.7004999999999999,1,0.7004999999999999,6.0,inf
837,4,0.8604427835382654,0.7059529001422906,0.484041330561891,0.7004999999999999,1,0.7004999999999999,6.0,inf
837,5,0.8604427835382654,0.7059529001422906,0.484041330561891,0.7004999999999999,1,0.7004999999999999,6.0,inf
838,0,0.01884772246531178,1.0723152104752731,0.846701841010405,1.7082,1,1.7082,6.0,inf
838,1,0.01884772246531178,1.0723152104752731,0.846701841010405,1.7082,1,1.7082,6.0,inf
838,2,0.01884772246531178,1.0723152104752731,0.846701841010405,1.7082,1,1.7082,6.0,inf
838,3,0.01884772246531178,1.0723152104752731,0.846701841010405,1.7082,1,1.7082,6.0,inf
838,4,0.01884772246531178,1.0723152104752731,0.846701841010405,1.7082,1,1.7082,6.0,inf
838,5,0.01884772246531178,1.0723152104752731,0.846701841010405,1.7082,1,1.7082,6.0,inf
839,0,0.08051161869703366,-0.3799027970941226,0.34531416975433,1.452,1,1.452,6.0,inf
839,1,0.08051161869703366,-0.3799027970941226,0.34531416975433,1.452,1,1.452,6.0,inf
839,2,0.08051161869703366,-0.3799027970941226,0.34531416975433,1.452,1,1.452,6.0,inf
839,3,0.08051161869703366,-0.3799027970941226,0.34531416975433,1.452,1,1.452,6.0,inf
839,4,0.08051161869703366,-0.3799027970941226,0.34531416975433,1.452,1,1.452,6.0,inf
839,5,0.08051161869703366,-0.3799027970941226,0.34531416975433,1.452,1,1.452,6.0,inf
840,0,-0.535820733566032,1.0308279359127053,1.2257278194563568,1.3518,1,1.3518,6.0,inf
840,1,-0.535820733566032,1.0308279359127053,1.2257278194563568,1.3518,1,1.3518,6.0,inf
840,2,-0.535820733566032,1.0308279359127053,1.2257278194563568,1.3518,1,1.3518,6.0,inf
840,3,-0.535820733566032,1.0308279359127053,1.2257278194563568,1.3518,1,1.3518,6.0,inf
840,4,-0.535820733566032,1.0308279359127053,1.2257278194563568,1.3518,1,1.3518,6.0,inf
840,5,-0.535820733566032,1.0308279359127053,1.2257278194563568,1.3518,1,1.3518,6.0,inf
841,0,-0.5786068924450124,1.8799068226493136,0.19279555645671068,2.2293,1,2.2293,6.0,inf
841,1,-0.5786068924450124,1.8799068226493136,0.19279555645671068,2.2293,1,2.2293,6.0,inf
841,2,-0.5786068924450124,1.8799068226493136,0.19279555645671068,2.2293,1,2.2293,6.0,inf
841,3,-0.5786068924450124,1.8799068226493136,0.19279555645671068,2.2293,1,2.2293,6.0,inf
841,4,-0.5786068924450124,1.8799068226493136,0.19279555645671068,2.2293,1,2.2293,6.0,inf
841,5,-0.5786068924450124,1.8799068226493136,0.19279555645671068,2.2293,1,2.2293,6.0,inf
842,0,-0.72974395436809,0.5975737691375439,-0.3471014195637954,1.3790999999999998,1,1.3790999999999998,6.0,inf
842,1,-0.72974395436809,0.5975737691375439,-0.3471014195637954,1.3790999999999998,1,1.3790999999999998,6.0,inf
842,2,-0.72974395436809,0.5975737691375439,-0.3471014195637954,1.3790999999999998,1,1.3790999999999998,6.0,inf
842,3,-0.72974395436809,0.5975737691375439,-0.3471014195637954,1.3790999999999998,1,1.3790999999999998,6.0,inf
842,4,-0.72974395436809,0.5975737691375439,-0.3471014195637954,1.3790999999999998,1,1.3790999999999998,6.0,inf
842,5,-0.72974395436809,0.5975737691375439,-0.3471014195637954,1.3790999999999998,1,1.3790999999999998,6.0,inf
843,0,1.2658217493512431,0.023253086252303382,-0.3056522952348371,2.9234999999999998,1,2.9234999999999998,6.0,inf
843,1,1.2658217493512431,0.023253086252303382,-0.3056522952348371,2.9234999999999998,1,2.9234999999999998,6.0,inf
843,2,1.2658217493512431,0.023253086252303382,-0.3056522952348371,2.9234999999999998,1,2.9234999999999998,6.0,inf
843,3,1.2658217493512431,0.023253086252303382,-0.3056522952348371,2.9234999999999998,1,2.9234999999999998,6.0,inf
843,4,1.2658217493512431,0.023253086252303382,-0.3056522952348371,2.9234999999999998,1,2.9234999999999998,6.0,inf
843,5,1.2658217493512431,0.023253086252303382,-0.3056522952348371,2.9234999999999998,1,2.9234999999999998,6.0,inf
844,0,-0.691874730890432,1.2070944998381774,-0.842883930026178,4.6971,1,4.6971,6.0,inf
844,1,-0.691874730890432,1.2070944998381774,-0.842883930026178,4.6971,1,4.6971,6.0,inf
844,2,-0.691874730890432,1.2070944998381774,-0.842883930026178,4.6971,1,4.6971,6.0,inf
844,3,-0.691874730890432,1.2070944998381774,-0.842883930026178,4.6971,1,4.6971,6.0,inf
844,4,-0.691874730890432,1.2070944998381774,-0.842883930026178,4.6971,1,4.6971,6.0,inf
844,5,-0.691874730890432,1.2070944998381774,-0.842883930026178,4.6971,1,4.6971,6.0,inf
845,0,-0.3530136948701848,-0.428514924638638,0.4063982669587121,5.6198999999999995,1,5.6198999999999995,6.0,inf
845,1,-0.3530136948701848,-0.428514924638638,0.4063982669587121,5.6198999999999995,1,5.6198999999999995,6.0,inf
845,2,-0.3530136948701848,-0.428514924638638,0.4063982669587121,5.6198999999999995,1,5.6198999999999995,6.0,inf
845,3,-0.3530136948701848,-0.428514924638638,0.4063982669587121,5.6198999999999995,1,5.6198999999999995,6.0,inf
845,4,-0.3530136948701848,-0.428514924638638,0.4063982669587121,5.6198999999999995,1,5.6198999999999995,6.0,inf
845,5,-0.3530136948701848,-0.428514924638638,0.4063982669587121,5.6198999999999995,1,5.6198999999999995,6.0,inf
846,0,1.117074217264291,0.18179439203203496,0.9795225070176833,0.5931,1,0.5931,6.0,inf
846,1,1.117074217264291,0.18179439203203496,0.9795225070176833,0.5931,1,0.5931,6.0,inf
846,2,1.117074217264291,0.18179439203203496,0.9795225070176833,0.5931,1,0.5931,6.0,inf
846,3,1.117074217264291,0.18179439203203496,0.9795225070176833,0.5931,1,0.5931,6.0,inf
846,4,1.117074217264291,0.18179439203203496,0.9795225070176833,0.5931,1,0.5931,6.0,inf
846,5,1.117074217264291,0.18179439203203496,0.9795225070176833,0.5931,1,0.5931,6.0,inf
847,0,0.2820766141402442,-0.15458935006874774,-0.696446932754994,1.9028999999999998,1,1.9028999999999998,6.0,inf
847,1,0.2820766141402442,-0.15458935006874774,-0.696446932754994,1.9028999999999998,1,1.9028999999999998,6.0,inf
847,2,0.2820766141402442,-0.15458935006874774,-0.696446932754994,1.9028999999999998,1,1.9028999999999998,6.0,inf
847,3,0.2820766141402442,-0.15458935006874774,-0.696446932754994,1.9028999999999998,1,1.9028999999999998,6.0,inf
847,4,0.2820766141402442,-0.15458935006874774,-0.696446932754994,1.9028999999999998,1,1.9028999999999998,6.0,inf
847,5,0.2820766141402442,-0.15458935006874774,-0.696446932754994,1.9028999999999998,1,1.9028999999999998,6.0,inf
848,0,0.045333185539813074,0.015255611845616543,-0.483410340325045,2.0477999999999996,1,2.0477999999999996,6.0,inf
848,1,0.045333185539813074,0.015255611845616543,-0.483410340325045,2.0477999999999996,1,2.0477999999999996,6.0,inf
848,2,0.045333185539813074,0.015255611845616543,-0.483410340325045,2.0477999999999996,1,2.0477999999999996,6.0,inf
848,3,0.045333185539813074,0.015255611845616543,-0.483410340325045,2.0477999999999996,1,2.0477999999999996,6.0,inf
848,4,0.045333185539813074,0.015255611845616543,-0.483410340325045,2.0477999999999996,1,2.0477999999999996,6.0,inf
848,5,0.045333185539813074,0.015255611845616543,-0.483410340325045,2.0477999999999996,1,2.0477999999999996,6.0,inf
849,0,-0.6297398390373762,1.0519261069187305,-0.06449322439739398,2.3106,1,2.3106,6.0,inf
849,1,-0.6297398390373762,1.0519261069187305,-0.06449322439739398,2.3106,1,2.3106,6.0,inf
849,2,-0.6297398390373762,1.0519261069187305,-0.06449322439739398,2.3106,1,2.3106,6.0,inf
849,3,-0.6297398390373762,1.0519261069187305,-0.06449322439739398,2.3106,1,2.3106,6.0,inf
849,4,-0.6297398390373762,1.0519261069187305,-0.06449322439739398,2.3106,1,2.3106,6.0,inf
849,5,-0.6297398390373762,1.0519261069187305,-0.06449322439739398,2.3106,1,2.3106,6.0,inf
850,0,1.60940528539288,1.042580706016807,0.10818044776156095,0.19679999999999997,1,0.19679999999999997,6.0,inf
850,1,1.60940528539288,1.042580706016807,0.10818044776156095,0.19679999999999997,1,0.19679999999999997,6.0,inf
850,2,1.60940528539288,1.042580706016807,0.10818044776156095,0.19679999999999997,1,0.19679999999999997,6.0,inf
850,3,1.60940528539288,1.042580706016807,0.10818044776156095,0.19679999999999997,1,0.19679999999999997,6.0,inf
850,4,1.60940528539288,1.042580706016807,0.10818044776156095,0.19679999999999997,1,0.19679999999999997,6.0,inf
850,5,1.60940528539288,1.042580706016807,0.10818044776156095,0.19679999999999997,1,0.19679999999999997,6.0,inf
851,0,-0.5021822579735267,-0.669672746417564,-0.3100057407757296,1.7022,1,1.7022,6.0,inf
851,1,-0.5021822579735267,-0.669672746417564,-0.3100057407757296,1.7022,1,1.7022,6.0,inf
851,2,-0.5021822579735267,-0.669672746417564,-0.3100057407757296,1.7022,1,1.7022,6.0,inf
851,3,-0.5021822579735267,-0.669672746417564,-0.3100057407757296,1.7022,1,1.7022,6.0,inf
851,4,-0.5021822579735267,-0.669672746417564,-0.3100057407757296,1.7022,1,1.7022,6.0,inf
851,5,-0.5021822579735267,-0.669672746417564,-0.3100057407757296,1.7022,1,1.7022,6.0,inf
852,0,0.3488045496582672,-0.9267905865518088,0.3536366309098289,0.20789999999999997,1,0.20789999999999997,6.0,inf
852,1,0.3488045496582672,-0.9267905865518088,0.3536366309098289,0.20789999999999997,1,0.20789999999999997,6.0,inf
852,2,0.3488045496582672,-0.9267905865518088,0.3536366309098289,0.20789999999999997,1,0.20789999999999997,6.0,inf
852,3,0.3488045496582672,-0.9267905865518088,0.3536366309098289,0.20789999999999997,1,0.20789999999999997,6.0,inf
852,4,0.3488045496582672,-0.9267905865518088,0.3536366309098289,0.20789999999999997,1,0.20789999999999997,6.0,inf
852,5,0.3488045496582672,-0.9267905865518088,0.3536366309098289,0.20789999999999997,1,0.20789999999999997,6.0,inf
853,0,0.3144153982586275,1.1648410771468607,-1.416619297507134,5.5310999999999995,1,5.5310999999999995,6.0,inf
853,1,0.3144153982586275,1.1648410771468607,-1.416619297507134,5.5310999999999995,1,5.5310999999999995,6.0,inf
853,2,0.3144153982586275,1.1648410771468607,-1.416619297507134,5.5310999999999995,1,5.5310999999999995,6.0,inf
853,3,0.3144153982586275,1.1648410771468607,-1.416619297507134,5.5310999999999995,1,5.5310999999999995,6.0,inf
853,4,0.3144153982586275,1.1648410771468607,-1.416619297507134,5.5310999999999995,1,5.5310999999999995,6.0,inf
853,5,0.3144153982586275,1.1648410771468607,-1.416619297507134,5.5310999999999995,1,5.5310999999999995,6.0,inf
854,0,0.1913752942142119,0.41698689083763496,0.939347482800727,2.4290999999999996,1,2.4290999999999996,6.0,inf
854,1,0.1913752942142119,0.41698689083763496,0.939347482800727,2.4290999999999996,1,2.4290999999999996,6.0,inf
854,2,0.1913752942142119,0.41698689083763496,0.939347482800727,2.4290999999999996,1,2.4290999999999996,6.0,inf
854,3,0.1913752942142119,0.41698689083763496,0.939347482800727,2.4290999999999996,1,2.4290999999999996,6.0,inf
854,4,0.1913752942142119,0.41698689083763496,0.939347482800727,2.4290999999999996,1,2.4290999999999996,6.0,inf
854,5,0.1913752942142119,0.41698689083763496,0.939347482800727,2.4290999999999996,1,2.4290999999999996,6.0,inf
855,0,-0.8607863814796688,1.1585334606603883,0.07045004325951135,4.4676,1,4.4676,6.0,inf
855,1,-0.8607863814796688,1.1585334606603883,0.07045004325951135,4.4676,1,4.4676,6.0,inf
855,2,-0.8607863814796688,1.1585334606603883,0.07045004325951135,4.4676,1,4.4676,6.0,inf
855,3,-0.8607863814796688,1.1585334606603883,0.07045004325951135,4.4676,1,4.4676,6.0,inf
855,4,-0.8607863814796688,1.1585334606603883,0.07045004325951135,4.4676,1,4.4676,6.0,inf
855,5,-0.8607863814796688,1.1585334606603883,0.07045004325951135,4.4676,1,4.4676,6.0,inf
856,0,3.4674923135145757,-0.6171328119738054,-0.697390396317534,0.2985,1,0.2985,6.0,inf
856,1,3.4674923135145757,-0.6171328119738054,-0.697390396317534,0.2985,1,0.2985,6.0,inf
856,2,3.4674923135145757,-0.6171328119738054,-0.697390396317534,0.2985,1,0.2985,6.0,inf
856,3,3.4674923135145757,-0.6171328119738054,-0.697390396317534,0.2985,1,0.2985,6.0,inf
856,4,3.4674923135145757,-0.6171328119738054,-0.697390396317534,0.2985,1,0.2985,6.0,inf
856,5,3.4674923135145757,-0.6171328119738054,-0.697390396317534,0.2985,1,0.2985,6.0,inf
857,0,-0.6897661271965051,2.438653469945976,0.64546242878612,0.3081,1,0.3081,6.0,inf
857,1,-0.6897661271965051,2.438653469945976,0.64546242878612,0.3081,1,0.3081,6.0,inf
857,2,-0.6897661271965051,2.438653469945976,0.64546242878612,0.3081,1,0.3081,6.0,inf
857,3,-0.6897661271965051,2.438653469945976,0.64546242878612,0.3081,1,0.3081,6.0,inf
857,4,-0.6897661271965051,2.438653469945976,0.64546242878612,0.3081,1,0.3081,6.0,inf
857,5,-0.6897661271965051,2.438653469945976,0.64546242878612,0.3081,1,0.3081,6.0,inf
858,0,0.37412853975477167,1.0479219225910306,1.6464817686697106,0.3837,1,0.3837,6.0,inf
858,1,0.37412853975477167,1.0479219225910306,1.6464817686697106,0.3837,1,0.3837,6.0,inf
858,2,0.37412853975477167,1.0479219225910306,1.6464817686697106,0.3837,1,0.3837,6.0,inf
858,3,0.37412853975477167,1.0479219225910306,1.6464817686697106,0.3837,1,0.3837,6.0,inf
858,4,0.37412853975477167,1.0479219225910306,1.6464817686697106,0.3837,1,0.3837,6.0,inf
858,5,0.37412853975477167,1.0479219225910306,1.6464817686697106,0.3837,1,0.3837,6.0,inf
859,0,-0.3595969102077965,0.5511368714979015,0.08044908408531722,1.0919999999999999,1,1.0919999999999999,6.0,inf
859,1,-0.3595969102077965,0.5511368714979015,0.08044908408531722,1.0919999999999999,1,1.0919999999999999,6.0,inf
859,2,-0.3595969102077965,0.5511368714979015,0.08044908408531722,1.0919999999999999,1,1.0919999999999999,6.0,inf
859,3,-0.3595969102077965,0.5511368714979015,0.08044908408531722,1.0919999999999999,1,1.0919999999999999,6.0,inf
859,4,-0.3595969102077965,0.5511368714979015,0.08044908408531722,1.0919999999999999,1,1.0919999999999999,6.0,inf
859,5,-0.3595969102077965,0.5511368714979015,0.08044908408531722,1.0919999999999999,1,1.0919999999999999,6.0,inf
860,0,0.5688818053107073,-0.20799330157400403,-2.1722319242183485,3.7823999999999995,1,3.7823999999999995,6.0,inf
860,1,0.5688818053107073,-0.20799330157400403,-2.1722319242183485,3.7823999999999995,1,3.7823999999999995,6.0,inf
860,2,0.5688818053107073,-0.20799330157400403,-2.1722319242183485,3.7823999999999995,1,3.7823999999999995,6.0,inf
860,3,0.5688818053107073,-0.20799330157400403,-2.1722319242183485,3.7823999999999995,1,3.7823999999999995,6.0,inf
860,4,0.5688818053107073,-0.20799330157400403,-2.1722319242183485,3.7823999999999995,1,3.7823999999999995,6.0,inf
860,5,0.5688818053107073,-0.20799330157400403,-2.1722319242183485,3.7823999999999995,1,3.7823999999999995,6.0,inf
861,0,1.0618634281566852,0.644536614886579,-0.4592167874352124,2.61,1,2.61,6.0,inf
861,1,1.0618634281566852,0.644536614886579,-0.4592167874352124,2.61,1,2.61,6.0,inf
861,2,1.0618634281566852,0.644536614886579,-0.4592167874352124,2.61,1,2.61,6.0,inf
861,3,1.0618634281566852,0.644536614886579,-0.4592167874352124,2.61,1,2.61,6.0,inf
861,4,1.0618634281566852,0.644536614886579,-0.4592167874352124,2.61,1,2.61,6.0,inf
861,5,1.0618634281566852,0.644536614886579,-0.4592167874352124,2.61,1,2.61,6.0,inf
862,0,-0.4965836879858427,-1.7763241390819393,0.11002360643090613,2.6451,1,2.6451,6.0,inf
862,1,-0.4965836879858427,-1.7763241390819393,0.11002360643090613,2.6451,1,2.6451,6.0,inf
862,2,-0.4965836879858427,-1.7763241390819393,0.11002360643090613,2.6451,1,2.6451,6.0,inf
862,3,-0.4965836879858427,-1.7763241390819393,0.11002360643090613,2.6451,1,2.6451,6.0,inf
862,4,-0.4965836879858427,-1.7763241390819393,0.11002360643090613,2.6451,1,2.6451,6.0,inf
862,5,-0.4965836879858427,-1.7763241390819393,0.11002360643090613,2.6451,1,2.6451,6.0,inf
863,0,-0.6600339465988987,-0.15917273761238362,0.08229723769885836,0.2571,1,0.2571,6.0,inf
863,1,-0.6600339465988987,-0.15917273761238362,0.08229723769885836,0.2571,1,0.2571,6.0,inf
863,2,-0.6600339465988987,-0.15917273761238362,0.08229723769885836,0.2571,1,0.2571,6.0,inf
863,3,-0.6600339465988987,-0.15917273761238362,0.08229723769885836,0.2571,1,0.2571,6.0,inf
863,4,-0.6600339465988987,-0.15917273761238362,0.08229723769885836,0.2571,1,0.2571,6.0,inf
863,5,-0.6600339465988987,-0.15917273761238362,0.08229723769885836,0.2571,1,0.2571,6.0,inf
864,0,0.9551805571767916,-1.373787153894342,0.1611199224002968,2.2497,1,2.2497,6.0,inf
864,1,0.9551805571767916,-1.373787153894342,0.1611199224002968,2.2497,1,2.2497,6.0,inf
864,2,0.9551805571767916,-1.373787153894342,0.1611199224002968,2.2497,1,2.2497,6.0,inf
864,3,0.9551805571767916,-1.373787153894342,0.1611199224002968,2.2497,1,2.2497,6.0,inf
864,4,0.9551805571767916,-1.373787153894342,0.1611199224002968,2.2497,1,2.2497,6.0,inf
864,5,0.9551805571767916,-1.373787153894342,0.1611199224002968,2.2497,1,2.2497,6.0,inf
865,0,0.9936400523645973,0.9698564305333289,0.8463614093057482,1.4957999999999998,1,1.4957999999999998,6.0,inf
865,1,0.9936400523645973,0.9698564305333289,0.8463614093057482,1.4957999999999998,1,1.4957999999999998,6.0,inf
865,2,0.9936400523645973,0.9698564305333289,0.8463614093057482,1.4957999999999998,1,1.4957999999999998,6.0,inf
865,3,0.9936400523645973,0.9698564305333289,0.8463614093057482,1.4957999999999998,1,1.4957999999999998,6.0,inf
865,4,0.9936400523645973,0.9698564305333289,0.8463614093057482,1.4957999999999998,1,1.4957999999999998,6.0,inf
865,5,0.9936400523645973,0.9698564305333289,0.8463614093057482,1.4957999999999998,1,1.4957999999999998,6.0,inf
866,0,0.11530847478931058,1.520181992409367,-0.6302376070972767,2.7264,1,2.7264,6.0,inf
866,1,0.11530847478931058,1.520181992409367,-0.6302376070972767,2.7264,1,2.7264,6.0,inf
866,2,0.11530847478931058,1.520181992409367,-0.6302376070972767,2.7264,1,2.7264,6.0,inf
866,3,0.11530847478931058,1.520181992409367,-0.6302376070972767,2.7264,1,2.7264,6.0,inf
866,4,0.11530847478931058,1.520181992409367,-0.6302376070972767,2.7264,1,2.7264,6.0,inf
866,5,0.11530847478931058,1.520181992409367,-0.6302376070972767,2.7264,1,2.7264,6.0,inf
867,0,-0.26945421558195454,-0.3037093335840104,1.2961836711880617,2.1647999999999996,1,2.1647999999999996,6.0,inf
867,1,-0.26945421558195454,-0.3037093335840104,1.2961836711880617,2.1647999999999996,1,2.1647999999999996,6.0,inf
867,2,-0.26945421558195454,-0.3037093335840104,1.2961836711880617,2.1647999999999996,1,2.1647999999999996,6.0,inf
867,3,-0.26945421558195454,-0.3037093335840104,1.2961836711880617,2.1647999999999996,1,2.1647999999999996,6.0,inf
867,4,-0.26945421558195454,-0.3037093335840104,1.2961836711880617,2.1647999999999996,1,2.1647999999999996,6.0,inf
867,5,-0.26945421558195454,-0.3037093335840104,1.2961836711880617,2.1647999999999996,1,2.1647999999999996,6.0,inf
868,0,0.25540629442037954,-0.5583361721098431,-0.27098974378006463,3.6815999999999995,1,3.6815999999999995,6.0,inf
868,1,0.25540629442037954,-0.5583361721098431,-0.27098974378006463,3.6815999999999995,1,3.6815999999999995,6.0,inf
868,2,0.25540629442037954,-0.5583361721098431,-0.27098974378006463,3.6815999999999995,1,3.6815999999999995,6.0,inf
868,3,0.25540629442037954,-0.5583361721098431,-0.27098974378006463,3.6815999999999995,1,3.6815999999999995,6.0,inf
868,4,0.25540629442037954,-0.5583361721098431,-0.27098974378006463,3.6815999999999995,1,3.6815999999999995,6.0,inf
868,5,0.25540629442037954,-0.5583361721098431,-0.27098974378006463,3.6815999999999995,1,3.6815999999999995,6.0,inf
869,0,-0.8825220586647177,-0.24663021776068653,-1.4078160317980992,6.0,0,6.3195,6.0,inf
869,1,-0.8825220586647177,-0.24663021776068653,-1.4078160317980992,6.0,0,6.3195,6.0,inf
869,2,-0.8825220586647177,-0.24663021776068653,-1.4078160317980992,6.0,0,6.3195,6.0,inf
869,3,-0.8825220586647177,-0.24663021776068653,-1.4078160317980992,6.0,0,6.3195,6.0,inf
869,4,-0.8825220586647177,-0.24663021776068653,-1.4078160317980992,6.0,0,6.3195,6.0,inf
869,5,-0.8825220586647177,-0.24663021776068653,-1.4078160317980992,6.0,0,6.3195,6.0,inf
870,0,-0.2069418991299959,0.5936684924326002,-0.13089405659049838,1.0995,1,1.0995,6.0,inf
870,1,-0.2069418991299959,0.5936684924326002,-0.13089405659049838,1.0995,1,1.0995,6.0,inf
870,2,-0.2069418991299959,0.5936684924326002,-0.13089405659049838,1.0995,1,1.0995,6.0,inf
870,3,-0.2069418991299959,0.5936684924326002,-0.13089405659049838,1.0995,1,1.0995,6.0,inf
870,4,-0.2069418991299959,0.5936684924326002,-0.13089405659049838,1.0995,1,1.0995,6.0,inf
870,5,-0.2069418991299959,0.5936684924326002,-0.13089405659049838,1.0995,1,1.0995,6.0,inf
871,0,0.4903647413917983,0.07516597320918796,-1.469588199818929,2.3327999999999998,1,2.3327999999999998,6.0,inf
871,1,0.4903647413917983,0.07516597320918796,-1.469588199818929,2.3327999999999998,1,2.3327999999999998,6.0,inf
871,2,0.4903647413917983,0.07516597320918796,-1.469588199818929,2.3327999999999998,1,2.3327999999999998,6.0,inf
871,3,0.4903647413917983,0.07516597320918796,-1.469588199818929,2.3327999999999998,1,2.3327999999999998,6.0,inf
871,4,0.4903647413917983,0.07516597320918796,-1.469588199818929,2.3327999999999998,1,2.3327999999999998,6.0,inf
871,5,0.4903647413917983,0.07516597320918796,-1.469588199818929,2.3327999999999998,1,2.3327999999999998,6.0,inf
872,0,-1.7040975231975175,1.0116005453271615,-0.04348048397796891,0.6488999999999999,1,0.6488999999999999,6.0,inf
872,1,-1.7040975231975175,1.0116005453271615,-0.04348048397796891,0.6488999999999999,1,0.6488999999999999,6.0,inf
872,2,-1.7040975231975175,1.0116005453271615,-0.04348048397796891,0.6488999999999999,1,0.6488999999999999,6.0,inf
872,3,-1.7040975231975175,1.0116005453271615,-0.04348048397796891,0.6488999999999999,1,0.6488999999999999,6.0,inf
872,4,-1.7040975231975175,1.0116005453271615,-0.04348048397796891,0.6488999999999999,1,0.6488999999999999,6.0,inf
872,5,-1.7040975231975175,1.0116005453271615,-0.04348048397796891,0.6488999999999999,1,0.6488999999999999,6.0,inf
873,0,-0.8349215743029066,0.0923609787530077,0.19068315280411263,0.6587999999999999,1,0.6587999999999999,6.0,inf
873,1,-0.8349215743029066,0.0923609787530077,0.19068315280411263,0.6587999999999999,1,0.6587999999999999,6.0,inf
873,2,-0.8349215743029066,0.0923609787530077,0.19068315280411263,0.6587999999999999,1,0.6587999999999999,6.0,inf
873,3,-0.8349215743029066,0.0923609787530077,0.19068315280411263,0.6587999999999999,1,0.6587999999999999,6.0,inf
873,4,-0.8349215743029066,0.0923609787530077,0.19068315280411263,0.6587999999999999,1,0.6587999999999999,6.0,inf
873,5,-0.8349215743029066,0.0923609787530077,0.19068315280411263,0.6587999999999999,1,0.6587999999999999,6.0,inf
874,0,1.7579517606021684,-1.6360299328126442,0.21919011083269252,1.8414,1,1.8414,6.0,inf
874,1,1.7579517606021684,-1.6360299328126442,0.21919011083269252,1.8414,1,1.8414,6.0,inf
874,2,1.7579517606021684,-1.6360299328126442,0.21919011083269252,1.8414,1,1.8414,6.0,inf
874,3,1.7579517606021684,-1.6360299328126442,0.21919011083269252,1.8414,1,1.8414,6.0,inf
874,4,1.7579517606021684,-1.6360299328126442,0.21919011083269252,1.8414,1,1.8414,6.0,inf
874,5,1.7579517606021684,-1.6360299328126442,0.21919011083269252,1.8414,1,1.8414,6.0,inf
875,0,-0.7015712700657861,1.3223209753117302,-0.021235084776386103,3.0953999999999997,1,3.0953999999999997,6.0,inf
875,1,-0.7015712700657861,1.3223209753117302,-0.021235084776386103,3.0953999999999997,1,3.0953999999999997,6.0,inf
875,2,-0.7015712700657861,1.3223209753117302,-0.021235084776386103,3.0953999999999997,1,3.0953999999999997,6.0,inf
875,3,-0.7015712700657861,1.3223209753117302,-0.021235084776386103,3.0953999999999997,1,3.0953999999999997,6.0,inf
875,4,-0.7015712700657861,1.3223209753117302,-0.021235084776386103,3.0953999999999997,1,3.0953999999999997,6.0,inf
875,5,-0.7015712700657861,1.3223209753117302,-0.021235084776386103,3.0953999999999997,1,3.0953999999999997,6.0,inf
876,0,-0.38897426947259334,-1.2376070402332666,-0.6734309671391088,6.0,0,7.260299999999999,6.0,inf
876,1,-0.38897426947259334,-1.2376070402332666,-0.6734309671391088,6.0,0,7.260299999999999,6.0,inf
876,2,-0.38897426947259334,-1.2376070402332666,-0.6734309671391088,6.0,0,7.260299999999999,6.0,inf
876,3,-0.38897426947259334,-1.2376070402332666,-0.6734309671391088,6.0,0,7.260299999999999,6.0,inf
876,4,-0.38897426947259334,-1.2376070402332666,-0.6734309671391088,6.0,0,7.260299999999999,6.0,inf
876,5,-0.38897426947259334,-1.2376070402332666,-0.6734309671391088,6.0,0,7.260299999999999,6.0,inf
877,0,-0.5026372729309584,-2.5088445900962006,-0.16897327085167807,5.9178,1,5.9178,6.0,inf
877,1,-0.5026372729309584,-2.5088445900962006,-0.16897327085167807,5.9178,1,5.9178,6.0,inf
877,2,-0.5026372729309584,-2.5088445900962006,-0.16897327085167807,5.9178,1,5.9178,6.0,inf
877,3,-0.5026372729309584,-2.5088445900962006,-0.16897327085167807,5.9178,1,5.9178,6.0,inf
877,4,-0.5026372729309584,-2.5088445900962006,-0.16897327085167807,5.9178,1,5.9178,6.0,inf
877,5,-0.5026372729309584,-2.5088445900962006,-0.16897327085167807,5.9178,1,5.9178,6.0,inf
878,0,0.29005272788383657,1.8712024686799182,1.1179996129860372,0.10409999999999998,1,0.10409999999999998,6.0,inf
878,1,0.29005272788383657,1.8712024686799182,1.1179996129860372,0.10409999999999998,1,0.10409999999999998,6.0,inf
878,2,0.29005272788383657,1.8712024686799182,1.1179996129860372,0.10409999999999998,1,0.10409999999999998,6.0,inf
878,3,0.29005272788383657,1.8712024686799182,1.1179996129860372,0.10409999999999998,1,0.10409999999999998,6.0,inf
878,4,0.29005272788383657,1.8712024686799182,1.1179996129860372,0.10409999999999998,1,0.10409999999999998,6.0,inf
878,5,0.29005272788383657,1.8712024686799182,1.1179996129860372,0.10409999999999998,1,0.10409999999999998,6.0,inf
879,0,-0.037773537166347376,0.33398601120147187,0.788703779704601,2.7095999999999996,1,2.7095999999999996,6.0,inf
879,1,-0.037773537166347376,0.33398601120147187,0.788703779704601,2.7095999999999996,1,2.7095999999999996,6.0,inf
879,2,-0.037773537166347376,0.33398601120147187,0.788703779704601,2.7095999999999996,1,2.7095999999999996,6.0,inf
879,3,-0.037773537166347376,0.33398601120147187,0.788703779704601,2.7095999999999996,1,2.7095999999999996,6.0,inf
879,4,-0.037773537166347376,0.33398601120147187,0.788703779704601,2.7095999999999996,1,2.7095999999999996,6.0,inf
879,5,-0.037773537166347376,0.33398601120147187,0.788703779704601,2.7095999999999996,1,2.7095999999999996,6.0,inf
880,0,2.0642631032803935,-0.8408695354759947,0.8836066487161113,2.0082,1,2.0082,6.0,inf
880,1,2.0642631032803935,-0.8408695354759947,0.8836066487161113,2.0082,1,2.0082,6.0,inf
880,2,2.0642631032803935,-0.8408695354759947,0.8836066487161113,2.0082,1,2.0082,6.0,inf
880,3,2.0642631032803935,-0.8408695354759947,0.8836066487161113,2.0082,1,2.0082,6.0,inf
880,4,2.0642631032803935,-0.8408695354759947,0.8836066487161113,2.0082,1,2.0082,6.0,inf
880,5,2.0642631032803935,-0.8408695354759947,0.8836066487161113,2.0082,1,2.0082,6.0,inf
881,0,1.219802836402372,1.3183329486926931,0.8536023583601722,0.1281,1,0.1281,6.0,inf
881,1,1.219802836402372,1.3183329486926931,0.8536023583601722,0.1281,1,0.1281,6.0,inf
881,2,1.219802836402372,1.3183329486926931,0.8536023583601722,0.1281,1,0.1281,6.0,inf
881,3,1.219802836402372,1.3183329486926931,0.8536023583601722,0.1281,1,0.1281,6.0,inf
881,4,1.219802836402372,1.3183329486926931,0.8536023583601722,0.1281,1,0.1281,6.0,inf
881,5,1.219802836402372,1.3183329486926931,0.8536023583601722,0.1281,1,0.1281,6.0,inf
882,0,0.022366677379850933,-0.27314246324701474,-0.5508561392438982,1.0065,1,1.0065,6.0,inf
882,1,0.022366677379850933,-0.27314246324701474,-0.5508561392438982,1.0065,1,1.0065,6.0,inf
882,2,0.022366677379850933,-0.27314246324701474,-0.5508561392438982,1.0065,1,1.0065,6.0,inf
882,3,0.022366677379850933,-0.27314246324701474,-0.5508561392438982,1.0065,1,1.0065,6.0,inf
882,4,0.022366677379850933,-0.27314246324701474,-0.5508561392438982,1.0065,1,1.0065,6.0,inf
882,5,0.022366677379850933,-0.27314246324701474,-0.5508561392438982,1.0065,1,1.0065,6.0,inf
883,0,0.6172850986780216,1.9619677288839166,1.2053593507572424,0.23909999999999998,1,0.23909999999999998,6.0,inf
883,1,0.6172850986780216,1.9619677288839166,1.2053593507572424,0.23909999999999998,1,0.23909999999999998,6.0,inf
883,2,0.6172850986780216,1.9619677288839166,1.2053593507572424,0.23909999999999998,1,0.23909999999999998,6.0,inf
883,3,0.6172850986780216,1.9619677288839166,1.2053593507572424,0.23909999999999998,1,0.23909999999999998,6.0,inf
883,4,0.6172850986780216,1.9619677288839166,1.2053593507572424,0.23909999999999998,1,0.23909999999999998,6.0,inf
883,5,0.6172850986780216,1.9619677288839166,1.2053593507572424,0.23909999999999998,1,0.23909999999999998,6.0,inf
884,0,-0.09218757659021284,0.9233834504045215,2.2233571093552777,1.3878,1,1.3878,6.0,inf
884,1,-0.09218757659021284,0.9233834504045215,2.2233571093552777,1.3878,1,1.3878,6.0,inf
884,2,-0.09218757659021284,0.9233834504045215,2.2233571093552777,1.3878,1,1.3878,6.0,inf
884,3,-0.09218757659021284,0.9233834504045215,2.2233571093552777,1.3878,1,1.3878,6.0,inf
884,4,-0.09218757659021284,0.9233834504045215,2.2233571093552777,1.3878,1,1.3878,6.0,inf
884,5,-0.09218757659021284,0.9233834504045215,2.2233571093552777,1.3878,1,1.3878,6.0,inf
885,0,0.17227265878512313,-0.8410068238416463,-1.4336735800564104,4.2425999999999995,1,4.2425999999999995,6.0,inf
885,1,0.17227265878512313,-0.8410068238416463,-1.4336735800564104,4.2425999999999995,1,4.2425999999999995,6.0,inf
885,2,0.17227265878512313,-0.8410068238416463,-1.4336735800564104,4.2425999999999995,1,4.2425999999999995,6.0,inf
885,3,0.17227265878512313,-0.8410068238416463,-1.4336735800564104,4.2425999999999995,1,4.2425999999999995,6.0,inf
885,4,0.17227265878512313,-0.8410068238416463,-1.4336735800564104,4.2425999999999995,1,4.2425999999999995,6.0,inf
885,5,0.17227265878512313,-0.8410068238416463,-1.4336735800564104,4.2425999999999995,1,4.2425999999999995,6.0,inf
886,0,-1.1803681294608381,-0.2503088927634567,-2.0733484711642083,6.0,0,8.0001,6.0,inf
886,1,-1.1803681294608381,-0.2503088927634567,-2.0733484711642083,6.0,0,8.0001,6.0,inf
886,2,-1.1803681294608381,-0.2503088927634567,-2.0733484711642083,6.0,0,8.0001,6.0,inf
886,3,-1.1803681294608381,-0.2503088927634567,-2.0733484711642083,6.0,0,8.0001,6.0,inf
886,4,-1.1803681294608381,-0.2503088927634567,-2.0733484711642083,6.0,0,8.0001,6.0,inf
886,5,-1.1803681294608381,-0.2503088927634567,-2.0733484711642083,6.0,0,8.0001,6.0,inf
887,0,0.17983660510375882,-1.2134839272730005,-0.3451884974566876,1.2236999999999998,1,1.2236999999999998,6.0,inf
887,1,0.17983660510375882,-1.2134839272730005,-0.3451884974566876,1.2236999999999998,1,1.2236999999999998,6.0,inf
887,2,0.17983660510375882,-1.2134839272730005,-0.3451884974566876,1.2236999999999998,1,1.2236999999999998,6.0,inf
887,3,0.17983660510375882,-1.2134839272730005,-0.3451884974566876,1.2236999999999998,1,1.2236999999999998,6.0,inf
887,4,0.17983660510375882,-1.2134839272730005,-0.3451884974566876,1.2236999999999998,1,1.2236999999999998,6.0,inf
887,5,0.17983660510375882,-1.2134839272730005,-0.3451884974566876,1.2236999999999998,1,1.2236999999999998,6.0,inf
888,0,1.4198377794989017,0.8506327711256045,-0.305718609862142,2.3034,1,2.3034,6.0,inf
888,1,1.4198377794989017,0.8506327711256045,-0.305718609862142,2.3034,1,2.3034,6.0,inf
888,2,1.4198377794989017,0.8506327711256045,-0.305718609862142,2.3034,1,2.3034,6.0,inf
888,3,1.4198377794989017,0.8506327711256045,-0.305718609862142,2.3034,1,2.3034,6.0,inf
888,4,1.4198377794989017,0.8506327711256045,-0.305718609862142,2.3034,1,2.3034,6.0,inf
888,5,1.4198377794989017,0.8506327711256045,-0.305718609862142,2.3034,1,2.3034,6.0,inf
889,0,0.8434203447243532,-1.683137220214984,-0.05391674320512056,3.2300999999999997,1,3.2300999999999997,6.0,inf
889,1,0.8434203447243532,-1.683137220214984,-0.05391674320512056,3.2300999999999997,1,3.2300999999999997,6.0,inf
889,2,0.8434203447243532,-1.683137220214984,-0.05391674320512056,3.2300999999999997,1,3.2300999999999997,6.0,inf
889,3,0.8434203447243532,-1.683137220214984,-0.05391674320512056,3.2300999999999997,1,3.2300999999999997,6.0,inf
889,4,0.8434203447243532,-1.683137220214984,-0.05391674320512056,3.2300999999999997,1,3.2300999999999997,6.0,inf
889,5,0.8434203447243532,-1.683137220214984,-0.05391674320512056,3.2300999999999997,1,3.2300999999999997,6.0,inf
890,0,-1.3782638222251427,-1.3157547111878805,0.06785889787413954,5.0271,1,5.0271,6.0,inf
890,1,-1.3782638222251427,-1.3157547111878805,0.06785889787413954,5.0271,1,5.0271,6.0,inf
890,2,-1.3782638222251427,-1.3157547111878805,0.06785889787413954,5.0271,1,5.0271,6.0,inf
890,3,-1.3782638222251427,-1.3157547111878805,0.06785889787413954,5.0271,1,5.0271,6.0,inf
890,4,-1.3782638222251427,-1.3157547111878805,0.06785889787413954,5.0271,1,5.0271,6.0,inf
890,5,-1.3782638222251427,-1.3157547111878805,0.06785889787413954,5.0271,1,5.0271,6.0,inf
891,0,0.9437461164881512,0.12449001428748914,0.28307611174459985,0.26789999999999997,1,0.26789999999999997,6.0,inf
891,1,0.9437461164881512,0.12449001428748914,0.28307611174459985,0.26789999999999997,1,0.26789999999999997,6.0,inf
891,2,0.9437461164881512,0.12449001428748914,0.28307611174459985,0.26789999999999997,1,0.26789999999999997,6.0,inf
891,3,0.9437461164881512,0.12449001428748914,0.28307611174459985,0.26789999999999997,1,0.26789999999999997,6.0,inf
891,4,0.9437461164881512,0.12449001428748914,0.28307611174459985,0.26789999999999997,1,0.26789999999999997,6.0,inf
891,5,0.9437461164881512,0.12449001428748914,0.28307611174459985,0.26789999999999997,1,0.26789999999999997,6.0,inf
892,0,1.5480577638780957,0.8258496751742049,-0.7423979829707223,0.2673,1,0.2673,6.0,inf
892,1,1.5480577638780957,0.8258496751742049,-0.7423979829707223,0.2673,1,0.2673,6.0,inf
892,2,1.5480577638780957,0.8258496751742049,-0.7423979829707223,0.2673,1,0.2673,6.0,inf
892,3,1.5480577638780957,0.8258496751742049,-0.7423979829707223,0.2673,1,0.2673,6.0,inf
892,4,1.5480577638780957,0.8258496751742049,-0.7423979829707223,0.2673,1,0.2673,6.0,inf
892,5,1.5480577638780957,0.8258496751742049,-0.7423979829707223,0.2673,1,0.2673,6.0,inf
893,0,-0.2292044927884862,-0.9851686344399521,-0.39142002686120325,5.299499999999999,1,5.299499999999999,6.0,inf
893,1,-0.2292044927884862,-0.9851686344399521,-0.39142002686120325,5.299499999999999,1,5.299499999999999,6.0,inf
893,2,-0.2292044927884862,-0.9851686344399521,-0.39142002686120325,5.299499999999999,1,5.299499999999999,6.0,inf
893,3,-0.2292044927884862,-0.9851686344399521,-0.39142002686120325,5.299499999999999,1,5.299499999999999,6.0,inf
893,4,-0.2292044927884862,-0.9851686344399521,-0.39142002686120325,5.299499999999999,1,5.299499999999999,6.0,inf
893,5,-0.2292044927884862,-0.9851686344399521,-0.39142002686120325,5.299499999999999,1,5.299499999999999,6.0,inf
894,0,0.45975626289113164,0.15601680853211816,-0.5403850376599811,0.44939999999999997,1,0.44939999999999997,6.0,inf
894,1,0.45975626289113164,0.15601680853211816,-0.5403850376599811,0.44939999999999997,1,0.44939999999999997,6.0,inf
894,2,0.45975626289113164,0.15601680853211816,-0.5403850376599811,0.44939999999999997,1,0.44939999999999997,6.0,inf
894,3,0.45975626289113164,0.15601680853211816,-0.5403850376599811,0.44939999999999997,1,0.44939999999999997,6.0,inf
894,4,0.45975626289113164,0.15601680853211816,-0.5403850376599811,0.44939999999999997,1,0.44939999999999997,6.0,inf
894,5,0.45975626289113164,0.15601680853211816,-0.5403850376599811,0.44939999999999997,1,0.44939999999999997,6.0,inf
895,0,-0.489560021451293,0.582229964674377,0.06017319912490262,0.6423,1,0.6423,6.0,inf
895,1,-0.489560021451293,0.582229964674377,0.06017319912490262,0.6423,1,0.6423,6.0,inf
895,2,-0.489560021451293,0.582229964674377,0.06017319912490262,0.6423,1,0.6423,6.0,inf
895,3,-0.489560021451293,0.582229964674377,0.06017319912490262,0.6423,1,0.6423,6.0,inf
895,4,-0.489560021451293,0.582229964674377,0.06017319912490262,0.6423,1,0.6423,6.0,inf
895,5,-0.489560021451293,0.582229964674377,0.06017319912490262,0.6423,1,0.6423,6.0,inf
896,0,0.5605270385155491,0.7502650976960837,0.02406606527756463,2.2251,1,2.2251,6.0,inf
896,1,0.5605270385155491,0.7502650976960837,0.02406606527756463,2.2251,1,2.2251,6.0,inf
896,2,0.5605270385155491,0.7502650976960837,0.02406606527756463,2.2251,1,2.2251,6.0,inf
896,3,0.5605270385155491,0.7502650976960837,0.02406606527756463,2.2251,1,2.2251,6.0,inf
896,4,0.5605270385155491,0.7502650976960837,0.02406606527756463,2.2251,1,2.2251,6.0,inf
896,5,0.5605270385155491,0.7502650976960837,0.02406606527756463,2.2251,1,2.2251,6.0,inf
897,0,-0.0608686050891992,0.43186021490376003,-0.021603493263352144,4.0569,1,4.0569,6.0,inf
897,1,-0.0608686050891992,0.43186021490376003,-0.021603493263352144,4.0569,1,4.0569,6.0,inf
897,2,-0.0608686050891992,0.43186021490376003,-0.021603493263352144,4.0569,1,4.0569,6.0,inf
897,3,-0.0608686050891992,0.43186021490376003,-0.021603493263352144,4.0569,1,4.0569,6.0,inf
897,4,-0.0608686050891992,0.43186021490376003,-0.021603493263352144,4.0569,1,4.0569,6.0,inf
897,5,-0.0608686050891992,0.43186021490376003,-0.021603493263352144,4.0569,1,4.0569,6.0,inf
898,0,-1.1160910961188781,-0.7022181925395168,0.06816857988773688,6.0,0,8.0001,6.0,inf
898,1,-1.1160910961188781,-0.7022181925395168,0.06816857988773688,6.0,0,8.0001,6.0,inf
898,2,-1.1160910961188781,-0.7022181925395168,0.06816857988773688,6.0,0,8.0001,6.0,inf
898,3,-1.1160910961188781,-0.7022181925395168,0.06816857988773688,6.0,0,8.0001,6.0,inf
898,4,-1.1160910961188781,-0.7022181925395168,0.06816857988773688,6.0,0,8.0001,6.0,inf
898,5,-1.1160910961188781,-0.7022181925395168,0.06816857988773688,6.0,0,8.0001,6.0,inf
899,0,0.04574262103778879,0.41669834929392674,1.2048558283984816,3.057,1,3.057,6.0,inf
899,1,0.04574262103778879,0.41669834929392674,1.2048558283984816,3.057,1,3.057,6.0,inf
899,2,0.04574262103778879,0.41669834929392674,1.2048558283984816,3.057,1,3.057,6.0,inf
899,3,0.04574262103778879,0.41669834929392674,1.2048558283984816,3.057,1,3.057,6.0,inf
899,4,0.04574262103778879,0.41669834929392674,1.2048558283984816,3.057,1,3.057,6.0,inf
899,5,0.04574262103778879,0.41669834929392674,1.2048558283984816,3.057,1,3.057,6.0,inf
900,0,-1.4124687300290373,0.7762680159505965,0.6409956237865663,1.6121999999999999,1,1.6121999999999999,6.0,inf
900,1,-1.4124687300290373,0.7762680159505965,0.6409956237865663,1.6121999999999999,1,1.6121999999999999,6.0,inf
900,2,-1.4124687300290373,0.7762680159505965,0.6409956237865663,1.6121999999999999,1,1.6121999999999999,6.0,inf
900,3,-1.4124687300290373,0.7762680159505965,0.6409956237865663,1.6121999999999999,1,1.6121999999999999,6.0,inf
900,4,-1.4124687300290373,0.7762680159505965,0.6409956237865663,1.6121999999999999,1,1.6121999999999999,6.0,inf
900,5,-1.4124687300290373,0.7762680159505965,0.6409956237865663,1.6121999999999999,1,1.6121999999999999,6.0,inf
901,0,-1.2976225179324596,-0.043518741804118855,-0.3017569704650174,6.0,0,8.0001,6.0,inf
901,1,-1.2976225179324596,-0.043518741804118855,-0.3017569704650174,6.0,0,8.0001,6.0,inf
901,2,-1.2976225179324596,-0.043518741804118855,-0.3017569704650174,6.0,0,8.0001,6.0,inf
901,3,-1.2976225179324596,-0.043518741804118855,-0.3017569704650174,6.0,0,8.0001,6.0,inf
901,4,-1.2976225179324596,-0.043518741804118855,-0.3017569704650174,6.0,0,8.0001,6.0,inf
901,5,-1.2976225179324596,-0.043518741804118855,-0.3017569704650174,6.0,0,8.0001,6.0,inf
902,0,-0.08027430353923683,-0.7809334952823864,-1.10765980366063,3.4505999999999997,1,3.4505999999999997,6.0,inf
902,1,-0.08027430353923683,-0.7809334952823864,-1.10765980366063,3.4505999999999997,1,3.4505999999999997,6.0,inf
902,2,-0.08027430353923683,-0.7809334952823864,-1.10765980366063,3.4505999999999997,1,3.4505999999999997,6.0,inf
902,3,-0.08027430353923683,-0.7809334952823864,-1.10765980366063,3.4505999999999997,1,3.4505999999999997,6.0,inf
902,4,-0.08027430353923683,-0.7809334952823864,-1.10765980366063,3.4505999999999997,1,3.4505999999999997,6.0,inf
902,5,-0.08027430353923683,-0.7809334952823864,-1.10765980366063,3.4505999999999997,1,3.4505999999999997,6.0,inf
903,0,-0.520057493040765,-0.2896481669057697,0.4303105591724622,6.0,0,6.934799999999999,6.0,inf
903,1,-0.520057493040765,-0.2896481669057697,0.4303105591724622,6.0,0,6.934799999999999,6.0,inf
903,2,-0.520057493040765,-0.2896481669057697,0.4303105591724622,6.0,0,6.934799999999999,6.0,inf
903,3,-0.520057493040765,-0.2896481669057697,0.4303105591724622,6.0,0,6.934799999999999,6.0,inf
903,4,-0.520057493040765,-0.2896481669057697,0.4303105591724622,6.0,0,6.934799999999999,6.0,inf
903,5,-0.520057493040765,-0.2896481669057697,0.4303105591724622,6.0,0,6.934799999999999,6.0,inf
904,0,-0.231194636538192,-0.8797865284251019,0.33136319639023587,2.1894,1,2.1894,6.0,inf
904,1,-0.231194636538192,-0.8797865284251019,0.33136319639023587,2.1894,1,2.1894,6.0,inf
904,2,-0.231194636538192,-0.8797865284251019,0.33136319639023587,2.1894,1,2.1894,6.0,inf
904,3,-0.231194636538192,-0.8797865284251019,0.33136319639023587,2.1894,1,2.1894,6.0,inf
904,4,-0.231194636538192,-0.8797865284251019,0.33136319639023587,2.1894,1,2.1894,6.0,inf
904,5,-0.231194636538192,-0.8797865284251019,0.33136319639023587,2.1894,1,2.1894,6.0,inf
905,0,-0.7346498790291942,-0.06955401479910135,1.0221802385476286,0.6768,1,0.6768,6.0,inf
905,1,-0.7346498790291942,-0.06955401479910135,1.0221802385476286,0.6768,1,0.6768,6.0,inf
905,2,-0.7346498790291942,-0.06955401479910135,1.0221802385476286,0.6768,1,0.6768,6.0,inf
905,3,-0.7346498790291942,-0.06955401479910135,1.0221802385476286,0.6768,1,0.6768,6.0,inf
905,4,-0.7346498790291942,-0.06955401479910135,1.0221802385476286,0.6768,1,0.6768,6.0,inf
905,5,-0.7346498790291942,-0.06955401479910135,1.0221802385476286,0.6768,1,0.6768,6.0,inf
906,0,-0.19074376499867132,-1.5971410844572527,1.473358711861499,1.4411999999999998,1,1.4411999999999998,6.0,inf
906,1,-0.19074376499867132,-1.5971410844572527,1.473358711861499,1.4411999999999998,1,1.4411999999999998,6.0,inf
906,2,-0.19074376499867132,-1.5971410844572527,1.473358711861499,1.4411999999999998,1,1.4411999999999998,6.0,inf
906,3,-0.19074376499867132,-1.5971410844572527,1.473358711861499,1.4411999999999998,1,1.4411999999999998,6.0,inf
906,4,-0.19074376499867132,-1.5971410844572527,1.473358711861499,1.4411999999999998,1,1.4411999999999998,6.0,inf
906,5,-0.19074376499867132,-1.5971410844572527,1.473358711861499,1.4411999999999998,1,1.4411999999999998,6.0,inf
907,0,1.5433458107914797,0.6221439080135317,2.205912054874834,1.1828999999999998,1,1.1828999999999998,6.0,inf
907,1,1.5433458107914797,0.6221439080135317,2.205912054874834,1.1828999999999998,1,1.1828999999999998,6.0,inf
907,2,1.5433458107914797,0.6221439080135317,2.205912054874834,1.1828999999999998,1,1.1828999999999998,6.0,inf
907,3,1.5433458107914797,0.6221439080135317,2.205912054874834,1.1828999999999998,1,1.1828999999999998,6.0,inf
907,4,1.5433458107914797,0.6221439080135317,2.205912054874834,1.1828999999999998,1,1.1828999999999998,6.0,inf
907,5,1.5433458107914797,0.6221439080135317,2.205912054874834,1.1828999999999998,1,1.1828999999999998,6.0,inf
908,0,0.6113913616268905,0.4131381655445716,-0.12937949606927038,1.4442,1,1.4442,6.0,inf
908,1,0.6113913616268905,0.4131381655445716,-0.12937949606927038,1.4442,1,1.4442,6.0,inf
908,2,0.6113913616268905,0.4131381655445716,-0.12937949606927038,1.4442,1,1.4442,6.0,inf
908,3,0.6113913616268905,0.4131381655445716,-0.12937949606927038,1.4442,1,1.4442,6.0,inf
908,4,0.6113913616268905,0.4131381655445716,-0.12937949606927038,1.4442,1,1.4442,6.0,inf
908,5,0.6113913616268905,0.4131381655445716,-0.12937949606927038,1.4442,1,1.4442,6.0,inf
909,0,-0.04475624068120281,-0.03602351452415201,-0.734397590822912,6.0,0,6.6392999999999995,6.0,inf
909,1,-0.04475624068120281,-0.03602351452415201,-0.734397590822912,6.0,0,6.6392999999999995,6.0,inf
909,2,-0.04475624068120281,-0.03602351452415201,-0.734397590822912,6.0,0,6.6392999999999995,6.0,inf
909,3,-0.04475624068120281,-0.03602351452415201,-0.734397590822912,6.0,0,6.6392999999999995,6.0,inf
909,4,-0.04475624068120281,-0.03602351452415201,-0.734397590822912,6.0,0,6.6392999999999995,6.0,inf
909,5,-0.04475624068120281,-0.03602351452415201,-0.734397590822912,6.0,0,6.6392999999999995,6.0,inf
910,0,0.4686673499001945,-1.0255997149539773,-0.44332589628184826,6.0,0,6.730199999999999,6.0,inf
910,1,0.4686673499001945,-1.0255997149539773,-0.44332589628184826,6.0,0,6.730199999999999,6.0,inf
910,2,0.4686673499001945,-1.0255997149539773,-0.44332589628184826,6.0,0,6.730199999999999,6.0,inf
910,3,0.4686673499001945,-1.0255997149539773,-0.44332589628184826,6.0,0,6.730199999999999,6.0,inf
910,4,0.4686673499001945,-1.0255997149539773,-0.44332589628184826,6.0,0,6.730199999999999,6.0,inf
910,5,0.4686673499001945,-1.0255997149539773,-0.44332589628184826,6.0,0,6.730199999999999,6.0,inf
911,0,-0.4589042012044355,-0.42734922275368065,0.458866219189364,1.5878999999999999,1,1.5878999999999999,6.0,inf
911,1,-0.4589042012044355,-0.42734922275368065,0.458866219189364,1.5878999999999999,1,1.5878999999999999,6.0,inf
911,2,-0.4589042012044355,-0.42734922275368065,0.458866219189364,1.5878999999999999,1,1.5878999999999999,6.0,inf
911,3,-0.4589042012044355,-0.42734922275368065,0.458866219189364,1.5878999999999999,1,1.5878999999999999,6.0,inf
911,4,-0.4589042012044355,-0.42734922275368065,0.458866219189364,1.5878999999999999,1,1.5878999999999999,6.0,inf
911,5,-0.4589042012044355,-0.42734922275368065,0.458866219189364,1.5878999999999999,1,1.5878999999999999,6.0,inf
912,0,-0.8407818521404925,-0.4860315312551214,0.20920480526899016,0.3813,1,0.3813,6.0,inf
912,1,-0.8407818521404925,-0.4860315312551214,0.20920480526899016,0.3813,1,0.3813,6.0,inf
912,2,-0.8407818521404925,-0.4860315312551214,0.20920480526899016,0.3813,1,0.3813,6.0,inf
912,3,-0.8407818521404925,-0.4860315312551214,0.20920480526899016,0.3813,1,0.3813,6.0,inf
912,4,-0.8407818521404925,-0.4860315312551214,0.20920480526899016,0.3813,1,0.3813,6.0,inf
912,5,-0.8407818521404925,-0.4860315312551214,0.20920480526899016,0.3813,1,0.3813,6.0,inf
913,0,-0.49668761375006326,2.5146967926211286,-0.5601490639399656,1.8137999999999999,1,1.8137999999999999,6.0,inf
913,1,-0.49668761375006326,2.5146967926211286,-0.5601490639399656,1.8137999999999999,1,1.8137999999999999,6.0,inf
913,2,-0.49668761375006326,2.5146967926211286,-0.5601490639399656,1.8137999999999999,1,1.8137999999999999,6.0,inf
913,3,-0.49668761375006326,2.5146967926211286,-0.5601490639399656,1.8137999999999999,1,1.8137999999999999,6.0,inf
913,4,-0.49668761375006326,2.5146967926211286,-0.5601490639399656,1.8137999999999999,1,1.8137999999999999,6.0,inf
913,5,-0.49668761375006326,2.5146967926211286,-0.5601490639399656,1.8137999999999999,1,1.8137999999999999,6.0,inf
914,0,0.34048324403280034,-1.614390181220301,-0.8715577593869427,3.5997,1,3.5997,6.0,inf
914,1,0.34048324403280034,-1.614390181220301,-0.8715577593869427,3.5997,1,3.5997,6.0,inf
914,2,0.34048324403280034,-1.614390181220301,-0.8715577593869427,3.5997,1,3.5997,6.0,inf
914,3,0.34048324403280034,-1.614390181220301,-0.8715577593869427,3.5997,1,3.5997,6.0,inf
914,4,0.34048324403280034,-1.614390181220301,-0.8715577593869427,3.5997,1,3.5997,6.0,inf
914,5,0.34048324403280034,-1.614390181220301,-0.8715577593869427,3.5997,1,3.5997,6.0,inf
915,0,-1.0242831477320984,1.2645304355352283,-1.0960515003593747,1.4330999999999998,1,1.4330999999999998,6.0,inf
915,1,-1.0242831477320984,1.2645304355352283,-1.0960515003593747,1.4330999999999998,1,1.4330999999999998,6.0,inf
915,2,-1.0242831477320984,1.2645304355352283,-1.0960515003593747,1.4330999999999998,1,1.4330999999999998,6.0,inf
915,3,-1.0242831477320984,1.2645304355352283,-1.0960515003593747,1.4330999999999998,1,1.4330999999999998,6.0,inf
915,4,-1.0242831477320984,1.2645304355352283,-1.0960515003593747,1.4330999999999998,1,1.4330999999999998,6.0,inf
915,5,-1.0242831477320984,1.2645304355352283,-1.0960515003593747,1.4330999999999998,1,1.4330999999999998,6.0,inf
916,0,-1.3591935373087682,1.253535867711431,0.26891803830910765,1.7744999999999997,1,1.7744999999999997,6.0,inf
916,1,-1.3591935373087682,1.253535867711431,0.26891803830910765,1.7744999999999997,1,1.7744999999999997,6.0,inf
916,2,-1.3591935373087682,1.253535867711431,0.26891803830910765,1.7744999999999997,1,1.7744999999999997,6.0,inf
916,3,-1.3591935373087682,1.253535867711431,0.26891803830910765,1.7744999999999997,1,1.7744999999999997,6.0,inf
916,4,-1.3591935373087682,1.253535867711431,0.26891803830910765,1.7744999999999997,1,1.7744999999999997,6.0,inf
916,5,-1.3591935373087682,1.253535867711431,0.26891803830910765,1.7744999999999997,1,1.7744999999999997,6.0,inf
917,0,0.4046331453464601,0.3729345655681582,-0.7926802486925727,5.041799999999999,1,5.041799999999999,6.0,inf
917,1,0.4046331453464601,0.3729345655681582,-0.7926802486925727,5.041799999999999,1,5.041799999999999,6.0,inf
917,2,0.4046331453464601,0.3729345655681582,-0.7926802486925727,5.041799999999999,1,5.041799999999999,6.0,inf
917,3,0.4046331453464601,0.3729345655681582,-0.7926802486925727,5.041799999999999,1,5.041799999999999,6.0,inf
917,4,0.4046331453464601,0.3729345655681582,-0.7926802486925727,5.041799999999999,1,5.041799999999999,6.0,inf
917,5,0.4046331453464601,0.3729345655681582,-0.7926802486925727,5.041799999999999,1,5.041799999999999,6.0,inf
918,0,-1.3160285752315055,0.22451368210591016,-0.1932526867378175,4.9311,1,4.9311,6.0,inf
918,1,-1.3160285752315055,0.22451368210591016,-0.1932526867378175,4.9311,1,4.9311,6.0,inf
918,2,-1.3160285752315055,0.22451368210591016,-0.1932526867378175,4.9311,1,4.9311,6.0,inf
918,3,-1.3160285752315055,0.22451368210591016,-0.1932526867378175,4.9311,1,4.9311,6.0,inf
918,4,-1.3160285752315055,0.22451368210591016,-0.1932526867378175,4.9311,1,4.9311,6.0,inf
918,5,-1.3160285752315055,0.22451368210591016,-0.1932526867378175,4.9311,1,4.9311,6.0,inf
919,0,0.13804993620801548,0.3630220691314515,1.7321542822167344,1.2408,1,1.2408,6.0,inf
919,1,0.13804993620801548,0.3630220691314515,1.7321542822167344,1.2408,1,1.2408,6.0,inf
919,2,0.13804993620801548,0.3630220691314515,1.7321542822167344,1.2408,1,1.2408,6.0,inf
919,3,0.13804993620801548,0.3630220691314515,1.7321542822167344,1.2408,1,1.2408,6.0,inf
919,4,0.13804993620801548,0.3630220691314515,1.7321542822167344,1.2408,1,1.2408,6.0,inf
919,5,0.13804993620801548,0.3630220691314515,1.7321542822167344,1.2408,1,1.2408,6.0,inf
920,0,-0.0019563127796976545,0.4307603835464585,1.7229842601762657,1.2846,1,1.2846,6.0,inf
920,1,-0.0019563127796976545,0.4307603835464585,1.7229842601762657,1.2846,1,1.2846,6.0,inf
920,2,-0.0019563127796976545,0.4307603835464585,1.7229842601762657,1.2846,1,1.2846,6.0,inf
920,3,-0.0019563127796976545,0.4307603835464585,1.7229842601762657,1.2846,1,1.2846,6.0,inf
920,4,-0.0019563127796976545,0.4307603835464585,1.7229842601762657,1.2846,1,1.2846,6.0,inf
920,5,-0.0019563127796976545,0.4307603835464585,1.7229842601762657,1.2846,1,1.2846,6.0,inf
921,0,-1.4323634730272004,-0.6009211993496549,-2.5128098439157647,6.0,0,8.0001,6.0,inf
921,1,-1.4323634730272004,-0.6009211993496549,-2.5128098439157647,6.0,0,8.0001,6.0,inf
921,2,-1.4323634730272004,-0.6009211993496549,-2.5128098439157647,6.0,0,8.0001,6.0,inf
921,3,-1.4323634730272004,-0.6009211993496549,-2.5128098439157647,6.0,0,8.0001,6.0,inf
921,4,-1.4323634730272004,-0.6009211993496549,-2.5128098439157647,6.0,0,8.0001,6.0,inf
921,5,-1.4323634730272004,-0.6009211993496549,-2.5128098439157647,6.0,0,8.0001,6.0,inf
922,0,1.0954151494953697,-0.8097268137533171,-0.20910945524422034,1.0368,1,1.0368,6.0,inf
922,1,1.0954151494953697,-0.8097268137533171,-0.20910945524422034,1.0368,1,1.0368,6.0,inf
922,2,1.0954151494953697,-0.8097268137533171,-0.20910945524422034,1.0368,1,1.0368,6.0,inf
922,3,1.0954151494953697,-0.8097268137533171,-0.20910945524422034,1.0368,1,1.0368,6.0,inf
922,4,1.0954151494953697,-0.8097268137533171,-0.20910945524422034,1.0368,1,1.0368,6.0,inf
922,5,1.0954151494953697,-0.8097268137533171,-0.20910945524422034,1.0368,1,1.0368,6.0,inf
923,0,0.4273069610107061,0.41799473973503165,0.6681309491822568,0.7568999999999999,1,0.7568999999999999,6.0,inf
923,1,0.4273069610107061,0.41799473973503165,0.6681309491822568,0.7568999999999999,1,0.7568999999999999,6.0,inf
923,2,0.4273069610107061,0.41799473973503165,0.6681309491822568,0.7568999999999999,1,0.7568999999999999,6.0,inf
923,3,0.4273069610107061,0.41799473973503165,0.6681309491822568,0.7568999999999999,1,0.7568999999999999,6.0,inf
923,4,0.4273069610107061,0.41799473973503165,0.6681309491822568,0.7568999999999999,1,0.7568999999999999,6.0,inf
923,5,0.4273069610107061,0.41799473973503165,0.6681309491822568,0.7568999999999999,1,0.7568999999999999,6.0,inf
924,0,0.7991015327372168,-1.0896726910708388,-1.081668459963301,0.7304999999999999,1,0.7304999999999999,6.0,inf
924,1,0.7991015327372168,-1.0896726910708388,-1.081668459963301,0.7304999999999999,1,0.7304999999999999,6.0,inf
924,2,0.7991015327372168,-1.0896726910708388,-1.081668459963301,0.7304999999999999,1,0.7304999999999999,6.0,inf
924,3,0.7991015327372168,-1.0896726910708388,-1.081668459963301,0.7304999999999999,1,0.7304999999999999,6.0,inf
924,4,0.7991015327372168,-1.0896726910708388,-1.081668459963301,0.7304999999999999,1,0.7304999999999999,6.0,inf
924,5,0.7991015327372168,-1.0896726910708388,-1.081668459963301,0.7304999999999999,1,0.7304999999999999,6.0,inf
925,0,-1.6683939756066708,0.8568339187951873,0.4139020690709432,3.4166999999999996,1,3.4166999999999996,6.0,inf
925,1,-1.6683939756066708,0.8568339187951873,0.4139020690709432,3.4166999999999996,1,3.4166999999999996,6.0,inf
925,2,-1.6683939756066708,0.8568339187951873,0.4139020690709432,3.4166999999999996,1,3.4166999999999996,6.0,inf
925,3,-1.6683939756066708,0.8568339187951873,0.4139020690709432,3.4166999999999996,1,3.4166999999999996,6.0,inf
925,4,-1.6683939756066708,0.8568339187951873,0.4139020690709432,3.4166999999999996,1,3.4166999999999996,6.0,inf
925,5,-1.6683939756066708,0.8568339187951873,0.4139020690709432,3.4166999999999996,1,3.4166999999999996,6.0,inf
926,0,-0.9478689611738516,0.10820256698131134,-0.6360179861991814,1.6040999999999999,1,1.6040999999999999,6.0,inf
926,1,-0.9478689611738516,0.10820256698131134,-0.6360179861991814,1.6040999999999999,1,1.6040999999999999,6.0,inf
926,2,-0.9478689611738516,0.10820256698131134,-0.6360179861991814,1.6040999999999999,1,1.6040999999999999,6.0,inf
926,3,-0.9478689611738516,0.10820256698131134,-0.6360179861991814,1.6040999999999999,1,1.6040999999999999,6.0,inf
926,4,-0.9478689611738516,0.10820256698131134,-0.6360179861991814,1.6040999999999999,1,1.6040999999999999,6.0,inf
926,5,-0.9478689611738516,0.10820256698131134,-0.6360179861991814,1.6040999999999999,1,1.6040999999999999,6.0,inf
927,0,0.41158810473102697,-0.7896394588011179,0.2904553857612819,0.1026,1,0.1026,6.0,inf
927,1,0.41158810473102697,-0.7896394588011179,0.2904553857612819,0.1026,1,0.1026,6.0,inf
927,2,0.41158810473102697,-0.7896394588011179,0.2904553857612819,0.1026,1,0.1026,6.0,inf
927,3,0.41158810473102697,-0.7896394588011179,0.2904553857612819,0.1026,1,0.1026,6.0,inf
927,4,0.41158810473102697,-0.7896394588011179,0.2904553857612819,0.1026,1,0.1026,6.0,inf
927,5,0.41158810473102697,-0.7896394588011179,0.2904553857612819,0.1026,1,0.1026,6.0,inf
928,0,0.0022419684200821093,1.029041090656611,0.5894825959213608,1.2687,1,1.2687,6.0,inf
928,1,0.0022419684200821093,1.029041090656611,0.5894825959213608,1.2687,1,1.2687,6.0,inf
928,2,0.0022419684200821093,1.029041090656611,0.5894825959213608,1.2687,1,1.2687,6.0,inf
928,3,0.0022419684200821093,1.029041090656611,0.5894825959213608,1.2687,1,1.2687,6.0,inf
928,4,0.0022419684200821093,1.029041090656611,0.5894825959213608,1.2687,1,1.2687,6.0,inf
928,5,0.0022419684200821093,1.029041090656611,0.5894825959213608,1.2687,1,1.2687,6.0,inf
929,0,-2.0285302052746372,0.1278201097357494,0.19386271868962948,0.2433,1,0.2433,6.0,inf
929,1,-2.0285302052746372,0.1278201097357494,0.19386271868962948,0.2433,1,0.2433,6.0,inf
929,2,-2.0285302052746372,0.1278201097357494,0.19386271868962948,0.2433,1,0.2433,6.0,inf
929,3,-2.0285302052746372,0.1278201097357494,0.19386271868962948,0.2433,1,0.2433,6.0,inf
929,4,-2.0285302052746372,0.1278201097357494,0.19386271868962948,0.2433,1,0.2433,6.0,inf
929,5,-2.0285302052746372,0.1278201097357494,0.19386271868962948,0.2433,1,0.2433,6.0,inf
930,0,-1.2914739408615634,-0.8896651654963674,1.0583804845294695,6.0,0,8.0001,6.0,inf
930,1,-1.2914739408615634,-0.8896651654963674,1.0583804845294695,6.0,0,8.0001,6.0,inf
930,2,-1.2914739408615634,-0.8896651654963674,1.0583804845294695,6.0,0,8.0001,6.0,inf
930,3,-1.2914739408615634,-0.8896651654963674,1.0583804845294695,6.0,0,8.0001,6.0,inf
930,4,-1.2914739408615634,-0.8896651654963674,1.0583804845294695,6.0,0,8.0001,6.0,inf
930,5,-1.2914739408615634,-0.8896651654963674,1.0583804845294695,6.0,0,8.0001,6.0,inf
931,0,-0.5752614248738883,0.08339066008004596,-1.0904094501442507,5.1978,1,5.1978,6.0,inf
931,1,-0.5752614248738883,0.08339066008004596,-1.0904094501442507,5.1978,1,5.1978,6.0,inf
931,2,-0.5752614248738883,0.08339066008004596,-1.0904094501442507,5.1978,1,5.1978,6.0,inf
931,3,-0.5752614248738883,0.08339066008004596,-1.0904094501442507,5.1978,1,5.1978,6.0,inf
931,4,-0.5752614248738883,0.08339066008004596,-1.0904094501442507,5.1978,1,5.1978,6.0,inf
931,5,-0.5752614248738883,0.08339066008004596,-1.0904094501442507,5.1978,1,5.1978,6.0,inf
932,0,-0.5303811844605908,-0.12966807602431726,0.190995607211954,1.2507,1,1.2507,6.0,inf
932,1,-0.5303811844605908,-0.12966807602431726,0.190995607211954,1.2507,1,1.2507,6.0,inf
932,2,-0.5303811844605908,-0.12966807602431726,0.190995607211954,1.2507,1,1.2507,6.0,inf
932,3,-0.5303811844605908,-0.12966807602431726,0.190995607211954,1.2507,1,1.2507,6.0,inf
932,4,-0.5303811844605908,-0.12966807602431726,0.190995607211954,1.2507,1,1.2507,6.0,inf
932,5,-0.5303811844605908,-0.12966807602431726,0.190995607211954,1.2507,1,1.2507,6.0,inf
933,0,-0.0441921303848571,0.15257243878632545,-0.7007180630876993,6.0,0,8.0001,6.0,inf
933,1,-0.0441921303848571,0.15257243878632545,-0.7007180630876993,6.0,0,8.0001,6.0,inf
933,2,-0.0441921303848571,0.15257243878632545,-0.7007180630876993,6.0,0,8.0001,6.0,inf
933,3,-0.0441921303848571,0.15257243878632545,-0.7007180630876993,6.0,0,8.0001,6.0,inf
933,4,-0.0441921303848571,0.15257243878632545,-0.7007180630876993,6.0,0,8.0001,6.0,inf
933,5,-0.0441921303848571,0.15257243878632545,-0.7007180630876993,6.0,0,8.0001,6.0,inf
934,0,-0.3126809023195248,0.36800930709658525,0.1643170017788803,2.3255999999999997,1,2.3255999999999997,6.0,inf
934,1,-0.3126809023195248,0.36800930709658525,0.1643170017788803,2.3255999999999997,1,2.3255999999999997,6.0,inf
934,2,-0.3126809023195248,0.36800930709658525,0.1643170017788803,2.3255999999999997,1,2.3255999999999997,6.0,inf
934,3,-0.3126809023195248,0.36800930709658525,0.1643170017788803,2.3255999999999997,1,2.3255999999999997,6.0,inf
934,4,-0.3126809023195248,0.36800930709658525,0.1643170017788803,2.3255999999999997,1,2.3255999999999997,6.0,inf
934,5,-0.3126809023195248,0.36800930709658525,0.1643170017788803,2.3255999999999997,1,2.3255999999999997,6.0,inf
935,0,0.31115110416429437,-1.7441569733125097,-0.508336328462141,4.5447,1,4.5447,6.0,inf
935,1,0.31115110416429437,-1.7441569733125097,-0.508336328462141,4.5447,1,4.5447,6.0,inf
935,2,0.31115110416429437,-1.7441569733125097,-0.508336328462141,4.5447,1,4.5447,6.0,inf
935,3,0.31115110416429437,-1.7441569733125097,-0.508336328462141,4.5447,1,4.5447,6.0,inf
935,4,0.31115110416429437,-1.7441569733125097,-0.508336328462141,4.5447,1,4.5447,6.0,inf
935,5,0.31115110416429437,-1.7441569733125097,-0.508336328462141,4.5447,1,4.5447,6.0,inf
936,0,0.4047723472914652,-0.27171994860479864,0.020517179816478607,0.46319999999999995,1,0.46319999999999995,6.0,inf
936,1,0.4047723472914652,-0.27171994860479864,0.020517179816478607,0.46319999999999995,1,0.46319999999999995,6.0,inf
936,2,0.4047723472914652,-0.27171994860479864,0.020517179816478607,0.46319999999999995,1,0.46319999999999995,6.0,inf
936,3,0.4047723472914652,-0.27171994860479864,0.020517179816478607,0.46319999999999995,1,0.46319999999999995,6.0,inf
936,4,0.4047723472914652,-0.27171994860479864,0.020517179816478607,0.46319999999999995,1,0.46319999999999995,6.0,inf
936,5,0.4047723472914652,-0.27171994860479864,0.020517179816478607,0.46319999999999995,1,0.46319999999999995,6.0,inf
937,0,-1.1263019050968637,-2.0321856036824233,-0.33553561678283117,5.251499999999999,1,5.251499999999999,6.0,inf
937,1,-1.1263019050968637,-2.0321856036824233,-0.33553561678283117,5.251499999999999,1,5.251499999999999,6.0,inf
937,2,-1.1263019050968637,-2.0321856036824233,-0.33553561678283117,5.251499999999999,1,5.251499999999999,6.0,inf
937,3,-1.1263019050968637,-2.0321856036824233,-0.33553561678283117,5.251499999999999,1,5.251499999999999,6.0,inf
937,4,-1.1263019050968637,-2.0321856036824233,-0.33553561678283117,5.251499999999999,1,5.251499999999999,6.0,inf
937,5,-1.1263019050968637,-2.0321856036824233,-0.33553561678283117,5.251499999999999,1,5.251499999999999,6.0,inf
938,0,-1.1508584804968502,-0.4767572493223733,-0.3682593397539914,1.7534999999999998,1,1.7534999999999998,6.0,inf
938,1,-1.1508584804968502,-0.4767572493223733,-0.3682593397539914,1.7534999999999998,1,1.7534999999999998,6.0,inf
938,2,-1.1508584804968502,-0.4767572493223733,-0.3682593397539914,1.7534999999999998,1,1.7534999999999998,6.0,inf
938,3,-1.1508584804968502,-0.4767572493223733,-0.3682593397539914,1.7534999999999998,1,1.7534999999999998,6.0,inf
938,4,-1.1508584804968502,-0.4767572493223733,-0.3682593397539914,1.7534999999999998,1,1.7534999999999998,6.0,inf
938,5,-1.1508584804968502,-0.4767572493223733,-0.3682593397539914,1.7534999999999998,1,1.7534999999999998,6.0,inf
939,0,1.092379390816493,-1.5438642687698463,0.6070522066944541,2.9699999999999998,1,2.9699999999999998,6.0,inf
939,1,1.092379390816493,-1.5438642687698463,0.6070522066944541,2.9699999999999998,1,2.9699999999999998,6.0,inf
939,2,1.092379390816493,-1.5438642687698463,0.6070522066944541,2.9699999999999998,1,2.9699999999999998,6.0,inf
939,3,1.092379390816493,-1.5438642687698463,0.6070522066944541,2.9699999999999998,1,2.9699999999999998,6.0,inf
939,4,1.092379390816493,-1.5438642687698463,0.6070522066944541,2.9699999999999998,1,2.9699999999999998,6.0,inf
939,5,1.092379390816493,-1.5438642687698463,0.6070522066944541,2.9699999999999998,1,2.9699999999999998,6.0,inf
940,0,1.8122728466329676,-0.15359691169309692,-0.9083750516932885,2.397,1,2.397,6.0,inf
940,1,1.8122728466329676,-0.15359691169309692,-0.9083750516932885,2.397,1,2.397,6.0,inf
940,2,1.8122728466329676,-0.15359691169309692,-0.9083750516932885,2.397,1,2.397,6.0,inf
940,3,1.8122728466329676,-0.15359691169309692,-0.9083750516932885,2.397,1,2.397,6.0,inf
940,4,1.8122728466329676,-0.15359691169309692,-0.9083750516932885,2.397,1,2.397,6.0,inf
940,5,1.8122728466329676,-0.15359691169309692,-0.9083750516932885,2.397,1,2.397,6.0,inf
941,0,-0.19345450874523637,-0.11203515848742328,-0.39784993825899556,1.9712999999999998,1,1.9712999999999998,6.0,inf
941,1,-0.19345450874523637,-0.11203515848742328,-0.39784993825899556,1.9712999999999998,1,1.9712999999999998,6.0,inf
941,2,-0.19345450874523637,-0.11203515848742328,-0.39784993825899556,1.9712999999999998,1,1.9712999999999998,6.0,inf
941,3,-0.19345450874523637,-0.11203515848742328,-0.39784993825899556,1.9712999999999998,1,1.9712999999999998,6.0,inf
941,4,-0.19345450874523637,-0.11203515848742328,-0.39784993825899556,1.9712999999999998,1,1.9712999999999998,6.0,inf
941,5,-0.19345450874523637,-0.11203515848742328,-0.39784993825899556,1.9712999999999998,1,1.9712999999999998,6.0,inf
942,0,-0.9420849639364496,-0.6391299703310191,-1.8752128496106801,6.0,0,6.007199999999999,6.0,inf
942,1,-0.9420849639364496,-0.6391299703310191,-1.8752128496106801,6.0,0,6.007199999999999,6.0,inf
942,2,-0.9420849639364496,-0.6391299703310191,-1.8752128496106801,6.0,0,6.007199999999999,6.0,inf
942,3,-0.9420849639364496,-0.6391299703310191,-1.8752128496106801,6.0,0,6.007199999999999,6.0,inf
942,4,-0.9420849639364496,-0.6391299703310191,-1.8752128496106801,6.0,0,6.007199999999999,6.0,inf
942,5,-0.9420849639364496,-0.6391299703310191,-1.8752128496106801,6.0,0,6.007199999999999,6.0,inf
943,0,0.9270517562346694,1.3526654871470185,0.7290747890301145,0.9161999999999999,1,0.9161999999999999,6.0,inf
943,1,0.9270517562346694,1.3526654871470185,0.7290747890301145,0.9161999999999999,1,0.9161999999999999,6.0,inf
943,2,0.9270517562346694,1.3526654871470185,0.7290747890301145,0.9161999999999999,1,0.9161999999999999,6.0,inf
943,3,0.9270517562346694,1.3526654871470185,0.7290747890301145,0.9161999999999999,1,0.9161999999999999,6.0,inf
943,4,0.9270517562346694,1.3526654871470185,0.7290747890301145,0.9161999999999999,1,0.9161999999999999,6.0,inf
943,5,0.9270517562346694,1.3526654871470185,0.7290747890301145,0.9161999999999999,1,0.9161999999999999,6.0,inf
944,0,-0.3535261569188716,-0.33752757119901045,-3.590861297313541,6.0,0,6.339899999999999,6.0,inf
944,1,-0.3535261569188716,-0.33752757119901045,-3.590861297313541,6.0,0,6.339899999999999,6.0,inf
944,2,-0.3535261569188716,-0.33752757119901045,-3.590861297313541,6.0,0,6.339899999999999,6.0,inf
944,3,-0.3535261569188716,-0.33752757119901045,-3.590861297313541,6.0,0,6.339899999999999,6.0,inf
944,4,-0.3535261569188716,-0.33752757119901045,-3.590861297313541,6.0,0,6.339899999999999,6.0,inf
944,5,-0.3535261569188716,-0.33752757119901045,-3.590861297313541,6.0,0,6.339899999999999,6.0,inf
945,0,-0.09016896977764007,1.3891385054809728,-0.5359557204683084,4.869,1,4.869,6.0,inf
945,1,-0.09016896977764007,1.3891385054809728,-0.5359557204683084,4.869,1,4.869,6.0,inf
945,2,-0.09016896977764007,1.3891385054809728,-0.5359557204683084,4.869,1,4.869,6.0,inf
945,3,-0.09016896977764007,1.3891385054809728,-0.5359557204683084,4.869,1,4.869,6.0,inf
945,4,-0.09016896977764007,1.3891385054809728,-0.5359557204683084,4.869,1,4.869,6.0,inf
945,5,-0.09016896977764007,1.3891385054809728,-0.5359557204683084,4.869,1,4.869,6.0,inf
946,0,0.3108786535642489,0.524368111564084,0.2741656222112233,2.5281,1,2.5281,6.0,inf
946,1,0.3108786535642489,0.524368111564084,0.2741656222112233,2.5281,1,2.5281,6.0,inf
946,2,0.3108786535642489,0.524368111564084,0.2741656222112233,2.5281,1,2.5281,6.0,inf
946,3,0.3108786535642489,0.524368111564084,0.2741656222112233,2.5281,1,2.5281,6.0,inf
946,4,0.3108786535642489,0.524368111564084,0.2741656222112233,2.5281,1,2.5281,6.0,inf
946,5,0.3108786535642489,0.524368111564084,0.2741656222112233,2.5281,1,2.5281,6.0,inf
947,0,0.897247244542594,0.2511880021681927,1.1593494523865853,1.1486999999999998,1,1.1486999999999998,6.0,inf
947,1,0.897247244542594,0.2511880021681927,1.1593494523865853,1.1486999999999998,1,1.1486999999999998,6.0,inf
947,2,0.897247244542594,0.2511880021681927,1.1593494523865853,1.1486999999999998,1,1.1486999999999998,6.0,inf
947,3,0.897247244542594,0.2511880021681927,1.1593494523865853,1.1486999999999998,1,1.1486999999999998,6.0,inf
947,4,0.897247244542594,0.2511880021681927,1.1593494523865853,1.1486999999999998,1,1.1486999999999998,6.0,inf
947,5,0.897247244542594,0.2511880021681927,1.1593494523865853,1.1486999999999998,1,1.1486999999999998,6.0,inf
948,0,0.19465292837632533,-1.005647291217918,2.704446828174854,0.8093999999999999,1,0.8093999999999999,6.0,inf
948,1,0.19465292837632533,-1.005647291217918,2.704446828174854,0.8093999999999999,1,0.8093999999999999,6.0,inf
948,2,0.19465292837632533,-1.005647291217918,2.704446828174854,0.8093999999999999,1,0.8093999999999999,6.0,inf
948,3,0.19465292837632533,-1.005647291217918,2.704446828174854,0.8093999999999999,1,0.8093999999999999,6.0,inf
948,4,0.19465292837632533,-1.005647291217918,2.704446828174854,0.8093999999999999,1,0.8093999999999999,6.0,inf
948,5,0.19465292837632533,-1.005647291217918,2.704446828174854,0.8093999999999999,1,0.8093999999999999,6.0,inf
949,0,2.669610377143884,1.426401218113724,0.6007055171266572,1.0958999999999999,1,1.0958999999999999,6.0,inf
949,1,2.669610377143884,1.426401218113724,0.6007055171266572,1.0958999999999999,1,1.0958999999999999,6.0,inf
949,2,2.669610377143884,1.426401218113724,0.6007055171266572,1.0958999999999999,1,1.0958999999999999,6.0,inf
949,3,2.669610377143884,1.426401218113724,0.6007055171266572,1.0958999999999999,1,1.0958999999999999,6.0,inf
949,4,2.669610377143884,1.426401218113724,0.6007055171266572,1.0958999999999999,1,1.0958999999999999,6.0,inf
949,5,2.669610377143884,1.426401218113724,0.6007055171266572,1.0958999999999999,1,1.0958999999999999,6.0,inf
950,0,-1.5877914713440369,-1.4702835814727826,0.05152411504502175,1.7748,1,1.7748,6.0,inf
950,1,-1.5877914713440369,-1.4702835814727826,0.05152411504502175,1.7748,1,1.7748,6.0,inf
950,2,-1.5877914713440369,-1.4702835814727826,0.05152411504502175,1.7748,1,1.7748,6.0,inf
950,3,-1.5877914713440369,-1.4702835814727826,0.05152411504502175,1.7748,1,1.7748,6.0,inf
950,4,-1.5877914713440369,-1.4702835814727826,0.05152411504502175,1.7748,1,1.7748,6.0,inf
950,5,-1.5877914713440369,-1.4702835814727826,0.05152411504502175,1.7748,1,1.7748,6.0,inf
951,0,-0.776966114493906,-0.913815719586716,0.23812993656711032,6.0,0,7.216499999999999,6.0,inf
951,1,-0.776966114493906,-0.913815719586716,0.23812993656711032,6.0,0,7.216499999999999,6.0,inf
951,2,-0.776966114493906,-0.913815719586716,0.23812993656711032,6.0,0,7.216499999999999,6.0,inf
951,3,-0.776966114493906,-0.913815719586716,0.23812993656711032,6.0,0,7.216499999999999,6.0,inf
951,4,-0.776966114493906,-0.913815719586716,0.23812993656711032,6.0,0,7.216499999999999,6.0,inf
951,5,-0.776966114493906,-0.913815719586716,0.23812993656711032,6.0,0,7.216499999999999,6.0,inf
952,0,0.7317924398829743,-0.8742018565009168,0.8530761546771254,1.5669,1,1.5669,6.0,inf
952,1,0.7317924398829743,-0.8742018565009168,0.8530761546771254,1.5669,1,1.5669,6.0,inf
952,2,0.7317924398829743,-0.8742018565009168,0.8530761546771254,1.5669,1,1.5669,6.0,inf
952,3,0.7317924398829743,-0.8742018565009168,0.8530761546771254,1.5669,1,1.5669,6.0,inf
952,4,0.7317924398829743,-0.8742018565009168,0.8530761546771254,1.5669,1,1.5669,6.0,inf
952,5,0.7317924398829743,-0.8742018565009168,0.8530761546771254,1.5669,1,1.5669,6.0,inf
953,0,0.5172689183328575,-0.5124551137520014,0.37313142856593,2.7908999999999997,1,2.7908999999999997,6.0,inf
953,1,0.5172689183328575,-0.5124551137520014,0.37313142856593,2.7908999999999997,1,2.7908999999999997,6.0,inf
953,2,0.5172689183328575,-0.5124551137520014,0.37313142856593,2.7908999999999997,1,2.7908999999999997,6.0,inf
953,3,0.5172689183328575,-0.5124551137520014,0.37313142856593,2.7908999999999997,1,2.7908999999999997,6.0,inf
953,4,0.5172689183328575,-0.5124551137520014,0.37313142856593,2.7908999999999997,1,2.7908999999999997,6.0,inf
953,5,0.5172689183328575,-0.5124551137520014,0.37313142856593,2.7908999999999997,1,2.7908999999999997,6.0,inf
954,0,0.4275007927566451,1.3557391151874367,0.20255479614441654,1.6655999999999997,1,1.6655999999999997,6.0,inf
954,1,0.4275007927566451,1.3557391151874367,0.20255479614441654,1.6655999999999997,1,1.6655999999999997,6.0,inf
954,2,0.4275007927566451,1.3557391151874367,0.20255479614441654,1.6655999999999997,1,1.6655999999999997,6.0,inf
954,3,0.4275007927566451,1.3557391151874367,0.20255479614441654,1.6655999999999997,1,1.6655999999999997,6.0,inf
954,4,0.4275007927566451,1.3557391151874367,0.20255479614441654,1.6655999999999997,1,1.6655999999999997,6.0,inf
954,5,0.4275007927566451,1.3557391151874367,0.20255479614441654,1.6655999999999997,1,1.6655999999999997,6.0,inf
955,0,0.5074563800150562,0.15326709161350596,-0.8193723452617483,2.3966999999999996,1,2.3966999999999996,6.0,inf
955,1,0.5074563800150562,0.15326709161350596,-0.8193723452617483,2.3966999999999996,1,2.3966999999999996,6.0,inf
955,2,0.5074563800150562,0.15326709161350596,-0.8193723452617483,2.3966999999999996,1,2.3966999999999996,6.0,inf
955,3,0.5074563800150562,0.15326709161350596,-0.8193723452617483,2.3966999999999996,1,2.3966999999999996,6.0,inf
955,4,0.5074563800150562,0.15326709161350596,-0.8193723452617483,2.3966999999999996,1,2.3966999999999996,6.0,inf
955,5,0.5074563800150562,0.15326709161350596,-0.8193723452617483,2.3966999999999996,1,2.3966999999999996,6.0,inf
956,0,1.3131086050872238,-1.595843499170725,0.7251875911737001,2.0019,1,2.0019,6.0,inf
956,1,1.3131086050872238,-1.595843499170725,0.7251875911737001,2.0019,1,2.0019,6.0,inf
956,2,1.3131086050872238,-1.595843499170725,0.7251875911737001,2.0019,1,2.0019,6.0,inf
956,3,1.3131086050872238,-1.595843499170725,0.7251875911737001,2.0019,1,2.0019,6.0,inf
956,4,1.3131086050872238,-1.595843499170725,0.7251875911737001,2.0019,1,2.0019,6.0,inf
956,5,1.3131086050872238,-1.595843499170725,0.7251875911737001,2.0019,1,2.0019,6.0,inf
957,0,-0.3103366295226454,-0.13115068177297728,-0.853616877293524,6.0,0,6.2235,6.0,inf
957,1,-0.3103366295226454,-0.13115068177297728,-0.853616877293524,6.0,0,6.2235,6.0,inf
957,2,-0.3103366295226454,-0.13115068177297728,-0.853616877293524,6.0,0,6.2235,6.0,inf
957,3,-0.3103366295226454,-0.13115068177297728,-0.853616877293524,6.0,0,6.2235,6.0,inf
957,4,-0.3103366295226454,-0.13115068177297728,-0.853616877293524,6.0,0,6.2235,6.0,inf
957,5,-0.3103366295226454,-0.13115068177297728,-0.853616877293524,6.0,0,6.2235,6.0,inf
958,0,-0.4178719238873241,0.4635795554822287,0.6310700298223215,2.6891999999999996,1,2.6891999999999996,6.0,inf
958,1,-0.4178719238873241,0.4635795554822287,0.6310700298223215,2.6891999999999996,1,2.6891999999999996,6.0,inf
958,2,-0.4178719238873241,0.4635795554822287,0.6310700298223215,2.6891999999999996,1,2.6891999999999996,6.0,inf
958,3,-0.4178719238873241,0.4635795554822287,0.6310700298223215,2.6891999999999996,1,2.6891999999999996,6.0,inf
958,4,-0.4178719238873241,0.4635795554822287,0.6310700298223215,2.6891999999999996,1,2.6891999999999996,6.0,inf
958,5,-0.4178719238873241,0.4635795554822287,0.6310700298223215,2.6891999999999996,1,2.6891999999999996,6.0,inf
959,0,-0.6366017713257005,0.8370701387684264,0.22707455113698105,0.49709999999999993,1,0.49709999999999993,6.0,inf
959,1,-0.6366017713257005,0.8370701387684264,0.22707455113698105,0.49709999999999993,1,0.49709999999999993,6.0,inf
959,2,-0.6366017713257005,0.8370701387684264,0.22707455113698105,0.49709999999999993,1,0.49709999999999993,6.0,inf
959,3,-0.6366017713257005,0.8370701387684264,0.22707455113698105,0.49709999999999993,1,0.49709999999999993,6.0,inf
959,4,-0.6366017713257005,0.8370701387684264,0.22707455113698105,0.49709999999999993,1,0.49709999999999993,6.0,inf
959,5,-0.6366017713257005,0.8370701387684264,0.22707455113698105,0.49709999999999993,1,0.49709999999999993,6.0,inf
960,0,1.2772242230973474,1.5661179498966107,2.0698994447397157,0.43289999999999995,1,0.43289999999999995,6.0,inf
960,1,1.2772242230973474,1.5661179498966107,2.0698994447397157,0.43289999999999995,1,0.43289999999999995,6.0,inf
960,2,1.2772242230973474,1.5661179498966107,2.0698994447397157,0.43289999999999995,1,0.43289999999999995,6.0,inf
960,3,1.2772242230973474,1.5661179498966107,2.0698994447397157,0.43289999999999995,1,0.43289999999999995,6.0,inf
960,4,1.2772242230973474,1.5661179498966107,2.0698994447397157,0.43289999999999995,1,0.43289999999999995,6.0,inf
960,5,1.2772242230973474,1.5661179498966107,2.0698994447397157,0.43289999999999995,1,0.43289999999999995,6.0,inf
961,0,0.45583900201362937,-0.14705747682237857,-0.4676962614189889,0.9071999999999999,1,0.9071999999999999,6.0,inf
961,1,0.45583900201362937,-0.14705747682237857,-0.4676962614189889,0.9071999999999999,1,0.9071999999999999,6.0,inf
961,2,0.45583900201362937,-0.14705747682237857,-0.4676962614189889,0.9071999999999999,1,0.9071999999999999,6.0,inf
961,3,0.45583900201362937,-0.14705747682237857,-0.4676962614189889,0.9071999999999999,1,0.9071999999999999,6.0,inf
961,4,0.45583900201362937,-0.14705747682237857,-0.4676962614189889,0.9071999999999999,1,0.9071999999999999,6.0,inf
961,5,0.45583900201362937,-0.14705747682237857,-0.4676962614189889,0.9071999999999999,1,0.9071999999999999,6.0,inf
962,0,-0.8399444967186445,2.0642377403325187,0.050423170529867375,0.0003,1,0.0003,6.0,inf
962,1,-0.8399444967186445,2.0642377403325187,0.050423170529867375,0.0003,1,0.0003,6.0,inf
962,2,-0.8399444967186445,2.0642377403325187,0.050423170529867375,0.0003,1,0.0003,6.0,inf
962,3,-0.8399444967186445,2.0642377403325187,0.050423170529867375,0.0003,1,0.0003,6.0,inf
962,4,-0.8399444967186445,2.0642377403325187,0.050423170529867375,0.0003,1,0.0003,6.0,inf
962,5,-0.8399444967186445,2.0642377403325187,0.050423170529867375,0.0003,1,0.0003,6.0,inf
963,0,-0.21445124572666652,-0.2198656750448002,0.8995690013682912,1.3308,1,1.3308,6.0,inf
963,1,-0.21445124572666652,-0.2198656750448002,0.8995690013682912,1.3308,1,1.3308,6.0,inf
963,2,-0.21445124572666652,-0.2198656750448002,0.8995690013682912,1.3308,1,1.3308,6.0,inf
963,3,-0.21445124572666652,-0.2198656750448002,0.8995690013682912,1.3308,1,1.3308,6.0,inf
963,4,-0.21445124572666652,-0.2198656750448002,0.8995690013682912,1.3308,1,1.3308,6.0,inf
963,5,-0.21445124572666652,-0.2198656750448002,0.8995690013682912,1.3308,1,1.3308,6.0,inf
964,0,0.9372730148115682,-0.06575011422045429,-0.22324331382077603,3.2996999999999996,1,3.2996999999999996,6.0,inf
964,1,0.9372730148115682,-0.06575011422045429,-0.22324331382077603,3.2996999999999996,1,3.2996999999999996,6.0,inf
964,2,0.9372730148115682,-0.06575011422045429,-0.22324331382077603,3.2996999999999996,1,3.2996999999999996,6.0,inf
964,3,0.9372730148115682,-0.06575011422045429,-0.22324331382077603,3.2996999999999996,1,3.2996999999999996,6.0,inf
964,4,0.9372730148115682,-0.06575011422045429,-0.22324331382077603,3.2996999999999996,1,3.2996999999999996,6.0,inf
964,5,0.9372730148115682,-0.06575011422045429,-0.22324331382077603,3.2996999999999996,1,3.2996999999999996,6.0,inf
965,0,0.4261015570506452,0.0042357655585313425,1.3616246908008607,1.3854,1,1.3854,6.0,inf
965,1,0.4261015570506452,0.0042357655585313425,1.3616246908008607,1.3854,1,1.3854,6.0,inf
965,2,0.4261015570506452,0.0042357655585313425,1.3616246908008607,1.3854,1,1.3854,6.0,inf
965,3,0.4261015570506452,0.0042357655585313425,1.3616246908008607,1.3854,1,1.3854,6.0,inf
965,4,0.4261015570506452,0.0042357655585313425,1.3616246908008607,1.3854,1,1.3854,6.0,inf
965,5,0.4261015570506452,0.0042357655585313425,1.3616246908008607,1.3854,1,1.3854,6.0,inf
966,0,0.9141467312898841,-0.004643089148008033,0.630580863016294,1.5581999999999998,1,1.5581999999999998,6.0,inf
966,1,0.9141467312898841,-0.004643089148008033,0.630580863016294,1.5581999999999998,1,1.5581999999999998,6.0,inf
966,2,0.9141467312898841,-0.004643089148008033,0.630580863016294,1.5581999999999998,1,1.5581999999999998,6.0,inf
966,3,0.9141467312898841,-0.004643089148008033,0.630580863016294,1.5581999999999998,1,1.5581999999999998,6.0,inf
966,4,0.9141467312898841,-0.004643089148008033,0.630580863016294,1.5581999999999998,1,1.5581999999999998,6.0,inf
966,5,0.9141467312898841,-0.004643089148008033,0.630580863016294,1.5581999999999998,1,1.5581999999999998,6.0,inf
967,0,0.5569703645964837,1.089141980382051,-0.3643142497126939,0.5124,1,0.5124,6.0,inf
967,1,0.5569703645964837,1.089141980382051,-0.3643142497126939,0.5124,1,0.5124,6.0,inf
967,2,0.5569703645964837,1.089141980382051,-0.3643142497126939,0.5124,1,0.5124,6.0,inf
967,3,0.5569703645964837,1.089141980382051,-0.3643142497126939,0.5124,1,0.5124,6.0,inf
967,4,0.5569703645964837,1.089141980382051,-0.3643142497126939,0.5124,1,0.5124,6.0,inf
967,5,0.5569703645964837,1.089141980382051,-0.3643142497126939,0.5124,1,0.5124,6.0,inf
968,0,0.7841709046221519,0.42058971091511455,1.4957170102301567,1.6803,1,1.6803,6.0,inf
968,1,0.7841709046221519,0.42058971091511455,1.4957170102301567,1.6803,1,1.6803,6.0,inf
968,2,0.7841709046221519,0.42058971091511455,1.4957170102301567,1.6803,1,1.6803,6.0,inf
968,3,0.7841709046221519,0.42058971091511455,1.4957170102301567,1.6803,1,1.6803,6.0,inf
968,4,0.7841709046221519,0.42058971091511455,1.4957170102301567,1.6803,1,1.6803,6.0,inf
968,5,0.7841709046221519,0.42058971091511455,1.4957170102301567,1.6803,1,1.6803,6.0,inf
969,0,-0.7599927709770153,0.6338168399425206,0.28196507277095917,2.5223999999999998,1,2.5223999999999998,6.0,inf
969,1,-0.7599927709770153,0.6338168399425206,0.28196507277095917,2.5223999999999998,1,2.5223999999999998,6.0,inf
969,2,-0.7599927709770153,0.6338168399425206,0.28196507277095917,2.5223999999999998,1,2.5223999999999998,6.0,inf
969,3,-0.7599927709770153,0.6338168399425206,0.28196507277095917,2.5223999999999998,1,2.5223999999999998,6.0,inf
969,4,-0.7599927709770153,0.6338168399425206,0.28196507277095917,2.5223999999999998,1,2.5223999999999998,6.0,inf
969,5,-0.7599927709770153,0.6338168399425206,0.28196507277095917,2.5223999999999998,1,2.5223999999999998,6.0,inf
970,0,-1.6840798128778391,-1.6836481695479002,0.5396034652283513,6.0,0,8.0001,6.0,inf
970,1,-1.6840798128778391,-1.6836481695479002,0.5396034652283513,6.0,0,8.0001,6.0,inf
970,2,-1.6840798128778391,-1.6836481695479002,0.5396034652283513,6.0,0,8.0001,6.0,inf
970,3,-1.6840798128778391,-1.6836481695479002,0.5396034652283513,6.0,0,8.0001,6.0,inf
970,4,-1.6840798128778391,-1.6836481695479002,0.5396034652283513,6.0,0,8.0001,6.0,inf
970,5,-1.6840798128778391,-1.6836481695479002,0.5396034652283513,6.0,0,8.0001,6.0,inf
971,0,-2.095367527395176,0.11620098691675172,-1.0479521426402656,6.0,0,7.868999999999999,6.0,inf
971,1,-2.095367527395176,0.11620098691675172,-1.0479521426402656,6.0,0,7.868999999999999,6.0,inf
971,2,-2.095367527395176,0.11620098691675172,-1.0479521426402656,6.0,0,7.868999999999999,6.0,inf
971,3,-2.095367527395176,0.11620098691675172,-1.0479521426402656,6.0,0,7.868999999999999,6.0,inf
971,4,-2.095367527395176,0.11620098691675172,-1.0479521426402656,6.0,0,7.868999999999999,6.0,inf
971,5,-2.095367527395176,0.11620098691675172,-1.0479521426402656,6.0,0,7.868999999999999,6.0,inf
972,0,1.4764679348913494,0.18038273421257117,0.16796911746383833,3.7220999999999997,1,3.7220999999999997,6.0,inf
972,1,1.4764679348913494,0.18038273421257117,0.16796911746383833,3.7220999999999997,1,3.7220999999999997,6.0,inf
972,2,1.4764679348913494,0.18038273421257117,0.16796911746383833,3.7220999999999997,1,3.7220999999999997,6.0,inf
972,3,1.4764679348913494,0.18038273421257117,0.16796911746383833,3.7220999999999997,1,3.7220999999999997,6.0,inf
972,4,1.4764679348913494,0.18038273421257117,0.16796911746383833,3.7220999999999997,1,3.7220999999999997,6.0,inf
972,5,1.4764679348913494,0.18038273421257117,0.16796911746383833,3.7220999999999997,1,3.7220999999999997,6.0,inf
973,0,0.8174013631168073,1.0550098664844247,1.0187313675652314,1.692,1,1.692,6.0,inf
973,1,0.8174013631168073,1.0550098664844247,1.0187313675652314,1.692,1,1.692,6.0,inf
973,2,0.8174013631168073,1.0550098664844247,1.0187313675652314,1.692,1,1.692,6.0,inf
973,3,0.8174013631168073,1.0550098664844247,1.0187313675652314,1.692,1,1.692,6.0,inf
973,4,0.8174013631168073,1.0550098664844247,1.0187313675652314,1.692,1,1.692,6.0,inf
973,5,0.8174013631168073,1.0550098664844247,1.0187313675652314,1.692,1,1.692,6.0,inf
974,0,0.7504217014173036,-0.16305104831314288,-0.39442095577402525,2.3249999999999997,1,2.3249999999999997,6.0,inf
974,1,0.7504217014173036,-0.16305104831314288,-0.39442095577402525,2.3249999999999997,1,2.3249999999999997,6.0,inf
974,2,0.7504217014173036,-0.16305104831314288,-0.39442095577402525,2.3249999999999997,1,2.3249999999999997,6.0,inf
974,3,0.7504217014173036,-0.16305104831314288,-0.39442095577402525,2.3249999999999997,1,2.3249999999999997,6.0,inf
974,4,0.7504217014173036,-0.16305104831314288,-0.39442095577402525,2.3249999999999997,1,2.3249999999999997,6.0,inf
974,5,0.7504217014173036,-0.16305104831314288,-0.39442095577402525,2.3249999999999997,1,2.3249999999999997,6.0,inf
975,0,-0.30954548210476535,0.16858865364550024,-0.23250635898426703,3.5919,1,3.5919,6.0,inf
975,1,-0.30954548210476535,0.16858865364550024,-0.23250635898426703,3.5919,1,3.5919,6.0,inf
975,2,-0.30954548210476535,0.16858865364550024,-0.23250635898426703,3.5919,1,3.5919,6.0,inf
975,3,-0.30954548210476535,0.16858865364550024,-0.23250635898426703,3.5919,1,3.5919,6.0,inf
975,4,-0.30954548210476535,0.16858865364550024,-0.23250635898426703,3.5919,1,3.5919,6.0,inf
975,5,-0.30954548210476535,0.16858865364550024,-0.23250635898426703,3.5919,1,3.5919,6.0,inf
976,0,0.5787709044105992,0.3674127582351234,-0.22521176593108455,0.9833999999999999,1,0.9833999999999999,6.0,inf
976,1,0.5787709044105992,0.3674127582351234,-0.22521176593108455,0.9833999999999999,1,0.9833999999999999,6.0,inf
976,2,0.5787709044105992,0.3674127582351234,-0.22521176593108455,0.9833999999999999,1,0.9833999999999999,6.0,inf
976,3,0.5787709044105992,0.3674127582351234,-0.22521176593108455,0.9833999999999999,1,0.9833999999999999,6.0,inf
976,4,0.5787709044105992,0.3674127582351234,-0.22521176593108455,0.9833999999999999,1,0.9833999999999999,6.0,inf
976,5,0.5787709044105992,0.3674127582351234,-0.22521176593108455,0.9833999999999999,1,0.9833999999999999,6.0,inf
977,0,-0.1472976895648327,0.022096056402072125,0.5820974264027158,1.569,1,1.569,6.0,inf
977,1,-0.1472976895648327,0.022096056402072125,0.5820974264027158,1.569,1,1.569,6.0,inf
977,2,-0.1472976895648327,0.022096056402072125,0.5820974264027158,1.569,1,1.569,6.0,inf
977,3,-0.1472976895648327,0.022096056402072125,0.5820974264027158,1.569,1,1.569,6.0,inf
977,4,-0.1472976895648327,0.022096056402072125,0.5820974264027158,1.569,1,1.569,6.0,inf
977,5,-0.1472976895648327,0.022096056402072125,0.5820974264027158,1.569,1,1.569,6.0,inf
978,0,1.0326843599189082,0.6019885866734089,-2.7900670663737577,2.4684,1,2.4684,6.0,inf
978,1,1.0326843599189082,0.6019885866734089,-2.7900670663737577,2.4684,1,2.4684,6.0,inf
978,2,1.0326843599189082,0.6019885866734089,-2.7900670663737577,2.4684,1,2.4684,6.0,inf
978,3,1.0326843599189082,0.6019885866734089,-2.7900670663737577,2.4684,1,2.4684,6.0,inf
978,4,1.0326843599189082,0.6019885866734089,-2.7900670663737577,2.4684,1,2.4684,6.0,inf
978,5,1.0326843599189082,0.6019885866734089,-2.7900670663737577,2.4684,1,2.4684,6.0,inf
979,0,-0.28859035428682445,0.530415570586809,0.7054772185068381,1.5158999999999998,1,1.5158999999999998,6.0,inf
979,1,-0.28859035428682445,0.530415570586809,0.7054772185068381,1.5158999999999998,1,1.5158999999999998,6.0,inf
979,2,-0.28859035428682445,0.530415570586809,0.7054772185068381,1.5158999999999998,1,1.5158999999999998,6.0,inf
979,3,-0.28859035428682445,0.530415570586809,0.7054772185068381,1.5158999999999998,1,1.5158999999999998,6.0,inf
979,4,-0.28859035428682445,0.530415570586809,0.7054772185068381,1.5158999999999998,1,1.5158999999999998,6.0,inf
979,5,-0.28859035428682445,0.530415570586809,0.7054772185068381,1.5158999999999998,1,1.5158999999999998,6.0,inf
980,0,0.058701824998204234,0.013969097102123625,0.4604243182232633,2.9793,1,2.9793,6.0,inf
980,1,0.058701824998204234,0.013969097102123625,0.4604243182232633,2.9793,1,2.9793,6.0,inf
980,2,0.058701824998204234,0.013969097102123625,0.4604243182232633,2.9793,1,2.9793,6.0,inf
980,3,0.058701824998204234,0.013969097102123625,0.4604243182232633,2.9793,1,2.9793,6.0,inf
980,4,0.058701824998204234,0.013969097102123625,0.4604243182232633,2.9793,1,2.9793,6.0,inf
980,5,0.058701824998204234,0.013969097102123625,0.4604243182232633,2.9793,1,2.9793,6.0,inf
981,0,0.6081769744406688,0.5804534524872377,-0.08624388257512897,1.0352999999999999,1,1.0352999999999999,6.0,inf
981,1,0.6081769744406688,0.5804534524872377,-0.08624388257512897,1.0352999999999999,1,1.0352999999999999,6.0,inf
981,2,0.6081769744406688,0.5804534524872377,-0.08624388257512897,1.0352999999999999,1,1.0352999999999999,6.0,inf
981,3,0.6081769744406688,0.5804534524872377,-0.08624388257512897,1.0352999999999999,1,1.0352999999999999,6.0,inf
981,4,0.6081769744406688,0.5804534524872377,-0.08624388257512897,1.0352999999999999,1,1.0352999999999999,6.0,inf
981,5,0.6081769744406688,0.5804534524872377,-0.08624388257512897,1.0352999999999999,1,1.0352999999999999,6.0,inf
982,0,-0.12516465612134525,1.586064461335533,-0.5504685865060981,2.0141999999999998,1,2.0141999999999998,6.0,inf
982,1,-0.12516465612134525,1.586064461335533,-0.5504685865060981,2.0141999999999998,1,2.0141999999999998,6.0,inf
982,2,-0.12516465612134525,1.586064461335533,-0.5504685865060981,2.0141999999999998,1,2.0141999999999998,6.0,inf
982,3,-0.12516465612134525,1.586064461335533,-0.5504685865060981,2.0141999999999998,1,2.0141999999999998,6.0,inf
982,4,-0.12516465612134525,1.586064461335533,-0.5504685865060981,2.0141999999999998,1,2.0141999999999998,6.0,inf
982,5,-0.12516465612134525,1.586064461335533,-0.5504685865060981,2.0141999999999998,1,2.0141999999999998,6.0,inf
983,0,1.618447979396742,-1.2380426530040824,0.4176370663356117,1.1645999999999999,1,1.1645999999999999,6.0,inf
983,1,1.618447979396742,-1.2380426530040824,0.4176370663356117,1.1645999999999999,1,1.1645999999999999,6.0,inf
983,2,1.618447979396742,-1.2380426530040824,0.4176370663356117,1.1645999999999999,1,1.1645999999999999,6.0,inf
983,3,1.618447979396742,-1.2380426530040824,0.4176370663356117,1.1645999999999999,1,1.1645999999999999,6.0,inf
983,4,1.618447979396742,-1.2380426530040824,0.4176370663356117,1.1645999999999999,1,1.1645999999999999,6.0,inf
983,5,1.618447979396742,-1.2380426530040824,0.4176370663356117,1.1645999999999999,1,1.1645999999999999,6.0,inf
984,0,-0.35842359233263205,-2.058208880550587,0.0942892186274851,4.0821,1,4.0821,6.0,inf
984,1,-0.35842359233263205,-2.058208880550587,0.0942892186274851,4.0821,1,4.0821,6.0,inf
984,2,-0.35842359233263205,-2.058208880550587,0.0942892186274851,4.0821,1,4.0821,6.0,inf
984,3,-0.35842359233263205,-2.058208880550587,0.0942892186274851,4.0821,1,4.0821,6.0,inf
984,4,-0.35842359233263205,-2.058208880550587,0.0942892186274851,4.0821,1,4.0821,6.0,inf
984,5,-0.35842359233263205,-2.058208880550587,0.0942892186274851,4.0821,1,4.0821,6.0,inf
985,0,0.9122760518412808,-1.0643040093748417,-1.1078942967251064,0.24359999999999998,1,0.24359999999999998,6.0,inf
985,1,0.9122760518412808,-1.0643040093748417,-1.1078942967251064,0.24359999999999998,1,0.24359999999999998,6.0,inf
985,2,0.9122760518412808,-1.0643040093748417,-1.1078942967251064,0.24359999999999998,1,0.24359999999999998,6.0,inf
985,3,0.9122760518412808,-1.0643040093748417,-1.1078942967251064,0.24359999999999998,1,0.24359999999999998,6.0,inf
985,4,0.9122760518412808,-1.0643040093748417,-1.1078942967251064,0.24359999999999998,1,0.24359999999999998,6.0,inf
985,5,0.9122760518412808,-1.0643040093748417,-1.1078942967251064,0.24359999999999998,1,0.24359999999999998,6.0,inf
986,0,0.5165942858223749,-0.6844732111607047,1.1503876447375347,2.2809,1,2.2809,6.0,inf
986,1,0.5165942858223749,-0.6844732111607047,1.1503876447375347,2.2809,1,2.2809,6.0,inf
986,2,0.5165942858223749,-0.6844732111607047,1.1503876447375347,2.2809,1,2.2809,6.0,inf
986,3,0.5165942858223749,-0.6844732111607047,1.1503876447375347,2.2809,1,2.2809,6.0,inf
986,4,0.5165942858223749,-0.6844732111607047,1.1503876447375347,2.2809,1,2.2809,6.0,inf
986,5,0.5165942858223749,-0.6844732111607047,1.1503876447375347,2.2809,1,2.2809,6.0,inf
987,0,1.0317988829361728,0.8924448497951476,-0.4873777437248142,1.2042,1,1.2042,6.0,inf
987,1,1.0317988829361728,0.8924448497951476,-0.4873777437248142,1.2042,1,1.2042,6.0,inf
987,2,1.0317988829361728,0.8924448497951476,-0.4873777437248142,1.2042,1,1.2042,6.0,inf
987,3,1.0317988829361728,0.8924448497951476,-0.4873777437248142,1.2042,1,1.2042,6.0,inf
987,4,1.0317988829361728,0.8924448497951476,-0.4873777437248142,1.2042,1,1.2042,6.0,inf
987,5,1.0317988829361728,0.8924448497951476,-0.4873777437248142,1.2042,1,1.2042,6.0,inf
988,0,-0.5771023817548415,-0.587644495881011,0.1899751087989948,3.5237999999999996,1,3.5237999999999996,6.0,inf
988,1,-0.5771023817548415,-0.587644495881011,0.1899751087989948,3.5237999999999996,1,3.5237999999999996,6.0,inf
988,2,-0.5771023817548415,-0.587644495881011,0.1899751087989948,3.5237999999999996,1,3.5237999999999996,6.0,inf
988,3,-0.5771023817548415,-0.587644495881011,0.1899751087989948,3.5237999999999996,1,3.5237999999999996,6.0,inf
988,4,-0.5771023817548415,-0.587644495881011,0.1899751087989948,3.5237999999999996,1,3.5237999999999996,6.0,inf
988,5,-0.5771023817548415,-0.587644495881011,0.1899751087989948,3.5237999999999996,1,3.5237999999999996,6.0,inf
989,0,-1.4398310407101291,0.6641186362867489,1.2286175951908211,1.9649999999999999,1,1.9649999999999999,6.0,inf
989,1,-1.4398310407101291,0.6641186362867489,1.2286175951908211,1.9649999999999999,1,1.9649999999999999,6.0,inf
989,2,-1.4398310407101291,0.6641186362867489,1.2286175951908211,1.9649999999999999,1,1.9649999999999999,6.0,inf
989,3,-1.4398310407101291,0.6641186362867489,1.2286175951908211,1.9649999999999999,1,1.9649999999999999,6.0,inf
989,4,-1.4398310407101291,0.6641186362867489,1.2286175951908211,1.9649999999999999,1,1.9649999999999999,6.0,inf
989,5,-1.4398310407101291,0.6641186362867489,1.2286175951908211,1.9649999999999999,1,1.9649999999999999,6.0,inf
990,0,0.12139434634855689,1.6975407809895082,1.0204999408664097,0.32339999999999997,1,0.32339999999999997,6.0,inf
990,1,0.12139434634855689,1.6975407809895082,1.0204999408664097,0.32339999999999997,1,0.32339999999999997,6.0,inf
990,2,0.12139434634855689,1.6975407809895082,1.0204999408664097,0.32339999999999997,1,0.32339999999999997,6.0,inf
990,3,0.12139434634855689,1.6975407809895082,1.0204999408664097,0.32339999999999997,1,0.32339999999999997,6.0,inf
990,4,0.12139434634855689,1.6975407809895082,1.0204999408664097,0.32339999999999997,1,0.32339999999999997,6.0,inf
990,5,0.12139434634855689,1.6975407809895082,1.0204999408664097,0.32339999999999997,1,0.32339999999999997,6.0,inf
991,0,-1.3198799414775977,0.26397526002515853,0.35993940853218603,6.0,0,7.5375,6.0,inf
991,1,-1.3198799414775977,0.26397526002515853,0.35993940853218603,6.0,0,7.5375,6.0,inf
991,2,-1.3198799414775977,0.26397526002515853,0.35993940853218603,6.0,0,7.5375,6.0,inf
991,3,-1.3198799414775977,0.26397526002515853,0.35993940853218603,6.0,0,7.5375,6.0,inf
991,4,-1.3198799414775977,0.26397526002515853,0.35993940853218603,6.0,0,7.5375,6.0,inf
991,5,-1.3198799414775977,0.26397526002515853,0.35993940853218603,6.0,0,7.5375,6.0,inf
992,0,-2.3679615810799484,0.00040855986091560325,-0.021214634099027376,5.027399999999999,1,5.027399999999999,6.0,inf
992,1,-2.3679615810799484,0.00040855986091560325,-0.021214634099027376,5.027399999999999,1,5.027399999999999,6.0,inf
992,2,-2.3679615810799484,0.00040855986091560325,-0.021214634099027376,5.027399999999999,1,5.027399999999999,6.0,inf
992,3,-2.3679615810799484,0.00040855986091560325,-0.021214634099027376,5.027399999999999,1,5.027399999999999,6.0,inf
992,4,-2.3679615810799484,0.00040855986091560325,-0.021214634099027376,5.027399999999999,1,5.027399999999999,6.0,inf
992,5,-2.3679615810799484,0.00040855986091560325,-0.021214634099027376,5.027399999999999,1,5.027399999999999,6.0,inf
993,0,1.7090637060605838,3.475924711221835,1.3013535640343012,0.5075999999999999,1,0.5075999999999999,6.0,inf
993,1,1.7090637060605838,3.475924711221835,1.3013535640343012,0.5075999999999999,1,0.5075999999999999,6.0,inf
993,2,1.7090637060605838,3.475924711221835,1.3013535640343012,0.5075999999999999,1,0.5075999999999999,6.0,inf
993,3,1.7090637060605838,3.475924711221835,1.3013535640343012,0.5075999999999999,1,0.5075999999999999,6.0,inf
993,4,1.7090637060605838,3.475924711221835,1.3013535640343012,0.5075999999999999,1,0.5075999999999999,6.0,inf
993,5,1.7090637060605838,3.475924711221835,1.3013535640343012,0.5075999999999999,1,0.5075999999999999,6.0,inf
994,0,0.2955563463896652,-1.1137188169724388,0.25517865751069696,0.45239999999999997,1,0.45239999999999997,6.0,inf
994,1,0.2955563463896652,-1.1137188169724388,0.25517865751069696,0.45239999999999997,1,0.45239999999999997,6.0,inf
994,2,0.2955563463896652,-1.1137188169724388,0.25517865751069696,0.45239999999999997,1,0.45239999999999997,6.0,inf
994,3,0.2955563463896652,-1.1137188169724388,0.25517865751069696,0.45239999999999997,1,0.45239999999999997,6.0,inf
994,4,0.2955563463896652,-1.1137188169724388,0.25517865751069696,0.45239999999999997,1,0.45239999999999997,6.0,inf
994,5,0.2955563463896652,-1.1137188169724388,0.25517865751069696,0.45239999999999997,1,0.45239999999999997,6.0,inf
995,0,0.06173150180601459,0.0851181616002337,1.8994701705322976,2.3693999999999997,1,2.3693999999999997,6.0,inf
995,1,0.06173150180601459,0.0851181616002337,1.8994701705322976,2.3693999999999997,1,2.3693999999999997,6.0,inf
995,2,0.06173150180601459,0.0851181616002337,1.8994701705322976,2.3693999999999997,1,2.3693999999999997,6.0,inf
995,3,0.06173150180601459,0.0851181616002337,1.8994701705322976,2.3693999999999997,1,2.3693999999999997,6.0,inf
995,4,0.06173150180601459,0.0851181616002337,1.8994701705322976,2.3693999999999997,1,2.3693999999999997,6.0,inf
995,5,0.06173150180601459,0.0851181616002337,1.8994701705322976,2.3693999999999997,1,2.3693999999999997,6.0,inf
996,0,1.1981805630300777,-0.33248432077183354,1.435428308380895,1.6758,1,1.6758,6.0,inf
996,1,1.1981805630300777,-0.33248432077183354,1.435428308380895,1.6758,1,1.6758,6.0,inf
996,2,1.1981805630300777,-0.33248432077183354,1.435428308380895,1.6758,1,1.6758,6.0,inf
996,3,1.1981805630300777,-0.33248432077183354,1.435428308380895,1.6758,1,1.6758,6.0,inf
996,4,1.1981805630300777,-0.33248432077183354,1.435428308380895,1.6758,1,1.6758,6.0,inf
996,5,1.1981805630300777,-0.33248432077183354,1.435428308380895,1.6758,1,1.6758,6.0,inf
997,0,0.9697367838212153,-2.0785311088660667,-0.8149009244775991,5.6277,1,5.6277,6.0,inf
997,1,0.9697367838212153,-2.0785311088660667,-0.8149009244775991,5.6277,1,5.6277,6.0,inf
997,2,0.9697367838212153,-2.0785311088660667,-0.8149009244775991,5.6277,1,5.6277,6.0,inf
997,3,0.9697367838212153,-2.0785311088660667,-0.8149009244775991,5.6277,1,5.6277,6.0,inf
997,4,0.9697367838212153,-2.0785311088660667,-0.8149009244775991,5.6277,1,5.6277,6.0,inf
997,5,0.9697367838212153,-2.0785311088660667,-0.8149009244775991,5.6277,1,5.6277,6.0,inf
998,0,-0.40172194148097856,1.1876277162841502,0.051159985725439165,0.9818999999999999,1,0.9818999999999999,6.0,inf
998,1,-0.40172194148097856,1.1876277162841502,0.051159985725439165,0.9818999999999999,1,0.9818999999999999,6.0,inf
998,2,-0.40172194148097856,1.1876277162841502,0.051159985725439165,0.9818999999999999,1,0.9818999999999999,6.0,inf
998,3,-0.40172194148097856,1.1876277162841502,0.051159985725439165,0.9818999999999999,1,0.9818999999999999,6.0,inf
998,4,-0.40172194148097856,1.1876277162841502,0.051159985725439165,0.9818999999999999,1,0.9818999999999999,6.0,inf
998,5,-0.40172194148097856,1.1876277162841502,0.051159985725439165,0.9818999999999999,1,0.9818999999999999,6.0,inf
999,0,-1.0886717869283755,0.2527228504851427,0.4977056126807629,2.4629999999999996,1,2.4629999999999996,6.0,inf
999,1,-1.0886717869283755,0.2527228504851427,0.4977056126807629,2.4629999999999996,1,2.4629999999999996,6.0,inf
999,2,-1.0886717869283755,0.2527228504851427,0.4977056126807629,2.4629999999999996,1,2.4629999999999996,6.0,inf
999,3,-1.0886717869283755,0.2527228504851427,0.4977056126807629,2.4629999999999996,1,2.4629999999999996,6.0,inf
999,4,-1.0886717869283755,0.2527228504851427,0.4977056126807629,2.4629999999999996,1,2.4629999999999996,6.0,inf
999,5,-1.0886717869283755,0.2527228504851427,0.4977056126807629,2.4629999999999996,1,2.4629999999999996,6.0,inf
