id,k,x1,x2,x3,time,event,time_true,c1,c2
0,0,-0.30062408152817965,-1.3179670684469922,0.5369489937968049,1.5524999999999998,1,1.5524999999999998,6.0,inf
0,1,-0.30062408152817965,-1.3179670684469922,0.5369489937968049,1.5524999999999998,1,1.5524999999999998,6.0,inf
0,2,-0.30062408152817965,-1.3179670684469922,0.5369489937968049,1.5524999999999998,1,1.5524999999999998,6.0,inf
0,3,-0.30062408152817965,-1.3179670684469922,0.5369489937968049,1.5524999999999998,1,1.5524999999999998,6.0,inf
0,4,-0.30062408152817965,-1.3179670684469922,0.5369489937968049,1.5524999999999998,1,1.5524999999999998,6.0,inf
0,5,-0.30062408152817965,-1.3179670684469922,0.5369489937968049,1.5524999999999998,1,1.5524999999999998,6.0,inf
1,0,-0.5784641458233248,-1.6888228721328624,-0.12145544243090746,6.0,0,6.843299999999999,6.0,inf
1,1,-0.5784641458233248,-1.6888228721328624,-0.12145544243090746,6.0,0,6.843299999999999,6.0,inf
1,2,-0.5784641458233248,-1.6888228721328624,-0.12145544243090746,6.0,0,6.843299999999999,6.0,inf
1,3,-0.5784641458233248,-1.6888228721328624,-0.12145544243090746,6.0,0,6.843299999999999,6.0,inf
1,4,-0.5784641458233248,-1.6888228721328624,-0.12145544243090746,6.0,0,6.843299999999999,6.0,inf
1,5,-0.5784641458233248,-1.6888228721328624,-0.12145544243090746,6.0,0,6.843299999999999,6.0,inf
2,0,-1.110566696318685,-1.8449737237856287,0.4172803204738516,6.0,0,7.5051,6.0,inf
2,1,-1.110566696318685,-1.8449737237856287,0.4172803204738516,6.0,0,7.5051,6.0,inf
2,2,-1.110566696318685,-1.8449737237856287,0.4172803204738516,6.0,0,7.5051,6.0,inf
2,3,-1.110566696318685,-1.8449737237856287,0.4172803204738516,6.0,0,7.5051,6.0,inf
2,4,-1.110566696318685,-1.8449737237856287,0.4172803204738516,6.0,0,7.5051,6.0,inf
2,5,-1.110566696318685,-1.8449737237856287,0.4172803204738516,6.0,0,7.5051,6.0,inf
3,0,-1.1854759733023885,0.12145542578160258,-0.9168740361171507,1.2575999999999998,1,1.2575999999999998,6.0,inf
3,1,-1.1854759733023885,0.12145542578160258,-0.9168740361171507,1.2575999999999998,1,1.2575999999999998,6.0,inf
3,2,-1.1854759733023885,0.12145542578160258,-0.9168740361171507,1.2575999999999998,1,1.2575999999999998,6.0,inf
3,3,-1.1854759733023885,0.12145542578160258,-0.9168740361171507,1.2575999999999998,1,1.2575999999999998,6.0,inf
3,4,-1.1854759733023885,0.12145542578160258,-0.9168740361171507,1.2575999999999998,1,1.2575999999999998,6.0,inf
3,5,-1.1854759733023885,0.12145542578160258,-0.9168740361171507,1.2575999999999998,1,1.2575999999999998,6.0,inf
4,0,0.8114893093068102,0.6906673312380962,-0.6634489697662096,1.7868,1,1.7868,6.0,inf
4,1,0.8114893093068102,0.6906673312380962,-0.6634489697662096,1.7868,1,1.7868,6.0,inf
4,2,0.8114893093068102,0.6906673312380962,-0.6634489697662096,1.7868,1,1.7868,6.0,inf
4,3,0.8114893093068102,0.6906673312380962,-0.6634489697662096,1.7868,1,1.7868,6.0,inf
4,4,0.8114893093068102,0.6906673312380962,-0.6634489697662096,1.7868,1,1.7868,6.0,inf
4,5,0.8114893093068102,0.6906673312380962,-0.6634489697662096,1.7868,1,1.7868,6.0,inf
5,0,0.6082450084382225,-1.4083135532762054,1.581761005336378,3.8583,1,3.8583,6.0,inf
5,1,0.6082450084382225,-1.4083135532762054,1.581761005336378,3.8583,1,3.8583,6.0,inf
5,2,0.6082450084382225,-1.4083135532762054,1.581761005336378,3.8583,1,3.8583,6.0,inf
5,3,0.6082450084382225,-1.4083135532762054,1.581761005336378,3.8583,1,3.8583,6.0,inf
5,4,0.6082450084382225,-1.4083135532762054,1.581761005336378,3.8583,1,3.8583,6.0,inf
5,5,0.6082450084382225,-1.4083135532762054,1.581761005336378,3.8583,1,3.8583,6.0,inf
6,0,-1.027571578781274,0.4020870868548481,-0.3490028103625552,5.7531,1,5.7531,6.0,inf
6,1,-1.027571578781274,0.4020870868548481,-0.3490028103625552,5.7531,1,5.7531,6.0,inf
6,2,-1.027571578781274,0.4020870868548481,-0.3490028103625552,5.7531,1,5.7531,6.0,inf
6,3,-1.027571578781274,0.4020870868548481,-0.3490028103625552,5.7531,1,5.7531,6.0,inf
6,4,-1.027571578781274,0.4020870868548481,-0.3490028103625552,5.7531,1,5.7531,6.0,inf
6,5,-1.027571578781274,0.4020870868548481,-0.3490028103625552,5.7531,1,5.7531,6.0,inf
7,0,1.0840261136541511,1.9907660027933456,1.7218323263748878,0.8495999999999999,1,0.8495999999999999,6.0,inf
7,1,1.0840261136541511,1.9907660027933456,1.7218323263748878,0.8495999999999999,1,0.8495999999999999,6.0,inf
7,2,1.0840261136541511,1.9907660027933456,1.7218323263748878,0.8495999999999999,1,0.8495999999999999,6.0,inf
7,3,1.0840261136541511,1.9907660027933456,1.7218323263748878,0.8495999999999999,1,0.8495999999999999,6.0,inf
7,4,1.0840261136541511,1.9907660027933456,1.7218323263748878,0.8495999999999999,1,0.8495999999999999,6.0,inf
7,5,1.0840261136541511,1.9907660027933456,1.7218323263748878,0.8495999999999999,1,0.8495999999999999,6.0,inf
8,0,-0.49840429128028385,-0.046439397603460594,0.34735166332310885,0.49379999999999996,1,0.49379999999999996,6.0,inf
8,1,-0.49840429128028385,-0.046439397603460594,0.34735166332310885,0.49379999999999996,1,0.49379999999999996,6.0,inf
8,2,-0.49840429128028385,-0.046439397603460594,0.34735166332310885,0.49379999999999996,1,0.49379999999999996,6.0,inf
8,3,-0.49840429128028385,-0.046439397603460594,0.34735166332310885,0.49379999999999996,1,0.49379999999999996,6.0,inf
8,4,-0.49840429128028385,-0.046439397603460594,0.34735166332310885,0.49379999999999996,1,0.49379999999999996,6.0,inf
8,5,-0.49840429128028385,-0.046439397603460594,0.34735166332310885,0.49379999999999996,1,0.49379999999999996,6.0,inf
9,0,1.1185234097125747,0.43983575815144665,0.38421670430420773,2.2184999999999997,1,2.2184999999999997,6.0,inf
9,1,1.1185234097125747,0.43983575815144665,0.38421670430420773,2.2184999999999997,1,2.2184999999999997,6.0,inf
9,2,1.1185234097125747,0.43983575815144665,0.38421670430420773,2.2184999999999997,1,2.2184999999999997,6.0,inf
9,3,1.1185234097125747,0.43983575815144665,0.38421670430420773,2.2184999999999997,1,2.2184999999999997,6.0,inf
9,4,1.1185234097125747,0.43983575815144665,0.38421670430420773,2.2184999999999997,1,2.2184999999999997,6.0,inf
9,5,1.1185234097125747,0.43983575815144665,0.38421670430420773,2.2184999999999997,1,2.2184999999999997,6.0,inf
10,0,-1.2212855405648266,-0.5022217505154268,0.6168164880612181,5.0622,1,5.0622,6.0,inf
10,1,-1.2212855405648266,-0.5022217505154268,0.6168164880612181,5.0622,1,5.0622,6.0,inf
10,2,-1.2212855405648266,-0.5022217505154268,0.6168164880612181,5.0622,1,5.0622,6.0,inf
10,3,-1.2212855405648266,-0.5022217505154268,0.6168164880612181,5.0622,1,5.0622,6.0,inf
10,4,-1.2212855405648266,-0.5022217505154268,0.6168164880612181,5.0622,1,5.0622,6.0,inf
10,5,-1.2212855405648266,-0.5022217505154268,0.6168164880612181,5.0622,1,5.0622,6.0,inf
11,0,0.24010541112095166,-1.083852645620065,-1.1964191477284272,3.0971999999999995,1,3.0971999999999995,6.0,inf
11,1,0.24010541112095166,-1.083852645620065,-1.1964191477284272,3.0971999999999995,1,3.0971999999999995,6.0,inf
11,2,0.24010541112095166,-1.083852645620065,-1.1964191477284272,3.0971999999999995,1,3.0971999999999995,6.0,inf
11,3,0.24010541112095166,-1.083852645620065,-1.1964191477284272,3.0971999999999995,1,3.0971999999999995,6.0,inf
11,4,0.24010541112095166,-1.083852645620065,-1.1964191477284272,3.0971999999999995,1,3.0971999999999995,6.0,inf
11,5,0.24010541112095166,-1.083852645620065,-1.1964191477284272,3.0971999999999995,1,3.0971999999999995,6.0,inf
12,0,-1.916924278803812,-0.062421604585573616,0.058787082592894016,1.0676999999999999,1,1.0676999999999999,6.0,inf
12,1,-1.916924278803812,-0.062421604585573616,0.058787082592894016,1.0676999999999999,1,1.0676999999999999,6.0,inf
12,2,-1.916924278803812,-0.062421604585573616,0.058787082592894016,1.0676999999999999,1,1.0676999999999999,6.0,inf
12,3,-1.916924278803812,-0.062421604585573616,0.058787082592894016,1.0676999999999999,1,1.0676999999999999,6.0,inf
12,4,-1.916924278803812,-0.062421604585573616,0.058787082592894016,1.0676999999999999,1,1.0676999999999999,6.0,inf
12,5,-1.916924278803812,-0.062421604585573616,0.058787082592894016,1.0676999999999999,1,1.0676999999999999,6.0,inf
13,0,0.07203832374901481,-0.7755457460345443,1.0433024470967232,1.0196999999999998,1,1.0196999999999998,6.0,inf
13,1,0.07203832374901481,-0.7755457460345443,1.0433024470967232,1.0196999999999998,1,1.0196999999999998,6.0,inf
13,2,0.07203832374901481,-0.7755457460345443,1.0433024470967232,1.0196999999999998,1,1.0196999999999998,6.0,inf
13,3,0.07203832374901481,-0.7755457460345443,1.0433024470967232,1.0196999999999998,1,1.0196999999999998,6.0,inf
13,4,0.07203832374901481,-0.7755457460345443,1.0433024470967232,1.0196999999999998,1,1.0196999999999998,6.0,inf
13,5,0.07203832374901481,-0.7755457460345443,1.0433024470967232,1.0196999999999998,1,1.0196999999999998,6.0,inf
14,0,1.0027958171071754,-1.8131356569139694,0.17307703103930683,4.121099999999999,1,4.121099999999999,6.0,inf
14,1,1.0027958171071754,-1.8131356569139694,0.17307703103930683,4.121099999999999,1,4.121099999999999,6.0,inf
14,2,1.0027958171071754,-1.8131356569139694,0.17307703103930683,4.121099999999999,1,4.121099999999999,6.0,inf
14,3,1.0027958171071754,-1.8131356569139694,0.17307703103930683,4.121099999999999,1,4.121099999999999,6.0,inf
14,4,1.0027958171071754,-1.8131356569139694,0.17307703103930683,4.121099999999999,1,4.121099999999999,6.0,inf
14,5,1.0027958171071754,-1.8131356569139694,0.17307703103930683,4.121099999999999,1,4.121099999999999,6.0,inf
15,0,-0.0850740870902932,2.1148168759829855,-1.3376581191772476,0.5022,1,0.5022,6.0,inf
15,1,-0.0850740870902932,2.1148168759829855,-1.3376581191772476,0.5022,1,0.5022,6.0,inf
15,2,-0.0850740870902932,2.1148168759829855,-1.3376581191772476,0.5022,1,0.5022,6.0,inf
15,3,-0.0850740870902932,2.1148168759829855,-1.3376581191772476,0.5022,1,0.5022,6.0,inf
15,4,-0.0850740870902932,2.1148168759829855,-1.3376581191772476,0.5022,1,0.5022,6.0,inf
15,5,-0.0850740870902932,2.1148168759829855,-1.3376581191772476,0.5022,1,0.5022,6.0,inf
16,0,-0.7747640173483413,0.2789313403711173,1.0102080088253884,0.7439999999999999,1,0.7439999999999999,6.0,inf
16,1,-0.7747640173483413,0.2789313403711173,1.0102080088253884,0.7439999999999999,1,0.7439999999999999,6.0,inf
16,2,-0.7747640173483413,0.2789313403711173,1.0102080088253884,0.7439999999999999,1,0.7439999999999999,6.0,inf
16,3,-0.7747640173483413,0.2789313403711173,1.0102080088253884,0.7439999999999999,1,0.7439999999999999,6.0,inf
16,4,-0.7747640173483413,0.2789313403711173,1.0102080088253884,0.7439999999999999,1,0.7439999999999999,6.0,inf
16,5,-0.7747640173483413,0.2789313403711173,1.0102080088253884,0.7439999999999999,1,0.7439999999999999,6.0,inf
17,0,0.9457856573118296,0.26154599861748024,2.3776698326699464,1.0415999999999999,1,1.0415999999999999,6.0,inf
17,1,0.9457856573118296,0.26154599861748024,2.3776698326699464,1.0415999999999999,1,1.0415999999999999,6.0,inf
17,2,0.9457856573118296,0.26154599861748024,2.3776698326699464,1.0415999999999999,1,1.0415999999999999,6.0,inf
17,3,0.9457856573118296,0.26154599861748024,2.3776698326699464,1.0415999999999999,1,1.0415999999999999,6.0,inf
17,4,0.9457856573118296,0.26154599861748024,2.3776698326699464,1.0415999999999999,1,1.0415999999999999,6.0,inf
17,5,0.9457856573118296,0.26154599861748024,2.3776698326699464,1.0415999999999999,1,1.0415999999999999,6.0,inf
18,0,0.9858733788699126,-1.0005704748516469,0.7585832347957863,0.6077999999999999,1,0.6077999999999999,6.0,inf
18,1,0.9858733788699126,-1.0005704748516469,0.7585832347957863,0.6077999999999999,1,0.6077999999999999,6.0,inf
18,2,0.9858733788699126,-1.0005704748516469,0.7585832347957863,0.6077999999999999,1,0.6077999999999999,6.0,inf
18,3,0.9858733788699126,-1.0005704748516469,0.7585832347957863,0.6077999999999999,1,0.6077999999999999,6.0,inf
18,4,0.9858733788699126,-1.0005704748516469,0.7585832347957863,0.6077999999999999,1,0.6077999999999999,6.0,inf
18,5,0.9858733788699126,-1.0005704748516469,0.7585832347957863,0.6077999999999999,1,0.6077999999999999,6.0,inf
19,0,0.4745174114986194,-2.2874417203427297,0.9293258281348402,2.8244999999999996,1,2.8244999999999996,6.0,inf
19,1,0.4745174114986194,-2.2874417203427297,0.9293258281348402,2.8244999999999996,1,2.8244999999999996,6.0,inf
19,2,0.4745174114986194,-2.2874417203427297,0.9293258281348402,2.8244999999999996,1,2.8244999999999996,6.0,inf
19,3,0.4745174114986194,-2.2874417203427297,0.9293258281348402,2.8244999999999996,1,2.8244999999999996,6.0,inf
19,4,0.4745174114986194,-2.2874417203427297,0.9293258281348402,2.8244999999999996,1,2.8244999999999996,6.0,inf
19,5,0.4745174114986194,-2.2874417203427297,0.9293258281348402,2.8244999999999996,1,2.8244999999999996,6.0,inf
20,0,1.2717730534405678,-1.5734131193041752,0.7060376796961368,2.8413,1,2.8413,6.0,inf
20,1,1.2717730534405678,-1.5734131193041752,0.7060376796961368,2.8413,1,2.8413,6.0,inf
20,2,1.2717730534405678,-1.5734131193041752,0.7060376796961368,2.8413,1,2.8413,6.0,inf
20,3,1.2717730534405678,-1.5734131193041752,0.7060376796961368,2.8413,1,2.8413,6.0,inf
20,4,1.2717730534405678,-1.5734131193041752,0.7060376796961368,2.8413,1,2.8413,6.0,inf
20,5,1.2717730534405678,-1.5734131193041752,0.7060376796961368,2.8413,1,2.8413,6.0,inf
21,0,0.0062332423076013445,-1.261746023090263,1.3859500633622488,2.0382,1,2.0382,6.0,inf
21,1,0.0062332423076013445,-1.261746023090263,1.3859500633622488,2.0382,1,2.0382,6.0,inf
21,2,0.0062332423076013445,-1.261746023090263,1.3859500633622488,2.0382,1,2.0382,6.0,inf
21,3,0.0062332423076013445,-1.261746023090263,1.3859500633622488,2.0382,1,2.0382,6.0,inf
21,4,0.0062332423076013445,-1.261746023090263,1.3859500633622488,2.0382,1,2.0382,6.0,inf
21,5,0.0062332423076013445,-1.261746023090263,1.3859500633622488,2.0382,1,2.0382,6.0,inf
22,0,-0.5181941513591432,1.831508510915193,0.03044935327605442,3.1130999999999998,1,3.1130999999999998,6.0,inf
22,1,-0.5181941513591432,1.831508510915193,0.03044935327605442,3.1130999999999998,1,3.1130999999999998,6.0,inf
22,2,-0.5181941513591432,1.831508510915193,0.03044935327605442,3.1130999999999998,1,3.1130999999999998,6.0,inf
22,3,-0.5181941513591432,1.831508510915193,0.03044935327605442,3.1130999999999998,1,3.1130999999999998,6.0,inf
22,4,-0.5181941513591432,1.831508510915193,0.03044935327605442,3.1130999999999998,1,3.1130999999999998,6.0,inf
22,5,-0.5181941513591432,1.831508510915193,0.03044935327605442,3.1130999999999998,1,3.1130999999999998,6.0,inf
23,0,0.22455542728774575,0.5304673525384722,-0.6883743426863018,0.6662999999999999,1,0.6662999999999999,6.0,inf
23,1,0.22455542728774575,0.5304673525384722,-0.6883743426863018,0.6662999999999999,1,0.6662999999999999,6.0,inf
23,2,0.22455542728774575,0.5304673525384722,-0.6883743426863018,0.6662999999999999,1,0.6662999999999999,6.0,inf
23,3,0.22455542728774575,0.5304673525384722,-0.6883743426863018,0.6662999999999999,1,0.6662999999999999,6.0,inf
23,4,0.22455542728774575,0.5304673525384722,-0.6883743426863018,0.6662999999999999,1,0.6662999999999999,6.0,inf
23,5,0.22455542728774575,0.5304673525384722,-0.6883743426863018,0.6662999999999999,1,0.6662999999999999,6.0,inf
24,0,0.2839247592855155,0.4860392846376838,0.5307618693173591,0.16499999999999998,1,0.16499999999999998,6.0,inf
24,1,0.2839247592855155,0.4860392846376838,0.5307618693173591,0.16499999999999998,1,0.16499999999999998,6.0,inf
24,2,0.2839247592855155,0.4860392846376838,0.5307618693173591,0.16499999999999998,1,0.16499999999999998,6.0,inf
24,3,0.2839247592855155,0.4860392846376838,0.5307618693173591,0.16499999999999998,1,0.16499999999999998,6.0,inf
24,4,0.2839247592855155,0.4860392846376838,0.5307618693173591,0.16499999999999998,1,0.16499999999999998,6.0,inf
24,5,0.2839247592855155,0.4860392846376838,0.5307618693173591,0.16499999999999998,1,0.16499999999999998,6.0,inf
25,0,-1.3015110042503941,-1.6505353144464667,1.1466367719585802,2.0961,1,2.0961,6.0,inf
25,1,-1.3015110042503941,-1.6505353144464667,1.1466367719585802,2.0961,1,2.0961,6.0,inf
25,2,-1.3015110042503941,-1.6505353144464667,1.1466367719585802,2.0961,1,2.0961,6.0,inf
25,3,-1.3015110042503941,-1.6505353144464667,1.1466367719585802,2.0961,1,2.0961,6.0,inf
25,4,-1.3015110042503941,-1.6505353144464667,1.1466367719585802,2.0961,1,2.0961,6.0,inf
25,5,-1.3015110042503941,-1.6505353144464667,1.1466367719585802,2.0961,1,2.0961,6.0,inf
26,0,-0.33953506322694704,0.18857818623938605,-0.33550435004636114,0.2526,1,0.2526,6.0,inf
26,1,-0.33953506322694704,0.18857818623938605,-0.33550435004636114,0.2526,1,0.2526,6.0,inf
26,2,-0.33953506322694704,0.18857818623938605,-0.33550435004636114,0.2526,1,0.2526,6.0,inf
26,3,-0.33953506322694704,0.18857818623938605,-0.33550435004636114,0.2526,1,0.2526,6.0,inf
26,4,-0.33953506322694704,0.18857818623938605,-0.33550435004636114,0.2526,1,0.2526,6.0,inf
26,5,-0.33953506322694704,0.18857818623938605,-0.33550435004636114,0.2526,1,0.2526,6.0,inf
27,0,-0.9026807783359269,0.7348664631136759,-0.6853275940327929,4.0116,1,4.0116,6.0,inf
27,1,-0.9026807783359269,0.7348664631136759,-0.6853275940327929,4.0116,1,4.0116,6.0,inf
27,2,-0.9026807783359269,0.7348664631136759,-0.6853275940327929,4.0116,1,4.0116,6.0,inf
27,3,-0.9026807783359269,0.7348664631136759,-0.6853275940327929,4.0116,1,4.0116,6.0,inf
27,4,-0.9026807783359269,0.7348664631136759,-0.6853275940327929,4.0116,1,4.0116,6.0,inf
27,5,-0.9026807783359269,0.7348664631136759,-0.6853275940327929,4.0116,1,4.0116,6.0,inf
28,0,-1.2141721758881459,-0.45985933837260556,-0.36242894928032116,6.0,0,6.775799999999999,6.0,inf
28,1,-1.2141721758881459,-0.45985933837260556,-0.36242894928032116,6.0,0,6.775799999999999,6.0,inf
28,2,-1.2141721758881459,-0.45985933837260556,-0.36242894928032116,6.0,0,6.775799999999999,6.0,inf
28,3,-1.2141721758881459,-0.45985933837260556,-0.36242894928032116,6.0,0,6.775799999999999,6.0,inf
28,4,-1.2141721758881459,-0.45985933837260556,-0.36242894928032116,6.0,0,6.775799999999999,6.0,inf
28,5,-1.2141721758881459,-0.45985933837260556,-0.36242894928032116,6.0,0,6.775799999999999,6.0,inf
29,0,-1.7904855396891042,0.23919381157178096,0.013918930197559767,1.8530999999999997,1,1.8530999999999997,6.0,inf
29,1,-1.7904855396891042,0.23919381157178096,0.013918930197559767,1.8530999999999997,1,1.8530999999999997,6.0,inf
29,2,-1.7904855396891042,0.23919381157178096,0.013918930197559767,1.8530999999999997,1,1.8530999999999997,6.0,inf
29,3,-1.7904855396891042,0.23919381157178096,0.013918930197559767,1.8530999999999997,1,1.8530999999999997,6.0,inf
29,4,-1.7904855396891042,0.23919381157178096,0.013918930197559767,1.8530999999999997,1,1.8530999999999997,6.0,inf
29,5,-1.7904855396891042,0.23919381157178096,0.013918930197559767,1.8530999999999997,1,1.8530999999999997,6.0,inf
30,0,-0.9947554103702968,-1.1547080799644356,0.7347778451192999,5.8412999999999995,1,5.8412999999999995,6.0,inf
30,1,-0.9947554103702968,-1.1547080799644356,0.7347778451192999,5.8412999999999995,1,5.8412999999999995,6.0,inf
30,2,-0.9947554103702968,-1.1547080799644356,0.7347778451192999,5.8412999999999995,1,5.8412999999999995,6.0,inf
30,3,-0.9947554103702968,-1.1547080799644356,0.7347778451192999,5.8412999999999995,1,5.8412999999999995,6.0,inf
30,4,-0.9947554103702968,-1.1547080799644356,0.7347778451192999,5.8412999999999995,1,5.8412999999999995,6.0,inf
30,5,-0.9947554103702968,-1.1547080799644356,0.7347778451192999,5.8412999999999995,1,5.8412999999999995,6.0,inf
31,0,1.3051813272023893,1.425499653431247,-1.6423046873138285,2.8017,1,2.8017,6.0,inf
31,1,1.3051813272023893,1.425499653431247,-1.6423046873138285,2.8017,1,2.8017,6.0,inf
31,2,1.3051813272023893,1.425499653431247,-1.6423046873138285,2.8017,1,2.8017,6.0,inf
31,3,1.3051813272023893,1.425499653431247,-1.6423046873138285,2.8017,1,2.8017,6.0,inf
31,4,1.3051813272023893,1.425499653431247,-1.6423046873138285,2.8017,1,2.8017,6.0,inf
31,5,1.3051813272023893,1.425499653431247,-1.6423046873138285,2.8017,1,2.8017,6.0,inf
32,0,-0.3530249481051627,-0.627483049995686,0.9328890420929212,5.0016,1,5.0016,6.0,inf
32,1,-0.3530249481051627,-0.627483049995686,0.9328890420929212,5.0016,1,5.0016,6.0,inf
32,2,-0.3530249481051627,-0.627483049995686,0.9328890420929212,5.0016,1,5.0016,6.0,inf
32,3,-0.3530249481051627,-0.627483049995686,0.9328890420929212,5.0016,1,5.0016,6.0,inf
32,4,-0.3530249481051627,-0.627483049995686,0.9328890420929212,5.0016,1,5.0016,6.0,inf
32,5,-0.3530249481051627,-0.627483049995686,0.9328890420929212,5.0016,1,5.0016,6.0,inf
33,0,-1.771728191102346,0.6058063706792631,1.7288880618491806,4.684799999999999,1,4.684799999999999,6.0,inf
33,1,-1.771728191102346,0.6058063706792631,1.7288880618491806,4.684799999999999,1,4.684799999999999,6.0,inf
33,2,-1.771728191102346,0.6058063706792631,1.7288880618491806,4.684799999999999,1,4.684799999999999,6.0,inf
33,3,-1.771728191102346,0.6058063706792631,1.7288880618491806,4.684799999999999,1,4.684799999999999,6.0,inf
33,4,-1.771728191102346,0.6058063706792631,1.7288880618491806,4.684799999999999,1,4.684799999999999,6.0,inf
33,5,-1.771728191102346,0.6058063706792631,1.7288880618491806,4.684799999999999,1,4.684799999999999,6.0,inf
34,0,-1.1151199240103926,1.125098186771688,0.0940059725364323,1.0992,1,1.0992,6.0,inf
34,1,-1.1151199240103926,1.125098186771688,0.0940059725364323,1.0992,1,1.0992,6.0,inf
34,2,-1.1151199240103926,1.125098186771688,0.0940059725364323,1.0992,1,1.0992,6.0,inf
34,3,-1.1151199240103926,1.125098186771688,0.0940059725364323,1.0992,1,1.0992,6.0,inf
34,4,-1.1151199240103926,1.125098186771688,0.0940059725364323,1.0992,1,1.0992,6.0,inf
34,5,-1.1151199240103926,1.125098186771688,0.0940059725364323,1.0992,1,1.0992,6.0,inf
35,0,1.4722840581060543,-0.6506684795544224,0.9926953466887553,0.6102,1,0.6102,6.0,inf
35,1,1.4722840581060543,-0.6506684795544224,0.9926953466887553,0.6102,1,0.6102,6.0,inf
35,2,1.4722840581060543,-0.6506684795544224,0.9926953466887553,0.6102,1,0.6102,6.0,inf
35,3,1.4722840581060543,-0.6506684795544224,0.9926953466887553,0.6102,1,0.6102,6.0,inf
35,4,1.4722840581060543,-0.6506684795544224,0.9926953466887553,0.6102,1,0.6102,6.0,inf
35,5,1.4722840581060543,-0.6506684795544224,0.9926953466887553,0.6102,1,0.6102,6.0,inf
36,0,0.7216943552976423,-1.456695499223652,-1.2038004947376622,3.8348999999999998,1,3.8348999999999998,6.0,inf
36,1,0.7216943552976423,-1.456695499223652,-1.2038004947376622,3.8348999999999998,1,3.8348999999999998,6.0,inf
36,2,0.7216943552976423,-1.456695499223652,-1.2038004947376622,3.8348999999999998,1,3.8348999999999998,6.0,inf
36,3,0.7216943552976423,-1.456695499223652,-1.2038004947376622,3.8348999999999998,1,3.8348999999999998,6.0,inf
36,4,0.7216943552976423,-1.456695499223652,-1.2038004947376622,3.8348999999999998,1,3.8348999999999998,6.0,inf
36,5,0.7216943552976423,-1.456695499223652,-1.2038004947376622,3.8348999999999998,1,3.8348999999999998,6.0,inf
37,0,-0.10522874074268661,1.4938447963113055,-0.6688975019399682,3.1748999999999996,1,3.1748999999999996,6.0,inf
37,1,-0.10522874074268661,1.4938447963113055,-0.6688975019399682,3.1748999999999996,1,3.1748999999999996,6.0,inf
37,2,-0.10522874074268661,1.4938447963113055,-0.6688975019399682,3.1748999999999996,1,3.1748999999999996,6.0,inf
37,3,-0.10522874074268661,1.4938447963113055,-0.6688975019399682,3.1748999999999996,1,3.1748999999999996,6.0,inf
37,4,-0.10522874074268661,1.4938447963113055,-0.6688975019399682,3.1748999999999996,1,3.1748999999999996,6.0,inf
37,5,-0.10522874074268661,1.4938447963113055,-0.6688975019399682,3.1748999999999996,1,3.1748999999999996,6.0,inf
38,0,0.5095595819243574,-0.31761044466348626,-0.8921335748715608,3.4991999999999996,1,3.4991999999999996,6.0,inf
38,1,0.5095595819243574,-0.31761044466348626,-0.8921335748715608,3.4991999999999996,1,3.4991999999999996,6.0,inf
38,2,0.5095595819243574,-0.31761044466348626,-0.8921335748715608,3.4991999999999996,1,3.4991999999999996,6.0,inf
38,3,0.5095595819243574,-0.31761044466348626,-0.8921335748715608,3.4991999999999996,1,3.4991999999999996,6.0,inf
38,4,0.5095595819243574,-0.31761044466348626,-0.8921335748715608,3.4991999999999996,1,3.4991999999999996,6.0,inf
38,5,0.5095595819243574,-0.31761044466348626,-0.8921335748715608,3.4991999999999996,1,3.4991999999999996,6.0,inf
39,0,-0.43384565411132836,-0.46080593956338334,0.10918329960338391,3.4269,1,3.4269,6.0,inf
39,1,-0.43384565411132836,-0.46080593956338334,0.10918329960338391,3.4269,1,3.4269,6.0,inf
39,2,-0.43384565411132836,-0.46080593956338334,0.10918329960338391,3.4269,1,3.4269,6.0,inf
39,3,-0.43384565411132836,-0.46080593956338334,0.10918329960338391,3.4269,1,3.4269,6.0,inf
39,4,-0.43384565411132836,-0.46080593956338334,0.10918329960338391,3.4269,1,3.4269,6.0,inf
39,5,-0.43384565411132836,-0.46080593956338334,0.10918329960338391,3.4269,1,3.4269,6.0,inf
40,0,-0.16275591152047206,-0.07311815196358176,-0.23695901091418586,3.2918999999999996,1,3.2918999999999996,6.0,inf
40,1,-0.16275591152047206,-0.07311815196358176,-0.23695901091418586,3.2918999999999996,1,3.2918999999999996,6.0,inf
40,2,-0.16275591152047206,-0.07311815196358176,-0.23695901091418586,3.2918999999999996,1,3.2918999999999996,6.0,inf
40,3,-0.16275591152047206,-0.07311815196358176,-0.23695901091418586,3.2918999999999996,1,3.2918999999999996,6.0,inf
40,4,-0.16275591152047206,-0.07311815196358176,-0.23695901091418586,3.2918999999999996,1,3.2918999999999996,6.0,inf
40,5,-0.16275591152047206,-0.07311815196358176,-0.23695901091418586,3.2918999999999996,1,3.2918999999999996,6.0,inf
41,0,0.8554416215334005,0.6971218817141687,0.5574022529691678,2.0328,1,2.0328,6.0,inf
41,1,0.8554416215334005,0.6971218817141687,0.5574022529691678,2.0328,1,2.0328,6.0,inf
41,2,0.8554416215334005,0.6971218817141687,0.5574022529691678,2.0328,1,2.0328,6.0,inf
41,3,0.8554416215334005,0.6971218817141687,0.5574022529691678,2.0328,1,2.0328,6.0,inf
41,4,0.8554416215334005,0.6971218817141687,0.5574022529691678,2.0328,1,2.0328,6.0,inf
41,5,0.8554416215334005,0.6971218817141687,0.5574022529691678,2.0328,1,2.0328,6.0,inf
42,0,0.7424632841379633,-2.363565630108807,0.307961021182878,4.1697,1,4.1697,6.0,inf
42,1,0.7424632841379633,-2.363565630108807,0.307961021182878,4.1697,1,4.1697,6.0,inf
42,2,0.7424632841379633,-2.363565630108807,0.307961021182878,4.1697,1,4.1697,6.0,inf
42,3,0.7424632841379633,-2.363565630108807,0.307961021182878,4.1697,1,4.1697,6.0,inf
42,4,0.7424632841379633,-2.363565630108807,0.307961021182878,4.1697,1,4.1697,6.0,inf
42,5,0.7424632841379633,-2.363565630108807,0.307961021182878,4.1697,1,4.1697,6.0,inf
43,0,-0.2162181958220018,-1.0588380372409487,-0.2841599478751345,1.0908,1,1.0908,6.0,inf
43,1,-0.2162181958220018,-1.0588380372409487,-0.2841599478751345,1.0908,1,1.0908,6.0,inf
43,2,-0.2162181958220018,-1.0588380372409487,-0.2841599478751345,1.0908,1,1.0908,6.0,inf
43,3,-0.2162181958220018,-1.0588380372409487,-0.2841599478751345,1.0908,1,1.0908,6.0,inf
43,4,-0.2162181958220018,-1.0588380372409487,-0.2841599478751345,1.0908,1,1.0908,6.0,inf
43,5,-0.2162181958220018,-1.0588380372409487,-0.2841599478751345,1.0908,1,1.0908,6.0,inf
44,0,0.38101442134905505,0.5012079327048365,0.8050479971393324,1.7834999999999999,1,1.7834999999999999,6.0,inf
44,1,0.38101442134905505,0.5012079327048365,0.8050479971393324,1.7834999999999999,1,1.7834999999999999,6.0,inf
44,2,0.38101442134905505,0.5012079327048365,0.8050479971393324,1.7834999999999999,1,1.7834999999999999,6.0,inf
44,3,0.38101442134905505,0.5012079327048365,0.8050479971393324,1.7834999999999999,1,1.7834999999999999,6.0,inf
44,4,0.38101442134905505,0.5012079327048365,0.8050479971393324,1.7834999999999999,1,1.7834999999999999,6.0,inf
44,5,0.38101442134905505,0.5012079327048365,0.8050479971393324,1.7834999999999999,1,1.7834999999999999,6.0,inf
45,0,-0.3046921830727152,0.5809894382908314,-1.538992863583796,6.0,0,7.5809999999999995,6.0,inf
45,1,-0.3046921830727152,0.5809894382908314,-1.538992863583796,6.0,0,7.5809999999999995,6.0,inf
45,2,-0.3046921830727152,0.5809894382908314,-1.538992863583796,6.0,0,7.5809999999999995,6.0,inf
45,3,-0.3046921830727152,0.5809894382908314,-1.538992863583796,6.0,0,7.5809999999999995,6.0,inf
45,4,-0.3046921830727152,0.5809894382908314,-1.538992863583796,6.0,0,7.5809999999999995,6.0,inf
45,5,-0.3046921830727152,0.5809894382908314,-1.538992863583796,6.0,0,7.5809999999999995,6.0,inf
46,0,-0.059616082072217316,1.6157527325577892,-1.493383868172672,2.6376,1,2.6376,6.0,inf
46,1,-0.059616082072217316,1.6157527325577892,-1.493383868172672,2.6376,1,2.6376,6.0,inf
46,2,-0.059616082072217316,1.6157527325577892,-1.493383868172672,2.6376,1,2.6376,6.0,inf
46,3,-0.059616082072217316,1.6157527325577892,-1.493383868172672,2.6376,1,2.6376,6.0,inf
46,4,-0.059616082072217316,1.6157527325577892,-1.493383868172672,2.6376,1,2.6376,6.0,inf
46,5,-0.059616082072217316,1.6157527325577892,-1.493383868172672,2.6376,1,2.6376,6.0,inf
47,0,-0.012686262318141621,0.2552952194818667,0.04579423368676217,4.128299999999999,1,4.128299999999999,6.0,inf
47,1,-0.012686262318141621,0.2552952194818667,0.04579423368676217,4.128299999999999,1,4.128299999999999,6.0,inf
47,2,-0.012686262318141621,0.2552952194818667,0.04579423368676217,4.128299999999999,1,4.128299999999999,6.0,inf
47,3,-0.012686262318141621,0.2552952194818667,0.04579423368676217,4.128299999999999,1,4.128299999999999,6.0,inf
47,4,-0.012686262318141621,0.2552952194818667,0.04579423368676217,4.128299999999999,1,4.128299999999999,6.0,inf
47,5,-0.012686262318141621,0.2552952194818667,0.04579423368676217,4.128299999999999,1,4.128299999999999,6.0,inf
48,0,1.4346916626123905,-0.9713866244511663,0.7438753504686805,3.6683999999999997,1,3.6683999999999997,6.0,inf
48,1,1.4346916626123905,-0.9713866244511663,0.7438753504686805,3.6683999999999997,1,3.6683999999999997,6.0,inf
48,2,1.4346916626123905,-0.9713866244511663,0.7438753504686805,3.6683999999999997,1,3.6683999999999997,6.0,inf
48,3,1.4346916626123905,-0.9713866244511663,0.7438753504686805,3.6683999999999997,1,3.6683999999999997,6.0,inf
48,4,1.4346916626123905,-0.9713866244511663,0.7438753504686805,3.6683999999999997,1,3.6683999999999997,6.0,inf
48,5,1.4346916626123905,-0.9713866244511663,0.7438753504686805,3.6683999999999997,1,3.6683999999999997,6.0,inf
49,0,-0.20377115645309885,0.8907779672596453,1.30432174890008,1.0958999999999999,1,1.0958999999999999,6.0,inf
49,1,-0.20377115645309885,0.8907779672596453,1.30432174890008,1.0958999999999999,1,1.0958999999999999,6.0,inf
49,2,-0.20377115645309885,0.8907779672596453,1.30432174890008,1.0958999999999999,1,1.0958999999999999,6.0,inf
49,3,-0.20377115645309885,0.8907779672596453,1.30432174890008,1.0958999999999999,1,1.0958999999999999,6.0,inf
49,4,-0.20377115645309885,0.8907779672596453,1.30432174890008,1.0958999999999999,1,1.0958999999999999,6.0,inf
49,5,-0.20377115645309885,0.8907779672596453,1.30432174890008,1.0958999999999999,1,1.0958999999999999,6.0,inf
50,0,0.9491655981576297,0.5073159392335149,-0.27919407087351295,2.1129,1,2.1129,6.0,inf
50,1,0.9491655981576297,0.5073159392335149,-0.27919407087351295,2.1129,1,2.1129,6.0,inf
50,2,0.9491655981576297,0.5073159392335149,-0.27919407087351295,2.1129,1,2.1129,6.0,inf
50,3,0.9491655981576297,0.5073159392335149,-0.27919407087351295,2.1129,1,2.1129,6.0,inf
50,4,0.9491655981576297,0.5073159392335149,-0.27919407087351295,2.1129,1,2.1129,6.0,inf
50,5,0.9491655981576297,0.5073159392335149,-0.27919407087351295,2.1129,1,2.1129,6.0,inf
51,0,0.4526859731863929,-0.5057603781278512,0.7612546946452835,0.717,1,0.717,6.0,inf
51,1,0.4526859731863929,-0.5057603781278512,0.7612546946452835,0.717,1,0.717,6.0,inf
51,2,0.4526859731863929,-0.5057603781278512,0.7612546946452835,0.717,1,0.717,6.0,inf
51,3,0.4526859731863929,-0.5057603781278512,0.7612546946452835,0.717,1,0.717,6.0,inf
51,4,0.4526859731863929,-0.5057603781278512,0.7612546946452835,0.717,1,0.717,6.0,inf
51,5,0.4526859731863929,-0.5057603781278512,0.7612546946452835,0.717,1,0.717,6.0,inf
52,0,-1.8818105725006253,1.8695361914428108,0.7453548664406321,5.240399999999999,1,5.240399999999999,6.0,inf
52,1,-1.8818105725006253,1.8695361914428108,0.7453548664406321,5.240399999999999,1,5.240399999999999,6.0,inf
52,2,-1.8818105725006253,1.8695361914428108,0.7453548664406321,5.240399999999999,1,5.240399999999999,6.0,inf
52,3,-1.8818105725006253,1.8695361914428108,0.7453548664406321,5.240399999999999,1,5.240399999999999,6.0,inf
52,4,-1.8818105725006253,1.8695361914428108,0.7453548664406321,5.240399999999999,1,5.240399999999999,6.0,inf
52,5,-1.8818105725006253,1.8695361914428108,0.7453548664406321,5.240399999999999,1,5.240399999999999,6.0,inf
53,0,-0.0802930925282328,-2.136559355921657,-1.4923539954533291,4.600199999999999,1,4.600199999999999,6.0,inf
53,1,-0.0802930925282328,-2.136559355921657,-1.4923539954533291,4.600199999999999,1,4.600199999999999,6.0,inf
53,2,-0.0802930925282328,-2.136559355921657,-1.4923539954533291,4.600199999999999,1,4.600199999999999,6.0,inf
53,3,-0.0802930925282328,-2.136559355921657,-1.4923539954533291,4.600199999999999,1,4.600199999999999,6.0,inf
53,4,-0.0802930925282328,-2.136559355921657,-1.4923539954533291,4.600199999999999,1,4.600199999999999,6.0,inf
53,5,-0.0802930925282328,-2.136559355921657,-1.4923539954533291,4.600199999999999,1,4.600199999999999,6.0,inf
54,0,-1.2950488732006318,-0.5357417277885201,0.2357555162356484,6.0,0,7.195499999999999,6.0,inf
54,1,-1.2950488732006318,-0.5357417277885201,0.2357555162356484,6.0,0,7.195499999999999,6.0,inf
54,2,-1.2950488732006318,-0.5357417277885201,0.2357555162356484,6.0,0,7.195499999999999,6.0,inf
54,3,-1.2950488732006318,-0.5357417277885201,0.2357555162356484,6.0,0,7.195499999999999,6.0,inf
54,4,-1.2950488732006318,-0.5357417277885201,0.2357555162356484,6.0,0,7.195499999999999,6.0,inf
54,5,-1.2950488732006318,-0.5357417277885201,0.2357555162356484,6.0,0,7.195499999999999,6.0,inf
55,0,0.4456634726340389,-0.1413443784077111,-0.35757539829806145,0.5196,1,0.5196,6.0,inf
55,1,0.4456634726340389,-0.1413443784077111,-0.35757539829806145,0.5196,1,0.5196,6.0,inf
55,2,0.4456634726340389,-0.1413443784077111,-0.35757539829806145,0.5196,1,0.5196,6.0,inf
55,3,0.4456634726340389,-0.1413443784077111,-0.35757539829806145,0.5196,1,0.5196,6.0,inf
55,4,0.4456634726340389,-0.1413443784077111,-0.35757539829806145,0.5196,1,0.5196,6.0,inf
55,5,0.4456634726340389,-0.1413443784077111,-0.35757539829806145,0.5196,1,0.5196,6.0,inf
56,0,1.3785945548257608,1.3310999415272753,-0.08531343392722691,2.25,1,2.25,6.0,inf
56,1,1.3785945548257608,1.3310999415272753,-0.08531343392722691,2.25,1,2.25,6.0,inf
56,2,1.3785945548257608,1.3310999415272753,-0.08531343392722691,2.25,1,2.25,6.0,inf
56,3,1.3785945548257608,1.3310999415272753,-0.08531343392722691,2.25,1,2.25,6.0,inf
56,4,1.3785945548257608,1.3310999415272753,-0.08531343392722691,2.25,1,2.25,6.0,inf
56,5,1.3785945548257608,1.3310999415272753,-0.08531343392722691,2.25,1,2.25,6.0,inf
57,0,1.2988231536401238,-0.663210465198079,0.2950398990240375,3.7808999999999995,1,3.7808999999999995,6.0,inf
57,1,1.2988231536401238,-0.663210465198079,0.2950398990240375,3.7808999999999995,1,3.7808999999999995,6.0,inf
57,2,1.2988231536401238,-0.663210465198079,0.2950398990240375,3.7808999999999995,1,3.7808999999999995,6.0,inf
57,3,1.2988231536401238,-0.663210465198079,0.2950398990240375,3.7808999999999995,1,3.7808999999999995,6.0,inf
57,4,1.2988231536401238,-0.663210465198079,0.2950398990240375,3.7808999999999995,1,3.7808999999999995,6.0,inf
57,5,1.2988231536401238,-0.663210465198079,0.2950398990240375,3.7808999999999995,1,3.7808999999999995,6.0,inf
58,0,-1.5862187411593613,0.20988039466609376,0.43440094636598225,6.0,0,6.1011,6.0,inf
58,1,-1.5862187411593613,0.20988039466609376,0.43440094636598225,6.0,0,6.1011,6.0,inf
58,2,-1.5862187411593613,0.20988039466609376,0.43440094636598225,6.0,0,6.1011,6.0,inf
58,3,-1.5862187411593613,0.20988039466609376,0.43440094636598225,6.0,0,6.1011,6.0,inf
58,4,-1.5862187411593613,0.20988039466609376,0.43440094636598225,6.0,0,6.1011,6.0,inf
58,5,-1.5862187411593613,0.20988039466609376,0.43440094636598225,6.0,0,6.1011,6.0,inf
59,0,0.44017956374433653,-0.050156895499944926,-0.5158920531019991,1.8014999999999999,1,1.8014999999999999,6.0,inf
59,1,0.44017956374433653,-0.050156895499944926,-0.5158920531019991,1.8014999999999999,1,1.8014999999999999,6.0,inf
59,2,0.44017956374433653,-0.050156895499944926,-0.5158920531019991,1.8014999999999999,1,1.8014999999999999,6.0,inf
59,3,0.44017956374433653,-0.050156895499944926,-0.5158920531019991,1.8014999999999999,1,1.8014999999999999,6.0,inf
59,4,0.44017956374433653,-0.050156895499944926,-0.5158920531019991,1.8014999999999999,1,1.8014999999999999,6.0,inf
59,5,0.44017956374433653,-0.050156895499944926,-0.5158920531019991,1.8014999999999999,1,1.8014999999999999,6.0,inf
60,0,-0.37966668781798757,-1.3076920887491428,-1.3464431951560816,3.0551999999999997,1,3.0551999999999997,6.0,inf
60,1,-0.37966668781798757,-1.3076920887491428,-1.3464431951560816,3.0551999999999997,1,3.0551999999999997,6.0,inf
60,2,-0.37966668781798757,-1.3076920887491428,-1.3464431951560816,3.0551999999999997,1,3.0551999999999997,6.0,inf
60,3,-0.37966668781798757,-1.3076920887491428,-1.3464431951560816,3.0551999999999997,1,3.0551999999999997,6.0,inf
60,4,-0.37966668781798757,-1.3076920887491428,-1.3464431951560816,3.0551999999999997,1,3.0551999999999997,6.0,inf
60,5,-0.37966668781798757,-1.3076920887491428,-1.3464431951560816,3.0551999999999997,1,3.0551999999999997,6.0,inf
61,0,-0.7492423154642887,-1.4181458392285378,-1.1722108852944892,6.0,0,6.404999999999999,6.0,inf
61,1,-0.7492423154642887,-1.4181458392285378,-1.1722108852944892,6.0,0,6.404999999999999,6.0,inf
61,2,-0.7492423154642887,-1.4181458392285378,-1.1722108852944892,6.0,0,6.404999999999999,6.0,inf
61,3,-0.7492423154642887,-1.4181458392285378,-1.1722108852944892,6.0,0,6.404999999999999,6.0,inf
61,4,-0.7492423154642887,-1.4181458392285378,-1.1722108852944892,6.0,0,6.404999999999999,6.0,inf
61,5,-0.7492423154642887,-1.4181458392285378,-1.1722108852944892,6.0,0,6.404999999999999,6.0,inf
62,0,0.39303708409133653,-0.5572561537564955,0.5557609476543025,1.5291,1,1.5291,6.0,inf
62,1,0.39303708409133653,-0.5572561537564955,0.5557609476543025,1.5291,1,1.5291,6.0,inf
62,2,0.39303708409133653,-0.5572561537564955,0.5557609476543025,1.5291,1,1.5291,6.0,inf
62,3,0.39303708409133653,-0.5572561537564955,0.5557609476543025,1.5291,1,1.5291,6.0,inf
62,4,0.39303708409133653,-0.5572561537564955,0.5557609476543025,1.5291,1,1.5291,6.0,inf
62,5,0.39303708409133653,-0.5572561537564955,0.5557609476543025,1.5291,1,1.5291,6.0,inf
63,0,0.27120563717108487,-0.04635672732424885,0.5383952883200326,1.146,1,1.146,6.0,inf
63,1,0.27120563717108487,-0.04635672732424885,0.5383952883200326,1.146,1,1.146,6.0,inf
63,2,0.27120563717108487,-0.04635672732424885,0.5383952883200326,1.146,1,1.146,6.0,inf
63,3,0.27120563717108487,-0.04635672732424885,0.5383952883200326,1.146,1,1.146,6.0,inf
63,4,0.27120563717108487,-0.04635672732424885,0.5383952883200326,1.146,1,1.146,6.0,inf
63,5,0.27120563717108487,-0.04635672732424885,0.5383952883200326,1.146,1,1.146,6.0,inf
64,0,0.5757102775985026,0.9161306873884495,-1.2116173651165618,0.22379999999999997,1,0.22379999999999997,6.0,inf
64,1,0.5757102775985026,0.9161306873884495,-1.2116173651165618,0.22379999999999997,1,0.22379999999999997,6.0,inf
64,2,0.5757102775985026,0.9161306873884495,-1.2116173651165618,0.22379999999999997,1,0.22379999999999997,6.0,inf
64,3,0.5757102775985026,0.9161306873884495,-1.2116173651165618,0.22379999999999997,1,0.22379999999999997,6.0,inf
64,4,0.5757102775985026,0.9161306873884495,-1.2116173651165618,0.22379999999999997,1,0.22379999999999997,6.0,inf
64,5,0.5757102775985026,0.9161306873884495,-1.2116173651165618,0.22379999999999997,1,0.22379999999999997,6.0,inf
65,0,0.9469485813944588,-0.7101313860838531,0.622633471705946,1.8396,1,1.8396,6.0,inf
65,1,0.9469485813944588,-0.7101313860838531,0.622633471705946,1.8396,1,1.8396,6.0,inf
65,2,0.9469485813944588,-0.7101313860838531,0.622633471705946,1.8396,1,1.8396,6.0,inf
65,3,0.9469485813944588,-0.7101313860838531,0.622633471705946,1.8396,1,1.8396,6.0,inf
65,4,0.9469485813944588,-0.7101313860838531,0.622633471705946,1.8396,1,1.8396,6.0,inf
65,5,0.9469485813944588,-0.7101313860838531,0.622633471705946,1.8396,1,1.8396,6.0,inf
66,0,0.48469744114969415,0.554629715726663,-0.41431030868868457,1.2405,1,1.2405,6.0,inf
66,1,0.48469744114969415,0.554629715726663,-0.41431030868868457,1.2405,1,1.2405,6.0,inf
66,2,0.48469744114969415,0.554629715726663,-0.41431030868868457,1.2405,1,1.2405,6.0,inf
66,3,0.48469744114969415,0.554629715726663,-0.41431030868868457,1.2405,1,1.2405,6.0,inf
66,4,0.48469744114969415,0.554629715726663,-0.41431030868868457,1.2405,1,1.2405,6.0,inf
66,5,0.48469744114969415,0.554629715726663,-0.41431030868868457,1.2405,1,1.2405,6.0,inf
67,0,1.202335354350316,0.7954935663684614,1.3054108295933955,1.1034,1,1.1034,6.0,inf
67,1,1.202335354350316,0.7954935663684614,1.3054108295933955,1.1034,1,1.1034,6.0,inf
67,2,1.202335354350316,0.7954935663684614,1.3054108295933955,1.1034,1,1.1034,6.0,inf
67,3,1.202335354350316,0.7954935663684614,1.3054108295933955,1.1034,1,1.1034,6.0,inf
67,4,1.202335354350316,0.7954935663684614,1.3054108295933955,1.1034,1,1.1034,6.0,inf
67,5,1.202335354350316,0.7954935663684614,1.3054108295933955,1.1034,1,1.1034,6.0,inf
68,0,-0.07760861707479409,0.2529642793827971,-1.119693525885761,0.7376999999999999,1,0.7376999999999999,6.0,inf
68,1,-0.07760861707479409,0.2529642793827971,-1.119693525885761,0.7376999999999999,1,0.7376999999999999,6.0,inf
68,2,-0.07760861707479409,0.2529642793827971,-1.119693525885761,0.7376999999999999,1,0.7376999999999999,6.0,inf
68,3,-0.07760861707479409,0.2529642793827971,-1.119693525885761,0.7376999999999999,1,0.7376999999999999,6.0,inf
68,4,-0.07760861707479409,0.2529642793827971,-1.119693525885761,0.7376999999999999,1,0.7376999999999999,6.0,inf
68,5,-0.07760861707479409,0.2529642793827971,-1.119693525885761,0.7376999999999999,1,0.7376999999999999,6.0,inf
69,0,-1.8884119260722259,-0.27268489367501236,0.2276070977718516,1.3212,1,1.3212,6.0,inf
69,1,-1.8884119260722259,-0.27268489367501236,0.2276070977718516,1.3212,1,1.3212,6.0,inf
69,2,-1.8884119260722259,-0.27268489367501236,0.2276070977718516,1.3212,1,1.3212,6.0,inf
69,3,-1.8884119260722259,-0.27268489367501236,0.2276070977718516,1.3212,1,1.3212,6.0,inf
69,4,-1.8884119260722259,-0.27268489367501236,0.2276070977718516,1.3212,1,1.3212,6.0,inf
69,5,-1.8884119260722259,-0.27268489367501236,0.2276070977718516,1.3212,1,1.3212,6.0,inf
70,0,0.10244066191890427,0.017003167150989092,1.0256368502613553,1.3437,1,1.3437,6.0,inf
70,1,0.10244066191890427,0.017003167150989092,1.0256368502613553,1.3437,1,1.3437,6.0,inf
70,2,0.10244066191890427,0.017003167150989092,1.0256368502613553,1.3437,1,1.3437,6.0,inf
70,3,0.10244066191890427,0.017003167150989092,1.0256368502613553,1.3437,1,1.3437,6.0,inf
70,4,0.10244066191890427,0.017003167150989092,1.0256368502613553,1.3437,1,1.3437,6.0,inf
70,5,0.10244066191890427,0.017003167150989092,1.0256368502613553,1.3437,1,1.3437,6.0,inf
71,0,0.10469917902879795,-0.9635612138236044,0.3689600016812263,1.5743999999999998,1,1.5743999999999998,6.0,inf
71,1,0.10469917902879795,-0.9635612138236044,0.3689600016812263,1.5743999999999998,1,1.5743999999999998,6.0,inf
71,2,0.10469917902879795,-0.9635612138236044,0.3689600016812263,1.5743999999999998,1,1.5743999999999998,6.0,inf
71,3,0.10469917902879795,-0.9635612138236044,0.3689600016812263,1.5743999999999998,1,1.5743999999999998,6.0,inf
71,4,0.10469917902879795,-0.9635612138236044,0.3689600016812263,1.5743999999999998,1,1.5743999999999998,6.0,inf
71,5,0.10469917902879795,-0.9635612138236044,0.3689600016812263,1.5743999999999998,1,1.5743999999999998,6.0,inf
72,0,-0.8518778177796382,-0.9552215137970598,-0.7673780890199763,0.33749999999999997,1,0.33749999999999997,6.0,inf
72,1,-0.8518778177796382,-0.9552215137970598,-0.7673780890199763,0.33749999999999997,1,0.33749999999999997,6.0,inf
72,2,-0.8518778177796382,-0.9552215137970598,-0.7673780890199763,0.33749999999999997,1,0.33749999999999997,6.0,inf
72,3,-0.8518778177796382,-0.9552215137970598,-0.7673780890199763,0.33749999999999997,1,0.33749999999999997,6.0,inf
72,4,-0.8518778177796382,-0.9552215137970598,-0.7673780890199763,0.33749999999999997,1,0.33749999999999997,6.0,inf
72,5,-0.8518778177796382,-0.9552215137970598,-0.7673780890199763,0.33749999999999997,1,0.33749999999999997,6.0,inf
73,0,-0.8588017535392087,-0.9035682736819401,-0.4254529409086535,6.0,0,8.0001,6.0,inf
73,1,-0.8588017535392087,-0.9035682736819401,-0.4254529409086535,6.0,0,8.0001,6.0,inf
73,2,-0.8588017535392087,-0.9035682736819401,-0.4254529409086535,6.0,0,8.0001,6.0,inf
73,3,-0.8588017535392087,-0.9035682736819401,-0.4254529409086535,6.0,0,8.0001,6.0,inf
73,4,-0.8588017535392087,-0.9035682736819401,-0.4254529409086535,6.0,0,8.0001,6.0,inf
73,5,-0.8588017535392087,-0.9035682736819401,-0.4254529409086535,6.0,0,8.0001,6.0,inf
74,0,-0.853139538310828,-0.5441082471006584,1.593982245772696,4.5,1,4.5,6.0,inf
74,1,-0.853139538310828,-0.5441082471006584,1.593982245772696,4.5,1,4.5,6.0,inf
74,2,-0.853139538310828,-0.5441082471006584,1.593982245772696,4.5,1,4.5,6.0,inf
74,3,-0.853139538310828,-0.5441082471006584,1.593982245772696,4.5,1,4.5,6.0,inf
74,4,-0.853139538310828,-0.5441082471006584,1.593982245772696,4.5,1,4.5,6.0,inf
74,5,-0.853139538310828,-0.5441082471006584,1.593982245772696,4.5,1,4.5,6.0,inf
75,0,-1.1394706695622563,-0.28332834968305914,-0.05109771657748967,6.0,0,8.0001,6.0,inf
75,1,-1.1394706695622563,-0.28332834968305914,-0.05109771657748967,6.0,0,8.0001,6.0,inf
75,2,-1.1394706695622563,-0.28332834968305914,-0.05109771657748967,6.0,0,8.0001,6.0,inf
75,3,-1.1394706695622563,-0.28332834968305914,-0.05109771657748967,6.0,0,8.0001,6.0,inf
75,4,-1.1394706695622563,-0.28332834968305914,-0.05109771657748967,6.0,0,8.0001,6.0,inf
75,5,-1.1394706695622563,-0.28332834968305914,-0.05109771657748967,6.0,0,8.0001,6.0,inf
76,0,-1.0111841184474304,-0.7206052206998975,1.3185459787679992,1.3022999999999998,1,1.3022999999999998,6.0,inf
76,1,-1.0111841184474304,-0.7206052206998975,1.3185459787679992,1.3022999999999998,1,1.3022999999999998,6.0,inf
76,2,-1.0111841184474304,-0.7206052206998975,1.3185459787679992,1.3022999999999998,1,1.3022999999999998,6.0,inf
76,3,-1.0111841184474304,-0.7206052206998975,1.3185459787679992,1.3022999999999998,1,1.3022999999999998,6.0,inf
76,4,-1.0111841184474304,-0.7206052206998975,1.3185459787679992,1.3022999999999998,1,1.3022999999999998,6.0,inf
76,5,-1.0111841184474304,-0.7206052206998975,1.3185459787679992,1.3022999999999998,1,1.3022999999999998,6.0,inf
77,0,-0.4835682259157626,0.011740322649155973,1.6335536521260796,2.7110999999999996,1,2.7110999999999996,6.0,inf
77,1,-0.4835682259157626,0.011740322649155973,1.6335536521260796,2.7110999999999996,1,2.7110999999999996,6.0,inf
77,2,-0.4835682259157626,0.011740322649155973,1.6335536521260796,2.7110999999999996,1,2.7110999999999996,6.0,inf
77,3,-0.4835682259157626,0.011740322649155973,1.6335536521260796,2.7110999999999996,1,2.7110999999999996,6.0,inf
77,4,-0.4835682259157626,0.011740322649155973,1.6335536521260796,2.7110999999999996,1,2.7110999999999996,6.0,inf
77,5,-0.4835682259157626,0.011740322649155973,1.6335536521260796,2.7110999999999996,1,2.7110999999999996,6.0,inf
78,0,0.20951964037321777,-1.0580989520475914,-0.5190860217891639,4.4451,1,4.4451,6.0,inf
78,1,0.20951964037321777,-1.0580989520475914,-0.5190860217891639,4.4451,1,4.4451,6.0,inf
78,2,0.20951964037321777,-1.0580989520475914,-0.5190860217891639,4.4451,1,4.4451,6.0,inf
78,3,0.20951964037321777,-1.0580989520475914,-0.5190860217891639,4.4451,1,4.4451,6.0,inf
78,4,0.20951964037321777,-1.0580989520475914,-0.5190860217891639,4.4451,1,4.4451,6.0,inf
78,5,0.20951964037321777,-1.0580989520475914,-0.5190860217891639,4.4451,1,4.4451,6.0,inf
79,0,-0.6382995158774252,1.1349770737440439,1.5830064579624343,0.6914999999999999,1,0.6914999999999999,6.0,inf
79,1,-0.6382995158774252,1.1349770737440439,1.5830064579624343,0.6914999999999999,1,0.6914999999999999,6.0,inf
79,2,-0.6382995158774252,1.1349770737440439,1.5830064579624343,0.6914999999999999,1,0.6914999999999999,6.0,inf
79,3,-0.6382995158774252,1.1349770737440439,1.5830064579624343,0.6914999999999999,1,0.6914999999999999,6.0,inf
79,4,-0.6382995158774252,1.1349770737440439,1.5830064579624343,0.6914999999999999,1,0.6914999999999999,6.0,inf
79,5,-0.6382995158774252,1.1349770737440439,1.5830064579624343,0.6914999999999999,1,0.6914999999999999,6.0,inf
80,0,0.007206543473443064,0.44788366011091507,1.4730110717360227,1.065,1,1.065,6.0,inf
80,1,0.007206543473443064,0.44788366011091507,1.4730110717360227,1.065,1,1.065,6.0,inf
80,2,0.007206543473443064,0.44788366011091507,1.4730110717360227,1.065,1,1.065,6.0,inf
80,3,0.007206543473443064,0.44788366011091507,1.4730110717360227,1.065,1,1.065,6.0,inf
80,4,0.007206543473443064,0.44788366011091507,1.4730110717360227,1.065,1,1.065,6.0,inf
80,5,0.007206543473443064,0.44788366011091507,1.4730110717360227,1.065,1,1.065,6.0,inf
81,0,1.822266550542128,-0.04055620878164591,0.6067746626469265,1.9043999999999999,1,1.9043999999999999,6.0,inf
81,1,1.822266550542128,-0.04055620878164591,0.6067746626469265,1.9043999999999999,1,1.9043999999999999,6.0,inf
81,2,1.822266550542128,-0.04055620878164591,0.6067746626469265,1.9043999999999999,1,1.9043999999999999,6.0,inf
81,3,1.822266550542128,-0.04055620878164591,0.6067746626469265,1.9043999999999999,1,1.9043999999999999,6.0,inf
81,4,1.822266550542128,-0.04055620878164591,0.6067746626469265,1.9043999999999999,1,1.9043999999999999,6.0,inf
81,5,1.822266550542128,-0.04055620878164591,0.6067746626469265,1.9043999999999999,1,1.9043999999999999,6.0,inf
82,0,-1.150696422555781,-0.09433694542305653,-0.24205168590208287,1.5968999999999998,1,1.5968999999999998,6.0,inf
82,1,-1.150696422555781,-0.09433694542305653,-0.24205168590208287,1.5968999999999998,1,1.5968999999999998,6.0,inf
82,2,-1.150696422555781,-0.09433694542305653,-0.24205168590208287,1.5968999999999998,1,1.5968999999999998,6.0,inf
82,3,-1.150696422555781,-0.09433694542305653,-0.24205168590208287,1.5968999999999998,1,1.5968999999999998,6.0,inf
82,4,-1.150696422555781,-0.09433694542305653,-0.24205168590208287,1.5968999999999998,1,1.5968999999999998,6.0,inf
82,5,-1.150696422555781,-0.09433694542305653,-0.24205168590208287,1.5968999999999998,1,1.5968999999999998,6.0,inf
83,0,-0.5127343852508517,0.998551112908099,-0.8872082796190838,0.5871,1,0.5871,6.0,inf
83,1,-0.5127343852508517,0.998551112908099,-0.8872082796190838,0.5871,1,0.5871,6.0,inf
83,2,-0.5127343852508517,0.998551112908099,-0.8872082796190838,0.5871,1,0.5871,6.0,inf
83,3,-0.5127343852508517,0.998551112908099,-0.8872082796190838,0.5871,1,0.5871,6.0,inf
83,4,-0.5127343852508517,0.998551112908099,-0.8872082796190838,0.5871,1,0.5871,6.0,inf
83,5,-0.5127343852508517,0.998551112908099,-0.8872082796190838,0.5871,1,0.5871,6.0,inf
84,0,-1.3446452262004718,1.652280848749123,0.8112161056460393,1.1985,1,1.1985,6.0,inf
84,1,-1.3446452262004718,1.652280848749123,0.8112161056460393,1.1985,1,1.1985,6.0,inf
84,2,-1.3446452262004718,1.652280848749123,0.8112161056460393,1.1985,1,1.1985,6.0,inf
84,3,-1.3446452262004718,1.652280848749123,0.8112161056460393,1.1985,1,1.1985,6.0,inf
84,4,-1.3446452262004718,1.652280848749123,0.8112161056460393,1.1985,1,1.1985,6.0,inf
84,5,-1.3446452262004718,1.652280848749123,0.8112161056460393,1.1985,1,1.1985,6.0,inf
85,0,-1.1845325425652666,-0.4797481601534604,0.6524896330907717,4.3869,1,4.3869,6.0,inf
85,1,-1.1845325425652666,-0.4797481601534604,0.6524896330907717,4.3869,1,4.3869,6.0,inf
85,2,-1.1845325425652666,-0.4797481601534604,0.6524896330907717,4.3869,1,4.3869,6.0,inf
85,3,-1.1845325425652666,-0.4797481601534604,0.6524896330907717,4.3869,1,4.3869,6.0,inf
85,4,-1.1845325425652666,-0.4797481601534604,0.6524896330907717,4.3869,1,4.3869,6.0,inf
85,5,-1.1845325425652666,-0.4797481601534604,0.6524896330907717,4.3869,1,4.3869,6.0,inf
86,0,0.20906956874504348,-0.20527600104369087,0.6126816147947876,1.6187999999999998,1,1.6187999999999998,6.0,inf
86,1,0.20906956874504348,-0.20527600104369087,0.6126816147947876,1.6187999999999998,1,1.6187999999999998,6.0,inf
86,2,0.20906956874504348,-0.20527600104369087,0.6126816147947876,1.6187999999999998,1,1.6187999999999998,6.0,inf
86,3,0.20906956874504348,-0.20527600104369087,0.6126816147947876,1.6187999999999998,1,1.6187999999999998,6.0,inf
86,4,0.20906956874504348,-0.20527600104369087,0.6126816147947876,1.6187999999999998,1,1.6187999999999998,6.0,inf
86,5,0.20906956874504348,-0.20527600104369087,0.6126816147947876,1.6187999999999998,1,1.6187999999999998,6.0,inf
87,0,0.2738954043641958,0.9840182240793929,2.262788802779345,0.7748999999999999,1,0.7748999999999999,6.0,inf
87,1,0.2738954043641958,0.9840182240793929,2.262788802779345,0.7748999999999999,1,0.7748999999999999,6.0,inf
87,2,0.2738954043641958,0.9840182240793929,2.262788802779345,0.7748999999999999,1,0.7748999999999999,6.0,inf
87,3,0.2738954043641958,0.9840182240793929,2.262788802779345,0.7748999999999999,1,0.7748999999999999,6.0,inf
87,4,0.2738954043641958,0.9840182240793929,2.262788802779345,0.7748999999999999,1,0.7748999999999999,6.0,inf
87,5,0.2738954043641958,0.9840182240793929,2.262788802779345,0.7748999999999999,1,0.7748999999999999,6.0,inf
88,0,-0.37340688237118724,1.4503951067694483,0.8081335256698227,0.8567999999999999,1,0.8567999999999999,6.0,inf
88,1,-0.37340688237118724,1.4503951067694483,0.8081335256698227,0.8567999999999999,1,0.8567999999999999,6.0,inf
88,2,-0.37340688237118724,1.4503951067694483,0.8081335256698227,0.8567999999999999,1,0.8567999999999999,6.0,inf
88,3,-0.37340688237118724,1.4503951067694483,0.8081335256698227,0.8567999999999999,1,0.8567999999999999,6.0,inf
88,4,-0.37340688237118724,1.4503951067694483,0.8081335256698227,0.8567999999999999,1,0.8567999999999999,6.0,inf
88,5,-0.37340688237118724,1.4503951067694483,0.8081335256698227,0.8567999999999999,1,0.8567999999999999,6.0,inf
89,0,0.23999826498889623,-0.9019482245464937,0.4321125147508518,1.4546999999999999,1,1.4546999999999999,6.0,inf
89,1,0.23999826498889623,-0.9019482245464937,0.4321125147508518,1.4546999999999999,1,1.4546999999999999,6.0,inf
89,2,0.23999826498889623,-0.9019482245464937,0.4321125147508518,1.4546999999999999,1,1.4546999999999999,6.0,inf
89,3,0.23999826498889623,-0.9019482245464937,0.4321125147508518,1.4546999999999999,1,1.4546999999999999,6.0,inf
89,4,0.23999826498889623,-0.9019482245464937,0.4321125147508518,1.4546999999999999,1,1.4546999999999999,6.0,inf
89,5,0.23999826498889623,-0.9019482245464937,0.4321125147508518,1.4546999999999999,1,1.4546999999999999,6.0,inf
90,0,-0.7141871170888382,-0.8095259782733091,-1.3646522997009805,3.8945999999999996,1,3.8945999999999996,6.0,inf
90,1,-0.7141871170888382,-0.8095259782733091,-1.3646522997009805,3.8945999999999996,1,3.8945999999999996,6.0,inf
90,2,-0.7141871170888382,-0.8095259782733091,-1.3646522997009805,3.8945999999999996,1,3.8945999999999996,6.0,inf
90,3,-0.7141871170888382,-0.8095259782733091,-1.3646522997009805,3.8945999999999996,1,3.8945999999999996,6.0,inf
90,4,-0.7141871170888382,-0.8095259782733091,-1.3646522997009805,3.8945999999999996,1,3.8945999999999996,6.0,inf
90,5,-0.7141871170888382,-0.8095259782733091,-1.3646522997009805,3.8945999999999996,1,3.8945999999999996,6.0,inf
91,0,0.5675667876190478,-0.2011375068684773,1.6442621223984628,2.3844,1,2.3844,6.0,inf
91,1,0.5675667876190478,-0.2011375068684773,1.6442621223984628,2.3844,1,2.3844,6.0,inf
91,2,0.5675667876190478,-0.2011375068684773,1.6442621223984628,2.3844,1,2.3844,6.0,inf
91,3,0.5675667876190478,-0.2011375068684773,1.6442621223984628,2.3844,1,2.3844,6.0,inf
91,4,0.5675667876190478,-0.2011375068684773,1.6442621223984628,2.3844,1,2.3844,6.0,inf
91,5,0.5675667876190478,-0.2011375068684773,1.6442621223984628,2.3844,1,2.3844,6.0,inf
92,0,-0.5593383218375354,1.541036146029476,0.9742467788004382,1.1045999999999998,1,1.1045999999999998,6.0,inf
92,1,-0.5593383218375354,1.541036146029476,0.9742467788004382,1.1045999999999998,1,1.1045999999999998,6.0,inf
92,2,-0.5593383218375354,1.541036146029476,0.9742467788004382,1.1045999999999998,1,1.1045999999999998,6.0,inf
92,3,-0.5593383218375354,1.541036146029476,0.9742467788004382,1.1045999999999998,1,1.1045999999999998,6.0,inf
92,4,-0.5593383218375354,1.541036146029476,0.9742467788004382,1.1045999999999998,1,1.1045999999999998,6.0,inf
92,5,-0.5593383218375354,1.541036146029476,0.9742467788004382,1.1045999999999998,1,1.1045999999999998,6.0,inf
93,0,-0.14470921392282732,-0.13120572120348373,-1.5142423805813632,6.0,0,8.0001,6.0,inf
93,1,-0.14470921392282732,-0.13120572120348373,-1.5142423805813632,6.0,0,8.0001,6.0,inf
93,2,-0.14470921392282732,-0.13120572120348373,-1.5142423805813632,6.0,0,8.0001,6.0,inf
93,3,-0.14470921392282732,-0.13120572120348373,-1.5142423805813632,6.0,0,8.0001,6.0,inf
93,4,-0.14470921392282732,-0.13120572120348373,-1.5142423805813632,6.0,0,8.0001,6.0,inf
93,5,-0.14470921392282732,-0.13120572120348373,-1.5142423805813632,6.0,0,8.0001,6.0,inf
94,0,0.8884631841275412,-0.989935628161868,0.65011711242571,2.2817999999999996,1,2.2817999999999996,6.0,inf
94,1,0.8884631841275412,-0.989935628161868,0.65011711242571,2.2817999999999996,1,2.2817999999999996,6.0,inf
94,2,0.8884631841275412,-0.989935628161868,0.65011711242571,2.2817999999999996,1,2.2817999999999996,6.0,inf
94,3,0.8884631841275412,-0.989935628161868,0.65011711242571,2.2817999999999996,1,2.2817999999999996,6.0,inf
94,4,0.8884631841275412,-0.989935628161868,0.65011711242571,2.2817999999999996,1,2.2817999999999996,6.0,inf
94,5,0.8884631841275412,-0.989935628161868,0.65011711242571,2.2817999999999996,1,2.2817999999999996,6.0,inf
95,0,-0.119313590623473,0.06359665587241463,-0.6422570161255443,4.7235,1,4.7235,6.0,inf
95,1,-0.119313590623473,0.06359665587241463,-0.6422570161255443,4.7235,1,4.7235,6.0,inf
95,2,-0.119313590623473,0.06359665587241463,-0.6422570161255443,4.7235,1,4.7235,6.0,inf
95,3,-0.119313590623473,0.06359665587241463,-0.6422570161255443,4.7235,1,4.7235,6.0,inf
95,4,-0.119313590623473,0.06359665587241463,-0.6422570161255443,4.7235,1,4.7235,6.0,inf
95,5,-0.119313590623473,0.06359665587241463,-0.6422570161255443,4.7235,1,4.7235,6.0,inf
96,0,0.3861842485163848,-0.3022081549014393,0.8746128497699263,6.0,0,6.9414,6.0,inf
96,1,0.3861842485163848,-0.3022081549014393,0.8746128497699263,6.0,0,6.9414,6.0,inf
96,2,0.3861842485163848,-0.3022081549014393,0.8746128497699263,6.0,0,6.9414,6.0,inf
96,3,0.3861842485163848,-0.3022081549014393,0.8746128497699263,6.0,0,6.9414,6.0,inf
96,4,0.3861842485163848,-0.3022081549014393,0.8746128497699263,6.0,0,6.9414,6.0,inf
96,5,0.3861842485163848,-0.3022081549014393,0.8746128497699263,6.0,0,6.9414,6.0,inf
97,0,-0.1502916051305507,-0.48326633993390433,-0.19015306027738343,1.107,1,1.107,6.0,inf
97,1,-0.1502916051305507,-0.48326633993390433,-0.19015306027738343,1.107,1,1.107,6.0,inf
97,2,-0.1502916051305507,-0.48326633993390433,-0.19015306027738343,1.107,1,1.107,6.0,inf
97,3,-0.1502916051305507,-0.48326633993390433,-0.19015306027738343,1.107,1,1.107,6.0,inf
97,4,-0.1502916051305507,-0.48326633993390433,-0.19015306027738343,1.107,1,1.107,6.0,inf
97,5,-0.1502916051305507,-0.48326633993390433,-0.19015306027738343,1.107,1,1.107,6.0,inf
98,0,-0.6628765718236462,1.2201418101291501,0.32148273990018633,1.7054999999999998,1,1.7054999999999998,6.0,inf
98,1,-0.6628765718236462,1.2201418101291501,0.32148273990018633,1.7054999999999998,1,1.7054999999999998,6.0,inf
98,2,-0.6628765718236462,1.2201418101291501,0.32148273990018633,1.7054999999999998,1,1.7054999999999998,6.0,inf
98,3,-0.6628765718236462,1.2201418101291501,0.32148273990018633,1.7054999999999998,1,1.7054999999999998,6.0,inf
98,4,-0.6628765718236462,1.2201418101291501,0.32148273990018633,1.7054999999999998,1,1.7054999999999998,6.0,inf
98,5,-0.6628765718236462,1.2201418101291501,0.32148273990018633,1.7054999999999998,1,1.7054999999999998,6.0,inf
99,0,1.0192118965987853,-0.8855532494414888,-1.0477159136827687,2.0618999999999996,1,2.0618999999999996,6.0,inf
99,1,1.0192118965987853,-0.8855532494414888,-1.0477159136827687,2.0618999999999996,1,2.0618999999999996,6.0,inf
99,2,1.0192118965987853,-0.8855532494414888,-1.0477159136827687,2.0618999999999996,1,2.0618999999999996,6.0,inf
99,3,1.0192118965987853,-0.8855532494414888,-1.0477159136827687,2.0618999999999996,1,2.0618999999999996,6.0,inf
99,4,1.0192118965987853,-0.8855532494414888,-1.0477159136827687,2.0618999999999996,1,2.0618999999999996,6.0,inf
99,5,1.0192118965987853,-0.8855532494414888,-1.0477159136827687,2.0618999999999996,1,2.0618999999999996,6.0,inf
100,0,-0.4894539129183792,0.6092898457095596,-0.6281863828892068,1.1204999999999998,1,1.1204999999999998,6.0,inf
100,1,-0.4894539129183792,0.6092898457095596,-0.6281863828892068,1.1204999999999998,1,1.1204999999999998,6.0,inf
100,2,-0.4894539129183792,0.6092898457095596,-0.6281863828892068,1.1204999999999998,1,1.1204999999999998,6.0,inf
100,3,-0.4894539129183792,0.6092898457095596,-0.6281863828892068,1.1204999999999998,1,1.1204999999999998,6.0,inf
100,4,-0.4894539129183792,0.6092898457095596,-0.6281863828892068,1.1204999999999998,1,1.1204999999999998,6.0,inf
100,5,-0.4894539129183792,0.6092898457095596,-0.6281863828892068,1.1204999999999998,1,1.1204999999999998,6.0,inf
101,0,-1.8251946146336366,0.3766384539271079,0.09914689204293148,2.4635999999999996,1,2.4635999999999996,6.0,inf
101,1,-1.8251946146336366,0.3766384539271079,0.09914689204293148,2.4635999999999996,1,2.4635999999999996,6.0,inf
101,2,-1.8251946146336366,0.3766384539271079,0.09914689204293148,2.4635999999999996,1,2.4635999999999996,6.0,inf
101,3,-1.8251946146336366,0.3766384539271079,0.09914689204293148,2.4635999999999996,1,2.4635999999999996,6.0,inf
101,4,-1.8251946146336366,0.3766384539271079,0.09914689204293148,2.4635999999999996,1,2.4635999999999996,6.0,inf
101,5,-1.8251946146336366,0.3766384539271079,0.09914689204293148,2.4635999999999996,1,2.4635999999999996,6.0,inf
102,0,-0.09409911755748569,0.016420240719632502,1.8024841591547076,1.1439,1,1.1439,6.0,inf
102,1,-0.09409911755748569,0.016420240719632502,1.8024841591547076,1.1439,1,1.1439,6.0,inf
102,2,-0.09409911755748569,0.016420240719632502,1.8024841591547076,1.1439,1,1.1439,6.0,inf
102,3,-0.09409911755748569,0.016420240719632502,1.8024841591547076,1.1439,1,1.1439,6.0,inf
102,4,-0.09409911755748569,0.016420240719632502,1.8024841591547076,1.1439,1,1.1439,6.0,inf
102,5,-0.09409911755748569,0.016420240719632502,1.8024841591547076,1.1439,1,1.1439,6.0,inf
103,0,-0.4047272254602778,1.2183924071660466,0.5555310182971376,1.1553,1,1.1553,6.0,inf
103,1,-0.4047272254602778,1.2183924071660466,0.5555310182971376,1.1553,1,1.1553,6.0,inf
103,2,-0.4047272254602778,1.2183924071660466,0.5555310182971376,1.1553,1,1.1553,6.0,inf
103,3,-0.4047272254602778,1.2183924071660466,0.5555310182971376,1.1553,1,1.1553,6.0,inf
103,4,-0.4047272254602778,1.2183924071660466,0.5555310182971376,1.1553,1,1.1553,6.0,inf
103,5,-0.4047272254602778,1.2183924071660466,0.5555310182971376,1.1553,1,1.1553,6.0,inf
104,0,-0.6097817033657014,-1.885467411267503,-0.26818641005851707,6.0,0,8.0001,6.0,inf
104,1,-0.6097817033657014,-1.885467411267503,-0.26818641005851707,6.0,0,8.0001,6.0,inf
104,2,-0.6097817033657014,-1.885467411267503,-0.26818641005851707,6.0,0,8.0001,6.0,inf
104,3,-0.6097817033657014,-1.885467411267503,-0.26818641005851707,6.0,0,8.0001,6.0,inf
104,4,-0.6097817033657014,-1.885467411267503,-0.26818641005851707,6.0,0,8.0001,6.0,inf
104,5,-0.6097817033657014,-1.885467411267503,-0.26818641005851707,6.0,0,8.0001,6.0,inf
105,0,1.0344073265094713,0.857841674763868,0.8087457239525625,1.0838999999999999,1,1.0838999999999999,6.0,inf
105,1,1.0344073265094713,0.857841674763868,0.8087457239525625,1.0838999999999999,1,1.0838999999999999,6.0,inf
105,2,1.0344073265094713,0.857841674763868,0.8087457239525625,1.0838999999999999,1,1.0838999999999999,6.0,inf
105,3,1.0344073265094713,0.857841674763868,0.8087457239525625,1.0838999999999999,1,1.0838999999999999,6.0,inf
105,4,1.0344073265094713,0.857841674763868,0.8087457239525625,1.0838999999999999,1,1.0838999999999999,6.0,inf
105,5,1.0344073265094713,0.857841674763868,0.8087457239525625,1.0838999999999999,1,1.0838999999999999,6.0,inf
106,0,1.1492142309796158,-0.8887342288925434,0.09484602023832628,1.4831999999999999,1,1.4831999999999999,6.0,inf
106,1,1.1492142309796158,-0.8887342288925434,0.09484602023832628,1.4831999999999999,1,1.4831999999999999,6.0,inf
106,2,1.1492142309796158,-0.8887342288925434,0.09484602023832628,1.4831999999999999,1,1.4831999999999999,6.0,inf
106,3,1.1492142309796158,-0.8887342288925434,0.09484602023832628,1.4831999999999999,1,1.4831999999999999,6.0,inf
106,4,1.1492142309796158,-0.8887342288925434,0.09484602023832628,1.4831999999999999,1,1.4831999999999999,6.0,inf
106,5,1.1492142309796158,-0.8887342288925434,0.09484602023832628,1.4831999999999999,1,1.4831999999999999,6.0,inf
107,0,-1.8010345981791855,0.4688384160524676,0.7669943161018389,5.2527,1,5.2527,6.0,inf
107,1,-1.8010345981791855,0.4688384160524676,0.7669943161018389,5.2527,1,5.2527,6.0,inf
107,2,-1.8010345981791855,0.4688384160524676,0.7669943161018389,5.2527,1,5.2527,6.0,inf
107,3,-1.8010345981791855,0.4688384160524676,0.7669943161018389,5.2527,1,5.2527,6.0,inf
107,4,-1.8010345981791855,0.4688384160524676,0.7669943161018389,5.2527,1,5.2527,6.0,inf
107,5,-1.8010345981791855,0.4688384160524676,0.7669943161018389,5.2527,1,5.2527,6.0,inf
108,0,1.1554527456940666,0.22579989286527752,1.710903383611567,2.0789999999999997,1,2.0789999999999997,6.0,inf
108,1,1.1554527456940666,0.22579989286527752,1.710903383611567,2.0789999999999997,1,2.0789999999999997,6.0,inf
108,2,1.1554527456940666,0.22579989286527752,1.710903383611567,2.0789999999999997,1,2.0789999999999997,6.0,inf
108,3,1.1554527456940666,0.22579989286527752,1.710903383611567,2.0789999999999997,1,2.0789999999999997,6.0,inf
108,4,1.1554527456940666,0.22579989286527752,1.710903383611567,2.0789999999999997,1,2.0789999999999997,6.0,inf
108,5,1.1554527456940666,0.22579989286527752,1.710903383611567,2.0789999999999997,1,2.0789999999999997,6.0,inf
109,0,0.5516480128658751,0.8099308421217389,2.2126735208946706,0.8714999999999999,1,0.8714999999999999,6.0,inf
109,1,0.5516480128658751,0.8099308421217389,2.2126735208946706,0.8714999999999999,1,0.8714999999999999,6.0,inf
109,2,0.5516480128658751,0.8099308421217389,2.2126735208946706,0.8714999999999999,1,0.8714999999999999,6.0,inf
109,3,0.5516480128658751,0.8099308421217389,2.2126735208946706,0.8714999999999999,1,0.8714999999999999,6.0,inf
109,4,0.5516480128658751,0.8099308421217389,2.2126735208946706,0.8714999999999999,1,0.8714999999999999,6.0,inf
109,5,0.5516480128658751,0.8099308421217389,2.2126735208946706,0.8714999999999999,1,0.8714999999999999,6.0,inf
110,0,0.13327391233812327,0.526072746457799,-1.2967756904100214,1.4724,1,1.4724,6.0,inf
110,1,0.13327391233812327,0.526072746457799,-1.2967756904100214,1.4724,1,1.4724,6.0,inf
110,2,0.13327391233812327,0.526072746457799,-1.2967756904100214,1.4724,1,1.4724,6.0,inf
110,3,0.13327391233812327,0.526072746457799,-1.2967756904100214,1.4724,1,1.4724,6.0,inf
110,4,0.13327391233812327,0.526072746457799,-1.2967756904100214,1.4724,1,1.4724,6.0,inf
110,5,0.13327391233812327,0.526072746457799,-1.2967756904100214,1.4724,1,1.4724,6.0,inf
111,0,0.3352784338057842,2.174101811551692,-0.7553936415370595,0.39059999999999995,1,0.39059999999999995,6.0,inf
111,1,0.3352784338057842,2.174101811551692,-0.7553936415370595,0.39059999999999995,1,0.39059999999999995,6.0,inf
111,2,0.3352784338057842,2.174101811551692,-0.7553936415370595,0.39059999999999995,1,0.39059999999999995,6.0,inf
111,3,0.3352784338057842,2.174101811551692,-0.7553936415370595,0.39059999999999995,1,0.39059999999999995,6.0,inf
111,4,0.3352784338057842,2.174101811551692,-0.7553936415370595,0.39059999999999995,1,0.39059999999999995,6.0,inf
111,5,0.3352784338057842,2.174101811551692,-0.7553936415370595,0.39059999999999995,1,0.39059999999999995,6.0,inf
112,0,-0.16086420846430718,0.34322139607429036,0.22753795229242477,1.7600999999999998,1,1.7600999999999998,6.0,inf
112,1,-0.16086420846430718,0.34322139607429036,0.22753795229242477,1.7600999999999998,1,1.7600999999999998,6.0,inf
112,2,-0.16086420846430718,0.34322139607429036,0.22753795229242477,1.7600999999999998,1,1.7600999999999998,6.0,inf
112,3,-0.16086420846430718,0.34322139607429036,0.22753795229242477,1.7600999999999998,1,1.7600999999999998,6.0,inf
112,4,-0.16086420846430718,0.34322139607429036,0.22753795229242477,1.7600999999999998,1,1.7600999999999998,6.0,inf
112,5,-0.16086420846430718,0.34322139607429036,0.22753795229242477,1.7600999999999998,1,1.7600999999999998,6.0,inf
113,0,0.1071769205668767,0.2702160557218907,-0.9178106066776296,1.1175,1,1.1175,6.0,inf
113,1,0.1071769205668767,0.2702160557218907,-0.9178106066776296,1.1175,1,1.1175,6.0,inf
113,2,0.1071769205668767,0.2702160557218907,-0.9178106066776296,1.1175,1,1.1175,6.0,inf
113,3,0.1071769205668767,0.2702160557218907,-0.9178106066776296,1.1175,1,1.1175,6.0,inf
113,4,0.1071769205668767,0.2702160557218907,-0.9178106066776296,1.1175,1,1.1175,6.0,inf
113,5,0.1071769205668767,0.2702160557218907,-0.9178106066776296,1.1175,1,1.1175,6.0,inf
114,0,-0.8124310906659636,-0.3314595219302491,-0.5635296950984953,5.756399999999999,1,5.756399999999999,6.0,inf
114,1,-0.8124310906659636,-0.3314595219302491,-0.5635296950984953,5.756399999999999,1,5.756399999999999,6.0,inf
114,2,-0.8124310906659636,-0.3314595219302491,-0.5635296950984953,5.756399999999999,1,5.756399999999999,6.0,inf
114,3,-0.8124310906659636,-0.3314595219302491,-0.5635296950984953,5.756399999999999,1,5.756399999999999,6.0,inf
114,4,-0.8124310906659636,-0.3314595219302491,-0.5635296950984953,5.756399999999999,1,5.756399999999999,6.0,inf
114,5,-0.8124310906659636,-0.3314595219302491,-0.5635296950984953,5.756399999999999,1,5.756399999999999,6.0,inf
115,0,0.17792018779084182,-0.1561267572691178,-0.8202917929540338,4.008,1,4.008,6.0,inf
115,1,0.17792018779084182,-0.1561267572691178,-0.8202917929540338,4.008,1,4.008,6.0,inf
115,2,0.17792018779084182,-0.1561267572691178,-0.8202917929540338,4.008,1,4.008,6.0,inf
115,3,0.17792018779084182,-0.1561267572691178,-0.8202917929540338,4.008,1,4.008,6.0,inf
115,4,0.17792018779084182,-0.1561267572691178,-0.8202917929540338,4.008,1,4.008,6.0,inf
115,5,0.17792018779084182,-0.1561267572691178,-0.8202917929540338,4.008,1,4.008,6.0,inf
116,0,0.24604241480524203,0.06808563245293049,-0.09201145571119186,3.09,1,3.09,6.0,inf
116,1,0.24604241480524203,0.06808563245293049,-0.09201145571119186,3.09,1,3.09,6.0,inf
116,2,0.24604241480524203,0.06808563245293049,-0.09201145571119186,3.09,1,3.09,6.0,inf
116,3,0.24604241480524203,0.06808563245293049,-0.09201145571119186,3.09,1,3.09,6.0,inf
116,4,0.24604241480524203,0.06808563245293049,-0.09201145571119186,3.09,1,3.09,6.0,inf
116,5,0.24604241480524203,0.06808563245293049,-0.09201145571119186,3.09,1,3.09,6.0,inf
117,0,-1.2594713363880967,-1.1750684792908535,1.7088158124411246,5.3309999999999995,1,5.3309999999999995,6.0,inf
117,1,-1.2594713363880967,-1.1750684792908535,1.7088158124411246,5.3309999999999995,1,5.3309999999999995,6.0,inf
117,2,-1.2594713363880967,-1.1750684792908535,1.7088158124411246,5.3309999999999995,1,5.3309999999999995,6.0,inf
117,3,-1.2594713363880967,-1.1750684792908535,1.7088158124411246,5.3309999999999995,1,5.3309999999999995,6.0,inf
117,4,-1.2594713363880967,-1.1750684792908535,1.7088158124411246,5.3309999999999995,1,5.3309999999999995,6.0,inf
117,5,-1.2594713363880967,-1.1750684792908535,1.7088158124411246,5.3309999999999995,1,5.3309999999999995,6.0,inf
118,0,-0.8104568968147353,0.5422275767681035,-0.18409360559433993,6.0,0,6.4254,6.0,inf
118,1,-0.8104568968147353,0.5422275767681035,-0.18409360559433993,6.0,0,6.4254,6.0,inf
118,2,-0.8104568968147353,0.5422275767681035,-0.18409360559433993,6.0,0,6.4254,6.0,inf
118,3,-0.8104568968147353,0.5422275767681035,-0.18409360559433993,6.0,0,6.4254,6.0,inf
118,4,-0.8104568968147353,0.5422275767681035,-0.18409360559433993,6.0,0,6.4254,6.0,inf
118,5,-0.8104568968147353,0.5422275767681035,-0.18409360559433993,6.0,0,6.4254,6.0,inf
119,0,0.5527241177027208,-0.00789628556004831,0.14885196774449258,1.0862999999999998,1,1.0862999999999998,6.0,inf
119,1,0.5527241177027208,-0.00789628556004831,0.14885196774449258,1.0862999999999998,1,1.0862999999999998,6.0,inf
119,2,0.5527241177027208,-0.00789628556004831,0.14885196774449258,1.0862999999999998,1,1.0862999999999998,6.0,inf
119,3,0.5527241177027208,-0.00789628556004831,0.14885196774449258,1.0862999999999998,1,1.0862999999999998,6.0,inf
119,4,0.5527241177027208,-0.00789628556004831,0.14885196774449258,1.0862999999999998,1,1.0862999999999998,6.0,inf
119,5,0.5527241177027208,-0.00789628556004831,0.14885196774449258,1.0862999999999998,1,1.0862999999999998,6.0,inf
120,0,-0.9356704509775294,1.0389314091959687,-0.07700028712055618,4.4895,1,4.4895,6.0,inf
120,1,-0.9356704509775294,1.0389314091959687,-0.07700028712055618,4.4895,1,4.4895,6.0,inf
120,2,-0.9356704509775294,1.0389314091959687,-0.07700028712055618,4.4895,1,4.4895,6.0,inf
120,3,-0.9356704509775294,1.0389314091959687,-0.07700028712055618,4.4895,1,4.4895,6.0,inf
120,4,-0.9356704509775294,1.0389314091959687,-0.07700028712055618,4.4895,1,4.4895,6.0,inf
120,5,-0.9356704509775294,1.0389314091959687,-0.07700028712055618,4.4895,1,4.4895,6.0,inf
121,0,-2.1252133064368066,1.6457631752114363,-0.8162608057822932,0.9908999999999999,1,0.9908999999999999,6.0,inf
121,1,-2.1252133064368066,1.6457631752114363,-0.8162608057822932,0.9908999999999999,1,0.9908999999999999,6.0,inf
121,2,-2.1252133064368066,1.6457631752114363,-0.8162608057822932,0.9908999999999999,1,0.9908999999999999,6.0,inf
121,3,-2.1252133064368066,1.6457631752114363,-0.8162608057822932,0.9908999999999999,1,0.9908999999999999,6.0,inf
121,4,-2.1252133064368066,1.6457631752114363,-0.8162608057822932,0.9908999999999999,1,0.9908999999999999,6.0,inf
121,5,-2.1252133064368066,1.6457631752114363,-0.8162608057822932,0.9908999999999999,1,0.9908999999999999,6.0,inf
122,0,0.6882092374015953,0.7927409723312386,1.4429917917752282,0.9011999999999999,1,0.9011999999999999,6.0,inf
122,1,0.6882092374015953,0.7927409723312386,1.4429917917752282,0.9011999999999999,1,0.9011999999999999,6.0,inf
122,2,0.6882092374015953,0.7927409723312386,1.4429917917752282,0.9011999999999999,1,0.9011999999999999,6.0,inf
122,3,0.6882092374015953,0.7927409723312386,1.4429917917752282,0.9011999999999999,1,0.9011999999999999,6.0,inf
122,4,0.6882092374015953,0.7927409723312386,1.4429917917752282,0.9011999999999999,1,0.9011999999999999,6.0,inf
122,5,0.6882092374015953,0.7927409723312386,1.4429917917752282,0.9011999999999999,1,0.9011999999999999,6.0,inf
123,0,0.7814968435921889,0.6093572493086256,-0.9109985548838938,0.9113999999999999,1,0.9113999999999999,6.0,inf
123,1,0.7814968435921889,0.6093572493086256,-0.9109985548838938,0.9113999999999999,1,0.9113999999999999,6.0,inf
123,2,0.7814968435921889,0.6093572493086256,-0.9109985548838938,0.9113999999999999,1,0.9113999999999999,6.0,inf
123,3,0.7814968435921889,0.6093572493086256,-0.9109985548838938,0.9113999999999999,1,0.9113999999999999,6.0,inf
123,4,0.7814968435921889,0.6093572493086256,-0.9109985548838938,0.9113999999999999,1,0.9113999999999999,6.0,inf
123,5,0.7814968435921889,0.6093572493086256,-0.9109985548838938,0.9113999999999999,1,0.9113999999999999,6.0,inf
124,0,0.549218380607418,0.29762505886615104,1.2817599683700787,2.2398,1,2.2398,6.0,inf
124,1,0.549218380607418,0.29762505886615104,1.2817599683700787,2.2398,1,2.2398,6.0,inf
124,2,0.549218380607418,0.29762505886615104,1.2817599683700787,2.2398,1,2.2398,6.0,inf
124,3,0.549218380607418,0.29762505886615104,1.2817599683700787,2.2398,1,2.2398,6.0,inf
124,4,0.549218380607418,0.29762505886615104,1.2817599683700787,2.2398,1,2.2398,6.0,inf
124,5,0.549218380607418,0.29762505886615104,1.2817599683700787,2.2398,1,2.2398,6.0,inf
125,0,0.21826456742180583,-0.24947091751479128,0.5073987393468492,2.5667999999999997,1,2.5667999999999997,6.0,inf
125,1,0.21826456742180583,-0.24947091751479128,0.5073987393468492,2.5667999999999997,1,2.5667999999999997,6.0,inf
125,2,0.21826456742180583,-0.24947091751479128,0.5073987393468492,2.5667999999999997,1,2.5667999999999997,6.0,inf
125,3,0.21826456742180583,-0.24947091751479128,0.5073987393468492,2.5667999999999997,1,2.5667999999999997,6.0,inf
125,4,0.21826456742180583,-0.24947091751479128,0.5073987393468492,2.5667999999999997,1,2.5667999999999997,6.0,inf
125,5,0.21826456742180583,-0.24947091751479128,0.5073987393468492,2.5667999999999997,1,2.5667999999999997,6.0,inf
126,0,1.2268717428883225,1.245312342489782,0.316038115367502,0.09689999999999999,1,0.09689999999999999,6.0,inf
126,1,1.2268717428883225,1.245312342489782,0.316038115367502,0.09689999999999999,1,0.09689999999999999,6.0,inf
126,2,1.2268717428883225,1.245312342489782,0.316038115367502,0.09689999999999999,1,0.09689999999999999,6.0,inf
126,3,1.2268717428883225,1.245312342489782,0.316038115367502,0.09689999999999999,1,0.09689999999999999,6.0,inf
126,4,1.2268717428883225,1.245312342489782,0.316038115367502,0.09689999999999999,1,0.09689999999999999,6.0,inf
126,5,1.2268717428883225,1.245312342489782,0.316038115367502,0.09689999999999999,1,0.09689999999999999,6.0,inf
127,0,1.1326843398273148,-1.4939836452018649,-0.7334297150733624,2.7525,1,2.7525,6.0,inf
127,1,1.1326843398273148,-1.4939836452018649,-0.7334297150733624,2.7525,1,2.7525,6.0,inf
127,2,1.1326843398273148,-1.4939836452018649,-0.7334297150733624,2.7525,1,2.7525,6.0,inf
127,3,1.1326843398273148,-1.4939836452018649,-0.7334297150733624,2.7525,1,2.7525,6.0,inf
127,4,1.1326843398273148,-1.4939836452018649,-0.7334297150733624,2.7525,1,2.7525,6.0,inf
127,5,1.1326843398273148,-1.4939836452018649,-0.7334297150733624,2.7525,1,2.7525,6.0,inf
128,0,-0.7252431655109574,1.2799349216060778,0.42711366321899985,0.816,1,0.816,6.0,inf
128,1,-0.7252431655109574,1.2799349216060778,0.42711366321899985,0.816,1,0.816,6.0,inf
128,2,-0.7252431655109574,1.2799349216060778,0.42711366321899985,0.816,1,0.816,6.0,inf
128,3,-0.7252431655109574,1.2799349216060778,0.42711366321899985,0.816,1,0.816,6.0,inf
128,4,-0.7252431655109574,1.2799349216060778,0.42711366321899985,0.816,1,0.816,6.0,inf
128,5,-0.7252431655109574,1.2799349216060778,0.42711366321899985,0.816,1,0.816,6.0,inf
129,0,-1.2045702254485318,-0.5526461143439633,-0.38244140078525446,0.5966999999999999,1,0.5966999999999999,6.0,inf
129,1,-1.2045702254485318,-0.5526461143439633,-0.38244140078525446,0.5966999999999999,1,0.5966999999999999,6.0,inf
129,2,-1.2045702254485318,-0.5526461143439633,-0.38244140078525446,0.5966999999999999,1,0.5966999999999999,6.0,inf
129,3,-1.2045702254485318,-0.5526461143439633,-0.38244140078525446,0.5966999999999999,1,0.5966999999999999,6.0,inf
129,4,-1.2045702254485318,-0.5526461143439633,-0.38244140078525446,0.5966999999999999,1,0.5966999999999999,6.0,inf
129,5,-1.2045702254485318,-0.5526461143439633,-0.38244140078525446,0.5966999999999999,1,0.5966999999999999,6.0,inf
130,0,1.2900440839658551,2.5468175676311704,-1.33310960355241,0.11399999999999999,1,0.11399999999999999,6.0,inf
130,1,1.2900440839658551,2.5468175676311704,-1.33310960355241,0.11399999999999999,1,0.11399999999999999,6.0,inf
130,2,1.2900440839658551,2.5468175676311704,-1.33310960355241,0.11399999999999999,1,0.11399999999999999,6.0,inf
130,3,1.2900440839658551,2.5468175676311704,-1.33310960355241,0.11399999999999999,1,0.11399999999999999,6.0,inf
130,4,1.2900440839658551,2.5468175676311704,-1.33310960355241,0.11399999999999999,1,0.11399999999999999,6.0,inf
130,5,1.2900440839658551,2.5468175676311704,-1.33310960355241,0.11399999999999999,1,0.11399999999999999,6.0,inf
131,0,-0.0761196240499644,-0.40550020878206144,0.8325534224411506,4.4967,1,4.4967,6.0,inf
131,1,-0.0761196240499644,-0.40550020878206144,0.8325534224411506,4.4967,1,4.4967,6.0,inf
131,2,-0.0761196240499644,-0.40550020878206144,0.8325534224411506,4.4967,1,4.4967,6.0,inf
131,3,-0.0761196240499644,-0.40550020878206144,0.8325534224411506,4.4967,1,4.4967,6.0,inf
131,4,-0.0761196240499644,-0.40550020878206144,0.8325534224411506,4.4967,1,4.4967,6.0,inf
131,5,-0.0761196240499644,-0.40550020878206144,0.8325534224411506,4.4967,1,4.4967,6.0,inf
132,0,-0.6989318988129479,0.42418162325900916,-1.2549651916294615,6.0,0,8.0001,6.0,inf
132,1,-0.6989318988129479,0.42418162325900916,-1.2549651916294615,6.0,0,8.0001,6.0,inf
132,2,-0.6989318988129479,0.42418162325900916,-1.2549651916294615,6.0,0,8.0001,6.0,inf
132,3,-0.6989318988129479,0.42418162325900916,-1.2549651916294615,6.0,0,8.0001,6.0,inf
132,4,-0.6989318988129479,0.42418162325900916,-1.2549651916294615,6.0,0,8.0001,6.0,inf
132,5,-0.6989318988129479,0.42418162325900916,-1.2549651916294615,6.0,0,8.0001,6.0,inf
133,0,-0.2059123753402915,-1.016256826205385,-1.1558244111538074,1.3254,1,1.3254,6.0,inf
133,1,-0.2059123753402915,-1.016256826205385,-1.1558244111538074,1.3254,1,1.3254,6.0,inf
133,2,-0.2059123753402915,-1.016256826205385,-1.1558244111538074,1.3254,1,1.3254,6.0,inf
133,3,-0.2059123753402915,-1.016256826205385,-1.1558244111538074,1.3254,1,1.3254,6.0,inf
133,4,-0.2059123753402915,-1.016256826205385,-1.1558244111538074,1.3254,1,1.3254,6.0,inf
133,5,-0.2059123753402915,-1.016256826205385,-1.1558244111538074,1.3254,1,1.3254,6.0,inf
134,0,-1.1233068929680925,-1.4655213158246043,0.840701424036942,5.970299999999999,1,5.970299999999999,6.0,inf
134,1,-1.1233068929680925,-1.4655213158246043,0.840701424036942,5.970299999999999,1,5.970299999999999,6.0,inf
134,2,-1.1233068929680925,-1.4655213158246043,0.840701424036942,5.970299999999999,1,5.970299999999999,6.0,inf
134,3,-1.1233068929680925,-1.4655213158246043,0.840701424036942,5.970299999999999,1,5.970299999999999,6.0,inf
134,4,-1.1233068929680925,-1.4655213158246043,0.840701424036942,5.970299999999999,1,5.970299999999999,6.0,inf
134,5,-1.1233068929680925,-1.4655213158246043,0.840701424036942,5.970299999999999,1,5.970299999999999,6.0,inf
135,0,0.12839208092516755,-1.3810810487850333,-0.5895668978644464,6.0,0,7.888799999999999,6.0,inf
135,1,0.12839208092516755,-1.3810810487850333,-0.5895668978644464,6.0,0,7.888799999999999,6.0,inf
135,2,0.12839208092516755,-1.3810810487850333,-0.5895668978644464,6.0,0,7.888799999999999,6.0,inf
135,3,0.12839208092516755,-1.3810810487850333,-0.5895668978644464,6.0,0,7.888799999999999,6.0,inf
135,4,0.12839208092516755,-1.3810810487850333,-0.5895668978644464,6.0,0,7.888799999999999,6.0,inf
135,5,0.12839208092516755,-1.3810810487850333,-0.5895668978644464,6.0,0,7.888799999999999,6.0,inf
136,0,-0.6067886852079125,0.5812509518918924,0.050496565090830885,0.6261,1,0.6261,6.0,inf
136,1,-0.6067886852079125,0.5812509518918924,0.050496565090830885,0.6261,1,0.6261,6.0,inf
136,2,-0.6067886852079125,0.5812509518918924,0.050496565090830885,0.6261,1,0.6261,6.0,inf
136,3,-0.6067886852079125,0.5812509518918924,0.050496565090830885,0.6261,1,0.6261,6.0,inf
136,4,-0.6067886852079125,0.5812509518918924,0.050496565090830885,0.6261,1,0.6261,6.0,inf
136,5,-0.6067886852079125,0.5812509518918924,0.050496565090830885,0.6261,1,0.6261,6.0,inf
137,0,1.8461590296266026,-0.658652497631952,-1.6882736422048161,4.2963,1,4.2963,6.0,inf
137,1,1.8461590296266026,-0.658652497631952,-1.6882736422048161,4.2963,1,4.2963,6.0,inf
137,2,1.8461590296266026,-0.658652497631952,-1.6882736422048161,4.2963,1,4.2963,6.0,inf
137,3,1.8461590296266026,-0.658652497631952,-1.6882736422048161,4.2963,1,4.2963,6.0,inf
137,4,1.8461590296266026,-0.658652497631952,-1.6882736422048161,4.2963,1,4.2963,6.0,inf
137,5,1.8461590296266026,-0.658652497631952,-1.6882736422048161,4.2963,1,4.2963,6.0,inf
138,0,-0.5940388334368544,-1.1832683796170613,-0.48910003019691783,4.7025,1,4.7025,6.0,inf
138,1,-0.5940388334368544,-1.1832683796170613,-0.48910003019691783,4.7025,1,4.7025,6.0,inf
138,2,-0.5940388334368544,-1.1832683796170613,-0.48910003019691783,4.7025,1,4.7025,6.0,inf
138,3,-0.5940388334368544,-1.1832683796170613,-0.48910003019691783,4.7025,1,4.7025,6.0,inf
138,4,-0.5940388334368544,-1.1832683796170613,-0.48910003019691783,4.7025,1,4.7025,6.0,inf
138,5,-0.5940388334368544,-1.1832683796170613,-0.48910003019691783,4.7025,1,4.7025,6.0,inf
139,0,0.39038874792197825,-1.3985198792257634,0.8125651229616861,2.505,1,2.505,6.0,inf
139,1,0.39038874792197825,-1.3985198792257634,0.8125651229616861,2.505,1,2.505,6.0,inf
139,2,0.39038874792197825,-1.3985198792257634,0.8125651229616861,2.505,1,2.505,6.0,inf
139,3,0.39038874792197825,-1.3985198792257634,0.8125651229616861,2.505,1,2.505,6.0,inf
139,4,0.39038874792197825,-1.3985198792257634,0.8125651229616861,2.505,1,2.505,6.0,inf
139,5,0.39038874792197825,-1.3985198792257634,0.8125651229616861,2.505,1,2.505,6.0,inf
140,0,1.4845036940179355,1.0049286118259984,-2.2692121546601385,0.5018999999999999,1,0.5018999999999999,6.0,inf
140,1,1.4845036940179355,1.0049286118259984,-2.2692121546601385,0.5018999999999999,1,0.5018999999999999,6.0,inf
140,2,1.4845036940179355,1.0049286118259984,-2.2692121546601385,0.5018999999999999,1,0.5018999999999999,6.0,inf
140,3,1.4845036940179355,1.0049286118259984,-2.2692121546601385,0.5018999999999999,1,0.5018999999999999,6.0,inf
140,4,1.4845036940179355,1.0049286118259984,-2.2692121546601385,0.5018999999999999,1,0.5018999999999999,6.0,inf
140,5,1.4845036940179355,1.0049286118259984,-2.2692121546601385,0.5018999999999999,1,0.5018999999999999,6.0,inf
141,0,1.0124082542516235,1.8265625941836696,-0.5332053329987336,2.6525999999999996,1,2.6525999999999996,6.0,inf
141,1,1.0124082542516235,1.8265625941836696,-0.5332053329987336,2.6525999999999996,1,2.6525999999999996,6.0,inf
141,2,1.0124082542516235,1.8265625941836696,-0.5332053329987336,2.6525999999999996,1,2.6525999999999996,6.0,inf
141,3,1.0124082542516235,1.8265625941836696,-0.5332053329987336,2.6525999999999996,1,2.6525999999999996,6.0,inf
141,4,1.0124082542516235,1.8265625941836696,-0.5332053329987336,2.6525999999999996,1,2.6525999999999996,6.0,inf
141,5,1.0124082542516235,1.8265625941836696,-0.5332053329987336,2.6525999999999996,1,2.6525999999999996,6.0,inf
142,0,0.480184890138533,2.2849760269113517,-1.5320194951581063,1.8164999999999998,1,1.8164999999999998,6.0,inf
142,1,0.480184890138533,2.2849760269113517,-1.5320194951581063,1.8164999999999998,1,1.8164999999999998,6.0,inf
142,2,0.480184890138533,2.2849760269113517,-1.5320194951581063,1.8164999999999998,1,1.8164999999999998,6.0,inf
142,3,0.480184890138533,2.2849760269113517,-1.5320194951581063,1.8164999999999998,1,1.8164999999999998,6.0,inf
142,4,0.480184890138533,2.2849760269113517,-1.5320194951581063,1.8164999999999998,1,1.8164999999999998,6.0,inf
142,5,0.480184890138533,2.2849760269113517,-1.5320194951581063,1.8164999999999998,1,1.8164999999999998,6.0,inf
143,0,0.19171034414472599,0.1343366272561044,-0.10136442741570169,1.7678999999999998,1,1.7678999999999998,6.0,inf
143,1,0.19171034414472599,0.1343366272561044,-0.10136442741570169,1.7678999999999998,1,1.7678999999999998,6.0,inf
143,2,0.19171034414472599,0.1343366272561044,-0.10136442741570169,1.7678999999999998,1,1.7678999999999998,6.0,inf
143,3,0.19171034414472599,0.1343366272561044,-0.10136442741570169,1.7678999999999998,1,1.7678999999999998,6.0,inf
143,4,0.19171034414472599,0.1343366272561044,-0.10136442741570169,1.7678999999999998,1,1.7678999999999998,6.0,inf
143,5,0.19171034414472599,0.1343366272561044,-0.10136442741570169,1.7678999999999998,1,1.7678999999999998,6.0,inf
144,0,1.4624015177073073,0.23209457646614606,-0.29817969827878144,0.0363,1,0.0363,6.0,inf
144,1,1.4624015177073073,0.23209457646614606,-0.29817969827878144,0.0363,1,0.0363,6.0,inf
144,2,1.4624015177073073,0.23209457646614606,-0.29817969827878144,0.0363,1,0.0363,6.0,inf
144,3,1.4624015177073073,0.23209457646614606,-0.29817969827878144,0.0363,1,0.0363,6.0,inf
144,4,1.4624015177073073,0.23209457646614606,-0.29817969827878144,0.0363,1,0.0363,6.0,inf
144,5,1.4624015177073073,0.23209457646614606,-0.29817969827878144,0.0363,1,0.0363,6.0,inf
145,0,2.620526146345664,0.8779896228032947,-2.8976884533754825,0.49829999999999997,1,0.49829999999999997,6.0,inf
145,1,2.620526146345664,0.8779896228032947,-2.8976884533754825,0.49829999999999997,1,0.49829999999999997,6.0,inf
145,2,2.620526146345664,0.8779896228032947,-2.8976884533754825,0.49829999999999997,1,0.49829999999999997,6.0,inf
145,3,2.620526146345664,0.8779896228032947,-2.8976884533754825,0.49829999999999997,1,0.49829999999999997,6.0,inf
145,4,2.620526146345664,0.8779896228032947,-2.8976884533754825,0.49829999999999997,1,0.49829999999999997,6.0,inf
145,5,2.620526146345664,0.8779896228032947,-2.8976884533754825,0.49829999999999997,1,0.49829999999999997,6.0,inf
146,0,1.258637948145183,1.6707520480457587,-0.16072170585322906,0.0657,1,0.0657,6.0,inf
146,1,1.258637948145183,1.6707520480457587,-0.16072170585322906,0.0657,1,0.0657,6.0,inf
146,2,1.258637948145183,1.6707520480457587,-0.16072170585322906,0.0657,1,0.0657,6.0,inf
146,3,1.258637948145183,1.6707520480457587,-0.16072170585322906,0.0657,1,0.0657,6.0,inf
146,4,1.258637948145183,1.6707520480457587,-0.16072170585322906,0.0657,1,0.0657,6.0,inf
146,5,1.258637948145183,1.6707520480457587,-0.16072170585322906,0.0657,1,0.0657,6.0,inf
147,0,-1.0695013492167202,-2.706964456086171,0.3862527731300176,6.0,0,8.0001,6.0,inf
147,1,-1.0695013492167202,-2.706964456086171,0.3862527731300176,6.0,0,8.0001,6.0,inf
147,2,-1.0695013492167202,-2.706964456086171,0.3862527731300176,6.0,0,8.0001,6.0,inf
147,3,-1.0695013492167202,-2.706964456086171,0.3862527731300176,6.0,0,8.0001,6.0,inf
147,4,-1.0695013492167202,-2.706964456086171,0.3862527731300176,6.0,0,8.0001,6.0,inf
147,5,-1.0695013492167202,-2.706964456086171,0.3862527731300176,6.0,0,8.0001,6.0,inf
148,0,-1.5229333848924875,0.5662178521953068,-0.7421950656255952,4.2393,1,4.2393,6.0,inf
148,1,-1.5229333848924875,0.5662178521953068,-0.7421950656255952,4.2393,1,4.2393,6.0,inf
148,2,-1.5229333848924875,0.5662178521953068,-0.7421950656255952,4.2393,1,4.2393,6.0,inf
148,3,-1.5229333848924875,0.5662178521953068,-0.7421950656255952,4.2393,1,4.2393,6.0,inf
148,4,-1.5229333848924875,0.5662178521953068,-0.7421950656255952,4.2393,1,4.2393,6.0,inf
148,5,-1.5229333848924875,0.5662178521953068,-0.7421950656255952,4.2393,1,4.2393,6.0,inf
149,0,-0.042216451789155264,-0.7452735055797091,-0.33778243964323473,6.0,0,6.1743,6.0,inf
149,1,-0.042216451789155264,-0.7452735055797091,-0.33778243964323473,6.0,0,6.1743,6.0,inf
149,2,-0.042216451789155264,-0.7452735055797091,-0.33778243964323473,6.0,0,6.1743,6.0,inf
149,3,-0.042216451789155264,-0.7452735055797091,-0.33778243964323473,6.0,0,6.1743,6.0,inf
149,4,-0.042216451789155264,-0.7452735055797091,-0.33778243964323473,6.0,0,6.1743,6.0,inf
149,5,-0.042216451789155264,-0.7452735055797091,-0.33778243964323473,6.0,0,6.1743,6.0,inf
150,0,-0.2562175524279833,0.34642866786581655,0.7761761674373056,2.1327,1,2.1327,6.0,inf
150,1,-0.2562175524279833,0.34642866786581655,0.7761761674373056,2.1327,1,2.1327,6.0,inf
150,2,-0.2562175524279833,0.34642866786581655,0.7761761674373056,2.1327,1,2.1327,6.0,inf
150,3,-0.2562175524279833,0.34642866786581655,0.7761761674373056,2.1327,1,2.1327,6.0,inf
150,4,-0.2562175524279833,0.34642866786581655,0.7761761674373056,2.1327,1,2.1327,6.0,inf
150,5,-0.2562175524279833,0.34642866786581655,0.7761761674373056,2.1327,1,2.1327,6.0,inf
151,0,1.3573861081191743,1.6605365400345165,-1.1766074173532146,0.5351999999999999,1,0.5351999999999999,6.0,inf
151,1,1.3573861081191743,1.6605365400345165,-1.1766074173532146,0.5351999999999999,1,0.5351999999999999,6.0,inf
151,2,1.3573861081191743,1.6605365400345165,-1.1766074173532146,0.5351999999999999,1,0.5351999999999999,6.0,inf
151,3,1.3573861081191743,1.6605365400345165,-1.1766074173532146,0.5351999999999999,1,0.5351999999999999,6.0,inf
151,4,1.3573861081191743,1.6605365400345165,-1.1766074173532146,0.5351999999999999,1,0.5351999999999999,6.0,inf
151,5,1.3573861081191743,1.6605365400345165,-1.1766074173532146,0.5351999999999999,1,0.5351999999999999,6.0,inf
152,0,0.44003299123037937,1.4608313107713924,0.09178799779313608,1.1747999999999998,1,1.1747999999999998,6.0,inf
152,1,0.44003299123037937,1.4608313107713924,0.09178799779313608,1.1747999999999998,1,1.1747999999999998,6.0,inf
152,2,0.44003299123037937,1.4608313107713924,0.09178799779313608,1.1747999999999998,1,1.1747999999999998,6.0,inf
152,3,0.44003299123037937,1.4608313107713924,0.09178799779313608,1.1747999999999998,1,1.1747999999999998,6.0,inf
152,4,0.44003299123037937,1.4608313107713924,0.09178799779313608,1.1747999999999998,1,1.1747999999999998,6.0,inf
152,5,0.44003299123037937,1.4608313107713924,0.09178799779313608,1.1747999999999998,1,1.1747999999999998,6.0,inf
153,0,-0.07249430628868081,-1.118831145953759,-1.505064639019708,6.0,0,7.0158,6.0,inf
153,1,-0.07249430628868081,-1.118831145953759,-1.505064639019708,6.0,0,7.0158,6.0,inf
153,2,-0.07249430628868081,-1.118831145953759,-1.505064639019708,6.0,0,7.0158,6.0,inf
153,3,-0.07249430628868081,-1.118831145953759,-1.505064639019708,6.0,0,7.0158,6.0,inf
153,4,-0.07249430628868081,-1.118831145953759,-1.505064639019708,6.0,0,7.0158,6.0,inf
153,5,-0.07249430628868081,-1.118831145953759,-1.505064639019708,6.0,0,7.0158,6.0,inf
154,0,-0.45885902310234644,0.2368137920373518,0.14127855688723526,2.4920999999999998,1,2.4920999999999998,6.0,inf
154,1,-0.45885902310234644,0.2368137920373518,0.14127855688723526,2.4920999999999998,1,2.4920999999999998,6.0,inf
154,2,-0.45885902310234644,0.2368137920373518,0.14127855688723526,2.4920999999999998,1,2.4920999999999998,6.0,inf
154,3,-0.45885902310234644,0.2368137920373518,0.14127855688723526,2.4920999999999998,1,2.4920999999999998,6.0,inf
154,4,-0.45885902310234644,0.2368137920373518,0.14127855688723526,2.4920999999999998,1,2.4920999999999998,6.0,inf
154,5,-0.45885902310234644,0.2368137920373518,0.14127855688723526,2.4920999999999998,1,2.4920999999999998,6.0,inf
155,0,-0.2888606833367845,0.8320454355004615,-0.09234865603194738,2.7344999999999997,1,2.7344999999999997,6.0,inf
155,1,-0.2888606833367845,0.8320454355004615,-0.09234865603194738,2.7344999999999997,1,2.7344999999999997,6.0,inf
155,2,-0.2888606833367845,0.8320454355004615,-0.09234865603194738,2.7344999999999997,1,2.7344999999999997,6.0,inf
155,3,-0.2888606833367845,0.8320454355004615,-0.09234865603194738,2.7344999999999997,1,2.7344999999999997,6.0,inf
155,4,-0.2888606833367845,0.8320454355004615,-0.09234865603194738,2.7344999999999997,1,2.7344999999999997,6.0,inf
155,5,-0.2888606833367845,0.8320454355004615,-0.09234865603194738,2.7344999999999997,1,2.7344999999999997,6.0,inf
156,0,1.7054841458955197,1.4932532466596908,-0.6825684908216284,0.2718,1,0.2718,6.0,inf
156,1,1.7054841458955197,1.4932532466596908,-0.6825684908216284,0.2718,1,0.2718,6.0,inf
156,2,1.7054841458955197,1.4932532466596908,-0.6825684908216284,0.2718,1,0.2718,6.0,inf
156,3,1.7054841458955197,1.4932532466596908,-0.6825684908216284,0.2718,1,0.2718,6.0,inf
156,4,1.7054841458955197,1.4932532466596908,-0.6825684908216284,0.2718,1,0.2718,6.0,inf
156,5,1.7054841458955197,1.4932532466596908,-0.6825684908216284,0.2718,1,0.2718,6.0,inf
157,0,1.4320715203937846,0.500753419943491,-0.9743627628856675,3.4541999999999997,1,3.4541999999999997,6.0,inf
157,1,1.4320715203937846,0.500753419943491,-0.9743627628856675,3.4541999999999997,1,3.4541999999999997,6.0,inf
157,2,1.4320715203937846,0.500753419943491,-0.9743627628856675,3.4541999999999997,1,3.4541999999999997,6.0,inf
157,3,1.4320715203937846,0.500753419943491,-0.9743627628856675,3.4541999999999997,1,3.4541999999999997,6.0,inf
157,4,1.4320715203937846,0.500753419943491,-0.9743627628856675,3.4541999999999997,1,3.4541999999999997,6.0,inf
157,5,1.4320715203937846,0.500753419943491,-0.9743627628856675,3.4541999999999997,1,3.4541999999999997,6.0,inf
158,0,-0.10587165164781596,-1.7114643328724437,0.611643528451046,5.9624999999999995,1,5.9624999999999995,6.0,inf
158,1,-0.10587165164781596,-1.7114643328724437,0.611643528451046,5.9624999999999995,1,5.9624999999999995,6.0,inf
158,2,-0.10587165164781596,-1.7114643328724437,0.611643528451046,5.9624999999999995,1,5.9624999999999995,6.0,inf
158,3,-0.10587165164781596,-1.7114643328724437,0.611643528451046,5.9624999999999995,1,5.9624999999999995,6.0,inf
158,4,-0.10587165164781596,-1.7114643328724437,0.611643528451046,5.9624999999999995,1,5.9624999999999995,6.0,inf
158,5,-0.10587165164781596,-1.7114643328724437,0.611643528451046,5.9624999999999995,1,5.9624999999999995,6.0,inf
159,0,-1.3366547937112558,-2.3850923051463746,0.6368658409492809,0.5811,1,0.5811,6.0,inf
159,1,-1.3366547937112558,-2.3850923051463746,0.6368658409492809,0.5811,1,0.5811,6.0,inf
159,2,-1.3366547937112558,-2.3850923051463746,0.6368658409492809,0.5811,1,0.5811,6.0,inf
159,3,-1.3366547937112558,-2.3850923051463746,0.6368658409492809,0.5811,1,0.5811,6.0,inf
159,4,-1.3366547937112558,-2.3850923051463746,0.6368658409492809,0.5811,1,0.5811,6.0,inf
159,5,-1.3366547937112558,-2.3850923051463746,0.6368658409492809,0.5811,1,0.5811,6.0,inf
160,0,-0.6245621359115044,-0.15128436974412235,1.2169462269653386,0.6324,1,0.6324,6.0,inf
160,1,-0.6245621359115044,-0.15128436974412235,1.2169462269653386,0.6324,1,0.6324,6.0,inf
160,2,-0.6245621359115044,-0.15128436974412235,1.2169462269653386,0.6324,1,0.6324,6.0,inf
160,3,-0.6245621359115044,-0.15128436974412235,1.2169462269653386,0.6324,1,0.6324,6.0,inf
160,4,-0.6245621359115044,-0.15128436974412235,1.2169462269653386,0.6324,1,0.6324,6.0,inf
160,5,-0.6245621359115044,-0.15128436974412235,1.2169462269653386,0.6324,1,0.6324,6.0,inf
161,0,-0.489897504393459,0.7001409803671869,-0.8116942911983578,2.0067,1,2.0067,6.0,inf
161,1,-0.489897504393459,0.7001409803671869,-0.8116942911983578,2.0067,1,2.0067,6.0,inf
161,2,-0.489897504393459,0.7001409803671869,-0.8116942911983578,2.0067,1,2.0067,6.0,inf
161,3,-0.489897504393459,0.7001409803671869,-0.8116942911983578,2.0067,1,2.0067,6.0,inf
161,4,-0.489897504393459,0.7001409803671869,-0.8116942911983578,2.0067,1,2.0067,6.0,inf
161,5,-0.489897504393459,0.7001409803671869,-0.8116942911983578,2.0067,1,2.0067,6.0,inf
162,0,-0.12829913729722603,-0.27425431183152615,-0.4681473468052358,2.8127999999999997,1,2.8127999999999997,6.0,inf
162,1,-0.12829913729722603,-0.27425431183152615,-0.4681473468052358,2.8127999999999997,1,2.8127999999999997,6.0,inf
162,2,-0.12829913729722603,-0.27425431183152615,-0.4681473468052358,2.8127999999999997,1,2.8127999999999997,6.0,inf
162,3,-0.12829913729722603,-0.27425431183152615,-0.4681473468052358,2.8127999999999997,1,2.8127999999999997,6.0,inf
162,4,-0.12829913729722603,-0.27425431183152615,-0.4681473468052358,2.8127999999999997,1,2.8127999999999997,6.0,inf
162,5,-0.12829913729722603,-0.27425431183152615,-0.4681473468052358,2.8127999999999997,1,2.8127999999999997,6.0,inf
163,0,-0.7228426457760605,-0.8551773526147354,-2.335160340261259,6.0,0,8.0001,6.0,inf
163,1,-0.7228426457760605,-0.8551773526147354,-2.335160340261259,6.0,0,8.0001,6.0,inf
163,2,-0.7228426457760605,-0.8551773526147354,-2.335160340261259,6.0,0,8.0001,6.0,inf
163,3,-0.7228426457760605,-0.8551773526147354,-2.335160340261259,6.0,0,8.0001,6.0,inf
163,4,-0.7228426457760605,-0.8551773526147354,-2.335160340261259,6.0,0,8.0001,6.0,inf
163,5,-0.7228426457760605,-0.8551773526147354,-2.335160340261259,6.0,0,8.0001,6.0,inf
164,0,0.32393258449720225,0.2976294864523374,0.8826077330166086,1.7312999999999998,1,1.7312999999999998,6.0,inf
164,1,0.32393258449720225,0.2976294864523374,0.8826077330166086,1.7312999999999998,1,1.7312999999999998,6.0,inf
164,2,0.32393258449720225,0.2976294864523374,0.8826077330166086,1.7312999999999998,1,1.7312999999999998,6.0,inf
164,3,0.32393258449720225,0.2976294864523374,0.8826077330166086,1.7312999999999998,1,1.7312999999999998,6.0,inf
164,4,0.32393258449720225,0.2976294864523374,0.8826077330166086,1.7312999999999998,1,1.7312999999999998,6.0,inf
164,5,0.32393258449720225,0.2976294864523374,0.8826077330166086,1.7312999999999998,1,1.7312999999999998,6.0,inf
165,0,0.3975011516124835,-0.7596399589807763,-0.8346643700222743,4.708799999999999,1,4.708799999999999,6.0,inf
165,1,0.3975011516124835,-0.7596399589807763,-0.8346643700222743,4.708799999999999,1,4.708799999999999,6.0,inf
165,2,0.3975011516124835,-0.7596399589807763,-0.8346643700222743,4.708799999999999,1,4.708799999999999,6.0,inf
165,3,0.3975011516124835,-0.7596399589807763,-0.8346643700222743,4.708799999999999,1,4.708799999999999,6.0,inf
165,4,0.3975011516124835,-0.7596399589807763,-0.8346643700222743,4.708799999999999,1,4.708799999999999,6.0,inf
165,5,0.3975011516124835,-0.7596399589807763,-0.8346643700222743,4.708799999999999,1,4.708799999999999,6.0,inf
166,0,-0.7069856248538018,-0.3079415301789085,0.2849593427271719,2.0183999999999997,1,2.0183999999999997,6.0,inf
166,1,-0.7069856248538018,-0.3079415301789085,0.2849593427271719,2.0183999999999997,1,2.0183999999999997,6.0,inf
166,2,-0.7069856248538018,-0.3079415301789085,0.2849593427271719,2.0183999999999997,1,2.0183999999999997,6.0,inf
166,3,-0.7069856248538018,-0.3079415301789085,0.2849593427271719,2.0183999999999997,1,2.0183999999999997,6.0,inf
166,4,-0.7069856248538018,-0.3079415301789085,0.2849593427271719,2.0183999999999997,1,2.0183999999999997,6.0,inf
166,5,-0.7069856248538018,-0.3079415301789085,0.2849593427271719,2.0183999999999997,1,2.0183999999999997,6.0,inf
167,0,-2.1764329731601046,0.49758396040044317,0.15507404911800593,6.0,0,6.0492,6.0,inf
167,1,-2.1764329731601046,0.49758396040044317,0.15507404911800593,6.0,0,6.0492,6.0,inf
167,2,-2.1764329731601046,0.49758396040044317,0.15507404911800593,6.0,0,6.0492,6.0,inf
167,3,-2.1764329731601046,0.49758396040044317,0.15507404911800593,6.0,0,6.0492,6.0,inf
167,4,-2.1764329731601046,0.49758396040044317,0.15507404911800593,6.0,0,6.0492,6.0,inf
167,5,-2.1764329731601046,0.49758396040044317,0.15507404911800593,6.0,0,6.0492,6.0,inf
168,0,-0.263025292131744,0.3630450524855855,0.5703872563565909,1.8581999999999999,1,1.8581999999999999,6.0,inf
168,1,-0.263025292131744,0.3630450524855855,0.5703872563565909,1.8581999999999999,1,1.8581999999999999,6.0,inf
168,2,-0.263025292131744,0.3630450524855855,0.5703872563565909,1.8581999999999999,1,1.8581999999999999,6.0,inf
168,3,-0.263025292131744,0.3630450524855855,0.5703872563565909,1.8581999999999999,1,1.8581999999999999,6.0,inf
168,4,-0.263025292131744,0.3630450524855855,0.5703872563565909,1.8581999999999999,1,1.8581999999999999,6.0,inf
168,5,-0.263025292131744,0.3630450524855855,0.5703872563565909,1.8581999999999999,1,1.8581999999999999,6.0,inf
169,0,-0.15363830552272192,-0.39950231218302407,-1.0557965181858815,0.8726999999999999,1,0.8726999999999999,6.0,inf
169,1,-0.15363830552272192,-0.39950231218302407,-1.0557965181858815,0.8726999999999999,1,0.8726999999999999,6.0,inf
169,2,-0.15363830552272192,-0.39950231218302407,-1.0557965181858815,0.8726999999999999,1,0.8726999999999999,6.0,inf
169,3,-0.15363830552272192,-0.39950231218302407,-1.0557965181858815,0.8726999999999999,1,0.8726999999999999,6.0,inf
169,4,-0.15363830552272192,-0.39950231218302407,-1.0557965181858815,0.8726999999999999,1,0.8726999999999999,6.0,inf
169,5,-0.15363830552272192,-0.39950231218302407,-1.0557965181858815,0.8726999999999999,1,0.8726999999999999,6.0,inf
170,0,0.7676944153261318,-0.3340932856560593,0.23594182457981533,0.5565,1,0.5565,6.0,inf
170,1,0.7676944153261318,-0.3340932856560593,0.23594182457981533,0.5565,1,0.5565,6.0,inf
170,2,0.7676944153261318,-0.3340932856560593,0.23594182457981533,0.5565,1,0.5565,6.0,inf
170,3,0.7676944153261318,-0.3340932856560593,0.23594182457981533,0.5565,1,0.5565,6.0,inf
170,4,0.7676944153261318,-0.3340932856560593,0.23594182457981533,0.5565,1,0.5565,6.0,inf
170,5,0.7676944153261318,-0.3340932856560593,0.23594182457981533,0.5565,1,0.5565,6.0,inf
171,0,-0.22138435758398847,0.5108329211036864,-0.34430355604818913,2.5284,1,2.5284,6.0,inf
171,1,-0.22138435758398847,0.5108329211036864,-0.34430355604818913,2.5284,1,2.5284,6.0,inf
171,2,-0.22138435758398847,0.5108329211036864,-0.34430355604818913,2.5284,1,2.5284,6.0,inf
171,3,-0.22138435758398847,0.5108329211036864,-0.34430355604818913,2.5284,1,2.5284,6.0,inf
171,4,-0.22138435758398847,0.5108329211036864,-0.34430355604818913,2.5284,1,2.5284,6.0,inf
171,5,-0.22138435758398847,0.5108329211036864,-0.34430355604818913,2.5284,1,2.5284,6.0,inf
172,0,0.1768383667276783,0.41838908982879236,0.4323293606629334,0.6282,1,0.6282,6.0,inf
172,1,0.1768383667276783,0.41838908982879236,0.4323293606629334,0.6282,1,0.6282,6.0,inf
172,2,0.1768383667276783,0.41838908982879236,0.4323293606629334,0.6282,1,0.6282,6.0,inf
172,3,0.1768383667276783,0.41838908982879236,0.4323293606629334,0.6282,1,0.6282,6.0,inf
172,4,0.1768383667276783,0.41838908982879236,0.4323293606629334,0.6282,1,0.6282,6.0,inf
172,5,0.1768383667276783,0.41838908982879236,0.4323293606629334,0.6282,1,0.6282,6.0,inf
173,0,0.6565365273659546,0.2963038448048356,0.16516669258920502,2.0787,1,2.0787,6.0,inf
173,1,0.6565365273659546,0.2963038448048356,0.16516669258920502,2.0787,1,2.0787,6.0,inf
173,2,0.6565365273659546,0.2963038448048356,0.16516669258920502,2.0787,1,2.0787,6.0,inf
173,3,0.6565365273659546,0.2963038448048356,0.16516669258920502,2.0787,1,2.0787,6.0,inf
173,4,0.6565365273659546,0.2963038448048356,0.16516669258920502,2.0787,1,2.0787,6.0,inf
173,5,0.6565365273659546,0.2963038448048356,0.16516669258920502,2.0787,1,2.0787,6.0,inf
174,0,-1.18507525100837,0.2964552290233665,-0.3238072383178806,6.0,0,8.0001,6.0,inf
174,1,-1.18507525100837,0.2964552290233665,-0.3238072383178806,6.0,0,8.0001,6.0,inf
174,2,-1.18507525100837,0.2964552290233665,-0.3238072383178806,6.0,0,8.0001,6.0,inf
174,3,-1.18507525100837,0.2964552290233665,-0.3238072383178806,6.0,0,8.0001,6.0,inf
174,4,-1.18507525100837,0.2964552290233665,-0.3238072383178806,6.0,0,8.0001,6.0,inf
174,5,-1.18507525100837,0.2964552290233665,-0.3238072383178806,6.0,0,8.0001,6.0,inf
175,0,-0.8822446749839992,-0.07238959453665987,-0.3993898275798233,3.6809999999999996,1,3.6809999999999996,6.0,inf
175,1,-0.8822446749839992,-0.07238959453665987,-0.3993898275798233,3.6809999999999996,1,3.6809999999999996,6.0,inf
175,2,-0.8822446749839992,-0.07238959453665987,-0.3993898275798233,3.6809999999999996,1,3.6809999999999996,6.0,inf
175,3,-0.8822446749839992,-0.07238959453665987,-0.3993898275798233,3.6809999999999996,1,3.6809999999999996,6.0,inf
175,4,-0.8822446749839992,-0.07238959453665987,-0.3993898275798233,3.6809999999999996,1,3.6809999999999996,6.0,inf
175,5,-0.8822446749839992,-0.07238959453665987,-0.3993898275798233,3.6809999999999996,1,3.6809999999999996,6.0,inf
176,0,0.8351435355256704,0.8567849809658566,0.16878993009575116,0.8396999999999999,1,0.8396999999999999,6.0,inf
176,1,0.8351435355256704,0.8567849809658566,0.16878993009575116,0.8396999999999999,1,0.8396999999999999,6.0,inf
176,2,0.8351435355256704,0.8567849809658566,0.16878993009575116,0.8396999999999999,1,0.8396999999999999,6.0,inf
176,3,0.8351435355256704,0.8567849809658566,0.16878993009575116,0.8396999999999999,1,0.8396999999999999,6.0,inf
176,4,0.8351435355256704,0.8567849809658566,0.16878993009575116,0.8396999999999999,1,0.8396999999999999,6.0,inf
176,5,0.8351435355256704,0.8567849809658566,0.16878993009575116,0.8396999999999999,1,0.8396999999999999,6.0,inf
177,0,-0.20460099064572657,0.078885370127597,0.36758111583069597,0.8525999999999999,1,0.8525999999999999,6.0,inf
177,1,-0.20460099064572657,0.078885370127597,0.36758111583069597,0.8525999999999999,1,0.8525999999999999,6.0,inf
177,2,-0.20460099064572657,0.078885370127597,0.36758111583069597,0.8525999999999999,1,0.8525999999999999,6.0,inf
177,3,-0.20460099064572657,0.078885370127597,0.36758111583069597,0.8525999999999999,1,0.8525999999999999,6.0,inf
177,4,-0.20460099064572657,0.078885370127597,0.36758111583069597,0.8525999999999999,1,0.8525999999999999,6.0,inf
177,5,-0.20460099064572657,0.078885370127597,0.36758111583069597,0.8525999999999999,1,0.8525999999999999,6.0,inf
178,0,0.8253553179124072,0.5831029511611685,-1.9274285964949482,0.564,1,0.564,6.0,inf
178,1,0.8253553179124072,0.5831029511611685,-1.9274285964949482,0.564,1,0.564,6.0,inf
178,2,0.8253553179124072,0.5831029511611685,-1.9274285964949482,0.564,1,0.564,6.0,inf
178,3,0.8253553179124072,0.5831029511611685,-1.9274285964949482,0.564,1,0.564,6.0,inf
178,4,0.8253553179124072,0.5831029511611685,-1.9274285964949482,0.564,1,0.564,6.0,inf
178,5,0.8253553179124072,0.5831029511611685,-1.9274285964949482,0.564,1,0.564,6.0,inf
179,0,1.793493472963328,0.09693902322302281,1.4019788219034839,1.1666999999999998,1,1.1666999999999998,6.0,inf
179,1,1.793493472963328,0.09693902322302281,1.4019788219034839,1.1666999999999998,1,1.1666999999999998,6.0,inf
179,2,1.793493472963328,0.09693902322302281,1.4019788219034839,1.1666999999999998,1,1.1666999999999998,6.0,inf
179,3,1.793493472963328,0.09693902322302281,1.4019788219034839,1.1666999999999998,1,1.1666999999999998,6.0,inf
179,4,1.793493472963328,0.09693902322302281,1.4019788219034839,1.1666999999999998,1,1.1666999999999998,6.0,inf
179,5,1.793493472963328,0.09693902322302281,1.4019788219034839,1.1666999999999998,1,1.1666999999999998,6.0,inf
180,0,-1.4056472330807273,0.5507476631761807,1.6188161239503798,1.0193999999999999,1,1.0193999999999999,6.0,inf
180,1,-1.4056472330807273,0.5507476631761807,1.6188161239503798,1.0193999999999999,1,1.0193999999999999,6.0,inf
180,2,-1.4056472330807273,0.5507476631761807,1.6188161239503798,1.0193999999999999,1,1.0193999999999999,6.0,inf
180,3,-1.4056472330807273,0.5507476631761807,1.6188161239503798,1.0193999999999999,1,1.0193999999999999,6.0,inf
180,4,-1.4056472330807273,0.5507476631761807,1.6188161239503798,1.0193999999999999,1,1.0193999999999999,6.0,inf
180,5,-1.4056472330807273,0.5507476631761807,1.6188161239503798,1.0193999999999999,1,1.0193999999999999,6.0,inf
181,0,0.4601938690775776,0.7593261178125923,-0.6672586471591584,2.0097,1,2.0097,6.0,inf
181,1,0.4601938690775776,0.7593261178125923,-0.6672586471591584,2.0097,1,2.0097,6.0,inf
181,2,0.4601938690775776,0.7593261178125923,-0.6672586471591584,2.0097,1,2.0097,6.0,inf
181,3,0.4601938690775776,0.7593261178125923,-0.6672586471591584,2.0097,1,2.0097,6.0,inf
181,4,0.4601938690775776,0.7593261178125923,-0.6672586471591584,2.0097,1,2.0097,6.0,inf
181,5,0.4601938690775776,0.7593261178125923,-0.6672586471591584,2.0097,1,2.0097,6.0,inf
182,0,0.9738647972441347,-1.0166490265476449,1.0010666772710912,3.5664,1,3.5664,6.0,inf
182,1,0.9738647972441347,-1.0166490265476449,1.0010666772710912,3.5664,1,3.5664,6.0,inf
182,2,0.9738647972441347,-1.0166490265476449,1.0010666772710912,3.5664,1,3.5664,6.0,inf
182,3,0.9738647972441347,-1.0166490265476449,1.0010666772710912,3.5664,1,3.5664,6.0,inf
182,4,0.9738647972441347,-1.0166490265476449,1.0010666772710912,3.5664,1,3.5664,6.0,inf
182,5,0.9738647972441347,-1.0166490265476449,1.0010666772710912,3.5664,1,3.5664,6.0,inf
183,0,0.2020048575650079,0.9037325587060853,0.1596922478320479,0.2418,1,0.2418,6.0,inf
183,1,0.2020048575650079,0.9037325587060853,0.1596922478320479,0.2418,1,0.2418,6.0,inf
183,2,0.2020048575650079,0.9037325587060853,0.1596922478320479,0.2418,1,0.2418,6.0,inf
183,3,0.2020048575650079,0.9037325587060853,0.1596922478320479,0.2418,1,0.2418,6.0,inf
183,4,0.2020048575650079,0.9037325587060853,0.1596922478320479,0.2418,1,0.2418,6.0,inf
183,5,0.2020048575650079,0.9037325587060853,0.1596922478320479,0.2418,1,0.2418,6.0,inf
184,0,-1.1168433974233984,-0.5568455861497804,-0.6840108663810156,6.0,0,8.0001,6.0,inf
184,1,-1.1168433974233984,-0.5568455861497804,-0.6840108663810156,6.0,0,8.0001,6.0,inf
184,2,-1.1168433974233984,-0.5568455861497804,-0.6840108663810156,6.0,0,8.0001,6.0,inf
184,3,-1.1168433974233984,-0.5568455861497804,-0.6840108663810156,6.0,0,8.0001,6.0,inf
184,4,-1.1168433974233984,-0.5568455861497804,-0.6840108663810156,6.0,0,8.0001,6.0,inf
184,5,-1.1168433974233984,-0.5568455861497804,-0.6840108663810156,6.0,0,8.0001,6.0,inf
185,0,0.7509636778328674,-0.0311161981971507,-0.2594435963813916,2.2962,1,2.2962,6.0,inf
185,1,0.7509636778328674,-0.0311161981971507,-0.2594435963813916,2.2962,1,2.2962,6.0,inf
185,2,0.7509636778328674,-0.0311161981971507,-0.2594435963813916,2.2962,1,2.2962,6.0,inf
185,3,0.7509636778328674,-0.0311161981971507,-0.2594435963813916,2.2962,1,2.2962,6.0,inf
185,4,0.7509636778328674,-0.0311161981971507,-0.2594435963813916,2.2962,1,2.2962,6.0,inf
185,5,0.7509636778328674,-0.0311161981971507,-0.2594435963813916,2.2962,1,2.2962,6.0,inf
186,0,-0.08966606885319538,1.1535504802503043,2.2530123947344385,0.8084999999999999,1,0.8084999999999999,6.0,inf
186,1,-0.08966606885319538,1.1535504802503043,2.2530123947344385,0.8084999999999999,1,0.8084999999999999,6.0,inf
186,2,-0.08966606885319538,1.1535504802503043,2.2530123947344385,0.8084999999999999,1,0.8084999999999999,6.0,inf
186,3,-0.08966606885319538,1.1535504802503043,2.2530123947344385,0.8084999999999999,1,0.8084999999999999,6.0,inf
186,4,-0.08966606885319538,1.1535504802503043,2.2530123947344385,0.8084999999999999,1,0.8084999999999999,6.0,inf
186,5,-0.08966606885319538,1.1535504802503043,2.2530123947344385,0.8084999999999999,1,0.8084999999999999,6.0,inf
187,0,-0.5357740755919657,1.6841013798003643,-0.6312152954465701,3.7064999999999997,1,3.7064999999999997,6.0,inf
187,1,-0.5357740755919657,1.6841013798003643,-0.6312152954465701,3.7064999999999997,1,3.7064999999999997,6.0,inf
187,2,-0.5357740755919657,1.6841013798003643,-0.6312152954465701,3.7064999999999997,1,3.7064999999999997,6.0,inf
187,3,-0.5357740755919657,1.6841013798003643,-0.6312152954465701,3.7064999999999997,1,3.7064999999999997,6.0,inf
187,4,-0.5357740755919657,1.6841013798003643,-0.6312152954465701,3.7064999999999997,1,3.7064999999999997,6.0,inf
187,5,-0.5357740755919657,1.6841013798003643,-0.6312152954465701,3.7064999999999997,1,3.7064999999999997,6.0,inf
188,0,-0.129062937913767,0.09121021102290938,0.5936526691144305,1.3115999999999999,1,1.3115999999999999,6.0,inf
188,1,-0.129062937913767,0.09121021102290938,0.5936526691144305,1.3115999999999999,1,1.3115999999999999,6.0,inf
188,2,-0.129062937913767,0.09121021102290938,0.5936526691144305,1.3115999999999999,1,1.3115999999999999,6.0,inf
188,3,-0.129062937913767,0.09121021102290938,0.5936526691144305,1.3115999999999999,1,1.3115999999999999,6.0,inf
188,4,-0.129062937913767,0.09121021102290938,0.5936526691144305,1.3115999999999999,1,1.3115999999999999,6.0,inf
188,5,-0.129062937913767,0.09121021102290938,0.5936526691144305,1.3115999999999999,1,1.3115999999999999,6.0,inf
189,0,0.00912563763238891,-0.671684530710593,1.2464190234337713,5.2371,1,5.2371,6.0,inf
189,1,0.00912563763238891,-0.671684530710593,1.2464190234337713,5.2371,1,5.2371,6.0,inf
189,2,0.00912563763238891,-0.671684530710593,1.2464190234337713,5.2371,1,5.2371,6.0,inf
189,3,0.00912563763238891,-0.671684530710593,1.2464190234337713,5.2371,1,5.2371,6.0,inf
189,4,0.00912563763238891,-0.671684530710593,1.2464190234337713,5.2371,1,5.2371,6.0,inf
189,5,0.00912563763238891,-0.671684530710593,1.2464190234337713,5.2371,1,5.2371,6.0,inf
190,0,-0.017865671094524718,0.5072590874263342,0.5217606545934216,1.4196,1,1.4196,6.0,inf
190,1,-0.017865671094524718,0.5072590874263342,0.5217606545934216,1.4196,1,1.4196,6.0,inf
190,2,-0.017865671094524718,0.5072590874263342,0.5217606545934216,1.4196,1,1.4196,6.0,inf
190,3,-0.017865671094524718,0.5072590874263342,0.5217606545934216,1.4196,1,1.4196,6.0,inf
190,4,-0.017865671094524718,0.5072590874263342,0.5217606545934216,1.4196,1,1.4196,6.0,inf
190,5,-0.017865671094524718,0.5072590874263342,0.5217606545934216,1.4196,1,1.4196,6.0,inf
191,0,-1.0941671914486741,-0.5034713522677794,-0.2529297042133699,2.2053,1,2.2053,6.0,inf
191,1,-1.0941671914486741,-0.5034713522677794,-0.2529297042133699,2.2053,1,2.2053,6.0,inf
191,2,-1.0941671914486741,-0.5034713522677794,-0.2529297042133699,2.2053,1,2.2053,6.0,inf
191,3,-1.0941671914486741,-0.5034713522677794,-0.2529297042133699,2.2053,1,2.2053,6.0,inf
191,4,-1.0941671914486741,-0.5034713522677794,-0.2529297042133699,2.2053,1,2.2053,6.0,inf
191,5,-1.0941671914486741,-0.5034713522677794,-0.2529297042133699,2.2053,1,2.2053,6.0,inf
192,0,0.4243796769322598,-1.2948594425856494,-2.3878215208862996,4.1892,1,4.1892,6.0,inf
192,1,0.4243796769322598,-1.2948594425856494,-2.3878215208862996,4.1892,1,4.1892,6.0,inf
192,2,0.4243796769322598,-1.2948594425856494,-2.3878215208862996,4.1892,1,4.1892,6.0,inf
192,3,0.4243796769322598,-1.2948594425856494,-2.3878215208862996,4.1892,1,4.1892,6.0,inf
192,4,0.4243796769322598,-1.2948594425856494,-2.3878215208862996,4.1892,1,4.1892,6.0,inf
192,5,0.4243796769322598,-1.2948594425856494,-2.3878215208862996,4.1892,1,4.1892,6.0,inf
193,0,0.3619102265701706,-0.39535570995261593,0.3128608493358,3.3200999999999996,1,3.3200999999999996,6.0,inf
193,1,0.3619102265701706,-0.39535570995261593,0.3128608493358,3.3200999999999996,1,3.3200999999999996,6.0,inf
193,2,0.3619102265701706,-0.39535570995261593,0.3128608493358,3.3200999999999996,1,3.3200999999999996,6.0,inf
193,3,0.3619102265701706,-0.39535570995261593,0.3128608493358,3.3200999999999996,1,3.3200999999999996,6.0,inf
193,4,0.3619102265701706,-0.39535570995261593,0.3128608493358,3.3200999999999996,1,3.3200999999999996,6.0,inf
193,5,0.3619102265701706,-0.39535570995261593,0.3128608493358,3.3200999999999996,1,3.3200999999999996,6.0,inf
194,0,-0.378324836111771,-0.551061523949752,-0.6829726290447232,2.2377,1,2.2377,6.0,inf
194,1,-0.378324836111771,-0.551061523949752,-0.6829726290447232,2.2377,1,2.2377,6.0,inf
194,2,-0.378324836111771,-0.551061523949752,-0.6829726290447232,2.2377,1,2.2377,6.0,inf
194,3,-0.378324836111771,-0.551061523949752,-0.6829726290447232,2.2377,1,2.2377,6.0,inf
194,4,-0.378324836111771,-0.551061523949752,-0.6829726290447232,2.2377,1,2.2377,6.0,inf
194,5,-0.378324836111771,-0.551061523949752,-0.6829726290447232,2.2377,1,2.2377,6.0,inf
195,0,-0.4849401515805733,-1.9695696395923699,1.1492786403791315,1.2377999999999998,1,1.2377999999999998,6.0,inf
195,1,-0.4849401515805733,-1.9695696395923699,1.1492786403791315,1.2377999999999998,1,1.2377999999999998,6.0,inf
195,2,-0.4849401515805733,-1.9695696395923699,1.1492786403791315,1.2377999999999998,1,1.2377999999999998,6.0,inf
195,3,-0.4849401515805733,-1.9695696395923699,1.1492786403791315,1.2377999999999998,1,1.2377999999999998,6.0,inf
195,4,-0.4849401515805733,-1.9695696395923699,1.1492786403791315,1.2377999999999998,1,1.2377999999999998,6.0,inf
195,5,-0.4849401515805733,-1.9695696395923699,1.1492786403791315,1.2377999999999998,1,1.2377999999999998,6.0,inf
196,0,-1.2571245517097174,0.3293264205620056,-0.39251345554711875,6.0,0,8.0001,6.0,inf
196,1,-1.2571245517097174,0.3293264205620056,-0.39251345554711875,6.0,0,8.0001,6.0,inf
196,2,-1.2571245517097174,0.3293264205620056,-0.39251345554711875,6.0,0,8.0001,6.0,inf
196,3,-1.2571245517097174,0.3293264205620056,-0.39251345554711875,6.0,0,8.0001,6.0,inf
196,4,-1.2571245517097174,0.3293264205620056,-0.39251345554711875,6.0,0,8.0001,6.0,inf
196,5,-1.2571245517097174,0.3293264205620056,-0.39251345554711875,6.0,0,8.0001,6.0,inf
197,0,1.317666971861376,-0.3908575945028534,0.4407411491666206,2.3135999999999997,1,2.3135999999999997,6.0,inf
197,1,1.317666971861376,-0.3908575945028534,0.4407411491666206,2.3135999999999997,1,2.3135999999999997,6.0,inf
197,2,1.317666971861376,-0.3908575945028534,0.4407411491666206,2.3135999999999997,1,2.3135999999999997,6.0,inf
197,3,1.317666971861376,-0.3908575945028534,0.4407411491666206,2.3135999999999997,1,2.3135999999999997,6.0,inf
197,4,1.317666971861376,-0.3908575945028534,0.4407411491666206,2.3135999999999997,1,2.3135999999999997,6.0,inf
197,5,1.317666971861376,-0.3908575945028534,0.4407411491666206,2.3135999999999997,1,2.3135999999999997,6.0,inf
198,0,1.3793551057211866,1.2807162250984883,-1.1646093310786008,0.3156,1,0.3156,6.0,inf
198,1,1.3793551057211866,1.2807162250984883,-1.1646093310786008,0.3156,1,0.3156,6.0,inf
198,2,1.3793551057211866,1.2807162250984883,-1.1646093310786008,0.3156,1,0.3156,6.0,inf
198,3,1.3793551057211866,1.2807162250984883,-1.1646093310786008,0.3156,1,0.3156,6.0,inf
198,4,1.3793551057211866,1.2807162250984883,-1.1646093310786008,0.3156,1,0.3156,6.0,inf
198,5,1.3793551057211866,1.2807162250984883,-1.1646093310786008,0.3156,1,0.3156,6.0,inf
199,0,0.6500833032958184,-0.8289216276630103,1.5234717498377608,2.5949999999999998,1,2.5949999999999998,6.0,inf
199,1,0.6500833032958184,-0.8289216276630103,1.5234717498377608,2.5949999999999998,1,2.5949999999999998,6.0,inf
199,2,0.6500833032958184,-0.8289216276630103,1.5234717498377608,2.5949999999999998,1,2.5949999999999998,6.0,inf
199,3,0.6500833032958184,-0.8289216276630103,1.5234717498377608,2.5949999999999998,1,2.5949999999999998,6.0,inf
199,4,0.6500833032958184,-0.8289216276630103,1.5234717498377608,2.5949999999999998,1,2.5949999999999998,6.0,inf
199,5,0.6500833032958184,-0.8289216276630103,1.5234717498377608,2.5949999999999998,1,2.5949999999999998,6.0,inf
200,0,-2.4109147538329907,-0.48298914674560184,-0.9002179057098987,6.0,0,8.0001,6.0,inf
200,1,-2.4109147538329907,-0.48298914674560184,-0.9002179057098987,6.0,0,8.0001,6.0,inf
200,2,-2.4109147538329907,-0.48298914674560184,-0.9002179057098987,6.0,0,8.0001,6.0,inf
200,3,-2.4109147538329907,-0.48298914674560184,-0.9002179057098987,6.0,0,8.0001,6.0,inf
200,4,-2.4109147538329907,-0.48298914674560184,-0.9002179057098987,6.0,0,8.0001,6.0,inf
200,5,-2.4109147538329907,-0.48298914674560184,-0.9002179057098987,6.0,0,8.0001,6.0,inf
201,0,-0.29281153895409245,-0.5414281052437888,-0.6542525493086143,4.2744,1,4.2744,6.0,inf
201,1,-0.29281153895409245,-0.5414281052437888,-0.6542525493086143,4.2744,1,4.2744,6.0,inf
201,2,-0.29281153895409245,-0.5414281052437888,-0.6542525493086143,4.2744,1,4.2744,6.0,inf
201,3,-0.29281153895409245,-0.5414281052437888,-0.6542525493086143,4.2744,1,4.2744,6.0,inf
201,4,-0.29281153895409245,-0.5414281052437888,-0.6542525493086143,4.2744,1,4.2744,6.0,inf
201,5,-0.29281153895409245,-0.5414281052437888,-0.6542525493086143,4.2744,1,4.2744,6.0,inf
202,0,-0.20926661123395715,-0.3050240760661024,-1.5072095013274223,3.1502999999999997,1,3.1502999999999997,6.0,inf
202,1,-0.20926661123395715,-0.3050240760661024,-1.5072095013274223,3.1502999999999997,1,3.1502999999999997,6.0,inf
202,2,-0.20926661123395715,-0.3050240760661024,-1.5072095013274223,3.1502999999999997,1,3.1502999999999997,6.0,inf
202,3,-0.20926661123395715,-0.3050240760661024,-1.5072095013274223,3.1502999999999997,1,3.1502999999999997,6.0,inf
202,4,-0.20926661123395715,-0.3050240760661024,-1.5072095013274223,3.1502999999999997,1,3.1502999999999997,6.0,inf
202,5,-0.20926661123395715,-0.3050240760661024,-1.5072095013274223,3.1502999999999997,1,3.1502999999999997,6.0,inf
203,0,0.449027281683397,0.1406373096366689,0.513216974077322,2.3487,1,2.3487,6.0,inf
203,1,0.449027281683397,0.1406373096366689,0.513216974077322,2.3487,1,2.3487,6.0,inf
203,2,0.449027281683397,0.1406373096366689,0.513216974077322,2.3487,1,2.3487,6.0,inf
203,3,0.449027281683397,0.1406373096366689,0.513216974077322,2.3487,1,2.3487,6.0,inf
203,4,0.449027281683397,0.1406373096366689,0.513216974077322,2.3487,1,2.3487,6.0,inf
203,5,0.449027281683397,0.1406373096366689,0.513216974077322,2.3487,1,2.3487,6.0,inf
204,0,2.3387435280495996,1.5527766429615113,-0.2606436564400388,0.22979999999999998,1,0.22979999999999998,6.0,inf
204,1,2.3387435280495996,1.5527766429615113,-0.2606436564400388,0.22979999999999998,1,0.22979999999999998,6.0,inf
204,2,2.3387435280495996,1.5527766429615113,-0.2606436564400388,0.22979999999999998,1,0.22979999999999998,6.0,inf
204,3,2.3387435280495996,1.5527766429615113,-0.2606436564400388,0.22979999999999998,1,0.22979999999999998,6.0,inf
204,4,2.3387435280495996,1.5527766429615113,-0.2606436564400388,0.22979999999999998,1,0.22979999999999998,6.0,inf
204,5,2.3387435280495996,1.5527766429615113,-0.2606436564400388,0.22979999999999998,1,0.22979999999999998,6.0,inf
205,0,0.23343970631810632,-0.7788745652047308,-0.20889251143045734,6.0,0,7.880699999999999,6.0,inf
205,1,0.23343970631810632,-0.7788745652047308,-0.20889251143045734,6.0,0,7.880699999999999,6.0,inf
205,2,0.23343970631810632,-0.7788745652047308,-0.20889251143045734,6.0,0,7.880699999999999,6.0,inf
205,3,0.23343970631810632,-0.7788745652047308,-0.20889251143045734,6.0,0,7.880699999999999,6.0,inf
205,4,0.23343970631810632,-0.7788745652047308,-0.20889251143045734,6.0,0,7.880699999999999,6.0,inf
205,5,0.23343970631810632,-0.7788745652047308,-0.20889251143045734,6.0,0,7.880699999999999,6.0,inf
206,0,0.6069657703768059,0.26608236245830286,0.7617505408419566,0.7644,1,0.7644,6.0,inf
206,1,0.6069657703768059,0.26608236245830286,0.7617505408419566,0.7644,1,0.7644,6.0,inf
206,2,0.6069657703768059,0.26608236245830286,0.7617505408419566,0.7644,1,0.7644,6.0,inf
206,3,0.6069657703768059,0.26608236245830286,0.7617505408419566,0.7644,1,0.7644,6.0,inf
206,4,0.6069657703768059,0.26608236245830286,0.7617505408419566,0.7644,1,0.7644,6.0,inf
206,5,0.6069657703768059,0.26608236245830286,0.7617505408419566,0.7644,1,0.7644,6.0,inf
207,0,1.7041140009513158,1.3833773423321636,0.6656618723409586,0.2898,1,0.2898,6.0,inf
207,1,1.7041140009513158,1.3833773423321636,0.6656618723409586,0.2898,1,0.2898,6.0,inf
207,2,1.7041140009513158,1.3833773423321636,0.6656618723409586,0.2898,1,0.2898,6.0,inf
207,3,1.7041140009513158,1.3833773423321636,0.6656618723409586,0.2898,1,0.2898,6.0,inf
207,4,1.7041140009513158,1.3833773423321636,0.6656618723409586,0.2898,1,0.2898,6.0,inf
207,5,1.7041140009513158,1.3833773423321636,0.6656618723409586,0.2898,1,0.2898,6.0,inf
208,0,-0.1325913149814785,-0.736851813469538,-0.3457444703043943,1.8188999999999997,1,1.8188999999999997,6.0,inf
208,1,-0.1325913149814785,-0.736851813469538,-0.3457444703043943,1.8188999999999997,1,1.8188999999999997,6.0,inf
208,2,-0.1325913149814785,-0.736851813469538,-0.3457444703043943,1.8188999999999997,1,1.8188999999999997,6.0,inf
208,3,-0.1325913149814785,-0.736851813469538,-0.3457444703043943,1.8188999999999997,1,1.8188999999999997,6.0,inf
208,4,-0.1325913149814785,-0.736851813469538,-0.3457444703043943,1.8188999999999997,1,1.8188999999999997,6.0,inf
208,5,-0.1325913149814785,-0.736851813469538,-0.3457444703043943,1.8188999999999997,1,1.8188999999999997,6.0,inf
209,0,0.43261689183159574,0.27189351856689103,2.4420537017501998,1.0647,1,1.0647,6.0,inf
209,1,0.43261689183159574,0.27189351856689103,2.4420537017501998,1.0647,1,1.0647,6.0,inf
209,2,0.43261689183159574,0.27189351856689103,2.4420537017501998,1.0647,1,1.0647,6.0,inf
209,3,0.43261689183159574,0.27189351856689103,2.4420537017501998,1.0647,1,1.0647,6.0,inf
209,4,0.43261689183159574,0.27189351856689103,2.4420537017501998,1.0647,1,1.0647,6.0,inf
209,5,0.43261689183159574,0.27189351856689103,2.4420537017501998,1.0647,1,1.0647,6.0,inf
210,0,-1.0720357473990334,-1.1190064513867444,-1.4140104063538437,3.9584999999999995,1,3.9584999999999995,6.0,inf
210,1,-1.0720357473990334,-1.1190064513867444,-1.4140104063538437,3.9584999999999995,1,3.9584999999999995,6.0,inf
210,2,-1.0720357473990334,-1.1190064513867444,-1.4140104063538437,3.9584999999999995,1,3.9584999999999995,6.0,inf
210,3,-1.0720357473990334,-1.1190064513867444,-1.4140104063538437,3.9584999999999995,1,3.9584999999999995,6.0,inf
210,4,-1.0720357473990334,-1.1190064513867444,-1.4140104063538437,3.9584999999999995,1,3.9584999999999995,6.0,inf
210,5,-1.0720357473990334,-1.1190064513867444,-1.4140104063538437,3.9584999999999995,1,3.9584999999999995,6.0,inf
211,0,1.1781725042535514,-0.8288332785108604,0.8183467954218812,2.061,1,2.061,6.0,inf
211,1,1.1781725042535514,-0.8288332785108604,0.8183467954218812,2.061,1,2.061,6.0,inf
211,2,1.1781725042535514,-0.8288332785108604,0.8183467954218812,2.061,1,2.061,6.0,inf
211,3,1.1781725042535514,-0.8288332785108604,0.8183467954218812,2.061,1,2.061,6.0,inf
211,4,1.1781725042535514,-0.8288332785108604,0.8183467954218812,2.061,1,2.061,6.0,inf
211,5,1.1781725042535514,-0.8288332785108604,0.8183467954218812,2.061,1,2.061,6.0,inf
212,0,-0.3989967071127685,1.0404013362869269,0.960026893101565,1.4930999999999999,1,1.4930999999999999,6.0,inf
212,1,-0.3989967071127685,1.0404013362869269,0.960026893101565,1.4930999999999999,1,1.4930999999999999,6.0,inf
212,2,-0.3989967071127685,1.0404013362869269,0.960026893101565,1.4930999999999999,1,1.4930999999999999,6.0,inf
212,3,-0.3989967071127685,1.0404013362869269,0.960026893101565,1.4930999999999999,1,1.4930999999999999,6.0,inf
212,4,-0.3989967071127685,1.0404013362869269,0.960026893101565,1.4930999999999999,1,1.4930999999999999,6.0,inf
212,5,-0.3989967071127685,1.0404013362869269,0.960026893101565,1.4930999999999999,1,1.4930999999999999,6.0,inf
213,0,-1.539840545133759,-0.13001144923926927,-0.1887005148452882,6.0,0,8.0001,6.0,inf
213,1,-1.539840545133759,-0.13001144923926927,-0.1887005148452882,6.0,0,8.0001,6.0,inf
213,2,-1.539840545133759,-0.13001144923926927,-0.1887005148452882,6.0,0,8.0001,6.0,inf
213,3,-1.539840545133759,-0.13001144923926927,-0.1887005148452882,6.0,0,8.0001,6.0,inf
213,4,-1.539840545133759,-0.13001144923926927,-0.1887005148452882,6.0,0,8.0001,6.0,inf
213,5,-1.539840545133759,-0.13001144923926927,-0.1887005148452882,6.0,0,8.0001,6.0,inf
214,0,-0.07711681659771445,0.839038860147549,0.08236879927981013,2.2497,1,2.2497,6.0,inf
214,1,-0.07711681659771445,0.839038860147549,0.08236879927981013,2.2497,1,2.2497,6.0,inf
214,2,-0.07711681659771445,0.839038860147549,0.08236879927981013,2.2497,1,2.2497,6.0,inf
214,3,-0.07711681659771445,0.839038860147549,0.08236879927981013,2.2497,1,2.2497,6.0,inf
214,4,-0.07711681659771445,0.839038860147549,0.08236879927981013,2.2497,1,2.2497,6.0,inf
214,5,-0.07711681659771445,0.839038860147549,0.08236879927981013,2.2497,1,2.2497,6.0,inf
215,0,1.4250564311566707,-0.6406178252560609,0.3424801132265035,2.3184,1,2.3184,6.0,inf
215,1,1.4250564311566707,-0.6406178252560609,0.3424801132265035,2.3184,1,2.3184,6.0,inf
215,2,1.4250564311566707,-0.6406178252560609,0.3424801132265035,2.3184,1,2.3184,6.0,inf
215,3,1.4250564311566707,-0.6406178252560609,0.3424801132265035,2.3184,1,2.3184,6.0,inf
215,4,1.4250564311566707,-0.6406178252560609,0.3424801132265035,2.3184,1,2.3184,6.0,inf
215,5,1.4250564311566707,-0.6406178252560609,0.3424801132265035,2.3184,1,2.3184,6.0,inf
216,0,-0.020338527345616725,-0.3239892802778699,-0.870755900733726,3.2381999999999995,1,3.2381999999999995,6.0,inf
216,1,-0.020338527345616725,-0.3239892802778699,-0.870755900733726,3.2381999999999995,1,3.2381999999999995,6.0,inf
216,2,-0.020338527345616725,-0.3239892802778699,-0.870755900733726,3.2381999999999995,1,3.2381999999999995,6.0,inf
216,3,-0.020338527345616725,-0.3239892802778699,-0.870755900733726,3.2381999999999995,1,3.2381999999999995,6.0,inf
216,4,-0.020338527345616725,-0.3239892802778699,-0.870755900733726,3.2381999999999995,1,3.2381999999999995,6.0,inf
216,5,-0.020338527345616725,-0.3239892802778699,-0.870755900733726,3.2381999999999995,1,3.2381999999999995,6.0,inf
217,0,0.18827737681647141,-1.0175409493475855,0.09520734407880237,4.0473,1,4.0473,6.0,inf
217,1,0.18827737681647141,-1.0175409493475855,0.09520734407880237,4.0473,1,4.0473,6.0,inf
217,2,0.18827737681647141,-1.0175409493475855,0.09520734407880237,4.0473,1,4.0473,6.0,inf
217,3,0.18827737681647141,-1.0175409493475855,0.09520734407880237,4.0473,1,4.0473,6.0,inf
217,4,0.18827737681647141,-1.0175409493475855,0.09520734407880237,4.0473,1,4.0473,6.0,inf
217,5,0.18827737681647141,-1.0175409493475855,0.09520734407880237,4.0473,1,4.0473,6.0,inf
218,0,0.03308436825444725,1.184903610026456,-0.24444846289968356,2.259,1,2.259,6.0,inf
218,1,0.03308436825444725,1.184903610026456,-0.24444846289968356,2.259,1,2.259,6.0,inf
218,2,0.03308436825444725,1.184903610026456,-0.24444846289968356,2.259,1,2.259,6.0,inf
218,3,0.03308436825444725,1.184903610026456,-0.24444846289968356,2.259,1,2.259,6.0,inf
218,4,0.03308436825444725,1.184903610026456,-0.24444846289968356,2.259,1,2.259,6.0,inf
218,5,0.03308436825444725,1.184903610026456,-0.24444846289968356,2.259,1,2.259,6.0,inf
219,0,0.5352254430261012,-0.14274041179056443,-0.016457573279802528,0.34619999999999995,1,0.34619999999999995,6.0,inf
219,1,0.5352254430261012,-0.14274041179056443,-0.016457573279802528,0.34619999999999995,1,0.34619999999999995,6.0,inf
219,2,0.5352254430261012,-0.14274041179056443,-0.016457573279802528,0.34619999999999995,1,0.34619999999999995,6.0,inf
219,3,0.5352254430261012,-0.14274041179056443,-0.016457573279802528,0.34619999999999995,1,0.34619999999999995,6.0,inf
219,4,0.5352254430261012,-0.14274041179056443,-0.016457573279802528,0.34619999999999995,1,0.34619999999999995,6.0,inf
219,5,0.5352254430261012,-0.14274041179056443,-0.016457573279802528,0.34619999999999995,1,0.34619999999999995,6.0,inf
220,0,1.0843737484995313,-0.633032126670566,-0.7869220746131231,4.1316,1,4.1316,6.0,inf
220,1,1.0843737484995313,-0.633032126670566,-0.7869220746131231,4.1316,1,4.1316,6.0,inf
220,2,1.0843737484995313,-0.633032126670566,-0.7869220746131231,4.1316,1,4.1316,6.0,inf
220,3,1.0843737484995313,-0.633032126670566,-0.7869220746131231,4.1316,1,4.1316,6.0,inf
220,4,1.0843737484995313,-0.633032126670566,-0.7869220746131231,4.1316,1,4.1316,6.0,inf
220,5,1.0843737484995313,-0.633032126670566,-0.7869220746131231,4.1316,1,4.1316,6.0,inf
221,0,-0.05342312881989893,-0.6635784576959465,-0.4233119330955574,3.1908,1,3.1908,6.0,inf
221,1,-0.05342312881989893,-0.6635784576959465,-0.4233119330955574,3.1908,1,3.1908,6.0,inf
221,2,-0.05342312881989893,-0.6635784576959465,-0.4233119330955574,3.1908,1,3.1908,6.0,inf
221,3,-0.05342312881989893,-0.6635784576959465,-0.4233119330955574,3.1908,1,3.1908,6.0,inf
221,4,-0.05342312881989893,-0.6635784576959465,-0.4233119330955574,3.1908,1,3.1908,6.0,inf
221,5,-0.05342312881989893,-0.6635784576959465,-0.4233119330955574,3.1908,1,3.1908,6.0,inf
222,0,0.5424039289996286,0.9123489505852368,0.5874462514473768,0.7469999999999999,1,0.7469999999999999,6.0,inf
222,1,0.5424039289996286,0.9123489505852368,0.5874462514473768,0.7469999999999999,1,0.7469999999999999,6.0,inf
222,2,0.5424039289996286,0.9123489505852368,0.5874462514473768,0.7469999999999999,1,0.7469999999999999,6.0,inf
222,3,0.5424039289996286,0.9123489505852368,0.5874462514473768,0.7469999999999999,1,0.7469999999999999,6.0,inf
222,4,0.5424039289996286,0.9123489505852368,0.5874462514473768,0.7469999999999999,1,0.7469999999999999,6.0,inf
222,5,0.5424039289996286,0.9123489505852368,0.5874462514473768,0.7469999999999999,1,0.7469999999999999,6.0,inf
223,0,-0.16632205632605948,1.3467707473245973,-0.23000387081920834,4.8354,1,4.8354,6.0,inf
223,1,-0.16632205632605948,1.3467707473245973,-0.23000387081920834,4.8354,1,4.8354,6.0,inf
223,2,-0.16632205632605948,1.3467707473245973,-0.23000387081920834,4.8354,1,4.8354,6.0,inf
223,3,-0.16632205632605948,1.3467707473245973,-0.23000387081920834,4.8354,1,4.8354,6.0,inf
223,4,-0.16632205632605948,1.3467707473245973,-0.23000387081920834,4.8354,1,4.8354,6.0,inf
223,5,-0.16632205632605948,1.3467707473245973,-0.23000387081920834,4.8354,1,4.8354,6.0,inf
224,0,-1.2590437962743353,-0.25146649494678,-0.7256161382986241,4.4963999999999995,1,4.4963999999999995,6.0,inf
224,1,-1.2590437962743353,-0.25146649494678,-0.7256161382986241,4.4963999999999995,1,4.4963999999999995,6.0,inf
224,2,-1.2590437962743353,-0.25146649494678,-0.7256161382986241,4.4963999999999995,1,4.4963999999999995,6.0,inf
224,3,-1.2590437962743353,-0.25146649494678,-0.7256161382986241,4.4963999999999995,1,4.4963999999999995,6.0,inf
224,4,-1.2590437962743353,-0.25146649494678,-0.7256161382986241,4.4963999999999995,1,4.4963999999999995,6.0,inf
224,5,-1.2590437962743353,-0.25146649494678,-0.7256161382986241,4.4963999999999995,1,4.4963999999999995,6.0,inf
225,0,1.5870416376086378,-0.05765275157682414,-0.6278404080302112,0.8687999999999999,1,0.8687999999999999,6.0,inf
225,1,1.5870416376086378,-0.05765275157682414,-0.6278404080302112,0.8687999999999999,1,0.8687999999999999,6.0,inf
225,2,1.5870416376086378,-0.05765275157682414,-0.6278404080302112,0.8687999999999999,1,0.8687999999999999,6.0,inf
225,3,1.5870416376086378,-0.05765275157682414,-0.6278404080302112,0.8687999999999999,1,0.8687999999999999,6.0,inf
225,4,1.5870416376086378,-0.05765275157682414,-0.6278404080302112,0.8687999999999999,1,0.8687999999999999,6.0,inf
225,5,1.5870416376086378,-0.05765275157682414,-0.6278404080302112,0.8687999999999999,1,0.8687999999999999,6.0,inf
226,0,-0.1209065218012609,0.38049395920237117,0.2548932394438106,0.8421,1,0.8421,6.0,inf
226,1,-0.1209065218012609,0.38049395920237117,0.2548932394438106,0.8421,1,0.8421,6.0,inf
226,2,-0.1209065218012609,0.38049395920237117,0.2548932394438106,0.8421,1,0.8421,6.0,inf
226,3,-0.1209065218012609,0.38049395920237117,0.2548932394438106,0.8421,1,0.8421,6.0,inf
226,4,-0.1209065218012609,0.38049395920237117,0.2548932394438106,0.8421,1,0.8421,6.0,inf
226,5,-0.1209065218012609,0.38049395920237117,0.2548932394438106,0.8421,1,0.8421,6.0,inf
227,0,0.029426388265181184,0.19560274134240488,1.4777233920189932,1.9076999999999997,1,1.9076999999999997,6.0,inf
227,1,0.029426388265181184,0.19560274134240488,1.4777233920189932,1.9076999999999997,1,1.9076999999999997,6.0,inf
227,2,0.029426388265181184,0.19560274134240488,1.4777233920189932,1.9076999999999997,1,1.9076999999999997,6.0,inf
227,3,0.029426388265181184,0.19560274134240488,1.4777233920189932,1.9076999999999997,1,1.9076999999999997,6.0,inf
227,4,0.029426388265181184,0.19560274134240488,1.4777233920189932,1.9076999999999997,1,1.9076999999999997,6.0,inf
227,5,0.029426388265181184,0.19560274134240488,1.4777233920189932,1.9076999999999997,1,1.9076999999999997,6.0,inf
228,0,-0.15158840080151198,-0.7477136895734529,0.42722311843350097,1.8794999999999997,1,1.8794999999999997,6.0,inf
228,1,-0.15158840080151198,-0.7477136895734529,0.42722311843350097,1.8794999999999997,1,1.8794999999999997,6.0,inf
228,2,-0.15158840080151198,-0.7477136895734529,0.42722311843350097,1.8794999999999997,1,1.8794999999999997,6.0,inf
228,3,-0.15158840080151198,-0.7477136895734529,0.42722311843350097,1.8794999999999997,1,1.8794999999999997,6.0,inf
228,4,-0.15158840080151198,-0.7477136895734529,0.42722311843350097,1.8794999999999997,1,1.8794999999999997,6.0,inf
228,5,-0.15158840080151198,-0.7477136895734529,0.42722311843350097,1.8794999999999997,1,1.8794999999999997,6.0,inf
229,0,-2.411772280866457,1.3858085581169652,0.03347946701269555,1.3713,1,1.3713,6.0,inf
229,1,-2.411772280866457,1.3858085581169652,0.03347946701269555,1.3713,1,1.3713,6.0,inf
229,2,-2.411772280866457,1.3858085581169652,0.03347946701269555,1.3713,1,1.3713,6.0,inf
229,3,-2.411772280866457,1.3858085581169652,0.03347946701269555,1.3713,1,1.3713,6.0,inf
229,4,-2.411772280866457,1.3858085581169652,0.03347946701269555,1.3713,1,1.3713,6.0,inf
229,5,-2.411772280866457,1.3858085581169652,0.03347946701269555,1.3713,1,1.3713,6.0,inf
230,0,1.0470697122487314,1.9062073387441982,0.7150558011593556,0.19649999999999998,1,0.19649999999999998,6.0,inf
230,1,1.0470697122487314,1.9062073387441982,0.7150558011593556,0.19649999999999998,1,0.19649999999999998,6.0,inf
230,2,1.0470697122487314,1.9062073387441982,0.7150558011593556,0.19649999999999998,1,0.19649999999999998,6.0,inf
230,3,1.0470697122487314,1.9062073387441982,0.7150558011593556,0.19649999999999998,1,0.19649999999999998,6.0,inf
230,4,1.0470697122487314,1.9062073387441982,0.7150558011593556,0.19649999999999998,1,0.19649999999999998,6.0,inf
230,5,1.0470697122487314,1.9062073387441982,0.7150558011593556,0.19649999999999998,1,0.19649999999999998,6.0,inf
231,0,-1.0468985002756293,-0.7865746813481677,0.42372029608557116,6.0,0,7.4121,6.0,inf
231,1,-1.0468985002756293,-0.7865746813481677,0.42372029608557116,6.0,0,7.4121,6.0,inf
231,2,-1.0468985002756293,-0.7865746813481677,0.42372029608557116,6.0,0,7.4121,6.0,inf
231,3,-1.0468985002756293,-0.7865746813481677,0.42372029608557116,6.0,0,7.4121,6.0,inf
231,4,-1.0468985002756293,-0.7865746813481677,0.42372029608557116,6.0,0,7.4121,6.0,inf
231,5,-1.0468985002756293,-0.7865746813481677,0.42372029608557116,6.0,0,7.4121,6.0,inf
232,0,-0.37632194203637026,0.46946172738431596,0.3995691033425164,0.11669999999999998,1,0.11669999999999998,6.0,inf
232,1,-0.37632194203637026,0.46946172738431596,0.3995691033425164,0.11669999999999998,1,0.11669999999999998,6.0,inf
232,2,-0.37632194203637026,0.46946172738431596,0.3995691033425164,0.11669999999999998,1,0.11669999999999998,6.0,inf
232,3,-0.37632194203637026,0.46946172738431596,0.3995691033425164,0.11669999999999998,1,0.11669999999999998,6.0,inf
232,4,-0.37632194203637026,0.46946172738431596,0.3995691033425164,0.11669999999999998,1,0.11669999999999998,6.0,inf
232,5,-0.37632194203637026,0.46946172738431596,0.3995691033425164,0.11669999999999998,1,0.11669999999999998,6.0,inf
233,0,1.1872926279827871,0.539864941399346,-1.616161838068822,0.5522999999999999,1,0.5522999999999999,6.0,inf
233,1,1.1872926279827871,0.539864941399346,-1.616161838068822,0.5522999999999999,1,0.5522999999999999,6.0,inf
233,2,1.1872926279827871,0.539864941399346,-1.616161838068822,0.5522999999999999,1,0.5522999999999999,6.0,inf
233,3,1.1872926279827871,0.539864941399346,-1.616161838068822,0.5522999999999999,1,0.5522999999999999,6.0,inf
233,4,1.1872926279827871,0.539864941399346,-1.616161838068822,0.5522999999999999,1,0.5522999999999999,6.0,inf
233,5,1.1872926279827871,0.539864941399346,-1.616161838068822,0.5522999999999999,1,0.5522999999999999,6.0,inf
234,0,0.11565715692238002,1.798780113904813,0.5785441787587728,1.9848,1,1.9848,6.0,inf
234,1,0.11565715692238002,1.798780113904813,0.5785441787587728,1.9848,1,1.9848,6.0,inf
234,2,0.11565715692238002,1.798780113904813,0.5785441787587728,1.9848,1,1.9848,6.0,inf
234,3,0.11565715692238002,1.798780113904813,0.5785441787587728,1.9848,1,1.9848,6.0,inf
234,4,0.11565715692238002,1.798780113904813,0.5785441787587728,1.9848,1,1.9848,6.0,inf
234,5,0.11565715692238002,1.798780113904813,0.5785441787587728,1.9848,1,1.9848,6.0,inf
235,0,0.9340544109585922,0.3641689474694271,0.5845104313559903,1.5497999999999998,1,1.5497999999999998,6.0,inf
235,1,0.9340544109585922,0.3641689474694271,0.5845104313559903,1.5497999999999998,1,1.5497999999999998,6.0,inf
235,2,0.9340544109585922,0.3641689474694271,0.5845104313559903,1.5497999999999998,1,1.5497999999999998,6.0,inf
235,3,0.9340544109585922,0.3641689474694271,0.5845104313559903,1.5497999999999998,1,1.5497999999999998,6.0,inf
235,4,0.9340544109585922,0.3641689474694271,0.5845104313559903,1.5497999999999998,1,1.5497999999999998,6.0,inf
235,5,0.9340544109585922,0.3641689474694271,0.5845104313559903,1.5497999999999998,1,1.5497999999999998,6.0,inf
236,0,0.5580773366737285,-0.2536148363489204,0.16172613720540666,1.5827999999999998,1,1.5827999999999998,6.0,inf
236,1,0.5580773366737285,-0.2536148363489204,0.16172613720540666,1.5827999999999998,1,1.5827999999999998,6.0,inf
236,2,0.5580773366737285,-0.2536148363489204,0.16172613720540666,1.5827999999999998,1,1.5827999999999998,6.0,inf
236,3,0.5580773366737285,-0.2536148363489204,0.16172613720540666,1.5827999999999998,1,1.5827999999999998,6.0,inf
236,4,0.5580773366737285,-0.2536148363489204,0.16172613720540666,1.5827999999999998,1,1.5827999999999998,6.0,inf
236,5,0.5580773366737285,-0.2536148363489204,0.16172613720540666,1.5827999999999998,1,1.5827999999999998,6.0,inf
237,0,1.4665314564932312,0.4400029287538241,1.0791036833234042,1.4249999999999998,1,1.4249999999999998,6.0,inf
237,1,1.4665314564932312,0.4400029287538241,1.0791036833234042,1.4249999999999998,1,1.4249999999999998,6.0,inf
237,2,1.4665314564932312,0.4400029287538241,1.0791036833234042,1.4249999999999998,1,1.4249999999999998,6.0,inf
237,3,1.4665314564932312,0.4400029287538241,1.0791036833234042,1.4249999999999998,1,1.4249999999999998,6.0,inf
237,4,1.4665314564932312,0.4400029287538241,1.0791036833234042,1.4249999999999998,1,1.4249999999999998,6.0,inf
237,5,1.4665314564932312,0.4400029287538241,1.0791036833234042,1.4249999999999998,1,1.4249999999999998,6.0,inf
238,0,-0.04018951914326374,2.0848203363916773,0.5097992003735093,1.4382,1,1.4382,6.0,inf
238,1,-0.04018951914326374,2.0848203363916773,0.5097992003735093,1.4382,1,1.4382,6.0,inf
238,2,-0.04018951914326374,2.0848203363916773,0.5097992003735093,1.4382,1,1.4382,6.0,inf
238,3,-0.04018951914326374,2.0848203363916773,0.5097992003735093,1.4382,1,1.4382,6.0,inf
238,4,-0.04018951914326374,2.0848203363916773,0.5097992003735093,1.4382,1,1.4382,6.0,inf
238,5,-0.04018951914326374,2.0848203363916773,0.5097992003735093,1.4382,1,1.4382,6.0,inf
239,0,1.5504316253489105,-0.3834378321841604,-0.05053735031018522,2.8307999999999995,1,2.8307999999999995,6.0,inf
239,1,1.5504316253489105,-0.3834378321841604,-0.05053735031018522,2.8307999999999995,1,2.8307999999999995,6.0,inf
239,2,1.5504316253489105,-0.3834378321841604,-0.05053735031018522,2.8307999999999995,1,2.8307999999999995,6.0,inf
239,3,1.5504316253489105,-0.3834378321841604,-0.05053735031018522,2.8307999999999995,1,2.8307999999999995,6.0,inf
239,4,1.5504316253489105,-0.3834378321841604,-0.05053735031018522,2.8307999999999995,1,2.8307999999999995,6.0,inf
239,5,1.5504316253489105,-0.3834378321841604,-0.05053735031018522,2.8307999999999995,1,2.8307999999999995,6.0,inf
240,0,1.5711497255314633,0.7378664396284755,1.2472308194526591,0.43439999999999995,1,0.43439999999999995,6.0,inf
240,1,1.5711497255314633,0.7378664396284755,1.2472308194526591,0.43439999999999995,1,0.43439999999999995,6.0,inf
240,2,1.5711497255314633,0.7378664396284755,1.2472308194526591,0.43439999999999995,1,0.43439999999999995,6.0,inf
240,3,1.5711497255314633,0.7378664396284755,1.2472308194526591,0.43439999999999995,1,0.43439999999999995,6.0,inf
240,4,1.5711497255314633,0.7378664396284755,1.2472308194526591,0.43439999999999995,1,0.43439999999999995,6.0,inf
240,5,1.5711497255314633,0.7378664396284755,1.2472308194526591,0.43439999999999995,1,0.43439999999999995,6.0,inf
241,0,-1.1394295074996272,-1.3984622045229202,0.7620559295749204,6.0,0,6.976799999999999,6.0,inf
241,1,-1.1394295074996272,-1.3984622045229202,0.7620559295749204,6.0,0,6.976799999999999,6.0,inf
241,2,-1.1394295074996272,-1.3984622045229202,0.7620559295749204,6.0,0,6.976799999999999,6.0,inf
241,3,-1.1394295074996272,-1.3984622045229202,0.7620559295749204,6.0,0,6.976799999999999,6.0,inf
241,4,-1.1394295074996272,-1.3984622045229202,0.7620559295749204,6.0,0,6.976799999999999,6.0,inf
241,5,-1.1394295074996272,-1.3984622045229202,0.7620559295749204,6.0,0,6.976799999999999,6.0,inf
242,0,1.5879597330045556,0.08348406417351227,0.3523392872087339,0.43139999999999995,1,0.43139999999999995,6.0,inf
242,1,1.5879597330045556,0.08348406417351227,0.3523392872087339,0.43139999999999995,1,0.43139999999999995,6.0,inf
242,2,1.5879597330045556,0.08348406417351227,0.3523392872087339,0.43139999999999995,1,0.43139999999999995,6.0,inf
242,3,1.5879597330045556,0.08348406417351227,0.3523392872087339,0.43139999999999995,1,0.43139999999999995,6.0,inf
242,4,1.5879597330045556,0.08348406417351227,0.3523392872087339,0.43139999999999995,1,0.43139999999999995,6.0,inf
242,5,1.5879597330045556,0.08348406417351227,0.3523392872087339,0.43139999999999995,1,0.43139999999999995,6.0,inf
243,0,-0.9977378668479571,-0.747692693908215,0.49984323735873415,4.348199999999999,1,4.348199999999999,6.0,inf
243,1,-0.9977378668479571,-0.747692693908215,0.49984323735873415,4.348199999999999,1,4.348199999999999,6.0,inf
243,2,-0.9977378668479571,-0.747692693908215,0.49984323735873415,4.348199999999999,1,4.348199999999999,6.0,inf
243,3,-0.9977378668479571,-0.747692693908215,0.49984323735873415,4.348199999999999,1,4.348199999999999,6.0,inf
243,4,-0.9977378668479571,-0.747692693908215,0.49984323735873415,4.348199999999999,1,4.348199999999999,6.0,inf
243,5,-0.9977378668479571,-0.747692693908215,0.49984323735873415,4.348199999999999,1,4.348199999999999,6.0,inf
244,0,-0.3851719600295422,2.21112622072064,0.00443474805882585,1.6035,1,1.6035,6.0,inf
244,1,-0.3851719600295422,2.21112622072064,0.00443474805882585,1.6035,1,1.6035,6.0,inf
244,2,-0.3851719600295422,2.21112622072064,0.00443474805882585,1.6035,1,1.6035,6.0,inf
244,3,-0.3851719600295422,2.21112622072064,0.00443474805882585,1.6035,1,1.6035,6.0,inf
244,4,-0.3851719600295422,2.21112622072064,0.00443474805882585,1.6035,1,1.6035,6.0,inf
244,5,-0.3851719600295422,2.21112622072064,0.00443474805882585,1.6035,1,1.6035,6.0,inf
245,0,-0.7570340281578193,-0.5053755631870785,2.234852898494339,2.9252999999999996,1,2.9252999999999996,6.0,inf
245,1,-0.7570340281578193,-0.5053755631870785,2.234852898494339,2.9252999999999996,1,2.9252999999999996,6.0,inf
245,2,-0.7570340281578193,-0.5053755631870785,2.234852898494339,2.9252999999999996,1,2.9252999999999996,6.0,inf
245,3,-0.7570340281578193,-0.5053755631870785,2.234852898494339,2.9252999999999996,1,2.9252999999999996,6.0,inf
245,4,-0.7570340281578193,-0.5053755631870785,2.234852898494339,2.9252999999999996,1,2.9252999999999996,6.0,inf
245,5,-0.7570340281578193,-0.5053755631870785,2.234852898494339,2.9252999999999996,1,2.9252999999999996,6.0,inf
246,0,1.0214379725769438,-0.3230322365609585,-0.6557983450008986,3.747,1,3.747,6.0,inf
246,1,1.0214379725769438,-0.3230322365609585,-0.6557983450008986,3.747,1,3.747,6.0,inf
246,2,1.0214379725769438,-0.3230322365609585,-0.6557983450008986,3.747,1,3.747,6.0,inf
246,3,1.0214379725769438,-0.3230322365609585,-0.6557983450008986,3.747,1,3.747,6.0,inf
246,4,1.0214379725769438,-0.3230322365609585,-0.6557983450008986,3.747,1,3.747,6.0,inf
246,5,1.0214379725769438,-0.3230322365609585,-0.6557983450008986,3.747,1,3.747,6.0,inf
247,0,0.3232824068766257,-0.09622051783630133,-0.16361732576717933,3.0566999999999998,1,3.0566999999999998,6.0,inf
247,1,0.3232824068766257,-0.09622051783630133,-0.16361732576717933,3.0566999999999998,1,3.0566999999999998,6.0,inf
247,2,0.3232824068766257,-0.09622051783630133,-0.16361732576717933,3.0566999999999998,1,3.0566999999999998,6.0,inf
247,3,0.3232824068766257,-0.09622051783630133,-0.16361732576717933,3.0566999999999998,1,3.0566999999999998,6.0,inf
247,4,0.3232824068766257,-0.09622051783630133,-0.16361732576717933,3.0566999999999998,1,3.0566999999999998,6.0,inf
247,5,0.3232824068766257,-0.09622051783630133,-0.16361732576717933,3.0566999999999998,1,3.0566999999999998,6.0,inf
248,0,-0.08126661193681584,0.8684230551009775,1.2950484745662472,0.22979999999999998,1,0.22979999999999998,6.0,inf
248,1,-0.08126661193681584,0.8684230551009775,1.2950484745662472,0.22979999999999998,1,0.22979999999999998,6.0,inf
248,2,-0.08126661193681584,0.8684230551009775,1.2950484745662472,0.22979999999999998,1,0.22979999999999998,6.0,inf
248,3,-0.08126661193681584,0.8684230551009775,1.2950484745662472,0.22979999999999998,1,0.22979999999999998,6.0,inf
248,4,-0.08126661193681584,0.8684230551009775,1.2950484745662472,0.22979999999999998,1,0.22979999999999998,6.0,inf
248,5,-0.08126661193681584,0.8684230551009775,1.2950484745662472,0.22979999999999998,1,0.22979999999999998,6.0,inf
249,0,1.2650440482320797,1.207976267364552,1.015629958207789,0.6102,1,0.6102,6.0,inf
249,1,1.2650440482320797,1.207976267364552,1.015629958207789,0.6102,1,0.6102,6.0,inf
249,2,1.2650440482320797,1.207976267364552,1.015629958207789,0.6102,1,0.6102,6.0,inf
249,3,1.2650440482320797,1.207976267364552,1.015629958207789,0.6102,1,0.6102,6.0,inf
249,4,1.2650440482320797,1.207976267364552,1.015629958207789,0.6102,1,0.6102,6.0,inf
249,5,1.2650440482320797,1.207976267364552,1.015629958207789,0.6102,1,0.6102,6.0,inf
250,0,-0.3275458888518823,1.7892499017520391,1.868890179220585,0.6467999999999999,1,0.6467999999999999,6.0,inf
250,1,-0.3275458888518823,1.7892499017520391,1.868890179220585,0.6467999999999999,1,0.6467999999999999,6.0,inf
250,2,-0.3275458888518823,1.7892499017520391,1.868890179220585,0.6467999999999999,1,0.6467999999999999,6.0,inf
250,3,-0.3275458888518823,1.7892499017520391,1.868890179220585,0.6467999999999999,1,0.6467999999999999,6.0,inf
250,4,-0.3275458888518823,1.7892499017520391,1.868890179220585,0.6467999999999999,1,0.6467999999999999,6.0,inf
250,5,-0.3275458888518823,1.7892499017520391,1.868890179220585,0.6467999999999999,1,0.6467999999999999,6.0,inf
251,0,-0.1796555176258411,-0.23342773856648394,-1.1741899158816325,6.0,0,8.0001,6.0,inf
251,1,-0.1796555176258411,-0.23342773856648394,-1.1741899158816325,6.0,0,8.0001,6.0,inf
251,2,-0.1796555176258411,-0.23342773856648394,-1.1741899158816325,6.0,0,8.0001,6.0,inf
251,3,-0.1796555176258411,-0.23342773856648394,-1.1741899158816325,6.0,0,8.0001,6.0,inf
251,4,-0.1796555176258411,-0.23342773856648394,-1.1741899158816325,6.0,0,8.0001,6.0,inf
251,5,-0.1796555176258411,-0.23342773856648394,-1.1741899158816325,6.0,0,8.0001,6.0,inf
252,0,-0.5017030799635209,-1.518781434166883,-1.0748150654676556,3.639,1,3.639,6.0,inf
252,1,-0.5017030799635209,-1.518781434166883,-1.0748150654676556,3.639,1,3.639,6.0,inf
252,2,-0.5017030799635209,-1.518781434166883,-1.0748150654676556,3.639,1,3.639,6.0,inf
252,3,-0.5017030799635209,-1.518781434166883,-1.0748150654676556,3.639,1,3.639,6.0,inf
252,4,-0.5017030799635209,-1.518781434166883,-1.0748150654676556,3.639,1,3.639,6.0,inf
252,5,-0.5017030799635209,-1.518781434166883,-1.0748150654676556,3.639,1,3.639,6.0,inf
253,0,1.1727458254804828,-2.797139097616915,0.04551139222984487,3.1344,1,3.1344,6.0,inf
253,1,1.1727458254804828,-2.797139097616915,0.04551139222984487,3.1344,1,3.1344,6.0,inf
253,2,1.1727458254804828,-2.797139097616915,0.04551139222984487,3.1344,1,3.1344,6.0,inf
253,3,1.1727458254804828,-2.797139097616915,0.04551139222984487,3.1344,1,3.1344,6.0,inf
253,4,1.1727458254804828,-2.797139097616915,0.04551139222984487,3.1344,1,3.1344,6.0,inf
253,5,1.1727458254804828,-2.797139097616915,0.04551139222984487,3.1344,1,3.1344,6.0,inf
254,0,0.8211140524512559,-0.8778254228004108,0.08142750559206383,1.2891,1,1.2891,6.0,inf
254,1,0.8211140524512559,-0.8778254228004108,0.08142750559206383,1.2891,1,1.2891,6.0,inf
254,2,0.8211140524512559,-0.8778254228004108,0.08142750559206383,1.2891,1,1.2891,6.0,inf
254,3,0.8211140524512559,-0.8778254228004108,0.08142750559206383,1.2891,1,1.2891,6.0,inf
254,4,0.8211140524512559,-0.8778254228004108,0.08142750559206383,1.2891,1,1.2891,6.0,inf
254,5,0.8211140524512559,-0.8778254228004108,0.08142750559206383,1.2891,1,1.2891,6.0,inf
255,0,0.6220037396807088,0.932382174290825,-1.216337306409066,0.8465999999999999,1,0.8465999999999999,6.0,inf
255,1,0.6220037396807088,0.932382174290825,-1.216337306409066,0.8465999999999999,1,0.8465999999999999,6.0,inf
255,2,0.6220037396807088,0.932382174290825,-1.216337306409066,0.8465999999999999,1,0.8465999999999999,6.0,inf
255,3,0.6220037396807088,0.932382174290825,-1.216337306409066,0.8465999999999999,1,0.8465999999999999,6.0,inf
255,4,0.6220037396807088,0.932382174290825,-1.216337306409066,0.8465999999999999,1,0.8465999999999999,6.0,inf
255,5,0.6220037396807088,0.932382174290825,-1.216337306409066,0.8465999999999999,1,0.8465999999999999,6.0,inf
256,0,-0.7895208450317228,-0.6144117763330539,0.4796781223768218,3.0896999999999997,1,3.0896999999999997,6.0,inf
256,1,-0.7895208450317228,-0.6144117763330539,0.4796781223768218,3.0896999999999997,1,3.0896999999999997,6.0,inf
256,2,-0.7895208450317228,-0.6144117763330539,0.4796781223768218,3.0896999999999997,1,3.0896999999999997,6.0,inf
256,3,-0.7895208450317228,-0.6144117763330539,0.4796781223768218,3.0896999999999997,1,3.0896999999999997,6.0,inf
256,4,-0.7895208450317228,-0.6144117763330539,0.4796781223768218,3.0896999999999997,1,3.0896999999999997,6.0,inf
256,5,-0.7895208450317228,-0.6144117763330539,0.4796781223768218,3.0896999999999997,1,3.0896999999999997,6.0,inf
257,0,1.0588373088147316,0.03398297214137434,-1.922095689383622,2.3459999999999996,1,2.3459999999999996,6.0,inf
257,1,1.0588373088147316,0.03398297214137434,-1.922095689383622,2.3459999999999996,1,2.3459999999999996,6.0,inf
257,2,1.0588373088147316,0.03398297214137434,-1.922095689383622,2.3459999999999996,1,2.3459999999999996,6.0,inf
257,3,1.0588373088147316,0.03398297214137434,-1.922095689383622,2.3459999999999996,1,2.3459999999999996,6.0,inf
257,4,1.0588373088147316,0.03398297214137434,-1.922095689383622,2.3459999999999996,1,2.3459999999999996,6.0,inf
257,5,1.0588373088147316,0.03398297214137434,-1.922095689383622,2.3459999999999996,1,2.3459999999999996,6.0,inf
258,0,0.8107977928509679,-1.267373056284345,0.1498647290564541,0.9545999999999999,1,0.9545999999999999,6.0,inf
258,1,0.8107977928509679,-1.267373056284345,0.1498647290564541,0.9545999999999999,1,0.9545999999999999,6.0,inf
258,2,0.8107977928509679,-1.267373056284345,0.1498647290564541,0.9545999999999999,1,0.9545999999999999,6.0,inf
258,3,0.8107977928509679,-1.267373056284345,0.1498647290564541,0.9545999999999999,1,0.9545999999999999,6.0,inf
258,4,0.8107977928509679,-1.267373056284345,0.1498647290564541,0.9545999999999999,1,0.9545999999999999,6.0,inf
258,5,0.8107977928509679,-1.267373056284345,0.1498647290564541,0.9545999999999999,1,0.9545999999999999,6.0,inf
259,0,-1.255958424041575,-0.6629931603786593,-1.0328857328579624,6.0,0,8.0001,6.0,inf
259,1,-1.255958424041575,-0.6629931603786593,-1.0328857328579624,6.0,0,8.0001,6.0,inf
259,2,-1.255958424041575,-0.6629931603786593,-1.0328857328579624,6.0,0,8.0001,6.0,inf
259,3,-1.255958424041575,-0.6629931603786593,-1.0328857328579624,6.0,0,8.0001,6.0,inf
259,4,-1.255958424041575,-0.6629931603786593,-1.0328857328579624,6.0,0,8.0001,6.0,inf
259,5,-1.255958424041575,-0.6629931603786593,-1.0328857328579624,6.0,0,8.0001,6.0,inf
260,0,-0.2533165925812414,0.6987808389272412,-0.5840631801594338,0.35129999999999995,1,0.35129999999999995,6.0,inf
260,1,-0.2533165925812414,0.6987808389272412,-0.5840631801594338,0.35129999999999995,1,0.35129999999999995,6.0,inf
260,2,-0.2533165925812414,0.6987808389272412,-0.5840631801594338,0.35129999999999995,1,0.35129999999999995,6.0,inf
260,3,-0.2533165925812414,0.6987808389272412,-0.5840631801594338,0.35129999999999995,1,0.35129999999999995,6.0,inf
260,4,-0.2533165925812414,0.6987808389272412,-0.5840631801594338,0.35129999999999995,1,0.35129999999999995,6.0,inf
260,5,-0.2533165925812414,0.6987808389272412,-0.5840631801594338,0.35129999999999995,1,0.35129999999999995,6.0,inf
261,0,0.013187184635164646,0.055225970017016304,0.9482730801999238,1.0104,1,1.0104,6.0,inf
261,1,0.013187184635164646,0.055225970017016304,0.9482730801999238,1.0104,1,1.0104,6.0,inf
261,2,0.013187184635164646,0.055225970017016304,0.9482730801999238,1.0104,1,1.0104,6.0,inf
261,3,0.013187184635164646,0.055225970017016304,0.9482730801999238,1.0104,1,1.0104,6.0,inf
261,4,0.013187184635164646,0.055225970017016304,0.9482730801999238,1.0104,1,1.0104,6.0,inf
261,5,0.013187184635164646,0.055225970017016304,0.9482730801999238,1.0104,1,1.0104,6.0,inf
262,0,-1.2347403647422768,-1.7865504041336366,0.14992823881193582,4.2372,1,4.2372,6.0,inf
262,1,-1.2347403647422768,-1.7865504041336366,0.14992823881193582,4.2372,1,4.2372,6.0,inf
262,2,-1.2347403647422768,-1.7865504041336366,0.14992823881193582,4.2372,1,4.2372,6.0,inf
262,3,-1.2347403647422768,-1.7865504041336366,0.14992823881193582,4.2372,1,4.2372,6.0,inf
262,4,-1.2347403647422768,-1.7865504041336366,0.14992823881193582,4.2372,1,4.2372,6.0,inf
262,5,-1.2347403647422768,-1.7865504041336366,0.14992823881193582,4.2372,1,4.2372,6.0,inf
263,0,-0.14335853346299468,-1.3244676265526572,0.3788944737220357,0.10469999999999999,1,0.10469999999999999,6.0,inf
263,1,-0.14335853346299468,-1.3244676265526572,0.3788944737220357,0.10469999999999999,1,0.10469999999999999,6.0,inf
263,2,-0.14335853346299468,-1.3244676265526572,0.3788944737220357,0.10469999999999999,1,0.10469999999999999,6.0,inf
263,3,-0.14335853346299468,-1.3244676265526572,0.3788944737220357,0.10469999999999999,1,0.10469999999999999,6.0,inf
263,4,-0.14335853346299468,-1.3244676265526572,0.3788944737220357,0.10469999999999999,1,0.10469999999999999,6.0,inf
263,5,-0.14335853346299468,-1.3244676265526572,0.3788944737220357,0.10469999999999999,1,0.10469999999999999,6.0,inf
264,0,0.05219459902699126,-0.40647418935585766,1.3401947226909472,1.0692,1,1.0692,6.0,inf
264,1,0.05219459902699126,-0.40647418935585766,1.3401947226909472,1.0692,1,1.0692,6.0,inf
264,2,0.05219459902699126,-0.40647418935585766,1.3401947226909472,1.0692,1,1.0692,6.0,inf
264,3,0.05219459902699126,-0.40647418935585766,1.3401947226909472,1.0692,1,1.0692,6.0,inf
264,4,0.05219459902699126,-0.40647418935585766,1.3401947226909472,1.0692,1,1.0692,6.0,inf
264,5,0.05219459902699126,-0.40647418935585766,1.3401947226909472,1.0692,1,1.0692,6.0,inf
265,0,1.2752824549032973,0.1743097369086967,0.3708226264987326,1.557,1,1.557,6.0,inf
265,1,1.2752824549032973,0.1743097369086967,0.3708226264987326,1.557,1,1.557,6.0,inf
265,2,1.2752824549032973,0.1743097369086967,0.3708226264987326,1.557,1,1.557,6.0,inf
265,3,1.2752824549032973,0.1743097369086967,0.3708226264987326,1.557,1,1.557,6.0,inf
265,4,1.2752824549032973,0.1743097369086967,0.3708226264987326,1.557,1,1.557,6.0,inf
265,5,1.2752824549032973,0.1743097369086967,0.3708226264987326,1.557,1,1.557,6.0,inf
266,0,-0.6153329348788044,-0.012675772067364538,0.6208547671106084,4.3302,1,4.3302,6.0,inf
266,1,-0.6153329348788044,-0.012675772067364538,0.6208547671106084,4.3302,1,4.3302,6.0,inf
266,2,-0.6153329348788044,-0.012675772067364538,0.6208547671106084,4.3302,1,4.3302,6.0,inf
266,3,-0.6153329348788044,-0.012675772067364538,0.6208547671106084,4.3302,1,4.3302,6.0,inf
266,4,-0.6153329348788044,-0.012675772067364538,0.6208547671106084,4.3302,1,4.3302,6.0,inf
266,5,-0.6153329348788044,-0.012675772067364538,0.6208547671106084,4.3302,1,4.3302,6.0,inf
267,0,2.105973551055752,1.5786882186442779,-0.7793276389781684,0.612,1,0.612,6.0,inf
267,1,2.105973551055752,1.5786882186442779,-0.7793276389781684,0.612,1,0.612,6.0,inf
267,2,2.105973551055752,1.5786882186442779,-0.7793276389781684,0.612,1,0.612,6.0,inf
267,3,2.105973551055752,1.5786882186442779,-0.7793276389781684,0.612,1,0.612,6.0,inf
267,4,2.105973551055752,1.5786882186442779,-0.7793276389781684,0.612,1,0.612,6.0,inf
267,5,2.105973551055752,1.5786882186442779,-0.7793276389781684,0.612,1,0.612,6.0,inf
268,0,1.1587886116117276,2.3050311662700165,0.11319946067226562,0.6950999999999999,1,0.6950999999999999,6.0,inf
268,1,1.1587886116117276,2.3050311662700165,0.11319946067226562,0.6950999999999999,1,0.6950999999999999,6.0,inf
268,2,1.1587886116117276,2.3050311662700165,0.11319946067226562,0.6950999999999999,1,0.6950999999999999,6.0,inf
268,3,1.1587886116117276,2.3050311662700165,0.11319946067226562,0.6950999999999999,1,0.6950999999999999,6.0,inf
268,4,1.1587886116117276,2.3050311662700165,0.11319946067226562,0.6950999999999999,1,0.6950999999999999,6.0,inf
268,5,1.1587886116117276,2.3050311662700165,0.11319946067226562,0.6950999999999999,1,0.6950999999999999,6.0,inf
269,0,1.3265079597403493,1.401849545940141,0.22211070721666584,1.503,1,1.503,6.0,inf
269,1,1.3265079597403493,1.401849545940141,0.22211070721666584,1.503,1,1.503,6.0,inf
269,2,1.3265079597403493,1.401849545940141,0.22211070721666584,1.503,1,1.503,6.0,inf
269,3,1.3265079597403493,1.401849545940141,0.22211070721666584,1.503,1,1.503,6.0,inf
269,4,1.3265079597403493,1.401849545940141,0.22211070721666584,1.503,1,1.503,6.0,inf
269,5,1.3265079597403493,1.401849545940141,0.22211070721666584,1.503,1,1.503,6.0,inf
270,0,1.6464355789436667,1.1187377822668223,-0.13692618506624876,0.7568999999999999,1,0.7568999999999999,6.0,inf
270,1,1.6464355789436667,1.1187377822668223,-0.13692618506624876,0.7568999999999999,1,0.7568999999999999,6.0,inf
270,2,1.6464355789436667,1.1187377822668223,-0.13692618506624876,0.7568999999999999,1,0.7568999999999999,6.0,inf
270,3,1.6464355789436667,1.1187377822668223,-0.13692618506624876,0.7568999999999999,1,0.7568999999999999,6.0,inf
270,4,1.6464355789436667,1.1187377822668223,-0.13692618506624876,0.7568999999999999,1,0.7568999999999999,6.0,inf
270,5,1.6464355789436667,1.1187377822668223,-0.13692618506624876,0.7568999999999999,1,0.7568999999999999,6.0,inf
271,0,-0.4187525749976233,-0.28451862538849626,0.30064268321509935,1.0728,1,1.0728,6.0,inf
271,1,-0.4187525749976233,-0.28451862538849626,0.30064268321509935,1.0728,1,1.0728,6.0,inf
271,2,-0.4187525749976233,-0.28451862538849626,0.30064268321509935,1.0728,1,1.0728,6.0,inf
271,3,-0.4187525749976233,-0.28451862538849626,0.30064268321509935,1.0728,1,1.0728,6.0,inf
271,4,-0.4187525749976233,-0.28451862538849626,0.30064268321509935,1.0728,1,1.0728,6.0,inf
271,5,-0.4187525749976233,-0.28451862538849626,0.30064268321509935,1.0728,1,1.0728,6.0,inf
272,0,1.4909091757184216,-0.4712995112116854,0.5804867342120025,2.0216999999999996,1,2.0216999999999996,6.0,inf
272,1,1.4909091757184216,-0.4712995112116854,0.5804867342120025,2.0216999999999996,1,2.0216999999999996,6.0,inf
272,2,1.4909091757184216,-0.4712995112116854,0.5804867342120025,2.0216999999999996,1,2.0216999999999996,6.0,inf
272,3,1.4909091757184216,-0.4712995112116854,0.5804867342120025,2.0216999999999996,1,2.0216999999999996,6.0,inf
272,4,1.4909091757184216,-0.4712995112116854,0.5804867342120025,2.0216999999999996,1,2.0216999999999996,6.0,inf
272,5,1.4909091757184216,-0.4712995112116854,0.5804867342120025,2.0216999999999996,1,2.0216999999999996,6.0,inf
273,0,-2.785996018583161,0.8144559700276386,-0.8732508545657304,6.0,0,6.332999999999999,6.0,inf
273,1,-2.785996018583161,0.8144559700276386,-0.8732508545657304,6.0,0,6.332999999999999,6.0,inf
273,2,-2.785996018583161,0.8144559700276386,-0.8732508545657304,6.0,0,6.332999999999999,6.0,inf
273,3,-2.785996018583161,0.8144559700276386,-0.8732508545657304,6.0,0,6.332999999999999,6.0,inf
273,4,-2.785996018583161,0.8144559700276386,-0.8732508545657304,6.0,0,6.332999999999999,6.0,inf
273,5,-2.785996018583161,0.8144559700276386,-0.8732508545657304,6.0,0,6.332999999999999,6.0,inf
274,0,-0.764792093512538,-1.0666796139224675,0.39104614721614295,5.4045,1,5.4045,6.0,inf
274,1,-0.764792093512538,-1.0666796139224675,0.39104614721614295,5.4045,1,5.4045,6.0,inf
274,2,-0.764792093512538,-1.0666796139224675,0.39104614721614295,5.4045,1,5.4045,6.0,inf
274,3,-0.764792093512538,-1.0666796139224675,0.39104614721614295,5.4045,1,5.4045,6.0,inf
274,4,-0.764792093512538,-1.0666796139224675,0.39104614721614295,5.4045,1,5.4045,6.0,inf
274,5,-0.764792093512538,-1.0666796139224675,0.39104614721614295,5.4045,1,5.4045,6.0,inf
275,0,-0.8691343829319391,1.7738762573177111,0.6023303686332208,2.0286,1,2.0286,6.0,inf
275,1,-0.8691343829319391,1.7738762573177111,0.6023303686332208,2.0286,1,2.0286,6.0,inf
275,2,-0.8691343829319391,1.7738762573177111,0.6023303686332208,2.0286,1,2.0286,6.0,inf
275,3,-0.8691343829319391,1.7738762573177111,0.6023303686332208,2.0286,1,2.0286,6.0,inf
275,4,-0.8691343829319391,1.7738762573177111,0.6023303686332208,2.0286,1,2.0286,6.0,inf
275,5,-0.8691343829319391,1.7738762573177111,0.6023303686332208,2.0286,1,2.0286,6.0,inf
276,0,0.7869651653452204,-0.8393558452457521,0.11020200060550078,5.303699999999999,1,5.303699999999999,6.0,inf
276,1,0.7869651653452204,-0.8393558452457521,0.11020200060550078,5.303699999999999,1,5.303699999999999,6.0,inf
276,2,0.7869651653452204,-0.8393558452457521,0.11020200060550078,5.303699999999999,1,5.303699999999999,6.0,inf
276,3,0.7869651653452204,-0.8393558452457521,0.11020200060550078,5.303699999999999,1,5.303699999999999,6.0,inf
276,4,0.7869651653452204,-0.8393558452457521,0.11020200060550078,5.303699999999999,1,5.303699999999999,6.0,inf
276,5,0.7869651653452204,-0.8393558452457521,0.11020200060550078,5.303699999999999,1,5.303699999999999,6.0,inf
277,0,0.6540542582663741,-1.1176720764656392,0.3829600943199614,4.3587,1,4.3587,6.0,inf
277,1,0.6540542582663741,-1.1176720764656392,0.3829600943199614,4.3587,1,4.3587,6.0,inf
277,2,0.6540542582663741,-1.1176720764656392,0.3829600943199614,4.3587,1,4.3587,6.0,inf
277,3,0.6540542582663741,-1.1176720764656392,0.3829600943199614,4.3587,1,4.3587,6.0,inf
277,4,0.6540542582663741,-1.1176720764656392,0.3829600943199614,4.3587,1,4.3587,6.0,inf
277,5,0.6540542582663741,-1.1176720764656392,0.3829600943199614,4.3587,1,4.3587,6.0,inf
278,0,-1.571084470508346,-0.04406854715449718,0.16177028778421196,1.7177999999999998,1,1.7177999999999998,6.0,inf
278,1,-1.571084470508346,-0.04406854715449718,0.16177028778421196,1.7177999999999998,1,1.7177999999999998,6.0,inf
278,2,-1.571084470508346,-0.04406854715449718,0.16177028778421196,1.7177999999999998,1,1.7177999999999998,6.0,inf
278,3,-1.571084470508346,-0.04406854715449718,0.16177028778421196,1.7177999999999998,1,1.7177999999999998,6.0,inf
278,4,-1.571084470508346,-0.04406854715449718,0.16177028778421196,1.7177999999999998,1,1.7177999999999998,6.0,inf
278,5,-1.571084470508346,-0.04406854715449718,0.16177028778421196,1.7177999999999998,1,1.7177999999999998,6.0,inf
279,0,-1.6438049565948225,2.060878830377125,0.5853576853185226,0.6308999999999999,1,0.6308999999999999,6.0,inf
279,1,-1.6438049565948225,2.060878830377125,0.5853576853185226,0.6308999999999999,1,0.6308999999999999,6.0,inf
279,2,-1.6438049565948225,2.060878830377125,0.5853576853185226,0.6308999999999999,1,0.6308999999999999,6.0,inf
279,3,-1.6438049565948225,2.060878830377125,0.5853576853185226,0.6308999999999999,1,0.6308999999999999,6.0,inf
279,4,-1.6438049565948225,2.060878830377125,0.5853576853185226,0.6308999999999999,1,0.6308999999999999,6.0,inf
279,5,-1.6438049565948225,2.060878830377125,0.5853576853185226,0.6308999999999999,1,0.6308999999999999,6.0,inf
280,0,0.3972314635882634,-1.727864608543698,-0.2645408252270715,5.799899999999999,1,5.799899999999999,6.0,inf
280,1,0.3972314635882634,-1.727864608543698,-0.2645408252270715,5.799899999999999,1,5.799899999999999,6.0,inf
280,2,0.3972314635882634,-1.727864608543698,-0.2645408252270715,5.799899999999999,1,5.799899999999999,6.0,inf
280,3,0.3972314635882634,-1.727864608543698,-0.2645408252270715,5.799899999999999,1,5.799899999999999,6.0,inf
280,4,0.3972314635882634,-1.727864608543698,-0.2645408252270715,5.799899999999999,1,5.799899999999999,6.0,inf
280,5,0.3972314635882634,-1.727864608543698,-0.2645408252270715,5.799899999999999,1,5.799899999999999,6.0,inf
281,0,-0.4221052104940915,-0.1553969792665097,-0.15420909532246765,0.0003,1,0.0003,6.0,inf
281,1,-0.4221052104940915,-0.1553969792665097,-0.15420909532246765,0.0003,1,0.0003,6.0,inf
281,2,-0.4221052104940915,-0.1553969792665097,-0.15420909532246765,0.0003,1,0.0003,6.0,inf
281,3,-0.4221052104940915,-0.1553969792665097,-0.15420909532246765,0.0003,1,0.0003,6.0,inf
281,4,-0.4221052104940915,-0.1553969792665097,-0.15420909532246765,0.0003,1,0.0003,6.0,inf
281,5,-0.4221052104940915,-0.1553969792665097,-0.15420909532246765,0.0003,1,0.0003,6.0,inf
282,0,1.087723589713228,-0.9344064460703002,-0.14739660777830838,3.6704999999999997,1,3.6704999999999997,6.0,inf
282,1,1.087723589713228,-0.9344064460703002,-0.14739660777830838,3.6704999999999997,1,3.6704999999999997,6.0,inf
282,2,1.087723589713228,-0.9344064460703002,-0.14739660777830838,3.6704999999999997,1,3.6704999999999997,6.0,inf
282,3,1.087723589713228,-0.9344064460703002,-0.14739660777830838,3.6704999999999997,1,3.6704999999999997,6.0,inf
282,4,1.087723589713228,-0.9344064460703002,-0.14739660777830838,3.6704999999999997,1,3.6704999999999997,6.0,inf
282,5,1.087723589713228,-0.9344064460703002,-0.14739660777830838,3.6704999999999997,1,3.6704999999999997,6.0,inf
283,0,0.027407664972895193,-1.2871639883054413,0.9554796663851852,5.1591,1,5.1591,6.0,inf
283,1,0.027407664972895193,-1.2871639883054413,0.9554796663851852,5.1591,1,5.1591,6.0,inf
283,2,0.027407664972895193,-1.2871639883054413,0.9554796663851852,5.1591,1,5.1591,6.0,inf
283,3,0.027407664972895193,-1.2871639883054413,0.9554796663851852,5.1591,1,5.1591,6.0,inf
283,4,0.027407664972895193,-1.2871639883054413,0.9554796663851852,5.1591,1,5.1591,6.0,inf
283,5,0.027407664972895193,-1.2871639883054413,0.9554796663851852,5.1591,1,5.1591,6.0,inf
284,0,-1.6119845863690134,-1.834062069726332,0.3206697002985124,6.0,0,8.0001,6.0,inf
284,1,-1.6119845863690134,-1.834062069726332,0.3206697002985124,6.0,0,8.0001,6.0,inf
284,2,-1.6119845863690134,-1.834062069726332,0.3206697002985124,6.0,0,8.0001,6.0,inf
284,3,-1.6119845863690134,-1.834062069726332,0.3206697002985124,6.0,0,8.0001,6.0,inf
284,4,-1.6119845863690134,-1.834062069726332,0.3206697002985124,6.0,0,8.0001,6.0,inf
284,5,-1.6119845863690134,-1.834062069726332,0.3206697002985124,6.0,0,8.0001,6.0,inf
285,0,0.24243024679078126,0.06547195786493039,-0.5680612876523468,1.0595999999999999,1,1.0595999999999999,6.0,inf
285,1,0.24243024679078126,0.06547195786493039,-0.5680612876523468,1.0595999999999999,1,1.0595999999999999,6.0,inf
285,2,0.24243024679078126,0.06547195786493039,-0.5680612876523468,1.0595999999999999,1,1.0595999999999999,6.0,inf
285,3,0.24243024679078126,0.06547195786493039,-0.5680612876523468,1.0595999999999999,1,1.0595999999999999,6.0,inf
285,4,0.24243024679078126,0.06547195786493039,-0.5680612876523468,1.0595999999999999,1,1.0595999999999999,6.0,inf
285,5,0.24243024679078126,0.06547195786493039,-0.5680612876523468,1.0595999999999999,1,1.0595999999999999,6.0,inf
286,0,-0.36520064709445593,0.6632593071275573,-0.02754184803419659,4.756799999999999,1,4.756799999999999,6.0,inf
286,1,-0.36520064709445593,0.6632593071275573,-0.02754184803419659,4.756799999999999,1,4.756799999999999,6.0,inf
286,2,-0.36520064709445593,0.6632593071275573,-0.02754184803419659,4.756799999999999,1,4.756799999999999,6.0,inf
286,3,-0.36520064709445593,0.6632593071275573,-0.02754184803419659,4.756799999999999,1,4.756799999999999,6.0,inf
286,4,-0.36520064709445593,0.6632593071275573,-0.02754184803419659,4.756799999999999,1,4.756799999999999,6.0,inf
286,5,-0.36520064709445593,0.6632593071275573,-0.02754184803419659,4.756799999999999,1,4.756799999999999,6.0,inf
287,0,0.4743454076414017,0.12305278528898932,0.9371287365968594,1.5341999999999998,1,1.5341999999999998,6.0,inf
287,1,0.4743454076414017,0.12305278528898932,0.9371287365968594,1.5341999999999998,1,1.5341999999999998,6.0,inf
287,2,0.4743454076414017,0.12305278528898932,0.9371287365968594,1.5341999999999998,1,1.5341999999999998,6.0,inf
287,3,0.4743454076414017,0.12305278528898932,0.9371287365968594,1.5341999999999998,1,1.5341999999999998,6.0,inf
287,4,0.4743454076414017,0.12305278528898932,0.9371287365968594,1.5341999999999998,1,1.5341999999999998,6.0,inf
287,5,0.4743454076414017,0.12305278528898932,0.9371287365968594,1.5341999999999998,1,1.5341999999999998,6.0,inf
288,0,1.3434925445561579,-0.6057169349616891,1.0152098671911662,1.2138,1,1.2138,6.0,inf
288,1,1.3434925445561579,-0.6057169349616891,1.0152098671911662,1.2138,1,1.2138,6.0,inf
288,2,1.3434925445561579,-0.6057169349616891,1.0152098671911662,1.2138,1,1.2138,6.0,inf
288,3,1.3434925445561579,-0.6057169349616891,1.0152098671911662,1.2138,1,1.2138,6.0,inf
288,4,1.3434925445561579,-0.6057169349616891,1.0152098671911662,1.2138,1,1.2138,6.0,inf
288,5,1.3434925445561579,-0.6057169349616891,1.0152098671911662,1.2138,1,1.2138,6.0,inf
289,0,-0.9006815625105559,0.8641355950710169,0.7555553156946386,1.3160999999999998,1,1.3160999999999998,6.0,inf
289,1,-0.9006815625105559,0.8641355950710169,0.7555553156946386,1.3160999999999998,1,1.3160999999999998,6.0,inf
289,2,-0.9006815625105559,0.8641355950710169,0.7555553156946386,1.3160999999999998,1,1.3160999999999998,6.0,inf
289,3,-0.9006815625105559,0.8641355950710169,0.7555553156946386,1.3160999999999998,1,1.3160999999999998,6.0,inf
289,4,-0.9006815625105559,0.8641355950710169,0.7555553156946386,1.3160999999999998,1,1.3160999999999998,6.0,inf
289,5,-0.9006815625105559,0.8641355950710169,0.7555553156946386,1.3160999999999998,1,1.3160999999999998,6.0,inf
290,0,0.27664934266471286,0.13733332121064806,-0.19980755608905346,0.9974999999999999,1,0.9974999999999999,6.0,inf
290,1,0.27664934266471286,0.13733332121064806,-0.19980755608905346,0.9974999999999999,1,0.9974999999999999,6.0,inf
290,2,0.27664934266471286,0.13733332121064806,-0.19980755608905346,0.9974999999999999,1,0.9974999999999999,6.0,inf
290,3,0.27664934266471286,0.13733332121064806,-0.19980755608905346,0.9974999999999999,1,0.9974999999999999,6.0,inf
290,4,0.27664934266471286,0.13733332121064806,-0.19980755608905346,0.9974999999999999,1,0.9974999999999999,6.0,inf
290,5,0.27664934266471286,0.13733332121064806,-0.19980755608905346,0.9974999999999999,1,0.9974999999999999,6.0,inf
291,0,0.7641583429800678,-0.49806415954775174,-0.348465022203214,1.2642,1,1.2642,6.0,inf
291,1,0.7641583429800678,-0.49806415954775174,-0.348465022203214,1.2642,1,1.2642,6.0,inf
291,2,0.7641583429800678,-0.49806415954775174,-0.348465022203214,1.2642,1,1.2642,6.0,inf
291,3,0.7641583429800678,-0.49806415954775174,-0.348465022203214,1.2642,1,1.2642,6.0,inf
291,4,0.7641583429800678,-0.49806415954775174,-0.348465022203214,1.2642,1,1.2642,6.0,inf
291,5,0.7641583429800678,-0.49806415954775174,-0.348465022203214,1.2642,1,1.2642,6.0,inf
292,0,-1.7868487938659474,-1.3696282746858843,-0.3194991833601025,1.5764999999999998,1,1.5764999999999998,6.0,inf
292,1,-1.7868487938659474,-1.3696282746858843,-0.3194991833601025,1.5764999999999998,1,1.5764999999999998,6.0,inf
292,2,-1.7868487938659474,-1.3696282746858843,-0.3194991833601025,1.5764999999999998,1,1.5764999999999998,6.0,inf
292,3,-1.7868487938659474,-1.3696282746858843,-0.3194991833601025,1.5764999999999998,1,1.5764999999999998,6.0,inf
292,4,-1.7868487938659474,-1.3696282746858843,-0.3194991833601025,1.5764999999999998,1,1.5764999999999998,6.0,inf
292,5,-1.7868487938659474,-1.3696282746858843,-0.3194991833601025,1.5764999999999998,1,1.5764999999999998,6.0,inf
293,0,0.5238253874773151,2.5599744662354076,1.0183934178476062,1.002,1,1.002,6.0,inf
293,1,0.5238253874773151,2.5599744662354076,1.0183934178476062,1.002,1,1.002,6.0,inf
293,2,0.5238253874773151,2.5599744662354076,1.0183934178476062,1.002,1,1.002,6.0,inf
293,3,0.5238253874773151,2.5599744662354076,1.0183934178476062,1.002,1,1.002,6.0,inf
293,4,0.5238253874773151,2.5599744662354076,1.0183934178476062,1.002,1,1.002,6.0,inf
293,5,0.5238253874773151,2.5599744662354076,1.0183934178476062,1.002,1,1.002,6.0,inf
294,0,0.6071946784429567,0.3554882465776329,0.4700755260033084,1.0541999999999998,1,1.0541999999999998,6.0,inf
294,1,0.6071946784429567,0.3554882465776329,0.4700755260033084,1.0541999999999998,1,1.0541999999999998,6.0,inf
294,2,0.6071946784429567,0.3554882465776329,0.4700755260033084,1.0541999999999998,1,1.0541999999999998,6.0,inf
294,3,0.6071946784429567,0.3554882465776329,0.4700755260033084,1.0541999999999998,1,1.0541999999999998,6.0,inf
294,4,0.6071946784429567,0.3554882465776329,0.4700755260033084,1.0541999999999998,1,1.0541999999999998,6.0,inf
294,5,0.6071946784429567,0.3554882465776329,0.4700755260033084,1.0541999999999998,1,1.0541999999999998,6.0,inf
295,0,-0.7461539458555773,0.11612485487609911,0.08583133834340166,1.9226999999999999,1,1.9226999999999999,6.0,inf
295,1,-0.7461539458555773,0.11612485487609911,0.08583133834340166,1.9226999999999999,1,1.9226999999999999,6.0,inf
295,2,-0.7461539458555773,0.11612485487609911,0.08583133834340166,1.9226999999999999,1,1.9226999999999999,6.0,inf
295,3,-0.7461539458555773,0.11612485487609911,0.08583133834340166,1.9226999999999999,1,1.9226999999999999,6.0,inf
295,4,-0.7461539458555773,0.11612485487609911,0.08583133834340166,1.9226999999999999,1,1.9226999999999999,6.0,inf
295,5,-0.7461539458555773,0.11612485487609911,0.08583133834340166,1.9226999999999999,1,1.9226999999999999,6.0,inf
296,0,0.6958719594285516,0.6032570471435895,0.6219661407849083,1.6583999999999999,1,1.6583999999999999,6.0,inf
296,1,0.6958719594285516,0.6032570471435895,0.6219661407849083,1.6583999999999999,1,1.6583999999999999,6.0,inf
296,2,0.6958719594285516,0.6032570471435895,0.6219661407849083,1.6583999999999999,1,1.6583999999999999,6.0,inf
296,3,0.6958719594285516,0.6032570471435895,0.6219661407849083,1.6583999999999999,1,1.6583999999999999,6.0,inf
296,4,0.6958719594285516,0.6032570471435895,0.6219661407849083,1.6583999999999999,1,1.6583999999999999,6.0,inf
296,5,0.6958719594285516,0.6032570471435895,0.6219661407849083,1.6583999999999999,1,1.6583999999999999,6.0,inf
297,0,-0.7708894643666071,0.8263827981989692,0.22007708090552408,2.82,1,2.82,6.0,inf
297,1,-0.7708894643666071,0.8263827981989692,0.22007708090552408,2.82,1,2.82,6.0,inf
297,2,-0.7708894643666071,0.8263827981989692,0.22007708090552408,2.82,1,2.82,6.0,inf
297,3,-0.7708894643666071,0.8263827981989692,0.22007708090552408,2.82,1,2.82,6.0,inf
297,4,-0.7708894643666071,0.8263827981989692,0.22007708090552408,2.82,1,2.82,6.0,inf
297,5,-0.7708894643666071,0.8263827981989692,0.22007708090552408,2.82,1,2.82,6.0,inf
298,0,2.501198461246194,0.060378972812192434,0.9901957070452776,1.1546999999999998,1,1.1546999999999998,6.0,inf
298,1,2.501198461246194,0.060378972812192434,0.9901957070452776,1.1546999999999998,1,1.1546999999999998,6.0,inf
298,2,2.501198461246194,0.060378972812192434,0.9901957070452776,1.1546999999999998,1,1.1546999999999998,6.0,inf
298,3,2.501198461246194,0.060378972812192434,0.9901957070452776,1.1546999999999998,1,1.1546999999999998,6.0,inf
298,4,2.501198461246194,0.060378972812192434,0.9901957070452776,1.1546999999999998,1,1.1546999999999998,6.0,inf
298,5,2.501198461246194,0.060378972812192434,0.9901957070452776,1.1546999999999998,1,1.1546999999999998,6.0,inf
299,0,0.3117826026004463,-1.3540509675269488,-1.3408287990266474,4.6323,1,4.6323,6.0,inf
299,1,0.3117826026004463,-1.3540509675269488,-1.3408287990266474,4.6323,1,4.6323,6.0,inf
299,2,0.3117826026004463,-1.3540509675269488,-1.3408287990266474,4.6323,1,4.6323,6.0,inf
299,3,0.3117826026004463,-1.3540509675269488,-1.3408287990266474,4.6323,1,4.6323,6.0,inf
299,4,0.3117826026004463,-1.3540509675269488,-1.3408287990266474,4.6323,1,4.6323,6.0,inf
299,5,0.3117826026004463,-1.3540509675269488,-1.3408287990266474,4.6323,1,4.6323,6.0,inf
300,0,-0.20495260674690055,-0.628408119099595,-0.09338891084961462,4.769699999999999,1,4.769699999999999,6.0,inf
300,1,-0.20495260674690055,-0.628408119099595,-0.09338891084961462,4.769699999999999,1,4.769699999999999,6.0,inf
300,2,-0.20495260674690055,-0.628408119099595,-0.09338891084961462,4.769699999999999,1,4.769699999999999,6.0,inf
300,3,-0.20495260674690055,-0.628408119099595,-0.09338891084961462,4.769699999999999,1,4.769699999999999,6.0,inf
300,4,-0.20495260674690055,-0.628408119099595,-0.09338891084961462,4.769699999999999,1,4.769699999999999,6.0,inf
300,5,-0.20495260674690055,-0.628408119099595,-0.09338891084961462,4.769699999999999,1,4.769699999999999,6.0,inf
301,0,1.4475966323739786,0.02738409178676555,1.6188937587136412,1.8764999999999998,1,1.8764999999999998,6.0,inf
301,1,1.4475966323739786,0.02738409178676555,1.6188937587136412,1.8764999999999998,1,1.8764999999999998,6.0,inf
301,2,1.4475966323739786,0.02738409178676555,1.6188937587136412,1.8764999999999998,1,1.8764999999999998,6.0,inf
301,3,1.4475966323739786,0.02738409178676555,1.6188937587136412,1.8764999999999998,1,1.8764999999999998,6.0,inf
301,4,1.4475966323739786,0.02738409178676555,1.6188937587136412,1.8764999999999998,1,1.8764999999999998,6.0,inf
301,5,1.4475966323739786,0.02738409178676555,1.6188937587136412,1.8764999999999998,1,1.8764999999999998,6.0,inf
302,0,2.2908236923481864,0.8031753897024243,-0.2539862060212257,1.3092,1,1.3092,6.0,inf
302,1,2.2908236923481864,0.8031753897024243,-0.2539862060212257,1.3092,1,1.3092,6.0,inf
302,2,2.2908236923481864,0.8031753897024243,-0.2539862060212257,1.3092,1,1.3092,6.0,inf
302,3,2.2908236923481864,0.8031753897024243,-0.2539862060212257,1.3092,1,1.3092,6.0,inf
302,4,2.2908236923481864,0.8031753897024243,-0.2539862060212257,1.3092,1,1.3092,6.0,inf
302,5,2.2908236923481864,0.8031753897024243,-0.2539862060212257,1.3092,1,1.3092,6.0,inf
303,0,1.3877073084450917,1.8431331766680064,0.24042385062345212,0.28319999999999995,1,0.28319999999999995,6.0,inf
303,1,1.3877073084450917,1.8431331766680064,0.24042385062345212,0.28319999999999995,1,0.28319999999999995,6.0,inf
303,2,1.3877073084450917,1.8431331766680064,0.24042385062345212,0.28319999999999995,1,0.28319999999999995,6.0,inf
303,3,1.3877073084450917,1.8431331766680064,0.24042385062345212,0.28319999999999995,1,0.28319999999999995,6.0,inf
303,4,1.3877073084450917,1.8431331766680064,0.24042385062345212,0.28319999999999995,1,0.28319999999999995,6.0,inf
303,5,1.3877073084450917,1.8431331766680064,0.24042385062345212,0.28319999999999995,1,0.28319999999999995,6.0,inf
304,0,-0.7650436519954609,0.5176124155018352,0.21997566531100288,1.8389999999999997,1,1.8389999999999997,6.0,inf
304,1,-0.7650436519954609,0.5176124155018352,0.21997566531100288,1.8389999999999997,1,1.8389999999999997,6.0,inf
304,2,-0.7650436519954609,0.5176124155018352,0.21997566531100288,1.8389999999999997,1,1.8389999999999997,6.0,inf
304,3,-0.7650436519954609,0.5176124155018352,0.21997566531100288,1.8389999999999997,1,1.8389999999999997,6.0,inf
304,4,-0.7650436519954609,0.5176124155018352,0.21997566531100288,1.8389999999999997,1,1.8389999999999997,6.0,inf
304,5,-0.7650436519954609,0.5176124155018352,0.21997566531100288,1.8389999999999997,1,1.8389999999999997,6.0,inf
305,0,0.8415544703409209,-0.5976486889217691,-1.350354403055739,5.915399999999999,1,5.915399999999999,6.0,inf
305,1,0.8415544703409209,-0.5976486889217691,-1.350354403055739,5.915399999999999,1,5.915399999999999,6.0,inf
305,2,0.8415544703409209,-0.5976486889217691,-1.350354403055739,5.915399999999999,1,5.915399999999999,6.0,inf
305,3,0.8415544703409209,-0.5976486889217691,-1.350354403055739,5.915399999999999,1,5.915399999999999,6.0,inf
305,4,0.8415544703409209,-0.5976486889217691,-1.350354403055739,5.915399999999999,1,5.915399999999999,6.0,inf
305,5,0.8415544703409209,-0.5976486889217691,-1.350354403055739,5.915399999999999,1,5.915399999999999,6.0,inf
306,0,-1.956337800254012,-0.13492306619723046,-0.5295737287427066,6.0,0,8.0001,6.0,inf
306,1,-1.956337800254012,-0.13492306619723046,-0.5295737287427066,6.0,0,8.0001,6.0,inf
306,2,-1.956337800254012,-0.13492306619723046,-0.5295737287427066,6.0,0,8.0001,6.0,inf
306,3,-1.956337800254012,-0.13492306619723046,-0.5295737287427066,6.0,0,8.0001,6.0,inf
306,4,-1.956337800254012,-0.13492306619723046,-0.5295737287427066,6.0,0,8.0001,6.0,inf
306,5,-1.956337800254012,-0.13492306619723046,-0.5295737287427066,6.0,0,8.0001,6.0,inf
307,0,1.393055303824106,0.32363167342578175,1.015572228414584,2.151,1,2.151,6.0,inf
307,1,1.393055303824106,0.32363167342578175,1.015572228414584,2.151,1,2.151,6.0,inf
307,2,1.393055303824106,0.32363167342578175,1.015572228414584,2.151,1,2.151,6.0,inf
307,3,1.393055303824106,0.32363167342578175,1.015572228414584,2.151,1,2.151,6.0,inf
307,4,1.393055303824106,0.32363167342578175,1.015572228414584,2.151,1,2.151,6.0,inf
307,5,1.393055303824106,0.32363167342578175,1.015572228414584,2.151,1,2.151,6.0,inf
308,0,-0.3500063702321088,0.2546126188139441,0.313020214362558,0.20099999999999998,1,0.20099999999999998,6.0,inf
308,1,-0.3500063702321088,0.2546126188139441,0.313020214362558,0.20099999999999998,1,0.20099999999999998,6.0,inf
308,2,-0.3500063702321088,0.2546126188139441,0.313020214362558,0.20099999999999998,1,0.20099999999999998,6.0,inf
308,3,-0.3500063702321088,0.2546126188139441,0.313020214362558,0.20099999999999998,1,0.20099999999999998,6.0,inf
308,4,-0.3500063702321088,0.2546126188139441,0.313020214362558,0.20099999999999998,1,0.20099999999999998,6.0,inf
308,5,-0.3500063702321088,0.2546126188139441,0.313020214362558,0.20099999999999998,1,0.20099999999999998,6.0,inf
309,0,-1.742222284199846,-0.8100999209815448,-1.5412592879263753,6.0,0,8.0001,6.0,inf
309,1,-1.742222284199846,-0.8100999209815448,-1.5412592879263753,6.0,0,8.0001,6.0,inf
309,2,-1.742222284199846,-0.8100999209815448,-1.5412592879263753,6.0,0,8.0001,6.0,inf
309,3,-1.742222284199846,-0.8100999209815448,-1.5412592879263753,6.0,0,8.0001,6.0,inf
309,4,-1.742222284199846,-0.8100999209815448,-1.5412592879263753,6.0,0,8.0001,6.0,inf
309,5,-1.742222284199846,-0.8100999209815448,-1.5412592879263753,6.0,0,8.0001,6.0,inf
310,0,0.665307165654631,0.871089884744462,0.5095844088793391,0.9216,1,0.9216,6.0,inf
310,1,0.665307165654631,0.871089884744462,0.5095844088793391,0.9216,1,0.9216,6.0,inf
310,2,0.665307165654631,0.871089884744462,0.5095844088793391,0.9216,1,0.9216,6.0,inf
310,3,0.665307165654631,0.871089884744462,0.5095844088793391,0.9216,1,0.9216,6.0,inf
310,4,0.665307165654631,0.871089884744462,0.5095844088793391,0.9216,1,0.9216,6.0,inf
310,5,0.665307165654631,0.871089884744462,0.5095844088793391,0.9216,1,0.9216,6.0,inf
311,0,-0.8931368988711063,1.1111347187140284,0.059822613166091804,0.6192,1,0.6192,6.0,inf
311,1,-0.8931368988711063,1.1111347187140284,0.059822613166091804,0.6192,1,0.6192,6.0,inf
311,2,-0.8931368988711063,1.1111347187140284,0.059822613166091804,0.6192,1,0.6192,6.0,inf
311,3,-0.8931368988711063,1.1111347187140284,0.059822613166091804,0.6192,1,0.6192,6.0,inf
311,4,-0.8931368988711063,1.1111347187140284,0.059822613166091804,0.6192,1,0.6192,6.0,inf
311,5,-0.8931368988711063,1.1111347187140284,0.059822613166091804,0.6192,1,0.6192,6.0,inf
312,0,-1.0479767841126508,0.14473422864807334,-0.17133365849992369,0.5922,1,0.5922,6.0,inf
312,1,-1.0479767841126508,0.14473422864807334,-0.17133365849992369,0.5922,1,0.5922,6.0,inf
312,2,-1.0479767841126508,0.14473422864807334,-0.17133365849992369,0.5922,1,0.5922,6.0,inf
312,3,-1.0479767841126508,0.14473422864807334,-0.17133365849992369,0.5922,1,0.5922,6.0,inf
312,4,-1.0479767841126508,0.14473422864807334,-0.17133365849992369,0.5922,1,0.5922,6.0,inf
312,5,-1.0479767841126508,0.14473422864807334,-0.17133365849992369,0.5922,1,0.5922,6.0,inf
313,0,0.07336719303941285,0.5835148742507045,0.8486215145570734,1.2711,1,1.2711,6.0,inf
313,1,0.07336719303941285,0.5835148742507045,0.8486215145570734,1.2711,1,1.2711,6.0,inf
313,2,0.07336719303941285,0.5835148742507045,0.8486215145570734,1.2711,1,1.2711,6.0,inf
313,3,0.07336719303941285,0.5835148742507045,0.8486215145570734,1.2711,1,1.2711,6.0,inf
313,4,0.07336719303941285,0.5835148742507045,0.8486215145570734,1.2711,1,1.2711,6.0,inf
313,5,0.07336719303941285,0.5835148742507045,0.8486215145570734,1.2711,1,1.2711,6.0,inf
314,0,-0.45867345534720877,0.5035383205782232,-0.902769316755176,6.0,0,8.0001,6.0,inf
314,1,-0.45867345534720877,0.5035383205782232,-0.902769316755176,6.0,0,8.0001,6.0,inf
314,2,-0.45867345534720877,0.5035383205782232,-0.902769316755176,6.0,0,8.0001,6.0,inf
314,3,-0.45867345534720877,0.5035383205782232,-0.902769316755176,6.0,0,8.0001,6.0,inf
314,4,-0.45867345534720877,0.5035383205782232,-0.902769316755176,6.0,0,8.0001,6.0,inf
314,5,-0.45867345534720877,0.5035383205782232,-0.902769316755176,6.0,0,8.0001,6.0,inf
315,0,-1.622099080417741,-1.4443410952650761,0.4801135993582428,0.7376999999999999,1,0.7376999999999999,6.0,inf
315,1,-1.622099080417741,-1.4443410952650761,0.4801135993582428,0.7376999999999999,1,0.7376999999999999,6.0,inf
315,2,-1.622099080417741,-1.4443410952650761,0.4801135993582428,0.7376999999999999,1,0.7376999999999999,6.0,inf
315,3,-1.622099080417741,-1.4443410952650761,0.4801135993582428,0.7376999999999999,1,0.7376999999999999,6.0,inf
315,4,-1.622099080417741,-1.4443410952650761,0.4801135993582428,0.7376999999999999,1,0.7376999999999999,6.0,inf
315,5,-1.622099080417741,-1.4443410952650761,0.4801135993582428,0.7376999999999999,1,0.7376999999999999,6.0,inf
316,0,0.211114594629769,0.7462277031456761,-0.34300319829527975,4.686,1,4.686,6.0,inf
316,1,0.211114594629769,0.7462277031456761,-0.34300319829527975,4.686,1,4.686,6.0,inf
316,2,0.211114594629769,0.7462277031456761,-0.34300319829527975,4.686,1,4.686,6.0,inf
316,3,0.211114594629769,0.7462277031456761,-0.34300319829527975,4.686,1,4.686,6.0,inf
316,4,0.211114594629769,0.7462277031456761,-0.34300319829527975,4.686,1,4.686,6.0,inf
316,5,0.211114594629769,0.7462277031456761,-0.34300319829527975,4.686,1,4.686,6.0,inf
317,0,1.758077918539793,0.0592532544433279,-1.2226515858820064,0.48239999999999994,1,0.48239999999999994,6.0,inf
317,1,1.758077918539793,0.0592532544433279,-1.2226515858820064,0.48239999999999994,1,0.48239999999999994,6.0,inf
317,2,1.758077918539793,0.0592532544433279,-1.2226515858820064,0.48239999999999994,1,0.48239999999999994,6.0,inf
317,3,1.758077918539793,0.0592532544433279,-1.2226515858820064,0.48239999999999994,1,0.48239999999999994,6.0,inf
317,4,1.758077918539793,0.0592532544433279,-1.2226515858820064,0.48239999999999994,1,0.48239999999999994,6.0,inf
317,5,1.758077918539793,0.0592532544433279,-1.2226515858820064,0.48239999999999994,1,0.48239999999999994,6.0,inf
318,0,0.48010861748096356,-1.776121926541351,1.7383267814427672,2.3571,1,2.3571,6.0,inf
318,1,0.48010861748096356,-1.776121926541351,1.7383267814427672,2.3571,1,2.3571,6.0,inf
318,2,0.48010861748096356,-1.776121926541351,1.7383267814427672,2.3571,1,2.3571,6.0,inf
318,3,0.48010861748096356,-1.776121926541351,1.7383267814427672,2.3571,1,2.3571,6.0,inf
318,4,0.48010861748096356,-1.776121926541351,1.7383267814427672,2.3571,1,2.3571,6.0,inf
318,5,0.48010861748096356,-1.776121926541351,1.7383267814427672,2.3571,1,2.3571,6.0,inf
319,0,-0.5480046339303053,-1.0033162754988578,-0.1187864884241563,5.567699999999999,1,5.567699999999999,6.0,inf
319,1,-0.5480046339303053,-1.0033162754988578,-0.1187864884241563,5.567699999999999,1,5.567699999999999,6.0,inf
319,2,-0.5480046339303053,-1.0033162754988578,-0.1187864884241563,5.567699999999999,1,5.567699999999999,6.0,inf
319,3,-0.5480046339303053,-1.0033162754988578,-0.1187864884241563,5.567699999999999,1,5.567699999999999,6.0,inf
319,4,-0.5480046339303053,-1.0033162754988578,-0.1187864884241563,5.567699999999999,1,5.567699999999999,6.0,inf
319,5,-0.5480046339303053,-1.0033162754988578,-0.1187864884241563,5.567699999999999,1,5.567699999999999,6.0,inf
320,0,-0.900044681018388,-0.463564762022724,-0.9705501640786554,3.2390999999999996,1,3.2390999999999996,6.0,inf
320,1,-0.900044681018388,-0.463564762022724,-0.9705501640786554,3.2390999999999996,1,3.2390999999999996,6.0,inf
320,2,-0.900044681018388,-0.463564762022724,-0.9705501640786554,3.2390999999999996,1,3.2390999999999996,6.0,inf
320,3,-0.900044681018388,-0.463564762022724,-0.9705501640786554,3.2390999999999996,1,3.2390999999999996,6.0,inf
320,4,-0.900044681018388,-0.463564762022724,-0.9705501640786554,3.2390999999999996,1,3.2390999999999996,6.0,inf
320,5,-0.900044681018388,-0.463564762022724,-0.9705501640786554,3.2390999999999996,1,3.2390999999999996,6.0,inf
321,0,1.469984034587699,2.6895387889653373,0.7602154290185587,1.0407,1,1.0407,6.0,inf
321,1,1.469984034587699,2.6895387889653373,0.7602154290185587,1.0407,1,1.0407,6.0,inf
321,2,1.469984034587699,2.6895387889653373,0.7602154290185587,1.0407,1,1.0407,6.0,inf
321,3,1.469984034587699,2.6895387889653373,0.7602154290185587,1.0407,1,1.0407,6.0,inf
321,4,1.469984034587699,2.6895387889653373,0.7602154290185587,1.0407,1,1.0407,6.0,inf
321,5,1.469984034587699,2.6895387889653373,0.7602154290185587,1.0407,1,1.0407,6.0,inf
322,0,2.126221843726085,-0.8601238517408135,-2.6580034232072216,3.3884999999999996,1,3.3884999999999996,6.0,inf
322,1,2.126221843726085,-0.8601238517408135,-2.6580034232072216,3.3884999999999996,1,3.3884999999999996,6.0,inf
322,2,2.126221843726085,-0.8601238517408135,-2.6580034232072216,3.3884999999999996,1,3.3884999999999996,6.0,inf
322,3,2.126221843726085,-0.8601238517408135,-2.6580034232072216,3.3884999999999996,1,3.3884999999999996,6.0,inf
322,4,2.126221843726085,-0.8601238517408135,-2.6580034232072216,3.3884999999999996,1,3.3884999999999996,6.0,inf
322,5,2.126221843726085,-0.8601238517408135,-2.6580034232072216,3.3884999999999996,1,3.3884999999999996,6.0,inf
323,0,-0.49846108532725725,1.7927371212211778,-2.2697897243426177,3.0252,1,3.0252,6.0,inf
323,1,-0.49846108532725725,1.7927371212211778,-2.2697897243426177,3.0252,1,3.0252,6.0,inf
323,2,-0.49846108532725725,1.7927371212211778,-2.2697897243426177,3.0252,1,3.0252,6.0,inf
323,3,-0.49846108532725725,1.7927371212211778,-2.2697897243426177,3.0252,1,3.0252,6.0,inf
323,4,-0.49846108532725725,1.7927371212211778,-2.2697897243426177,3.0252,1,3.0252,6.0,inf
323,5,-0.49846108532725725,1.7927371212211778,-2.2697897243426177,3.0252,1,3.0252,6.0,inf
324,0,-0.13059259880521096,-0.06933101466823453,-1.026949730070408,0.0003,1,0.0003,6.0,inf
324,1,-0.13059259880521096,-0.06933101466823453,-1.026949730070408,0.0003,1,0.0003,6.0,inf
324,2,-0.13059259880521096,-0.06933101466823453,-1.026949730070408,0.0003,1,0.0003,6.0,inf
324,3,-0.13059259880521096,-0.06933101466823453,-1.026949730070408,0.0003,1,0.0003,6.0,inf
324,4,-0.13059259880521096,-0.06933101466823453,-1.026949730070408,0.0003,1,0.0003,6.0,inf
324,5,-0.13059259880521096,-0.06933101466823453,-1.026949730070408,0.0003,1,0.0003,6.0,inf
325,0,-0.1931066059832231,-0.3243307590207865,-0.5572254029307712,1.9568999999999999,1,1.9568999999999999,6.0,inf
325,1,-0.1931066059832231,-0.3243307590207865,-0.5572254029307712,1.9568999999999999,1,1.9568999999999999,6.0,inf
325,2,-0.1931066059832231,-0.3243307590207865,-0.5572254029307712,1.9568999999999999,1,1.9568999999999999,6.0,inf
325,3,-0.1931066059832231,-0.3243307590207865,-0.5572254029307712,1.9568999999999999,1,1.9568999999999999,6.0,inf
325,4,-0.1931066059832231,-0.3243307590207865,-0.5572254029307712,1.9568999999999999,1,1.9568999999999999,6.0,inf
325,5,-0.1931066059832231,-0.3243307590207865,-0.5572254029307712,1.9568999999999999,1,1.9568999999999999,6.0,inf
326,0,-0.6252852894841094,-1.308989599273288,2.045213187329966,1.6853999999999998,1,1.6853999999999998,6.0,inf
326,1,-0.6252852894841094,-1.308989599273288,2.045213187329966,1.6853999999999998,1,1.6853999999999998,6.0,inf
326,2,-0.6252852894841094,-1.308989599273288,2.045213187329966,1.6853999999999998,1,1.6853999999999998,6.0,inf
326,3,-0.6252852894841094,-1.308989599273288,2.045213187329966,1.6853999999999998,1,1.6853999999999998,6.0,inf
326,4,-0.6252852894841094,-1.308989599273288,2.045213187329966,1.6853999999999998,1,1.6853999999999998,6.0,inf
326,5,-0.6252852894841094,-1.308989599273288,2.045213187329966,1.6853999999999998,1,1.6853999999999998,6.0,inf
327,0,-0.9242074033873079,0.21140027174313084,-2.194342546962846,1.5761999999999998,1,1.5761999999999998,6.0,inf
327,1,-0.9242074033873079,0.21140027174313084,-2.194342546962846,1.5761999999999998,1,1.5761999999999998,6.0,inf
327,2,-0.9242074033873079,0.21140027174313084,-2.194342546962846,1.5761999999999998,1,1.5761999999999998,6.0,inf
327,3,-0.9242074033873079,0.21140027174313084,-2.194342546962846,1.5761999999999998,1,1.5761999999999998,6.0,inf
327,4,-0.9242074033873079,0.21140027174313084,-2.194342546962846,1.5761999999999998,1,1.5761999999999998,6.0,inf
327,5,-0.9242074033873079,0.21140027174313084,-2.194342546962846,1.5761999999999998,1,1.5761999999999998,6.0,inf
328,0,0.7671508391226474,1.2122977312496288,0.2617796167815918,0.6846,1,0.6846,6.0,inf
328,1,0.7671508391226474,1.2122977312496288,0.2617796167815918,0.6846,1,0.6846,6.0,inf
328,2,0.7671508391226474,1.2122977312496288,0.2617796167815918,0.6846,1,0.6846,6.0,inf
328,3,0.7671508391226474,1.2122977312496288,0.2617796167815918,0.6846,1,0.6846,6.0,inf
328,4,0.7671508391226474,1.2122977312496288,0.2617796167815918,0.6846,1,0.6846,6.0,inf
328,5,0.7671508391226474,1.2122977312496288,0.2617796167815918,0.6846,1,0.6846,6.0,inf
329,0,0.7899218389443694,0.2904917501475815,-0.8157609848823669,2.1908999999999996,1,2.1908999999999996,6.0,inf
329,1,0.7899218389443694,0.2904917501475815,-0.8157609848823669,2.1908999999999996,1,2.1908999999999996,6.0,inf
329,2,0.7899218389443694,0.2904917501475815,-0.8157609848823669,2.1908999999999996,1,2.1908999999999996,6.0,inf
329,3,0.7899218389443694,0.2904917501475815,-0.8157609848823669,2.1908999999999996,1,2.1908999999999996,6.0,inf
329,4,0.7899218389443694,0.2904917501475815,-0.8157609848823669,2.1908999999999996,1,2.1908999999999996,6.0,inf
329,5,0.7899218389443694,0.2904917501475815,-0.8157609848823669,2.1908999999999996,1,2.1908999999999996,6.0,inf
330,0,-0.2807060266244872,1.1231453772577056,0.7346199872956557,2.3562,1,2.3562,6.0,inf
330,1,-0.2807060266244872,1.1231453772577056,0.7346199872956557,2.3562,1,2.3562,6.0,inf
330,2,-0.2807060266244872,1.1231453772577056,0.7346199872956557,2.3562,1,2.3562,6.0,inf
330,3,-0.2807060266244872,1.1231453772577056,0.7346199872956557,2.3562,1,2.3562,6.0,inf
330,4,-0.2807060266244872,1.1231453772577056,0.7346199872956557,2.3562,1,2.3562,6.0,inf
330,5,-0.2807060266244872,1.1231453772577056,0.7346199872956557,2.3562,1,2.3562,6.0,inf
331,0,0.5780758926382741,1.4263621231523318,-0.25125580930727914,3.6224999999999996,1,3.6224999999999996,6.0,inf
331,1,0.5780758926382741,1.4263621231523318,-0.25125580930727914,3.6224999999999996,1,3.6224999999999996,6.0,inf
331,2,0.5780758926382741,1.4263621231523318,-0.25125580930727914,3.6224999999999996,1,3.6224999999999996,6.0,inf
331,3,0.5780758926382741,1.4263621231523318,-0.25125580930727914,3.6224999999999996,1,3.6224999999999996,6.0,inf
331,4,0.5780758926382741,1.4263621231523318,-0.25125580930727914,3.6224999999999996,1,3.6224999999999996,6.0,inf
331,5,0.5780758926382741,1.4263621231523318,-0.25125580930727914,3.6224999999999996,1,3.6224999999999996,6.0,inf
332,0,1.9176994184649525,-0.5471636473771884,0.3056803032211676,0.6735,1,0.6735,6.0,inf
332,1,1.9176994184649525,-0.5471636473771884,0.3056803032211676,0.6735,1,0.6735,6.0,inf
332,2,1.9176994184649525,-0.5471636473771884,0.3056803032211676,0.6735,1,0.6735,6.0,inf
332,3,1.9176994184649525,-0.5471636473771884,0.3056803032211676,0.6735,1,0.6735,6.0,inf
332,4,1.9176994184649525,-0.5471636473771884,0.3056803032211676,0.6735,1,0.6735,6.0,inf
332,5,1.9176994184649525,-0.5471636473771884,0.3056803032211676,0.6735,1,0.6735,6.0,inf
333,0,-0.5302769041589006,-2.2825712258116586,-1.5570514788202316,6.0,0,8.0001,6.0,inf
333,1,-0.5302769041589006,-2.2825712258116586,-1.5570514788202316,6.0,0,8.0001,6.0,inf
333,2,-0.5302769041589006,-2.2825712258116586,-1.5570514788202316,6.0,0,8.0001,6.0,inf
333,3,-0.5302769041589006,-2.2825712258116586,-1.5570514788202316,6.0,0,8.0001,6.0,inf
333,4,-0.5302769041589006,-2.2825712258116586,-1.5570514788202316,6.0,0,8.0001,6.0,inf
333,5,-0.5302769041589006,-2.2825712258116586,-1.5570514788202316,6.0,0,8.0001,6.0,inf
334,0,1.8236006256487154,1.8911316892137053,-0.922796147756071,0.6440999999999999,1,0.6440999999999999,6.0,inf
334,1,1.8236006256487154,1.8911316892137053,-0.922796147756071,0.6440999999999999,1,0.6440999999999999,6.0,inf
334,2,1.8236006256487154,1.8911316892137053,-0.922796147756071,0.6440999999999999,1,0.6440999999999999,6.0,inf
334,3,1.8236006256487154,1.8911316892137053,-0.922796147756071,0.6440999999999999,1,0.6440999999999999,6.0,inf
334,4,1.8236006256487154,1.8911316892137053,-0.922796147756071,0.6440999999999999,1,0.6440999999999999,6.0,inf
334,5,1.8236006256487154,1.8911316892137053,-0.922796147756071,0.6440999999999999,1,0.6440999999999999,6.0,inf
335,0,0.8631211025270779,0.5525097706161356,1.2965376064790002,0.46499999999999997,1,0.46499999999999997,6.0,inf
335,1,0.8631211025270779,0.5525097706161356,1.2965376064790002,0.46499999999999997,1,0.46499999999999997,6.0,inf
335,2,0.8631211025270779,0.5525097706161356,1.2965376064790002,0.46499999999999997,1,0.46499999999999997,6.0,inf
335,3,0.8631211025270779,0.5525097706161356,1.2965376064790002,0.46499999999999997,1,0.46499999999999997,6.0,inf
335,4,0.8631211025270779,0.5525097706161356,1.2965376064790002,0.46499999999999997,1,0.46499999999999997,6.0,inf
335,5,0.8631211025270779,0.5525097706161356,1.2965376064790002,0.46499999999999997,1,0.46499999999999997,6.0,inf
336,0,-1.471596872577928,1.5976149080939812,-0.44397128460286484,6.0,0,8.0001,6.0,inf
336,1,-1.471596872577928,1.5976149080939812,-0.44397128460286484,6.0,0,8.0001,6.0,inf
336,2,-1.471596872577928,1.5976149080939812,-0.44397128460286484,6.0,0,8.0001,6.0,inf
336,3,-1.471596872577928,1.5976149080939812,-0.44397128460286484,6.0,0,8.0001,6.0,inf
336,4,-1.471596872577928,1.5976149080939812,-0.44397128460286484,6.0,0,8.0001,6.0,inf
336,5,-1.471596872577928,1.5976149080939812,-0.44397128460286484,6.0,0,8.0001,6.0,inf
337,0,0.7995249078519322,0.11874167921886293,-0.232976143623308,0.23279999999999998,1,0.23279999999999998,6.0,inf
337,1,0.7995249078519322,0.11874167921886293,-0.232976143623308,0.23279999999999998,1,0.23279999999999998,6.0,inf
337,2,0.7995249078519322,0.11874167921886293,-0.232976143623308,0.23279999999999998,1,0.23279999999999998,6.0,inf
337,3,0.7995249078519322,0.11874167921886293,-0.232976143623308,0.23279999999999998,1,0.23279999999999998,6.0,inf
337,4,0.7995249078519322,0.11874167921886293,-0.232976143623308,0.23279999999999998,1,0.23279999999999998,6.0,inf
337,5,0.7995249078519322,0.11874167921886293,-0.232976143623308,0.23279999999999998,1,0.23279999999999998,6.0,inf
338,0,-0.3688185167562332,0.7996174425505608,0.7592070492191415,0.46499999999999997,1,0.46499999999999997,6.0,inf
338,1,-0.3688185167562332,0.7996174425505608,0.7592070492191415,0.46499999999999997,1,0.46499999999999997,6.0,inf
338,2,-0.3688185167562332,0.7996174425505608,0.7592070492191415,0.46499999999999997,1,0.46499999999999997,6.0,inf
338,3,-0.3688185167562332,0.7996174425505608,0.7592070492191415,0.46499999999999997,1,0.46499999999999997,6.0,inf
338,4,-0.3688185167562332,0.7996174425505608,0.7592070492191415,0.46499999999999997,1,0.46499999999999997,6.0,inf
338,5,-0.3688185167562332,0.7996174425505608,0.7592070492191415,0.46499999999999997,1,0.46499999999999997,6.0,inf
339,0,-0.5916422640911224,0.9574381674093938,-1.4246511544291829,0.5484,1,0.5484,6.0,inf
339,1,-0.5916422640911224,0.9574381674093938,-1.4246511544291829,0.5484,1,0.5484,6.0,inf
339,2,-0.5916422640911224,0.9574381674093938,-1.4246511544291829,0.5484,1,0.5484,6.0,inf
339,3,-0.5916422640911224,0.9574381674093938,-1.4246511544291829,0.5484,1,0.5484,6.0,inf
339,4,-0.5916422640911224,0.9574381674093938,-1.4246511544291829,0.5484,1,0.5484,6.0,inf
339,5,-0.5916422640911224,0.9574381674093938,-1.4246511544291829,0.5484,1,0.5484,6.0,inf
340,0,-0.5259355081732775,-0.4810653390547353,0.2642971236151563,2.3312999999999997,1,2.3312999999999997,6.0,inf
340,1,-0.5259355081732775,-0.4810653390547353,0.2642971236151563,2.3312999999999997,1,2.3312999999999997,6.0,inf
340,2,-0.5259355081732775,-0.4810653390547353,0.2642971236151563,2.3312999999999997,1,2.3312999999999997,6.0,inf
340,3,-0.5259355081732775,-0.4810653390547353,0.2642971236151563,2.3312999999999997,1,2.3312999999999997,6.0,inf
340,4,-0.5259355081732775,-0.4810653390547353,0.2642971236151563,2.3312999999999997,1,2.3312999999999997,6.0,inf
340,5,-0.5259355081732775,-0.4810653390547353,0.2642971236151563,2.3312999999999997,1,2.3312999999999997,6.0,inf
341,0,0.4216508351310979,-0.2725808055106257,0.06190809573046975,2.0789999999999997,1,2.0789999999999997,6.0,inf
341,1,0.4216508351310979,-0.2725808055106257,0.06190809573046975,2.0789999999999997,1,2.0789999999999997,6.0,inf
341,2,0.4216508351310979,-0.2725808055106257,0.06190809573046975,2.0789999999999997,1,2.0789999999999997,6.0,inf
341,3,0.4216508351310979,-0.2725808055106257,0.06190809573046975,2.0789999999999997,1,2.0789999999999997,6.0,inf
341,4,0.4216508351310979,-0.2725808055106257,0.06190809573046975,2.0789999999999997,1,2.0789999999999997,6.0,inf
341,5,0.4216508351310979,-0.2725808055106257,0.06190809573046975,2.0789999999999997,1,2.0789999999999997,6.0,inf
342,0,-0.4946495542657461,0.26014656195485497,-0.19247364888088384,1.0533,1,1.0533,6.0,inf
342,1,-0.4946495542657461,0.26014656195485497,-0.19247364888088384,1.0533,1,1.0533,6.0,inf
342,2,-0.4946495542657461,0.26014656195485497,-0.19247364888088384,1.0533,1,1.0533,6.0,inf
342,3,-0.4946495542657461,0.26014656195485497,-0.19247364888088384,1.0533,1,1.0533,6.0,inf
342,4,-0.4946495542657461,0.26014656195485497,-0.19247364888088384,1.0533,1,1.0533,6.0,inf
342,5,-0.4946495542657461,0.26014656195485497,-0.19247364888088384,1.0533,1,1.0533,6.0,inf
343,0,0.4705075763984502,0.255616751846576,0.24626985969904916,1.3719,1,1.3719,6.0,inf
343,1,0.4705075763984502,0.255616751846576,0.24626985969904916,1.3719,1,1.3719,6.0,inf
343,2,0.4705075763984502,0.255616751846576,0.24626985969904916,1.3719,1,1.3719,6.0,inf
343,3,0.4705075763984502,0.255616751846576,0.24626985969904916,1.3719,1,1.3719,6.0,inf
343,4,0.4705075763984502,0.255616751846576,0.24626985969904916,1.3719,1,1.3719,6.0,inf
343,5,0.4705075763984502,0.255616751846576,0.24626985969904916,1.3719,1,1.3719,6.0,inf
344,0,-1.6150363674138224,-0.25223895926592976,0.4402675499806107,6.0,0,8.0001,6.0,inf
344,1,-1.6150363674138224,-0.25223895926592976,0.4402675499806107,6.0,0,8.0001,6.0,inf
344,2,-1.6150363674138224,-0.25223895926592976,0.4402675499806107,6.0,0,8.0001,6.0,inf
344,3,-1.6150363674138224,-0.25223895926592976,0.4402675499806107,6.0,0,8.0001,6.0,inf
344,4,-1.6150363674138224,-0.25223895926592976,0.4402675499806107,6.0,0,8.0001,6.0,inf
344,5,-1.6150363674138224,-0.25223895926592976,0.4402675499806107,6.0,0,8.0001,6.0,inf
345,0,-1.3166449636962148,-0.747433091735474,-0.546165277747245,4.0748999999999995,1,4.0748999999999995,6.0,inf
345,1,-1.3166449636962148,-0.747433091735474,-0.546165277747245,4.0748999999999995,1,4.0748999999999995,6.0,inf
345,2,-1.3166449636962148,-0.747433091735474,-0.546165277747245,4.0748999999999995,1,4.0748999999999995,6.0,inf
345,3,-1.3166449636962148,-0.747433091735474,-0.546165277747245,4.0748999999999995,1,4.0748999999999995,6.0,inf
345,4,-1.3166449636962148,-0.747433091735474,-0.546165277747245,4.0748999999999995,1,4.0748999999999995,6.0,inf
345,5,-1.3166449636962148,-0.747433091735474,-0.546165277747245,4.0748999999999995,1,4.0748999999999995,6.0,inf
346,0,-0.4152447210674481,1.766718766213549,0.07515384894495639,3.2876999999999996,1,3.2876999999999996,6.0,inf
346,1,-0.4152447210674481,1.766718766213549,0.07515384894495639,3.2876999999999996,1,3.2876999999999996,6.0,inf
346,2,-0.4152447210674481,1.766718766213549,0.07515384894495639,3.2876999999999996,1,3.2876999999999996,6.0,inf
346,3,-0.4152447210674481,1.766718766213549,0.07515384894495639,3.2876999999999996,1,3.2876999999999996,6.0,inf
346,4,-0.4152447210674481,1.766718766213549,0.07515384894495639,3.2876999999999996,1,3.2876999999999996,6.0,inf
346,5,-0.4152447210674481,1.766718766213549,0.07515384894495639,3.2876999999999996,1,3.2876999999999996,6.0,inf
347,0,-0.17509201821262121,1.8057347284078278,0.7962285989956092,1.6985999999999999,1,1.6985999999999999,6.0,inf
347,1,-0.17509201821262121,1.8057347284078278,0.7962285989956092,1.6985999999999999,1,1.6985999999999999,6.0,inf
347,2,-0.17509201821262121,1.8057347284078278,0.7962285989956092,1.6985999999999999,1,1.6985999999999999,6.0,inf
347,3,-0.17509201821262121,1.8057347284078278,0.7962285989956092,1.6985999999999999,1,1.6985999999999999,6.0,inf
347,4,-0.17509201821262121,1.8057347284078278,0.7962285989956092,1.6985999999999999,1,1.6985999999999999,6.0,inf
347,5,-0.17509201821262121,1.8057347284078278,0.7962285989956092,1.6985999999999999,1,1.6985999999999999,6.0,inf
348,0,0.13579182849566176,-0.8491223731777492,1.237097922154744,0.32909999999999995,1,0.32909999999999995,6.0,inf
348,1,0.13579182849566176,-0.8491223731777492,1.237097922154744,0.32909999999999995,1,0.32909999999999995,6.0,inf
348,2,0.13579182849566176,-0.8491223731777492,1.237097922154744,0.32909999999999995,1,0.32909999999999995,6.0,inf
348,3,0.13579182849566176,-0.8491223731777492,1.237097922154744,0.32909999999999995,1,0.32909999999999995,6.0,inf
348,4,0.13579182849566176,-0.8491223731777492,1.237097922154744,0.32909999999999995,1,0.32909999999999995,6.0,inf
348,5,0.13579182849566176,-0.8491223731777492,1.237097922154744,0.32909999999999995,1,0.32909999999999995,6.0,inf
349,0,1.140644366695039,0.5016764198207292,-2.7461195807709426,0.8199,1,0.8199,6.0,inf
349,1,1.140644366695039,0.5016764198207292,-2.7461195807709426,0.8199,1,0.8199,6.0,inf
349,2,1.140644366695039,0.5016764198207292,-2.7461195807709426,0.8199,1,0.8199,6.0,inf
349,3,1.140644366695039,0.5016764198207292,-2.7461195807709426,0.8199,1,0.8199,6.0,inf
349,4,1.140644366695039,0.5016764198207292,-2.7461195807709426,0.8199,1,0.8199,6.0,inf
349,5,1.140644366695039,0.5016764198207292,-2.7461195807709426,0.8199,1,0.8199,6.0,inf
350,0,-0.2284002562645344,-0.708111448598547,1.1681277046754175,0.5570999999999999,1,0.5570999999999999,6.0,inf
350,1,-0.2284002562645344,-0.708111448598547,1.1681277046754175,0.5570999999999999,1,0.5570999999999999,6.0,inf
350,2,-0.2284002562645344,-0.708111448598547,1.1681277046754175,0.5570999999999999,1,0.5570999999999999,6.0,inf
350,3,-0.2284002562645344,-0.708111448598547,1.1681277046754175,0.5570999999999999,1,0.5570999999999999,6.0,inf
350,4,-0.2284002562645344,-0.708111448598547,1.1681277046754175,0.5570999999999999,1,0.5570999999999999,6.0,inf
350,5,-0.2284002562645344,-0.708111448598547,1.1681277046754175,0.5570999999999999,1,0.5570999999999999,6.0,inf
351,0,-0.04832642871027693,-1.0533140297470416,-0.16609921987457066,5.0031,1,5.0031,6.0,inf
351,1,-0.04832642871027693,-1.0533140297470416,-0.16609921987457066,5.0031,1,5.0031,6.0,inf
351,2,-0.04832642871027693,-1.0533140297470416,-0.16609921987457066,5.0031,1,5.0031,6.0,inf
351,3,-0.04832642871027693,-1.0533140297470416,-0.16609921987457066,5.0031,1,5.0031,6.0,inf
351,4,-0.04832642871027693,-1.0533140297470416,-0.16609921987457066,5.0031,1,5.0031,6.0,inf
351,5,-0.04832642871027693,-1.0533140297470416,-0.16609921987457066,5.0031,1,5.0031,6.0,inf
352,0,0.38067964950006916,-0.09472919618856067,-0.7901334335015792,4.280399999999999,1,4.280399999999999,6.0,inf
352,1,0.38067964950006916,-0.09472919618856067,-0.7901334335015792,4.280399999999999,1,4.280399999999999,6.0,inf
352,2,0.38067964950006916,-0.09472919618856067,-0.7901334335015792,4.280399999999999,1,4.280399999999999,6.0,inf
352,3,0.38067964950006916,-0.09472919618856067,-0.7901334335015792,4.280399999999999,1,4.280399999999999,6.0,inf
352,4,0.38067964950006916,-0.09472919618856067,-0.7901334335015792,4.280399999999999,1,4.280399999999999,6.0,inf
352,5,0.38067964950006916,-0.09472919618856067,-0.7901334335015792,4.280399999999999,1,4.280399999999999,6.0,inf
353,0,1.9359657106326298,-1.0676302339054005,-0.7515543658196893,2.1975,1,2.1975,6.0,inf
353,1,1.9359657106326298,-1.0676302339054005,-0.7515543658196893,2.1975,1,2.1975,6.0,inf
353,2,1.9359657106326298,-1.0676302339054005,-0.7515543658196893,2.1975,1,2.1975,6.0,inf
353,3,1.9359657106326298,-1.0676302339054005,-0.7515543658196893,2.1975,1,2.1975,6.0,inf
353,4,1.9359657106326298,-1.0676302339054005,-0.7515543658196893,2.1975,1,2.1975,6.0,inf
353,5,1.9359657106326298,-1.0676302339054005,-0.7515543658196893,2.1975,1,2.1975,6.0,inf
354,0,-0.006625552895323281,-0.09566002134582578,-1.241371447507239,5.030399999999999,1,5.030399999999999,6.0,inf
354,1,-0.006625552895323281,-0.09566002134582578,-1.241371447507239,5.030399999999999,1,5.030399999999999,6.0,inf
354,2,-0.006625552895323281,-0.09566002134582578,-1.241371447507239,5.030399999999999,1,5.030399999999999,6.0,inf
354,3,-0.006625552895323281,-0.09566002134582578,-1.241371447507239,5.030399999999999,1,5.030399999999999,6.0,inf
354,4,-0.006625552895323281,-0.09566002134582578,-1.241371447507239,5.030399999999999,1,5.030399999999999,6.0,inf
354,5,-0.006625552895323281,-0.09566002134582578,-1.241371447507239,5.030399999999999,1,5.030399999999999,6.0,inf
355,0,0.23783007723940514,-0.6638533674971503,-1.3902753164914206,5.8896,1,5.8896,6.0,inf
355,1,0.23783007723940514,-0.6638533674971503,-1.3902753164914206,5.8896,1,5.8896,6.0,inf
355,2,0.23783007723940514,-0.6638533674971503,-1.3902753164914206,5.8896,1,5.8896,6.0,inf
355,3,0.23783007723940514,-0.6638533674971503,-1.3902753164914206,5.8896,1,5.8896,6.0,inf
355,4,0.23783007723940514,-0.6638533674971503,-1.3902753164914206,5.8896,1,5.8896,6.0,inf
355,5,0.23783007723940514,-0.6638533674971503,-1.3902753164914206,5.8896,1,5.8896,6.0,inf
356,0,0.6697692175153184,2.8746274790603876,-0.3743563096753904,1.5348,1,1.5348,6.0,inf
356,1,0.6697692175153184,2.8746274790603876,-0.3743563096753904,1.5348,1,1.5348,6.0,inf
356,2,0.6697692175153184,2.8746274790603876,-0.3743563096753904,1.5348,1,1.5348,6.0,inf
356,3,0.6697692175153184,2.8746274790603876,-0.3743563096753904,1.5348,1,1.5348,6.0,inf
356,4,0.6697692175153184,2.8746274790603876,-0.3743563096753904,1.5348,1,1.5348,6.0,inf
356,5,0.6697692175153184,2.8746274790603876,-0.3743563096753904,1.5348,1,1.5348,6.0,inf
357,0,-1.156543186743966,-0.5950453603948175,-1.4130897843246801,6.0,0,8.0001,6.0,inf
357,1,-1.156543186743966,-0.5950453603948175,-1.4130897843246801,6.0,0,8.0001,6.0,inf
357,2,-1.156543186743966,-0.5950453603948175,-1.4130897843246801,6.0,0,8.0001,6.0,inf
357,3,-1.156543186743966,-0.5950453603948175,-1.4130897843246801,6.0,0,8.0001,6.0,inf
357,4,-1.156543186743966,-0.5950453603948175,-1.4130897843246801,6.0,0,8.0001,6.0,inf
357,5,-1.156543186743966,-0.5950453603948175,-1.4130897843246801,6.0,0,8.0001,6.0,inf
358,0,1.2557061209350147,-0.8336311581706825,-0.1875509243267809,2.1260999999999997,1,2.1260999999999997,6.0,inf
358,1,1.2557061209350147,-0.8336311581706825,-0.1875509243267809,2.1260999999999997,1,2.1260999999999997,6.0,inf
358,2,1.2557061209350147,-0.8336311581706825,-0.1875509243267809,2.1260999999999997,1,2.1260999999999997,6.0,inf
358,3,1.2557061209350147,-0.8336311581706825,-0.1875509243267809,2.1260999999999997,1,2.1260999999999997,6.0,inf
358,4,1.2557061209350147,-0.8336311581706825,-0.1875509243267809,2.1260999999999997,1,2.1260999999999997,6.0,inf
358,5,1.2557061209350147,-0.8336311581706825,-0.1875509243267809,2.1260999999999997,1,2.1260999999999997,6.0,inf
359,0,-0.2697941418031441,-0.5428079684978624,-0.3387669313758345,5.539499999999999,1,5.539499999999999,6.0,inf
359,1,-0.2697941418031441,-0.5428079684978624,-0.3387669313758345,5.539499999999999,1,5.539499999999999,6.0,inf
359,2,-0.2697941418031441,-0.5428079684978624,-0.3387669313758345,5.539499999999999,1,5.539499999999999,6.0,inf
359,3,-0.2697941418031441,-0.5428079684978624,-0.3387669313758345,5.539499999999999,1,5.539499999999999,6.0,inf
359,4,-0.2697941418031441,-0.5428079684978624,-0.3387669313758345,5.539499999999999,1,5.539499999999999,6.0,inf
359,5,-0.2697941418031441,-0.5428079684978624,-0.3387669313758345,5.539499999999999,1,5.539499999999999,6.0,inf
360,0,-0.5072539980036171,1.4995489925924903,0.6018338819637497,1.365,1,1.365,6.0,inf
360,1,-0.5072539980036171,1.4995489925924903,0.6018338819637497,1.365,1,1.365,6.0,inf
360,2,-0.5072539980036171,1.4995489925924903,0.6018338819637497,1.365,1,1.365,6.0,inf
360,3,-0.5072539980036171,1.4995489925924903,0.6018338819637497,1.365,1,1.365,6.0,inf
360,4,-0.5072539980036171,1.4995489925924903,0.6018338819637497,1.365,1,1.365,6.0,inf
360,5,-0.5072539980036171,1.4995489925924903,0.6018338819637497,1.365,1,1.365,6.0,inf
361,0,1.4200808393728774,-0.7522161750809461,1.409862723610306,1.7064,1,1.7064,6.0,inf
361,1,1.4200808393728774,-0.7522161750809461,1.409862723610306,1.7064,1,1.7064,6.0,inf
361,2,1.4200808393728774,-0.7522161750809461,1.409862723610306,1.7064,1,1.7064,6.0,inf
361,3,1.4200808393728774,-0.7522161750809461,1.409862723610306,1.7064,1,1.7064,6.0,inf
361,4,1.4200808393728774,-0.7522161750809461,1.409862723610306,1.7064,1,1.7064,6.0,inf
361,5,1.4200808393728774,-0.7522161750809461,1.409862723610306,1.7064,1,1.7064,6.0,inf
362,0,-0.4487858663567689,0.6671335500897906,-0.026134688372252815,1.1238,1,1.1238,6.0,inf
362,1,-0.4487858663567689,0.6671335500897906,-0.026134688372252815,1.1238,1,1.1238,6.0,inf
362,2,-0.4487858663567689,0.6671335500897906,-0.026134688372252815,1.1238,1,1.1238,6.0,inf
362,3,-0.4487858663567689,0.6671335500897906,-0.026134688372252815,1.1238,1,1.1238,6.0,inf
362,4,-0.4487858663567689,0.6671335500897906,-0.026134688372252815,1.1238,1,1.1238,6.0,inf
362,5,-0.4487858663567689,0.6671335500897906,-0.026134688372252815,1.1238,1,1.1238,6.0,inf
363,0,-1.8573926381400516,1.3679442696243103,-0.012606096947503335,6.0,0,6.7425,6.0,inf
363,1,-1.8573926381400516,1.3679442696243103,-0.012606096947503335,6.0,0,6.7425,6.0,inf
363,2,-1.8573926381400516,1.3679442696243103,-0.012606096947503335,6.0,0,6.7425,6.0,inf
363,3,-1.8573926381400516,1.3679442696243103,-0.012606096947503335,6.0,0,6.7425,6.0,inf
363,4,-1.8573926381400516,1.3679442696243103,-0.012606096947503335,6.0,0,6.7425,6.0,inf
363,5,-1.8573926381400516,1.3679442696243103,-0.012606096947503335,6.0,0,6.7425,6.0,inf
364,0,-0.9509835586298492,-0.6207278881104464,-0.7820019238486426,4.211399999999999,1,4.211399999999999,6.0,inf
364,1,-0.9509835586298492,-0.6207278881104464,-0.7820019238486426,4.211399999999999,1,4.211399999999999,6.0,inf
364,2,-0.9509835586298492,-0.6207278881104464,-0.7820019238486426,4.211399999999999,1,4.211399999999999,6.0,inf
364,3,-0.9509835586298492,-0.6207278881104464,-0.7820019238486426,4.211399999999999,1,4.211399999999999,6.0,inf
364,4,-0.9509835586298492,-0.6207278881104464,-0.7820019238486426,4.211399999999999,1,4.211399999999999,6.0,inf
364,5,-0.9509835586298492,-0.6207278881104464,-0.7820019238486426,4.211399999999999,1,4.211399999999999,6.0,inf
365,0,-0.8619507648818531,1.2252907450234578,0.16928188135106714,1.2494999999999998,1,1.2494999999999998,6.0,inf
365,1,-0.8619507648818531,1.2252907450234578,0.16928188135106714,1.2494999999999998,1,1.2494999999999998,6.0,inf
365,2,-0.8619507648818531,1.2252907450234578,0.16928188135106714,1.2494999999999998,1,1.2494999999999998,6.0,inf
365,3,-0.8619507648818531,1.2252907450234578,0.16928188135106714,1.2494999999999998,1,1.2494999999999998,6.0,inf
365,4,-0.8619507648818531,1.2252907450234578,0.16928188135106714,1.2494999999999998,1,1.2494999999999998,6.0,inf
365,5,-0.8619507648818531,1.2252907450234578,0.16928188135106714,1.2494999999999998,1,1.2494999999999998,6.0,inf
366,0,2.1128314350950723,0.791452182456547,0.1644164865827455,1.7093999999999998,1,1.7093999999999998,6.0,inf
366,1,2.1128314350950723,0.791452182456547,0.1644164865827455,1.7093999999999998,1,1.7093999999999998,6.0,inf
366,2,2.1128314350950723,0.791452182456547,0.1644164865827455,1.7093999999999998,1,1.7093999999999998,6.0,inf
366,3,2.1128314350950723,0.791452182456547,0.1644164865827455,1.7093999999999998,1,1.7093999999999998,6.0,inf
366,4,2.1128314350950723,0.791452182456547,0.1644164865827455,1.7093999999999998,1,1.7093999999999998,6.0,inf
366,5,2.1128314350950723,0.791452182456547,0.1644164865827455,1.7093999999999998,1,1.7093999999999998,6.0,inf
367,0,2.1434448332046516,1.663237055353554,-1.071457006734098,0.38789999999999997,1,0.38789999999999997,6.0,inf
367,1,2.1434448332046516,1.663237055353554,-1.071457006734098,0.38789999999999997,1,0.38789999999999997,6.0,inf
367,2,2.1434448332046516,1.663237055353554,-1.071457006734098,0.38789999999999997,1,0.38789999999999997,6.0,inf
367,3,2.1434448332046516,1.663237055353554,-1.071457006734098,0.38789999999999997,1,0.38789999999999997,6.0,inf
367,4,2.1434448332046516,1.663237055353554,-1.071457006734098,0.38789999999999997,1,0.38789999999999997,6.0,inf
367,5,2.1434448332046516,1.663237055353554,-1.071457006734098,0.38789999999999997,1,0.38789999999999997,6.0,inf
368,0,0.004415518334440417,-0.09163328923955942,1.6597416476690756,1.4453999999999998,1,1.4453999999999998,6.0,inf
368,1,0.004415518334440417,-0.09163328923955942,1.6597416476690756,1.4453999999999998,1,1.4453999999999998,6.0,inf
368,2,0.004415518334440417,-0.09163328923955942,1.6597416476690756,1.4453999999999998,1,1.4453999999999998,6.0,inf
368,3,0.004415518334440417,-0.09163328923955942,1.6597416476690756,1.4453999999999998,1,1.4453999999999998,6.0,inf
368,4,0.004415518334440417,-0.09163328923955942,1.6597416476690756,1.4453999999999998,1,1.4453999999999998,6.0,inf
368,5,0.004415518334440417,-0.09163328923955942,1.6597416476690756,1.4453999999999998,1,1.4453999999999998,6.0,inf
369,0,-0.24317550788181588,0.6792759048453251,0.5117454349485022,0.9702,1,0.9702,6.0,inf
369,1,-0.24317550788181588,0.6792759048453251,0.5117454349485022,0.9702,1,0.9702,6.0,inf
369,2,-0.24317550788181588,0.6792759048453251,0.5117454349485022,0.9702,1,0.9702,6.0,inf
369,3,-0.24317550788181588,0.6792759048453251,0.5117454349485022,0.9702,1,0.9702,6.0,inf
369,4,-0.24317550788181588,0.6792759048453251,0.5117454349485022,0.9702,1,0.9702,6.0,inf
369,5,-0.24317550788181588,0.6792759048453251,0.5117454349485022,0.9702,1,0.9702,6.0,inf
370,0,1.8317089656764258,-1.676039038926072,-0.3565227484497534,2.9589,1,2.9589,6.0,inf
370,1,1.8317089656764258,-1.676039038926072,-0.3565227484497534,2.9589,1,2.9589,6.0,inf
370,2,1.8317089656764258,-1.676039038926072,-0.3565227484497534,2.9589,1,2.9589,6.0,inf
370,3,1.8317089656764258,-1.676039038926072,-0.3565227484497534,2.9589,1,2.9589,6.0,inf
370,4,1.8317089656764258,-1.676039038926072,-0.3565227484497534,2.9589,1,2.9589,6.0,inf
370,5,1.8317089656764258,-1.676039038926072,-0.3565227484497534,2.9589,1,2.9589,6.0,inf
371,0,0.4095143543346088,-0.21339497362050452,0.648715271416465,1.6839,1,1.6839,6.0,inf
371,1,0.4095143543346088,-0.21339497362050452,0.648715271416465,1.6839,1,1.6839,6.0,inf
371,2,0.4095143543346088,-0.21339497362050452,0.648715271416465,1.6839,1,1.6839,6.0,inf
371,3,0.4095143543346088,-0.21339497362050452,0.648715271416465,1.6839,1,1.6839,6.0,inf
371,4,0.4095143543346088,-0.21339497362050452,0.648715271416465,1.6839,1,1.6839,6.0,inf
371,5,0.4095143543346088,-0.21339497362050452,0.648715271416465,1.6839,1,1.6839,6.0,inf
372,0,0.2913423973813443,-0.05579080215044804,-0.19450981814592586,6.0,0,6.0386999999999995,6.0,inf
372,1,0.2913423973813443,-0.05579080215044804,-0.19450981814592586,6.0,0,6.0386999999999995,6.0,inf
372,2,0.2913423973813443,-0.05579080215044804,-0.19450981814592586,6.0,0,6.0386999999999995,6.0,inf
372,3,0.2913423973813443,-0.05579080215044804,-0.19450981814592586,6.0,0,6.0386999999999995,6.0,inf
372,4,0.2913423973813443,-0.05579080215044804,-0.19450981814592586,6.0,0,6.0386999999999995,6.0,inf
372,5,0.2913423973813443,-0.05579080215044804,-0.19450981814592586,6.0,0,6.0386999999999995,6.0,inf
373,0,0.8652866797998519,0.7964945578411842,-0.5618189049728419,2.7746999999999997,1,2.7746999999999997,6.0,inf
373,1,0.8652866797998519,0.7964945578411842,-0.5618189049728419,2.7746999999999997,1,2.7746999999999997,6.0,inf
373,2,0.8652866797998519,0.7964945578411842,-0.5618189049728419,2.7746999999999997,1,2.7746999999999997,6.0,inf
373,3,0.8652866797998519,0.7964945578411842,-0.5618189049728419,2.7746999999999997,1,2.7746999999999997,6.0,inf
373,4,0.8652866797998519,0.7964945578411842,-0.5618189049728419,2.7746999999999997,1,2.7746999999999997,6.0,inf
373,5,0.8652866797998519,0.7964945578411842,-0.5618189049728419,2.7746999999999997,1,2.7746999999999997,6.0,inf
374,0,1.2721496555008294,-1.0382792901821547,-0.45474524820980516,1.7213999999999998,1,1.7213999999999998,6.0,inf
374,1,1.2721496555008294,-1.0382792901821547,-0.45474524820980516,1.7213999999999998,1,1.7213999999999998,6.0,inf
374,2,1.2721496555008294,-1.0382792901821547,-0.45474524820980516,1.7213999999999998,1,1.7213999999999998,6.0,inf
374,3,1.2721496555008294,-1.0382792901821547,-0.45474524820980516,1.7213999999999998,1,1.7213999999999998,6.0,inf
374,4,1.2721496555008294,-1.0382792901821547,-0.45474524820980516,1.7213999999999998,1,1.7213999999999998,6.0,inf
374,5,1.2721496555008294,-1.0382792901821547,-0.45474524820980516,1.7213999999999998,1,1.7213999999999998,6.0,inf
375,0,-0.5089301533689901,1.0162349136944053,-1.2864382342737037,3.9770999999999996,1,3.9770999999999996,6.0,inf
375,1,-0.5089301533689901,1.0162349136944053,-1.2864382342737037,3.9770999999999996,1,3.9770999999999996,6.0,inf
375,2,-0.5089301533689901,1.0162349136944053,-1.2864382342737037,3.9770999999999996,1,3.9770999999999996,6.0,inf
375,3,-0.5089301533689901,1.0162349136944053,-1.2864382342737037,3.9770999999999996,1,3.9770999999999996,6.0,inf
375,4,-0.5089301533689901,1.0162349136944053,-1.2864382342737037,3.9770999999999996,1,3.9770999999999996,6.0,inf
375,5,-0.5089301533689901,1.0162349136944053,-1.2864382342737037,3.9770999999999996,1,3.9770999999999996,6.0,inf
376,0,-0.12438798269011692,0.9132550162581421,-1.6522596285898201,0.20639999999999997,1,0.20639999999999997,6.0,inf
376,1,-0.12438798269011692,0.9132550162581421,-1.6522596285898201,0.20639999999999997,1,0.20639999999999997,6.0,inf
376,2,-0.12438798269011692,0.9132550162581421,-1.6522596285898201,0.20639999999999997,1,0.20639999999999997,6.0,inf
376,3,-0.12438798269011692,0.9132550162581421,-1.6522596285898201,0.20639999999999997,1,0.20639999999999997,6.0,inf
376,4,-0.12438798269011692,0.9132550162581421,-1.6522596285898201,0.20639999999999997,1,0.20639999999999997,6.0,inf
376,5,-0.12438798269011692,0.9132550162581421,-1.6522596285898201,0.20639999999999997,1,0.20639999999999997,6.0,inf
377,0,0.20018203869248302,1.0107508632666573,1.6166115076933074,1.4072999999999998,1,1.4072999999999998,6.0,inf
377,1,0.20018203869248302,1.0107508632666573,1.6166115076933074,1.4072999999999998,1,1.4072999999999998,6.0,inf
377,2,0.20018203869248302,1.0107508632666573,1.6166115076933074,1.4072999999999998,1,1.4072999999999998,6.0,inf
377,3,0.20018203869248302,1.0107508632666573,1.6166115076933074,1.4072999999999998,1,1.4072999999999998,6.0,inf
377,4,0.20018203869248302,1.0107508632666573,1.6166115076933074,1.4072999999999998,1,1.4072999999999998,6.0,inf
377,5,0.20018203869248302,1.0107508632666573,1.6166115076933074,1.4072999999999998,1,1.4072999999999998,6.0,inf
378,0,-0.31349105530923943,0.07460809375066114,-1.0651890537595965,0.9753,1,0.9753,6.0,inf
378,1,-0.31349105530923943,0.07460809375066114,-1.0651890537595965,0.9753,1,0.9753,6.0,inf
378,2,-0.31349105530923943,0.07460809375066114,-1.0651890537595965,0.9753,1,0.9753,6.0,inf
378,3,-0.31349105530923943,0.07460809375066114,-1.0651890537595965,0.9753,1,0.9753,6.0,inf
378,4,-0.31349105530923943,0.07460809375066114,-1.0651890537595965,0.9753,1,0.9753,6.0,inf
378,5,-0.31349105530923943,0.07460809375066114,-1.0651890537595965,0.9753,1,0.9753,6.0,inf
379,0,1.3787931163094485,-1.6016863657039684,-0.9066662362602754,4.717499999999999,1,4.717499999999999,6.0,inf
379,1,1.3787931163094485,-1.6016863657039684,-0.9066662362602754,4.717499999999999,1,4.717499999999999,6.0,inf
379,2,1.3787931163094485,-1.6016863657039684,-0.9066662362602754,4.717499999999999,1,4.717499999999999,6.0,inf
379,3,1.3787931163094485,-1.6016863657039684,-0.9066662362602754,4.717499999999999,1,4.717499999999999,6.0,inf
379,4,1.3787931163094485,-1.6016863657039684,-0.9066662362602754,4.717499999999999,1,4.717499999999999,6.0,inf
379,5,1.3787931163094485,-1.6016863657039684,-0.9066662362602754,4.717499999999999,1,4.717499999999999,6.0,inf
380,0,-0.025460242065354997,0.24594791055350132,0.5086300447232645,2.2131,1,2.2131,6.0,inf
380,1,-0.025460242065354997,0.24594791055350132,0.5086300447232645,2.2131,1,2.2131,6.0,inf
380,2,-0.025460242065354997,0.24594791055350132,0.5086300447232645,2.2131,1,2.2131,6.0,inf
380,3,-0.025460242065354997,0.24594791055350132,0.5086300447232645,2.2131,1,2.2131,6.0,inf
380,4,-0.025460242065354997,0.24594791055350132,0.5086300447232645,2.2131,1,2.2131,6.0,inf
380,5,-0.025460242065354997,0.24594791055350132,0.5086300447232645,2.2131,1,2.2131,6.0,inf
381,0,-0.912662902942205,-0.7575763392137789,-1.0981930392231212,6.0,0,8.0001,6.0,inf
381,1,-0.912662902942205,-0.7575763392137789,-1.0981930392231212,6.0,0,8.0001,6.0,inf
381,2,-0.912662902942205,-0.7575763392137789,-1.0981930392231212,6.0,0,8.0001,6.0,inf
381,3,-0.912662902942205,-0.7575763392137789,-1.0981930392231212,6.0,0,8.0001,6.0,inf
381,4,-0.912662902942205,-0.7575763392137789,-1.0981930392231212,6.0,0,8.0001,6.0,inf
381,5,-0.912662902942205,-0.7575763392137789,-1.0981930392231212,6.0,0,8.0001,6.0,inf
382,0,0.9241005126163349,-0.5292679106968784,-0.46206778691974965,2.4831,1,2.4831,6.0,inf
382,1,0.9241005126163349,-0.5292679106968784,-0.46206778691974965,2.4831,1,2.4831,6.0,inf
382,2,0.9241005126163349,-0.5292679106968784,-0.46206778691974965,2.4831,1,2.4831,6.0,inf
382,3,0.9241005126163349,-0.5292679106968784,-0.46206778691974965,2.4831,1,2.4831,6.0,inf
382,4,0.9241005126163349,-0.5292679106968784,-0.46206778691974965,2.4831,1,2.4831,6.0,inf
382,5,0.9241005126163349,-0.5292679106968784,-0.46206778691974965,2.4831,1,2.4831,6.0,inf
383,0,0.5446590008912728,0.06600396631632023,0.5466791992825439,1.0251,1,1.0251,6.0,inf
383,1,0.5446590008912728,0.06600396631632023,0.5466791992825439,1.0251,1,1.0251,6.0,inf
383,2,0.5446590008912728,0.06600396631632023,0.5466791992825439,1.0251,1,1.0251,6.0,inf
383,3,0.5446590008912728,0.06600396631632023,0.5466791992825439,1.0251,1,1.0251,6.0,inf
383,4,0.5446590008912728,0.06600396631632023,0.5466791992825439,1.0251,1,1.0251,6.0,inf
383,5,0.5446590008912728,0.06600396631632023,0.5466791992825439,1.0251,1,1.0251,6.0,inf
384,0,2.206812285167936,0.03038672192469773,1.0033104623315299,2.2331999999999996,1,2.2331999999999996,6.0,inf
384,1,2.206812285167936,0.03038672192469773,1.0033104623315299,2.2331999999999996,1,2.2331999999999996,6.0,inf
384,2,2.206812285167936,0.03038672192469773,1.0033104623315299,2.2331999999999996,1,2.2331999999999996,6.0,inf
384,3,2.206812285167936,0.03038672192469773,1.0033104623315299,2.2331999999999996,1,2.2331999999999996,6.0,inf
384,4,2.206812285167936,0.03038672192469773,1.0033104623315299,2.2331999999999996,1,2.2331999999999996,6.0,inf
384,5,2.206812285167936,0.03038672192469773,1.0033104623315299,2.2331999999999996,1,2.2331999999999996,6.0,inf
385,0,0.18906339655431145,-1.3552662399720519,0.27205192176855125,2.1702,1,2.1702,6.0,inf
385,1,0.18906339655431145,-1.3552662399720519,0.27205192176855125,2.1702,1,2.1702,6.0,inf
385,2,0.18906339655431145,-1.3552662399720519,0.27205192176855125,2.1702,1,2.1702,6.0,inf
385,3,0.18906339655431145,-1.3552662399720519,0.27205192176855125,2.1702,1,2.1702,6.0,inf
385,4,0.18906339655431145,-1.3552662399720519,0.27205192176855125,2.1702,1,2.1702,6.0,inf
385,5,0.18906339655431145,-1.3552662399720519,0.27205192176855125,2.1702,1,2.1702,6.0,inf
386,0,-0.22642278855023362,-0.20032369686768492,-0.918204243180531,6.0,0,6.528599999999999,6.0,inf
386,1,-0.22642278855023362,-0.20032369686768492,-0.918204243180531,6.0,0,6.528599999999999,6.0,inf
386,2,-0.22642278855023362,-0.20032369686768492,-0.918204243180531,6.0,0,6.528599999999999,6.0,inf
386,3,-0.22642278855023362,-0.20032369686768492,-0.918204243180531,6.0,0,6.528599999999999,6.0,inf
386,4,-0.22642278855023362,-0.20032369686768492,-0.918204243180531,6.0,0,6.528599999999999,6.0,inf
386,5,-0.22642278855023362,-0.20032369686768492,-0.918204243180531,6.0,0,6.528599999999999,6.0,inf
387,0,0.8011978079235414,-1.2246698237912435,0.8394293677532351,1.3191,1,1.3191,6.0,inf
387,1,0.8011978079235414,-1.2246698237912435,0.8394293677532351,1.3191,1,1.3191,6.0,inf
387,2,0.8011978079235414,-1.2246698237912435,0.8394293677532351,1.3191,1,1.3191,6.0,inf
387,3,0.8011978079235414,-1.2246698237912435,0.8394293677532351,1.3191,1,1.3191,6.0,inf
387,4,0.8011978079235414,-1.2246698237912435,0.8394293677532351,1.3191,1,1.3191,6.0,inf
387,5,0.8011978079235414,-1.2246698237912435,0.8394293677532351,1.3191,1,1.3191,6.0,inf
388,0,0.2896998275518371,0.6208511697589907,-1.3340311068839712,0.2799,1,0.2799,6.0,inf
388,1,0.2896998275518371,0.6208511697589907,-1.3340311068839712,0.2799,1,0.2799,6.0,inf
388,2,0.2896998275518371,0.6208511697589907,-1.3340311068839712,0.2799,1,0.2799,6.0,inf
388,3,0.2896998275518371,0.6208511697589907,-1.3340311068839712,0.2799,1,0.2799,6.0,inf
388,4,0.2896998275518371,0.6208511697589907,-1.3340311068839712,0.2799,1,0.2799,6.0,inf
388,5,0.2896998275518371,0.6208511697589907,-1.3340311068839712,0.2799,1,0.2799,6.0,inf
389,0,1.6252943348512887,-0.06724542041893218,-0.639183287145287,1.3142999999999998,1,1.3142999999999998,6.0,inf
389,1,1.6252943348512887,-0.06724542041893218,-0.639183287145287,1.3142999999999998,1,1.3142999999999998,6.0,inf
389,2,1.6252943348512887,-0.06724542041893218,-0.639183287145287,1.3142999999999998,1,1.3142999999999998,6.0,inf
389,3,1.6252943348512887,-0.06724542041893218,-0.639183287145287,1.3142999999999998,1,1.3142999999999998,6.0,inf
389,4,1.6252943348512887,-0.06724542041893218,-0.639183287145287,1.3142999999999998,1,1.3142999999999998,6.0,inf
389,5,1.6252943348512887,-0.06724542041893218,-0.639183287145287,1.3142999999999998,1,1.3142999999999998,6.0,inf
390,0,-1.139447125325285,-2.5213057290935077,-0.14880848267512162,6.0,0,8.0001,6.0,inf
390,1,-1.139447125325285,-2.5213057290935077,-0.14880848267512162,6.0,0,8.0001,6.0,inf
390,2,-1.139447125325285,-2.5213057290935077,-0.14880848267512162,6.0,0,8.0001,6.0,inf
390,3,-1.139447125325285,-2.5213057290935077,-0.14880848267512162,6.0,0,8.0001,6.0,inf
390,4,-1.139447125325285,-2.5213057290935077,-0.14880848267512162,6.0,0,8.0001,6.0,inf
390,5,-1.139447125325285,-2.5213057290935077,-0.14880848267512162,6.0,0,8.0001,6.0,inf
391,0,-0.4352254199552969,0.1478043683250653,1.0665139338138097,0.7610999999999999,1,0.7610999999999999,6.0,inf
391,1,-0.4352254199552969,0.1478043683250653,1.0665139338138097,0.7610999999999999,1,0.7610999999999999,6.0,inf
391,2,-0.4352254199552969,0.1478043683250653,1.0665139338138097,0.7610999999999999,1,0.7610999999999999,6.0,inf
391,3,-0.4352254199552969,0.1478043683250653,1.0665139338138097,0.7610999999999999,1,0.7610999999999999,6.0,inf
391,4,-0.4352254199552969,0.1478043683250653,1.0665139338138097,0.7610999999999999,1,0.7610999999999999,6.0,inf
391,5,-0.4352254199552969,0.1478043683250653,1.0665139338138097,0.7610999999999999,1,0.7610999999999999,6.0,inf
392,0,-0.12402102861784023,-0.7040548357803124,-1.0654122084467164,6.0,0,6.4094999999999995,6.0,inf
392,1,-0.12402102861784023,-0.7040548357803124,-1.0654122084467164,6.0,0,6.4094999999999995,6.0,inf
392,2,-0.12402102861784023,-0.7040548357803124,-1.0654122084467164,6.0,0,6.4094999999999995,6.0,inf
392,3,-0.12402102861784023,-0.7040548357803124,-1.0654122084467164,6.0,0,6.4094999999999995,6.0,inf
392,4,-0.12402102861784023,-0.7040548357803124,-1.0654122084467164,6.0,0,6.4094999999999995,6.0,inf
392,5,-0.12402102861784023,-0.7040548357803124,-1.0654122084467164,6.0,0,6.4094999999999995,6.0,inf
393,0,-0.43597910689353925,-0.13964041823440054,1.0646624345069962,2.7333,1,2.7333,6.0,inf
393,1,-0.43597910689353925,-0.13964041823440054,1.0646624345069962,2.7333,1,2.7333,6.0,inf
393,2,-0.43597910689353925,-0.13964041823440054,1.0646624345069962,2.7333,1,2.7333,6.0,inf
393,3,-0.43597910689353925,-0.13964041823440054,1.0646624345069962,2.7333,1,2.7333,6.0,inf
393,4,-0.43597910689353925,-0.13964041823440054,1.0646624345069962,2.7333,1,2.7333,6.0,inf
393,5,-0.43597910689353925,-0.13964041823440054,1.0646624345069962,2.7333,1,2.7333,6.0,inf
394,0,-0.5152847969962616,0.6571478313524552,1.4626876490252967,1.158,1,1.158,6.0,inf
394,1,-0.5152847969962616,0.6571478313524552,1.4626876490252967,1.158,1,1.158,6.0,inf
394,2,-0.5152847969962616,0.6571478313524552,1.4626876490252967,1.158,1,1.158,6.0,inf
394,3,-0.5152847969962616,0.6571478313524552,1.4626876490252967,1.158,1,1.158,6.0,inf
394,4,-0.5152847969962616,0.6571478313524552,1.4626876490252967,1.158,1,1.158,6.0,inf
394,5,-0.5152847969962616,0.6571478313524552,1.4626876490252967,1.158,1,1.158,6.0,inf
395,0,-0.9910549857790604,1.0357316911427215,0.013438896597105107,4.1529,1,4.1529,6.0,inf
395,1,-0.9910549857790604,1.0357316911427215,0.013438896597105107,4.1529,1,4.1529,6.0,inf
395,2,-0.9910549857790604,1.0357316911427215,0.013438896597105107,4.1529,1,4.1529,6.0,inf
395,3,-0.9910549857790604,1.0357316911427215,0.013438896597105107,4.1529,1,4.1529,6.0,inf
395,4,-0.9910549857790604,1.0357316911427215,0.013438896597105107,4.1529,1,4.1529,6.0,inf
395,5,-0.9910549857790604,1.0357316911427215,0.013438896597105107,4.1529,1,4.1529,6.0,inf
396,0,-0.953974001188221,-0.5684536221232056,-0.30487451731110105,1.2267,1,1.2267,6.0,inf
396,1,-0.953974001188221,-0.5684536221232056,-0.30487451731110105,1.2267,1,1.2267,6.0,inf
396,2,-0.953974001188221,-0.5684536221232056,-0.30487451731110105,1.2267,1,1.2267,6.0,inf
396,3,-0.953974001188221,-0.5684536221232056,-0.30487451731110105,1.2267,1,1.2267,6.0,inf
396,4,-0.953974001188221,-0.5684536221232056,-0.30487451731110105,1.2267,1,1.2267,6.0,inf
396,5,-0.953974001188221,-0.5684536221232056,-0.30487451731110105,1.2267,1,1.2267,6.0,inf
397,0,-0.0942769905720269,0.09110118487010371,-0.6843501109992989,6.0,0,8.0001,6.0,inf
397,1,-0.0942769905720269,0.09110118487010371,-0.6843501109992989,6.0,0,8.0001,6.0,inf
397,2,-0.0942769905720269,0.09110118487010371,-0.6843501109992989,6.0,0,8.0001,6.0,inf
397,3,-0.0942769905720269,0.09110118487010371,-0.6843501109992989,6.0,0,8.0001,6.0,inf
397,4,-0.0942769905720269,0.09110118487010371,-0.6843501109992989,6.0,0,8.0001,6.0,inf
397,5,-0.0942769905720269,0.09110118487010371,-0.6843501109992989,6.0,0,8.0001,6.0,inf
398,0,-1.333216001001071,1.1635999742693819,0.5023967906200004,1.2476999999999998,1,1.2476999999999998,6.0,inf
398,1,-1.333216001001071,1.1635999742693819,0.5023967906200004,1.2476999999999998,1,1.2476999999999998,6.0,inf
398,2,-1.333216001001071,1.1635999742693819,0.5023967906200004,1.2476999999999998,1,1.2476999999999998,6.0,inf
398,3,-1.333216001001071,1.1635999742693819,0.5023967906200004,1.2476999999999998,1,1.2476999999999998,6.0,inf
398,4,-1.333216001001071,1.1635999742693819,0.5023967906200004,1.2476999999999998,1,1.2476999999999998,6.0,inf
398,5,-1.333216001001071,1.1635999742693819,0.5023967906200004,1.2476999999999998,1,1.2476999999999998,6.0,inf
399,0,1.1722756759077375,0.46928475101386913,-0.658637088202314,2.3226,1,2.3226,6.0,inf
399,1,1.1722756759077375,0.46928475101386913,-0.658637088202314,2.3226,1,2.3226,6.0,inf
399,2,1.1722756759077375,0.46928475101386913,-0.658637088202314,2.3226,1,2.3226,6.0,inf
399,3,1.1722756759077375,0.46928475101386913,-0.658637088202314,2.3226,1,2.3226,6.0,inf
399,4,1.1722756759077375,0.46928475101386913,-0.658637088202314,2.3226,1,2.3226,6.0,inf
399,5,1.1722756759077375,0.46928475101386913,-0.658637088202314,2.3226,1,2.3226,6.0,inf
400,0,1.548333306722769,-1.1677933687344533,1.0499558671112272,2.1734999999999998,1,2.1734999999999998,6.0,inf
400,1,1.548333306722769,-1.1677933687344533,1.0499558671112272,2.1734999999999998,1,2.1734999999999998,6.0,inf
400,2,1.548333306722769,-1.1677933687344533,1.0499558671112272,2.1734999999999998,1,2.1734999999999998,6.0,inf
400,3,1.548333306722769,-1.1677933687344533,1.0499558671112272,2.1734999999999998,1,2.1734999999999998,6.0,inf
400,4,1.548333306722769,-1.1677933687344533,1.0499558671112272,2.1734999999999998,1,2.1734999999999998,6.0,inf
400,5,1.548333306722769,-1.1677933687344533,1.0499558671112272,2.1734999999999998,1,2.1734999999999998,6.0,inf
401,0,-2.046438859099101,0.06162602561766159,-2.055077491169575,6.0,0,8.0001,6.0,inf
401,1,-2.046438859099101,0.06162602561766159,-2.055077491169575,6.0,0,8.0001,6.0,inf
401,2,-2.046438859099101,0.06162602561766159,-2.055077491169575,6.0,0,8.0001,6.0,inf
401,3,-2.046438859099101,0.06162602561766159,-2.055077491169575,6.0,0,8.0001,6.0,inf
401,4,-2.046438859099101,0.06162602561766159,-2.055077491169575,6.0,0,8.0001,6.0,inf
401,5,-2.046438859099101,0.06162602561766159,-2.055077491169575,6.0,0,8.0001,6.0,inf
402,0,0.17669339352020164,0.40300035929237366,0.4311667038194865,2.8533,1,2.8533,6.0,inf
402,1,0.17669339352020164,0.40300035929237366,0.4311667038194865,2.8533,1,2.8533,6.0,inf
402,2,0.17669339352020164,0.40300035929237366,0.4311667038194865,2.8533,1,2.8533,6.0,inf
402,3,0.17669339352020164,0.40300035929237366,0.4311667038194865,2.8533,1,2.8533,6.0,inf
402,4,0.17669339352020164,0.40300035929237366,0.4311667038194865,2.8533,1,2.8533,6.0,inf
402,5,0.17669339352020164,0.40300035929237366,0.4311667038194865,2.8533,1,2.8533,6.0,inf
403,0,-1.2199722989097939,-1.6951240594454895,0.06870731713910343,6.0,0,8.0001,6.0,inf
403,1,-1.2199722989097939,-1.6951240594454895,0.06870731713910343,6.0,0,8.0001,6.0,inf
403,2,-1.2199722989097939,-1.6951240594454895,0.06870731713910343,6.0,0,8.0001,6.0,inf
403,3,-1.2199722989097939,-1.6951240594454895,0.06870731713910343,6.0,0,8.0001,6.0,inf
403,4,-1.2199722989097939,-1.6951240594454895,0.06870731713910343,6.0,0,8.0001,6.0,inf
403,5,-1.2199722989097939,-1.6951240594454895,0.06870731713910343,6.0,0,8.0001,6.0,inf
404,0,-0.8832912880408659,-1.4696244108291472,-1.0348538100100293,5.585999999999999,1,5.585999999999999,6.0,inf
404,1,-0.8832912880408659,-1.4696244108291472,-1.0348538100100293,5.585999999999999,1,5.585999999999999,6.0,inf
404,2,-0.8832912880408659,-1.4696244108291472,-1.0348538100100293,5.585999999999999,1,5.585999999999999,6.0,inf
404,3,-0.8832912880408659,-1.4696244108291472,-1.0348538100100293,5.585999999999999,1,5.585999999999999,6.0,inf
404,4,-0.8832912880408659,-1.4696244108291472,-1.0348538100100293,5.585999999999999,1,5.585999999999999,6.0,inf
404,5,-0.8832912880408659,-1.4696244108291472,-1.0348538100100293,5.585999999999999,1,5.585999999999999,6.0,inf
405,0,0.3743546855703885,-0.31782725378782356,1.2556190680665182,3.2642999999999995,1,3.2642999999999995,6.0,inf
405,1,0.3743546855703885,-0.31782725378782356,1.2556190680665182,3.2642999999999995,1,3.2642999999999995,6.0,inf
405,2,0.3743546855703885,-0.31782725378782356,1.2556190680665182,3.2642999999999995,1,3.2642999999999995,6.0,inf
405,3,0.3743546855703885,-0.31782725378782356,1.2556190680665182,3.2642999999999995,1,3.2642999999999995,6.0,inf
405,4,0.3743546855703885,-0.31782725378782356,1.2556190680665182,3.2642999999999995,1,3.2642999999999995,6.0,inf
405,5,0.3743546855703885,-0.31782725378782356,1.2556190680665182,3.2642999999999995,1,3.2642999999999995,6.0,inf
406,0,0.6187515272877898,-0.2779689570350125,1.7736681019448974,0.5226,1,0.5226,6.0,inf
406,1,0.6187515272877898,-0.2779689570350125,1.7736681019448974,0.5226,1,0.5226,6.0,inf
406,2,0.6187515272877898,-0.2779689570350125,1.7736681019448974,0.5226,1,0.5226,6.0,inf
406,3,0.6187515272877898,-0.2779689570350125,1.7736681019448974,0.5226,1,0.5226,6.0,inf
406,4,0.6187515272877898,-0.2779689570350125,1.7736681019448974,0.5226,1,0.5226,6.0,inf
406,5,0.6187515272877898,-0.2779689570350125,1.7736681019448974,0.5226,1,0.5226,6.0,inf
407,0,-0.0004955568898980164,-1.1755643444332262,-1.5574391782391614,0.5757,1,0.5757,6.0,inf
407,1,-0.0004955568898980164,-1.1755643444332262,-1.5574391782391614,0.5757,1,0.5757,6.0,inf
407,2,-0.0004955568898980164,-1.1755643444332262,-1.5574391782391614,0.5757,1,0.5757,6.0,inf
407,3,-0.0004955568898980164,-1.1755643444332262,-1.5574391782391614,0.5757,1,0.5757,6.0,inf
407,4,-0.0004955568898980164,-1.1755643444332262,-1.5574391782391614,0.5757,1,0.5757,6.0,inf
407,5,-0.0004955568898980164,-1.1755643444332262,-1.5574391782391614,0.5757,1,0.5757,6.0,inf
408,0,1.0234329476374728,0.5009136991743636,0.3260390724210303,0.37079999999999996,1,0.37079999999999996,6.0,inf
408,1,1.0234329476374728,0.5009136991743636,0.3260390724210303,0.37079999999999996,1,0.37079999999999996,6.0,inf
408,2,1.0234329476374728,0.5009136991743636,0.3260390724210303,0.37079999999999996,1,0.37079999999999996,6.0,inf
408,3,1.0234329476374728,0.5009136991743636,0.3260390724210303,0.37079999999999996,1,0.37079999999999996,6.0,inf
408,4,1.0234329476374728,0.5009136991743636,0.3260390724210303,0.37079999999999996,1,0.37079999999999996,6.0,inf
408,5,1.0234329476374728,0.5009136991743636,0.3260390724210303,0.37079999999999996,1,0.37079999999999996,6.0,inf
409,0,0.2607899054181576,-0.14084946822344455,1.0201193916988878,1.7495999999999998,1,1.7495999999999998,6.0,inf
409,1,0.2607899054181576,-0.14084946822344455,1.0201193916988878,1.7495999999999998,1,1.7495999999999998,6.0,inf
409,2,0.2607899054181576,-0.14084946822344455,1.0201193916988878,1.7495999999999998,1,1.7495999999999998,6.0,inf
409,3,0.2607899054181576,-0.14084946822344455,1.0201193916988878,1.7495999999999998,1,1.7495999999999998,6.0,inf
409,4,0.2607899054181576,-0.14084946822344455,1.0201193916988878,1.7495999999999998,1,1.7495999999999998,6.0,inf
409,5,0.2607899054181576,-0.14084946822344455,1.0201193916988878,1.7495999999999998,1,1.7495999999999998,6.0,inf
410,0,-1.7063043142131307,-0.0666524679183336,-0.9345999520084709,6.0,0,8.0001,6.0,inf
410,1,-1.7063043142131307,-0.0666524679183336,-0.9345999520084709,6.0,0,8.0001,6.0,inf
410,2,-1.7063043142131307,-0.0666524679183336,-0.9345999520084709,6.0,0,8.0001,6.0,inf
410,3,-1.7063043142131307,-0.0666524679183336,-0.9345999520084709,6.0,0,8.0001,6.0,inf
410,4,-1.7063043142131307,-0.0666524679183336,-0.9345999520084709,6.0,0,8.0001,6.0,inf
410,5,-1.7063043142131307,-0.0666524679183336,-0.9345999520084709,6.0,0,8.0001,6.0,inf
411,0,1.010954873050451,0.37179610870586993,-1.4651591312069845,2.9814,1,2.9814,6.0,inf
411,1,1.010954873050451,0.37179610870586993,-1.4651591312069845,2.9814,1,2.9814,6.0,inf
411,2,1.010954873050451,0.37179610870586993,-1.4651591312069845,2.9814,1,2.9814,6.0,inf
411,3,1.010954873050451,0.37179610870586993,-1.4651591312069845,2.9814,1,2.9814,6.0,inf
411,4,1.010954873050451,0.37179610870586993,-1.4651591312069845,2.9814,1,2.9814,6.0,inf
411,5,1.010954873050451,0.37179610870586993,-1.4651591312069845,2.9814,1,2.9814,6.0,inf
412,0,0.41442206792381403,0.44793008687929475,-0.5254787876295811,3.4467,1,3.4467,6.0,inf
412,1,0.41442206792381403,0.44793008687929475,-0.5254787876295811,3.4467,1,3.4467,6.0,inf
412,2,0.41442206792381403,0.44793008687929475,-0.5254787876295811,3.4467,1,3.4467,6.0,inf
412,3,0.41442206792381403,0.44793008687929475,-0.5254787876295811,3.4467,1,3.4467,6.0,inf
412,4,0.41442206792381403,0.44793008687929475,-0.5254787876295811,3.4467,1,3.4467,6.0,inf
412,5,0.41442206792381403,0.44793008687929475,-0.5254787876295811,3.4467,1,3.4467,6.0,inf
413,0,1.2710142132790692,1.8304658417715132,1.9123360201290152,0.8690999999999999,1,0.8690999999999999,6.0,inf
413,1,1.2710142132790692,1.8304658417715132,1.9123360201290152,0.8690999999999999,1,0.8690999999999999,6.0,inf
413,2,1.2710142132790692,1.8304658417715132,1.9123360201290152,0.8690999999999999,1,0.8690999999999999,6.0,inf
413,3,1.2710142132790692,1.8304658417715132,1.9123360201290152,0.8690999999999999,1,0.8690999999999999,6.0,inf
413,4,1.2710142132790692,1.8304658417715132,1.9123360201290152,0.8690999999999999,1,0.8690999999999999,6.0,inf
413,5,1.2710142132790692,1.8304658417715132,1.9123360201290152,0.8690999999999999,1,0.8690999999999999,6.0,inf
414,0,-0.3198335164874363,-0.1620699814055178,-0.25124102305616963,6.0,0,8.0001,6.0,inf
414,1,-0.3198335164874363,-0.1620699814055178,-0.25124102305616963,6.0,0,8.0001,6.0,inf
414,2,-0.3198335164874363,-0.1620699814055178,-0.25124102305616963,6.0,0,8.0001,6.0,inf
414,3,-0.3198335164874363,-0.1620699814055178,-0.25124102305616963,6.0,0,8.0001,6.0,inf
414,4,-0.3198335164874363,-0.1620699814055178,-0.25124102305616963,6.0,0,8.0001,6.0,inf
414,5,-0.3198335164874363,-0.1620699814055178,-0.25124102305616963,6.0,0,8.0001,6.0,inf
415,0,1.3519724733365628,-0.6444324081342673,0.1269704840114594,1.2410999999999999,1,1.2410999999999999,6.0,inf
415,1,1.3519724733365628,-0.6444324081342673,0.1269704840114594,1.2410999999999999,1,1.2410999999999999,6.0,inf
415,2,1.3519724733365628,-0.6444324081342673,0.1269704840114594,1.2410999999999999,1,1.2410999999999999,6.0,inf
415,3,1.3519724733365628,-0.6444324081342673,0.1269704840114594,1.2410999999999999,1,1.2410999999999999,6.0,inf
415,4,1.3519724733365628,-0.6444324081342673,0.1269704840114594,1.2410999999999999,1,1.2410999999999999,6.0,inf
415,5,1.3519724733365628,-0.6444324081342673,0.1269704840114594,1.2410999999999999,1,1.2410999999999999,6.0,inf
416,0,1.4838413194160003,0.22297479323722033,1.5727092407092336,0.1581,1,0.1581,6.0,inf
416,1,1.4838413194160003,0.22297479323722033,1.5727092407092336,0.1581,1,0.1581,6.0,inf
416,2,1.4838413194160003,0.22297479323722033,1.5727092407092336,0.1581,1,0.1581,6.0,inf
416,3,1.4838413194160003,0.22297479323722033,1.5727092407092336,0.1581,1,0.1581,6.0,inf
416,4,1.4838413194160003,0.22297479323722033,1.5727092407092336,0.1581,1,0.1581,6.0,inf
416,5,1.4838413194160003,0.22297479323722033,1.5727092407092336,0.1581,1,0.1581,6.0,inf
417,0,1.5268969878023004,1.0343453284365287,-0.9995597337775144,3.4913999999999996,1,3.4913999999999996,6.0,inf
417,1,1.5268969878023004,1.0343453284365287,-0.9995597337775144,3.4913999999999996,1,3.4913999999999996,6.0,inf
417,2,1.5268969878023004,1.0343453284365287,-0.9995597337775144,3.4913999999999996,1,3.4913999999999996,6.0,inf
417,3,1.5268969878023004,1.0343453284365287,-0.9995597337775144,3.4913999999999996,1,3.4913999999999996,6.0,inf
417,4,1.5268969878023004,1.0343453284365287,-0.9995597337775144,3.4913999999999996,1,3.4913999999999996,6.0,inf
417,5,1.5268969878023004,1.0343453284365287,-0.9995597337775144,3.4913999999999996,1,3.4913999999999996,6.0,inf
418,0,0.5720472544384012,-1.5108119132669424,-2.165221603942133,6.0,0,8.0001,6.0,inf
418,1,0.5720472544384012,-1.5108119132669424,-2.165221603942133,6.0,0,8.0001,6.0,inf
418,2,0.5720472544384012,-1.5108119132669424,-2.165221603942133,6.0,0,8.0001,6.0,inf
418,3,0.5720472544384012,-1.5108119132669424,-2.165221603942133,6.0,0,8.0001,6.0,inf
418,4,0.5720472544384012,-1.5108119132669424,-2.165221603942133,6.0,0,8.0001,6.0,inf
418,5,0.5720472544384012,-1.5108119132669424,-2.165221603942133,6.0,0,8.0001,6.0,inf
419,0,-1.2029466210471287,-0.31343754200716273,-0.9637614763985829,4.2258,1,4.2258,6.0,inf
419,1,-1.2029466210471287,-0.31343754200716273,-0.9637614763985829,4.2258,1,4.2258,6.0,inf
419,2,-1.2029466210471287,-0.31343754200716273,-0.9637614763985829,4.2258,1,4.2258,6.0,inf
419,3,-1.2029466210471287,-0.31343754200716273,-0.9637614763985829,4.2258,1,4.2258,6.0,inf
419,4,-1.2029466210471287,-0.31343754200716273,-0.9637614763985829,4.2258,1,4.2258,6.0,inf
419,5,-1.2029466210471287,-0.31343754200716273,-0.9637614763985829,4.2258,1,4.2258,6.0,inf
420,0,-0.6096359817638386,0.08839638633238099,-0.1999267317114932,5.5104,1,5.5104,6.0,inf
420,1,-0.6096359817638386,0.08839638633238099,-0.1999267317114932,5.5104,1,5.5104,6.0,inf
420,2,-0.6096359817638386,0.08839638633238099,-0.1999267317114932,5.5104,1,5.5104,6.0,inf
420,3,-0.6096359817638386,0.08839638633238099,-0.1999267317114932,5.5104,1,5.5104,6.0,inf
420,4,-0.6096359817638386,0.08839638633238099,-0.1999267317114932,5.5104,1,5.5104,6.0,inf
420,5,-0.6096359817638386,0.08839638633238099,-0.1999267317114932,5.5104,1,5.5104,6.0,inf
421,0,0.36166844006436116,-0.4520706073712923,0.6513837788920906,0.5219999999999999,1,0.5219999999999999,6.0,inf
421,1,0.36166844006436116,-0.4520706073712923,0.6513837788920906,0.5219999999999999,1,0.5219999999999999,6.0,inf
421,2,0.36166844006436116,-0.4520706073712923,0.6513837788920906,0.5219999999999999,1,0.5219999999999999,6.0,inf
421,3,0.36166844006436116,-0.4520706073712923,0.6513837788920906,0.5219999999999999,1,0.5219999999999999,6.0,inf
421,4,0.36166844006436116,-0.4520706073712923,0.6513837788920906,0.5219999999999999,1,0.5219999999999999,6.0,inf
421,5,0.36166844006436116,-0.4520706073712923,0.6513837788920906,0.5219999999999999,1,0.5219999999999999,6.0,inf
422,0,1.1584355949586298,-1.0087210582366184,-0.4547288065832346,4.1265,1,4.1265,6.0,inf
422,1,1.1584355949586298,-1.0087210582366184,-0.4547288065832346,4.1265,1,4.1265,6.0,inf
422,2,1.1584355949586298,-1.0087210582366184,-0.4547288065832346,4.1265,1,4.1265,6.0,inf
422,3,1.1584355949586298,-1.0087210582366184,-0.4547288065832346,4.1265,1,4.1265,6.0,inf
422,4,1.1584355949586298,-1.0087210582366184,-0.4547288065832346,4.1265,1,4.1265,6.0,inf
422,5,1.1584355949586298,-1.0087210582366184,-0.4547288065832346,4.1265,1,4.1265,6.0,inf
423,0,0.23929004988260122,0.3153493733923898,-0.7662053987354335,0.7383,1,0.7383,6.0,inf
423,1,0.23929004988260122,0.3153493733923898,-0.7662053987354335,0.7383,1,0.7383,6.0,inf
423,2,0.23929004988260122,0.3153493733923898,-0.7662053987354335,0.7383,1,0.7383,6.0,inf
423,3,0.23929004988260122,0.3153493733923898,-0.7662053987354335,0.7383,1,0.7383,6.0,inf
423,4,0.23929004988260122,0.3153493733923898,-0.7662053987354335,0.7383,1,0.7383,6.0,inf
423,5,0.23929004988260122,0.3153493733923898,-0.7662053987354335,0.7383,1,0.7383,6.0,inf
424,0,0.8405730030166716,1.0539304569674668,0.034082659767379585,0.423,1,0.423,6.0,inf
424,1,0.8405730030166716,1.0539304569674668,0.034082659767379585,0.423,1,0.423,6.0,inf
424,2,0.8405730030166716,1.0539304569674668,0.034082659767379585,0.423,1,0.423,6.0,inf
424,3,0.8405730030166716,1.0539304569674668,0.034082659767379585,0.423,1,0.423,6.0,inf
424,4,0.8405730030166716,1.0539304569674668,0.034082659767379585,0.423,1,0.423,6.0,inf
424,5,0.8405730030166716,1.0539304569674668,0.034082659767379585,0.423,1,0.423,6.0,inf
425,0,-0.3779164984037955,1.4763442951681631,-1.4021164258689425,0.33899999999999997,1,0.33899999999999997,6.0,inf
425,1,-0.3779164984037955,1.4763442951681631,-1.4021164258689425,0.33899999999999997,1,0.33899999999999997,6.0,inf
425,2,-0.3779164984037955,1.4763442951681631,-1.4021164258689425,0.33899999999999997,1,0.33899999999999997,6.0,inf
425,3,-0.3779164984037955,1.4763442951681631,-1.4021164258689425,0.33899999999999997,1,0.33899999999999997,6.0,inf
425,4,-0.3779164984037955,1.4763442951681631,-1.4021164258689425,0.33899999999999997,1,0.33899999999999997,6.0,inf
425,5,-0.3779164984037955,1.4763442951681631,-1.4021164258689425,0.33899999999999997,1,0.33899999999999997,6.0,inf
426,0,0.15364073496957456,0.4502545438578737,-0.9353356977158531,1.0896,1,1.0896,6.0,inf
426,1,0.15364073496957456,0.4502545438578737,-0.9353356977158531,1.0896,1,1.0896,6.0,inf
426,2,0.15364073496957456,0.4502545438578737,-0.9353356977158531,1.0896,1,1.0896,6.0,inf
426,3,0.15364073496957456,0.4502545438578737,-0.9353356977158531,1.0896,1,1.0896,6.0,inf
426,4,0.15364073496957456,0.4502545438578737,-0.9353356977158531,1.0896,1,1.0896,6.0,inf
426,5,0.15364073496957456,0.4502545438578737,-0.9353356977158531,1.0896,1,1.0896,6.0,inf
427,0,-0.6009713949008342,-0.3694796347553305,0.6926186541821457,6.0,0,7.257599999999999,6.0,inf
427,1,-0.6009713949008342,-0.3694796347553305,0.6926186541821457,6.0,0,7.257599999999999,6.0,inf
427,2,-0.6009713949008342,-0.3694796347553305,0.6926186541821457,6.0,0,7.257599999999999,6.0,inf
427,3,-0.6009713949008342,-0.3694796347553305,0.6926186541821457,6.0,0,7.257599999999999,6.0,inf
427,4,-0.6009713949008342,-0.3694796347553305,0.6926186541821457,6.0,0,7.257599999999999,6.0,inf
427,5,-0.6009713949008342,-0.3694796347553305,0.6926186541821457,6.0,0,7.257599999999999,6.0,inf
428,0,-0.5438116594127428,-0.06528333521247182,-1.0317034867728998,1.0611,1,1.0611,6.0,inf
428,1,-0.5438116594127428,-0.06528333521247182,-1.0317034867728998,1.0611,1,1.0611,6.0,inf
428,2,-0.5438116594127428,-0.06528333521247182,-1.0317034867728998,1.0611,1,1.0611,6.0,inf
428,3,-0.5438116594127428,-0.06528333521247182,-1.0317034867728998,1.0611,1,1.0611,6.0,inf
428,4,-0.5438116594127428,-0.06528333521247182,-1.0317034867728998,1.0611,1,1.0611,6.0,inf
428,5,-0.5438116594127428,-0.06528333521247182,-1.0317034867728998,1.0611,1,1.0611,6.0,inf
429,0,2.911321569287482,-0.7021484764145803,0.704703444700937,0.5297999999999999,1,0.5297999999999999,6.0,inf
429,1,2.911321569287482,-0.7021484764145803,0.704703444700937,0.5297999999999999,1,0.5297999999999999,6.0,inf
429,2,2.911321569287482,-0.7021484764145803,0.704703444700937,0.5297999999999999,1,0.5297999999999999,6.0,inf
429,3,2.911321569287482,-0.7021484764145803,0.704703444700937,0.5297999999999999,1,0.5297999999999999,6.0,inf
429,4,2.911321569287482,-0.7021484764145803,0.704703444700937,0.5297999999999999,1,0.5297999999999999,6.0,inf
429,5,2.911321569287482,-0.7021484764145803,0.704703444700937,0.5297999999999999,1,0.5297999999999999,6.0,inf
430,0,0.5694334825139317,-0.27244063916523303,-0.1678321569537704,2.5913999999999997,1,2.5913999999999997,6.0,inf
430,1,0.5694334825139317,-0.27244063916523303,-0.1678321569537704,2.5913999999999997,1,2.5913999999999997,6.0,inf
430,2,0.5694334825139317,-0.27244063916523303,-0.1678321569537704,2.5913999999999997,1,2.5913999999999997,6.0,inf
430,3,0.5694334825139317,-0.27244063916523303,-0.1678321569537704,2.5913999999999997,1,2.5913999999999997,6.0,inf
430,4,0.5694334825139317,-0.27244063916523303,-0.1678321569537704,2.5913999999999997,1,2.5913999999999997,6.0,inf
430,5,0.5694334825139317,-0.27244063916523303,-0.1678321569537704,2.5913999999999997,1,2.5913999999999997,6.0,inf
431,0,-0.06059190016443064,-0.11750190663053767,-1.039003471487609,6.0,0,6.8549999999999995,6.0,inf
431,1,-0.06059190016443064,-0.11750190663053767,-1.039003471487609,6.0,0,6.8549999999999995,6.0,inf
431,2,-0.06059190016443064,-0.11750190663053767,-1.039003471487609,6.0,0,6.8549999999999995,6.0,inf
431,3,-0.06059190016443064,-0.11750190663053767,-1.039003471487609,6.0,0,6.8549999999999995,6.0,inf
431,4,-0.06059190016443064,-0.11750190663053767,-1.039003471487609,6.0,0,6.8549999999999995,6.0,inf
431,5,-0.06059190016443064,-0.11750190663053767,-1.039003471487609,6.0,0,6.8549999999999995,6.0,inf
432,0,1.4373839563865867,-0.42065991974720884,-2.4617402821334515,3.3042,1,3.3042,6.0,inf
432,1,1.4373839563865867,-0.42065991974720884,-2.4617402821334515,3.3042,1,3.3042,6.0,inf
432,2,1.4373839563865867,-0.42065991974720884,-2.4617402821334515,3.3042,1,3.3042,6.0,inf
432,3,1.4373839563865867,-0.42065991974720884,-2.4617402821334515,3.3042,1,3.3042,6.0,inf
432,4,1.4373839563865867,-0.42065991974720884,-2.4617402821334515,3.3042,1,3.3042,6.0,inf
432,5,1.4373839563865867,-0.42065991974720884,-2.4617402821334515,3.3042,1,3.3042,6.0,inf
433,0,-0.3684517032398836,-0.9481721765906124,-0.9080189643051602,6.0,0,6.258299999999999,6.0,inf
433,1,-0.3684517032398836,-0.9481721765906124,-0.9080189643051602,6.0,0,6.258299999999999,6.0,inf
433,2,-0.3684517032398836,-0.9481721765906124,-0.9080189643051602,6.0,0,6.258299999999999,6.0,inf
433,3,-0.3684517032398836,-0.9481721765906124,-0.9080189643051602,6.0,0,6.258299999999999,6.0,inf
433,4,-0.3684517032398836,-0.9481721765906124,-0.9080189643051602,6.0,0,6.258299999999999,6.0,inf
433,5,-0.3684517032398836,-0.9481721765906124,-0.9080189643051602,6.0,0,6.258299999999999,6.0,inf
434,0,0.8980270306074756,-0.03710224287006599,0.954518091111385,2.0879999999999996,1,2.0879999999999996,6.0,inf
434,1,0.8980270306074756,-0.03710224287006599,0.954518091111385,2.0879999999999996,1,2.0879999999999996,6.0,inf
434,2,0.8980270306074756,-0.03710224287006599,0.954518091111385,2.0879999999999996,1,2.0879999999999996,6.0,inf
434,3,0.8980270306074756,-0.03710224287006599,0.954518091111385,2.0879999999999996,1,2.0879999999999996,6.0,inf
434,4,0.8980270306074756,-0.03710224287006599,0.954518091111385,2.0879999999999996,1,2.0879999999999996,6.0,inf
434,5,0.8980270306074756,-0.03710224287006599,0.954518091111385,2.0879999999999996,1,2.0879999999999996,6.0,inf
435,0,-0.4917971468186154,-0.11113066743683107,-0.3225749226284197,2.6376,1,2.6376,6.0,inf
435,1,-0.4917971468186154,-0.11113066743683107,-0.3225749226284197,2.6376,1,2.6376,6.0,inf
435,2,-0.4917971468186154,-0.11113066743683107,-0.3225749226284197,2.6376,1,2.6376,6.0,inf
435,3,-0.4917971468186154,-0.11113066743683107,-0.3225749226284197,2.6376,1,2.6376,6.0,inf
435,4,-0.4917971468186154,-0.11113066743683107,-0.3225749226284197,2.6376,1,2.6376,6.0,inf
435,5,-0.4917971468186154,-0.11113066743683107,-0.3225749226284197,2.6376,1,2.6376,6.0,inf
436,0,0.7882008877886715,1.1582944472780443,0.12904331925365178,1.7075999999999998,1,1.7075999999999998,6.0,inf
436,1,0.7882008877886715,1.1582944472780443,0.12904331925365178,1.7075999999999998,1,1.7075999999999998,6.0,inf
436,2,0.7882008877886715,1.1582944472780443,0.12904331925365178,1.7075999999999998,1,1.7075999999999998,6.0,inf
436,3,0.7882008877886715,1.1582944472780443,0.12904331925365178,1.7075999999999998,1,1.7075999999999998,6.0,inf
436,4,0.7882008877886715,1.1582944472780443,0.12904331925365178,1.7075999999999998,1,1.7075999999999998,6.0,inf
436,5,0.7882008877886715,1.1582944472780443,0.12904331925365178,1.7075999999999998,1,1.7075999999999998,6.0,inf
437,0,1.078640763046384,1.953296286543378,-1.0495356833750678,2.8985999999999996,1,2.8985999999999996,6.0,inf
437,1,1.078640763046384,1.953296286543378,-1.0495356833750678,2.8985999999999996,1,2.8985999999999996,6.0,inf
437,2,1.078640763046384,1.953296286543378,-1.0495356833750678,2.8985999999999996,1,2.8985999999999996,6.0,inf
437,3,1.078640763046384,1.953296286543378,-1.0495356833750678,2.8985999999999996,1,2.8985999999999996,6.0,inf
437,4,1.078640763046384,1.953296286543378,-1.0495356833750678,2.8985999999999996,1,2.8985999999999996,6.0,inf
437,5,1.078640763046384,1.953296286543378,-1.0495356833750678,2.8985999999999996,1,2.8985999999999996,6.0,inf
438,0,-0.283858566635643,-0.4253477540875865,-1.6853058849543014,5.698499999999999,1,5.698499999999999,6.0,inf
438,1,-0.283858566635643,-0.4253477540875865,-1.6853058849543014,5.698499999999999,1,5.698499999999999,6.0,inf
438,2,-0.283858566635643,-0.4253477540875865,-1.6853058849543014,5.698499999999999,1,5.698499999999999,6.0,inf
438,3,-0.283858566635643,-0.4253477540875865,-1.6853058849543014,5.698499999999999,1,5.698499999999999,6.0,inf
438,4,-0.283858566635643,-0.4253477540875865,-1.6853058849543014,5.698499999999999,1,5.698499999999999,6.0,inf
438,5,-0.283858566635643,-0.4253477540875865,-1.6853058849543014,5.698499999999999,1,5.698499999999999,6.0,inf
439,0,-0.30307440079834264,1.2693563919199786,-1.700546126344966,3.9941999999999998,1,3.9941999999999998,6.0,inf
439,1,-0.30307440079834264,1.2693563919199786,-1.700546126344966,3.9941999999999998,1,3.9941999999999998,6.0,inf
439,2,-0.30307440079834264,1.2693563919199786,-1.700546126344966,3.9941999999999998,1,3.9941999999999998,6.0,inf
439,3,-0.30307440079834264,1.2693563919199786,-1.700546126344966,3.9941999999999998,1,3.9941999999999998,6.0,inf
439,4,-0.30307440079834264,1.2693563919199786,-1.700546126344966,3.9941999999999998,1,3.9941999999999998,6.0,inf
439,5,-0.30307440079834264,1.2693563919199786,-1.700546126344966,3.9941999999999998,1,3.9941999999999998,6.0,inf
440,0,1.8716756371057568,-0.27825247516507057,-2.172257704622615,5.260199999999999,1,5.260199999999999,6.0,inf
440,1,1.8716756371057568,-0.27825247516507057,-2.172257704622615,5.260199999999999,1,5.260199999999999,6.0,inf
440,2,1.8716756371057568,-0.27825247516507057,-2.172257704622615,5.260199999999999,1,5.260199999999999,6.0,inf
440,3,1.8716756371057568,-0.27825247516507057,-2.172257704622615,5.260199999999999,1,5.260199999999999,6.0,inf
440,4,1.8716756371057568,-0.27825247516507057,-2.172257704622615,5.260199999999999,1,5.260199999999999,6.0,inf
440,5,1.8716756371057568,-0.27825247516507057,-2.172257704622615,5.260199999999999,1,5.260199999999999,6.0,inf
441,0,2.275679227652693,0.08699688751450652,1.312203237417106,0.5348999999999999,1,0.5348999999999999,6.0,inf
441,1,2.275679227652693,0.08699688751450652,1.312203237417106,0.5348999999999999,1,0.5348999999999999,6.0,inf
441,2,2.275679227652693,0.08699688751450652,1.312203237417106,0.5348999999999999,1,0.5348999999999999,6.0,inf
441,3,2.275679227652693,0.08699688751450652,1.312203237417106,0.5348999999999999,1,0.5348999999999999,6.0,inf
441,4,2.275679227652693,0.08699688751450652,1.312203237417106,0.5348999999999999,1,0.5348999999999999,6.0,inf
441,5,2.275679227652693,0.08699688751450652,1.312203237417106,0.5348999999999999,1,0.5348999999999999,6.0,inf
442,0,0.30002393123292836,0.29512913394030893,0.7597921184056435,1.0817999999999999,1,1.0817999999999999,6.0,inf
442,1,0.30002393123292836,0.29512913394030893,0.7597921184056435,1.0817999999999999,1,1.0817999999999999,6.0,inf
442,2,0.30002393123292836,0.29512913394030893,0.7597921184056435,1.0817999999999999,1,1.0817999999999999,6.0,inf
442,3,0.30002393123292836,0.29512913394030893,0.7597921184056435,1.0817999999999999,1,1.0817999999999999,6.0,inf
442,4,0.30002393123292836,0.29512913394030893,0.7597921184056435,1.0817999999999999,1,1.0817999999999999,6.0,inf
442,5,0.30002393123292836,0.29512913394030893,0.7597921184056435,1.0817999999999999,1,1.0817999999999999,6.0,inf
443,0,0.8563203516150392,-0.4825684561302808,0.07578739823480711,2.0397,1,2.0397,6.0,inf
443,1,0.8563203516150392,-0.4825684561302808,0.07578739823480711,2.0397,1,2.0397,6.0,inf
443,2,0.8563203516150392,-0.4825684561302808,0.07578739823480711,2.0397,1,2.0397,6.0,inf
443,3,0.8563203516150392,-0.4825684561302808,0.07578739823480711,2.0397,1,2.0397,6.0,inf
443,4,0.8563203516150392,-0.4825684561302808,0.07578739823480711,2.0397,1,2.0397,6.0,inf
443,5,0.8563203516150392,-0.4825684561302808,0.07578739823480711,2.0397,1,2.0397,6.0,inf
444,0,0.9854699108715478,-0.7904552071030545,-0.8966914699051061,4.4373,1,4.4373,6.0,inf
444,1,0.9854699108715478,-0.7904552071030545,-0.8966914699051061,4.4373,1,4.4373,6.0,inf
444,2,0.9854699108715478,-0.7904552071030545,-0.8966914699051061,4.4373,1,4.4373,6.0,inf
444,3,0.9854699108715478,-0.7904552071030545,-0.8966914699051061,4.4373,1,4.4373,6.0,inf
444,4,0.9854699108715478,-0.7904552071030545,-0.8966914699051061,4.4373,1,4.4373,6.0,inf
444,5,0.9854699108715478,-0.7904552071030545,-0.8966914699051061,4.4373,1,4.4373,6.0,inf
445,0,2.6422650357033635,-0.8387867026826059,-0.6400085748693907,2.5841999999999996,1,2.5841999999999996,6.0,inf
445,1,2.6422650357033635,-0.8387867026826059,-0.6400085748693907,2.5841999999999996,1,2.5841999999999996,6.0,inf
445,2,2.6422650357033635,-0.8387867026826059,-0.6400085748693907,2.5841999999999996,1,2.5841999999999996,6.0,inf
445,3,2.6422650357033635,-0.8387867026826059,-0.6400085748693907,2.5841999999999996,1,2.5841999999999996,6.0,inf
445,4,2.6422650357033635,-0.8387867026826059,-0.6400085748693907,2.5841999999999996,1,2.5841999999999996,6.0,inf
445,5,2.6422650357033635,-0.8387867026826059,-0.6400085748693907,2.5841999999999996,1,2.5841999999999996,6.0,inf
446,0,0.5024979857478159,2.021603060248953,-0.6627963855351896,0.5397,1,0.5397,6.0,inf
446,1,0.5024979857478159,2.021603060248953,-0.6627963855351896,0.5397,1,0.5397,6.0,inf
446,2,0.5024979857478159,2.021603060248953,-0.6627963855351896,0.5397,1,0.5397,6.0,inf
446,3,0.5024979857478159,2.021603060248953,-0.6627963855351896,0.5397,1,0.5397,6.0,inf
446,4,0.5024979857478159,2.021603060248953,-0.6627963855351896,0.5397,1,0.5397,6.0,inf
446,5,0.5024979857478159,2.021603060248953,-0.6627963855351896,0.5397,1,0.5397,6.0,inf
447,0,-0.9398906416173589,-0.8935132913980086,-0.38724075347656695,2.4932999999999996,1,2.4932999999999996,6.0,inf
447,1,-0.9398906416173589,-0.8935132913980086,-0.38724075347656695,2.4932999999999996,1,2.4932999999999996,6.0,inf
447,2,-0.9398906416173589,-0.8935132913980086,-0.38724075347656695,2.4932999999999996,1,2.4932999999999996,6.0,inf
447,3,-0.9398906416173589,-0.8935132913980086,-0.38724075347656695,2.4932999999999996,1,2.4932999999999996,6.0,inf
447,4,-0.9398906416173589,-0.8935132913980086,-0.38724075347656695,2.4932999999999996,1,2.4932999999999996,6.0,inf
447,5,-0.9398906416173589,-0.8935132913980086,-0.38724075347656695,2.4932999999999996,1,2.4932999999999996,6.0,inf
448,0,2.8038199502638426,1.0908272355692317,0.7546222225396284,0.1944,1,0.1944,6.0,inf
448,1,2.8038199502638426,1.0908272355692317,0.7546222225396284,0.1944,1,0.1944,6.0,inf
448,2,2.8038199502638426,1.0908272355692317,0.7546222225396284,0.1944,1,0.1944,6.0,inf
448,3,2.8038199502638426,1.0908272355692317,0.7546222225396284,0.1944,1,0.1944,6.0,inf
448,4,2.8038199502638426,1.0908272355692317,0.7546222225396284,0.1944,1,0.1944,6.0,inf
448,5,2.8038199502638426,1.0908272355692317,0.7546222225396284,0.1944,1,0.1944,6.0,inf
449,0,-0.16595004230298804,-0.16165795902570687,-2.5649851918641917,6.0,0,8.0001,6.0,inf
449,1,-0.16595004230298804,-0.16165795902570687,-2.5649851918641917,6.0,0,8.0001,6.0,inf
449,2,-0.16595004230298804,-0.16165795902570687,-2.5649851918641917,6.0,0,8.0001,6.0,inf
449,3,-0.16595004230298804,-0.16165795902570687,-2.5649851918641917,6.0,0,8.0001,6.0,inf
449,4,-0.16595004230298804,-0.16165795902570687,-2.5649851918641917,6.0,0,8.0001,6.0,inf
449,5,-0.16595004230298804,-0.16165795902570687,-2.5649851918641917,6.0,0,8.0001,6.0,inf
450,0,-0.9418883635533265,-1.2315441207993574,-2.197547110336421,6.0,0,8.0001,6.0,inf
450,1,-0.9418883635533265,-1.2315441207993574,-2.197547110336421,6.0,0,8.0001,6.0,inf
450,2,-0.9418883635533265,-1.2315441207993574,-2.197547110336421,6.0,0,8.0001,6.0,inf
450,3,-0.9418883635533265,-1.2315441207993574,-2.197547110336421,6.0,0,8.0001,6.0,inf
450,4,-0.9418883635533265,-1.2315441207993574,-2.197547110336421,6.0,0,8.0001,6.0,inf
450,5,-0.9418883635533265,-1.2315441207993574,-2.197547110336421,6.0,0,8.0001,6.0,inf
451,0,1.314673389851362,1.3224136013447414,1.1644068017077793,0.6153,1,0.6153,6.0,inf
451,1,1.314673389851362,1.3224136013447414,1.1644068017077793,0.6153,1,0.6153,6.0,inf
451,2,1.314673389851362,1.3224136013447414,1.1644068017077793,0.6153,1,0.6153,6.0,inf
451,3,1.314673389851362,1.3224136013447414,1.1644068017077793,0.6153,1,0.6153,6.0,inf
451,4,1.314673389851362,1.3224136013447414,1.1644068017077793,0.6153,1,0.6153,6.0,inf
451,5,1.314673389851362,1.3224136013447414,1.1644068017077793,0.6153,1,0.6153,6.0,inf
452,0,-0.6414396983414539,-1.0372649514739964,1.4741837345663706,1.1136,1,1.1136,6.0,inf
452,1,-0.6414396983414539,-1.0372649514739964,1.4741837345663706,1.1136,1,1.1136,6.0,inf
452,2,-0.6414396983414539,-1.0372649514739964,1.4741837345663706,1.1136,1,1.1136,6.0,inf
452,3,-0.6414396983414539,-1.0372649514739964,1.4741837345663706,1.1136,1,1.1136,6.0,inf
452,4,-0.6414396983414539,-1.0372649514739964,1.4741837345663706,1.1136,1,1.1136,6.0,inf
452,5,-0.6414396983414539,-1.0372649514739964,1.4741837345663706,1.1136,1,1.1136,6.0,inf
453,0,0.9885349555952977,-0.66979680555454,-0.21966600437746467,5.441699999999999,1,5.441699999999999,6.0,inf
453,1,0.9885349555952977,-0.66979680555454,-0.21966600437746467,5.441699999999999,1,5.441699999999999,6.0,inf
453,2,0.9885349555952977,-0.66979680555454,-0.21966600437746467,5.441699999999999,1,5.441699999999999,6.0,inf
453,3,0.9885349555952977,-0.66979680555454,-0.21966600437746467,5.441699999999999,1,5.441699999999999,6.0,inf
453,4,0.9885349555952977,-0.66979680555454,-0.21966600437746467,5.441699999999999,1,5.441699999999999,6.0,inf
453,5,0.9885349555952977,-0.66979680555454,-0.21966600437746467,5.441699999999999,1,5.441699999999999,6.0,inf
454,0,-0.7425411110881089,-0.547701566070519,-0.2899307461099745,6.0,0,8.0001,6.0,inf
454,1,-0.7425411110881089,-0.547701566070519,-0.2899307461099745,6.0,0,8.0001,6.0,inf
454,2,-0.7425411110881089,-0.547701566070519,-0.2899307461099745,6.0,0,8.0001,6.0,inf
454,3,-0.7425411110881089,-0.547701566070519,-0.2899307461099745,6.0,0,8.0001,6.0,inf
454,4,-0.7425411110881089,-0.547701566070519,-0.2899307461099745,6.0,0,8.0001,6.0,inf
454,5,-0.7425411110881089,-0.547701566070519,-0.2899307461099745,6.0,0,8.0001,6.0,inf
455,0,0.7387529599296639,0.6506297420800091,-0.04415219227321412,0.8507999999999999,1,0.8507999999999999,6.0,inf
455,1,0.7387529599296639,0.6506297420800091,-0.04415219227321412,0.8507999999999999,1,0.8507999999999999,6.0,inf
455,2,0.7387529599296639,0.6506297420800091,-0.04415219227321412,0.8507999999999999,1,0.8507999999999999,6.0,inf
455,3,0.7387529599296639,0.6506297420800091,-0.04415219227321412,0.8507999999999999,1,0.8507999999999999,6.0,inf
455,4,0.7387529599296639,0.6506297420800091,-0.04415219227321412,0.8507999999999999,1,0.8507999999999999,6.0,inf
455,5,0.7387529599296639,0.6506297420800091,-0.04415219227321412,0.8507999999999999,1,0.8507999999999999,6.0,inf
456,0,-0.4575522625888953,-0.6413403085104283,-0.3188590640874938,6.0,0,7.5783,6.0,inf
456,1,-0.4575522625888953,-0.6413403085104283,-0.3188590640874938,6.0,0,7.5783,6.0,inf
456,2,-0.4575522625888953,-0.6413403085104283,-0.3188590640874938,6.0,0,7.5783,6.0,inf
456,3,-0.4575522625888953,-0.6413403085104283,-0.3188590640874938,6.0,0,7.5783,6.0,inf
456,4,-0.4575522625888953,-0.6413403085104283,-0.3188590640874938,6.0,0,7.5783,6.0,inf
456,5,-0.4575522625888953,-0.6413403085104283,-0.3188590640874938,6.0,0,7.5783,6.0,inf
457,0,0.9427978494211471,-0.5480206597946571,-1.1962184549399635,2.34,1,2.34,6.0,inf
457,1,0.9427978494211471,-0.5480206597946571,-1.1962184549399635,2.34,1,2.34,6.0,inf
457,2,0.9427978494211471,-0.5480206597946571,-1.1962184549399635,2.34,1,2.34,6.0,inf
457,3,0.9427978494211471,-0.5480206597946571,-1.1962184549399635,2.34,1,2.34,6.0,inf
457,4,0.9427978494211471,-0.5480206597946571,-1.1962184549399635,2.34,1,2.34,6.0,inf
457,5,0.9427978494211471,-0.5480206597946571,-1.1962184549399635,2.34,1,2.34,6.0,inf
458,0,-0.8011359873734737,0.42607255769493113,-0.9224077832114116,3.8703,1,3.8703,6.0,inf
458,1,-0.8011359873734737,0.42607255769493113,-0.9224077832114116,3.8703,1,3.8703,6.0,inf
458,2,-0.8011359873734737,0.42607255769493113,-0.9224077832114116,3.8703,1,3.8703,6.0,inf
458,3,-0.8011359873734737,0.42607255769493113,-0.9224077832114116,3.8703,1,3.8703,6.0,inf
458,4,-0.8011359873734737,0.42607255769493113,-0.9224077832114116,3.8703,1,3.8703,6.0,inf
458,5,-0.8011359873734737,0.42607255769493113,-0.9224077832114116,3.8703,1,3.8703,6.0,inf
459,0,0.9164267757215379,-0.3910112640133793,1.2521009733125188,1.4330999999999998,1,1.4330999999999998,6.0,inf
459,1,0.9164267757215379,-0.3910112640133793,1.2521009733125188,1.4330999999999998,1,1.4330999999999998,6.0,inf
459,2,0.9164267757215379,-0.3910112640133793,1.2521009733125188,1.4330999999999998,1,1.4330999999999998,6.0,inf
459,3,0.9164267757215379,-0.3910112640133793,1.2521009733125188,1.4330999999999998,1,1.4330999999999998,6.0,inf
459,4,0.9164267757215379,-0.3910112640133793,1.2521009733125188,1.4330999999999998,1,1.4330999999999998,6.0,inf
459,5,0.9164267757215379,-0.3910112640133793,1.2521009733125188,1.4330999999999998,1,1.4330999999999998,6.0,inf
460,0,0.1498344858925316,0.2077846409279766,-0.7657915428591945,1.3040999999999998,1,1.3040999999999998,6.0,inf
460,1,0.1498344858925316,0.2077846409279766,-0.7657915428591945,1.3040999999999998,1,1.3040999999999998,6.0,inf
460,2,0.1498344858925316,0.2077846409279766,-0.7657915428591945,1.3040999999999998,1,1.3040999999999998,6.0,inf
460,3,0.1498344858925316,0.2077846409279766,-0.7657915428591945,1.3040999999999998,1,1.3040999999999998,6.0,inf
460,4,0.1498344858925316,0.2077846409279766,-0.7657915428591945,1.3040999999999998,1,1.3040999999999998,6.0,inf
460,5,0.1498344858925316,0.2077846409279766,-0.7657915428591945,1.3040999999999998,1,1.3040999999999998,6.0,inf
461,0,-1.211439642558113,0.7564861820028774,-0.5282198704292352,6.0,0,8.0001,6.0,inf
461,1,-1.211439642558113,0.7564861820028774,-0.5282198704292352,6.0,0,8.0001,6.0,inf
461,2,-1.211439642558113,0.7564861820028774,-0.5282198704292352,6.0,0,8.0001,6.0,inf
461,3,-1.211439642558113,0.7564861820028774,-0.5282198704292352,6.0,0,8.0001,6.0,inf
461,4,-1.211439642558113,0.7564861820028774,-0.5282198704292352,6.0,0,8.0001,6.0,inf
461,5,-1.211439642558113,0.7564861820028774,-0.5282198704292352,6.0,0,8.0001,6.0,inf
462,0,-0.7757326261138485,-0.16548855613872215,0.8773658807649132,1.1964,1,1.1964,6.0,inf
462,1,-0.7757326261138485,-0.16548855613872215,0.8773658807649132,1.1964,1,1.1964,6.0,inf
462,2,-0.7757326261138485,-0.16548855613872215,0.8773658807649132,1.1964,1,1.1964,6.0,inf
462,3,-0.7757326261138485,-0.16548855613872215,0.8773658807649132,1.1964,1,1.1964,6.0,inf
462,4,-0.7757326261138485,-0.16548855613872215,0.8773658807649132,1.1964,1,1.1964,6.0,inf
462,5,-0.7757326261138485,-0.16548855613872215,0.8773658807649132,1.1964,1,1.1964,6.0,inf
463,0,0.35497967879433157,-0.5399781173631746,-0.8727360203154696,6.0,0,8.0001,6.0,inf
463,1,0.35497967879433157,-0.5399781173631746,-0.8727360203154696,6.0,0,8.0001,6.0,inf
463,2,0.35497967879433157,-0.5399781173631746,-0.8727360203154696,6.0,0,8.0001,6.0,inf
463,3,0.35497967879433157,-0.5399781173631746,-0.8727360203154696,6.0,0,8.0001,6.0,inf
463,4,0.35497967879433157,-0.5399781173631746,-0.8727360203154696,6.0,0,8.0001,6.0,inf
463,5,0.35497967879433157,-0.5399781173631746,-0.8727360203154696,6.0,0,8.0001,6.0,inf
464,0,1.9173290286996658,2.897125641350912,0.19640791008023872,0.6687,1,0.6687,6.0,inf
464,1,1.9173290286996658,2.897125641350912,0.19640791008023872,0.6687,1,0.6687,6.0,inf
464,2,1.9173290286996658,2.897125641350912,0.19640791008023872,0.6687,1,0.6687,6.0,inf
464,3,1.9173290286996658,2.897125641350912,0.19640791008023872,0.6687,1,0.6687,6.0,inf
464,4,1.9173290286996658,2.897125641350912,0.19640791008023872,0.6687,1,0.6687,6.0,inf
464,5,1.9173290286996658,2.897125641350912,0.19640791008023872,0.6687,1,0.6687,6.0,inf
465,0,0.13336626992744854,0.4104519017480803,0.6861509514350572,1.7106,1,1.7106,6.0,inf
465,1,0.13336626992744854,0.4104519017480803,0.6861509514350572,1.7106,1,1.7106,6.0,inf
465,2,0.13336626992744854,0.4104519017480803,0.6861509514350572,1.7106,1,1.7106,6.0,inf
465,3,0.13336626992744854,0.4104519017480803,0.6861509514350572,1.7106,1,1.7106,6.0,inf
465,4,0.13336626992744854,0.4104519017480803,0.6861509514350572,1.7106,1,1.7106,6.0,inf
465,5,0.13336626992744854,0.4104519017480803,0.6861509514350572,1.7106,1,1.7106,6.0,inf
466,0,-0.5874122840729038,0.25707212263737833,-1.0592669137907005,5.1678,1,5.1678,6.0,inf
466,1,-0.5874122840729038,0.25707212263737833,-1.0592669137907005,5.1678,1,5.1678,6.0,inf
466,2,-0.5874122840729038,0.25707212263737833,-1.0592669137907005,5.1678,1,5.1678,6.0,inf
466,3,-0.5874122840729038,0.25707212263737833,-1.0592669137907005,5.1678,1,5.1678,6.0,inf
466,4,-0.5874122840729038,0.25707212263737833,-1.0592669137907005,5.1678,1,5.1678,6.0,inf
466,5,-0.5874122840729038,0.25707212263737833,-1.0592669137907005,5.1678,1,5.1678,6.0,inf
467,0,0.17724131604955395,-0.5887703251855482,1.408852719584416,2.7813,1,2.7813,6.0,inf
467,1,0.17724131604955395,-0.5887703251855482,1.408852719584416,2.7813,1,2.7813,6.0,inf
467,2,0.17724131604955395,-0.5887703251855482,1.408852719584416,2.7813,1,2.7813,6.0,inf
467,3,0.17724131604955395,-0.5887703251855482,1.408852719584416,2.7813,1,2.7813,6.0,inf
467,4,0.17724131604955395,-0.5887703251855482,1.408852719584416,2.7813,1,2.7813,6.0,inf
467,5,0.17724131604955395,-0.5887703251855482,1.408852719584416,2.7813,1,2.7813,6.0,inf
468,0,-0.1632981071857551,-1.3841284665689728,1.8635907951077435,2.2436999999999996,1,2.2436999999999996,6.0,inf
468,1,-0.1632981071857551,-1.3841284665689728,1.8635907951077435,2.2436999999999996,1,2.2436999999999996,6.0,inf
468,2,-0.1632981071857551,-1.3841284665689728,1.8635907951077435,2.2436999999999996,1,2.2436999999999996,6.0,inf
468,3,-0.1632981071857551,-1.3841284665689728,1.8635907951077435,2.2436999999999996,1,2.2436999999999996,6.0,inf
468,4,-0.1632981071857551,-1.3841284665689728,1.8635907951077435,2.2436999999999996,1,2.2436999999999996,6.0,inf
468,5,-0.1632981071857551,-1.3841284665689728,1.8635907951077435,2.2436999999999996,1,2.2436999999999996,6.0,inf
469,0,0.7288319576295214,-1.807839570439049,0.5276645167878751,1.1175,1,1.1175,6.0,inf
469,1,0.7288319576295214,-1.807839570439049,0.5276645167878751,1.1175,1,1.1175,6.0,inf
469,2,0.7288319576295214,-1.807839570439049,0.5276645167878751,1.1175,1,1.1175,6.0,inf
469,3,0.7288319576295214,-1.807839570439049,0.5276645167878751,1.1175,1,1.1175,6.0,inf
469,4,0.7288319576295214,-1.807839570439049,0.5276645167878751,1.1175,1,1.1175,6.0,inf
469,5,0.7288319576295214,-1.807839570439049,0.5276645167878751,1.1175,1,1.1175,6.0,inf
470,0,0.3948253470114476,0.3761170347119586,-1.064636003673712,4.201499999999999,1,4.201499999999999,6.0,inf
470,1,0.3948253470114476,0.3761170347119586,-1.064636003673712,4.201499999999999,1,4.201499999999999,6.0,inf
470,2,0.3948253470114476,0.3761170347119586,-1.064636003673712,4.201499999999999,1,4.201499999999999,6.0,inf
470,3,0.3948253470114476,0.3761170347119586,-1.064636003673712,4.201499999999999,1,4.201499999999999,6.0,inf
470,4,0.3948253470114476,0.3761170347119586,-1.064636003673712,4.201499999999999,1,4.201499999999999,6.0,inf
470,5,0.3948253470114476,0.3761170347119586,-1.064636003673712,4.201499999999999,1,4.201499999999999,6.0,inf
471,0,0.7494408368589967,-0.2406958026009165,-0.3707051841097528,2.5284,1,2.5284,6.0,inf
471,1,0.7494408368589967,-0.2406958026009165,-0.3707051841097528,2.5284,1,2.5284,6.0,inf
471,2,0.7494408368589967,-0.2406958026009165,-0.3707051841097528,2.5284,1,2.5284,6.0,inf
471,3,0.7494408368589967,-0.2406958026009165,-0.3707051841097528,2.5284,1,2.5284,6.0,inf
471,4,0.7494408368589967,-0.2406958026009165,-0.3707051841097528,2.5284,1,2.5284,6.0,inf
471,5,0.7494408368589967,-0.2406958026009165,-0.3707051841097528,2.5284,1,2.5284,6.0,inf
472,0,2.531328869304652,-0.5193560482320945,-0.04607724261029455,1.7568,1,1.7568,6.0,inf
472,1,2.531328869304652,-0.5193560482320945,-0.04607724261029455,1.7568,1,1.7568,6.0,inf
472,2,2.531328869304652,-0.5193560482320945,-0.04607724261029455,1.7568,1,1.7568,6.0,inf
472,3,2.531328869304652,-0.5193560482320945,-0.04607724261029455,1.7568,1,1.7568,6.0,inf
472,4,2.531328869304652,-0.5193560482320945,-0.04607724261029455,1.7568,1,1.7568,6.0,inf
472,5,2.531328869304652,-0.5193560482320945,-0.04607724261029455,1.7568,1,1.7568,6.0,inf
473,0,0.3603079191559737,0.006754548659498129,0.33506289089247204,4.3496999999999995,1,4.3496999999999995,6.0,inf
473,1,0.3603079191559737,0.006754548659498129,0.33506289089247204,4.3496999999999995,1,4.3496999999999995,6.0,inf
473,2,0.3603079191559737,0.006754548659498129,0.33506289089247204,4.3496999999999995,1,4.3496999999999995,6.0,inf
473,3,0.3603079191559737,0.006754548659498129,0.33506289089247204,4.3496999999999995,1,4.3496999999999995,6.0,inf
473,4,0.3603079191559737,0.006754548659498129,0.33506289089247204,4.3496999999999995,1,4.3496999999999995,6.0,inf
473,5,0.3603079191559737,0.006754548659498129,0.33506289089247204,4.3496999999999995,1,4.3496999999999995,6.0,inf
474,0,1.9997882322293736,-0.209348663999672,-0.4547234118476744,2.2074,1,2.2074,6.0,inf
474,1,1.9997882322293736,-0.209348663999672,-0.4547234118476744,2.2074,1,2.2074,6.0,inf
474,2,1.9997882322293736,-0.209348663999672,-0.4547234118476744,2.2074,1,2.2074,6.0,inf
474,3,1.9997882322293736,-0.209348663999672,-0.4547234118476744,2.2074,1,2.2074,6.0,inf
474,4,1.9997882322293736,-0.209348663999672,-0.4547234118476744,2.2074,1,2.2074,6.0,inf
474,5,1.9997882322293736,-0.209348663999672,-0.4547234118476744,2.2074,1,2.2074,6.0,inf
475,0,-1.450208376079754,-0.49165527374234264,-0.018734038251676216,6.0,0,8.0001,6.0,inf
475,1,-1.450208376079754,-0.49165527374234264,-0.018734038251676216,6.0,0,8.0001,6.0,inf
475,2,-1.450208376079754,-0.49165527374234264,-0.018734038251676216,6.0,0,8.0001,6.0,inf
475,3,-1.450208376079754,-0.49165527374234264,-0.018734038251676216,6.0,0,8.0001,6.0,inf
475,4,-1.450208376079754,-0.49165527374234264,-0.018734038251676216,6.0,0,8.0001,6.0,inf
475,5,-1.450208376079754,-0.49165527374234264,-0.018734038251676216,6.0,0,8.0001,6.0,inf
476,0,1.0435463722260152,2.3895666902989348,-1.5899867158807715,0.9410999999999999,1,0.9410999999999999,6.0,inf
476,1,1.0435463722260152,2.3895666902989348,-1.5899867158807715,0.9410999999999999,1,0.9410999999999999,6.0,inf
476,2,1.0435463722260152,2.3895666902989348,-1.5899867158807715,0.9410999999999999,1,0.9410999999999999,6.0,inf
476,3,1.0435463722260152,2.3895666902989348,-1.5899867158807715,0.9410999999999999,1,0.9410999999999999,6.0,inf
476,4,1.0435463722260152,2.3895666902989348,-1.5899867158807715,0.9410999999999999,1,0.9410999999999999,6.0,inf
476,5,1.0435463722260152,2.3895666902989348,-1.5899867158807715,0.9410999999999999,1,0.9410999999999999,6.0,inf
477,0,-0.9884939335767703,1.032530947556338,0.9876802852885003,1.8203999999999998,1,1.8203999999999998,6.0,inf
477,1,-0.9884939335767703,1.032530947556338,0.9876802852885003,1.8203999999999998,1,1.8203999999999998,6.0,inf
477,2,-0.9884939335767703,1.032530947556338,0.9876802852885003,1.8203999999999998,1,1.8203999999999998,6.0,inf
477,3,-0.9884939335767703,1.032530947556338,0.9876802852885003,1.8203999999999998,1,1.8203999999999998,6.0,inf
477,4,-0.9884939335767703,1.032530947556338,0.9876802852885003,1.8203999999999998,1,1.8203999999999998,6.0,inf
477,5,-0.9884939335767703,1.032530947556338,0.9876802852885003,1.8203999999999998,1,1.8203999999999998,6.0,inf
478,0,-0.8516184680739992,1.27150251453355,-0.031786940026660555,2.3516999999999997,1,2.3516999999999997,6.0,inf
478,1,-0.8516184680739992,1.27150251453355,-0.031786940026660555,2.3516999999999997,1,2.3516999999999997,6.0,inf
478,2,-0.8516184680739992,1.27150251453355,-0.031786940026660555,2.3516999999999997,1,2.3516999999999997,6.0,inf
478,3,-0.8516184680739992,1.27150251453355,-0.031786940026660555,2.3516999999999997,1,2.3516999999999997,6.0,inf
478,4,-0.8516184680739992,1.27150251453355,-0.031786940026660555,2.3516999999999997,1,2.3516999999999997,6.0,inf
478,5,-0.8516184680739992,1.27150251453355,-0.031786940026660555,2.3516999999999997,1,2.3516999999999997,6.0,inf
479,0,-0.41385145159453124,-2.120525478231919,0.2957564047981811,5.450699999999999,1,5.450699999999999,6.0,inf
479,1,-0.41385145159453124,-2.120525478231919,0.2957564047981811,5.450699999999999,1,5.450699999999999,6.0,inf
479,2,-0.41385145159453124,-2.120525478231919,0.2957564047981811,5.450699999999999,1,5.450699999999999,6.0,inf
479,3,-0.41385145159453124,-2.120525478231919,0.2957564047981811,5.450699999999999,1,5.450699999999999,6.0,inf
479,4,-0.41385145159453124,-2.120525478231919,0.2957564047981811,5.450699999999999,1,5.450699999999999,6.0,inf
479,5,-0.41385145159453124,-2.120525478231919,0.2957564047981811,5.450699999999999,1,5.450699999999999,6.0,inf
480,0,0.8835742544723013,-0.14456798795882383,1.8289621341914732,1.1525999999999998,1,1.1525999999999998,6.0,inf
480,1,0.8835742544723013,-0.14456798795882383,1.8289621341914732,1.1525999999999998,1,1.1525999999999998,6.0,inf
480,2,0.8835742544723013,-0.14456798795882383,1.8289621341914732,1.1525999999999998,1,1.1525999999999998,6.0,inf
480,3,0.8835742544723013,-0.14456798795882383,1.8289621341914732,1.1525999999999998,1,1.1525999999999998,6.0,inf
480,4,0.8835742544723013,-0.14456798795882383,1.8289621341914732,1.1525999999999998,1,1.1525999999999998,6.0,inf
480,5,0.8835742544723013,-0.14456798795882383,1.8289621341914732,1.1525999999999998,1,1.1525999999999998,6.0,inf
481,0,-0.9720307347803752,0.756240199360858,0.7019662827665665,1.1337,1,1.1337,6.0,inf
481,1,-0.9720307347803752,0.756240199360858,0.7019662827665665,1.1337,1,1.1337,6.0,inf
481,2,-0.9720307347803752,0.756240199360858,0.7019662827665665,1.1337,1,1.1337,6.0,inf
481,3,-0.9720307347803752,0.756240199360858,0.7019662827665665,1.1337,1,1.1337,6.0,inf
481,4,-0.9720307347803752,0.756240199360858,0.7019662827665665,1.1337,1,1.1337,6.0,inf
481,5,-0.9720307347803752,0.756240199360858,0.7019662827665665,1.1337,1,1.1337,6.0,inf
482,0,-0.029104344214760023,0.11882152693040013,-1.387431093523769,5.8416,1,5.8416,6.0,inf
482,1,-0.029104344214760023,0.11882152693040013,-1.387431093523769,5.8416,1,5.8416,6.0,inf
482,2,-0.029104344214760023,0.11882152693040013,-1.387431093523769,5.8416,1,5.8416,6.0,inf
482,3,-0.029104344214760023,0.11882152693040013,-1.387431093523769,5.8416,1,5.8416,6.0,inf
482,4,-0.029104344214760023,0.11882152693040013,-1.387431093523769,5.8416,1,5.8416,6.0,inf
482,5,-0.029104344214760023,0.11882152693040013,-1.387431093523769,5.8416,1,5.8416,6.0,inf
483,0,1.7768041679026538,1.1072647058398435,0.29776369126464897,1.2173999999999998,1,1.2173999999999998,6.0,inf
483,1,1.7768041679026538,1.1072647058398435,0.29776369126464897,1.2173999999999998,1,1.2173999999999998,6.0,inf
483,2,1.7768041679026538,1.1072647058398435,0.29776369126464897,1.2173999999999998,1,1.2173999999999998,6.0,inf
483,3,1.7768041679026538,1.1072647058398435,0.29776369126464897,1.2173999999999998,1,1.2173999999999998,6.0,inf
483,4,1.7768041679026538,1.1072647058398435,0.29776369126464897,1.2173999999999998,1,1.2173999999999998,6.0,inf
483,5,1.7768041679026538,1.1072647058398435,0.29776369126464897,1.2173999999999998,1,1.2173999999999998,6.0,inf
484,0,0.5550083075082232,1.052572419736776,-1.5957602161399458,0.7901999999999999,1,0.7901999999999999,6.0,inf
484,1,0.5550083075082232,1.052572419736776,-1.5957602161399458,0.7901999999999999,1,0.7901999999999999,6.0,inf
484,2,0.5550083075082232,1.052572419736776,-1.5957602161399458,0.7901999999999999,1,0.7901999999999999,6.0,inf
484,3,0.5550083075082232,1.052572419736776,-1.5957602161399458,0.7901999999999999,1,0.7901999999999999,6.0,inf
484,4,0.5550083075082232,1.052572419736776,-1.5957602161399458,0.7901999999999999,1,0.7901999999999999,6.0,inf
484,5,0.5550083075082232,1.052572419736776,-1.5957602161399458,0.7901999999999999,1,0.7901999999999999,6.0,inf
485,0,1.790739775473361,0.24837691928241226,-0.2551648474126865,0.4149,1,0.4149,6.0,inf
485,1,1.790739775473361,0.24837691928241226,-0.2551648474126865,0.4149,1,0.4149,6.0,inf
485,2,1.790739775473361,0.24837691928241226,-0.2551648474126865,0.4149,1,0.4149,6.0,inf
485,3,1.790739775473361,0.24837691928241226,-0.2551648474126865,0.4149,1,0.4149,6.0,inf
485,4,1.790739775473361,0.24837691928241226,-0.2551648474126865,0.4149,1,0.4149,6.0,inf
485,5,1.790739775473361,0.24837691928241226,-0.2551648474126865,0.4149,1,0.4149,6.0,inf
486,0,-0.5582962108250279,-0.5326214461952894,-0.254243692297743,4.2543,1,4.2543,6.0,inf
486,1,-0.5582962108250279,-0.5326214461952894,-0.254243692297743,4.2543,1,4.2543,6.0,inf
486,2,-0.5582962108250279,-0.5326214461952894,-0.254243692297743,4.2543,1,4.2543,6.0,inf
486,3,-0.5582962108250279,-0.5326214461952894,-0.254243692297743,4.2543,1,4.2543,6.0,inf
486,4,-0.5582962108250279,-0.5326214461952894,-0.254243692297743,4.2543,1,4.2543,6.0,inf
486,5,-0.5582962108250279,-0.5326214461952894,-0.254243692297743,4.2543,1,4.2543,6.0,inf
487,0,-1.126157022386921,0.2470790884859332,0.566461398033139,3.6458999999999997,1,3.6458999999999997,6.0,inf
487,1,-1.126157022386921,0.2470790884859332,0.566461398033139,3.6458999999999997,1,3.6458999999999997,6.0,inf
487,2,-1.126157022386921,0.2470790884859332,0.566461398033139,3.6458999999999997,1,3.6458999999999997,6.0,inf
487,3,-1.126157022386921,0.2470790884859332,0.566461398033139,3.6458999999999997,1,3.6458999999999997,6.0,inf
487,4,-1.126157022386921,0.2470790884859332,0.566461398033139,3.6458999999999997,1,3.6458999999999997,6.0,inf
487,5,-1.126157022386921,0.2470790884859332,0.566461398033139,3.6458999999999997,1,3.6458999999999997,6.0,inf
488,0,-0.6748464898670649,0.9013169468626301,0.8943221515116335,3.4883999999999995,1,3.4883999999999995,6.0,inf
488,1,-0.6748464898670649,0.9013169468626301,0.8943221515116335,3.4883999999999995,1,3.4883999999999995,6.0,inf
488,2,-0.6748464898670649,0.9013169468626301,0.8943221515116335,3.4883999999999995,1,3.4883999999999995,6.0,inf
488,3,-0.6748464898670649,0.9013169468626301,0.8943221515116335,3.4883999999999995,1,3.4883999999999995,6.0,inf
488,4,-0.6748464898670649,0.9013169468626301,0.8943221515116335,3.4883999999999995,1,3.4883999999999995,6.0,inf
488,5,-0.6748464898670649,0.9013169468626301,0.8943221515116335,3.4883999999999995,1,3.4883999999999995,6.0,inf
489,0,-0.5130052095525568,0.17697955702027207,-0.9362382270711093,5.8995,1,5.8995,6.0,inf
489,1,-0.5130052095525568,0.17697955702027207,-0.9362382270711093,5.8995,1,5.8995,6.0,inf
489,2,-0.5130052095525568,0.17697955702027207,-0.9362382270711093,5.8995,1,5.8995,6.0,inf
489,3,-0.5130052095525568,0.17697955702027207,-0.9362382270711093,5.8995,1,5.8995,6.0,inf
489,4,-0.5130052095525568,0.17697955702027207,-0.9362382270711093,5.8995,1,5.8995,6.0,inf
489,5,-0.5130052095525568,0.17697955702027207,-0.9362382270711093,5.8995,1,5.8995,6.0,inf
490,0,0.09241821539016146,-0.008373128197806246,-1.3454731065650323,0.1956,1,0.1956,6.0,inf
490,1,0.09241821539016146,-0.008373128197806246,-1.3454731065650323,0.1956,1,0.1956,6.0,inf
490,2,0.09241821539016146,-0.008373128197806246,-1.3454731065650323,0.1956,1,0.1956,6.0,inf
490,3,0.09241821539016146,-0.008373128197806246,-1.3454731065650323,0.1956,1,0.1956,6.0,inf
490,4,0.09241821539016146,-0.008373128197806246,-1.3454731065650323,0.1956,1,0.1956,6.0,inf
490,5,0.09241821539016146,-0.008373128197806246,-1.3454731065650323,0.1956,1,0.1956,6.0,inf
491,0,1.518188533187192,0.2280651988963373,-0.19019144898200266,1.6772999999999998,1,1.6772999999999998,6.0,inf
491,1,1.518188533187192,0.2280651988963373,-0.19019144898200266,1.6772999999999998,1,1.6772999999999998,6.0,inf
491,2,1.518188533187192,0.2280651988963373,-0.19019144898200266,1.6772999999999998,1,1.6772999999999998,6.0,inf
491,3,1.518188533187192,0.2280651988963373,-0.19019144898200266,1.6772999999999998,1,1.6772999999999998,6.0,inf
491,4,1.518188533187192,0.2280651988963373,-0.19019144898200266,1.6772999999999998,1,1.6772999999999998,6.0,inf
491,5,1.518188533187192,0.2280651988963373,-0.19019144898200266,1.6772999999999998,1,1.6772999999999998,6.0,inf
492,0,-0.8743245182113732,0.7480489896925496,1.1583868476927577,5.4765,1,5.4765,6.0,inf
492,1,-0.8743245182113732,0.7480489896925496,1.1583868476927577,5.4765,1,5.4765,6.0,inf
492,2,-0.8743245182113732,0.7480489896925496,1.1583868476927577,5.4765,1,5.4765,6.0,inf
492,3,-0.8743245182113732,0.7480489896925496,1.1583868476927577,5.4765,1,5.4765,6.0,inf
492,4,-0.8743245182113732,0.7480489896925496,1.1583868476927577,5.4765,1,5.4765,6.0,inf
492,5,-0.8743245182113732,0.7480489896925496,1.1583868476927577,5.4765,1,5.4765,6.0,inf
493,0,-0.3315136453022606,-1.7497364925829269,-0.396986520977563,4.586099999999999,1,4.586099999999999,6.0,inf
493,1,-0.3315136453022606,-1.7497364925829269,-0.396986520977563,4.586099999999999,1,4.586099999999999,6.0,inf
493,2,-0.3315136453022606,-1.7497364925829269,-0.396986520977563,4.586099999999999,1,4.586099999999999,6.0,inf
493,3,-0.3315136453022606,-1.7497364925829269,-0.396986520977563,4.586099999999999,1,4.586099999999999,6.0,inf
493,4,-0.3315136453022606,-1.7497364925829269,-0.396986520977563,4.586099999999999,1,4.586099999999999,6.0,inf
493,5,-0.3315136453022606,-1.7497364925829269,-0.396986520977563,4.586099999999999,1,4.586099999999999,6.0,inf
494,0,-0.3873879002220859,-0.47814889797101107,0.7179150828043003,2.1395999999999997,1,2.1395999999999997,6.0,inf
494,1,-0.3873879002220859,-0.47814889797101107,0.7179150828043003,2.1395999999999997,1,2.1395999999999997,6.0,inf
494,2,-0.3873879002220859,-0.47814889797101107,0.7179150828043003,2.1395999999999997,1,2.1395999999999997,6.0,inf
494,3,-0.3873879002220859,-0.47814889797101107,0.7179150828043003,2.1395999999999997,1,2.1395999999999997,6.0,inf
494,4,-0.3873879002220859,-0.47814889797101107,0.7179150828043003,2.1395999999999997,1,2.1395999999999997,6.0,inf
494,5,-0.3873879002220859,-0.47814889797101107,0.7179150828043003,2.1395999999999997,1,2.1395999999999997,6.0,inf
495,0,0.9113773575015689,-1.6948321488550055,-0.8230938514421466,4.3214999999999995,1,4.3214999999999995,6.0,inf
495,1,0.9113773575015689,-1.6948321488550055,-0.8230938514421466,4.3214999999999995,1,4.3214999999999995,6.0,inf
495,2,0.9113773575015689,-1.6948321488550055,-0.8230938514421466,4.3214999999999995,1,4.3214999999999995,6.0,inf
495,3,0.9113773575015689,-1.6948321488550055,-0.8230938514421466,4.3214999999999995,1,4.3214999999999995,6.0,inf
495,4,0.9113773575015689,-1.6948321488550055,-0.8230938514421466,4.3214999999999995,1,4.3214999999999995,6.0,inf
495,5,0.9113773575015689,-1.6948321488550055,-0.8230938514421466,4.3214999999999995,1,4.3214999999999995,6.0,inf
496,0,1.0420100740876714,-1.2092813596179697,1.2119136307773661,3.0698999999999996,1,3.0698999999999996,6.0,inf
496,1,1.0420100740876714,-1.2092813596179697,1.2119136307773661,3.0698999999999996,1,3.0698999999999996,6.0,inf
496,2,1.0420100740876714,-1.2092813596179697,1.2119136307773661,3.0698999999999996,1,3.0698999999999996,6.0,inf
496,3,1.0420100740876714,-1.2092813596179697,1.2119136307773661,3.0698999999999996,1,3.0698999999999996,6.0,inf
496,4,1.0420100740876714,-1.2092813596179697,1.2119136307773661,3.0698999999999996,1,3.0698999999999996,6.0,inf
496,5,1.0420100740876714,-1.2092813596179697,1.2119136307773661,3.0698999999999996,1,3.0698999999999996,6.0,inf
497,0,-0.4739994575292547,-0.25920999937724765,0.7583147955414676,1.2737999999999998,1,1.2737999999999998,6.0,inf
497,1,-0.4739994575292547,-0.25920999937724765,0.7583147955414676,1.2737999999999998,1,1.2737999999999998,6.0,inf
497,2,-0.4739994575292547,-0.25920999937724765,0.7583147955414676,1.2737999999999998,1,1.2737999999999998,6.0,inf
497,3,-0.4739994575292547,-0.25920999937724765,0.7583147955414676,1.2737999999999998,1,1.2737999999999998,6.0,inf
497,4,-0.4739994575292547,-0.25920999937724765,0.7583147955414676,1.2737999999999998,1,1.2737999999999998,6.0,inf
497,5,-0.4739994575292547,-0.25920999937724765,0.7583147955414676,1.2737999999999998,1,1.2737999999999998,6.0,inf
498,0,-0.5069965552337626,0.6053615074874148,-0.13972191734609923,1.4375999999999998,1,1.4375999999999998,6.0,inf
498,1,-0.5069965552337626,0.6053615074874148,-0.13972191734609923,1.4375999999999998,1,1.4375999999999998,6.0,inf
498,2,-0.5069965552337626,0.6053615074874148,-0.13972191734609923,1.4375999999999998,1,1.4375999999999998,6.0,inf
498,3,-0.5069965552337626,0.6053615074874148,-0.13972191734609923,1.4375999999999998,1,1.4375999999999998,6.0,inf
498,4,-0.5069965552337626,0.6053615074874148,-0.13972191734609923,1.4375999999999998,1,1.4375999999999998,6.0,inf
498,5,-0.5069965552337626,0.6053615074874148,-0.13972191734609923,1.4375999999999998,1,1.4375999999999998,6.0,inf
499,0,-1.215661781356358,-1.088520933610328,-0.3963998217475014,0.5603999999999999,1,0.5603999999999999,6.0,inf
499,1,-1.215661781356358,-1.088520933610328,-0.3963998217475014,0.5603999999999999,1,0.5603999999999999,6.0,inf
499,2,-1.215661781356358,-1.088520933610328,-0.3963998217475014,0.5603999999999999,1,0.5603999999999999,6.0,inf
499,3,-1.215661781356358,-1.088520933610328,-0.3963998217475014,0.5603999999999999,1,0.5603999999999999,6.0,inf
499,4,-1.215661781356358,-1.088520933610328,-0.3963998217475014,0.5603999999999999,1,0.5603999999999999,6.0,inf
499,5,-1.215661781356358,-1.088520933610328,-0.3963998217475014,0.5603999999999999,1,0.5603999999999999,6.0,inf
500,0,-1.0160099732286507,0.2719233573670726,0.7223251062874373,1.1562,1,1.1562,6.0,inf
500,1,-1.0160099732286507,0.2719233573670726,0.7223251062874373,1.1562,1,1.1562,6.0,inf
500,2,-1.0160099732286507,0.2719233573670726,0.7223251062874373,1.1562,1,1.1562,6.0,inf
500,3,-1.0160099732286507,0.2719233573670726,0.7223251062874373,1.1562,1,1.1562,6.0,inf
500,4,-1.0160099732286507,0.2719233573670726,0.7223251062874373,1.1562,1,1.1562,6.0,inf
500,5,-1.0160099732286507,0.2719233573670726,0.7223251062874373,1.1562,1,1.1562,6.0,inf
501,0,-0.3594560421035963,0.007333841960050044,-3.2462729768298466,6.0,0,8.0001,6.0,inf
501,1,-0.3594560421035963,0.007333841960050044,-3.2462729768298466,6.0,0,8.0001,6.0,inf
501,2,-0.3594560421035963,0.007333841960050044,-3.2462729768298466,6.0,0,8.0001,6.0,inf
501,3,-0.3594560421035963,0.007333841960050044,-3.2462729768298466,6.0,0,8.0001,6.0,inf
501,4,-0.3594560421035963,0.007333841960050044,-3.2462729768298466,6.0,0,8.0001,6.0,inf
501,5,-0.3594560421035963,0.007333841960050044,-3.2462729768298466,6.0,0,8.0001,6.0,inf
502,0,-1.640621706136428,-0.9110762263565594,-0.4184607810084937,6.0,0,6.9803999999999995,6.0,inf
502,1,-1.640621706136428,-0.9110762263565594,-0.4184607810084937,6.0,0,6.9803999999999995,6.0,inf
502,2,-1.640621706136428,-0.9110762263565594,-0.4184607810084937,6.0,0,6.9803999999999995,6.0,inf
502,3,-1.640621706136428,-0.9110762263565594,-0.4184607810084937,6.0,0,6.9803999999999995,6.0,inf
502,4,-1.640621706136428,-0.9110762263565594,-0.4184607810084937,6.0,0,6.9803999999999995,6.0,inf
502,5,-1.640621706136428,-0.9110762263565594,-0.4184607810084937,6.0,0,6.9803999999999995,6.0,inf
503,0,0.59469261697207,0.018620979584098335,0.8511608641848549,1.9265999999999999,1,1.9265999999999999,6.0,inf
503,1,0.59469261697207,0.018620979584098335,0.8511608641848549,1.9265999999999999,1,1.9265999999999999,6.0,inf
503,2,0.59469261697207,0.018620979584098335,0.8511608641848549,1.9265999999999999,1,1.9265999999999999,6.0,inf
503,3,0.59469261697207,0.018620979584098335,0.8511608641848549,1.9265999999999999,1,1.9265999999999999,6.0,inf
503,4,0.59469261697207,0.018620979584098335,0.8511608641848549,1.9265999999999999,1,1.9265999999999999,6.0,inf
503,5,0.59469261697207,0.018620979584098335,0.8511608641848549,1.9265999999999999,1,1.9265999999999999,6.0,inf
504,0,0.3895584632996472,-0.10915371535066856,0.40801083070736116,3.4760999999999997,1,3.4760999999999997,6.0,inf
504,1,0.3895584632996472,-0.10915371535066856,0.40801083070736116,3.4760999999999997,1,3.4760999999999997,6.0,inf
504,2,0.3895584632996472,-0.10915371535066856,0.40801083070736116,3.4760999999999997,1,3.4760999999999997,6.0,inf
504,3,0.3895584632996472,-0.10915371535066856,0.40801083070736116,3.4760999999999997,1,3.4760999999999997,6.0,inf
504,4,0.3895584632996472,-0.10915371535066856,0.40801083070736116,3.4760999999999997,1,3.4760999999999997,6.0,inf
504,5,0.3895584632996472,-0.10915371535066856,0.40801083070736116,3.4760999999999997,1,3.4760999999999997,6.0,inf
505,0,0.2924371709545648,-1.9060887904616228,-0.3444575599329731,6.0,0,6.7875,6.0,inf
505,1,0.2924371709545648,-1.9060887904616228,-0.3444575599329731,6.0,0,6.7875,6.0,inf
505,2,0.2924371709545648,-1.9060887904616228,-0.3444575599329731,6.0,0,6.7875,6.0,inf
505,3,0.2924371709545648,-1.9060887904616228,-0.3444575599329731,6.0,0,6.7875,6.0,inf
505,4,0.2924371709545648,-1.9060887904616228,-0.3444575599329731,6.0,0,6.7875,6.0,inf
505,5,0.2924371709545648,-1.9060887904616228,-0.3444575599329731,6.0,0,6.7875,6.0,inf
506,0,0.5895143673753389,0.13685612047893572,0.8171271253493897,1.3544999999999998,1,1.3544999999999998,6.0,inf
506,1,0.5895143673753389,0.13685612047893572,0.8171271253493897,1.3544999999999998,1,1.3544999999999998,6.0,inf
506,2,0.5895143673753389,0.13685612047893572,0.8171271253493897,1.3544999999999998,1,1.3544999999999998,6.0,inf
506,3,0.5895143673753389,0.13685612047893572,0.8171271253493897,1.3544999999999998,1,1.3544999999999998,6.0,inf
506,4,0.5895143673753389,0.13685612047893572,0.8171271253493897,1.3544999999999998,1,1.3544999999999998,6.0,inf
506,5,0.5895143673753389,0.13685612047893572,0.8171271253493897,1.3544999999999998,1,1.3544999999999998,6.0,inf
507,0,1.2998558635423272,2.3942445651623716,-2.4943700454178663,1.4828999999999999,1,1.4828999999999999,6.0,inf
507,1,1.2998558635423272,2.3942445651623716,-2.4943700454178663,1.4828999999999999,1,1.4828999999999999,6.0,inf
507,2,1.2998558635423272,2.3942445651623716,-2.4943700454178663,1.4828999999999999,1,1.4828999999999999,6.0,inf
507,3,1.2998558635423272,2.3942445651623716,-2.4943700454178663,1.4828999999999999,1,1.4828999999999999,6.0,inf
507,4,1.2998558635423272,2.3942445651623716,-2.4943700454178663,1.4828999999999999,1,1.4828999999999999,6.0,inf
507,5,1.2998558635423272,2.3942445651623716,-2.4943700454178663,1.4828999999999999,1,1.4828999999999999,6.0,inf
508,0,-1.2629916733699458,-0.5670253480003024,-1.1853196087001756,3.7868999999999997,1,3.7868999999999997,6.0,inf
508,1,-1.2629916733699458,-0.5670253480003024,-1.1853196087001756,3.7868999999999997,1,3.7868999999999997,6.0,inf
508,2,-1.2629916733699458,-0.5670253480003024,-1.1853196087001756,3.7868999999999997,1,3.7868999999999997,6.0,inf
508,3,-1.2629916733699458,-0.5670253480003024,-1.1853196087001756,3.7868999999999997,1,3.7868999999999997,6.0,inf
508,4,-1.2629916733699458,-0.5670253480003024,-1.1853196087001756,3.7868999999999997,1,3.7868999999999997,6.0,inf
508,5,-1.2629916733699458,-0.5670253480003024,-1.1853196087001756,3.7868999999999997,1,3.7868999999999997,6.0,inf
509,0,-0.7015293248230874,0.4291171072619738,0.2884080834111233,6.0,0,7.1343,6.0,inf
509,1,-0.7015293248230874,0.4291171072619738,0.2884080834111233,6.0,0,7.1343,6.0,inf
509,2,-0.7015293248230874,0.4291171072619738,0.2884080834111233,6.0,0,7.1343,6.0,inf
509,3,-0.7015293248230874,0.4291171072619738,0.2884080834111233,6.0,0,7.1343,6.0,inf
509,4,-0.7015293248230874,0.4291171072619738,0.2884080834111233,6.0,0,7.1343,6.0,inf
509,5,-0.7015293248230874,0.4291171072619738,0.2884080834111233,6.0,0,7.1343,6.0,inf
510,0,-0.7327157119011568,1.0377299571885141,1.2778160612764828,2.2977,1,2.2977,6.0,inf
510,1,-0.7327157119011568,1.0377299571885141,1.2778160612764828,2.2977,1,2.2977,6.0,inf
510,2,-0.7327157119011568,1.0377299571885141,1.2778160612764828,2.2977,1,2.2977,6.0,inf
510,3,-0.7327157119011568,1.0377299571885141,1.2778160612764828,2.2977,1,2.2977,6.0,inf
510,4,-0.7327157119011568,1.0377299571885141,1.2778160612764828,2.2977,1,2.2977,6.0,inf
510,5,-0.7327157119011568,1.0377299571885141,1.2778160612764828,2.2977,1,2.2977,6.0,inf
511,0,-1.1901194096516337,-0.09813204885603645,-0.42430957451730045,1.1039999999999999,1,1.1039999999999999,6.0,inf
511,1,-1.1901194096516337,-0.09813204885603645,-0.42430957451730045,1.1039999999999999,1,1.1039999999999999,6.0,inf
511,2,-1.1901194096516337,-0.09813204885603645,-0.42430957451730045,1.1039999999999999,1,1.1039999999999999,6.0,inf
511,3,-1.1901194096516337,-0.09813204885603645,-0.42430957451730045,1.1039999999999999,1,1.1039999999999999,6.0,inf
511,4,-1.1901194096516337,-0.09813204885603645,-0.42430957451730045,1.1039999999999999,1,1.1039999999999999,6.0,inf
511,5,-1.1901194096516337,-0.09813204885603645,-0.42430957451730045,1.1039999999999999,1,1.1039999999999999,6.0,inf
512,0,-0.012538951502564812,0.02942241862400323,-1.224425769315703,5.410799999999999,1,5.410799999999999,6.0,inf
512,1,-0.012538951502564812,0.02942241862400323,-1.224425769315703,5.410799999999999,1,5.410799999999999,6.0,inf
512,2,-0.012538951502564812,0.02942241862400323,-1.224425769315703,5.410799999999999,1,5.410799999999999,6.0,inf
512,3,-0.012538951502564812,0.02942241862400323,-1.224425769315703,5.410799999999999,1,5.410799999999999,6.0,inf
512,4,-0.012538951502564812,0.02942241862400323,-1.224425769315703,5.410799999999999,1,5.410799999999999,6.0,inf
512,5,-0.012538951502564812,0.02942241862400323,-1.224425769315703,5.410799999999999,1,5.410799999999999,6.0,inf
513,0,-0.3523478650499846,-0.12295789434200415,0.7812485265542121,3.5906999999999996,1,3.5906999999999996,6.0,inf
513,1,-0.3523478650499846,-0.12295789434200415,0.7812485265542121,3.5906999999999996,1,3.5906999999999996,6.0,inf
513,2,-0.3523478650499846,-0.12295789434200415,0.7812485265542121,3.5906999999999996,1,3.5906999999999996,6.0,inf
513,3,-0.3523478650499846,-0.12295789434200415,0.7812485265542121,3.5906999999999996,1,3.5906999999999996,6.0,inf
513,4,-0.3523478650499846,-0.12295789434200415,0.7812485265542121,3.5906999999999996,1,3.5906999999999996,6.0,inf
513,5,-0.3523478650499846,-0.12295789434200415,0.7812485265542121,3.5906999999999996,1,3.5906999999999996,6.0,inf
514,0,0.6147252565407597,-1.6883577132437015,-0.8218950910568269,3.6473999999999998,1,3.6473999999999998,6.0,inf
514,1,0.6147252565407597,-1.6883577132437015,-0.8218950910568269,3.6473999999999998,1,3.6473999999999998,6.0,inf
514,2,0.6147252565407597,-1.6883577132437015,-0.8218950910568269,3.6473999999999998,1,3.6473999999999998,6.0,inf
514,3,0.6147252565407597,-1.6883577132437015,-0.8218950910568269,3.6473999999999998,1,3.6473999999999998,6.0,inf
514,4,0.6147252565407597,-1.6883577132437015,-0.8218950910568269,3.6473999999999998,1,3.6473999999999998,6.0,inf
514,5,0.6147252565407597,-1.6883577132437015,-0.8218950910568269,3.6473999999999998,1,3.6473999999999998,6.0,inf
515,0,1.8217588928340032,-0.38206388882406195,0.05415688154692812,2.2773,1,2.2773,6.0,inf
515,1,1.8217588928340032,-0.38206388882406195,0.05415688154692812,2.2773,1,2.2773,6.0,inf
515,2,1.8217588928340032,-0.38206388882406195,0.05415688154692812,2.2773,1,2.2773,6.0,inf
515,3,1.8217588928340032,-0.38206388882406195,0.05415688154692812,2.2773,1,2.2773,6.0,inf
515,4,1.8217588928340032,-0.38206388882406195,0.05415688154692812,2.2773,1,2.2773,6.0,inf
515,5,1.8217588928340032,-0.38206388882406195,0.05415688154692812,2.2773,1,2.2773,6.0,inf
516,0,-0.10788324217199327,0.7818661576966991,-0.9147177173729806,4.824299999999999,1,4.824299999999999,6.0,inf
516,1,-0.10788324217199327,0.7818661576966991,-0.9147177173729806,4.824299999999999,1,4.824299999999999,6.0,inf
516,2,-0.10788324217199327,0.7818661576966991,-0.9147177173729806,4.824299999999999,1,4.824299999999999,6.0,inf
516,3,-0.10788324217199327,0.7818661576966991,-0.9147177173729806,4.824299999999999,1,4.824299999999999,6.0,inf
516,4,-0.10788324217199327,0.7818661576966991,-0.9147177173729806,4.824299999999999,1,4.824299999999999,6.0,inf
516,5,-0.10788324217199327,0.7818661576966991,-0.9147177173729806,4.824299999999999,1,4.824299999999999,6.0,inf
517,0,0.6062794989620307,-0.5017169195941792,0.8265153195184062,1.7735999999999998,1,1.7735999999999998,6.0,inf
517,1,0.6062794989620307,-0.5017169195941792,0.8265153195184062,1.7735999999999998,1,1.7735999999999998,6.0,inf
517,2,0.6062794989620307,-0.5017169195941792,0.8265153195184062,1.7735999999999998,1,1.7735999999999998,6.0,inf
517,3,0.6062794989620307,-0.5017169195941792,0.8265153195184062,1.7735999999999998,1,1.7735999999999998,6.0,inf
517,4,0.6062794989620307,-0.5017169195941792,0.8265153195184062,1.7735999999999998,1,1.7735999999999998,6.0,inf
517,5,0.6062794989620307,-0.5017169195941792,0.8265153195184062,1.7735999999999998,1,1.7735999999999998,6.0,inf
518,0,0.12940006615044952,-0.3266507562614841,-0.7408080702818608,1.2611999999999999,1,1.2611999999999999,6.0,inf
518,1,0.12940006615044952,-0.3266507562614841,-0.7408080702818608,1.2611999999999999,1,1.2611999999999999,6.0,inf
518,2,0.12940006615044952,-0.3266507562614841,-0.7408080702818608,1.2611999999999999,1,1.2611999999999999,6.0,inf
518,3,0.12940006615044952,-0.3266507562614841,-0.7408080702818608,1.2611999999999999,1,1.2611999999999999,6.0,inf
518,4,0.12940006615044952,-0.3266507562614841,-0.7408080702818608,1.2611999999999999,1,1.2611999999999999,6.0,inf
518,5,0.12940006615044952,-0.3266507562614841,-0.7408080702818608,1.2611999999999999,1,1.2611999999999999,6.0,inf
519,0,0.6630970657420912,0.3350175484863015,0.8804231908144903,1.1775,1,1.1775,6.0,inf
519,1,0.6630970657420912,0.3350175484863015,0.8804231908144903,1.1775,1,1.1775,6.0,inf
519,2,0.6630970657420912,0.3350175484863015,0.8804231908144903,1.1775,1,1.1775,6.0,inf
519,3,0.6630970657420912,0.3350175484863015,0.8804231908144903,1.1775,1,1.1775,6.0,inf
519,4,0.6630970657420912,0.3350175484863015,0.8804231908144903,1.1775,1,1.1775,6.0,inf
519,5,0.6630970657420912,0.3350175484863015,0.8804231908144903,1.1775,1,1.1775,6.0,inf
520,0,-0.8875457379780262,-1.2063779629710476,0.3921359344412279,3.2501999999999995,1,3.2501999999999995,6.0,inf
520,1,-0.8875457379780262,-1.2063779629710476,0.3921359344412279,3.2501999999999995,1,3.2501999999999995,6.0,inf
520,2,-0.8875457379780262,-1.2063779629710476,0.3921359344412279,3.2501999999999995,1,3.2501999999999995,6.0,inf
520,3,-0.8875457379780262,-1.2063779629710476,0.3921359344412279,3.2501999999999995,1,3.2501999999999995,6.0,inf
520,4,-0.8875457379780262,-1.2063779629710476,0.3921359344412279,3.2501999999999995,1,3.2501999999999995,6.0,inf
520,5,-0.8875457379780262,-1.2063779629710476,0.3921359344412279,3.2501999999999995,1,3.2501999999999995,6.0,inf
521,0,-0.6841725762872586,0.2525311080284242,-0.06135320731884647,5.374499999999999,1,5.374499999999999,6.0,inf
521,1,-0.6841725762872586,0.2525311080284242,-0.06135320731884647,5.374499999999999,1,5.374499999999999,6.0,inf
521,2,-0.6841725762872586,0.2525311080284242,-0.06135320731884647,5.374499999999999,1,5.374499999999999,6.0,inf
521,3,-0.6841725762872586,0.2525311080284242,-0.06135320731884647,5.374499999999999,1,5.374499999999999,6.0,inf
521,4,-0.6841725762872586,0.2525311080284242,-0.06135320731884647,5.374499999999999,1,5.374499999999999,6.0,inf
521,5,-0.6841725762872586,0.2525311080284242,-0.06135320731884647,5.374499999999999,1,5.374499999999999,6.0,inf
522,0,1.6184564603472888,0.9139507480859891,0.339483798656373,0.8675999999999999,1,0.8675999999999999,6.0,inf
522,1,1.6184564603472888,0.9139507480859891,0.339483798656373,0.8675999999999999,1,0.8675999999999999,6.0,inf
522,2,1.6184564603472888,0.9139507480859891,0.339483798656373,0.8675999999999999,1,0.8675999999999999,6.0,inf
522,3,1.6184564603472888,0.9139507480859891,0.339483798656373,0.8675999999999999,1,0.8675999999999999,6.0,inf
522,4,1.6184564603472888,0.9139507480859891,0.339483798656373,0.8675999999999999,1,0.8675999999999999,6.0,inf
522,5,1.6184564603472888,0.9139507480859891,0.339483798656373,0.8675999999999999,1,0.8675999999999999,6.0,inf
523,0,0.8485425624541207,2.613444373794301,0.596716456878565,0.6359999999999999,1,0.6359999999999999,6.0,inf
523,1,0.8485425624541207,2.613444373794301,0.596716456878565,0.6359999999999999,1,0.6359999999999999,6.0,inf
523,2,0.8485425624541207,2.613444373794301,0.596716456878565,0.6359999999999999,1,0.6359999999999999,6.0,inf
523,3,0.8485425624541207,2.613444373794301,0.596716456878565,0.6359999999999999,1,0.6359999999999999,6.0,inf
523,4,0.8485425624541207,2.613444373794301,0.596716456878565,0.6359999999999999,1,0.6359999999999999,6.0,inf
523,5,0.8485425624541207,2.613444373794301,0.596716456878565,0.6359999999999999,1,0.6359999999999999,6.0,inf
524,0,-0.0899526912563719,-0.6169872048098669,-2.4067679939329354,6.0,0,8.0001,6.0,inf
524,1,-0.0899526912563719,-0.6169872048098669,-2.4067679939329354,6.0,0,8.0001,6.0,inf
524,2,-0.0899526912563719,-0.6169872048098669,-2.4067679939329354,6.0,0,8.0001,6.0,inf
524,3,-0.0899526912563719,-0.6169872048098669,-2.4067679939329354,6.0,0,8.0001,6.0,inf
524,4,-0.0899526912563719,-0.6169872048098669,-2.4067679939329354,6.0,0,8.0001,6.0,inf
524,5,-0.0899526912563719,-0.6169872048098669,-2.4067679939329354,6.0,0,8.0001,6.0,inf
525,0,1.6311149363798751,-0.05780915781442142,-0.2763309954151114,2.5532999999999997,1,2.5532999999999997,6.0,inf
525,1,1.6311149363798751,-0.05780915781442142,-0.2763309954151114,2.5532999999999997,1,2.5532999999999997,6.0,inf
525,2,1.6311149363798751,-0.05780915781442142,-0.2763309954151114,2.5532999999999997,1,2.5532999999999997,6.0,inf
525,3,1.6311149363798751,-0.05780915781442142,-0.2763309954151114,2.5532999999999997,1,2.5532999999999997,6.0,inf
525,4,1.6311149363798751,-0.05780915781442142,-0.2763309954151114,2.5532999999999997,1,2.5532999999999997,6.0,inf
525,5,1.6311149363798751,-0.05780915781442142,-0.2763309954151114,2.5532999999999997,1,2.5532999999999997,6.0,inf
526,0,-0.11750087184112532,0.5048719252659938,1.397966302518585,1.8914999999999997,1,1.8914999999999997,6.0,inf
526,1,-0.11750087184112532,0.5048719252659938,1.397966302518585,1.8914999999999997,1,1.8914999999999997,6.0,inf
526,2,-0.11750087184112532,0.5048719252659938,1.397966302518585,1.8914999999999997,1,1.8914999999999997,6.0,inf
526,3,-0.11750087184112532,0.5048719252659938,1.397966302518585,1.8914999999999997,1,1.8914999999999997,6.0,inf
526,4,-0.11750087184112532,0.5048719252659938,1.397966302518585,1.8914999999999997,1,1.8914999999999997,6.0,inf
526,5,-0.11750087184112532,0.5048719252659938,1.397966302518585,1.8914999999999997,1,1.8914999999999997,6.0,inf
527,0,-1.5632298884619873,-1.3936522210372413,0.03017019203136993,6.0,0,8.0001,6.0,inf
527,1,-1.5632298884619873,-1.3936522210372413,0.03017019203136993,6.0,0,8.0001,6.0,inf
527,2,-1.5632298884619873,-1.3936522210372413,0.03017019203136993,6.0,0,8.0001,6.0,inf
527,3,-1.5632298884619873,-1.3936522210372413,0.03017019203136993,6.0,0,8.0001,6.0,inf
527,4,-1.5632298884619873,-1.3936522210372413,0.03017019203136993,6.0,0,8.0001,6.0,inf
527,5,-1.5632298884619873,-1.3936522210372413,0.03017019203136993,6.0,0,8.0001,6.0,inf
528,0,-0.675962868694815,1.0243493981200074,1.1662821716667437,2.3754,1,2.3754,6.0,inf
528,1,-0.675962868694815,1.0243493981200074,1.1662821716667437,2.3754,1,2.3754,6.0,inf
528,2,-0.675962868694815,1.0243493981200074,1.1662821716667437,2.3754,1,2.3754,6.0,inf
528,3,-0.675962868694815,1.0243493981200074,1.1662821716667437,2.3754,1,2.3754,6.0,inf
528,4,-0.675962868694815,1.0243493981200074,1.1662821716667437,2.3754,1,2.3754,6.0,inf
528,5,-0.675962868694815,1.0243493981200074,1.1662821716667437,2.3754,1,2.3754,6.0,inf
529,0,-0.10399220880617613,-0.023893348784240896,0.40292032775693115,1.6040999999999999,1,1.6040999999999999,6.0,inf
529,1,-0.10399220880617613,-0.023893348784240896,0.40292032775693115,1.6040999999999999,1,1.6040999999999999,6.0,inf
529,2,-0.10399220880617613,-0.023893348784240896,0.40292032775693115,1.6040999999999999,1,1.6040999999999999,6.0,inf
529,3,-0.10399220880617613,-0.023893348784240896,0.40292032775693115,1.6040999999999999,1,1.6040999999999999,6.0,inf
529,4,-0.10399220880617613,-0.023893348784240896,0.40292032775693115,1.6040999999999999,1,1.6040999999999999,6.0,inf
529,5,-0.10399220880617613,-0.023893348784240896,0.40292032775693115,1.6040999999999999,1,1.6040999999999999,6.0,inf
530,0,-0.09371531870826719,-1.2199061920236927,0.00639205136690215,6.0,0,6.648899999999999,6.0,inf
530,1,-0.09371531870826719,-1.2199061920236927,0.00639205136690215,6.0,0,6.648899999999999,6.0,inf
530,2,-0.09371531870826719,-1.2199061920236927,0.00639205136690215,6.0,0,6.648899999999999,6.0,inf
530,3,-0.09371531870826719,-1.2199061920236927,0.00639205136690215,6.0,0,6.648899999999999,6.0,inf
530,4,-0.09371531870826719,-1.2199061920236927,0.00639205136690215,6.0,0,6.648899999999999,6.0,inf
530,5,-0.09371531870826719,-1.2199061920236927,0.00639205136690215,6.0,0,6.648899999999999,6.0,inf
531,0,-1.306635541808144,-0.4580102217519089,0.0777318168508084,1.9337999999999997,1,1.9337999999999997,6.0,inf
531,1,-1.306635541808144,-0.4580102217519089,0.0777318168508084,1.9337999999999997,1,1.9337999999999997,6.0,inf
531,2,-1.306635541808144,-0.4580102217519089,0.0777318168508084,1.9337999999999997,1,1.9337999999999997,6.0,inf
531,3,-1.306635541808144,-0.4580102217519089,0.0777318168508084,1.9337999999999997,1,1.9337999999999997,6.0,inf
531,4,-1.306635541808144,-0.4580102217519089,0.0777318168508084,1.9337999999999997,1,1.9337999999999997,6.0,inf
531,5,-1.306635541808144,-0.4580102217519089,0.0777318168508084,1.9337999999999997,1,1.9337999999999997,6.0,inf
532,0,-0.8650870220275859,-0.8227399424931368,0.7170228874560552,4.1709,1,4.1709,6.0,inf
532,1,-0.8650870220275859,-0.8227399424931368,0.7170228874560552,4.1709,1,4.1709,6.0,inf
532,2,-0.8650870220275859,-0.8227399424931368,0.7170228874560552,4.1709,1,4.1709,6.0,inf
532,3,-0.8650870220275859,-0.8227399424931368,0.7170228874560552,4.1709,1,4.1709,6.0,inf
532,4,-0.8650870220275859,-0.8227399424931368,0.7170228874560552,4.1709,1,4.1709,6.0,inf
532,5,-0.8650870220275859,-0.8227399424931368,0.7170228874560552,4.1709,1,4.1709,6.0,inf
533,0,-0.5738429746764199,-1.1164215431828104,-0.70329109229915,6.0,0,8.0001,6.0,inf
533,1,-0.5738429746764199,-1.1164215431828104,-0.70329109229915,6.0,0,8.0001,6.0,inf
533,2,-0.5738429746764199,-1.1164215431828104,-0.70329109229915,6.0,0,8.0001,6.0,inf
533,3,-0.5738429746764199,-1.1164215431828104,-0.70329109229915,6.0,0,8.0001,6.0,inf
533,4,-0.5738429746764199,-1.1164215431828104,-0.70329109229915,6.0,0,8.0001,6.0,inf
533,5,-0.5738429746764199,-1.1164215431828104,-0.70329109229915,6.0,0,8.0001,6.0,inf
534,0,1.0090955132380355,1.1248048724112536,0.5961749356776079,1.3076999999999999,1,1.3076999999999999,6.0,inf
534,1,1.0090955132380355,1.1248048724112536,0.5961749356776079,1.3076999999999999,1,1.3076999999999999,6.0,inf
534,2,1.0090955132380355,1.1248048724112536,0.5961749356776079,1.3076999999999999,1,1.3076999999999999,6.0,inf
534,3,1.0090955132380355,1.1248048724112536,0.5961749356776079,1.3076999999999999,1,1.3076999999999999,6.0,inf
534,4,1.0090955132380355,1.1248048724112536,0.5961749356776079,1.3076999999999999,1,1.3076999999999999,6.0,inf
534,5,1.0090955132380355,1.1248048724112536,0.5961749356776079,1.3076999999999999,1,1.3076999999999999,6.0,inf
535,0,1.4418647060590193,0.7449396115750128,-0.6634091538785428,0.9173999999999999,1,0.9173999999999999,6.0,inf
535,1,1.4418647060590193,0.7449396115750128,-0.6634091538785428,0.9173999999999999,1,0.9173999999999999,6.0,inf
535,2,1.4418647060590193,0.7449396115750128,-0.6634091538785428,0.9173999999999999,1,0.9173999999999999,6.0,inf
535,3,1.4418647060590193,0.7449396115750128,-0.6634091538785428,0.9173999999999999,1,0.9173999999999999,6.0,inf
535,4,1.4418647060590193,0.7449396115750128,-0.6634091538785428,0.9173999999999999,1,0.9173999999999999,6.0,inf
535,5,1.4418647060590193,0.7449396115750128,-0.6634091538785428,0.9173999999999999,1,0.9173999999999999,6.0,inf
536,0,-0.14262048787461615,2.4359937009841306,0.7450987637776163,0.7653,1,0.7653,6.0,inf
536,1,-0.14262048787461615,2.4359937009841306,0.7450987637776163,0.7653,1,0.7653,6.0,inf
536,2,-0.14262048787461615,2.4359937009841306,0.7450987637776163,0.7653,1,0.7653,6.0,inf
536,3,-0.14262048787461615,2.4359937009841306,0.7450987637776163,0.7653,1,0.7653,6.0,inf
536,4,-0.14262048787461615,2.4359937009841306,0.7450987637776163,0.7653,1,0.7653,6.0,inf
536,5,-0.14262048787461615,2.4359937009841306,0.7450987637776163,0.7653,1,0.7653,6.0,inf
537,0,-0.4873335730033794,-2.201904270963263,0.7171591100749123,1.4316,1,1.4316,6.0,inf
537,1,-0.4873335730033794,-2.201904270963263,0.7171591100749123,1.4316,1,1.4316,6.0,inf
537,2,-0.4873335730033794,-2.201904270963263,0.7171591100749123,1.4316,1,1.4316,6.0,inf
537,3,-0.4873335730033794,-2.201904270963263,0.7171591100749123,1.4316,1,1.4316,6.0,inf
537,4,-0.4873335730033794,-2.201904270963263,0.7171591100749123,1.4316,1,1.4316,6.0,inf
537,5,-0.4873335730033794,-2.201904270963263,0.7171591100749123,1.4316,1,1.4316,6.0,inf
538,0,-0.49171560118256935,1.3696261825791842,-0.0816460273857683,0.1566,1,0.1566,6.0,inf
538,1,-0.49171560118256935,1.3696261825791842,-0.0816460273857683,0.1566,1,0.1566,6.0,inf
538,2,-0.49171560118256935,1.3696261825791842,-0.0816460273857683,0.1566,1,0.1566,6.0,inf
538,3,-0.49171560118256935,1.3696261825791842,-0.0816460273857683,0.1566,1,0.1566,6.0,inf
538,4,-0.49171560118256935,1.3696261825791842,-0.0816460273857683,0.1566,1,0.1566,6.0,inf
538,5,-0.49171560118256935,1.3696261825791842,-0.0816460273857683,0.1566,1,0.1566,6.0,inf
539,0,-2.1402435198097587,0.6086512421438897,-1.842978108663455,6.0,0,8.0001,6.0,inf
539,1,-2.1402435198097587,0.6086512421438897,-1.842978108663455,6.0,0,8.0001,6.0,inf
539,2,-2.1402435198097587,0.6086512421438897,-1.842978108663455,6.0,0,8.0001,6.0,inf
539,3,-2.1402435198097587,0.6086512421438897,-1.842978108663455,6.0,0,8.0001,6.0,inf
539,4,-2.1402435198097587,0.6086512421438897,-1.842978108663455,6.0,0,8.0001,6.0,inf
539,5,-2.1402435198097587,0.6086512421438897,-1.842978108663455,6.0,0,8.0001,6.0,inf
540,0,2.1033467428946007,-0.5236319354176008,-0.010521559669431817,2.0507999999999997,1,2.0507999999999997,6.0,inf
540,1,2.1033467428946007,-0.5236319354176008,-0.010521559669431817,2.0507999999999997,1,2.0507999999999997,6.0,inf
540,2,2.1033467428946007,-0.5236319354176008,-0.010521559669431817,2.0507999999999997,1,2.0507999999999997,6.0,inf
540,3,2.1033467428946007,-0.5236319354176008,-0.010521559669431817,2.0507999999999997,1,2.0507999999999997,6.0,inf
540,4,2.1033467428946007,-0.5236319354176008,-0.010521559669431817,2.0507999999999997,1,2.0507999999999997,6.0,inf
540,5,2.1033467428946007,-0.5236319354176008,-0.010521559669431817,2.0507999999999997,1,2.0507999999999997,6.0,inf
541,0,-0.40534220963556383,1.8364968566225857,-0.562558694016773,1.3431,1,1.3431,6.0,inf
541,1,-0.40534220963556383,1.8364968566225857,-0.562558694016773,1.3431,1,1.3431,6.0,inf
541,2,-0.40534220963556383,1.8364968566225857,-0.562558694016773,1.3431,1,1.3431,6.0,inf
541,3,-0.40534220963556383,1.8364968566225857,-0.562558694016773,1.3431,1,1.3431,6.0,inf
541,4,-0.40534220963556383,1.8364968566225857,-0.562558694016773,1.3431,1,1.3431,6.0,inf
541,5,-0.40534220963556383,1.8364968566225857,-0.562558694016773,1.3431,1,1.3431,6.0,inf
542,0,-0.9501075436290845,0.6294458628961633,0.06250038440108224,6.0,0,7.910099999999999,6.0,inf
542,1,-0.9501075436290845,0.6294458628961633,0.06250038440108224,6.0,0,7.910099999999999,6.0,inf
542,2,-0.9501075436290845,0.6294458628961633,0.06250038440108224,6.0,0,7.910099999999999,6.0,inf
542,3,-0.9501075436290845,0.6294458628961633,0.06250038440108224,6.0,0,7.910099999999999,6.0,inf
542,4,-0.9501075436290845,0.6294458628961633,0.06250038440108224,6.0,0,7.910099999999999,6.0,inf
542,5,-0.9501075436290845,0.6294458628961633,0.06250038440108224,6.0,0,7.910099999999999,6.0,inf
543,0,-0.21857223803764936,-0.12978341617599495,0.8722371240565125,1.797,1,1.797,6.0,inf
543,1,-0.21857223803764936,-0.12978341617599495,0.8722371240565125,1.797,1,1.797,6.0,inf
543,2,-0.21857223803764936,-0.12978341617599495,0.8722371240565125,1.797,1,1.797,6.0,inf
543,3,-0.21857223803764936,-0.12978341617599495,0.8722371240565125,1.797,1,1.797,6.0,inf
543,4,-0.21857223803764936,-0.12978341617599495,0.8722371240565125,1.797,1,1.797,6.0,inf
543,5,-0.21857223803764936,-0.12978341617599495,0.8722371240565125,1.797,1,1.797,6.0,inf
544,0,0.22510887622542225,-0.2789165964161938,0.5646104722284059,2.1662999999999997,1,2.1662999999999997,6.0,inf
544,1,0.22510887622542225,-0.2789165964161938,0.5646104722284059,2.1662999999999997,1,2.1662999999999997,6.0,inf
544,2,0.22510887622542225,-0.2789165964161938,0.5646104722284059,2.1662999999999997,1,2.1662999999999997,6.0,inf
544,3,0.22510887622542225,-0.2789165964161938,0.5646104722284059,2.1662999999999997,1,2.1662999999999997,6.0,inf
544,4,0.22510887622542225,-0.2789165964161938,0.5646104722284059,2.1662999999999997,1,2.1662999999999997,6.0,inf
544,5,0.22510887622542225,-0.2789165964161938,0.5646104722284059,2.1662999999999997,1,2.1662999999999997,6.0,inf
545,0,-1.0591755438751551,-2.3702514639814822,0.9054322030613013,6.0,0,8.0001,6.0,inf
545,1,-1.0591755438751551,-2.3702514639814822,0.9054322030613013,6.0,0,8.0001,6.0,inf
545,2,-1.0591755438751551,-2.3702514639814822,0.9054322030613013,6.0,0,8.0001,6.0,inf
545,3,-1.0591755438751551,-2.3702514639814822,0.9054322030613013,6.0,0,8.0001,6.0,inf
545,4,-1.0591755438751551,-2.3702514639814822,0.9054322030613013,6.0,0,8.0001,6.0,inf
545,5,-1.0591755438751551,-2.3702514639814822,0.9054322030613013,6.0,0,8.0001,6.0,inf
546,0,-0.15309471906562463,0.9800600137702968,-0.10118525426225433,0.6708,1,0.6708,6.0,inf
546,1,-0.15309471906562463,0.9800600137702968,-0.10118525426225433,0.6708,1,0.6708,6.0,inf
546,2,-0.15309471906562463,0.9800600137702968,-0.10118525426225433,0.6708,1,0.6708,6.0,inf
546,3,-0.15309471906562463,0.9800600137702968,-0.10118525426225433,0.6708,1,0.6708,6.0,inf
546,4,-0.15309471906562463,0.9800600137702968,-0.10118525426225433,0.6708,1,0.6708,6.0,inf
546,5,-0.15309471906562463,0.9800600137702968,-0.10118525426225433,0.6708,1,0.6708,6.0,inf
547,0,0.10917886825450614,0.48176031570515293,-0.3447084211199746,3.3977999999999997,1,3.3977999999999997,6.0,inf
547,1,0.10917886825450614,0.48176031570515293,-0.3447084211199746,3.3977999999999997,1,3.3977999999999997,6.0,inf
547,2,0.10917886825450614,0.48176031570515293,-0.3447084211199746,3.3977999999999997,1,3.3977999999999997,6.0,inf
547,3,0.10917886825450614,0.48176031570515293,-0.3447084211199746,3.3977999999999997,1,3.3977999999999997,6.0,inf
547,4,0.10917886825450614,0.48176031570515293,-0.3447084211199746,3.3977999999999997,1,3.3977999999999997,6.0,inf
547,5,0.10917886825450614,0.48176031570515293,-0.3447084211199746,3.3977999999999997,1,3.3977999999999997,6.0,inf
548,0,1.9016996479661958,-1.6727381838358863,1.5600301485354215,3.0201,1,3.0201,6.0,inf
548,1,1.9016996479661958,-1.6727381838358863,1.5600301485354215,3.0201,1,3.0201,6.0,inf
548,2,1.9016996479661958,-1.6727381838358863,1.5600301485354215,3.0201,1,3.0201,6.0,inf
548,3,1.9016996479661958,-1.6727381838358863,1.5600301485354215,3.0201,1,3.0201,6.0,inf
548,4,1.9016996479661958,-1.6727381838358863,1.5600301485354215,3.0201,1,3.0201,6.0,inf
548,5,1.9016996479661958,-1.6727381838358863,1.5600301485354215,3.0201,1,3.0201,6.0,inf
549,0,0.18963614864966877,-0.9734486472492404,0.917968266807132,1.0008,1,1.0008,6.0,inf
549,1,0.18963614864966877,-0.9734486472492404,0.917968266807132,1.0008,1,1.0008,6.0,inf
549,2,0.18963614864966877,-0.9734486472492404,0.917968266807132,1.0008,1,1.0008,6.0,inf
549,3,0.18963614864966877,-0.9734486472492404,0.917968266807132,1.0008,1,1.0008,6.0,inf
549,4,0.18963614864966877,-0.9734486472492404,0.917968266807132,1.0008,1,1.0008,6.0,inf
549,5,0.18963614864966877,-0.9734486472492404,0.917968266807132,1.0008,1,1.0008,6.0,inf
550,0,0.9824439769828305,-0.56377128470295,0.7934549777581306,2.8352999999999997,1,2.8352999999999997,6.0,inf
550,1,0.9824439769828305,-0.56377128470295,0.7934549777581306,2.8352999999999997,1,2.8352999999999997,6.0,inf
550,2,0.9824439769828305,-0.56377128470295,0.7934549777581306,2.8352999999999997,1,2.8352999999999997,6.0,inf
550,3,0.9824439769828305,-0.56377128470295,0.7934549777581306,2.8352999999999997,1,2.8352999999999997,6.0,inf
550,4,0.9824439769828305,-0.56377128470295,0.7934549777581306,2.8352999999999997,1,2.8352999999999997,6.0,inf
550,5,0.9824439769828305,-0.56377128470295,0.7934549777581306,2.8352999999999997,1,2.8352999999999997,6.0,inf
551,0,0.45947001880751626,-1.9486718798499243,0.5536077242809677,6.0,0,6.367799999999999,6.0,inf
551,1,0.45947001880751626,-1.9486718798499243,0.5536077242809677,6.0,0,6.367799999999999,6.0,inf
551,2,0.45947001880751626,-1.9486718798499243,0.5536077242809677,6.0,0,6.367799999999999,6.0,inf
551,3,0.45947001880751626,-1.9486718798499243,0.5536077242809677,6.0,0,6.367799999999999,6.0,inf
551,4,0.45947001880751626,-1.9486718798499243,0.5536077242809677,6.0,0,6.367799999999999,6.0,inf
551,5,0.45947001880751626,-1.9486718798499243,0.5536077242809677,6.0,0,6.367799999999999,6.0,inf
552,0,0.9946706910309037,-0.20249832867601858,-0.4569319341592397,2.151,1,2.151,6.0,inf
552,1,0.9946706910309037,-0.20249832867601858,-0.4569319341592397,2.151,1,2.151,6.0,inf
552,2,0.9946706910309037,-0.20249832867601858,-0.4569319341592397,2.151,1,2.151,6.0,inf
552,3,0.9946706910309037,-0.20249832867601858,-0.4569319341592397,2.151,1,2.151,6.0,inf
552,4,0.9946706910309037,-0.20249832867601858,-0.4569319341592397,2.151,1,2.151,6.0,inf
552,5,0.9946706910309037,-0.20249832867601858,-0.4569319341592397,2.151,1,2.151,6.0,inf
553,0,1.2967117458616524,1.3943339642799588,0.31829226183046416,0.5907,1,0.5907,6.0,inf
553,1,1.2967117458616524,1.3943339642799588,0.31829226183046416,0.5907,1,0.5907,6.0,inf
553,2,1.2967117458616524,1.3943339642799588,0.31829226183046416,0.5907,1,0.5907,6.0,inf
553,3,1.2967117458616524,1.3943339642799588,0.31829226183046416,0.5907,1,0.5907,6.0,inf
553,4,1.2967117458616524,1.3943339642799588,0.31829226183046416,0.5907,1,0.5907,6.0,inf
553,5,1.2967117458616524,1.3943339642799588,0.31829226183046416,0.5907,1,0.5907,6.0,inf
554,0,0.994806861768038,-1.2248232732400752,0.015189296006506618,2.6891999999999996,1,2.6891999999999996,6.0,inf
554,1,0.994806861768038,-1.2248232732400752,0.015189296006506618,2.6891999999999996,1,2.6891999999999996,6.0,inf
554,2,0.994806861768038,-1.2248232732400752,0.015189296006506618,2.6891999999999996,1,2.6891999999999996,6.0,inf
554,3,0.994806861768038,-1.2248232732400752,0.015189296006506618,2.6891999999999996,1,2.6891999999999996,6.0,inf
554,4,0.994806861768038,-1.2248232732400752,0.015189296006506618,2.6891999999999996,1,2.6891999999999996,6.0,inf
554,5,0.994806861768038,-1.2248232732400752,0.015189296006506618,2.6891999999999996,1,2.6891999999999996,6.0,inf
555,0,0.601576640834464,0.22533706208774548,-1.2066665831518373,6.0,0,8.0001,6.0,inf
555,1,0.601576640834464,0.22533706208774548,-1.2066665831518373,6.0,0,8.0001,6.0,inf
555,2,0.601576640834464,0.22533706208774548,-1.2066665831518373,6.0,0,8.0001,6.0,inf
555,3,0.601576640834464,0.22533706208774548,-1.2066665831518373,6.0,0,8.0001,6.0,inf
555,4,0.601576640834464,0.22533706208774548,-1.2066665831518373,6.0,0,8.0001,6.0,inf
555,5,0.601576640834464,0.22533706208774548,-1.2066665831518373,6.0,0,8.0001,6.0,inf
556,0,-0.2621139045110272,0.9181914738250362,-2.1432219525456455,4.012499999999999,1,4.012499999999999,6.0,inf
556,1,-0.2621139045110272,0.9181914738250362,-2.1432219525456455,4.012499999999999,1,4.012499999999999,6.0,inf
556,2,-0.2621139045110272,0.9181914738250362,-2.1432219525456455,4.012499999999999,1,4.012499999999999,6.0,inf
556,3,-0.2621139045110272,0.9181914738250362,-2.1432219525456455,4.012499999999999,1,4.012499999999999,6.0,inf
556,4,-0.2621139045110272,0.9181914738250362,-2.1432219525456455,4.012499999999999,1,4.012499999999999,6.0,inf
556,5,-0.2621139045110272,0.9181914738250362,-2.1432219525456455,4.012499999999999,1,4.012499999999999,6.0,inf
557,0,-0.5021254694839157,0.5369935627518948,-0.4193024336968866,2.5311,1,2.5311,6.0,inf
557,1,-0.5021254694839157,0.5369935627518948,-0.4193024336968866,2.5311,1,2.5311,6.0,inf
557,2,-0.5021254694839157,0.5369935627518948,-0.4193024336968866,2.5311,1,2.5311,6.0,inf
557,3,-0.5021254694839157,0.5369935627518948,-0.4193024336968866,2.5311,1,2.5311,6.0,inf
557,4,-0.5021254694839157,0.5369935627518948,-0.4193024336968866,2.5311,1,2.5311,6.0,inf
557,5,-0.5021254694839157,0.5369935627518948,-0.4193024336968866,2.5311,1,2.5311,6.0,inf
558,0,-0.01432721024487188,0.5606320329575443,-1.2754500119871282,2.7887999999999997,1,2.7887999999999997,6.0,inf
558,1,-0.01432721024487188,0.5606320329575443,-1.2754500119871282,2.7887999999999997,1,2.7887999999999997,6.0,inf
558,2,-0.01432721024487188,0.5606320329575443,-1.2754500119871282,2.7887999999999997,1,2.7887999999999997,6.0,inf
558,3,-0.01432721024487188,0.5606320329575443,-1.2754500119871282,2.7887999999999997,1,2.7887999999999997,6.0,inf
558,4,-0.01432721024487188,0.5606320329575443,-1.2754500119871282,2.7887999999999997,1,2.7887999999999997,6.0,inf
558,5,-0.01432721024487188,0.5606320329575443,-1.2754500119871282,2.7887999999999997,1,2.7887999999999997,6.0,inf
559,0,0.8105390816264817,1.0462862184711739,-0.06414994227260533,2.2070999999999996,1,2.2070999999999996,6.0,inf
559,1,0.8105390816264817,1.0462862184711739,-0.06414994227260533,2.2070999999999996,1,2.2070999999999996,6.0,inf
559,2,0.8105390816264817,1.0462862184711739,-0.06414994227260533,2.2070999999999996,1,2.2070999999999996,6.0,inf
559,3,0.8105390816264817,1.0462862184711739,-0.06414994227260533,2.2070999999999996,1,2.2070999999999996,6.0,inf
559,4,0.8105390816264817,1.0462862184711739,-0.06414994227260533,2.2070999999999996,1,2.2070999999999996,6.0,inf
559,5,0.8105390816264817,1.0462862184711739,-0.06414994227260533,2.2070999999999996,1,2.2070999999999996,6.0,inf
560,0,-0.15790951539461232,1.7802737466682046,1.009595826991966,1.3931999999999998,1,1.3931999999999998,6.0,inf
560,1,-0.15790951539461232,1.7802737466682046,1.009595826991966,1.3931999999999998,1,1.3931999999999998,6.0,inf
560,2,-0.15790951539461232,1.7802737466682046,1.009595826991966,1.3931999999999998,1,1.3931999999999998,6.0,inf
560,3,-0.15790951539461232,1.7802737466682046,1.009595826991966,1.3931999999999998,1,1.3931999999999998,6.0,inf
560,4,-0.15790951539461232,1.7802737466682046,1.009595826991966,1.3931999999999998,1,1.3931999999999998,6.0,inf
560,5,-0.15790951539461232,1.7802737466682046,1.009595826991966,1.3931999999999998,1,1.3931999999999998,6.0,inf
561,0,0.33672965617862866,0.6118810419505718,-1.5614943810769175,1.7202,1,1.7202,6.0,inf
561,1,0.33672965617862866,0.6118810419505718,-1.5614943810769175,1.7202,1,1.7202,6.0,inf
561,2,0.33672965617862866,0.6118810419505718,-1.5614943810769175,1.7202,1,1.7202,6.0,inf
561,3,0.33672965617862866,0.6118810419505718,-1.5614943810769175,1.7202,1,1.7202,6.0,inf
561,4,0.33672965617862866,0.6118810419505718,-1.5614943810769175,1.7202,1,1.7202,6.0,inf
561,5,0.33672965617862866,0.6118810419505718,-1.5614943810769175,1.7202,1,1.7202,6.0,inf
562,0,0.7141292020735878,0.5435598308187943,1.5246814413889012,1.8644999999999998,1,1.8644999999999998,6.0,inf
562,1,0.7141292020735878,0.5435598308187943,1.5246814413889012,1.8644999999999998,1,1.8644999999999998,6.0,inf
562,2,0.7141292020735878,0.5435598308187943,1.5246814413889012,1.8644999999999998,1,1.8644999999999998,6.0,inf
562,3,0.7141292020735878,0.5435598308187943,1.5246814413889012,1.8644999999999998,1,1.8644999999999998,6.0,inf
562,4,0.7141292020735878,0.5435598308187943,1.5246814413889012,1.8644999999999998,1,1.8644999999999998,6.0,inf
562,5,0.7141292020735878,0.5435598308187943,1.5246814413889012,1.8644999999999998,1,1.8644999999999998,6.0,inf
563,0,-1.9002191034230222,-0.40792490426038097,0.7235729673161175,6.0,0,8.0001,6.0,inf
563,1,-1.9002191034230222,-0.40792490426038097,0.7235729673161175,6.0,0,8.0001,6.0,inf
563,2,-1.9002191034230222,-0.40792490426038097,0.7235729673161175,6.0,0,8.0001,6.0,inf
563,3,-1.9002191034230222,-0.40792490426038097,0.7235729673161175,6.0,0,8.0001,6.0,inf
563,4,-1.9002191034230222,-0.40792490426038097,0.7235729673161175,6.0,0,8.0001,6.0,inf
563,5,-1.9002191034230222,-0.40792490426038097,0.7235729673161175,6.0,0,8.0001,6.0,inf
564,0,-0.5151062248711955,-0.20567796224281365,-1.132513186627412,4.1004,1,4.1004,6.0,inf
564,1,-0.5151062248711955,-0.20567796224281365,-1.132513186627412,4.1004,1,4.1004,6.0,inf
564,2,-0.5151062248711955,-0.20567796224281365,-1.132513186627412,4.1004,1,4.1004,6.0,inf
564,3,-0.5151062248711955,-0.20567796224281365,-1.132513186627412,4.1004,1,4.1004,6.0,inf
564,4,-0.5151062248711955,-0.20567796224281365,-1.132513186627412,4.1004,1,4.1004,6.0,inf
564,5,-0.5151062248711955,-0.20567796224281365,-1.132513186627412,4.1004,1,4.1004,6.0,inf
565,0,0.8838003246372436,-2.396106853497033,-0.3234913509294003,5.9829,1,5.9829,6.0,inf
565,1,0.8838003246372436,-2.396106853497033,-0.3234913509294003,5.9829,1,5.9829,6.0,inf
565,2,0.8838003246372436,-2.396106853497033,-0.3234913509294003,5.9829,1,5.9829,6.0,inf
565,3,0.8838003246372436,-2.396106853497033,-0.3234913509294003,5.9829,1,5.9829,6.0,inf
565,4,0.8838003246372436,-2.396106853497033,-0.3234913509294003,5.9829,1,5.9829,6.0,inf
565,5,0.8838003246372436,-2.396106853497033,-0.3234913509294003,5.9829,1,5.9829,6.0,inf
566,0,1.4042063264715074,0.6069775765850708,1.0977888676282028,1.1825999999999999,1,1.1825999999999999,6.0,inf
566,1,1.4042063264715074,0.6069775765850708,1.0977888676282028,1.1825999999999999,1,1.1825999999999999,6.0,inf
566,2,1.4042063264715074,0.6069775765850708,1.0977888676282028,1.1825999999999999,1,1.1825999999999999,6.0,inf
566,3,1.4042063264715074,0.6069775765850708,1.0977888676282028,1.1825999999999999,1,1.1825999999999999,6.0,inf
566,4,1.4042063264715074,0.6069775765850708,1.0977888676282028,1.1825999999999999,1,1.1825999999999999,6.0,inf
566,5,1.4042063264715074,0.6069775765850708,1.0977888676282028,1.1825999999999999,1,1.1825999999999999,6.0,inf
567,0,-0.8463511170021341,-1.5106771523377274,-1.6094222514929828,6.0,0,8.0001,6.0,inf
567,1,-0.8463511170021341,-1.5106771523377274,-1.6094222514929828,6.0,0,8.0001,6.0,inf
567,2,-0.8463511170021341,-1.5106771523377274,-1.6094222514929828,6.0,0,8.0001,6.0,inf
567,3,-0.8463511170021341,-1.5106771523377274,-1.6094222514929828,6.0,0,8.0001,6.0,inf
567,4,-0.8463511170021341,-1.5106771523377274,-1.6094222514929828,6.0,0,8.0001,6.0,inf
567,5,-0.8463511170021341,-1.5106771523377274,-1.6094222514929828,6.0,0,8.0001,6.0,inf
568,0,-0.7249957440995489,-0.11803687385790633,1.500082616767025,3.0957,1,3.0957,6.0,inf
568,1,-0.7249957440995489,-0.11803687385790633,1.500082616767025,3.0957,1,3.0957,6.0,inf
568,2,-0.7249957440995489,-0.11803687385790633,1.500082616767025,3.0957,1,3.0957,6.0,inf
568,3,-0.7249957440995489,-0.11803687385790633,1.500082616767025,3.0957,1,3.0957,6.0,inf
568,4,-0.7249957440995489,-0.11803687385790633,1.500082616767025,3.0957,1,3.0957,6.0,inf
568,5,-0.7249957440995489,-0.11803687385790633,1.500082616767025,3.0957,1,3.0957,6.0,inf
569,0,-1.44441460352619,-0.16886464099092127,0.08766310813161592,1.1786999999999999,1,1.1786999999999999,6.0,inf
569,1,-1.44441460352619,-0.16886464099092127,0.08766310813161592,1.1786999999999999,1,1.1786999999999999,6.0,inf
569,2,-1.44441460352619,-0.16886464099092127,0.08766310813161592,1.1786999999999999,1,1.1786999999999999,6.0,inf
569,3,-1.44441460352619,-0.16886464099092127,0.08766310813161592,1.1786999999999999,1,1.1786999999999999,6.0,inf
569,4,-1.44441460352619,-0.16886464099092127,0.08766310813161592,1.1786999999999999,1,1.1786999999999999,6.0,inf
569,5,-1.44441460352619,-0.16886464099092127,0.08766310813161592,1.1786999999999999,1,1.1786999999999999,6.0,inf
570,0,1.0786843594402398,-1.0650575355554666,-0.25447745986752335,2.2481999999999998,1,2.2481999999999998,6.0,inf
570,1,1.0786843594402398,-1.0650575355554666,-0.25447745986752335,2.2481999999999998,1,2.2481999999999998,6.0,inf
570,2,1.0786843594402398,-1.0650575355554666,-0.25447745986752335,2.2481999999999998,1,2.2481999999999998,6.0,inf
570,3,1.0786843594402398,-1.0650575355554666,-0.25447745986752335,2.2481999999999998,1,2.2481999999999998,6.0,inf
570,4,1.0786843594402398,-1.0650575355554666,-0.25447745986752335,2.2481999999999998,1,2.2481999999999998,6.0,inf
570,5,1.0786843594402398,-1.0650575355554666,-0.25447745986752335,2.2481999999999998,1,2.2481999999999998,6.0,inf
571,0,0.443595115862015,0.1036274392045282,-0.22490484686937212,2.7897,1,2.7897,6.0,inf
571,1,0.443595115862015,0.1036274392045282,-0.22490484686937212,2.7897,1,2.7897,6.0,inf
571,2,0.443595115862015,0.1036274392045282,-0.22490484686937212,2.7897,1,2.7897,6.0,inf
571,3,0.443595115862015,0.1036274392045282,-0.22490484686937212,2.7897,1,2.7897,6.0,inf
571,4,0.443595115862015,0.1036274392045282,-0.22490484686937212,2.7897,1,2.7897,6.0,inf
571,5,0.443595115862015,0.1036274392045282,-0.22490484686937212,2.7897,1,2.7897,6.0,inf
572,0,-0.07453642431093249,0.5600167772028442,0.09343636599440398,2.0288999999999997,1,2.0288999999999997,6.0,inf
572,1,-0.07453642431093249,0.5600167772028442,0.09343636599440398,2.0288999999999997,1,2.0288999999999997,6.0,inf
572,2,-0.07453642431093249,0.5600167772028442,0.09343636599440398,2.0288999999999997,1,2.0288999999999997,6.0,inf
572,3,-0.07453642431093249,0.5600167772028442,0.09343636599440398,2.0288999999999997,1,2.0288999999999997,6.0,inf
572,4,-0.07453642431093249,0.5600167772028442,0.09343636599440398,2.0288999999999997,1,2.0288999999999997,6.0,inf
572,5,-0.07453642431093249,0.5600167772028442,0.09343636599440398,2.0288999999999997,1,2.0288999999999997,6.0,inf
573,0,0.34895119289347204,1.2648244048090163,-0.15745713594418095,1.5383999999999998,1,1.5383999999999998,6.0,inf
573,1,0.34895119289347204,1.2648244048090163,-0.15745713594418095,1.5383999999999998,1,1.5383999999999998,6.0,inf
573,2,0.34895119289347204,1.2648244048090163,-0.15745713594418095,1.5383999999999998,1,1.5383999999999998,6.0,inf
573,3,0.34895119289347204,1.2648244048090163,-0.15745713594418095,1.5383999999999998,1,1.5383999999999998,6.0,inf
573,4,0.34895119289347204,1.2648244048090163,-0.15745713594418095,1.5383999999999998,1,1.5383999999999998,6.0,inf
573,5,0.34895119289347204,1.2648244048090163,-0.15745713594418095,1.5383999999999998,1,1.5383999999999998,6.0,inf
574,0,-0.8735878465930473,0.7083834185031399,1.8640846483270799,1.5369,1,1.5369,6.0,inf
574,1,-0.8735878465930473,0.7083834185031399,1.8640846483270799,1.5369,1,1.5369,6.0,inf
574,2,-0.8735878465930473,0.7083834185031399,1.8640846483270799,1.5369,1,1.5369,6.0,inf
574,3,-0.8735878465930473,0.7083834185031399,1.8640846483270799,1.5369,1,1.5369,6.0,inf
574,4,-0.8735878465930473,0.7083834185031399,1.8640846483270799,1.5369,1,1.5369,6.0,inf
574,5,-0.8735878465930473,0.7083834185031399,1.8640846483270799,1.5369,1,1.5369,6.0,inf
575,0,-1.5761280503354813,-0.5800350002995358,-0.9117713473371408,1.4706,1,1.4706,6.0,inf
575,1,-1.5761280503354813,-0.5800350002995358,-0.9117713473371408,1.4706,1,1.4706,6.0,inf
575,2,-1.5761280503354813,-0.5800350002995358,-0.9117713473371408,1.4706,1,1.4706,6.0,inf
575,3,-1.5761280503354813,-0.5800350002995358,-0.9117713473371408,1.4706,1,1.4706,6.0,inf
575,4,-1.5761280503354813,-0.5800350002995358,-0.9117713473371408,1.4706,1,1.4706,6.0,inf
575,5,-1.5761280503354813,-0.5800350002995358,-0.9117713473371408,1.4706,1,1.4706,6.0,inf
576,0,0.17532767407910077,0.034709972932838395,-1.046905944760285,4.2402,1,4.2402,6.0,inf
576,1,0.17532767407910077,0.034709972932838395,-1.046905944760285,4.2402,1,4.2402,6.0,inf
576,2,0.17532767407910077,0.034709972932838395,-1.046905944760285,4.2402,1,4.2402,6.0,inf
576,3,0.17532767407910077,0.034709972932838395,-1.046905944760285,4.2402,1,4.2402,6.0,inf
576,4,0.17532767407910077,0.034709972932838395,-1.046905944760285,4.2402,1,4.2402,6.0,inf
576,5,0.17532767407910077,0.034709972932838395,-1.046905944760285,4.2402,1,4.2402,6.0,inf
577,0,0.2748732557671644,0.31877237141917497,-0.33192031440760006,3.7211999999999996,1,3.7211999999999996,6.0,inf
577,1,0.2748732557671644,0.31877237141917497,-0.33192031440760006,3.7211999999999996,1,3.7211999999999996,6.0,inf
577,2,0.2748732557671644,0.31877237141917497,-0.33192031440760006,3.7211999999999996,1,3.7211999999999996,6.0,inf
577,3,0.2748732557671644,0.31877237141917497,-0.33192031440760006,3.7211999999999996,1,3.7211999999999996,6.0,inf
577,4,0.2748732557671644,0.31877237141917497,-0.33192031440760006,3.7211999999999996,1,3.7211999999999996,6.0,inf
577,5,0.2748732557671644,0.31877237141917497,-0.33192031440760006,3.7211999999999996,1,3.7211999999999996,6.0,inf
578,0,-0.13629054962854603,-0.12330535107851481,-1.0343334188178437,3.4227,1,3.4227,6.0,inf
578,1,-0.13629054962854603,-0.12330535107851481,-1.0343334188178437,3.4227,1,3.4227,6.0,inf
578,2,-0.13629054962854603,-0.12330535107851481,-1.0343334188178437,3.4227,1,3.4227,6.0,inf
578,3,-0.13629054962854603,-0.12330535107851481,-1.0343334188178437,3.4227,1,3.4227,6.0,inf
578,4,-0.13629054962854603,-0.12330535107851481,-1.0343334188178437,3.4227,1,3.4227,6.0,inf
578,5,-0.13629054962854603,-0.12330535107851481,-1.0343334188178437,3.4227,1,3.4227,6.0,inf
579,0,-0.28952140011748956,0.5210191621188422,0.7372336574197155,1.6419,1,1.6419,6.0,inf
579,1,-0.28952140011748956,0.5210191621188422,0.7372336574197155,1.6419,1,1.6419,6.0,inf
579,2,-0.28952140011748956,0.5210191621188422,0.7372336574197155,1.6419,1,1.6419,6.0,inf
579,3,-0.28952140011748956,0.5210191621188422,0.7372336574197155,1.6419,1,1.6419,6.0,inf
579,4,-0.28952140011748956,0.5210191621188422,0.7372336574197155,1.6419,1,1.6419,6.0,inf
579,5,-0.28952140011748956,0.5210191621188422,0.7372336574197155,1.6419,1,1.6419,6.0,inf
580,0,1.3634530763836479,1.2088830999798186,1.3831459722189432,0.7806,1,0.7806,6.0,inf
580,1,1.3634530763836479,1.2088830999798186,1.3831459722189432,0.7806,1,0.7806,6.0,inf
580,2,1.3634530763836479,1.2088830999798186,1.3831459722189432,0.7806,1,0.7806,6.0,inf
580,3,1.3634530763836479,1.2088830999798186,1.3831459722189432,0.7806,1,0.7806,6.0,inf
580,4,1.3634530763836479,1.2088830999798186,1.3831459722189432,0.7806,1,0.7806,6.0,inf
580,5,1.3634530763836479,1.2088830999798186,1.3831459722189432,0.7806,1,0.7806,6.0,inf
581,0,-0.5615254731120892,-0.3573224372267819,2.2473745823173594,1.2455999999999998,1,1.2455999999999998,6.0,inf
581,1,-0.5615254731120892,-0.3573224372267819,2.2473745823173594,1.2455999999999998,1,1.2455999999999998,6.0,inf
581,2,-0.5615254731120892,-0.3573224372267819,2.2473745823173594,1.2455999999999998,1,1.2455999999999998,6.0,inf
581,3,-0.5615254731120892,-0.3573224372267819,2.2473745823173594,1.2455999999999998,1,1.2455999999999998,6.0,inf
581,4,-0.5615254731120892,-0.3573224372267819,2.2473745823173594,1.2455999999999998,1,1.2455999999999998,6.0,inf
581,5,-0.5615254731120892,-0.3573224372267819,2.2473745823173594,1.2455999999999998,1,1.2455999999999998,6.0,inf
582,0,-1.7201213900088148,-1.8252841432292823,0.03019679970491092,3.7568999999999995,1,3.7568999999999995,6.0,inf
582,1,-1.7201213900088148,-1.8252841432292823,0.03019679970491092,3.7568999999999995,1,3.7568999999999995,6.0,inf
582,2,-1.7201213900088148,-1.8252841432292823,0.03019679970491092,3.7568999999999995,1,3.7568999999999995,6.0,inf
582,3,-1.7201213900088148,-1.8252841432292823,0.03019679970491092,3.7568999999999995,1,3.7568999999999995,6.0,inf
582,4,-1.7201213900088148,-1.8252841432292823,0.03019679970491092,3.7568999999999995,1,3.7568999999999995,6.0,inf
582,5,-1.7201213900088148,-1.8252841432292823,0.03019679970491092,3.7568999999999995,1,3.7568999999999995,6.0,inf
583,0,0.21342940939126462,0.891029212310471,-0.11238872473824227,5.475599999999999,1,5.475599999999999,6.0,inf
583,1,0.21342940939126462,0.891029212310471,-0.11238872473824227,5.475599999999999,1,5.475599999999999,6.0,inf
583,2,0.21342940939126462,0.891029212310471,-0.11238872473824227,5.475599999999999,1,5.475599999999999,6.0,inf
583,3,0.21342940939126462,0.891029212310471,-0.11238872473824227,5.475599999999999,1,5.475599999999999,6.0,inf
583,4,0.21342940939126462,0.891029212310471,-0.11238872473824227,5.475599999999999,1,5.475599999999999,6.0,inf
583,5,0.21342940939126462,0.891029212310471,-0.11238872473824227,5.475599999999999,1,5.475599999999999,6.0,inf
584,0,-0.5892040329163144,-2.022706533507314,0.2127418980098247,6.0,0,6.944399999999999,6.0,inf
584,1,-0.5892040329163144,-2.022706533507314,0.2127418980098247,6.0,0,6.944399999999999,6.0,inf
584,2,-0.5892040329163144,-2.022706533507314,0.2127418980098247,6.0,0,6.944399999999999,6.0,inf
584,3,-0.5892040329163144,-2.022706533507314,0.2127418980098247,6.0,0,6.944399999999999,6.0,inf
584,4,-0.5892040329163144,-2.022706533507314,0.2127418980098247,6.0,0,6.944399999999999,6.0,inf
584,5,-0.5892040329163144,-2.022706533507314,0.2127418980098247,6.0,0,6.944399999999999,6.0,inf
585,0,0.2529253907842991,0.5745380485403014,2.745759261132532,1.0242,1,1.0242,6.0,inf
585,1,0.2529253907842991,0.5745380485403014,2.745759261132532,1.0242,1,1.0242,6.0,inf
585,2,0.2529253907842991,0.5745380485403014,2.745759261132532,1.0242,1,1.0242,6.0,inf
585,3,0.2529253907842991,0.5745380485403014,2.745759261132532,1.0242,1,1.0242,6.0,inf
585,4,0.2529253907842991,0.5745380485403014,2.745759261132532,1.0242,1,1.0242,6.0,inf
585,5,0.2529253907842991,0.5745380485403014,2.745759261132532,1.0242,1,1.0242,6.0,inf
586,0,-0.5383727917284451,-0.6743512622773874,0.2640681926872785,1.9553999999999998,1,1.9553999999999998,6.0,inf
586,1,-0.5383727917284451,-0.6743512622773874,0.2640681926872785,1.9553999999999998,1,1.9553999999999998,6.0,inf
586,2,-0.5383727917284451,-0.6743512622773874,0.2640681926872785,1.9553999999999998,1,1.9553999999999998,6.0,inf
586,3,-0.5383727917284451,-0.6743512622773874,0.2640681926872785,1.9553999999999998,1,1.9553999999999998,6.0,inf
586,4,-0.5383727917284451,-0.6743512622773874,0.2640681926872785,1.9553999999999998,1,1.9553999999999998,6.0,inf
586,5,-0.5383727917284451,-0.6743512622773874,0.2640681926872785,1.9553999999999998,1,1.9553999999999998,6.0,inf
587,0,0.06789696022935142,-1.2974513144931177,-1.3086234943311528,6.0,0,8.0001,6.0,inf
587,1,0.06789696022935142,-1.2974513144931177,-1.3086234943311528,6.0,0,8.0001,6.0,inf
587,2,0.06789696022935142,-1.2974513144931177,-1.3086234943311528,6.0,0,8.0001,6.0,inf
587,3,0.06789696022935142,-1.2974513144931177,-1.3086234943311528,6.0,0,8.0001,6.0,inf
587,4,0.06789696022935142,-1.2974513144931177,-1.3086234943311528,6.0,0,8.0001,6.0,inf
587,5,0.06789696022935142,-1.2974513144931177,-1.3086234943311528,6.0,0,8.0001,6.0,inf
588,0,0.2767241550449038,-2.0835377775686883,0.1472018311006566,3.3389999999999995,1,3.3389999999999995,6.0,inf
588,1,0.2767241550449038,-2.0835377775686883,0.1472018311006566,3.3389999999999995,1,3.3389999999999995,6.0,inf
588,2,0.2767241550449038,-2.0835377775686883,0.1472018311006566,3.3389999999999995,1,3.3389999999999995,6.0,inf
588,3,0.2767241550449038,-2.0835377775686883,0.1472018311006566,3.3389999999999995,1,3.3389999999999995,6.0,inf
588,4,0.2767241550449038,-2.0835377775686883,0.1472018311006566,3.3389999999999995,1,3.3389999999999995,6.0,inf
588,5,0.2767241550449038,-2.0835377775686883,0.1472018311006566,3.3389999999999995,1,3.3389999999999995,6.0,inf
589,0,1.1876663946502408,-0.32515298862251496,-0.6123168916038371,4.2984,1,4.2984,6.0,inf
589,1,1.1876663946502408,-0.32515298862251496,-0.6123168916038371,4.2984,1,4.2984,6.0,inf
589,2,1.1876663946502408,-0.32515298862251496,-0.6123168916038371,4.2984,1,4.2984,6.0,inf
589,3,1.1876663946502408,-0.32515298862251496,-0.6123168916038371,4.2984,1,4.2984,6.0,inf
589,4,1.1876663946502408,-0.32515298862251496,-0.6123168916038371,4.2984,1,4.2984,6.0,inf
589,5,1.1876663946502408,-0.32515298862251496,-0.6123168916038371,4.2984,1,4.2984,6.0,inf
590,0,-0.7782264273302673,0.10216703055633004,-0.9129409393376271,6.0,0,8.0001,6.0,inf
590,1,-0.7782264273302673,0.10216703055633004,-0.9129409393376271,6.0,0,8.0001,6.0,inf
590,2,-0.7782264273302673,0.10216703055633004,-0.9129409393376271,6.0,0,8.0001,6.0,inf
590,3,-0.7782264273302673,0.10216703055633004,-0.9129409393376271,6.0,0,8.0001,6.0,inf
590,4,-0.7782264273302673,0.10216703055633004,-0.9129409393376271,6.0,0,8.0001,6.0,inf
590,5,-0.7782264273302673,0.10216703055633004,-0.9129409393376271,6.0,0,8.0001,6.0,inf
591,0,-1.525486804274734,0.5327922476819471,0.2242303952522066,0.8780999999999999,1,0.8780999999999999,6.0,inf
591,1,-1.525486804274734,0.5327922476819471,0.2242303952522066,0.8780999999999999,1,0.8780999999999999,6.0,inf
591,2,-1.525486804274734,0.5327922476819471,0.2242303952522066,0.8780999999999999,1,0.8780999999999999,6.0,inf
591,3,-1.525486804274734,0.5327922476819471,0.2242303952522066,0.8780999999999999,1,0.8780999999999999,6.0,inf
591,4,-1.525486804274734,0.5327922476819471,0.2242303952522066,0.8780999999999999,1,0.8780999999999999,6.0,inf
591,5,-1.525486804274734,0.5327922476819471,0.2242303952522066,0.8780999999999999,1,0.8780999999999999,6.0,inf
592,0,0.13801218900930734,-0.05650527254988732,-0.3777179639967555,2.1485999999999996,1,2.1485999999999996,6.0,inf
592,1,0.13801218900930734,-0.05650527254988732,-0.3777179639967555,2.1485999999999996,1,2.1485999999999996,6.0,inf
592,2,0.13801218900930734,-0.05650527254988732,-0.3777179639967555,2.1485999999999996,1,2.1485999999999996,6.0,inf
592,3,0.13801218900930734,-0.05650527254988732,-0.3777179639967555,2.1485999999999996,1,2.1485999999999996,6.0,inf
592,4,0.13801218900930734,-0.05650527254988732,-0.3777179639967555,2.1485999999999996,1,2.1485999999999996,6.0,inf
592,5,0.13801218900930734,-0.05650527254988732,-0.3777179639967555,2.1485999999999996,1,2.1485999999999996,6.0,inf
593,0,-1.4334218879726068,0.6064485513616596,-1.6069414001254259,6.0,0,8.0001,6.0,inf
593,1,-1.4334218879726068,0.6064485513616596,-1.6069414001254259,6.0,0,8.0001,6.0,inf
593,2,-1.4334218879726068,0.6064485513616596,-1.6069414001254259,6.0,0,8.0001,6.0,inf
593,3,-1.4334218879726068,0.6064485513616596,-1.6069414001254259,6.0,0,8.0001,6.0,inf
593,4,-1.4334218879726068,0.6064485513616596,-1.6069414001254259,6.0,0,8.0001,6.0,inf
593,5,-1.4334218879726068,0.6064485513616596,-1.6069414001254259,6.0,0,8.0001,6.0,inf
594,0,1.667399039920173,1.3121427383531465,-0.7799981319119914,3.3434999999999997,1,3.3434999999999997,6.0,inf
594,1,1.667399039920173,1.3121427383531465,-0.7799981319119914,3.3434999999999997,1,3.3434999999999997,6.0,inf
594,2,1.667399039920173,1.3121427383531465,-0.7799981319119914,3.3434999999999997,1,3.3434999999999997,6.0,inf
594,3,1.667399039920173,1.3121427383531465,-0.7799981319119914,3.3434999999999997,1,3.3434999999999997,6.0,inf
594,4,1.667399039920173,1.3121427383531465,-0.7799981319119914,3.3434999999999997,1,3.3434999999999997,6.0,inf
594,5,1.667399039920173,1.3121427383531465,-0.7799981319119914,3.3434999999999997,1,3.3434999999999997,6.0,inf
595,0,-0.3423348720732425,0.15343156103870212,1.7478856828062144,1.0334999999999999,1,1.0334999999999999,6.0,inf
595,1,-0.3423348720732425,0.15343156103870212,1.7478856828062144,1.0334999999999999,1,1.0334999999999999,6.0,inf
595,2,-0.3423348720732425,0.15343156103870212,1.7478856828062144,1.0334999999999999,1,1.0334999999999999,6.0,inf
595,3,-0.3423348720732425,0.15343156103870212,1.7478856828062144,1.0334999999999999,1,1.0334999999999999,6.0,inf
595,4,-0.3423348720732425,0.15343156103870212,1.7478856828062144,1.0334999999999999,1,1.0334999999999999,6.0,inf
595,5,-0.3423348720732425,0.15343156103870212,1.7478856828062144,1.0334999999999999,1,1.0334999999999999,6.0,inf
596,0,1.482893773742252,0.23701953732514275,-1.3214297843781881,2.6481,1,2.6481,6.0,inf
596,1,1.482893773742252,0.23701953732514275,-1.3214297843781881,2.6481,1,2.6481,6.0,inf
596,2,1.482893773742252,0.23701953732514275,-1.3214297843781881,2.6481,1,2.6481,6.0,inf
596,3,1.482893773742252,0.23701953732514275,-1.3214297843781881,2.6481,1,2.6481,6.0,inf
596,4,1.482893773742252,0.23701953732514275,-1.3214297843781881,2.6481,1,2.6481,6.0,inf
596,5,1.482893773742252,0.23701953732514275,-1.3214297843781881,2.6481,1,2.6481,6.0,inf
597,0,-0.4401747690965873,1.2179607543130804,0.8947508485765091,0.7484999999999999,1,0.7484999999999999,6.0,inf
597,1,-0.4401747690965873,1.2179607543130804,0.8947508485765091,0.7484999999999999,1,0.7484999999999999,6.0,inf
597,2,-0.4401747690965873,1.2179607543130804,0.8947508485765091,0.7484999999999999,1,0.7484999999999999,6.0,inf
597,3,-0.4401747690965873,1.2179607543130804,0.8947508485765091,0.7484999999999999,1,0.7484999999999999,6.0,inf
597,4,-0.4401747690965873,1.2179607543130804,0.8947508485765091,0.7484999999999999,1,0.7484999999999999,6.0,inf
597,5,-0.4401747690965873,1.2179607543130804,0.8947508485765091,0.7484999999999999,1,0.7484999999999999,6.0,inf
598,0,0.01832990192100363,-0.47944760304612294,2.1657164303935845,2.3276999999999997,1,2.3276999999999997,6.0,inf
598,1,0.01832990192100363,-0.47944760304612294,2.1657164303935845,2.3276999999999997,1,2.3276999999999997,6.0,inf
598,2,0.01832990192100363,-0.47944760304612294,2.1657164303935845,2.3276999999999997,1,2.3276999999999997,6.0,inf
598,3,0.01832990192100363,-0.47944760304612294,2.1657164303935845,2.3276999999999997,1,2.3276999999999997,6.0,inf
598,4,0.01832990192100363,-0.47944760304612294,2.1657164303935845,2.3276999999999997,1,2.3276999999999997,6.0,inf
598,5,0.01832990192100363,-0.47944760304612294,2.1657164303935845,2.3276999999999997,1,2.3276999999999997,6.0,inf
599,0,-1.110639168710049,2.3650665344553436,0.44196473076554676,1.8710999999999998,1,1.8710999999999998,6.0,inf
599,1,-1.110639168710049,2.3650665344553436,0.44196473076554676,1.8710999999999998,1,1.8710999999999998,6.0,inf
599,2,-1.110639168710049,2.3650665344553436,0.44196473076554676,1.8710999999999998,1,1.8710999999999998,6.0,inf
599,3,-1.110639168710049,2.3650665344553436,0.44196473076554676,1.8710999999999998,1,1.8710999999999998,6.0,inf
599,4,-1.110639168710049,2.3650665344553436,0.44196473076554676,1.8710999999999998,1,1.8710999999999998,6.0,inf
599,5,-1.110639168710049,2.3650665344553436,0.44196473076554676,1.8710999999999998,1,1.8710999999999998,6.0,inf
600,0,-0.03294133890217426,-0.38343015205847575,1.1663385353353866,1.1823,1,1.1823,6.0,inf
600,1,-0.03294133890217426,-0.38343015205847575,1.1663385353353866,1.1823,1,1.1823,6.0,inf
600,2,-0.03294133890217426,-0.38343015205847575,1.1663385353353866,1.1823,1,1.1823,6.0,inf
600,3,-0.03294133890217426,-0.38343015205847575,1.1663385353353866,1.1823,1,1.1823,6.0,inf
600,4,-0.03294133890217426,-0.38343015205847575,1.1663385353353866,1.1823,1,1.1823,6.0,inf
600,5,-0.03294133890217426,-0.38343015205847575,1.1663385353353866,1.1823,1,1.1823,6.0,inf
601,0,0.4515180233273205,-1.7482600655195704,0.6374132773849408,2.0412,1,2.0412,6.0,inf
601,1,0.4515180233273205,-1.7482600655195704,0.6374132773849408,2.0412,1,2.0412,6.0,inf
601,2,0.4515180233273205,-1.7482600655195704,0.6374132773849408,2.0412,1,2.0412,6.0,inf
601,3,0.4515180233273205,-1.7482600655195704,0.6374132773849408,2.0412,1,2.0412,6.0,inf
601,4,0.4515180233273205,-1.7482600655195704,0.6374132773849408,2.0412,1,2.0412,6.0,inf
601,5,0.4515180233273205,-1.7482600655195704,0.6374132773849408,2.0412,1,2.0412,6.0,inf
602,0,-1.2417112737119929,0.12945393158398413,0.1965445690894966,5.3739,1,5.3739,6.0,inf
602,1,-1.2417112737119929,0.12945393158398413,0.1965445690894966,5.3739,1,5.3739,6.0,inf
602,2,-1.2417112737119929,0.12945393158398413,0.1965445690894966,5.3739,1,5.3739,6.0,inf
602,3,-1.2417112737119929,0.12945393158398413,0.1965445690894966,5.3739,1,5.3739,6.0,inf
602,4,-1.2417112737119929,0.12945393158398413,0.1965445690894966,5.3739,1,5.3739,6.0,inf
602,5,-1.2417112737119929,0.12945393158398413,0.1965445690894966,5.3739,1,5.3739,6.0,inf
603,0,-1.8394368317033243,-0.02845628856210829,1.0958112425127227,4.270499999999999,1,4.270499999999999,6.0,inf
603,1,-1.8394368317033243,-0.02845628856210829,1.0958112425127227,4.270499999999999,1,4.270499999999999,6.0,inf
603,2,-1.8394368317033243,-0.02845628856210829,1.0958112425127227,4.270499999999999,1,4.270499999999999,6.0,inf
603,3,-1.8394368317033243,-0.02845628856210829,1.0958112425127227,4.270499999999999,1,4.270499999999999,6.0,inf
603,4,-1.8394368317033243,-0.02845628856210829,1.0958112425127227,4.270499999999999,1,4.270499999999999,6.0,inf
603,5,-1.8394368317033243,-0.02845628856210829,1.0958112425127227,4.270499999999999,1,4.270499999999999,6.0,inf
604,0,-0.21868482377315202,-0.574156453543328,1.0615803374327668,2.7948,1,2.7948,6.0,inf
604,1,-0.21868482377315202,-0.574156453543328,1.0615803374327668,2.7948,1,2.7948,6.0,inf
604,2,-0.21868482377315202,-0.574156453543328,1.0615803374327668,2.7948,1,2.7948,6.0,inf
604,3,-0.21868482377315202,-0.574156453543328,1.0615803374327668,2.7948,1,2.7948,6.0,inf
604,4,-0.21868482377315202,-0.574156453543328,1.0615803374327668,2.7948,1,2.7948,6.0,inf
604,5,-0.21868482377315202,-0.574156453543328,1.0615803374327668,2.7948,1,2.7948,6.0,inf
605,0,-0.9782168572669916,-0.032710826976582515,0.32248909135449466,5.475,1,5.475,6.0,inf
605,1,-0.9782168572669916,-0.032710826976582515,0.32248909135449466,5.475,1,5.475,6.0,inf
605,2,-0.9782168572669916,-0.032710826976582515,0.32248909135449466,5.475,1,5.475,6.0,inf
605,3,-0.9782168572669916,-0.032710826976582515,0.32248909135449466,5.475,1,5.475,6.0,inf
605,4,-0.9782168572669916,-0.032710826976582515,0.32248909135449466,5.475,1,5.475,6.0,inf
605,5,-0.9782168572669916,-0.032710826976582515,0.32248909135449466,5.475,1,5.475,6.0,inf
606,0,1.0188032583537383,-0.4665126543995527,1.59417791227052,2.0481,1,2.0481,6.0,inf
606,1,1.0188032583537383,-0.4665126543995527,1.59417791227052,2.0481,1,2.0481,6.0,inf
606,2,1.0188032583537383,-0.4665126543995527,1.59417791227052,2.0481,1,2.0481,6.0,inf
606,3,1.0188032583537383,-0.4665126543995527,1.59417791227052,2.0481,1,2.0481,6.0,inf
606,4,1.0188032583537383,-0.4665126543995527,1.59417791227052,2.0481,1,2.0481,6.0,inf
606,5,1.0188032583537383,-0.4665126543995527,1.59417791227052,2.0481,1,2.0481,6.0,inf
607,0,-1.1701633906134998,-1.3754892655088005,-1.1575153662408548,6.0,0,8.0001,6.0,inf
607,1,-1.1701633906134998,-1.3754892655088005,-1.1575153662408548,6.0,0,8.0001,6.0,inf
607,2,-1.1701633906134998,-1.3754892655088005,-1.1575153662408548,6.0,0,8.0001,6.0,inf
607,3,-1.1701633906134998,-1.3754892655088005,-1.1575153662408548,6.0,0,8.0001,6.0,inf
607,4,-1.1701633906134998,-1.3754892655088005,-1.1575153662408548,6.0,0,8.0001,6.0,inf
607,5,-1.1701633906134998,-1.3754892655088005,-1.1575153662408548,6.0,0,8.0001,6.0,inf
608,0,0.3804343919201724,-0.5011812453635349,0.3793226289599821,2.3468999999999998,1,2.3468999999999998,6.0,inf
608,1,0.3804343919201724,-0.5011812453635349,0.3793226289599821,2.3468999999999998,1,2.3468999999999998,6.0,inf
608,2,0.3804343919201724,-0.5011812453635349,0.3793226289599821,2.3468999999999998,1,2.3468999999999998,6.0,inf
608,3,0.3804343919201724,-0.5011812453635349,0.3793226289599821,2.3468999999999998,1,2.3468999999999998,6.0,inf
608,4,0.3804343919201724,-0.5011812453635349,0.3793226289599821,2.3468999999999998,1,2.3468999999999998,6.0,inf
608,5,0.3804343919201724,-0.5011812453635349,0.3793226289599821,2.3468999999999998,1,2.3468999999999998,6.0,inf
609,0,-0.5456696654346185,0.24985855172217925,0.6107195216664584,1.0269,1,1.0269,6.0,inf
609,1,-0.5456696654346185,0.24985855172217925,0.6107195216664584,1.0269,1,1.0269,6.0,inf
609,2,-0.5456696654346185,0.24985855172217925,0.6107195216664584,1.0269,1,1.0269,6.0,inf
609,3,-0.5456696654346185,0.24985855172217925,0.6107195216664584,1.0269,1,1.0269,6.0,inf
609,4,-0.5456696654346185,0.24985855172217925,0.6107195216664584,1.0269,1,1.0269,6.0,inf
609,5,-0.5456696654346185,0.24985855172217925,0.6107195216664584,1.0269,1,1.0269,6.0,inf
610,0,0.10517343790320526,0.02530890584306729,0.8459860755188712,2.8061999999999996,1,2.8061999999999996,6.0,inf
610,1,0.10517343790320526,0.02530890584306729,0.8459860755188712,2.8061999999999996,1,2.8061999999999996,6.0,inf
610,2,0.10517343790320526,0.02530890584306729,0.8459860755188712,2.8061999999999996,1,2.8061999999999996,6.0,inf
610,3,0.10517343790320526,0.02530890584306729,0.8459860755188712,2.8061999999999996,1,2.8061999999999996,6.0,inf
610,4,0.10517343790320526,0.02530890584306729,0.8459860755188712,2.8061999999999996,1,2.8061999999999996,6.0,inf
610,5,0.10517343790320526,0.02530890584306729,0.8459860755188712,2.8061999999999996,1,2.8061999999999996,6.0,inf
611,0,0.694194469742944,0.9927945182249792,2.0562939154963518,0.46709999999999996,1,0.46709999999999996,6.0,inf
611,1,0.694194469742944,0.9927945182249792,2.0562939154963518,0.46709999999999996,1,0.46709999999999996,6.0,inf
611,2,0.694194469742944,0.9927945182249792,2.0562939154963518,0.46709999999999996,1,0.46709999999999996,6.0,inf
611,3,0.694194469742944,0.9927945182249792,2.0562939154963518,0.46709999999999996,1,0.46709999999999996,6.0,inf
611,4,0.694194469742944,0.9927945182249792,2.0562939154963518,0.46709999999999996,1,0.46709999999999996,6.0,inf
611,5,0.694194469742944,0.9927945182249792,2.0562939154963518,0.46709999999999996,1,0.46709999999999996,6.0,inf
612,0,-1.0909676481672432,0.9950419036486274,-0.4598608829821618,6.0,0,6.733499999999999,6.0,inf
612,1,-1.0909676481672432,0.9950419036486274,-0.4598608829821618,6.0,0,6.733499999999999,6.0,inf
612,2,-1.0909676481672432,0.9950419036486274,-0.4598608829821618,6.0,0,6.733499999999999,6.0,inf
612,3,-1.0909676481672432,0.9950419036486274,-0.4598608829821618,6.0,0,6.733499999999999,6.0,inf
612,4,-1.0909676481672432,0.9950419036486274,-0.4598608829821618,6.0,0,6.733499999999999,6.0,inf
612,5,-1.0909676481672432,0.9950419036486274,-0.4598608829821618,6.0,0,6.733499999999999,6.0,inf
613,0,-0.2775156335726844,-0.6829957816727641,-1.7451039157437294,6.0,0,8.0001,6.0,inf
613,1,-0.2775156335726844,-0.6829957816727641,-1.7451039157437294,6.0,0,8.0001,6.0,inf
613,2,-0.2775156335726844,-0.6829957816727641,-1.7451039157437294,6.0,0,8.0001,6.0,inf
613,3,-0.2775156335726844,-0.6829957816727641,-1.7451039157437294,6.0,0,8.0001,6.0,inf
613,4,-0.2775156335726844,-0.6829957816727641,-1.7451039157437294,6.0,0,8.0001,6.0,inf
613,5,-0.2775156335726844,-0.6829957816727641,-1.7451039157437294,6.0,0,8.0001,6.0,inf
614,0,1.321479063436294,-0.10922964466389105,-0.5978949512214636,2.5542,1,2.5542,6.0,inf
614,1,1.321479063436294,-0.10922964466389105,-0.5978949512214636,2.5542,1,2.5542,6.0,inf
614,2,1.321479063436294,-0.10922964466389105,-0.5978949512214636,2.5542,1,2.5542,6.0,inf
614,3,1.321479063436294,-0.10922964466389105,-0.5978949512214636,2.5542,1,2.5542,6.0,inf
614,4,1.321479063436294,-0.10922964466389105,-0.5978949512214636,2.5542,1,2.5542,6.0,inf
614,5,1.321479063436294,-0.10922964466389105,-0.5978949512214636,2.5542,1,2.5542,6.0,inf
615,0,-0.7148110106874033,1.8602137621918469,-0.301667874656891,3.6170999999999998,1,3.6170999999999998,6.0,inf
615,1,-0.7148110106874033,1.8602137621918469,-0.301667874656891,3.6170999999999998,1,3.6170999999999998,6.0,inf
615,2,-0.7148110106874033,1.8602137621918469,-0.301667874656891,3.6170999999999998,1,3.6170999999999998,6.0,inf
615,3,-0.7148110106874033,1.8602137621918469,-0.301667874656891,3.6170999999999998,1,3.6170999999999998,6.0,inf
615,4,-0.7148110106874033,1.8602137621918469,-0.301667874656891,3.6170999999999998,1,3.6170999999999998,6.0,inf
615,5,-0.7148110106874033,1.8602137621918469,-0.301667874656891,3.6170999999999998,1,3.6170999999999998,6.0,inf
616,0,-0.9155495545395683,1.056375661967154,0.7643136889319924,6.0,0,6.410699999999999,6.0,inf
616,1,-0.9155495545395683,1.056375661967154,0.7643136889319924,6.0,0,6.410699999999999,6.0,inf
616,2,-0.9155495545395683,1.056375661967154,0.7643136889319924,6.0,0,6.410699999999999,6.0,inf
616,3,-0.9155495545395683,1.056375661967154,0.7643136889319924,6.0,0,6.410699999999999,6.0,inf
616,4,-0.9155495545395683,1.056375661967154,0.7643136889319924,6.0,0,6.410699999999999,6.0,inf
616,5,-0.9155495545395683,1.056375661967154,0.7643136889319924,6.0,0,6.410699999999999,6.0,inf
617,0,0.819430227315254,0.7075138144022874,-0.8239665413169492,2.1696,1,2.1696,6.0,inf
617,1,0.819430227315254,0.7075138144022874,-0.8239665413169492,2.1696,1,2.1696,6.0,inf
617,2,0.819430227315254,0.7075138144022874,-0.8239665413169492,2.1696,1,2.1696,6.0,inf
617,3,0.819430227315254,0.7075138144022874,-0.8239665413169492,2.1696,1,2.1696,6.0,inf
617,4,0.819430227315254,0.7075138144022874,-0.8239665413169492,2.1696,1,2.1696,6.0,inf
617,5,0.819430227315254,0.7075138144022874,-0.8239665413169492,2.1696,1,2.1696,6.0,inf
618,0,1.0761336857219759,-0.5714079824376549,-0.3657343357357041,2.9642999999999997,1,2.9642999999999997,6.0,inf
618,1,1.0761336857219759,-0.5714079824376549,-0.3657343357357041,2.9642999999999997,1,2.9642999999999997,6.0,inf
618,2,1.0761336857219759,-0.5714079824376549,-0.3657343357357041,2.9642999999999997,1,2.9642999999999997,6.0,inf
618,3,1.0761336857219759,-0.5714079824376549,-0.3657343357357041,2.9642999999999997,1,2.9642999999999997,6.0,inf
618,4,1.0761336857219759,-0.5714079824376549,-0.3657343357357041,2.9642999999999997,1,2.9642999999999997,6.0,inf
618,5,1.0761336857219759,-0.5714079824376549,-0.3657343357357041,2.9642999999999997,1,2.9642999999999997,6.0,inf
619,0,0.9575503873936448,-2.154956550300126,-1.3193932675318205,5.6853,1,5.6853,6.0,inf
619,1,0.9575503873936448,-2.154956550300126,-1.3193932675318205,5.6853,1,5.6853,6.0,inf
619,2,0.9575503873936448,-2.154956550300126,-1.3193932675318205,5.6853,1,5.6853,6.0,inf
619,3,0.9575503873936448,-2.154956550300126,-1.3193932675318205,5.6853,1,5.6853,6.0,inf
619,4,0.9575503873936448,-2.154956550300126,-1.3193932675318205,5.6853,1,5.6853,6.0,inf
619,5,0.9575503873936448,-2.154956550300126,-1.3193932675318205,5.6853,1,5.6853,6.0,inf
620,0,-0.9331961406731787,-0.8656274955405224,-0.25102042655620843,6.0,0,8.0001,6.0,inf
620,1,-0.9331961406731787,-0.8656274955405224,-0.25102042655620843,6.0,0,8.0001,6.0,inf
620,2,-0.9331961406731787,-0.8656274955405224,-0.25102042655620843,6.0,0,8.0001,6.0,inf
620,3,-0.9331961406731787,-0.8656274955405224,-0.25102042655620843,6.0,0,8.0001,6.0,inf
620,4,-0.9331961406731787,-0.8656274955405224,-0.25102042655620843,6.0,0,8.0001,6.0,inf
620,5,-0.9331961406731787,-0.8656274955405224,-0.25102042655620843,6.0,0,8.0001,6.0,inf
621,0,-1.7884792570230796,-0.7478495571660931,1.1757942106286265,6.0,0,6.452399999999999,6.0,inf
621,1,-1.7884792570230796,-0.7478495571660931,1.1757942106286265,6.0,0,6.452399999999999,6.0,inf
621,2,-1.7884792570230796,-0.7478495571660931,1.1757942106286265,6.0,0,6.452399999999999,6.0,inf
621,3,-1.7884792570230796,-0.7478495571660931,1.1757942106286265,6.0,0,6.452399999999999,6.0,inf
621,4,-1.7884792570230796,-0.7478495571660931,1.1757942106286265,6.0,0,6.452399999999999,6.0,inf
621,5,-1.7884792570230796,-0.7478495571660931,1.1757942106286265,6.0,0,6.452399999999999,6.0,inf
622,0,0.8417871975117625,-1.7763022488559346,-1.6612831843517812,0.42179999999999995,1,0.42179999999999995,6.0,inf
622,1,0.8417871975117625,-1.7763022488559346,-1.6612831843517812,0.42179999999999995,1,0.42179999999999995,6.0,inf
622,2,0.8417871975117625,-1.7763022488559346,-1.6612831843517812,0.42179999999999995,1,0.42179999999999995,6.0,inf
622,3,0.8417871975117625,-1.7763022488559346,-1.6612831843517812,0.42179999999999995,1,0.42179999999999995,6.0,inf
622,4,0.8417871975117625,-1.7763022488559346,-1.6612831843517812,0.42179999999999995,1,0.42179999999999995,6.0,inf
622,5,0.8417871975117625,-1.7763022488559346,-1.6612831843517812,0.42179999999999995,1,0.42179999999999995,6.0,inf
623,0,0.19325233822956153,0.6385694304905197,1.2993282305883076,2.3337,1,2.3337,6.0,inf
623,1,0.19325233822956153,0.6385694304905197,1.2993282305883076,2.3337,1,2.3337,6.0,inf
623,2,0.19325233822956153,0.6385694304905197,1.2993282305883076,2.3337,1,2.3337,6.0,inf
623,3,0.19325233822956153,0.6385694304905197,1.2993282305883076,2.3337,1,2.3337,6.0,inf
623,4,0.19325233822956153,0.6385694304905197,1.2993282305883076,2.3337,1,2.3337,6.0,inf
623,5,0.19325233822956153,0.6385694304905197,1.2993282305883076,2.3337,1,2.3337,6.0,inf
624,0,-0.026572641025766102,1.5299153826728744,-0.8035937413392934,2.4875999999999996,1,2.4875999999999996,6.0,inf
624,1,-0.026572641025766102,1.5299153826728744,-0.8035937413392934,2.4875999999999996,1,2.4875999999999996,6.0,inf
624,2,-0.026572641025766102,1.5299153826728744,-0.8035937413392934,2.4875999999999996,1,2.4875999999999996,6.0,inf
624,3,-0.026572641025766102,1.5299153826728744,-0.8035937413392934,2.4875999999999996,1,2.4875999999999996,6.0,inf
624,4,-0.026572641025766102,1.5299153826728744,-0.8035937413392934,2.4875999999999996,1,2.4875999999999996,6.0,inf
624,5,-0.026572641025766102,1.5299153826728744,-0.8035937413392934,2.4875999999999996,1,2.4875999999999996,6.0,inf
625,0,0.5269444160967334,-0.2311668493767829,-0.24196737750922712,4.4346,1,4.4346,6.0,inf
625,1,0.5269444160967334,-0.2311668493767829,-0.24196737750922712,4.4346,1,4.4346,6.0,inf
625,2,0.5269444160967334,-0.2311668493767829,-0.24196737750922712,4.4346,1,4.4346,6.0,inf
625,3,0.5269444160967334,-0.2311668493767829,-0.24196737750922712,4.4346,1,4.4346,6.0,inf
625,4,0.5269444160967334,-0.2311668493767829,-0.24196737750922712,4.4346,1,4.4346,6.0,inf
625,5,0.5269444160967334,-0.2311668493767829,-0.24196737750922712,4.4346,1,4.4346,6.0,inf
626,0,0.4629123516254541,-0.38582931980092344,-0.9243261252098136,4.1052,1,4.1052,6.0,inf
626,1,0.4629123516254541,-0.38582931980092344,-0.9243261252098136,4.1052,1,4.1052,6.0,inf
626,2,0.4629123516254541,-0.38582931980092344,-0.9243261252098136,4.1052,1,4.1052,6.0,inf
626,3,0.4629123516254541,-0.38582931980092344,-0.9243261252098136,4.1052,1,4.1052,6.0,inf
626,4,0.4629123516254541,-0.38582931980092344,-0.9243261252098136,4.1052,1,4.1052,6.0,inf
626,5,0.4629123516254541,-0.38582931980092344,-0.9243261252098136,4.1052,1,4.1052,6.0,inf
627,0,0.4541039426990093,0.32783501090987627,1.4091739196309578,1.8299999999999998,1,1.8299999999999998,6.0,inf
627,1,0.4541039426990093,0.32783501090987627,1.4091739196309578,1.8299999999999998,1,1.8299999999999998,6.0,inf
627,2,0.4541039426990093,0.32783501090987627,1.4091739196309578,1.8299999999999998,1,1.8299999999999998,6.0,inf
627,3,0.4541039426990093,0.32783501090987627,1.4091739196309578,1.8299999999999998,1,1.8299999999999998,6.0,inf
627,4,0.4541039426990093,0.32783501090987627,1.4091739196309578,1.8299999999999998,1,1.8299999999999998,6.0,inf
627,5,0.4541039426990093,0.32783501090987627,1.4091739196309578,1.8299999999999998,1,1.8299999999999998,6.0,inf
628,0,0.42164089363126195,1.2135257701327726,0.9615296984424764,0.2874,1,0.2874,6.0,inf
628,1,0.42164089363126195,1.2135257701327726,0.9615296984424764,0.2874,1,0.2874,6.0,inf
628,2,0.42164089363126195,1.2135257701327726,0.9615296984424764,0.2874,1,0.2874,6.0,inf
628,3,0.42164089363126195,1.2135257701327726,0.9615296984424764,0.2874,1,0.2874,6.0,inf
628,4,0.42164089363126195,1.2135257701327726,0.9615296984424764,0.2874,1,0.2874,6.0,inf
628,5,0.42164089363126195,1.2135257701327726,0.9615296984424764,0.2874,1,0.2874,6.0,inf
629,0,0.5665860898005867,1.589870836793416,0.07983621270592697,1.5182999999999998,1,1.5182999999999998,6.0,inf
629,1,0.5665860898005867,1.589870836793416,0.07983621270592697,1.5182999999999998,1,1.5182999999999998,6.0,inf
629,2,0.5665860898005867,1.589870836793416,0.07983621270592697,1.5182999999999998,1,1.5182999999999998,6.0,inf
629,3,0.5665860898005867,1.589870836793416,0.07983621270592697,1.5182999999999998,1,1.5182999999999998,6.0,inf
629,4,0.5665860898005867,1.589870836793416,0.07983621270592697,1.5182999999999998,1,1.5182999999999998,6.0,inf
629,5,0.5665860898005867,1.589870836793416,0.07983621270592697,1.5182999999999998,1,1.5182999999999998,6.0,inf
630,0,0.24054850615372397,1.594798676833135,0.6629068325614494,0.1281,1,0.1281,6.0,inf
630,1,0.24054850615372397,1.594798676833135,0.6629068325614494,0.1281,1,0.1281,6.0,inf
630,2,0.24054850615372397,1.594798676833135,0.6629068325614494,0.1281,1,0.1281,6.0,inf
630,3,0.24054850615372397,1.594798676833135,0.6629068325614494,0.1281,1,0.1281,6.0,inf
630,4,0.24054850615372397,1.594798676833135,0.6629068325614494,0.1281,1,0.1281,6.0,inf
630,5,0.24054850615372397,1.594798676833135,0.6629068325614494,0.1281,1,0.1281,6.0,inf
631,0,0.5000996909458636,-1.114716239815149,-0.04245505142502133,6.0,0,6.156599999999999,6.0,inf
631,1,0.5000996909458636,-1.114716239815149,-0.04245505142502133,6.0,0,6.156599999999999,6.0,inf
631,2,0.5000996909458636,-1.114716239815149,-0.04245505142502133,6.0,0,6.156599999999999,6.0,inf
631,3,0.5000996909458636,-1.114716239815149,-0.04245505142502133,6.0,0,6.156599999999999,6.0,inf
631,4,0.5000996909458636,-1.114716239815149,-0.04245505142502133,6.0,0,6.156599999999999,6.0,inf
631,5,0.5000996909458636,-1.114716239815149,-0.04245505142502133,6.0,0,6.156599999999999,6.0,inf
632,0,-1.439274525225862,-0.06674471261183955,0.5505423178246284,6.0,0,6.510599999999999,6.0,inf
632,1,-1.439274525225862,-0.06674471261183955,0.5505423178246284,6.0,0,6.510599999999999,6.0,inf
632,2,-1.439274525225862,-0.06674471261183955,0.5505423178246284,6.0,0,6.510599999999999,6.0,inf
632,3,-1.439274525225862,-0.06674471261183955,0.5505423178246284,6.0,0,6.510599999999999,6.0,inf
632,4,-1.439274525225862,-0.06674471261183955,0.5505423178246284,6.0,0,6.510599999999999,6.0,inf
632,5,-1.439274525225862,-0.06674471261183955,0.5505423178246284,6.0,0,6.510599999999999,6.0,inf
633,0,0.9099512983108652,-0.11279526278291971,-0.02766506167898143,0.6347999999999999,1,0.6347999999999999,6.0,inf
633,1,0.9099512983108652,-0.11279526278291971,-0.02766506167898143,0.6347999999999999,1,0.6347999999999999,6.0,inf
633,2,0.9099512983108652,-0.11279526278291971,-0.02766506167898143,0.6347999999999999,1,0.6347999999999999,6.0,inf
633,3,0.9099512983108652,-0.11279526278291971,-0.02766506167898143,0.6347999999999999,1,0.6347999999999999,6.0,inf
633,4,0.9099512983108652,-0.11279526278291971,-0.02766506167898143,0.6347999999999999,1,0.6347999999999999,6.0,inf
633,5,0.9099512983108652,-0.11279526278291971,-0.02766506167898143,0.6347999999999999,1,0.6347999999999999,6.0,inf
634,0,0.16489590932241685,-0.1373377090497649,0.11286880891618141,0.14309999999999998,1,0.14309999999999998,6.0,inf
634,1,0.16489590932241685,-0.1373377090497649,0.11286880891618141,0.14309999999999998,1,0.14309999999999998,6.0,inf
634,2,0.16489590932241685,-0.1373377090497649,0.11286880891618141,0.14309999999999998,1,0.14309999999999998,6.0,inf
634,3,0.16489590932241685,-0.1373377090497649,0.11286880891618141,0.14309999999999998,1,0.14309999999999998,6.0,inf
634,4,0.16489590932241685,-0.1373377090497649,0.11286880891618141,0.14309999999999998,1,0.14309999999999998,6.0,inf
634,5,0.16489590932241685,-0.1373377090497649,0.11286880891618141,0.14309999999999998,1,0.14309999999999998,6.0,inf
635,0,0.6820845294438017,-0.9116584988853539,-0.40205333059063403,5.3724,1,5.3724,6.0,inf
635,1,0.6820845294438017,-0.9116584988853539,-0.40205333059063403,5.3724,1,5.3724,6.0,inf
635,2,0.6820845294438017,-0.9116584988853539,-0.40205333059063403,5.3724,1,5.3724,6.0,inf
635,3,0.6820845294438017,-0.9116584988853539,-0.40205333059063403,5.3724,1,5.3724,6.0,inf
635,4,0.6820845294438017,-0.9116584988853539,-0.40205333059063403,5.3724,1,5.3724,6.0,inf
635,5,0.6820845294438017,-0.9116584988853539,-0.40205333059063403,5.3724,1,5.3724,6.0,inf
636,0,-1.2697106745137914,-2.1352654300819833,1.395111799940744,5.392499999999999,1,5.392499999999999,6.0,inf
636,1,-1.2697106745137914,-2.1352654300819833,1.395111799940744,5.392499999999999,1,5.392499999999999,6.0,inf
636,2,-1.2697106745137914,-2.1352654300819833,1.395111799940744,5.392499999999999,1,5.392499999999999,6.0,inf
636,3,-1.2697106745137914,-2.1352654300819833,1.395111799940744,5.392499999999999,1,5.392499999999999,6.0,inf
636,4,-1.2697106745137914,-2.1352654300819833,1.395111799940744,5.392499999999999,1,5.392499999999999,6.0,inf
636,5,-1.2697106745137914,-2.1352654300819833,1.395111799940744,5.392499999999999,1,5.392499999999999,6.0,inf
637,0,-0.41182359459146745,1.3822205420841596,-0.11586770072855052,0.8823,1,0.8823,6.0,inf
637,1,-0.41182359459146745,1.3822205420841596,-0.11586770072855052,0.8823,1,0.8823,6.0,inf
637,2,-0.41182359459146745,1.3822205420841596,-0.11586770072855052,0.8823,1,0.8823,6.0,inf
637,3,-0.41182359459146745,1.3822205420841596,-0.11586770072855052,0.8823,1,0.8823,6.0,inf
637,4,-0.41182359459146745,1.3822205420841596,-0.11586770072855052,0.8823,1,0.8823,6.0,inf
637,5,-0.41182359459146745,1.3822205420841596,-0.11586770072855052,0.8823,1,0.8823,6.0,inf
638,0,1.4836597289196818,1.8850726620885327,1.4056693249932672,0.20249999999999999,1,0.20249999999999999,6.0,inf
638,1,1.4836597289196818,1.8850726620885327,1.4056693249932672,0.20249999999999999,1,0.20249999999999999,6.0,inf
638,2,1.4836597289196818,1.8850726620885327,1.4056693249932672,0.20249999999999999,1,0.20249999999999999,6.0,inf
638,3,1.4836597289196818,1.8850726620885327,1.4056693249932672,0.20249999999999999,1,0.20249999999999999,6.0,inf
638,4,1.4836597289196818,1.8850726620885327,1.4056693249932672,0.20249999999999999,1,0.20249999999999999,6.0,inf
638,5,1.4836597289196818,1.8850726620885327,1.4056693249932672,0.20249999999999999,1,0.20249999999999999,6.0,inf
639,0,0.5508506974136069,0.06355633803933813,-1.318915453319036,3.8432999999999997,1,3.8432999999999997,6.0,inf
639,1,0.5508506974136069,0.06355633803933813,-1.318915453319036,3.8432999999999997,1,3.8432999999999997,6.0,inf
639,2,0.5508506974136069,0.06355633803933813,-1.318915453319036,3.8432999999999997,1,3.8432999999999997,6.0,inf
639,3,0.5508506974136069,0.06355633803933813,-1.318915453319036,3.8432999999999997,1,3.8432999999999997,6.0,inf
639,4,0.5508506974136069,0.06355633803933813,-1.318915453319036,3.8432999999999997,1,3.8432999999999997,6.0,inf
639,5,0.5508506974136069,0.06355633803933813,-1.318915453319036,3.8432999999999997,1,3.8432999999999997,6.0,inf
640,0,-0.2900338945700125,-0.9441350036794887,0.743188267907885,3.8688,1,3.8688,6.0,inf
640,1,-0.2900338945700125,-0.9441350036794887,0.743188267907885,3.8688,1,3.8688,6.0,inf
640,2,-0.2900338945700125,-0.9441350036794887,0.743188267907885,3.8688,1,3.8688,6.0,inf
640,3,-0.2900338945700125,-0.9441350036794887,0.743188267907885,3.8688,1,3.8688,6.0,inf
640,4,-0.2900338945700125,-0.9441350036794887,0.743188267907885,3.8688,1,3.8688,6.0,inf
640,5,-0.2900338945700125,-0.9441350036794887,0.743188267907885,3.8688,1,3.8688,6.0,inf
641,0,0.08589929519188717,1.300765220233681,3.257154124900506,1.1384999999999998,1,1.1384999999999998,6.0,inf
641,1,0.08589929519188717,1.300765220233681,3.257154124900506,1.1384999999999998,1,1.1384999999999998,6.0,inf
641,2,0.08589929519188717,1.300765220233681,3.257154124900506,1.1384999999999998,1,1.1384999999999998,6.0,inf
641,3,0.08589929519188717,1.300765220233681,3.257154124900506,1.1384999999999998,1,1.1384999999999998,6.0,inf
641,4,0.08589929519188717,1.300765220233681,3.257154124900506,1.1384999999999998,1,1.1384999999999998,6.0,inf
641,5,0.08589929519188717,1.300765220233681,3.257154124900506,1.1384999999999998,1,1.1384999999999998,6.0,inf
642,0,1.45887187838499,1.2135852630553559,0.011302111037092201,0.16379999999999997,1,0.16379999999999997,6.0,inf
642,1,1.45887187838499,1.2135852630553559,0.011302111037092201,0.16379999999999997,1,0.16379999999999997,6.0,inf
642,2,1.45887187838499,1.2135852630553559,0.011302111037092201,0.16379999999999997,1,0.16379999999999997,6.0,inf
642,3,1.45887187838499,1.2135852630553559,0.011302111037092201,0.16379999999999997,1,0.16379999999999997,6.0,inf
642,4,1.45887187838499,1.2135852630553559,0.011302111037092201,0.16379999999999997,1,0.16379999999999997,6.0,inf
642,5,1.45887187838499,1.2135852630553559,0.011302111037092201,0.16379999999999997,1,0.16379999999999997,6.0,inf
643,0,0.33826358098161163,-0.15455634782830416,0.7499545998684611,1.7628,1,1.7628,6.0,inf
643,1,0.33826358098161163,-0.15455634782830416,0.7499545998684611,1.7628,1,1.7628,6.0,inf
643,2,0.33826358098161163,-0.15455634782830416,0.7499545998684611,1.7628,1,1.7628,6.0,inf
643,3,0.33826358098161163,-0.15455634782830416,0.7499545998684611,1.7628,1,1.7628,6.0,inf
643,4,0.33826358098161163,-0.15455634782830416,0.7499545998684611,1.7628,1,1.7628,6.0,inf
643,5,0.33826358098161163,-0.15455634782830416,0.7499545998684611,1.7628,1,1.7628,6.0,inf
644,0,1.58028857773344,0.4331189707873074,0.48892274843221,1.0961999999999998,1,1.0961999999999998,6.0,inf
644,1,1.58028857773344,0.4331189707873074,0.48892274843221,1.0961999999999998,1,1.0961999999999998,6.0,inf
644,2,1.58028857773344,0.4331189707873074,0.48892274843221,1.0961999999999998,1,1.0961999999999998,6.0,inf
644,3,1.58028857773344,0.4331189707873074,0.48892274843221,1.0961999999999998,1,1.0961999999999998,6.0,inf
644,4,1.58028857773344,0.4331189707873074,0.48892274843221,1.0961999999999998,1,1.0961999999999998,6.0,inf
644,5,1.58028857773344,0.4331189707873074,0.48892274843221,1.0961999999999998,1,1.0961999999999998,6.0,inf
645,0,1.3696765313092365,0.12962964593589596,-0.5653573061401397,0.1611,1,0.1611,6.0,inf
645,1,1.3696765313092365,0.12962964593589596,-0.5653573061401397,0.1611,1,0.1611,6.0,inf
645,2,1.3696765313092365,0.12962964593589596,-0.5653573061401397,0.1611,1,0.1611,6.0,inf
645,3,1.3696765313092365,0.12962964593589596,-0.5653573061401397,0.1611,1,0.1611,6.0,inf
645,4,1.3696765313092365,0.12962964593589596,-0.5653573061401397,0.1611,1,0.1611,6.0,inf
645,5,1.3696765313092365,0.12962964593589596,-0.5653573061401397,0.1611,1,0.1611,6.0,inf
646,0,0.4390559771897542,-0.906522122140032,-0.49366834293610895,4.8233999999999995,1,4.8233999999999995,6.0,inf
646,1,0.4390559771897542,-0.906522122140032,-0.49366834293610895,4.8233999999999995,1,4.8233999999999995,6.0,inf
646,2,0.4390559771897542,-0.906522122140032,-0.49366834293610895,4.8233999999999995,1,4.8233999999999995,6.0,inf
646,3,0.4390559771897542,-0.906522122140032,-0.49366834293610895,4.8233999999999995,1,4.8233999999999995,6.0,inf
646,4,0.4390559771897542,-0.906522122140032,-0.49366834293610895,4.8233999999999995,1,4.8233999999999995,6.0,inf
646,5,0.4390559771897542,-0.906522122140032,-0.49366834293610895,4.8233999999999995,1,4.8233999999999995,6.0,inf
647,0,0.17286602925005104,-0.5614994832861059,0.7666465103899552,2.0037,1,2.0037,6.0,inf
647,1,0.17286602925005104,-0.5614994832861059,0.7666465103899552,2.0037,1,2.0037,6.0,inf
647,2,0.17286602925005104,-0.5614994832861059,0.7666465103899552,2.0037,1,2.0037,6.0,inf
647,3,0.17286602925005104,-0.5614994832861059,0.7666465103899552,2.0037,1,2.0037,6.0,inf
647,4,0.17286602925005104,-0.5614994832861059,0.7666465103899552,2.0037,1,2.0037,6.0,inf
647,5,0.17286602925005104,-0.5614994832861059,0.7666465103899552,2.0037,1,2.0037,6.0,inf
648,0,-0.7451186711937465,-0.22473244728271283,-0.4085098186626077,6.0,0,8.0001,6.0,inf
648,1,-0.7451186711937465,-0.22473244728271283,-0.4085098186626077,6.0,0,8.0001,6.0,inf
648,2,-0.7451186711937465,-0.22473244728271283,-0.4085098186626077,6.0,0,8.0001,6.0,inf
648,3,-0.7451186711937465,-0.22473244728271283,-0.4085098186626077,6.0,0,8.0001,6.0,inf
648,4,-0.7451186711937465,-0.22473244728271283,-0.4085098186626077,6.0,0,8.0001,6.0,inf
648,5,-0.7451186711937465,-0.22473244728271283,-0.4085098186626077,6.0,0,8.0001,6.0,inf
649,0,0.16876058574292258,-0.9472496870704358,0.29019935077711506,1.4993999999999998,1,1.4993999999999998,6.0,inf
649,1,0.16876058574292258,-0.9472496870704358,0.29019935077711506,1.4993999999999998,1,1.4993999999999998,6.0,inf
649,2,0.16876058574292258,-0.9472496870704358,0.29019935077711506,1.4993999999999998,1,1.4993999999999998,6.0,inf
649,3,0.16876058574292258,-0.9472496870704358,0.29019935077711506,1.4993999999999998,1,1.4993999999999998,6.0,inf
649,4,0.16876058574292258,-0.9472496870704358,0.29019935077711506,1.4993999999999998,1,1.4993999999999998,6.0,inf
649,5,0.16876058574292258,-0.9472496870704358,0.29019935077711506,1.4993999999999998,1,1.4993999999999998,6.0,inf
650,0,0.20213917474555057,-1.2420143753997799,1.5033052567888658,2.3958,1,2.3958,6.0,inf
650,1,0.20213917474555057,-1.2420143753997799,1.5033052567888658,2.3958,1,2.3958,6.0,inf
650,2,0.20213917474555057,-1.2420143753997799,1.5033052567888658,2.3958,1,2.3958,6.0,inf
650,3,0.20213917474555057,-1.2420143753997799,1.5033052567888658,2.3958,1,2.3958,6.0,inf
650,4,0.20213917474555057,-1.2420143753997799,1.5033052567888658,2.3958,1,2.3958,6.0,inf
650,5,0.20213917474555057,-1.2420143753997799,1.5033052567888658,2.3958,1,2.3958,6.0,inf
651,0,-0.2215411616737632,0.8254261031858082,-0.10749742357950236,1.1360999999999999,1,1.1360999999999999,6.0,inf
651,1,-0.2215411616737632,0.8254261031858082,-0.10749742357950236,1.1360999999999999,1,1.1360999999999999,6.0,inf
651,2,-0.2215411616737632,0.8254261031858082,-0.10749742357950236,1.1360999999999999,1,1.1360999999999999,6.0,inf
651,3,-0.2215411616737632,0.8254261031858082,-0.10749742357950236,1.1360999999999999,1,1.1360999999999999,6.0,inf
651,4,-0.2215411616737632,0.8254261031858082,-0.10749742357950236,1.1360999999999999,1,1.1360999999999999,6.0,inf
651,5,-0.2215411616737632,0.8254261031858082,-0.10749742357950236,1.1360999999999999,1,1.1360999999999999,6.0,inf
652,0,0.18812145455070817,-0.48431113012309396,0.659346743197941,2.8526999999999996,1,2.8526999999999996,6.0,inf
652,1,0.18812145455070817,-0.48431113012309396,0.659346743197941,2.8526999999999996,1,2.8526999999999996,6.0,inf
652,2,0.18812145455070817,-0.48431113012309396,0.659346743197941,2.8526999999999996,1,2.8526999999999996,6.0,inf
652,3,0.18812145455070817,-0.48431113012309396,0.659346743197941,2.8526999999999996,1,2.8526999999999996,6.0,inf
652,4,0.18812145455070817,-0.48431113012309396,0.659346743197941,2.8526999999999996,1,2.8526999999999996,6.0,inf
652,5,0.18812145455070817,-0.48431113012309396,0.659346743197941,2.8526999999999996,1,2.8526999999999996,6.0,inf
653,0,1.4399394577358455,-0.4577895181790739,1.3864817115017256,0.8987999999999999,1,0.8987999999999999,6.0,inf
653,1,1.4399394577358455,-0.4577895181790739,1.3864817115017256,0.8987999999999999,1,0.8987999999999999,6.0,inf
653,2,1.4399394577358455,-0.4577895181790739,1.3864817115017256,0.8987999999999999,1,0.8987999999999999,6.0,inf
653,3,1.4399394577358455,-0.4577895181790739,1.3864817115017256,0.8987999999999999,1,0.8987999999999999,6.0,inf
653,4,1.4399394577358455,-0.4577895181790739,1.3864817115017256,0.8987999999999999,1,0.8987999999999999,6.0,inf
653,5,1.4399394577358455,-0.4577895181790739,1.3864817115017256,0.8987999999999999,1,0.8987999999999999,6.0,inf
654,0,-0.5818918765823288,-0.08983373626772105,-1.155767050188988,0.3999,1,0.3999,6.0,inf
654,1,-0.5818918765823288,-0.08983373626772105,-1.155767050188988,0.3999,1,0.3999,6.0,inf
654,2,-0.5818918765823288,-0.08983373626772105,-1.155767050188988,0.3999,1,0.3999,6.0,inf
654,3,-0.5818918765823288,-0.08983373626772105,-1.155767050188988,0.3999,1,0.3999,6.0,inf
654,4,-0.5818918765823288,-0.08983373626772105,-1.155767050188988,0.3999,1,0.3999,6.0,inf
654,5,-0.5818918765823288,-0.08983373626772105,-1.155767050188988,0.3999,1,0.3999,6.0,inf
655,0,0.020492826211097857,0.3894437867844832,0.36921440726903,2.8133999999999997,1,2.8133999999999997,6.0,inf
655,1,0.020492826211097857,0.3894437867844832,0.36921440726903,2.8133999999999997,1,2.8133999999999997,6.0,inf
655,2,0.020492826211097857,0.3894437867844832,0.36921440726903,2.8133999999999997,1,2.8133999999999997,6.0,inf
655,3,0.020492826211097857,0.3894437867844832,0.36921440726903,2.8133999999999997,1,2.8133999999999997,6.0,inf
655,4,0.020492826211097857,0.3894437867844832,0.36921440726903,2.8133999999999997,1,2.8133999999999997,6.0,inf
655,5,0.020492826211097857,0.3894437867844832,0.36921440726903,2.8133999999999997,1,2.8133999999999997,6.0,inf
656,0,0.4367375964459325,-0.11918554896038666,-0.3895708864236,3.0113999999999996,1,3.0113999999999996,6.0,inf
656,1,0.4367375964459325,-0.11918554896038666,-0.3895708864236,3.0113999999999996,1,3.0113999999999996,6.0,inf
656,2,0.4367375964459325,-0.11918554896038666,-0.3895708864236,3.0113999999999996,1,3.0113999999999996,6.0,inf
656,3,0.4367375964459325,-0.11918554896038666,-0.3895708864236,3.0113999999999996,1,3.0113999999999996,6.0,inf
656,4,0.4367375964459325,-0.11918554896038666,-0.3895708864236,3.0113999999999996,1,3.0113999999999996,6.0,inf
656,5,0.4367375964459325,-0.11918554896038666,-0.3895708864236,3.0113999999999996,1,3.0113999999999996,6.0,inf
657,0,-1.3217623155900184,1.3078506696397496,0.03248988709365758,4.927199999999999,1,4.927199999999999,6.0,inf
657,1,-1.3217623155900184,1.3078506696397496,0.03248988709365758,4.927199999999999,1,4.927199999999999,6.0,inf
657,2,-1.3217623155900184,1.3078506696397496,0.03248988709365758,4.927199999999999,1,4.927199999999999,6.0,inf
657,3,-1.3217623155900184,1.3078506696397496,0.03248988709365758,4.927199999999999,1,4.927199999999999,6.0,inf
657,4,-1.3217623155900184,1.3078506696397496,0.03248988709365758,4.927199999999999,1,4.927199999999999,6.0,inf
657,5,-1.3217623155900184,1.3078506696397496,0.03248988709365758,4.927199999999999,1,4.927199999999999,6.0,inf
658,0,-0.31222408988811173,-2.066252891256283,0.6788344069175053,3.1910999999999996,1,3.1910999999999996,6.0,inf
658,1,-0.31222408988811173,-2.066252891256283,0.6788344069175053,3.1910999999999996,1,3.1910999999999996,6.0,inf
658,2,-0.31222408988811173,-2.066252891256283,0.6788344069175053,3.1910999999999996,1,3.1910999999999996,6.0,inf
658,3,-0.31222408988811173,-2.066252891256283,0.6788344069175053,3.1910999999999996,1,3.1910999999999996,6.0,inf
658,4,-0.31222408988811173,-2.066252891256283,0.6788344069175053,3.1910999999999996,1,3.1910999999999996,6.0,inf
658,5,-0.31222408988811173,-2.066252891256283,0.6788344069175053,3.1910999999999996,1,3.1910999999999996,6.0,inf
659,0,-0.7309111736043,-0.4074753998118572,-0.4632805985060683,4.976699999999999,1,4.976699999999999,6.0,inf
659,1,-0.7309111736043,-0.4074753998118572,-0.4632805985060683,4.976699999999999,1,4.976699999999999,6.0,inf
659,2,-0.7309111736043,-0.4074753998118572,-0.4632805985060683,4.976699999999999,1,4.976699999999999,6.0,inf
659,3,-0.7309111736043,-0.4074753998118572,-0.4632805985060683,4.976699999999999,1,4.976699999999999,6.0,inf
659,4,-0.7309111736043,-0.4074753998118572,-0.4632805985060683,4.976699999999999,1,4.976699999999999,6.0,inf
659,5,-0.7309111736043,-0.4074753998118572,-0.4632805985060683,4.976699999999999,1,4.976699999999999,6.0,inf
660,0,-1.4287940122055773,-0.41109690780333225,-0.37721708920108576,6.0,0,8.0001,6.0,inf
660,1,-1.4287940122055773,-0.41109690780333225,-0.37721708920108576,6.0,0,8.0001,6.0,inf
660,2,-1.4287940122055773,-0.41109690780333225,-0.37721708920108576,6.0,0,8.0001,6.0,inf
660,3,-1.4287940122055773,-0.41109690780333225,-0.37721708920108576,6.0,0,8.0001,6.0,inf
660,4,-1.4287940122055773,-0.41109690780333225,-0.37721708920108576,6.0,0,8.0001,6.0,inf
660,5,-1.4287940122055773,-0.41109690780333225,-0.37721708920108576,6.0,0,8.0001,6.0,inf
661,0,1.6014310693882334,0.5438177032695295,-0.20621822453294328,1.5221999999999998,1,1.5221999999999998,6.0,inf
661,1,1.6014310693882334,0.5438177032695295,-0.20621822453294328,1.5221999999999998,1,1.5221999999999998,6.0,inf
661,2,1.6014310693882334,0.5438177032695295,-0.20621822453294328,1.5221999999999998,1,1.5221999999999998,6.0,inf
661,3,1.6014310693882334,0.5438177032695295,-0.20621822453294328,1.5221999999999998,1,1.5221999999999998,6.0,inf
661,4,1.6014310693882334,0.5438177032695295,-0.20621822453294328,1.5221999999999998,1,1.5221999999999998,6.0,inf
661,5,1.6014310693882334,0.5438177032695295,-0.20621822453294328,1.5221999999999998,1,1.5221999999999998,6.0,inf
662,0,0.04981736596211712,-0.3717030323564365,0.915310489233677,1.8812999999999998,1,1.8812999999999998,6.0,inf
662,1,0.04981736596211712,-0.3717030323564365,0.915310489233677,1.8812999999999998,1,1.8812999999999998,6.0,inf
662,2,0.04981736596211712,-0.3717030323564365,0.915310489233677,1.8812999999999998,1,1.8812999999999998,6.0,inf
662,3,0.04981736596211712,-0.3717030323564365,0.915310489233677,1.8812999999999998,1,1.8812999999999998,6.0,inf
662,4,0.04981736596211712,-0.3717030323564365,0.915310489233677,1.8812999999999998,1,1.8812999999999998,6.0,inf
662,5,0.04981736596211712,-0.3717030323564365,0.915310489233677,1.8812999999999998,1,1.8812999999999998,6.0,inf
663,0,0.2878207710644835,-0.1708619368964325,1.011821475040334,2.0528999999999997,1,2.0528999999999997,6.0,inf
663,1,0.2878207710644835,-0.1708619368964325,1.011821475040334,2.0528999999999997,1,2.0528999999999997,6.0,inf
663,2,0.2878207710644835,-0.1708619368964325,1.011821475040334,2.0528999999999997,1,2.0528999999999997,6.0,inf
663,3,0.2878207710644835,-0.1708619368964325,1.011821475040334,2.0528999999999997,1,2.0528999999999997,6.0,inf
663,4,0.2878207710644835,-0.1708619368964325,1.011821475040334,2.0528999999999997,1,2.0528999999999997,6.0,inf
663,5,0.2878207710644835,-0.1708619368964325,1.011821475040334,2.0528999999999997,1,2.0528999999999997,6.0,inf
664,0,-0.5269198005723766,0.5523345867157183,2.424927734923835,1.0739999999999998,1,1.0739999999999998,6.0,inf
664,1,-0.5269198005723766,0.5523345867157183,2.424927734923835,1.0739999999999998,1,1.0739999999999998,6.0,inf
664,2,-0.5269198005723766,0.5523345867157183,2.424927734923835,1.0739999999999998,1,1.0739999999999998,6.0,inf
664,3,-0.5269198005723766,0.5523345867157183,2.424927734923835,1.0739999999999998,1,1.0739999999999998,6.0,inf
664,4,-0.5269198005723766,0.5523345867157183,2.424927734923835,1.0739999999999998,1,1.0739999999999998,6.0,inf
664,5,-0.5269198005723766,0.5523345867157183,2.424927734923835,1.0739999999999998,1,1.0739999999999998,6.0,inf
665,0,0.47223923937905227,0.23203612451890182,1.1862136532336967,0.7172999999999999,1,0.7172999999999999,6.0,inf
665,1,0.47223923937905227,0.23203612451890182,1.1862136532336967,0.7172999999999999,1,0.7172999999999999,6.0,inf
665,2,0.47223923937905227,0.23203612451890182,1.1862136532336967,0.7172999999999999,1,0.7172999999999999,6.0,inf
665,3,0.47223923937905227,0.23203612451890182,1.1862136532336967,0.7172999999999999,1,0.7172999999999999,6.0,inf
665,4,0.47223923937905227,0.23203612451890182,1.1862136532336967,0.7172999999999999,1,0.7172999999999999,6.0,inf
665,5,0.47223923937905227,0.23203612451890182,1.1862136532336967,0.7172999999999999,1,0.7172999999999999,6.0,inf
666,0,0.10656816500860035,0.18383306574137265,-1.041058316397329,6.0,0,6.391799999999999,6.0,inf
666,1,0.10656816500860035,0.18383306574137265,-1.041058316397329,6.0,0,6.391799999999999,6.0,inf
666,2,0.10656816500860035,0.18383306574137265,-1.041058316397329,6.0,0,6.391799999999999,6.0,inf
666,3,0.10656816500860035,0.18383306574137265,-1.041058316397329,6.0,0,6.391799999999999,6.0,inf
666,4,0.10656816500860035,0.18383306574137265,-1.041058316397329,6.0,0,6.391799999999999,6.0,inf
666,5,0.10656816500860035,0.18383306574137265,-1.041058316397329,6.0,0,6.391799999999999,6.0,inf
667,0,-0.8628834813910715,-0.9700371949215446,-0.37275801221575994,2.5982999999999996,1,2.5982999999999996,6.0,inf
667,1,-0.8628834813910715,-0.9700371949215446,-0.37275801221575994,2.5982999999999996,1,2.5982999999999996,6.0,inf
667,2,-0.8628834813910715,-0.9700371949215446,-0.37275801221575994,2.5982999999999996,1,2.5982999999999996,6.0,inf
667,3,-0.8628834813910715,-0.9700371949215446,-0.37275801221575994,2.5982999999999996,1,2.5982999999999996,6.0,inf
667,4,-0.8628834813910715,-0.9700371949215446,-0.37275801221575994,2.5982999999999996,1,2.5982999999999996,6.0,inf
667,5,-0.8628834813910715,-0.9700371949215446,-0.37275801221575994,2.5982999999999996,1,2.5982999999999996,6.0,inf
668,0,-0.5735515276768975,1.3348860091019619,1.2650814259637844,1.6592999999999998,1,1.6592999999999998,6.0,inf
668,1,-0.5735515276768975,1.3348860091019619,1.2650814259637844,1.6592999999999998,1,1.6592999999999998,6.0,inf
668,2,-0.5735515276768975,1.3348860091019619,1.2650814259637844,1.6592999999999998,1,1.6592999999999998,6.0,inf
668,3,-0.5735515276768975,1.3348860091019619,1.2650814259637844,1.6592999999999998,1,1.6592999999999998,6.0,inf
668,4,-0.5735515276768975,1.3348860091019619,1.2650814259637844,1.6592999999999998,1,1.6592999999999998,6.0,inf
668,5,-0.5735515276768975,1.3348860091019619,1.2650814259637844,1.6592999999999998,1,1.6592999999999998,6.0,inf
669,0,-0.5798333163118835,-1.90523462896198,0.8407254156500243,5.062799999999999,1,5.062799999999999,6.0,inf
669,1,-0.5798333163118835,-1.90523462896198,0.8407254156500243,5.062799999999999,1,5.062799999999999,6.0,inf
669,2,-0.5798333163118835,-1.90523462896198,0.8407254156500243,5.062799999999999,1,5.062799999999999,6.0,inf
669,3,-0.5798333163118835,-1.90523462896198,0.8407254156500243,5.062799999999999,1,5.062799999999999,6.0,inf
669,4,-0.5798333163118835,-1.90523462896198,0.8407254156500243,5.062799999999999,1,5.062799999999999,6.0,inf
669,5,-0.5798333163118835,-1.90523462896198,0.8407254156500243,5.062799999999999,1,5.062799999999999,6.0,inf
670,0,-1.0617529249270752,-0.49861646288520467,-0.09457619396027235,6.0,0,8.0001,6.0,inf
670,1,-1.0617529249270752,-0.49861646288520467,-0.09457619396027235,6.0,0,8.0001,6.0,inf
670,2,-1.0617529249270752,-0.49861646288520467,-0.09457619396027235,6.0,0,8.0001,6.0,inf
670,3,-1.0617529249270752,-0.49861646288520467,-0.09457619396027235,6.0,0,8.0001,6.0,inf
670,4,-1.0617529249270752,-0.49861646288520467,-0.09457619396027235,6.0,0,8.0001,6.0,inf
670,5,-1.0617529249270752,-0.49861646288520467,-0.09457619396027235,6.0,0,8.0001,6.0,inf
671,0,0.21912992324950123,2.160910049597609,0.7573730523296869,0.8904,1,0.8904,6.0,inf
671,1,0.21912992324950123,2.160910049597609,0.7573730523296869,0.8904,1,0.8904,6.0,inf
671,2,0.21912992324950123,2.160910049597609,0.7573730523296869,0.8904,1,0.8904,6.0,inf
671,3,0.21912992324950123,2.160910049597609,0.7573730523296869,0.8904,1,0.8904,6.0,inf
671,4,0.21912992324950123,2.160910049597609,0.7573730523296869,0.8904,1,0.8904,6.0,inf
671,5,0.21912992324950123,2.160910049597609,0.7573730523296869,0.8904,1,0.8904,6.0,inf
672,0,-0.9543833234232071,1.2989638952640041,-1.0238850176260152,0.5988,1,0.5988,6.0,inf
672,1,-0.9543833234232071,1.2989638952640041,-1.0238850176260152,0.5988,1,0.5988,6.0,inf
672,2,-0.9543833234232071,1.2989638952640041,-1.0238850176260152,0.5988,1,0.5988,6.0,inf
672,3,-0.9543833234232071,1.2989638952640041,-1.0238850176260152,0.5988,1,0.5988,6.0,inf
672,4,-0.9543833234232071,1.2989638952640041,-1.0238850176260152,0.5988,1,0.5988,6.0,inf
672,5,-0.9543833234232071,1.2989638952640041,-1.0238850176260152,0.5988,1,0.5988,6.0,inf
673,0,0.706951557722914,1.0163405679680033,-1.7386915532038707,0.47729999999999995,1,0.47729999999999995,6.0,inf
673,1,0.706951557722914,1.0163405679680033,-1.7386915532038707,0.47729999999999995,1,0.47729999999999995,6.0,inf
673,2,0.706951557722914,1.0163405679680033,-1.7386915532038707,0.47729999999999995,1,0.47729999999999995,6.0,inf
673,3,0.706951557722914,1.0163405679680033,-1.7386915532038707,0.47729999999999995,1,0.47729999999999995,6.0,inf
673,4,0.706951557722914,1.0163405679680033,-1.7386915532038707,0.47729999999999995,1,0.47729999999999995,6.0,inf
673,5,0.706951557722914,1.0163405679680033,-1.7386915532038707,0.47729999999999995,1,0.47729999999999995,6.0,inf
674,0,1.1711566285505446,0.09125674715334432,1.9172173404674104,1.3625999999999998,1,1.3625999999999998,6.0,inf
674,1,1.1711566285505446,0.09125674715334432,1.9172173404674104,1.3625999999999998,1,1.3625999999999998,6.0,inf
674,2,1.1711566285505446,0.09125674715334432,1.9172173404674104,1.3625999999999998,1,1.3625999999999998,6.0,inf
674,3,1.1711566285505446,0.09125674715334432,1.9172173404674104,1.3625999999999998,1,1.3625999999999998,6.0,inf
674,4,1.1711566285505446,0.09125674715334432,1.9172173404674104,1.3625999999999998,1,1.3625999999999998,6.0,inf
674,5,1.1711566285505446,0.09125674715334432,1.9172173404674104,1.3625999999999998,1,1.3625999999999998,6.0,inf
675,0,0.5820999734392348,1.0946348021222343,-0.27623280583540594,0.7653,1,0.7653,6.0,inf
675,1,0.5820999734392348,1.0946348021222343,-0.27623280583540594,0.7653,1,0.7653,6.0,inf
675,2,0.5820999734392348,1.0946348021222343,-0.27623280583540594,0.7653,1,0.7653,6.0,inf
675,3,0.5820999734392348,1.0946348021222343,-0.27623280583540594,0.7653,1,0.7653,6.0,inf
675,4,0.5820999734392348,1.0946348021222343,-0.27623280583540594,0.7653,1,0.7653,6.0,inf
675,5,0.5820999734392348,1.0946348021222343,-0.27623280583540594,0.7653,1,0.7653,6.0,inf
676,0,0.1876642269112967,1.0228383591869141,-0.6264844476095075,2.514,1,2.514,6.0,inf
676,1,0.1876642269112967,1.0228383591869141,-0.6264844476095075,2.514,1,2.514,6.0,inf
676,2,0.1876642269112967,1.0228383591869141,-0.6264844476095075,2.514,1,2.514,6.0,inf
676,3,0.1876642269112967,1.0228383591869141,-0.6264844476095075,2.514,1,2.514,6.0,inf
676,4,0.1876642269112967,1.0228383591869141,-0.6264844476095075,2.514,1,2.514,6.0,inf
676,5,0.1876642269112967,1.0228383591869141,-0.6264844476095075,2.514,1,2.514,6.0,inf
677,0,-0.6919646941684043,1.070037525499061,-1.8951571739383395,5.985899999999999,1,5.985899999999999,6.0,inf
677,1,-0.6919646941684043,1.070037525499061,-1.8951571739383395,5.985899999999999,1,5.985899999999999,6.0,inf
677,2,-0.6919646941684043,1.070037525499061,-1.8951571739383395,5.985899999999999,1,5.985899999999999,6.0,inf
677,3,-0.6919646941684043,1.070037525499061,-1.8951571739383395,5.985899999999999,1,5.985899999999999,6.0,inf
677,4,-0.6919646941684043,1.070037525499061,-1.8951571739383395,5.985899999999999,1,5.985899999999999,6.0,inf
677,5,-0.6919646941684043,1.070037525499061,-1.8951571739383395,5.985899999999999,1,5.985899999999999,6.0,inf
678,0,0.2121079232049453,0.2568158744409903,-2.252948241742523,0.8687999999999999,1,0.8687999999999999,6.0,inf
678,1,0.2121079232049453,0.2568158744409903,-2.252948241742523,0.8687999999999999,1,0.8687999999999999,6.0,inf
678,2,0.2121079232049453,0.2568158744409903,-2.252948241742523,0.8687999999999999,1,0.8687999999999999,6.0,inf
678,3,0.2121079232049453,0.2568158744409903,-2.252948241742523,0.8687999999999999,1,0.8687999999999999,6.0,inf
678,4,0.2121079232049453,0.2568158744409903,-2.252948241742523,0.8687999999999999,1,0.8687999999999999,6.0,inf
678,5,0.2121079232049453,0.2568158744409903,-2.252948241742523,0.8687999999999999,1,0.8687999999999999,6.0,inf
679,0,0.25365200917145964,-0.1506831240510031,-2.56199761096755,5.720999999999999,1,5.720999999999999,6.0,inf
679,1,0.25365200917145964,-0.1506831240510031,-2.56199761096755,5.720999999999999,1,5.720999999999999,6.0,inf
679,2,0.25365200917145964,-0.1506831240510031,-2.56199761096755,5.720999999999999,1,5.720999999999999,6.0,inf
679,3,0.25365200917145964,-0.1506831240510031,-2.56199761096755,5.720999999999999,1,5.720999999999999,6.0,inf
679,4,0.25365200917145964,-0.1506831240510031,-2.56199761096755,5.720999999999999,1,5.720999999999999,6.0,inf
679,5,0.25365200917145964,-0.1506831240510031,-2.56199761096755,5.720999999999999,1,5.720999999999999,6.0,inf
680,0,-1.0962087234646694,1.2896555101395637,-0.04083043824667297,4.3827,1,4.3827,6.0,inf
680,1,-1.0962087234646694,1.2896555101395637,-0.04083043824667297,4.3827,1,4.3827,6.0,inf
680,2,-1.0962087234646694,1.2896555101395637,-0.04083043824667297,4.3827,1,4.3827,6.0,inf
680,3,-1.0962087234646694,1.2896555101395637,-0.04083043824667297,4.3827,1,4.3827,6.0,inf
680,4,-1.0962087234646694,1.2896555101395637,-0.04083043824667297,4.3827,1,4.3827,6.0,inf
680,5,-1.0962087234646694,1.2896555101395637,-0.04083043824667297,4.3827,1,4.3827,6.0,inf
681,0,1.2769252589134097,-1.6282652906172475,-1.7430521816131515,3.1632,1,3.1632,6.0,inf
681,1,1.2769252589134097,-1.6282652906172475,-1.7430521816131515,3.1632,1,3.1632,6.0,inf
681,2,1.2769252589134097,-1.6282652906172475,-1.7430521816131515,3.1632,1,3.1632,6.0,inf
681,3,1.2769252589134097,-1.6282652906172475,-1.7430521816131515,3.1632,1,3.1632,6.0,inf
681,4,1.2769252589134097,-1.6282652906172475,-1.7430521816131515,3.1632,1,3.1632,6.0,inf
681,5,1.2769252589134097,-1.6282652906172475,-1.7430521816131515,3.1632,1,3.1632,6.0,inf
682,0,-0.008862949377674983,0.2008716226602195,-0.53905064086469,0.8492999999999999,1,0.8492999999999999,6.0,inf
682,1,-0.008862949377674983,0.2008716226602195,-0.53905064086469,0.8492999999999999,1,0.8492999999999999,6.0,inf
682,2,-0.008862949377674983,0.2008716226602195,-0.53905064086469,0.8492999999999999,1,0.8492999999999999,6.0,inf
682,3,-0.008862949377674983,0.2008716226602195,-0.53905064086469,0.8492999999999999,1,0.8492999999999999,6.0,inf
682,4,-0.008862949377674983,0.2008716226602195,-0.53905064086469,0.8492999999999999,1,0.8492999999999999,6.0,inf
682,5,-0.008862949377674983,0.2008716226602195,-0.53905064086469,0.8492999999999999,1,0.8492999999999999,6.0,inf
683,0,-0.515626595432042,-0.8828027729715774,0.29208654128369665,4.871099999999999,1,4.871099999999999,6.0,inf
683,1,-0.515626595432042,-0.8828027729715774,0.29208654128369665,4.871099999999999,1,4.871099999999999,6.0,inf
683,2,-0.515626595432042,-0.8828027729715774,0.29208654128369665,4.871099999999999,1,4.871099999999999,6.0,inf
683,3,-0.515626595432042,-0.8828027729715774,0.29208654128369665,4.871099999999999,1,4.871099999999999,6.0,inf
683,4,-0.515626595432042,-0.8828027729715774,0.29208654128369665,4.871099999999999,1,4.871099999999999,6.0,inf
683,5,-0.515626595432042,-0.8828027729715774,0.29208654128369665,4.871099999999999,1,4.871099999999999,6.0,inf
684,0,0.5678423375479172,2.6033461169759247,0.1607459558576447,0.36239999999999994,1,0.36239999999999994,6.0,inf
684,1,0.5678423375479172,2.6033461169759247,0.1607459558576447,0.36239999999999994,1,0.36239999999999994,6.0,inf
684,2,0.5678423375479172,2.6033461169759247,0.1607459558576447,0.36239999999999994,1,0.36239999999999994,6.0,inf
684,3,0.5678423375479172,2.6033461169759247,0.1607459558576447,0.36239999999999994,1,0.36239999999999994,6.0,inf
684,4,0.5678423375479172,2.6033461169759247,0.1607459558576447,0.36239999999999994,1,0.36239999999999994,6.0,inf
684,5,0.5678423375479172,2.6033461169759247,0.1607459558576447,0.36239999999999994,1,0.36239999999999994,6.0,inf
685,0,0.33444145197253916,0.6167687760649466,-0.4113056083261282,1.4823,1,1.4823,6.0,inf
685,1,0.33444145197253916,0.6167687760649466,-0.4113056083261282,1.4823,1,1.4823,6.0,inf
685,2,0.33444145197253916,0.6167687760649466,-0.4113056083261282,1.4823,1,1.4823,6.0,inf
685,3,0.33444145197253916,0.6167687760649466,-0.4113056083261282,1.4823,1,1.4823,6.0,inf
685,4,0.33444145197253916,0.6167687760649466,-0.4113056083261282,1.4823,1,1.4823,6.0,inf
685,5,0.33444145197253916,0.6167687760649466,-0.4113056083261282,1.4823,1,1.4823,6.0,inf
686,0,-1.5967728648087796,1.1166435653266944,0.2626733140642854,1.6949999999999998,1,1.6949999999999998,6.0,inf
686,1,-1.5967728648087796,1.1166435653266944,0.2626733140642854,1.6949999999999998,1,1.6949999999999998,6.0,inf
686,2,-1.5967728648087796,1.1166435653266944,0.2626733140642854,1.6949999999999998,1,1.6949999999999998,6.0,inf
686,3,-1.5967728648087796,1.1166435653266944,0.2626733140642854,1.6949999999999998,1,1.6949999999999998,6.0,inf
686,4,-1.5967728648087796,1.1166435653266944,0.2626733140642854,1.6949999999999998,1,1.6949999999999998,6.0,inf
686,5,-1.5967728648087796,1.1166435653266944,0.2626733140642854,1.6949999999999998,1,1.6949999999999998,6.0,inf
687,0,0.3284905155371256,0.9354411419127666,-0.005479700499754146,0.9956999999999999,1,0.9956999999999999,6.0,inf
687,1,0.3284905155371256,0.9354411419127666,-0.005479700499754146,0.9956999999999999,1,0.9956999999999999,6.0,inf
687,2,0.3284905155371256,0.9354411419127666,-0.005479700499754146,0.9956999999999999,1,0.9956999999999999,6.0,inf
687,3,0.3284905155371256,0.9354411419127666,-0.005479700499754146,0.9956999999999999,1,0.9956999999999999,6.0,inf
687,4,0.3284905155371256,0.9354411419127666,-0.005479700499754146,0.9956999999999999,1,0.9956999999999999,6.0,inf
687,5,0.3284905155371256,0.9354411419127666,-0.005479700499754146,0.9956999999999999,1,0.9956999999999999,6.0,inf
688,0,0.5948764606688598,-1.2672392731786617,2.029009795171478,1.2912,1,1.2912,6.0,inf
688,1,0.5948764606688598,-1.2672392731786617,2.029009795171478,1.2912,1,1.2912,6.0,inf
688,2,0.5948764606688598,-1.2672392731786617,2.029009795171478,1.2912,1,1.2912,6.0,inf
688,3,0.5948764606688598,-1.2672392731786617,2.029009795171478,1.2912,1,1.2912,6.0,inf
688,4,0.5948764606688598,-1.2672392731786617,2.029009795171478,1.2912,1,1.2912,6.0,inf
688,5,0.5948764606688598,-1.2672392731786617,2.029009795171478,1.2912,1,1.2912,6.0,inf
689,0,1.0786853887765775,1.7277360960643224,-1.4234386627587399,1.1582999999999999,1,1.1582999999999999,6.0,inf
689,1,1.0786853887765775,1.7277360960643224,-1.4234386627587399,1.1582999999999999,1,1.1582999999999999,6.0,inf
689,2,1.0786853887765775,1.7277360960643224,-1.4234386627587399,1.1582999999999999,1,1.1582999999999999,6.0,inf
689,3,1.0786853887765775,1.7277360960643224,-1.4234386627587399,1.1582999999999999,1,1.1582999999999999,6.0,inf
689,4,1.0786853887765775,1.7277360960643224,-1.4234386627587399,1.1582999999999999,1,1.1582999999999999,6.0,inf
689,5,1.0786853887765775,1.7277360960643224,-1.4234386627587399,1.1582999999999999,1,1.1582999999999999,6.0,inf
690,0,-1.6465582134652672,0.7387957147900572,0.23768857292606355,0.9386999999999999,1,0.9386999999999999,6.0,inf
690,1,-1.6465582134652672,0.7387957147900572,0.23768857292606355,0.9386999999999999,1,0.9386999999999999,6.0,inf
690,2,-1.6465582134652672,0.7387957147900572,0.23768857292606355,0.9386999999999999,1,0.9386999999999999,6.0,inf
690,3,-1.6465582134652672,0.7387957147900572,0.23768857292606355,0.9386999999999999,1,0.9386999999999999,6.0,inf
690,4,-1.6465582134652672,0.7387957147900572,0.23768857292606355,0.9386999999999999,1,0.9386999999999999,6.0,inf
690,5,-1.6465582134652672,0.7387957147900572,0.23768857292606355,0.9386999999999999,1,0.9386999999999999,6.0,inf
691,0,1.2213573220723164,0.3891940739420156,-0.16223842566456648,0.7589999999999999,1,0.7589999999999999,6.0,inf
691,1,1.2213573220723164,0.3891940739420156,-0.16223842566456648,0.7589999999999999,1,0.7589999999999999,6.0,inf
691,2,1.2213573220723164,0.3891940739420156,-0.16223842566456648,0.7589999999999999,1,0.7589999999999999,6.0,inf
691,3,1.2213573220723164,0.3891940739420156,-0.16223842566456648,0.7589999999999999,1,0.7589999999999999,6.0,inf
691,4,1.2213573220723164,0.3891940739420156,-0.16223842566456648,0.7589999999999999,1,0.7589999999999999,6.0,inf
691,5,1.2213573220723164,0.3891940739420156,-0.16223842566456648,0.7589999999999999,1,0.7589999999999999,6.0,inf
692,0,0.8851003124045149,1.8497368016894196,0.7059442430840525,2.0351999999999997,1,2.0351999999999997,6.0,inf
692,1,0.8851003124045149,1.8497368016894196,0.7059442430840525,2.0351999999999997,1,2.0351999999999997,6.0,inf
692,2,0.8851003124045149,1.8497368016894196,0.7059442430840525,2.0351999999999997,1,2.0351999999999997,6.0,inf
692,3,0.8851003124045149,1.8497368016894196,0.7059442430840525,2.0351999999999997,1,2.0351999999999997,6.0,inf
692,4,0.8851003124045149,1.8497368016894196,0.7059442430840525,2.0351999999999997,1,2.0351999999999997,6.0,inf
692,5,0.8851003124045149,1.8497368016894196,0.7059442430840525,2.0351999999999997,1,2.0351999999999997,6.0,inf
693,0,1.7011524381858976,0.4232122381010486,-0.49717326018474584,1.92,1,1.92,6.0,inf
693,1,1.7011524381858976,0.4232122381010486,-0.49717326018474584,1.92,1,1.92,6.0,inf
693,2,1.7011524381858976,0.4232122381010486,-0.49717326018474584,1.92,1,1.92,6.0,inf
693,3,1.7011524381858976,0.4232122381010486,-0.49717326018474584,1.92,1,1.92,6.0,inf
693,4,1.7011524381858976,0.4232122381010486,-0.49717326018474584,1.92,1,1.92,6.0,inf
693,5,1.7011524381858976,0.4232122381010486,-0.49717326018474584,1.92,1,1.92,6.0,inf
694,0,1.1931344424442387,1.4599991044125924,0.9361977202617905,0.37949999999999995,1,0.37949999999999995,6.0,inf
694,1,1.1931344424442387,1.4599991044125924,0.9361977202617905,0.37949999999999995,1,0.37949999999999995,6.0,inf
694,2,1.1931344424442387,1.4599991044125924,0.9361977202617905,0.37949999999999995,1,0.37949999999999995,6.0,inf
694,3,1.1931344424442387,1.4599991044125924,0.9361977202617905,0.37949999999999995,1,0.37949999999999995,6.0,inf
694,4,1.1931344424442387,1.4599991044125924,0.9361977202617905,0.37949999999999995,1,0.37949999999999995,6.0,inf
694,5,1.1931344424442387,1.4599991044125924,0.9361977202617905,0.37949999999999995,1,0.37949999999999995,6.0,inf
695,0,1.0771194860523692,0.3114593255625968,0.5063143239420343,1.1669999999999998,1,1.1669999999999998,6.0,inf
695,1,1.0771194860523692,0.3114593255625968,0.5063143239420343,1.1669999999999998,1,1.1669999999999998,6.0,inf
695,2,1.0771194860523692,0.3114593255625968,0.5063143239420343,1.1669999999999998,1,1.1669999999999998,6.0,inf
695,3,1.0771194860523692,0.3114593255625968,0.5063143239420343,1.1669999999999998,1,1.1669999999999998,6.0,inf
695,4,1.0771194860523692,0.3114593255625968,0.5063143239420343,1.1669999999999998,1,1.1669999999999998,6.0,inf
695,5,1.0771194860523692,0.3114593255625968,0.5063143239420343,1.1669999999999998,1,1.1669999999999998,6.0,inf
696,0,-0.9740129706099827,-0.43576098617129644,0.1666383761758468,2.658,1,2.658,6.0,inf
696,1,-0.9740129706099827,-0.43576098617129644,0.1666383761758468,2.658,1,2.658,6.0,inf
696,2,-0.9740129706099827,-0.43576098617129644,0.1666383761758468,2.658,1,2.658,6.0,inf
696,3,-0.9740129706099827,-0.43576098617129644,0.1666383761758468,2.658,1,2.658,6.0,inf
696,4,-0.9740129706099827,-0.43576098617129644,0.1666383761758468,2.658,1,2.658,6.0,inf
696,5,-0.9740129706099827,-0.43576098617129644,0.1666383761758468,2.658,1,2.658,6.0,inf
697,0,1.1022672200691592,-1.0683110192453538,-0.45653509422964406,4.8747,1,4.8747,6.0,inf
697,1,1.1022672200691592,-1.0683110192453538,-0.45653509422964406,4.8747,1,4.8747,6.0,inf
697,2,1.1022672200691592,-1.0683110192453538,-0.45653509422964406,4.8747,1,4.8747,6.0,inf
697,3,1.1022672200691592,-1.0683110192453538,-0.45653509422964406,4.8747,1,4.8747,6.0,inf
697,4,1.1022672200691592,-1.0683110192453538,-0.45653509422964406,4.8747,1,4.8747,6.0,inf
697,5,1.1022672200691592,-1.0683110192453538,-0.45653509422964406,4.8747,1,4.8747,6.0,inf
698,0,-1.1210097694516366,0.056588912145617266,0.7608318438356727,1.9637999999999998,1,1.9637999999999998,6.0,inf
698,1,-1.1210097694516366,0.056588912145617266,0.7608318438356727,1.9637999999999998,1,1.9637999999999998,6.0,inf
698,2,-1.1210097694516366,0.056588912145617266,0.7608318438356727,1.9637999999999998,1,1.9637999999999998,6.0,inf
698,3,-1.1210097694516366,0.056588912145617266,0.7608318438356727,1.9637999999999998,1,1.9637999999999998,6.0,inf
698,4,-1.1210097694516366,0.056588912145617266,0.7608318438356727,1.9637999999999998,1,1.9637999999999998,6.0,inf
698,5,-1.1210097694516366,0.056588912145617266,0.7608318438356727,1.9637999999999998,1,1.9637999999999998,6.0,inf
699,0,0.9730970901734758,0.6071174218025905,-0.019297596689635255,2.6870999999999996,1,2.6870999999999996,6.0,inf
699,1,0.9730970901734758,0.6071174218025905,-0.019297596689635255,2.6870999999999996,1,2.6870999999999996,6.0,inf
699,2,0.9730970901734758,0.6071174218025905,-0.019297596689635255,2.6870999999999996,1,2.6870999999999996,6.0,inf
699,3,0.9730970901734758,0.6071174218025905,-0.019297596689635255,2.6870999999999996,1,2.6870999999999996,6.0,inf
699,4,0.9730970901734758,0.6071174218025905,-0.019297596689635255,2.6870999999999996,1,2.6870999999999996,6.0,inf
699,5,0.9730970901734758,0.6071174218025905,-0.019297596689635255,2.6870999999999996,1,2.6870999999999996,6.0,inf
700,0,1.511587737754413,0.3900570739743156,-0.2028280596445496,0.15869999999999998,1,0.15869999999999998,6.0,inf
700,1,1.511587737754413,0.3900570739743156,-0.2028280596445496,0.15869999999999998,1,0.15869999999999998,6.0,inf
700,2,1.511587737754413,0.3900570739743156,-0.2028280596445496,0.15869999999999998,1,0.15869999999999998,6.0,inf
700,3,1.511587737754413,0.3900570739743156,-0.2028280596445496,0.15869999999999998,1,0.15869999999999998,6.0,inf
700,4,1.511587737754413,0.3900570739743156,-0.2028280596445496,0.15869999999999998,1,0.15869999999999998,6.0,inf
700,5,1.511587737754413,0.3900570739743156,-0.2028280596445496,0.15869999999999998,1,0.15869999999999998,6.0,inf
701,0,0.5399811549516655,-1.9304519051729239,1.0119293182543965,4.151999999999999,1,4.151999999999999,6.0,inf
701,1,0.5399811549516655,-1.9304519051729239,1.0119293182543965,4.151999999999999,1,4.151999999999999,6.0,inf
701,2,0.5399811549516655,-1.9304519051729239,1.0119293182543965,4.151999999999999,1,4.151999999999999,6.0,inf
701,3,0.5399811549516655,-1.9304519051729239,1.0119293182543965,4.151999999999999,1,4.151999999999999,6.0,inf
701,4,0.5399811549516655,-1.9304519051729239,1.0119293182543965,4.151999999999999,1,4.151999999999999,6.0,inf
701,5,0.5399811549516655,-1.9304519051729239,1.0119293182543965,4.151999999999999,1,4.151999999999999,6.0,inf
702,0,-0.5941579587289442,-2.099265734317469,0.6403649607517695,5.3427,1,5.3427,6.0,inf
702,1,-0.5941579587289442,-2.099265734317469,0.6403649607517695,5.3427,1,5.3427,6.0,inf
702,2,-0.5941579587289442,-2.099265734317469,0.6403649607517695,5.3427,1,5.3427,6.0,inf
702,3,-0.5941579587289442,-2.099265734317469,0.6403649607517695,5.3427,1,5.3427,6.0,inf
702,4,-0.5941579587289442,-2.099265734317469,0.6403649607517695,5.3427,1,5.3427,6.0,inf
702,5,-0.5941579587289442,-2.099265734317469,0.6403649607517695,5.3427,1,5.3427,6.0,inf
703,0,-0.16117441483748066,1.3887575766236986,-0.5242156964099959,0.6678,1,0.6678,6.0,inf
703,1,-0.16117441483748066,1.3887575766236986,-0.5242156964099959,0.6678,1,0.6678,6.0,inf
703,2,-0.16117441483748066,1.3887575766236986,-0.5242156964099959,0.6678,1,0.6678,6.0,inf
703,3,-0.16117441483748066,1.3887575766236986,-0.5242156964099959,0.6678,1,0.6678,6.0,inf
703,4,-0.16117441483748066,1.3887575766236986,-0.5242156964099959,0.6678,1,0.6678,6.0,inf
703,5,-0.16117441483748066,1.3887575766236986,-0.5242156964099959,0.6678,1,0.6678,6.0,inf
704,0,-0.25016549594484766,0.9336792630417555,0.17503065358916337,3.8985,1,3.8985,6.0,inf
704,1,-0.25016549594484766,0.9336792630417555,0.17503065358916337,3.8985,1,3.8985,6.0,inf
704,2,-0.25016549594484766,0.9336792630417555,0.17503065358916337,3.8985,1,3.8985,6.0,inf
704,3,-0.25016549594484766,0.9336792630417555,0.17503065358916337,3.8985,1,3.8985,6.0,inf
704,4,-0.25016549594484766,0.9336792630417555,0.17503065358916337,3.8985,1,3.8985,6.0,inf
704,5,-0.25016549594484766,0.9336792630417555,0.17503065358916337,3.8985,1,3.8985,6.0,inf
705,0,-0.16871889815441968,-0.5445225402346411,-0.68298370519333,2.4854999999999996,1,2.4854999999999996,6.0,inf
705,1,-0.16871889815441968,-0.5445225402346411,-0.68298370519333,2.4854999999999996,1,2.4854999999999996,6.0,inf
705,2,-0.16871889815441968,-0.5445225402346411,-0.68298370519333,2.4854999999999996,1,2.4854999999999996,6.0,inf
705,3,-0.16871889815441968,-0.5445225402346411,-0.68298370519333,2.4854999999999996,1,2.4854999999999996,6.0,inf
705,4,-0.16871889815441968,-0.5445225402346411,-0.68298370519333,2.4854999999999996,1,2.4854999999999996,6.0,inf
705,5,-0.16871889815441968,-0.5445225402346411,-0.68298370519333,2.4854999999999996,1,2.4854999999999996,6.0,inf
706,0,-0.35119620387182704,-0.22490459183197384,-0.6007003086373249,2.1725999999999996,1,2.1725999999999996,6.0,inf
706,1,-0.35119620387182704,-0.22490459183197384,-0.6007003086373249,2.1725999999999996,1,2.1725999999999996,6.0,inf
706,2,-0.35119620387182704,-0.22490459183197384,-0.6007003086373249,2.1725999999999996,1,2.1725999999999996,6.0,inf
706,3,-0.35119620387182704,-0.22490459183197384,-0.6007003086373249,2.1725999999999996,1,2.1725999999999996,6.0,inf
706,4,-0.35119620387182704,-0.22490459183197384,-0.6007003086373249,2.1725999999999996,1,2.1725999999999996,6.0,inf
706,5,-0.35119620387182704,-0.22490459183197384,-0.6007003086373249,2.1725999999999996,1,2.1725999999999996,6.0,inf
707,0,-0.8035528754781633,-0.38137366943710876,-0.9336103247649152,6.0,0,8.0001,6.0,inf
707,1,-0.8035528754781633,-0.38137366943710876,-0.9336103247649152,6.0,0,8.0001,6.0,inf
707,2,-0.8035528754781633,-0.38137366943710876,-0.9336103247649152,6.0,0,8.0001,6.0,inf
707,3,-0.8035528754781633,-0.38137366943710876,-0.9336103247649152,6.0,0,8.0001,6.0,inf
707,4,-0.8035528754781633,-0.38137366943710876,-0.9336103247649152,6.0,0,8.0001,6.0,inf
707,5,-0.8035528754781633,-0.38137366943710876,-0.9336103247649152,6.0,0,8.0001,6.0,inf
708,0,-1.4381803596998424,-0.4707172207793519,0.7380941857183148,3.2960999999999996,1,3.2960999999999996,6.0,inf
708,1,-1.4381803596998424,-0.4707172207793519,0.7380941857183148,3.2960999999999996,1,3.2960999999999996,6.0,inf
708,2,-1.4381803596998424,-0.4707172207793519,0.7380941857183148,3.2960999999999996,1,3.2960999999999996,6.0,inf
708,3,-1.4381803596998424,-0.4707172207793519,0.7380941857183148,3.2960999999999996,1,3.2960999999999996,6.0,inf
708,4,-1.4381803596998424,-0.4707172207793519,0.7380941857183148,3.2960999999999996,1,3.2960999999999996,6.0,inf
708,5,-1.4381803596998424,-0.4707172207793519,0.7380941857183148,3.2960999999999996,1,3.2960999999999996,6.0,inf
709,0,0.052904638483985675,-0.34627846170573584,2.175685170800848,1.0925999999999998,1,1.0925999999999998,6.0,inf
709,1,0.052904638483985675,-0.34627846170573584,2.175685170800848,1.0925999999999998,1,1.0925999999999998,6.0,inf
709,2,0.052904638483985675,-0.34627846170573584,2.175685170800848,1.0925999999999998,1,1.0925999999999998,6.0,inf
709,3,0.052904638483985675,-0.34627846170573584,2.175685170800848,1.0925999999999998,1,1.0925999999999998,6.0,inf
709,4,0.052904638483985675,-0.34627846170573584,2.175685170800848,1.0925999999999998,1,1.0925999999999998,6.0,inf
709,5,0.052904638483985675,-0.34627846170573584,2.175685170800848,1.0925999999999998,1,1.0925999999999998,6.0,inf
710,0,0.07822603715116634,-0.9219160043340614,0.8056889303113847,2.0913,1,2.0913,6.0,inf
710,1,0.07822603715116634,-0.9219160043340614,0.8056889303113847,2.0913,1,2.0913,6.0,inf
710,2,0.07822603715116634,-0.9219160043340614,0.8056889303113847,2.0913,1,2.0913,6.0,inf
710,3,0.07822603715116634,-0.9219160043340614,0.8056889303113847,2.0913,1,2.0913,6.0,inf
710,4,0.07822603715116634,-0.9219160043340614,0.8056889303113847,2.0913,1,2.0913,6.0,inf
710,5,0.07822603715116634,-0.9219160043340614,0.8056889303113847,2.0913,1,2.0913,6.0,inf
711,0,2.051241155661338,0.8422189933965221,-0.38170054924273916,2.1713999999999998,1,2.1713999999999998,6.0,inf
711,1,2.051241155661338,0.8422189933965221,-0.38170054924273916,2.1713999999999998,1,2.1713999999999998,6.0,inf
711,2,2.051241155661338,0.8422189933965221,-0.38170054924273916,2.1713999999999998,1,2.1713999999999998,6.0,inf
711,3,2.051241155661338,0.8422189933965221,-0.38170054924273916,2.1713999999999998,1,2.1713999999999998,6.0,inf
711,4,2.051241155661338,0.8422189933965221,-0.38170054924273916,2.1713999999999998,1,2.1713999999999998,6.0,inf
711,5,2.051241155661338,0.8422189933965221,-0.38170054924273916,2.1713999999999998,1,2.1713999999999998,6.0,inf
712,0,0.8801538558372833,0.4755401455468303,0.24190658800232082,1.5866999999999998,1,1.5866999999999998,6.0,inf
712,1,0.8801538558372833,0.4755401455468303,0.24190658800232082,1.5866999999999998,1,1.5866999999999998,6.0,inf
712,2,0.8801538558372833,0.4755401455468303,0.24190658800232082,1.5866999999999998,1,1.5866999999999998,6.0,inf
712,3,0.8801538558372833,0.4755401455468303,0.24190658800232082,1.5866999999999998,1,1.5866999999999998,6.0,inf
712,4,0.8801538558372833,0.4755401455468303,0.24190658800232082,1.5866999999999998,1,1.5866999999999998,6.0,inf
712,5,0.8801538558372833,0.4755401455468303,0.24190658800232082,1.5866999999999998,1,1.5866999999999998,6.0,inf
713,0,1.3404438782499752,0.012841098725012656,-1.1629131897885747,0.9941999999999999,1,0.9941999999999999,6.0,inf
713,1,1.3404438782499752,0.012841098725012656,-1.1629131897885747,0.9941999999999999,1,0.9941999999999999,6.0,inf
713,2,1.3404438782499752,0.012841098725012656,-1.1629131897885747,0.9941999999999999,1,0.9941999999999999,6.0,inf
713,3,1.3404438782499752,0.012841098725012656,-1.1629131897885747,0.9941999999999999,1,0.9941999999999999,6.0,inf
713,4,1.3404438782499752,0.012841098725012656,-1.1629131897885747,0.9941999999999999,1,0.9941999999999999,6.0,inf
713,5,1.3404438782499752,0.012841098725012656,-1.1629131897885747,0.9941999999999999,1,0.9941999999999999,6.0,inf
714,0,-1.2251835635126853,0.4600835531903005,1.4372321265595254,2.8293,1,2.8293,6.0,inf
714,1,-1.2251835635126853,0.4600835531903005,1.4372321265595254,2.8293,1,2.8293,6.0,inf
714,2,-1.2251835635126853,0.4600835531903005,1.4372321265595254,2.8293,1,2.8293,6.0,inf
714,3,-1.2251835635126853,0.4600835531903005,1.4372321265595254,2.8293,1,2.8293,6.0,inf
714,4,-1.2251835635126853,0.4600835531903005,1.4372321265595254,2.8293,1,2.8293,6.0,inf
714,5,-1.2251835635126853,0.4600835531903005,1.4372321265595254,2.8293,1,2.8293,6.0,inf
715,0,-0.4293169136017988,0.8226496963934631,1.0365613223990162,2.0361,1,2.0361,6.0,inf
715,1,-0.4293169136017988,0.8226496963934631,1.0365613223990162,2.0361,1,2.0361,6.0,inf
715,2,-0.4293169136017988,0.8226496963934631,1.0365613223990162,2.0361,1,2.0361,6.0,inf
715,3,-0.4293169136017988,0.8226496963934631,1.0365613223990162,2.0361,1,2.0361,6.0,inf
715,4,-0.4293169136017988,0.8226496963934631,1.0365613223990162,2.0361,1,2.0361,6.0,inf
715,5,-0.4293169136017988,0.8226496963934631,1.0365613223990162,2.0361,1,2.0361,6.0,inf
716,0,-0.9464067437773739,1.4679110990146385,1.3457051297545757,2.0246999999999997,1,2.0246999999999997,6.0,inf
716,1,-0.9464067437773739,1.4679110990146385,1.3457051297545757,2.0246999999999997,1,2.0246999999999997,6.0,inf
716,2,-0.9464067437773739,1.4679110990146385,1.3457051297545757,2.0246999999999997,1,2.0246999999999997,6.0,inf
716,3,-0.9464067437773739,1.4679110990146385,1.3457051297545757,2.0246999999999997,1,2.0246999999999997,6.0,inf
716,4,-0.9464067437773739,1.4679110990146385,1.3457051297545757,2.0246999999999997,1,2.0246999999999997,6.0,inf
716,5,-0.9464067437773739,1.4679110990146385,1.3457051297545757,2.0246999999999997,1,2.0246999999999997,6.0,inf
717,0,1.670328988902429,0.5524200212440231,-0.44845246597487803,2.0667,1,2.0667,6.0,inf
717,1,1.670328988902429,0.5524200212440231,-0.44845246597487803,2.0667,1,2.0667,6.0,inf
717,2,1.670328988902429,0.5524200212440231,-0.44845246597487803,2.0667,1,2.0667,6.0,inf
717,3,1.670328988902429,0.5524200212440231,-0.44845246597487803,2.0667,1,2.0667,6.0,inf
717,4,1.670328988902429,0.5524200212440231,-0.44845246597487803,2.0667,1,2.0667,6.0,inf
717,5,1.670328988902429,0.5524200212440231,-0.44845246597487803,2.0667,1,2.0667,6.0,inf
718,0,1.0844466076011365,-1.1814010628684506,-0.2368356782989921,5.120699999999999,1,5.120699999999999,6.0,inf
718,1,1.0844466076011365,-1.1814010628684506,-0.2368356782989921,5.120699999999999,1,5.120699999999999,6.0,inf
718,2,1.0844466076011365,-1.1814010628684506,-0.2368356782989921,5.120699999999999,1,5.120699999999999,6.0,inf
718,3,1.0844466076011365,-1.1814010628684506,-0.2368356782989921,5.120699999999999,1,5.120699999999999,6.0,inf
718,4,1.0844466076011365,-1.1814010628684506,-0.2368356782989921,5.120699999999999,1,5.120699999999999,6.0,inf
718,5,1.0844466076011365,-1.1814010628684506,-0.2368356782989921,5.120699999999999,1,5.120699999999999,6.0,inf
719,0,-0.30805039541529566,-1.5698552374300128,0.8102992967443795,5.0667,1,5.0667,6.0,inf
719,1,-0.30805039541529566,-1.5698552374300128,0.8102992967443795,5.0667,1,5.0667,6.0,inf
719,2,-0.30805039541529566,-1.5698552374300128,0.8102992967443795,5.0667,1,5.0667,6.0,inf
719,3,-0.30805039541529566,-1.5698552374300128,0.8102992967443795,5.0667,1,5.0667,6.0,inf
719,4,-0.30805039541529566,-1.5698552374300128,0.8102992967443795,5.0667,1,5.0667,6.0,inf
719,5,-0.30805039541529566,-1.5698552374300128,0.8102992967443795,5.0667,1,5.0667,6.0,inf
720,0,-0.3804826779205521,1.7678490320554436,-0.8383923235296139,1.3316999999999999,1,1.3316999999999999,6.0,inf
720,1,-0.3804826779205521,1.7678490320554436,-0.8383923235296139,1.3316999999999999,1,1.3316999999999999,6.0,inf
720,2,-0.3804826779205521,1.7678490320554436,-0.8383923235296139,1.3316999999999999,1,1.3316999999999999,6.0,inf
720,3,-0.3804826779205521,1.7678490320554436,-0.8383923235296139,1.3316999999999999,1,1.3316999999999999,6.0,inf
720,4,-0.3804826779205521,1.7678490320554436,-0.8383923235296139,1.3316999999999999,1,1.3316999999999999,6.0,inf
720,5,-0.3804826779205521,1.7678490320554436,-0.8383923235296139,1.3316999999999999,1,1.3316999999999999,6.0,inf
721,0,0.17441237559495223,-0.11623540526295235,1.0535900286048179,1.7678999999999998,1,1.7678999999999998,6.0,inf
721,1,0.17441237559495223,-0.11623540526295235,1.0535900286048179,1.7678999999999998,1,1.7678999999999998,6.0,inf
721,2,0.17441237559495223,-0.11623540526295235,1.0535900286048179,1.7678999999999998,1,1.7678999999999998,6.0,inf
721,3,0.17441237559495223,-0.11623540526295235,1.0535900286048179,1.7678999999999998,1,1.7678999999999998,6.0,inf
721,4,0.17441237559495223,-0.11623540526295235,1.0535900286048179,1.7678999999999998,1,1.7678999999999998,6.0,inf
721,5,0.17441237559495223,-0.11623540526295235,1.0535900286048179,1.7678999999999998,1,1.7678999999999998,6.0,inf
722,0,-0.22464256428873197,-0.5239297682629387,0.9482204367020862,2.5925999999999996,1,2.5925999999999996,6.0,inf
722,1,-0.22464256428873197,-0.5239297682629387,0.9482204367020862,2.5925999999999996,1,2.5925999999999996,6.0,inf
722,2,-0.22464256428873197,-0.5239297682629387,0.9482204367020862,2.5925999999999996,1,2.5925999999999996,6.0,inf
722,3,-0.22464256428873197,-0.5239297682629387,0.9482204367020862,2.5925999999999996,1,2.5925999999999996,6.0,inf
722,4,-0.22464256428873197,-0.5239297682629387,0.9482204367020862,2.5925999999999996,1,2.5925999999999996,6.0,inf
722,5,-0.22464256428873197,-0.5239297682629387,0.9482204367020862,2.5925999999999996,1,2.5925999999999996,6.0,inf
723,0,0.7091654803812723,-0.49767682144503694,0.5650169036223476,2.8737,1,2.8737,6.0,inf
723,1,0.7091654803812723,-0.49767682144503694,0.5650169036223476,2.8737,1,2.8737,6.0,inf
723,2,0.7091654803812723,-0.49767682144503694,0.5650169036223476,2.8737,1,2.8737,6.0,inf
723,3,0.7091654803812723,-0.49767682144503694,0.5650169036223476,2.8737,1,2.8737,6.0,inf
723,4,0.7091654803812723,-0.49767682144503694,0.5650169036223476,2.8737,1,2.8737,6.0,inf
723,5,0.7091654803812723,-0.49767682144503694,0.5650169036223476,2.8737,1,2.8737,6.0,inf
724,0,0.04389902648713852,0.018523666297107513,-0.8874732431871483,0.6291,1,0.6291,6.0,inf
724,1,0.04389902648713852,0.018523666297107513,-0.8874732431871483,0.6291,1,0.6291,6.0,inf
724,2,0.04389902648713852,0.018523666297107513,-0.8874732431871483,0.6291,1,0.6291,6.0,inf
724,3,0.04389902648713852,0.018523666297107513,-0.8874732431871483,0.6291,1,0.6291,6.0,inf
724,4,0.04389902648713852,0.018523666297107513,-0.8874732431871483,0.6291,1,0.6291,6.0,inf
724,5,0.04389902648713852,0.018523666297107513,-0.8874732431871483,0.6291,1,0.6291,6.0,inf
725,0,-0.7467291750188407,-0.5041089736812681,-1.2590338711662468,1.6706999999999999,1,1.6706999999999999,6.0,inf
725,1,-0.7467291750188407,-0.5041089736812681,-1.2590338711662468,1.6706999999999999,1,1.6706999999999999,6.0,inf
725,2,-0.7467291750188407,-0.5041089736812681,-1.2590338711662468,1.6706999999999999,1,1.6706999999999999,6.0,inf
725,3,-0.7467291750188407,-0.5041089736812681,-1.2590338711662468,1.6706999999999999,1,1.6706999999999999,6.0,inf
725,4,-0.7467291750188407,-0.5041089736812681,-1.2590338711662468,1.6706999999999999,1,1.6706999999999999,6.0,inf
725,5,-0.7467291750188407,-0.5041089736812681,-1.2590338711662468,1.6706999999999999,1,1.6706999999999999,6.0,inf
726,0,-0.24193366613736467,0.894268328588358,-1.2635900438916052,3.7145999999999995,1,3.7145999999999995,6.0,inf
726,1,-0.24193366613736467,0.894268328588358,-1.2635900438916052,3.7145999999999995,1,3.7145999999999995,6.0,inf
726,2,-0.24193366613736467,0.894268328588358,-1.2635900438916052,3.7145999999999995,1,3.7145999999999995,6.0,inf
726,3,-0.24193366613736467,0.894268328588358,-1.2635900438916052,3.7145999999999995,1,3.7145999999999995,6.0,inf
726,4,-0.24193366613736467,0.894268328588358,-1.2635900438916052,3.7145999999999995,1,3.7145999999999995,6.0,inf
726,5,-0.24193366613736467,0.894268328588358,-1.2635900438916052,3.7145999999999995,1,3.7145999999999995,6.0,inf
727,0,0.4131811722152053,-0.7924797114524749,-0.5247508000422633,5.870699999999999,1,5.870699999999999,6.0,inf
727,1,0.4131811722152053,-0.7924797114524749,-0.5247508000422633,5.870699999999999,1,5.870699999999999,6.0,inf
727,2,0.4131811722152053,-0.7924797114524749,-0.5247508000422633,5.870699999999999,1,5.870699999999999,6.0,inf
727,3,0.4131811722152053,-0.7924797114524749,-0.5247508000422633,5.870699999999999,1,5.870699999999999,6.0,inf
727,4,0.4131811722152053,-0.7924797114524749,-0.5247508000422633,5.870699999999999,1,5.870699999999999,6.0,inf
727,5,0.4131811722152053,-0.7924797114524749,-0.5247508000422633,5.870699999999999,1,5.870699999999999,6.0,inf
728,0,1.513556031520321,0.3401886595245013,-0.13312477585578927,1.7195999999999998,1,1.7195999999999998,6.0,inf
728,1,1.513556031520321,0.3401886595245013,-0.13312477585578927,1.7195999999999998,1,1.7195999999999998,6.0,inf
728,2,1.513556031520321,0.3401886595245013,-0.13312477585578927,1.7195999999999998,1,1.7195999999999998,6.0,inf
728,3,1.513556031520321,0.3401886595245013,-0.13312477585578927,1.7195999999999998,1,1.7195999999999998,6.0,inf
728,4,1.513556031520321,0.3401886595245013,-0.13312477585578927,1.7195999999999998,1,1.7195999999999998,6.0,inf
728,5,1.513556031520321,0.3401886595245013,-0.13312477585578927,1.7195999999999998,1,1.7195999999999998,6.0,inf
729,0,0.7592528979749766,0.10320844091309238,-1.111263529858209,4.727099999999999,1,4.727099999999999,6.0,inf
729,1,0.7592528979749766,0.10320844091309238,-1.111263529858209,4.727099999999999,1,4.727099999999999,6.0,inf
729,2,0.7592528979749766,0.10320844091309238,-1.111263529858209,4.727099999999999,1,4.727099999999999,6.0,inf
729,3,0.7592528979749766,0.10320844091309238,-1.111263529858209,4.727099999999999,1,4.727099999999999,6.0,inf
729,4,0.7592528979749766,0.10320844091309238,-1.111263529858209,4.727099999999999,1,4.727099999999999,6.0,inf
729,5,0.7592528979749766,0.10320844091309238,-1.111263529858209,4.727099999999999,1,4.727099999999999,6.0,inf
730,0,-1.8907056665272592,0.4306280716197431,0.3155017373569354,2.739,1,2.739,6.0,inf
730,1,-1.8907056665272592,0.4306280716197431,0.3155017373569354,2.739,1,2.739,6.0,inf
730,2,-1.8907056665272592,0.4306280716197431,0.3155017373569354,2.739,1,2.739,6.0,inf
730,3,-1.8907056665272592,0.4306280716197431,0.3155017373569354,2.739,1,2.739,6.0,inf
730,4,-1.8907056665272592,0.4306280716197431,0.3155017373569354,2.739,1,2.739,6.0,inf
730,5,-1.8907056665272592,0.4306280716197431,0.3155017373569354,2.739,1,2.739,6.0,inf
731,0,-0.08649043059661335,-0.30190455038706093,-0.42855930162826006,1.5014999999999998,1,1.5014999999999998,6.0,inf
731,1,-0.08649043059661335,-0.30190455038706093,-0.42855930162826006,1.5014999999999998,1,1.5014999999999998,6.0,inf
731,2,-0.08649043059661335,-0.30190455038706093,-0.42855930162826006,1.5014999999999998,1,1.5014999999999998,6.0,inf
731,3,-0.08649043059661335,-0.30190455038706093,-0.42855930162826006,1.5014999999999998,1,1.5014999999999998,6.0,inf
731,4,-0.08649043059661335,-0.30190455038706093,-0.42855930162826006,1.5014999999999998,1,1.5014999999999998,6.0,inf
731,5,-0.08649043059661335,-0.30190455038706093,-0.42855930162826006,1.5014999999999998,1,1.5014999999999998,6.0,inf
732,0,0.4189889991180215,-0.1387724611519483,-0.8608210573576981,4.5809999999999995,1,4.5809999999999995,6.0,inf
732,1,0.4189889991180215,-0.1387724611519483,-0.8608210573576981,4.5809999999999995,1,4.5809999999999995,6.0,inf
732,2,0.4189889991180215,-0.1387724611519483,-0.8608210573576981,4.5809999999999995,1,4.5809999999999995,6.0,inf
732,3,0.4189889991180215,-0.1387724611519483,-0.8608210573576981,4.5809999999999995,1,4.5809999999999995,6.0,inf
732,4,0.4189889991180215,-0.1387724611519483,-0.8608210573576981,4.5809999999999995,1,4.5809999999999995,6.0,inf
732,5,0.4189889991180215,-0.1387724611519483,-0.8608210573576981,4.5809999999999995,1,4.5809999999999995,6.0,inf
733,0,0.6230938580988137,0.3623429420445648,-2.2607979246060737,1.1864999999999999,1,1.1864999999999999,6.0,inf
733,1,0.6230938580988137,0.3623429420445648,-2.2607979246060737,1.1864999999999999,1,1.1864999999999999,6.0,inf
733,2,0.6230938580988137,0.3623429420445648,-2.2607979246060737,1.1864999999999999,1,1.1864999999999999,6.0,inf
733,3,0.6230938580988137,0.3623429420445648,-2.2607979246060737,1.1864999999999999,1,1.1864999999999999,6.0,inf
733,4,0.6230938580988137,0.3623429420445648,-2.2607979246060737,1.1864999999999999,1,1.1864999999999999,6.0,inf
733,5,0.6230938580988137,0.3623429420445648,-2.2607979246060737,1.1864999999999999,1,1.1864999999999999,6.0,inf
734,0,1.3606725257285297,0.625953606937045,-1.65854126384796,2.7939,1,2.7939,6.0,inf
734,1,1.3606725257285297,0.625953606937045,-1.65854126384796,2.7939,1,2.7939,6.0,inf
734,2,1.3606725257285297,0.625953606937045,-1.65854126384796,2.7939,1,2.7939,6.0,inf
734,3,1.3606725257285297,0.625953606937045,-1.65854126384796,2.7939,1,2.7939,6.0,inf
734,4,1.3606725257285297,0.625953606937045,-1.65854126384796,2.7939,1,2.7939,6.0,inf
734,5,1.3606725257285297,0.625953606937045,-1.65854126384796,2.7939,1,2.7939,6.0,inf
735,0,-0.5753142098138572,1.1143663666355412,2.1287402084873697,2.0414999999999996,1,2.0414999999999996,6.0,inf
735,1,-0.5753142098138572,1.1143663666355412,2.1287402084873697,2.0414999999999996,1,2.0414999999999996,6.0,inf
735,2,-0.5753142098138572,1.1143663666355412,2.1287402084873697,2.0414999999999996,1,2.0414999999999996,6.0,inf
735,3,-0.5753142098138572,1.1143663666355412,2.1287402084873697,2.0414999999999996,1,2.0414999999999996,6.0,inf
735,4,-0.5753142098138572,1.1143663666355412,2.1287402084873697,2.0414999999999996,1,2.0414999999999996,6.0,inf
735,5,-0.5753142098138572,1.1143663666355412,2.1287402084873697,2.0414999999999996,1,2.0414999999999996,6.0,inf
736,0,-0.41689605961284804,-0.7175251089107322,-0.8194356014607709,1.8921,1,1.8921,6.0,inf
736,1,-0.41689605961284804,-0.7175251089107322,-0.8194356014607709,1.8921,1,1.8921,6.0,inf
736,2,-0.41689605961284804,-0.7175251089107322,-0.8194356014607709,1.8921,1,1.8921,6.0,inf
736,3,-0.41689605961284804,-0.7175251089107322,-0.8194356014607709,1.8921,1,1.8921,6.0,inf
736,4,-0.41689605961284804,-0.7175251089107322,-0.8194356014607709,1.8921,1,1.8921,6.0,inf
736,5,-0.41689605961284804,-0.7175251089107322,-0.8194356014607709,1.8921,1,1.8921,6.0,inf
737,0,0.9283914495161987,0.4652648405497286,0.8646556274678948,1.3931999999999998,1,1.3931999999999998,6.0,inf
737,1,0.9283914495161987,0.4652648405497286,0.8646556274678948,1.3931999999999998,1,1.3931999999999998,6.0,inf
737,2,0.9283914495161987,0.4652648405497286,0.8646556274678948,1.3931999999999998,1,1.3931999999999998,6.0,inf
737,3,0.9283914495161987,0.4652648405497286,0.8646556274678948,1.3931999999999998,1,1.3931999999999998,6.0,inf
737,4,0.9283914495161987,0.4652648405497286,0.8646556274678948,1.3931999999999998,1,1.3931999999999998,6.0,inf
737,5,0.9283914495161987,0.4652648405497286,0.8646556274678948,1.3931999999999998,1,1.3931999999999998,6.0,inf
738,0,-1.8266306404110466,0.41329285800938254,-1.4161642829915684,2.0568,1,2.0568,6.0,inf
738,1,-1.8266306404110466,0.41329285800938254,-1.4161642829915684,2.0568,1,2.0568,6.0,inf
738,2,-1.8266306404110466,0.41329285800938254,-1.4161642829915684,2.0568,1,2.0568,6.0,inf
738,3,-1.8266306404110466,0.41329285800938254,-1.4161642829915684,2.0568,1,2.0568,6.0,inf
738,4,-1.8266306404110466,0.41329285800938254,-1.4161642829915684,2.0568,1,2.0568,6.0,inf
738,5,-1.8266306404110466,0.41329285800938254,-1.4161642829915684,2.0568,1,2.0568,6.0,inf
739,0,1.2454571637845755,0.38654000227122753,-0.7878484767053278,2.7348,1,2.7348,6.0,inf
739,1,1.2454571637845755,0.38654000227122753,-0.7878484767053278,2.7348,1,2.7348,6.0,inf
739,2,1.2454571637845755,0.38654000227122753,-0.7878484767053278,2.7348,1,2.7348,6.0,inf
739,3,1.2454571637845755,0.38654000227122753,-0.7878484767053278,2.7348,1,2.7348,6.0,inf
739,4,1.2454571637845755,0.38654000227122753,-0.7878484767053278,2.7348,1,2.7348,6.0,inf
739,5,1.2454571637845755,0.38654000227122753,-0.7878484767053278,2.7348,1,2.7348,6.0,inf
740,0,-0.49764837616606666,-0.9715796569761238,0.9720269459297558,4.5851999999999995,1,4.5851999999999995,6.0,inf
740,1,-0.49764837616606666,-0.9715796569761238,0.9720269459297558,4.5851999999999995,1,4.5851999999999995,6.0,inf
740,2,-0.49764837616606666,-0.9715796569761238,0.9720269459297558,4.5851999999999995,1,4.5851999999999995,6.0,inf
740,3,-0.49764837616606666,-0.9715796569761238,0.9720269459297558,4.5851999999999995,1,4.5851999999999995,6.0,inf
740,4,-0.49764837616606666,-0.9715796569761238,0.9720269459297558,4.5851999999999995,1,4.5851999999999995,6.0,inf
740,5,-0.49764837616606666,-0.9715796569761238,0.9720269459297558,4.5851999999999995,1,4.5851999999999995,6.0,inf
741,0,0.05060621615082241,-0.6488073586874297,-0.7451649824352138,6.0,0,7.248899999999999,6.0,inf
741,1,0.05060621615082241,-0.6488073586874297,-0.7451649824352138,6.0,0,7.248899999999999,6.0,inf
741,2,0.05060621615082241,-0.6488073586874297,-0.7451649824352138,6.0,0,7.248899999999999,6.0,inf
741,3,0.05060621615082241,-0.6488073586874297,-0.7451649824352138,6.0,0,7.248899999999999,6.0,inf
741,4,0.05060621615082241,-0.6488073586874297,-0.7451649824352138,6.0,0,7.248899999999999,6.0,inf
741,5,0.05060621615082241,-0.6488073586874297,-0.7451649824352138,6.0,0,7.248899999999999,6.0,inf
742,0,0.41448851510264606,2.2799640380686927,1.0443918575259998,0.1566,1,0.1566,6.0,inf
742,1,0.41448851510264606,2.2799640380686927,1.0443918575259998,0.1566,1,0.1566,6.0,inf
742,2,0.41448851510264606,2.2799640380686927,1.0443918575259998,0.1566,1,0.1566,6.0,inf
742,3,0.41448851510264606,2.2799640380686927,1.0443918575259998,0.1566,1,0.1566,6.0,inf
742,4,0.41448851510264606,2.2799640380686927,1.0443918575259998,0.1566,1,0.1566,6.0,inf
742,5,0.41448851510264606,2.2799640380686927,1.0443918575259998,0.1566,1,0.1566,6.0,inf
743,0,0.5898835160765512,-0.5094924381213728,-0.5571118445865755,2.1588,1,2.1588,6.0,inf
743,1,0.5898835160765512,-0.5094924381213728,-0.5571118445865755,2.1588,1,2.1588,6.0,inf
743,2,0.5898835160765512,-0.5094924381213728,-0.5571118445865755,2.1588,1,2.1588,6.0,inf
743,3,0.5898835160765512,-0.5094924381213728,-0.5571118445865755,2.1588,1,2.1588,6.0,inf
743,4,0.5898835160765512,-0.5094924381213728,-0.5571118445865755,2.1588,1,2.1588,6.0,inf
743,5,0.5898835160765512,-0.5094924381213728,-0.5571118445865755,2.1588,1,2.1588,6.0,inf
744,0,-0.15327705983036374,-1.34958736679351,0.43997365107098035,5.9349,1,5.9349,6.0,inf
744,1,-0.15327705983036374,-1.34958736679351,0.43997365107098035,5.9349,1,5.9349,6.0,inf
744,2,-0.15327705983036374,-1.34958736679351,0.43997365107098035,5.9349,1,5.9349,6.0,inf
744,3,-0.15327705983036374,-1.34958736679351,0.43997365107098035,5.9349,1,5.9349,6.0,inf
744,4,-0.15327705983036374,-1.34958736679351,0.43997365107098035,5.9349,1,5.9349,6.0,inf
744,5,-0.15327705983036374,-1.34958736679351,0.43997365107098035,5.9349,1,5.9349,6.0,inf
745,0,1.1135725648678338,0.39252464442808016,-0.3035345731067918,2.1344999999999996,1,2.1344999999999996,6.0,inf
745,1,1.1135725648678338,0.39252464442808016,-0.3035345731067918,2.1344999999999996,1,2.1344999999999996,6.0,inf
745,2,1.1135725648678338,0.39252464442808016,-0.3035345731067918,2.1344999999999996,1,2.1344999999999996,6.0,inf
745,3,1.1135725648678338,0.39252464442808016,-0.3035345731067918,2.1344999999999996,1,2.1344999999999996,6.0,inf
745,4,1.1135725648678338,0.39252464442808016,-0.3035345731067918,2.1344999999999996,1,2.1344999999999996,6.0,inf
745,5,1.1135725648678338,0.39252464442808016,-0.3035345731067918,2.1344999999999996,1,2.1344999999999996,6.0,inf
746,0,0.2795923982273909,-0.6925726262754077,-1.5502879528581386,0.7748999999999999,1,0.7748999999999999,6.0,inf
746,1,0.2795923982273909,-0.6925726262754077,-1.5502879528581386,0.7748999999999999,1,0.7748999999999999,6.0,inf
746,2,0.2795923982273909,-0.6925726262754077,-1.5502879528581386,0.7748999999999999,1,0.7748999999999999,6.0,inf
746,3,0.2795923982273909,-0.6925726262754077,-1.5502879528581386,0.7748999999999999,1,0.7748999999999999,6.0,inf
746,4,0.2795923982273909,-0.6925726262754077,-1.5502879528581386,0.7748999999999999,1,0.7748999999999999,6.0,inf
746,5,0.2795923982273909,-0.6925726262754077,-1.5502879528581386,0.7748999999999999,1,0.7748999999999999,6.0,inf
747,0,0.3022298216812148,-1.236681101751453,-1.1475724878862805,5.388299999999999,1,5.388299999999999,6.0,inf
747,1,0.3022298216812148,-1.236681101751453,-1.1475724878862805,5.388299999999999,1,5.388299999999999,6.0,inf
747,2,0.3022298216812148,-1.236681101751453,-1.1475724878862805,5.388299999999999,1,5.388299999999999,6.0,inf
747,3,0.3022298216812148,-1.236681101751453,-1.1475724878862805,5.388299999999999,1,5.388299999999999,6.0,inf
747,4,0.3022298216812148,-1.236681101751453,-1.1475724878862805,5.388299999999999,1,5.388299999999999,6.0,inf
747,5,0.3022298216812148,-1.236681101751453,-1.1475724878862805,5.388299999999999,1,5.388299999999999,6.0,inf
748,0,-0.6425110416803784,1.3551402682578824,-0.8939028481578557,3.8630999999999998,1,3.8630999999999998,6.0,inf
748,1,-0.6425110416803784,1.3551402682578824,-0.8939028481578557,3.8630999999999998,1,3.8630999999999998,6.0,inf
748,2,-0.6425110416803784,1.3551402682578824,-0.8939028481578557,3.8630999999999998,1,3.8630999999999998,6.0,inf
748,3,-0.6425110416803784,1.3551402682578824,-0.8939028481578557,3.8630999999999998,1,3.8630999999999998,6.0,inf
748,4,-0.6425110416803784,1.3551402682578824,-0.8939028481578557,3.8630999999999998,1,3.8630999999999998,6.0,inf
748,5,-0.6425110416803784,1.3551402682578824,-0.8939028481578557,3.8630999999999998,1,3.8630999999999998,6.0,inf
749,0,-1.364437763555283,0.22694276830068408,0.9837340162180689,5.042999999999999,1,5.042999999999999,6.0,inf
749,1,-1.364437763555283,0.22694276830068408,0.9837340162180689,5.042999999999999,1,5.042999999999999,6.0,inf
749,2,-1.364437763555283,0.22694276830068408,0.9837340162180689,5.042999999999999,1,5.042999999999999,6.0,inf
749,3,-1.364437763555283,0.22694276830068408,0.9837340162180689,5.042999999999999,1,5.042999999999999,6.0,inf
749,4,-1.364437763555283,0.22694276830068408,0.9837340162180689,5.042999999999999,1,5.042999999999999,6.0,inf
749,5,-1.364437763555283,0.22694276830068408,0.9837340162180689,5.042999999999999,1,5.042999999999999,6.0,inf
750,0,-0.6661232631067804,-1.0921965893666497,-0.6195958996580584,6.0,0,8.0001,6.0,inf
750,1,-0.6661232631067804,-1.0921965893666497,-0.6195958996580584,6.0,0,8.0001,6.0,inf
750,2,-0.6661232631067804,-1.0921965893666497,-0.6195958996580584,6.0,0,8.0001,6.0,inf
750,3,-0.6661232631067804,-1.0921965893666497,-0.6195958996580584,6.0,0,8.0001,6.0,inf
750,4,-0.6661232631067804,-1.0921965893666497,-0.6195958996580584,6.0,0,8.0001,6.0,inf
750,5,-0.6661232631067804,-1.0921965893666497,-0.6195958996580584,6.0,0,8.0001,6.0,inf
751,0,-0.41786178031876287,0.1738443063779765,0.7850629306083151,2.4107999999999996,1,2.4107999999999996,6.0,inf
751,1,-0.41786178031876287,0.1738443063779765,0.7850629306083151,2.4107999999999996,1,2.4107999999999996,6.0,inf
751,2,-0.41786178031876287,0.1738443063779765,0.7850629306083151,2.4107999999999996,1,2.4107999999999996,6.0,inf
751,3,-0.41786178031876287,0.1738443063779765,0.7850629306083151,2.4107999999999996,1,2.4107999999999996,6.0,inf
751,4,-0.41786178031876287,0.1738443063779765,0.7850629306083151,2.4107999999999996,1,2.4107999999999996,6.0,inf
751,5,-0.41786178031876287,0.1738443063779765,0.7850629306083151,2.4107999999999996,1,2.4107999999999996,6.0,inf
752,0,0.36923964571842194,0.5352522532009665,-0.6872126167101299,1.0658999999999998,1,1.0658999999999998,6.0,inf
752,1,0.36923964571842194,0.5352522532009665,-0.6872126167101299,1.0658999999999998,1,1.0658999999999998,6.0,inf
752,2,0.36923964571842194,0.5352522532009665,-0.6872126167101299,1.0658999999999998,1,1.0658999999999998,6.0,inf
752,3,0.36923964571842194,0.5352522532009665,-0.6872126167101299,1.0658999999999998,1,1.0658999999999998,6.0,inf
752,4,0.36923964571842194,0.5352522532009665,-0.6872126167101299,1.0658999999999998,1,1.0658999999999998,6.0,inf
752,5,0.36923964571842194,0.5352522532009665,-0.6872126167101299,1.0658999999999998,1,1.0658999999999998,6.0,inf
753,0,2.005016167537338,2.315585681098461,1.3465132795744275,0.12,1,0.12,6.0,inf
753,1,2.005016167537338,2.315585681098461,1.3465132795744275,0.12,1,0.12,6.0,inf
753,2,2.005016167537338,2.315585681098461,1.3465132795744275,0.12,1,0.12,6.0,inf
753,3,2.005016167537338,2.315585681098461,1.3465132795744275,0.12,1,0.12,6.0,inf
753,4,2.005016167537338,2.315585681098461,1.3465132795744275,0.12,1,0.12,6.0,inf
753,5,2.005016167537338,2.315585681098461,1.3465132795744275,0.12,1,0.12,6.0,inf
754,0,0.702985126747327,-1.0733519946803993,-0.5425667426778161,6.0,0,6.3237,6.0,inf
754,1,0.702985126747327,-1.0733519946803993,-0.5425667426778161,6.0,0,6.3237,6.0,inf
754,2,0.702985126747327,-1.0733519946803993,-0.5425667426778161,6.0,0,6.3237,6.0,inf
754,3,0.702985126747327,-1.0733519946803993,-0.5425667426778161,6.0,0,6.3237,6.0,inf
754,4,0.702985126747327,-1.0733519946803993,-0.5425667426778161,6.0,0,6.3237,6.0,inf
754,5,0.702985126747327,-1.0733519946803993,-0.5425667426778161,6.0,0,6.3237,6.0,inf
755,0,0.8399336517727811,1.0057553050576147,-0.7249321898615795,1.2719999999999998,1,1.2719999999999998,6.0,inf
755,1,0.8399336517727811,1.0057553050576147,-0.7249321898615795,1.2719999999999998,1,1.2719999999999998,6.0,inf
755,2,0.8399336517727811,1.0057553050576147,-0.7249321898615795,1.2719999999999998,1,1.2719999999999998,6.0,inf
755,3,0.8399336517727811,1.0057553050576147,-0.7249321898615795,1.2719999999999998,1,1.2719999999999998,6.0,inf
755,4,0.8399336517727811,1.0057553050576147,-0.7249321898615795,1.2719999999999998,1,1.2719999999999998,6.0,inf
755,5,0.8399336517727811,1.0057553050576147,-0.7249321898615795,1.2719999999999998,1,1.2719999999999998,6.0,inf
756,0,-0.452104003985465,-0.04894320946889429,-1.8594218221216527,6.0,0,8.0001,6.0,inf
756,1,-0.452104003985465,-0.04894320946889429,-1.8594218221216527,6.0,0,8.0001,6.0,inf
756,2,-0.452104003985465,-0.04894320946889429,-1.8594218221216527,6.0,0,8.0001,6.0,inf
756,3,-0.452104003985465,-0.04894320946889429,-1.8594218221216527,6.0,0,8.0001,6.0,inf
756,4,-0.452104003985465,-0.04894320946889429,-1.8594218221216527,6.0,0,8.0001,6.0,inf
756,5,-0.452104003985465,-0.04894320946889429,-1.8594218221216527,6.0,0,8.0001,6.0,inf
757,0,0.9652907994732586,-1.1967331194126507,-0.3031139092528835,0.9128999999999999,1,0.9128999999999999,6.0,inf
757,1,0.9652907994732586,-1.1967331194126507,-0.3031139092528835,0.9128999999999999,1,0.9128999999999999,6.0,inf
757,2,0.9652907994732586,-1.1967331194126507,-0.3031139092528835,0.9128999999999999,1,0.9128999999999999,6.0,inf
757,3,0.9652907994732586,-1.1967331194126507,-0.3031139092528835,0.9128999999999999,1,0.9128999999999999,6.0,inf
757,4,0.9652907994732586,-1.1967331194126507,-0.3031139092528835,0.9128999999999999,1,0.9128999999999999,6.0,inf
757,5,0.9652907994732586,-1.1967331194126507,-0.3031139092528835,0.9128999999999999,1,0.9128999999999999,6.0,inf
758,0,0.14213919491401944,-0.24799537976360084,-1.2733430056592858,2.8589999999999995,1,2.8589999999999995,6.0,inf
758,1,0.14213919491401944,-0.24799537976360084,-1.2733430056592858,2.8589999999999995,1,2.8589999999999995,6.0,inf
758,2,0.14213919491401944,-0.24799537976360084,-1.2733430056592858,2.8589999999999995,1,2.8589999999999995,6.0,inf
758,3,0.14213919491401944,-0.24799537976360084,-1.2733430056592858,2.8589999999999995,1,2.8589999999999995,6.0,inf
758,4,0.14213919491401944,-0.24799537976360084,-1.2733430056592858,2.8589999999999995,1,2.8589999999999995,6.0,inf
758,5,0.14213919491401944,-0.24799537976360084,-1.2733430056592858,2.8589999999999995,1,2.8589999999999995,6.0,inf
759,0,0.8342531107041624,-0.4582028853000598,-0.09150190309338321,3.6447,1,3.6447,6.0,inf
759,1,0.8342531107041624,-0.4582028853000598,-0.09150190309338321,3.6447,1,3.6447,6.0,inf
759,2,0.8342531107041624,-0.4582028853000598,-0.09150190309338321,3.6447,1,3.6447,6.0,inf
759,3,0.8342531107041624,-0.4582028853000598,-0.09150190309338321,3.6447,1,3.6447,6.0,inf
759,4,0.8342531107041624,-0.4582028853000598,-0.09150190309338321,3.6447,1,3.6447,6.0,inf
759,5,0.8342531107041624,-0.4582028853000598,-0.09150190309338321,3.6447,1,3.6447,6.0,inf
760,0,-1.8433536101207735,0.9599287283844106,-0.8408549962479476,6.0,0,8.0001,6.0,inf
760,1,-1.8433536101207735,0.9599287283844106,-0.8408549962479476,6.0,0,8.0001,6.0,inf
760,2,-1.8433536101207735,0.9599287283844106,-0.8408549962479476,6.0,0,8.0001,6.0,inf
760,3,-1.8433536101207735,0.9599287283844106,-0.8408549962479476,6.0,0,8.0001,6.0,inf
760,4,-1.8433536101207735,0.9599287283844106,-0.8408549962479476,6.0,0,8.0001,6.0,inf
760,5,-1.8433536101207735,0.9599287283844106,-0.8408549962479476,6.0,0,8.0001,6.0,inf
761,0,0.674843723748742,0.3101487680550121,1.4031815268565846,2.3556,1,2.3556,6.0,inf
761,1,0.674843723748742,0.3101487680550121,1.4031815268565846,2.3556,1,2.3556,6.0,inf
761,2,0.674843723748742,0.3101487680550121,1.4031815268565846,2.3556,1,2.3556,6.0,inf
761,3,0.674843723748742,0.3101487680550121,1.4031815268565846,2.3556,1,2.3556,6.0,inf
761,4,0.674843723748742,0.3101487680550121,1.4031815268565846,2.3556,1,2.3556,6.0,inf
761,5,0.674843723748742,0.3101487680550121,1.4031815268565846,2.3556,1,2.3556,6.0,inf
762,0,-0.7366674635073593,0.8622112879976417,-1.034107140661604,3.4389,1,3.4389,6.0,inf
762,1,-0.7366674635073593,0.8622112879976417,-1.034107140661604,3.4389,1,3.4389,6.0,inf
762,2,-0.7366674635073593,0.8622112879976417,-1.034107140661604,3.4389,1,3.4389,6.0,inf
762,3,-0.7366674635073593,0.8622112879976417,-1.034107140661604,3.4389,1,3.4389,6.0,inf
762,4,-0.7366674635073593,0.8622112879976417,-1.034107140661604,3.4389,1,3.4389,6.0,inf
762,5,-0.7366674635073593,0.8622112879976417,-1.034107140661604,3.4389,1,3.4389,6.0,inf
763,0,0.8255559299441458,-0.5591840111611238,0.1717086518172378,2.0997,1,2.0997,6.0,inf
763,1,0.8255559299441458,-0.5591840111611238,0.1717086518172378,2.0997,1,2.0997,6.0,inf
763,2,0.8255559299441458,-0.5591840111611238,0.1717086518172378,2.0997,1,2.0997,6.0,inf
763,3,0.8255559299441458,-0.5591840111611238,0.1717086518172378,2.0997,1,2.0997,6.0,inf
763,4,0.8255559299441458,-0.5591840111611238,0.1717086518172378,2.0997,1,2.0997,6.0,inf
763,5,0.8255559299441458,-0.5591840111611238,0.1717086518172378,2.0997,1,2.0997,6.0,inf
764,0,0.5307557647195996,-1.8149602614112914,0.28059004646268987,2.5004999999999997,1,2.5004999999999997,6.0,inf
764,1,0.5307557647195996,-1.8149602614112914,0.28059004646268987,2.5004999999999997,1,2.5004999999999997,6.0,inf
764,2,0.5307557647195996,-1.8149602614112914,0.28059004646268987,2.5004999999999997,1,2.5004999999999997,6.0,inf
764,3,0.5307557647195996,-1.8149602614112914,0.28059004646268987,2.5004999999999997,1,2.5004999999999997,6.0,inf
764,4,0.5307557647195996,-1.8149602614112914,0.28059004646268987,2.5004999999999997,1,2.5004999999999997,6.0,inf
764,5,0.5307557647195996,-1.8149602614112914,0.28059004646268987,2.5004999999999997,1,2.5004999999999997,6.0,inf
765,0,-0.4502870173087486,0.7847776834198471,0.14621674230846954,1.2489,1,1.2489,6.0,inf
765,1,-0.4502870173087486,0.7847776834198471,0.14621674230846954,1.2489,1,1.2489,6.0,inf
765,2,-0.4502870173087486,0.7847776834198471,0.14621674230846954,1.2489,1,1.2489,6.0,inf
765,3,-0.4502870173087486,0.7847776834198471,0.14621674230846954,1.2489,1,1.2489,6.0,inf
765,4,-0.4502870173087486,0.7847776834198471,0.14621674230846954,1.2489,1,1.2489,6.0,inf
765,5,-0.4502870173087486,0.7847776834198471,0.14621674230846954,1.2489,1,1.2489,6.0,inf
766,0,-1.243987193273134,-0.3974084782161068,-0.27355959751574244,2.8181999999999996,1,2.8181999999999996,6.0,inf
766,1,-1.243987193273134,-0.3974084782161068,-0.27355959751574244,2.8181999999999996,1,2.8181999999999996,6.0,inf
766,2,-1.243987193273134,-0.3974084782161068,-0.27355959751574244,2.8181999999999996,1,2.8181999999999996,6.0,inf
766,3,-1.243987193273134,-0.3974084782161068,-0.27355959751574244,2.8181999999999996,1,2.8181999999999996,6.0,inf
766,4,-1.243987193273134,-0.3974084782161068,-0.27355959751574244,2.8181999999999996,1,2.8181999999999996,6.0,inf
766,5,-1.243987193273134,-0.3974084782161068,-0.27355959751574244,2.8181999999999996,1,2.8181999999999996,6.0,inf
767,0,-0.32267920375740106,-0.6121677747137791,-0.6490939673318115,2.5404,1,2.5404,6.0,inf
767,1,-0.32267920375740106,-0.6121677747137791,-0.6490939673318115,2.5404,1,2.5404,6.0,inf
767,2,-0.32267920375740106,-0.6121677747137791,-0.6490939673318115,2.5404,1,2.5404,6.0,inf
767,3,-0.32267920375740106,-0.6121677747137791,-0.6490939673318115,2.5404,1,2.5404,6.0,inf
767,4,-0.32267920375740106,-0.6121677747137791,-0.6490939673318115,2.5404,1,2.5404,6.0,inf
767,5,-0.32267920375740106,-0.6121677747137791,-0.6490939673318115,2.5404,1,2.5404,6.0,inf
768,0,0.9037487452559418,0.514397039589748,-0.0013999847230587049,2.0799,1,2.0799,6.0,inf
768,1,0.9037487452559418,0.514397039589748,-0.0013999847230587049,2.0799,1,2.0799,6.0,inf
768,2,0.9037487452559418,0.514397039589748,-0.0013999847230587049,2.0799,1,2.0799,6.0,inf
768,3,0.9037487452559418,0.514397039589748,-0.0013999847230587049,2.0799,1,2.0799,6.0,inf
768,4,0.9037487452559418,0.514397039589748,-0.0013999847230587049,2.0799,1,2.0799,6.0,inf
768,5,0.9037487452559418,0.514397039589748,-0.0013999847230587049,2.0799,1,2.0799,6.0,inf
769,0,-0.8217298571128736,0.7334395003116224,1.8724746434382313,1.0995,1,1.0995,6.0,inf
769,1,-0.8217298571128736,0.7334395003116224,1.8724746434382313,1.0995,1,1.0995,6.0,inf
769,2,-0.8217298571128736,0.7334395003116224,1.8724746434382313,1.0995,1,1.0995,6.0,inf
769,3,-0.8217298571128736,0.7334395003116224,1.8724746434382313,1.0995,1,1.0995,6.0,inf
769,4,-0.8217298571128736,0.7334395003116224,1.8724746434382313,1.0995,1,1.0995,6.0,inf
769,5,-0.8217298571128736,0.7334395003116224,1.8724746434382313,1.0995,1,1.0995,6.0,inf
770,0,-0.4561345606093366,-0.7668959175146179,0.22556927637599156,3.8315999999999995,1,3.8315999999999995,6.0,inf
770,1,-0.4561345606093366,-0.7668959175146179,0.22556927637599156,3.8315999999999995,1,3.8315999999999995,6.0,inf
770,2,-0.4561345606093366,-0.7668959175146179,0.22556927637599156,3.8315999999999995,1,3.8315999999999995,6.0,inf
770,3,-0.4561345606093366,-0.7668959175146179,0.22556927637599156,3.8315999999999995,1,3.8315999999999995,6.0,inf
770,4,-0.4561345606093366,-0.7668959175146179,0.22556927637599156,3.8315999999999995,1,3.8315999999999995,6.0,inf
770,5,-0.4561345606093366,-0.7668959175146179,0.22556927637599156,3.8315999999999995,1,3.8315999999999995,6.0,inf
771,0,0.3723855186894716,-0.3389206866081306,0.9755139701372751,2.4858,1,2.4858,6.0,inf
771,1,0.3723855186894716,-0.3389206866081306,0.9755139701372751,2.4858,1,2.4858,6.0,inf
771,2,0.3723855186894716,-0.3389206866081306,0.9755139701372751,2.4858,1,2.4858,6.0,inf
771,3,0.3723855186894716,-0.3389206866081306,0.9755139701372751,2.4858,1,2.4858,6.0,inf
771,4,0.3723855186894716,-0.3389206866081306,0.9755139701372751,2.4858,1,2.4858,6.0,inf
771,5,0.3723855186894716,-0.3389206866081306,0.9755139701372751,2.4858,1,2.4858,6.0,inf
772,0,-1.1564832148841033,0.6264360186044972,0.1516096272360227,1.9553999999999998,1,1.9553999999999998,6.0,inf
772,1,-1.1564832148841033,0.6264360186044972,0.1516096272360227,1.9553999999999998,1,1.9553999999999998,6.0,inf
772,2,-1.1564832148841033,0.6264360186044972,0.1516096272360227,1.9553999999999998,1,1.9553999999999998,6.0,inf
772,3,-1.1564832148841033,0.6264360186044972,0.1516096272360227,1.9553999999999998,1,1.9553999999999998,6.0,inf
772,4,-1.1564832148841033,0.6264360186044972,0.1516096272360227,1.9553999999999998,1,1.9553999999999998,6.0,inf
772,5,-1.1564832148841033,0.6264360186044972,0.1516096272360227,1.9553999999999998,1,1.9553999999999998,6.0,inf
773,0,-0.4157322065144948,-1.8379716471585812,1.8625255448213607,1.1687999999999998,1,1.1687999999999998,6.0,inf
773,1,-0.4157322065144948,-1.8379716471585812,1.8625255448213607,1.1687999999999998,1,1.1687999999999998,6.0,inf
773,2,-0.4157322065144948,-1.8379716471585812,1.8625255448213607,1.1687999999999998,1,1.1687999999999998,6.0,inf
773,3,-0.4157322065144948,-1.8379716471585812,1.8625255448213607,1.1687999999999998,1,1.1687999999999998,6.0,inf
773,4,-0.4157322065144948,-1.8379716471585812,1.8625255448213607,1.1687999999999998,1,1.1687999999999998,6.0,inf
773,5,-0.4157322065144948,-1.8379716471585812,1.8625255448213607,1.1687999999999998,1,1.1687999999999998,6.0,inf
774,0,-0.31595057775348745,0.6142075600577072,2.466759604278882,1.1835,1,1.1835,6.0,inf
774,1,-0.31595057775348745,0.6142075600577072,2.466759604278882,1.1835,1,1.1835,6.0,inf
774,2,-0.31595057775348745,0.6142075600577072,2.466759604278882,1.1835,1,1.1835,6.0,inf
774,3,-0.31595057775348745,0.6142075600577072,2.466759604278882,1.1835,1,1.1835,6.0,inf
774,4,-0.31595057775348745,0.6142075600577072,2.466759604278882,1.1835,1,1.1835,6.0,inf
774,5,-0.31595057775348745,0.6142075600577072,2.466759604278882,1.1835,1,1.1835,6.0,inf
775,0,0.8728738096981387,-0.6501579446871858,0.4896928815647956,2.1437999999999997,1,2.1437999999999997,6.0,inf
775,1,0.8728738096981387,-0.6501579446871858,0.4896928815647956,2.1437999999999997,1,2.1437999999999997,6.0,inf
775,2,0.8728738096981387,-0.6501579446871858,0.4896928815647956,2.1437999999999997,1,2.1437999999999997,6.0,inf
775,3,0.8728738096981387,-0.6501579446871858,0.4896928815647956,2.1437999999999997,1,2.1437999999999997,6.0,inf
775,4,0.8728738096981387,-0.6501579446871858,0.4896928815647956,2.1437999999999997,1,2.1437999999999997,6.0,inf
775,5,0.8728738096981387,-0.6501579446871858,0.4896928815647956,2.1437999999999997,1,2.1437999999999997,6.0,inf
776,0,0.9382944671069137,1.9641799347939788,-0.6622514003309518,2.0324999999999998,1,2.0324999999999998,6.0,inf
776,1,0.9382944671069137,1.9641799347939788,-0.6622514003309518,2.0324999999999998,1,2.0324999999999998,6.0,inf
776,2,0.9382944671069137,1.9641799347939788,-0.6622514003309518,2.0324999999999998,1,2.0324999999999998,6.0,inf
776,3,0.9382944671069137,1.9641799347939788,-0.6622514003309518,2.0324999999999998,1,2.0324999999999998,6.0,inf
776,4,0.9382944671069137,1.9641799347939788,-0.6622514003309518,2.0324999999999998,1,2.0324999999999998,6.0,inf
776,5,0.9382944671069137,1.9641799347939788,-0.6622514003309518,2.0324999999999998,1,2.0324999999999998,6.0,inf
777,0,0.5386735827442203,-1.4184324230967114,0.5449612546230108,0.6287999999999999,1,0.6287999999999999,6.0,inf
777,1,0.5386735827442203,-1.4184324230967114,0.5449612546230108,0.6287999999999999,1,0.6287999999999999,6.0,inf
777,2,0.5386735827442203,-1.4184324230967114,0.5449612546230108,0.6287999999999999,1,0.6287999999999999,6.0,inf
777,3,0.5386735827442203,-1.4184324230967114,0.5449612546230108,0.6287999999999999,1,0.6287999999999999,6.0,inf
777,4,0.5386735827442203,-1.4184324230967114,0.5449612546230108,0.6287999999999999,1,0.6287999999999999,6.0,inf
777,5,0.5386735827442203,-1.4184324230967114,0.5449612546230108,0.6287999999999999,1,0.6287999999999999,6.0,inf
778,0,-0.07646493757018231,0.9439085423089187,-0.3409401084579519,1.2797999999999998,1,1.2797999999999998,6.0,inf
778,1,-0.07646493757018231,0.9439085423089187,-0.3409401084579519,1.2797999999999998,1,1.2797999999999998,6.0,inf
778,2,-0.07646493757018231,0.9439085423089187,-0.3409401084579519,1.2797999999999998,1,1.2797999999999998,6.0,inf
778,3,-0.07646493757018231,0.9439085423089187,-0.3409401084579519,1.2797999999999998,1,1.2797999999999998,6.0,inf
778,4,-0.07646493757018231,0.9439085423089187,-0.3409401084579519,1.2797999999999998,1,1.2797999999999998,6.0,inf
778,5,-0.07646493757018231,0.9439085423089187,-0.3409401084579519,1.2797999999999998,1,1.2797999999999998,6.0,inf
779,0,1.257344645856443,1.3518030978308253,-1.0508297081498663,0.45239999999999997,1,0.45239999999999997,6.0,inf
779,1,1.257344645856443,1.3518030978308253,-1.0508297081498663,0.45239999999999997,1,0.45239999999999997,6.0,inf
779,2,1.257344645856443,1.3518030978308253,-1.0508297081498663,0.45239999999999997,1,0.45239999999999997,6.0,inf
779,3,1.257344645856443,1.3518030978308253,-1.0508297081498663,0.45239999999999997,1,0.45239999999999997,6.0,inf
779,4,1.257344645856443,1.3518030978308253,-1.0508297081498663,0.45239999999999997,1,0.45239999999999997,6.0,inf
779,5,1.257344645856443,1.3518030978308253,-1.0508297081498663,0.45239999999999997,1,0.45239999999999997,6.0,inf
780,0,-0.19142964935405343,0.9322878531937593,0.58749176097972,3.5627999999999997,1,3.5627999999999997,6.0,inf
780,1,-0.19142964935405343,0.9322878531937593,0.58749176097972,3.5627999999999997,1,3.5627999999999997,6.0,inf
780,2,-0.19142964935405343,0.9322878531937593,0.58749176097972,3.5627999999999997,1,3.5627999999999997,6.0,inf
780,3,-0.19142964935405343,0.9322878531937593,0.58749176097972,3.5627999999999997,1,3.5627999999999997,6.0,inf
780,4,-0.19142964935405343,0.9322878531937593,0.58749176097972,3.5627999999999997,1,3.5627999999999997,6.0,inf
780,5,-0.19142964935405343,0.9322878531937593,0.58749176097972,3.5627999999999997,1,3.5627999999999997,6.0,inf
781,0,1.2831811596930043,-1.7224848840981108,0.7453806879481031,1.1408999999999998,1,1.1408999999999998,6.0,inf
781,1,1.2831811596930043,-1.7224848840981108,0.7453806879481031,1.1408999999999998,1,1.1408999999999998,6.0,inf
781,2,1.2831811596930043,-1.7224848840981108,0.7453806879481031,1.1408999999999998,1,1.1408999999999998,6.0,inf
781,3,1.2831811596930043,-1.7224848840981108,0.7453806879481031,1.1408999999999998,1,1.1408999999999998,6.0,inf
781,4,1.2831811596930043,-1.7224848840981108,0.7453806879481031,1.1408999999999998,1,1.1408999999999998,6.0,inf
781,5,1.2831811596930043,-1.7224848840981108,0.7453806879481031,1.1408999999999998,1,1.1408999999999998,6.0,inf
782,0,0.14948821872377374,0.8390998401926786,-0.6288437056706601,2.8806,1,2.8806,6.0,inf
782,1,0.14948821872377374,0.8390998401926786,-0.6288437056706601,2.8806,1,2.8806,6.0,inf
782,2,0.14948821872377374,0.8390998401926786,-0.6288437056706601,2.8806,1,2.8806,6.0,inf
782,3,0.14948821872377374,0.8390998401926786,-0.6288437056706601,2.8806,1,2.8806,6.0,inf
782,4,0.14948821872377374,0.8390998401926786,-0.6288437056706601,2.8806,1,2.8806,6.0,inf
782,5,0.14948821872377374,0.8390998401926786,-0.6288437056706601,2.8806,1,2.8806,6.0,inf
783,0,-0.39569200307469726,-1.4243245799474877,0.22352828452062315,3.3848999999999996,1,3.3848999999999996,6.0,inf
783,1,-0.39569200307469726,-1.4243245799474877,0.22352828452062315,3.3848999999999996,1,3.3848999999999996,6.0,inf
783,2,-0.39569200307469726,-1.4243245799474877,0.22352828452062315,3.3848999999999996,1,3.3848999999999996,6.0,inf
783,3,-0.39569200307469726,-1.4243245799474877,0.22352828452062315,3.3848999999999996,1,3.3848999999999996,6.0,inf
783,4,-0.39569200307469726,-1.4243245799474877,0.22352828452062315,3.3848999999999996,1,3.3848999999999996,6.0,inf
783,5,-0.39569200307469726,-1.4243245799474877,0.22352828452062315,3.3848999999999996,1,3.3848999999999996,6.0,inf
784,0,0.27136042224184687,-0.058335027645066505,-2.725111953735172,4.5752999999999995,1,4.5752999999999995,6.0,inf
784,1,0.27136042224184687,-0.058335027645066505,-2.725111953735172,4.5752999999999995,1,4.5752999999999995,6.0,inf
784,2,0.27136042224184687,-0.058335027645066505,-2.725111953735172,4.5752999999999995,1,4.5752999999999995,6.0,inf
784,3,0.27136042224184687,-0.058335027645066505,-2.725111953735172,4.5752999999999995,1,4.5752999999999995,6.0,inf
784,4,0.27136042224184687,-0.058335027645066505,-2.725111953735172,4.5752999999999995,1,4.5752999999999995,6.0,inf
784,5,0.27136042224184687,-0.058335027645066505,-2.725111953735172,4.5752999999999995,1,4.5752999999999995,6.0,inf
785,0,-0.9939409466579706,1.006853046847566,-0.8313655095521606,5.574599999999999,1,5.574599999999999,6.0,inf
785,1,-0.9939409466579706,1.006853046847566,-0.8313655095521606,5.574599999999999,1,5.574599999999999,6.0,inf
785,2,-0.9939409466579706,1.006853046847566,-0.8313655095521606,5.574599999999999,1,5.574599999999999,6.0,inf
785,3,-0.9939409466579706,1.006853046847566,-0.8313655095521606,5.574599999999999,1,5.574599999999999,6.0,inf
785,4,-0.9939409466579706,1.006853046847566,-0.8313655095521606,5.574599999999999,1,5.574599999999999,6.0,inf
785,5,-0.9939409466579706,1.006853046847566,-0.8313655095521606,5.574599999999999,1,5.574599999999999,6.0,inf
786,0,-0.6537214857642126,-0.2873802925126076,-0.7706085482937284,4.1265,1,4.1265,6.0,inf
786,1,-0.6537214857642126,-0.2873802925126076,-0.7706085482937284,4.1265,1,4.1265,6.0,inf
786,2,-0.6537214857642126,-0.2873802925126076,-0.7706085482937284,4.1265,1,4.1265,6.0,inf
786,3,-0.6537214857642126,-0.2873802925126076,-0.7706085482937284,4.1265,1,4.1265,6.0,inf
786,4,-0.6537214857642126,-0.2873802925126076,-0.7706085482937284,4.1265,1,4.1265,6.0,inf
786,5,-0.6537214857642126,-0.2873802925126076,-0.7706085482937284,4.1265,1,4.1265,6.0,inf
787,0,0.653352947953789,1.3680745887368437,-0.1435543472680933,2.1426,1,2.1426,6.0,inf
787,1,0.653352947953789,1.3680745887368437,-0.1435543472680933,2.1426,1,2.1426,6.0,inf
787,2,0.653352947953789,1.3680745887368437,-0.1435543472680933,2.1426,1,2.1426,6.0,inf
787,3,0.653352947953789,1.3680745887368437,-0.1435543472680933,2.1426,1,2.1426,6.0,inf
787,4,0.653352947953789,1.3680745887368437,-0.1435543472680933,2.1426,1,2.1426,6.0,inf
787,5,0.653352947953789,1.3680745887368437,-0.1435543472680933,2.1426,1,2.1426,6.0,inf
788,0,-1.4991462801125173,-0.5099007081430647,0.6784401536481345,6.0,0,8.0001,6.0,inf
788,1,-1.4991462801125173,-0.5099007081430647,0.6784401536481345,6.0,0,8.0001,6.0,inf
788,2,-1.4991462801125173,-0.5099007081430647,0.6784401536481345,6.0,0,8.0001,6.0,inf
788,3,-1.4991462801125173,-0.5099007081430647,0.6784401536481345,6.0,0,8.0001,6.0,inf
788,4,-1.4991462801125173,-0.5099007081430647,0.6784401536481345,6.0,0,8.0001,6.0,inf
788,5,-1.4991462801125173,-0.5099007081430647,0.6784401536481345,6.0,0,8.0001,6.0,inf
789,0,-0.5545386486605892,-0.7721515145305514,-1.4039460433269397,2.9141999999999997,1,2.9141999999999997,6.0,inf
789,1,-0.5545386486605892,-0.7721515145305514,-1.4039460433269397,2.9141999999999997,1,2.9141999999999997,6.0,inf
789,2,-0.5545386486605892,-0.7721515145305514,-1.4039460433269397,2.9141999999999997,1,2.9141999999999997,6.0,inf
789,3,-0.5545386486605892,-0.7721515145305514,-1.4039460433269397,2.9141999999999997,1,2.9141999999999997,6.0,inf
789,4,-0.5545386486605892,-0.7721515145305514,-1.4039460433269397,2.9141999999999997,1,2.9141999999999997,6.0,inf
789,5,-0.5545386486605892,-0.7721515145305514,-1.4039460433269397,2.9141999999999997,1,2.9141999999999997,6.0,inf
790,0,1.8280850883282806,0.9213788084605034,-0.5865607263935809,1.1658,1,1.1658,6.0,inf
790,1,1.8280850883282806,0.9213788084605034,-0.5865607263935809,1.1658,1,1.1658,6.0,inf
790,2,1.8280850883282806,0.9213788084605034,-0.5865607263935809,1.1658,1,1.1658,6.0,inf
790,3,1.8280850883282806,0.9213788084605034,-0.5865607263935809,1.1658,1,1.1658,6.0,inf
790,4,1.8280850883282806,0.9213788084605034,-0.5865607263935809,1.1658,1,1.1658,6.0,inf
790,5,1.8280850883282806,0.9213788084605034,-0.5865607263935809,1.1658,1,1.1658,6.0,inf
791,0,-0.3143659791272764,-0.7176182638961036,0.030802529319397764,1.7187,1,1.7187,6.0,inf
791,1,-0.3143659791272764,-0.7176182638961036,0.030802529319397764,1.7187,1,1.7187,6.0,inf
791,2,-0.3143659791272764,-0.7176182638961036,0.030802529319397764,1.7187,1,1.7187,6.0,inf
791,3,-0.3143659791272764,-0.7176182638961036,0.030802529319397764,1.7187,1,1.7187,6.0,inf
791,4,-0.3143659791272764,-0.7176182638961036,0.030802529319397764,1.7187,1,1.7187,6.0,inf
791,5,-0.3143659791272764,-0.7176182638961036,0.030802529319397764,1.7187,1,1.7187,6.0,inf
792,0,-0.811031619505553,1.4331228415103519,-0.14681082268476514,2.5469999999999997,1,2.5469999999999997,6.0,inf
792,1,-0.811031619505553,1.4331228415103519,-0.14681082268476514,2.5469999999999997,1,2.5469999999999997,6.0,inf
792,2,-0.811031619505553,1.4331228415103519,-0.14681082268476514,2.5469999999999997,1,2.5469999999999997,6.0,inf
792,3,-0.811031619505553,1.4331228415103519,-0.14681082268476514,2.5469999999999997,1,2.5469999999999997,6.0,inf
792,4,-0.811031619505553,1.4331228415103519,-0.14681082268476514,2.5469999999999997,1,2.5469999999999997,6.0,inf
792,5,-0.811031619505553,1.4331228415103519,-0.14681082268476514,2.5469999999999997,1,2.5469999999999997,6.0,inf
793,0,-0.8573687823536867,1.2801454181536318,0.2783999726668896,0.8321999999999999,1,0.8321999999999999,6.0,inf
793,1,-0.8573687823536867,1.2801454181536318,0.2783999726668896,0.8321999999999999,1,0.8321999999999999,6.0,inf
793,2,-0.8573687823536867,1.2801454181536318,0.2783999726668896,0.8321999999999999,1,0.8321999999999999,6.0,inf
793,3,-0.8573687823536867,1.2801454181536318,0.2783999726668896,0.8321999999999999,1,0.8321999999999999,6.0,inf
793,4,-0.8573687823536867,1.2801454181536318,0.2783999726668896,0.8321999999999999,1,0.8321999999999999,6.0,inf
793,5,-0.8573687823536867,1.2801454181536318,0.2783999726668896,0.8321999999999999,1,0.8321999999999999,6.0,inf
794,0,-1.3986051398478876,-1.7886725748657526,0.39587032071865275,6.0,0,8.0001,6.0,inf
794,1,-1.3986051398478876,-1.7886725748657526,0.39587032071865275,6.0,0,8.0001,6.0,inf
794,2,-1.3986051398478876,-1.7886725748657526,0.39587032071865275,6.0,0,8.0001,6.0,inf
794,3,-1.3986051398478876,-1.7886725748657526,0.39587032071865275,6.0,0,8.0001,6.0,inf
794,4,-1.3986051398478876,-1.7886725748657526,0.39587032071865275,6.0,0,8.0001,6.0,inf
794,5,-1.3986051398478876,-1.7886725748657526,0.39587032071865275,6.0,0,8.0001,6.0,inf
795,0,-0.8205821884623383,0.2527922680880459,-0.7754794445409586,5.558699999999999,1,5.558699999999999,6.0,inf
795,1,-0.8205821884623383,0.2527922680880459,-0.7754794445409586,5.558699999999999,1,5.558699999999999,6.0,inf
795,2,-0.8205821884623383,0.2527922680880459,-0.7754794445409586,5.558699999999999,1,5.558699999999999,6.0,inf
795,3,-0.8205821884623383,0.2527922680880459,-0.7754794445409586,5.558699999999999,1,5.558699999999999,6.0,inf
795,4,-0.8205821884623383,0.2527922680880459,-0.7754794445409586,5.558699999999999,1,5.558699999999999,6.0,inf
795,5,-0.8205821884623383,0.2527922680880459,-0.7754794445409586,5.558699999999999,1,5.558699999999999,6.0,inf
796,0,-0.3343578890356196,-0.08487562234005772,0.11454390957937395,1.1207999999999998,1,1.1207999999999998,6.0,inf
796,1,-0.3343578890356196,-0.08487562234005772,0.11454390957937395,1.1207999999999998,1,1.1207999999999998,6.0,inf
796,2,-0.3343578890356196,-0.08487562234005772,0.11454390957937395,1.1207999999999998,1,1.1207999999999998,6.0,inf
796,3,-0.3343578890356196,-0.08487562234005772,0.11454390957937395,1.1207999999999998,1,1.1207999999999998,6.0,inf
796,4,-0.3343578890356196,-0.08487562234005772,0.11454390957937395,1.1207999999999998,1,1.1207999999999998,6.0,inf
796,5,-0.3343578890356196,-0.08487562234005772,0.11454390957937395,1.1207999999999998,1,1.1207999999999998,6.0,inf
797,0,0.154890449933503,-0.2928340651402205,-0.3316602058418346,1.1525999999999998,1,1.1525999999999998,6.0,inf
797,1,0.154890449933503,-0.2928340651402205,-0.3316602058418346,1.1525999999999998,1,1.1525999999999998,6.0,inf
797,2,0.154890449933503,-0.2928340651402205,-0.3316602058418346,1.1525999999999998,1,1.1525999999999998,6.0,inf
797,3,0.154890449933503,-0.2928340651402205,-0.3316602058418346,1.1525999999999998,1,1.1525999999999998,6.0,inf
797,4,0.154890449933503,-0.2928340651402205,-0.3316602058418346,1.1525999999999998,1,1.1525999999999998,6.0,inf
797,5,0.154890449933503,-0.2928340651402205,-0.3316602058418346,1.1525999999999998,1,1.1525999999999998,6.0,inf
798,0,0.3886513346252136,-1.6162284338260118,0.344369073548101,0.5138999999999999,1,0.5138999999999999,6.0,inf
798,1,0.3886513346252136,-1.6162284338260118,0.344369073548101,0.5138999999999999,1,0.5138999999999999,6.0,inf
798,2,0.3886513346252136,-1.6162284338260118,0.344369073548101,0.5138999999999999,1,0.5138999999999999,6.0,inf
798,3,0.3886513346252136,-1.6162284338260118,0.344369073548101,0.5138999999999999,1,0.5138999999999999,6.0,inf
798,4,0.3886513346252136,-1.6162284338260118,0.344369073548101,0.5138999999999999,1,0.5138999999999999,6.0,inf
798,5,0.3886513346252136,-1.6162284338260118,0.344369073548101,0.5138999999999999,1,0.5138999999999999,6.0,inf
799,0,1.4391924202219701,1.0632506879670947,-0.7832150481315628,1.0157999999999998,1,1.0157999999999998,6.0,inf
799,1,1.4391924202219701,1.0632506879670947,-0.7832150481315628,1.0157999999999998,1,1.0157999999999998,6.0,inf
799,2,1.4391924202219701,1.0632506879670947,-0.7832150481315628,1.0157999999999998,1,1.0157999999999998,6.0,inf
799,3,1.4391924202219701,1.0632506879670947,-0.7832150481315628,1.0157999999999998,1,1.0157999999999998,6.0,inf
799,4,1.4391924202219701,1.0632506879670947,-0.7832150481315628,1.0157999999999998,1,1.0157999999999998,6.0,inf
799,5,1.4391924202219701,1.0632506879670947,-0.7832150481315628,1.0157999999999998,1,1.0157999999999998,6.0,inf
800,0,0.35257261810557544,0.8204353142924077,0.9451218450941203,2.2335,1,2.2335,6.0,inf
800,1,0.35257261810557544,0.8204353142924077,0.9451218450941203,2.2335,1,2.2335,6.0,inf
800,2,0.35257261810557544,0.8204353142924077,0.9451218450941203,2.2335,1,2.2335,6.0,inf
800,3,0.35257261810557544,0.8204353142924077,0.9451218450941203,2.2335,1,2.2335,6.0,inf
800,4,0.35257261810557544,0.8204353142924077,0.9451218450941203,2.2335,1,2.2335,6.0,inf
800,5,0.35257261810557544,0.8204353142924077,0.9451218450941203,2.2335,1,2.2335,6.0,inf
801,0,-0.6994252378485846,1.1257704200826828,-0.44484787955668553,0.0447,1,0.0447,6.0,inf
801,1,-0.6994252378485846,1.1257704200826828,-0.44484787955668553,0.0447,1,0.0447,6.0,inf
801,2,-0.6994252378485846,1.1257704200826828,-0.44484787955668553,0.0447,1,0.0447,6.0,inf
801,3,-0.6994252378485846,1.1257704200826828,-0.44484787955668553,0.0447,1,0.0447,6.0,inf
801,4,-0.6994252378485846,1.1257704200826828,-0.44484787955668553,0.0447,1,0.0447,6.0,inf
801,5,-0.6994252378485846,1.1257704200826828,-0.44484787955668553,0.0447,1,0.0447,6.0,inf
802,0,-0.2132599961164382,-2.2056914995482217,-1.7965648773655285,6.0,0,6.3134999999999994,6.0,inf
802,1,-0.2132599961164382,-2.2056914995482217,-1.7965648773655285,6.0,0,6.3134999999999994,6.0,inf
802,2,-0.2132599961164382,-2.2056914995482217,-1.7965648773655285,6.0,0,6.3134999999999994,6.0,inf
802,3,-0.2132599961164382,-2.2056914995482217,-1.7965648773655285,6.0,0,6.3134999999999994,6.0,inf
802,4,-0.2132599961164382,-2.2056914995482217,-1.7965648773655285,6.0,0,6.3134999999999994,6.0,inf
802,5,-0.2132599961164382,-2.2056914995482217,-1.7965648773655285,6.0,0,6.3134999999999994,6.0,inf
803,0,2.293243459324818,0.6095850951238934,-0.18263964807939656,1.6949999999999998,1,1.6949999999999998,6.0,inf
803,1,2.293243459324818,0.6095850951238934,-0.18263964807939656,1.6949999999999998,1,1.6949999999999998,6.0,inf
803,2,2.293243459324818,0.6095850951238934,-0.18263964807939656,1.6949999999999998,1,1.6949999999999998,6.0,inf
803,3,2.293243459324818,0.6095850951238934,-0.18263964807939656,1.6949999999999998,1,1.6949999999999998,6.0,inf
803,4,2.293243459324818,0.6095850951238934,-0.18263964807939656,1.6949999999999998,1,1.6949999999999998,6.0,inf
803,5,2.293243459324818,0.6095850951238934,-0.18263964807939656,1.6949999999999998,1,1.6949999999999998,6.0,inf
804,0,-0.9917398556726164,-2.4632440116865637,-0.42947969919892776,5.1243,1,5.1243,6.0,inf
804,1,-0.9917398556726164,-2.4632440116865637,-0.42947969919892776,5.1243,1,5.1243,6.0,inf
804,2,-0.9917398556726164,-2.4632440116865637,-0.42947969919892776,5.1243,1,5.1243,6.0,inf
804,3,-0.9917398556726164,-2.4632440116865637,-0.42947969919892776,5.1243,1,5.1243,6.0,inf
804,4,-0.9917398556726164,-2.4632440116865637,-0.42947969919892776,5.1243,1,5.1243,6.0,inf
804,5,-0.9917398556726164,-2.4632440116865637,-0.42947969919892776,5.1243,1,5.1243,6.0,inf
805,0,-0.020250066811562297,1.0725373764604444,-0.9463020483407067,0.2661,1,0.2661,6.0,inf
805,1,-0.020250066811562297,1.0725373764604444,-0.9463020483407067,0.2661,1,0.2661,6.0,inf
805,2,-0.020250066811562297,1.0725373764604444,-0.9463020483407067,0.2661,1,0.2661,6.0,inf
805,3,-0.020250066811562297,1.0725373764604444,-0.9463020483407067,0.2661,1,0.2661,6.0,inf
805,4,-0.020250066811562297,1.0725373764604444,-0.9463020483407067,0.2661,1,0.2661,6.0,inf
805,5,-0.020250066811562297,1.0725373764604444,-0.9463020483407067,0.2661,1,0.2661,6.0,inf
806,0,-1.122843318156014,1.6577604396197914,0.2829484413800572,2.1186,1,2.1186,6.0,inf
806,1,-1.122843318156014,1.6577604396197914,0.2829484413800572,2.1186,1,2.1186,6.0,inf
806,2,-1.122843318156014,1.6577604396197914,0.2829484413800572,2.1186,1,2.1186,6.0,inf
806,3,-1.122843318156014,1.6577604396197914,0.2829484413800572,2.1186,1,2.1186,6.0,inf
806,4,-1.122843318156014,1.6577604396197914,0.2829484413800572,2.1186,1,2.1186,6.0,inf
806,5,-1.122843318156014,1.6577604396197914,0.2829484413800572,2.1186,1,2.1186,6.0,inf
807,0,0.053570028697937394,0.28200172892433234,0.9791757579386929,2.0162999999999998,1,2.0162999999999998,6.0,inf
807,1,0.053570028697937394,0.28200172892433234,0.9791757579386929,2.0162999999999998,1,2.0162999999999998,6.0,inf
807,2,0.053570028697937394,0.28200172892433234,0.9791757579386929,2.0162999999999998,1,2.0162999999999998,6.0,inf
807,3,0.053570028697937394,0.28200172892433234,0.9791757579386929,2.0162999999999998,1,2.0162999999999998,6.0,inf
807,4,0.053570028697937394,0.28200172892433234,0.9791757579386929,2.0162999999999998,1,2.0162999999999998,6.0,inf
807,5,0.053570028697937394,0.28200172892433234,0.9791757579386929,2.0162999999999998,1,2.0162999999999998,6.0,inf
808,0,0.6131772010182236,-1.4593445148232922,-0.1203186408720815,1.926,1,1.926,6.0,inf
808,1,0.6131772010182236,-1.4593445148232922,-0.1203186408720815,1.926,1,1.926,6.0,inf
808,2,0.6131772010182236,-1.4593445148232922,-0.1203186408720815,1.926,1,1.926,6.0,inf
808,3,0.6131772010182236,-1.4593445148232922,-0.1203186408720815,1.926,1,1.926,6.0,inf
808,4,0.6131772010182236,-1.4593445148232922,-0.1203186408720815,1.926,1,1.926,6.0,inf
808,5,0.6131772010182236,-1.4593445148232922,-0.1203186408720815,1.926,1,1.926,6.0,inf
809,0,-0.9336397944287081,0.49132966185134,-0.6575332843865792,6.0,0,8.0001,6.0,inf
809,1,-0.9336397944287081,0.49132966185134,-0.6575332843865792,6.0,0,8.0001,6.0,inf
809,2,-0.9336397944287081,0.49132966185134,-0.6575332843865792,6.0,0,8.0001,6.0,inf
809,3,-0.9336397944287081,0.49132966185134,-0.6575332843865792,6.0,0,8.0001,6.0,inf
809,4,-0.9336397944287081,0.49132966185134,-0.6575332843865792,6.0,0,8.0001,6.0,inf
809,5,-0.9336397944287081,0.49132966185134,-0.6575332843865792,6.0,0,8.0001,6.0,inf
810,0,-0.8435000300498123,-0.6839116406666146,1.591152116940119,0.5855999999999999,1,0.5855999999999999,6.0,inf
810,1,-0.8435000300498123,-0.6839116406666146,1.591152116940119,0.5855999999999999,1,0.5855999999999999,6.0,inf
810,2,-0.8435000300498123,-0.6839116406666146,1.591152116940119,0.5855999999999999,1,0.5855999999999999,6.0,inf
810,3,-0.8435000300498123,-0.6839116406666146,1.591152116940119,0.5855999999999999,1,0.5855999999999999,6.0,inf
810,4,-0.8435000300498123,-0.6839116406666146,1.591152116940119,0.5855999999999999,1,0.5855999999999999,6.0,inf
810,5,-0.8435000300498123,-0.6839116406666146,1.591152116940119,0.5855999999999999,1,0.5855999999999999,6.0,inf
811,0,-1.0930954201043146,-0.7398318265623967,0.15307687978370607,6.0,0,8.0001,6.0,inf
811,1,-1.0930954201043146,-0.7398318265623967,0.15307687978370607,6.0,0,8.0001,6.0,inf
811,2,-1.0930954201043146,-0.7398318265623967,0.15307687978370607,6.0,0,8.0001,6.0,inf
811,3,-1.0930954201043146,-0.7398318265623967,0.15307687978370607,6.0,0,8.0001,6.0,inf
811,4,-1.0930954201043146,-0.7398318265623967,0.15307687978370607,6.0,0,8.0001,6.0,inf
811,5,-1.0930954201043146,-0.7398318265623967,0.15307687978370607,6.0,0,8.0001,6.0,inf
812,0,-0.2929894333105464,-0.9864141249387411,0.10100160966052579,2.3154,1,2.3154,6.0,inf
812,1,-0.2929894333105464,-0.9864141249387411,0.10100160966052579,2.3154,1,2.3154,6.0,inf
812,2,-0.2929894333105464,-0.9864141249387411,0.10100160966052579,2.3154,1,2.3154,6.0,inf
812,3,-0.2929894333105464,-0.9864141249387411,0.10100160966052579,2.3154,1,2.3154,6.0,inf
812,4,-0.2929894333105464,-0.9864141249387411,0.10100160966052579,2.3154,1,2.3154,6.0,inf
812,5,-0.2929894333105464,-0.9864141249387411,0.10100160966052579,2.3154,1,2.3154,6.0,inf
813,0,-0.31789048962056266,-0.45256504819058646,-0.954311346554698,4.1937,1,4.1937,6.0,inf
813,1,-0.31789048962056266,-0.45256504819058646,-0.954311346554698,4.1937,1,4.1937,6.0,inf
813,2,-0.31789048962056266,-0.45256504819058646,-0.954311346554698,4.1937,1,4.1937,6.0,inf
813,3,-0.31789048962056266,-0.45256504819058646,-0.954311346554698,4.1937,1,4.1937,6.0,inf
813,4,-0.31789048962056266,-0.45256504819058646,-0.954311346554698,4.1937,1,4.1937,6.0,inf
813,5,-0.31789048962056266,-0.45256504819058646,-0.954311346554698,4.1937,1,4.1937,6.0,inf
814,0,1.6735140112095148,0.7877233565666939,0.3908353824125089,1.8905999999999998,1,1.8905999999999998,6.0,inf
814,1,1.6735140112095148,0.7877233565666939,0.3908353824125089,1.8905999999999998,1,1.8905999999999998,6.0,inf
814,2,1.6735140112095148,0.7877233565666939,0.3908353824125089,1.8905999999999998,1,1.8905999999999998,6.0,inf
814,3,1.6735140112095148,0.7877233565666939,0.3908353824125089,1.8905999999999998,1,1.8905999999999998,6.0,inf
814,4,1.6735140112095148,0.7877233565666939,0.3908353824125089,1.8905999999999998,1,1.8905999999999998,6.0,inf
814,5,1.6735140112095148,0.7877233565666939,0.3908353824125089,1.8905999999999998,1,1.8905999999999998,6.0,inf
815,0,1.2791388931467338,-1.41916467150093,-1.1100686534237205,4.0995,1,4.0995,6.0,inf
815,1,1.2791388931467338,-1.41916467150093,-1.1100686534237205,4.0995,1,4.0995,6.0,inf
815,2,1.2791388931467338,-1.41916467150093,-1.1100686534237205,4.0995,1,4.0995,6.0,inf
815,3,1.2791388931467338,-1.41916467150093,-1.1100686534237205,4.0995,1,4.0995,6.0,inf
815,4,1.2791388931467338,-1.41916467150093,-1.1100686534237205,4.0995,1,4.0995,6.0,inf
815,5,1.2791388931467338,-1.41916467150093,-1.1100686534237205,4.0995,1,4.0995,6.0,inf
816,0,-0.8156506751760986,0.4719710391081627,0.6531816349657464,0.1629,1,0.1629,6.0,inf
816,1,-0.8156506751760986,0.4719710391081627,0.6531816349657464,0.1629,1,0.1629,6.0,inf
816,2,-0.8156506751760986,0.4719710391081627,0.6531816349657464,0.1629,1,0.1629,6.0,inf
816,3,-0.8156506751760986,0.4719710391081627,0.6531816349657464,0.1629,1,0.1629,6.0,inf
816,4,-0.8156506751760986,0.4719710391081627,0.6531816349657464,0.1629,1,0.1629,6.0,inf
816,5,-0.8156506751760986,0.4719710391081627,0.6531816349657464,0.1629,1,0.1629,6.0,inf
817,0,-1.1656226142940318,-0.6779742211496761,1.031664266596275,2.4768,1,2.4768,6.0,inf
817,1,-1.1656226142940318,-0.6779742211496761,1.031664266596275,2.4768,1,2.4768,6.0,inf
817,2,-1.1656226142940318,-0.6779742211496761,1.031664266596275,2.4768,1,2.4768,6.0,inf
817,3,-1.1656226142940318,-0.6779742211496761,1.031664266596275,2.4768,1,2.4768,6.0,inf
817,4,-1.1656226142940318,-0.6779742211496761,1.031664266596275,2.4768,1,2.4768,6.0,inf
817,5,-1.1656226142940318,-0.6779742211496761,1.031664266596275,2.4768,1,2.4768,6.0,inf
818,0,-0.5034550831936454,1.5989570292044193,0.3465569535075451,1.6437,1,1.6437,6.0,inf
818,1,-0.5034550831936454,1.5989570292044193,0.3465569535075451,1.6437,1,1.6437,6.0,inf
818,2,-0.5034550831936454,1.5989570292044193,0.3465569535075451,1.6437,1,1.6437,6.0,inf
818,3,-0.5034550831936454,1.5989570292044193,0.3465569535075451,1.6437,1,1.6437,6.0,inf
818,4,-0.5034550831936454,1.5989570292044193,0.3465569535075451,1.6437,1,1.6437,6.0,inf
818,5,-0.5034550831936454,1.5989570292044193,0.3465569535075451,1.6437,1,1.6437,6.0,inf
819,0,-0.03050001237248384,-0.7219873988860224,-1.0533689379259137,4.358099999999999,1,4.358099999999999,6.0,inf
819,1,-0.03050001237248384,-0.7219873988860224,-1.0533689379259137,4.358099999999999,1,4.358099999999999,6.0,inf
819,2,-0.03050001237248384,-0.7219873988860224,-1.0533689379259137,4.358099999999999,1,4.358099999999999,6.0,inf
819,3,-0.03050001237248384,-0.7219873988860224,-1.0533689379259137,4.358099999999999,1,4.358099999999999,6.0,inf
819,4,-0.03050001237248384,-0.7219873988860224,-1.0533689379259137,4.358099999999999,1,4.358099999999999,6.0,inf
819,5,-0.03050001237248384,-0.7219873988860224,-1.0533689379259137,4.358099999999999,1,4.358099999999999,6.0,inf
820,0,-0.6754571190627336,0.19566524814491726,0.9399239855533238,1.0569,1,1.0569,6.0,inf
820,1,-0.6754571190627336,0.19566524814491726,0.9399239855533238,1.0569,1,1.0569,6.0,inf
820,2,-0.6754571190627336,0.19566524814491726,0.9399239855533238,1.0569,1,1.0569,6.0,inf
820,3,-0.6754571190627336,0.19566524814491726,0.9399239855533238,1.0569,1,1.0569,6.0,inf
820,4,-0.6754571190627336,0.19566524814491726,0.9399239855533238,1.0569,1,1.0569,6.0,inf
820,5,-0.6754571190627336,0.19566524814491726,0.9399239855533238,1.0569,1,1.0569,6.0,inf
821,0,1.5236626264769648,-0.6885975089124712,-0.9464864507130795,2.4732,1,2.4732,6.0,inf
821,1,1.5236626264769648,-0.6885975089124712,-0.9464864507130795,2.4732,1,2.4732,6.0,inf
821,2,1.5236626264769648,-0.6885975089124712,-0.9464864507130795,2.4732,1,2.4732,6.0,inf
821,3,1.5236626264769648,-0.6885975089124712,-0.9464864507130795,2.4732,1,2.4732,6.0,inf
821,4,1.5236626264769648,-0.6885975089124712,-0.9464864507130795,2.4732,1,2.4732,6.0,inf
821,5,1.5236626264769648,-0.6885975089124712,-0.9464864507130795,2.4732,1,2.4732,6.0,inf
822,0,-0.43916894146922814,0.013525342970068523,-0.6057609151187107,2.6717999999999997,1,2.6717999999999997,6.0,inf
822,1,-0.43916894146922814,0.013525342970068523,-0.6057609151187107,2.6717999999999997,1,2.6717999999999997,6.0,inf
822,2,-0.43916894146922814,0.013525342970068523,-0.6057609151187107,2.6717999999999997,1,2.6717999999999997,6.0,inf
822,3,-0.43916894146922814,0.013525342970068523,-0.6057609151187107,2.6717999999999997,1,2.6717999999999997,6.0,inf
822,4,-0.43916894146922814,0.013525342970068523,-0.6057609151187107,2.6717999999999997,1,2.6717999999999997,6.0,inf
822,5,-0.43916894146922814,0.013525342970068523,-0.6057609151187107,2.6717999999999997,1,2.6717999999999997,6.0,inf
823,0,-0.010656579602926644,0.36974129180835075,0.9841389794395904,0.7187999999999999,1,0.7187999999999999,6.0,inf
823,1,-0.010656579602926644,0.36974129180835075,0.9841389794395904,0.7187999999999999,1,0.7187999999999999,6.0,inf
823,2,-0.010656579602926644,0.36974129180835075,0.9841389794395904,0.7187999999999999,1,0.7187999999999999,6.0,inf
823,3,-0.010656579602926644,0.36974129180835075,0.9841389794395904,0.7187999999999999,1,0.7187999999999999,6.0,inf
823,4,-0.010656579602926644,0.36974129180835075,0.9841389794395904,0.7187999999999999,1,0.7187999999999999,6.0,inf
823,5,-0.010656579602926644,0.36974129180835075,0.9841389794395904,0.7187999999999999,1,0.7187999999999999,6.0,inf
824,0,-0.25077281008056845,-0.060497738814538154,0.7135378495034919,0.8867999999999999,1,0.8867999999999999,6.0,inf
824,1,-0.25077281008056845,-0.060497738814538154,0.7135378495034919,0.8867999999999999,1,0.8867999999999999,6.0,inf
824,2,-0.25077281008056845,-0.060497738814538154,0.7135378495034919,0.8867999999999999,1,0.8867999999999999,6.0,inf
824,3,-0.25077281008056845,-0.060497738814538154,0.7135378495034919,0.8867999999999999,1,0.8867999999999999,6.0,inf
824,4,-0.25077281008056845,-0.060497738814538154,0.7135378495034919,0.8867999999999999,1,0.8867999999999999,6.0,inf
824,5,-0.25077281008056845,-0.060497738814538154,0.7135378495034919,0.8867999999999999,1,0.8867999999999999,6.0,inf
825,0,0.21900719916072775,0.335124696587734,-0.09714712334063903,1.4034,1,1.4034,6.0,inf
825,1,0.21900719916072775,0.335124696587734,-0.09714712334063903,1.4034,1,1.4034,6.0,inf
825,2,0.21900719916072775,0.335124696587734,-0.09714712334063903,1.4034,1,1.4034,6.0,inf
825,3,0.21900719916072775,0.335124696587734,-0.09714712334063903,1.4034,1,1.4034,6.0,inf
825,4,0.21900719916072775,0.335124696587734,-0.09714712334063903,1.4034,1,1.4034,6.0,inf
825,5,0.21900719916072775,0.335124696587734,-0.09714712334063903,1.4034,1,1.4034,6.0,inf
826,0,-0.29705148120473196,0.12629822978147065,-0.5705550443754229,3.7289999999999996,1,3.7289999999999996,6.0,inf
826,1,-0.29705148120473196,0.12629822978147065,-0.5705550443754229,3.7289999999999996,1,3.7289999999999996,6.0,inf
826,2,-0.29705148120473196,0.12629822978147065,-0.5705550443754229,3.7289999999999996,1,3.7289999999999996,6.0,inf
826,3,-0.29705148120473196,0.12629822978147065,-0.5705550443754229,3.7289999999999996,1,3.7289999999999996,6.0,inf
826,4,-0.29705148120473196,0.12629822978147065,-0.5705550443754229,3.7289999999999996,1,3.7289999999999996,6.0,inf
826,5,-0.29705148120473196,0.12629822978147065,-0.5705550443754229,3.7289999999999996,1,3.7289999999999996,6.0,inf
827,0,0.827031534988533,-0.13892554189434772,-0.23773147392087915,2.1411,1,2.1411,6.0,inf
827,1,0.827031534988533,-0.13892554189434772,-0.23773147392087915,2.1411,1,2.1411,6.0,inf
827,2,0.827031534988533,-0.13892554189434772,-0.23773147392087915,2.1411,1,2.1411,6.0,inf
827,3,0.827031534988533,-0.13892554189434772,-0.23773147392087915,2.1411,1,2.1411,6.0,inf
827,4,0.827031534988533,-0.13892554189434772,-0.23773147392087915,2.1411,1,2.1411,6.0,inf
827,5,0.827031534988533,-0.13892554189434772,-0.23773147392087915,2.1411,1,2.1411,6.0,inf
828,0,0.2433663851075139,1.8686787150053867,-0.8266936348223286,1.7474999999999998,1,1.7474999999999998,6.0,inf
828,1,0.2433663851075139,1.8686787150053867,-0.8266936348223286,1.7474999999999998,1,1.7474999999999998,6.0,inf
828,2,0.2433663851075139,1.8686787150053867,-0.8266936348223286,1.7474999999999998,1,1.7474999999999998,6.0,inf
828,3,0.2433663851075139,1.8686787150053867,-0.8266936348223286,1.7474999999999998,1,1.7474999999999998,6.0,inf
828,4,0.2433663851075139,1.8686787150053867,-0.8266936348223286,1.7474999999999998,1,1.7474999999999998,6.0,inf
828,5,0.2433663851075139,1.8686787150053867,-0.8266936348223286,1.7474999999999998,1,1.7474999999999998,6.0,inf
829,0,2.3740878748224623,-1.0594247607582452,0.7780146984629445,2.0591999999999997,1,2.0591999999999997,6.0,inf
829,1,2.3740878748224623,-1.0594247607582452,0.7780146984629445,2.0591999999999997,1,2.0591999999999997,6.0,inf
829,2,2.3740878748224623,-1.0594247607582452,0.7780146984629445,2.0591999999999997,1,2.0591999999999997,6.0,inf
829,3,2.3740878748224623,-1.0594247607582452,0.7780146984629445,2.0591999999999997,1,2.0591999999999997,6.0,inf
829,4,2.3740878748224623,-1.0594247607582452,0.7780146984629445,2.0591999999999997,1,2.0591999999999997,6.0,inf
829,5,2.3740878748224623,-1.0594247607582452,0.7780146984629445,2.0591999999999997,1,2.0591999999999997,6.0,inf
830,0,0.5593434387369564,-0.01988823481284554,1.6887925781782365,1.065,1,1.065,6.0,inf
830,1,0.5593434387369564,-0.01988823481284554,1.6887925781782365,1.065,1,1.065,6.0,inf
830,2,0.5593434387369564,-0.01988823481284554,1.6887925781782365,1.065,1,1.065,6.0,inf
830,3,0.5593434387369564,-0.01988823481284554,1.6887925781782365,1.065,1,1.065,6.0,inf
830,4,0.5593434387369564,-0.01988823481284554,1.6887925781782365,1.065,1,1.065,6.0,inf
830,5,0.5593434387369564,-0.01988823481284554,1.6887925781782365,1.065,1,1.065,6.0,inf
831,0,-0.5569898420186222,1.0184847072222107,1.1559047777539544,1.6983,1,1.6983,6.0,inf
831,1,-0.5569898420186222,1.0184847072222107,1.1559047777539544,1.6983,1,1.6983,6.0,inf
831,2,-0.5569898420186222,1.0184847072222107,1.1559047777539544,1.6983,1,1.6983,6.0,inf
831,3,-0.5569898420186222,1.0184847072222107,1.1559047777539544,1.6983,1,1.6983,6.0,inf
831,4,-0.5569898420186222,1.0184847072222107,1.1559047777539544,1.6983,1,1.6983,6.0,inf
831,5,-0.5569898420186222,1.0184847072222107,1.1559047777539544,1.6983,1,1.6983,6.0,inf
832,0,0.4119792578219337,1.7796968832875224,-0.05565939555789655,0.8502,1,0.8502,6.0,inf
832,1,0.4119792578219337,1.7796968832875224,-0.05565939555789655,0.8502,1,0.8502,6.0,inf
832,2,0.4119792578219337,1.7796968832875224,-0.05565939555789655,0.8502,1,0.8502,6.0,inf
832,3,0.4119792578219337,1.7796968832875224,-0.05565939555789655,0.8502,1,0.8502,6.0,inf
832,4,0.4119792578219337,1.7796968832875224,-0.05565939555789655,0.8502,1,0.8502,6.0,inf
832,5,0.4119792578219337,1.7796968832875224,-0.05565939555789655,0.8502,1,0.8502,6.0,inf
833,0,0.32610016947802234,-0.2750150518511759,-0.3696806754161336,2.1599999999999997,1,2.1599999999999997,6.0,inf
833,1,0.32610016947802234,-0.2750150518511759,-0.3696806754161336,2.1599999999999997,1,2.1599999999999997,6.0,inf
833,2,0.32610016947802234,-0.2750150518511759,-0.3696806754161336,2.1599999999999997,1,2.1599999999999997,6.0,inf
833,3,0.32610016947802234,-0.2750150518511759,-0.3696806754161336,2.1599999999999997,1,2.1599999999999997,6.0,inf
833,4,0.32610016947802234,-0.2750150518511759,-0.3696806754161336,2.1599999999999997,1,2.1599999999999997,6.0,inf
833,5,0.32610016947802234,-0.2750150518511759,-0.3696806754161336,2.1599999999999997,1,2.1599999999999997,6.0,inf
834,0,-1.2517506104072673,0.9322909119239402,-1.0390464600308746,6.0,0,6.7596,6.0,inf
834,1,-1.2517506104072673,0.9322909119239402,-1.0390464600308746,6.0,0,6.7596,6.0,inf
834,2,-1.2517506104072673,0.9322909119239402,-1.0390464600308746,6.0,0,6.7596,6.0,inf
834,3,-1.2517506104072673,0.9322909119239402,-1.0390464600308746,6.0,0,6.7596,6.0,inf
834,4,-1.2517506104072673,0.9322909119239402,-1.0390464600308746,6.0,0,6.7596,6.0,inf
834,5,-1.2517506104072673,0.9322909119239402,-1.0390464600308746,6.0,0,6.7596,6.0,inf
835,0,-1.429151813458732,1.5611833954151557,-1.2509919725576122,6.0,0,8.0001,6.0,inf
835,1,-1.429151813458732,1.5611833954151557,-1.2509919725576122,6.0,0,8.0001,6.0,inf
835,2,-1.429151813458732,1.5611833954151557,-1.2509919725576122,6.0,0,8.0001,6.0,inf
835,3,-1.429151813458732,1.5611833954151557,-1.2509919725576122,6.0,0,8.0001,6.0,inf
835,4,-1.429151813458732,1.5611833954151557,-1.2509919725576122,6.0,0,8.0001,6.0,inf
835,5,-1.429151813458732,1.5611833954151557,-1.2509919725576122,6.0,0,8.0001,6.0,inf
836,0,-0.41737569384568024,-0.21976511503074936,-1.043388091762608,0.6497999999999999,1,0.6497999999999999,6.0,inf
836,1,-0.41737569384568024,-0.21976511503074936,-1.043388091762608,0.6497999999999999,1,0.6497999999999999,6.0,inf
836,2,-0.41737569384568024,-0.21976511503074936,-1.043388091762608,0.6497999999999999,1,0.6497999999999999,6.0,inf
836,3,-0.41737569384568024,-0.21976511503074936,-1.043388091762608,0.6497999999999999,1,0.6497999999999999,6.0,inf
836,4,-0.41737569384568024,-0.21976511503074936,-1.043388091762608,0.6497999999999999,1,0.6497999999999999,6.0,inf
836,5,-0.41737569384568024,-0.21976511503074936,-1.043388091762608,0.6497999999999999,1,0.6497999999999999,6.0,inf
837,0,1.086680187185384,0.1441015238100461,-1.760430821640008,3.0035999999999996,1,3.0035999999999996,6.0,inf
837,1,1.086680187185384,0.1441015238100461,-1.760430821640008,3.0035999999999996,1,3.0035999999999996,6.0,inf
837,2,1.086680187185384,0.1441015238100461,-1.760430821640008,3.0035999999999996,1,3.0035999999999996,6.0,inf
837,3,1.086680187185384,0.1441015238100461,-1.760430821640008,3.0035999999999996,1,3.0035999999999996,6.0,inf
837,4,1.086680187185384,0.1441015238100461,-1.760430821640008,3.0035999999999996,1,3.0035999999999996,6.0,inf
837,5,1.086680187185384,0.1441015238100461,-1.760430821640008,3.0035999999999996,1,3.0035999999999996,6.0,inf
838,0,0.8355960162783157,0.49705164839550636,-1.021091691374607,2.6121,1,2.6121,6.0,inf
838,1,0.8355960162783157,0.49705164839550636,-1.021091691374607,2.6121,1,2.6121,6.0,inf
838,2,0.8355960162783157,0.49705164839550636,-1.021091691374607,2.6121,1,2.6121,6.0,inf
838,3,0.8355960162783157,0.49705164839550636,-1.021091691374607,2.6121,1,2.6121,6.0,inf
838,4,0.8355960162783157,0.49705164839550636,-1.021091691374607,2.6121,1,2.6121,6.0,inf
838,5,0.8355960162783157,0.49705164839550636,-1.021091691374607,2.6121,1,2.6121,6.0,inf
839,0,0.8668594319337236,0.7373194403281609,0.25124438595063775,0.2985,1,0.2985,6.0,inf
839,1,0.8668594319337236,0.7373194403281609,0.25124438595063775,0.2985,1,0.2985,6.0,inf
839,2,0.8668594319337236,0.7373194403281609,0.25124438595063775,0.2985,1,0.2985,6.0,inf
839,3,0.8668594319337236,0.7373194403281609,0.25124438595063775,0.2985,1,0.2985,6.0,inf
839,4,0.8668594319337236,0.7373194403281609,0.25124438595063775,0.2985,1,0.2985,6.0,inf
839,5,0.8668594319337236,0.7373194403281609,0.25124438595063775,0.2985,1,0.2985,6.0,inf
840,0,0.683494315481508,0.020680986852809433,-0.49028314698246966,3.1218,1,3.1218,6.0,inf
840,1,0.683494315481508,0.020680986852809433,-0.49028314698246966,3.1218,1,3.1218,6.0,inf
840,2,0.683494315481508,0.020680986852809433,-0.49028314698246966,3.1218,1,3.1218,6.0,inf
840,3,0.683494315481508,0.020680986852809433,-0.49028314698246966,3.1218,1,3.1218,6.0,inf
840,4,0.683494315481508,0.020680986852809433,-0.49028314698246966,3.1218,1,3.1218,6.0,inf
840,5,0.683494315481508,0.020680986852809433,-0.49028314698246966,3.1218,1,3.1218,6.0,inf
841,0,-0.358862460018197,0.9567886052275573,0.40051271501410945,0.5403,1,0.5403,6.0,inf
841,1,-0.358862460018197,0.9567886052275573,0.40051271501410945,0.5403,1,0.5403,6.0,inf
841,2,-0.358862460018197,0.9567886052275573,0.40051271501410945,0.5403,1,0.5403,6.0,inf
841,3,-0.358862460018197,0.9567886052275573,0.40051271501410945,0.5403,1,0.5403,6.0,inf
841,4,-0.358862460018197,0.9567886052275573,0.40051271501410945,0.5403,1,0.5403,6.0,inf
841,5,-0.358862460018197,0.9567886052275573,0.40051271501410945,0.5403,1,0.5403,6.0,inf
842,0,-0.2940077200654921,1.6366156766222264,-0.19735315876753418,1.9472999999999998,1,1.9472999999999998,6.0,inf
842,1,-0.2940077200654921,1.6366156766222264,-0.19735315876753418,1.9472999999999998,1,1.9472999999999998,6.0,inf
842,2,-0.2940077200654921,1.6366156766222264,-0.19735315876753418,1.9472999999999998,1,1.9472999999999998,6.0,inf
842,3,-0.2940077200654921,1.6366156766222264,-0.19735315876753418,1.9472999999999998,1,1.9472999999999998,6.0,inf
842,4,-0.2940077200654921,1.6366156766222264,-0.19735315876753418,1.9472999999999998,1,1.9472999999999998,6.0,inf
842,5,-0.2940077200654921,1.6366156766222264,-0.19735315876753418,1.9472999999999998,1,1.9472999999999998,6.0,inf
843,0,-0.7710501173216235,-0.9632704004943097,-1.1818896694786076,0.8039999999999999,1,0.8039999999999999,6.0,inf
843,1,-0.7710501173216235,-0.9632704004943097,-1.1818896694786076,0.8039999999999999,1,0.8039999999999999,6.0,inf
843,2,-0.7710501173216235,-0.9632704004943097,-1.1818896694786076,0.8039999999999999,1,0.8039999999999999,6.0,inf
843,3,-0.7710501173216235,-0.9632704004943097,-1.1818896694786076,0.8039999999999999,1,0.8039999999999999,6.0,inf
843,4,-0.7710501173216235,-0.9632704004943097,-1.1818896694786076,0.8039999999999999,1,0.8039999999999999,6.0,inf
843,5,-0.7710501173216235,-0.9632704004943097,-1.1818896694786076,0.8039999999999999,1,0.8039999999999999,6.0,inf
844,0,0.5571482951595154,0.9735874042457728,0.04451581695685422,0.2613,1,0.2613,6.0,inf
844,1,0.5571482951595154,0.9735874042457728,0.04451581695685422,0.2613,1,0.2613,6.0,inf
844,2,0.5571482951595154,0.9735874042457728,0.04451581695685422,0.2613,1,0.2613,6.0,inf
844,3,0.5571482951595154,0.9735874042457728,0.04451581695685422,0.2613,1,0.2613,6.0,inf
844,4,0.5571482951595154,0.9735874042457728,0.04451581695685422,0.2613,1,0.2613,6.0,inf
844,5,0.5571482951595154,0.9735874042457728,0.04451581695685422,0.2613,1,0.2613,6.0,inf
845,0,-0.3719433752321846,0.14933426450796242,0.5885095235043021,1.638,1,1.638,6.0,inf
845,1,-0.3719433752321846,0.14933426450796242,0.5885095235043021,1.638,1,1.638,6.0,inf
845,2,-0.3719433752321846,0.14933426450796242,0.5885095235043021,1.638,1,1.638,6.0,inf
845,3,-0.3719433752321846,0.14933426450796242,0.5885095235043021,1.638,1,1.638,6.0,inf
845,4,-0.3719433752321846,0.14933426450796242,0.5885095235043021,1.638,1,1.638,6.0,inf
845,5,-0.3719433752321846,0.14933426450796242,0.5885095235043021,1.638,1,1.638,6.0,inf
846,0,0.8182169702188902,-0.815217700608196,0.9716267154690463,2.7626999999999997,1,2.7626999999999997,6.0,inf
846,1,0.8182169702188902,-0.815217700608196,0.9716267154690463,2.7626999999999997,1,2.7626999999999997,6.0,inf
846,2,0.8182169702188902,-0.815217700608196,0.9716267154690463,2.7626999999999997,1,2.7626999999999997,6.0,inf
846,3,0.8182169702188902,-0.815217700608196,0.9716267154690463,2.7626999999999997,1,2.7626999999999997,6.0,inf
846,4,0.8182169702188902,-0.815217700608196,0.9716267154690463,2.7626999999999997,1,2.7626999999999997,6.0,inf
846,5,0.8182169702188902,-0.815217700608196,0.9716267154690463,2.7626999999999997,1,2.7626999999999997,6.0,inf
847,0,-0.1627269708675485,0.148144747730952,-0.6798721061752828,0.6932999999999999,1,0.6932999999999999,6.0,inf
847,1,-0.1627269708675485,0.148144747730952,-0.6798721061752828,0.6932999999999999,1,0.6932999999999999,6.0,inf
847,2,-0.1627269708675485,0.148144747730952,-0.6798721061752828,0.6932999999999999,1,0.6932999999999999,6.0,inf
847,3,-0.1627269708675485,0.148144747730952,-0.6798721061752828,0.6932999999999999,1,0.6932999999999999,6.0,inf
847,4,-0.1627269708675485,0.148144747730952,-0.6798721061752828,0.6932999999999999,1,0.6932999999999999,6.0,inf
847,5,-0.1627269708675485,0.148144747730952,-0.6798721061752828,0.6932999999999999,1,0.6932999999999999,6.0,inf
848,0,1.2491382797473687,0.1730333967411583,-0.8249836512366528,0.6854999999999999,1,0.6854999999999999,6.0,inf
848,1,1.2491382797473687,0.1730333967411583,-0.8249836512366528,0.6854999999999999,1,0.6854999999999999,6.0,inf
848,2,1.2491382797473687,0.1730333967411583,-0.8249836512366528,0.6854999999999999,1,0.6854999999999999,6.0,inf
848,3,1.2491382797473687,0.1730333967411583,-0.8249836512366528,0.6854999999999999,1,0.6854999999999999,6.0,inf
848,4,1.2491382797473687,0.1730333967411583,-0.8249836512366528,0.6854999999999999,1,0.6854999999999999,6.0,inf
848,5,1.2491382797473687,0.1730333967411583,-0.8249836512366528,0.6854999999999999,1,0.6854999999999999,6.0,inf
849,0,-0.10322521032898746,0.16351985063150817,0.3664635196927138,1.7474999999999998,1,1.7474999999999998,6.0,inf
849,1,-0.10322521032898746,0.16351985063150817,0.3664635196927138,1.7474999999999998,1,1.7474999999999998,6.0,inf
849,2,-0.10322521032898746,0.16351985063150817,0.3664635196927138,1.7474999999999998,1,1.7474999999999998,6.0,inf
849,3,-0.10322521032898746,0.16351985063150817,0.3664635196927138,1.7474999999999998,1,1.7474999999999998,6.0,inf
849,4,-0.10322521032898746,0.16351985063150817,0.3664635196927138,1.7474999999999998,1,1.7474999999999998,6.0,inf
849,5,-0.10322521032898746,0.16351985063150817,0.3664635196927138,1.7474999999999998,1,1.7474999999999998,6.0,inf
850,0,-0.05218804070552472,3.1643221627129248,-0.2305548339063594,0.7029,1,0.7029,6.0,inf
850,1,-0.05218804070552472,3.1643221627129248,-0.2305548339063594,0.7029,1,0.7029,6.0,inf
850,2,-0.05218804070552472,3.1643221627129248,-0.2305548339063594,0.7029,1,0.7029,6.0,inf
850,3,-0.05218804070552472,3.1643221627129248,-0.2305548339063594,0.7029,1,0.7029,6.0,inf
850,4,-0.05218804070552472,3.1643221627129248,-0.2305548339063594,0.7029,1,0.7029,6.0,inf
850,5,-0.05218804070552472,3.1643221627129248,-0.2305548339063594,0.7029,1,0.7029,6.0,inf
851,0,-0.47319906284150665,0.5375190200128124,-0.16206067472970423,0.5087999999999999,1,0.5087999999999999,6.0,inf
851,1,-0.47319906284150665,0.5375190200128124,-0.16206067472970423,0.5087999999999999,1,0.5087999999999999,6.0,inf
851,2,-0.47319906284150665,0.5375190200128124,-0.16206067472970423,0.5087999999999999,1,0.5087999999999999,6.0,inf
851,3,-0.47319906284150665,0.5375190200128124,-0.16206067472970423,0.5087999999999999,1,0.5087999999999999,6.0,inf
851,4,-0.47319906284150665,0.5375190200128124,-0.16206067472970423,0.5087999999999999,1,0.5087999999999999,6.0,inf
851,5,-0.47319906284150665,0.5375190200128124,-0.16206067472970423,0.5087999999999999,1,0.5087999999999999,6.0,inf
852,0,0.41602496581017395,-0.4144965808914927,0.14092423275434968,1.8830999999999998,1,1.8830999999999998,6.0,inf
852,1,0.41602496581017395,-0.4144965808914927,0.14092423275434968,1.8830999999999998,1,1.8830999999999998,6.0,inf
852,2,0.41602496581017395,-0.4144965808914927,0.14092423275434968,1.8830999999999998,1,1.8830999999999998,6.0,inf
852,3,0.41602496581017395,-0.4144965808914927,0.14092423275434968,1.8830999999999998,1,1.8830999999999998,6.0,inf
852,4,0.41602496581017395,-0.4144965808914927,0.14092423275434968,1.8830999999999998,1,1.8830999999999998,6.0,inf
852,5,0.41602496581017395,-0.4144965808914927,0.14092423275434968,1.8830999999999998,1,1.8830999999999998,6.0,inf
853,0,-1.305968894899826,-1.4909546030651055,-1.3238832625660883,0.7644,1,0.7644,6.0,inf
853,1,-1.305968894899826,-1.4909546030651055,-1.3238832625660883,0.7644,1,0.7644,6.0,inf
853,2,-1.305968894899826,-1.4909546030651055,-1.3238832625660883,0.7644,1,0.7644,6.0,inf
853,3,-1.305968894899826,-1.4909546030651055,-1.3238832625660883,0.7644,1,0.7644,6.0,inf
853,4,-1.305968894899826,-1.4909546030651055,-1.3238832625660883,0.7644,1,0.7644,6.0,inf
853,5,-1.305968894899826,-1.4909546030651055,-1.3238832625660883,0.7644,1,0.7644,6.0,inf
854,0,-0.269344955435553,-1.0920378203191632,-0.10468106716168527,5.656499999999999,1,5.656499999999999,6.0,inf
854,1,-0.269344955435553,-1.0920378203191632,-0.10468106716168527,5.656499999999999,1,5.656499999999999,6.0,inf
854,2,-0.269344955435553,-1.0920378203191632,-0.10468106716168527,5.656499999999999,1,5.656499999999999,6.0,inf
854,3,-0.269344955435553,-1.0920378203191632,-0.10468106716168527,5.656499999999999,1,5.656499999999999,6.0,inf
854,4,-0.269344955435553,-1.0920378203191632,-0.10468106716168527,5.656499999999999,1,5.656499999999999,6.0,inf
854,5,-0.269344955435553,-1.0920378203191632,-0.10468106716168527,5.656499999999999,1,5.656499999999999,6.0,inf
855,0,-0.10567418847306316,-0.7105174957192486,-1.4165431167052078,3.7106999999999997,1,3.7106999999999997,6.0,inf
855,1,-0.10567418847306316,-0.7105174957192486,-1.4165431167052078,3.7106999999999997,1,3.7106999999999997,6.0,inf
855,2,-0.10567418847306316,-0.7105174957192486,-1.4165431167052078,3.7106999999999997,1,3.7106999999999997,6.0,inf
855,3,-0.10567418847306316,-0.7105174957192486,-1.4165431167052078,3.7106999999999997,1,3.7106999999999997,6.0,inf
855,4,-0.10567418847306316,-0.7105174957192486,-1.4165431167052078,3.7106999999999997,1,3.7106999999999997,6.0,inf
855,5,-0.10567418847306316,-0.7105174957192486,-1.4165431167052078,3.7106999999999997,1,3.7106999999999997,6.0,inf
856,0,1.1416177741560594,-1.003970024437648,-0.6727131713866351,2.7407999999999997,1,2.7407999999999997,6.0,inf
856,1,1.1416177741560594,-1.003970024437648,-0.6727131713866351,2.7407999999999997,1,2.7407999999999997,6.0,inf
856,2,1.1416177741560594,-1.003970024437648,-0.6727131713866351,2.7407999999999997,1,2.7407999999999997,6.0,inf
856,3,1.1416177741560594,-1.003970024437648,-0.6727131713866351,2.7407999999999997,1,2.7407999999999997,6.0,inf
856,4,1.1416177741560594,-1.003970024437648,-0.6727131713866351,2.7407999999999997,1,2.7407999999999997,6.0,inf
856,5,1.1416177741560594,-1.003970024437648,-0.6727131713866351,2.7407999999999997,1,2.7407999999999997,6.0,inf
857,0,0.9448003662457715,-0.16753908696659933,-0.4950912632616336,0.9713999999999999,1,0.9713999999999999,6.0,inf
857,1,0.9448003662457715,-0.16753908696659933,-0.4950912632616336,0.9713999999999999,1,0.9713999999999999,6.0,inf
857,2,0.9448003662457715,-0.16753908696659933,-0.4950912632616336,0.9713999999999999,1,0.9713999999999999,6.0,inf
857,3,0.9448003662457715,-0.16753908696659933,-0.4950912632616336,0.9713999999999999,1,0.9713999999999999,6.0,inf
857,4,0.9448003662457715,-0.16753908696659933,-0.4950912632616336,0.9713999999999999,1,0.9713999999999999,6.0,inf
857,5,0.9448003662457715,-0.16753908696659933,-0.4950912632616336,0.9713999999999999,1,0.9713999999999999,6.0,inf
858,0,-1.0538116033934228,-1.1721418586292949,-0.3968521951432193,6.0,0,8.0001,6.0,inf
858,1,-1.0538116033934228,-1.1721418586292949,-0.3968521951432193,6.0,0,8.0001,6.0,inf
858,2,-1.0538116033934228,-1.1721418586292949,-0.3968521951432193,6.0,0,8.0001,6.0,inf
858,3,-1.0538116033934228,-1.1721418586292949,-0.3968521951432193,6.0,0,8.0001,6.0,inf
858,4,-1.0538116033934228,-1.1721418586292949,-0.3968521951432193,6.0,0,8.0001,6.0,inf
858,5,-1.0538116033934228,-1.1721418586292949,-0.3968521951432193,6.0,0,8.0001,6.0,inf
859,0,-0.30401420630953396,-0.665431011882269,-0.9854180366807842,1.4243999999999999,1,1.4243999999999999,6.0,inf
859,1,-0.30401420630953396,-0.665431011882269,-0.9854180366807842,1.4243999999999999,1,1.4243999999999999,6.0,inf
859,2,-0.30401420630953396,-0.665431011882269,-0.9854180366807842,1.4243999999999999,1,1.4243999999999999,6.0,inf
859,3,-0.30401420630953396,-0.665431011882269,-0.9854180366807842,1.4243999999999999,1,1.4243999999999999,6.0,inf
859,4,-0.30401420630953396,-0.665431011882269,-0.9854180366807842,1.4243999999999999,1,1.4243999999999999,6.0,inf
859,5,-0.30401420630953396,-0.665431011882269,-0.9854180366807842,1.4243999999999999,1,1.4243999999999999,6.0,inf
860,0,-0.9736889407837341,-1.173191616174765,-0.6291935241121899,6.0,0,7.657799999999999,6.0,inf
860,1,-0.9736889407837341,-1.173191616174765,-0.6291935241121899,6.0,0,7.657799999999999,6.0,inf
860,2,-0.9736889407837341,-1.173191616174765,-0.6291935241121899,6.0,0,7.657799999999999,6.0,inf
860,3,-0.9736889407837341,-1.173191616174765,-0.6291935241121899,6.0,0,7.657799999999999,6.0,inf
860,4,-0.9736889407837341,-1.173191616174765,-0.6291935241121899,6.0,0,7.657799999999999,6.0,inf
860,5,-0.9736889407837341,-1.173191616174765,-0.6291935241121899,6.0,0,7.657799999999999,6.0,inf
861,0,2.5731381865840572,0.44030730445866223,-2.115164875476997,3.3230999999999997,1,3.3230999999999997,6.0,inf
861,1,2.5731381865840572,0.44030730445866223,-2.115164875476997,3.3230999999999997,1,3.3230999999999997,6.0,inf
861,2,2.5731381865840572,0.44030730445866223,-2.115164875476997,3.3230999999999997,1,3.3230999999999997,6.0,inf
861,3,2.5731381865840572,0.44030730445866223,-2.115164875476997,3.3230999999999997,1,3.3230999999999997,6.0,inf
861,4,2.5731381865840572,0.44030730445866223,-2.115164875476997,3.3230999999999997,1,3.3230999999999997,6.0,inf
861,5,2.5731381865840572,0.44030730445866223,-2.115164875476997,3.3230999999999997,1,3.3230999999999997,6.0,inf
862,0,-0.04713731384989708,-0.30593967208426853,-1.409031682285122,2.7207,1,2.7207,6.0,inf
862,1,-0.04713731384989708,-0.30593967208426853,-1.409031682285122,2.7207,1,2.7207,6.0,inf
862,2,-0.04713731384989708,-0.30593967208426853,-1.409031682285122,2.7207,1,2.7207,6.0,inf
862,3,-0.04713731384989708,-0.30593967208426853,-1.409031682285122,2.7207,1,2.7207,6.0,inf
862,4,-0.04713731384989708,-0.30593967208426853,-1.409031682285122,2.7207,1,2.7207,6.0,inf
862,5,-0.04713731384989708,-0.30593967208426853,-1.409031682285122,2.7207,1,2.7207,6.0,inf
863,0,-0.22278825839552582,1.124597411899293,1.547023808436098,1.1267999999999998,1,1.1267999999999998,6.0,inf
863,1,-0.22278825839552582,1.124597411899293,1.547023808436098,1.1267999999999998,1,1.1267999999999998,6.0,inf
863,2,-0.22278825839552582,1.124597411899293,1.547023808436098,1.1267999999999998,1,1.1267999999999998,6.0,inf
863,3,-0.22278825839552582,1.124597411899293,1.547023808436098,1.1267999999999998,1,1.1267999999999998,6.0,inf
863,4,-0.22278825839552582,1.124597411899293,1.547023808436098,1.1267999999999998,1,1.1267999999999998,6.0,inf
863,5,-0.22278825839552582,1.124597411899293,1.547023808436098,1.1267999999999998,1,1.1267999999999998,6.0,inf
864,0,2.183247252571222,0.12809907907131804,-0.11638946879755002,2.3228999999999997,1,2.3228999999999997,6.0,inf
864,1,2.183247252571222,0.12809907907131804,-0.11638946879755002,2.3228999999999997,1,2.3228999999999997,6.0,inf
864,2,2.183247252571222,0.12809907907131804,-0.11638946879755002,2.3228999999999997,1,2.3228999999999997,6.0,inf
864,3,2.183247252571222,0.12809907907131804,-0.11638946879755002,2.3228999999999997,1,2.3228999999999997,6.0,inf
864,4,2.183247252571222,0.12809907907131804,-0.11638946879755002,2.3228999999999997,1,2.3228999999999997,6.0,inf
864,5,2.183247252571222,0.12809907907131804,-0.11638946879755002,2.3228999999999997,1,2.3228999999999997,6.0,inf
865,0,1.8232000934703934,-0.8075938561211621,0.0667742677415657,2.4633,1,2.4633,6.0,inf
865,1,1.8232000934703934,-0.8075938561211621,0.0667742677415657,2.4633,1,2.4633,6.0,inf
865,2,1.8232000934703934,-0.8075938561211621,0.0667742677415657,2.4633,1,2.4633,6.0,inf
865,3,1.8232000934703934,-0.8075938561211621,0.0667742677415657,2.4633,1,2.4633,6.0,inf
865,4,1.8232000934703934,-0.8075938561211621,0.0667742677415657,2.4633,1,2.4633,6.0,inf
865,5,1.8232000934703934,-0.8075938561211621,0.0667742677415657,2.4633,1,2.4633,6.0,inf
866,0,-1.1543046108345283,1.7535898714361737,0.1411455124093162,5.083799999999999,1,5.083799999999999,6.0,inf
866,1,-1.1543046108345283,1.7535898714361737,0.1411455124093162,5.083799999999999,1,5.083799999999999,6.0,inf
866,2,-1.1543046108345283,1.7535898714361737,0.1411455124093162,5.083799999999999,1,5.083799999999999,6.0,inf
866,3,-1.1543046108345283,1.7535898714361737,0.1411455124093162,5.083799999999999,1,5.083799999999999,6.0,inf
866,4,-1.1543046108345283,1.7535898714361737,0.1411455124093162,5.083799999999999,1,5.083799999999999,6.0,inf
866,5,-1.1543046108345283,1.7535898714361737,0.1411455124093162,5.083799999999999,1,5.083799999999999,6.0,inf
867,0,0.20330385362108572,0.5605955723085648,1.7164332444871075,1.2695999999999998,1,1.2695999999999998,6.0,inf
867,1,0.20330385362108572,0.5605955723085648,1.7164332444871075,1.2695999999999998,1,1.2695999999999998,6.0,inf
867,2,0.20330385362108572,0.5605955723085648,1.7164332444871075,1.2695999999999998,1,1.2695999999999998,6.0,inf
867,3,0.20330385362108572,0.5605955723085648,1.7164332444871075,1.2695999999999998,1,1.2695999999999998,6.0,inf
867,4,0.20330385362108572,0.5605955723085648,1.7164332444871075,1.2695999999999998,1,1.2695999999999998,6.0,inf
867,5,0.20330385362108572,0.5605955723085648,1.7164332444871075,1.2695999999999998,1,1.2695999999999998,6.0,inf
868,0,0.19204252526611473,0.501501053205198,-1.0612079923521336,2.3327999999999998,1,2.3327999999999998,6.0,inf
868,1,0.19204252526611473,0.501501053205198,-1.0612079923521336,2.3327999999999998,1,2.3327999999999998,6.0,inf
868,2,0.19204252526611473,0.501501053205198,-1.0612079923521336,2.3327999999999998,1,2.3327999999999998,6.0,inf
868,3,0.19204252526611473,0.501501053205198,-1.0612079923521336,2.3327999999999998,1,2.3327999999999998,6.0,inf
868,4,0.19204252526611473,0.501501053205198,-1.0612079923521336,2.3327999999999998,1,2.3327999999999998,6.0,inf
868,5,0.19204252526611473,0.501501053205198,-1.0612079923521336,2.3327999999999998,1,2.3327999999999998,6.0,inf
869,0,-1.128101059352565,-0.5079940935571342,0.35059517234222964,3.4496999999999995,1,3.4496999999999995,6.0,inf
869,1,-1.128101059352565,-0.5079940935571342,0.35059517234222964,3.4496999999999995,1,3.4496999999999995,6.0,inf
869,2,-1.128101059352565,-0.5079940935571342,0.35059517234222964,3.4496999999999995,1,3.4496999999999995,6.0,inf
869,3,-1.128101059352565,-0.5079940935571342,0.35059517234222964,3.4496999999999995,1,3.4496999999999995,6.0,inf
869,4,-1.128101059352565,-0.5079940935571342,0.35059517234222964,3.4496999999999995,1,3.4496999999999995,6.0,inf
869,5,-1.128101059352565,-0.5079940935571342,0.35059517234222964,3.4496999999999995,1,3.4496999999999995,6.0,inf
870,0,-0.5697114243083979,-0.014619203658268095,-0.6222739584221749,2.1875999999999998,1,2.1875999999999998,6.0,inf
870,1,-0.5697114243083979,-0.014619203658268095,-0.6222739584221749,2.1875999999999998,1,2.1875999999999998,6.0,inf
870,2,-0.5697114243083979,-0.014619203658268095,-0.6222739584221749,2.1875999999999998,1,2.1875999999999998,6.0,inf
870,3,-0.5697114243083979,-0.014619203658268095,-0.6222739584221749,2.1875999999999998,1,2.1875999999999998,6.0,inf
870,4,-0.5697114243083979,-0.014619203658268095,-0.6222739584221749,2.1875999999999998,1,2.1875999999999998,6.0,inf
870,5,-0.5697114243083979,-0.014619203658268095,-0.6222739584221749,2.1875999999999998,1,2.1875999999999998,6.0,inf
871,0,-0.0045786181985987265,-1.2892736627569596,0.7530088097650279,2.4837,1,2.4837,6.0,inf
871,1,-0.0045786181985987265,-1.2892736627569596,0.7530088097650279,2.4837,1,2.4837,6.0,inf
871,2,-0.0045786181985987265,-1.2892736627569596,0.7530088097650279,2.4837,1,2.4837,6.0,inf
871,3,-0.0045786181985987265,-1.2892736627569596,0.7530088097650279,2.4837,1,2.4837,6.0,inf
871,4,-0.0045786181985987265,-1.2892736627569596,0.7530088097650279,2.4837,1,2.4837,6.0,inf
871,5,-0.0045786181985987265,-1.2892736627569596,0.7530088097650279,2.4837,1,2.4837,6.0,inf
872,0,-0.4485949707128014,0.5366430162560178,-0.11591066374511937,2.8796999999999997,1,2.8796999999999997,6.0,inf
872,1,-0.4485949707128014,0.5366430162560178,-0.11591066374511937,2.8796999999999997,1,2.8796999999999997,6.0,inf
872,2,-0.4485949707128014,0.5366430162560178,-0.11591066374511937,2.8796999999999997,1,2.8796999999999997,6.0,inf
872,3,-0.4485949707128014,0.5366430162560178,-0.11591066374511937,2.8796999999999997,1,2.8796999999999997,6.0,inf
872,4,-0.4485949707128014,0.5366430162560178,-0.11591066374511937,2.8796999999999997,1,2.8796999999999997,6.0,inf
872,5,-0.4485949707128014,0.5366430162560178,-0.11591066374511937,2.8796999999999997,1,2.8796999999999997,6.0,inf
873,0,0.550072093387447,1.2958058612433865,-1.324221299035645,0.0612,1,0.0612,6.0,inf
873,1,0.550072093387447,1.2958058612433865,-1.324221299035645,0.0612,1,0.0612,6.0,inf
873,2,0.550072093387447,1.2958058612433865,-1.324221299035645,0.0612,1,0.0612,6.0,inf
873,3,0.550072093387447,1.2958058612433865,-1.324221299035645,0.0612,1,0.0612,6.0,inf
873,4,0.550072093387447,1.2958058612433865,-1.324221299035645,0.0612,1,0.0612,6.0,inf
873,5,0.550072093387447,1.2958058612433865,-1.324221299035645,0.0612,1,0.0612,6.0,inf
874,0,-0.21337722374902313,-0.27488320165775887,-1.5000131564683175,6.0,0,7.943999999999999,6.0,inf
874,1,-0.21337722374902313,-0.27488320165775887,-1.5000131564683175,6.0,0,7.943999999999999,6.0,inf
874,2,-0.21337722374902313,-0.27488320165775887,-1.5000131564683175,6.0,0,7.943999999999999,6.0,inf
874,3,-0.21337722374902313,-0.27488320165775887,-1.5000131564683175,6.0,0,7.943999999999999,6.0,inf
874,4,-0.21337722374902313,-0.27488320165775887,-1.5000131564683175,6.0,0,7.943999999999999,6.0,inf
874,5,-0.21337722374902313,-0.27488320165775887,-1.5000131564683175,6.0,0,7.943999999999999,6.0,inf
875,0,0.18035392646423276,0.5966705187557666,-0.6448253603323721,0.8516999999999999,1,0.8516999999999999,6.0,inf
875,1,0.18035392646423276,0.5966705187557666,-0.6448253603323721,0.8516999999999999,1,0.8516999999999999,6.0,inf
875,2,0.18035392646423276,0.5966705187557666,-0.6448253603323721,0.8516999999999999,1,0.8516999999999999,6.0,inf
875,3,0.18035392646423276,0.5966705187557666,-0.6448253603323721,0.8516999999999999,1,0.8516999999999999,6.0,inf
875,4,0.18035392646423276,0.5966705187557666,-0.6448253603323721,0.8516999999999999,1,0.8516999999999999,6.0,inf
875,5,0.18035392646423276,0.5966705187557666,-0.6448253603323721,0.8516999999999999,1,0.8516999999999999,6.0,inf
876,0,-0.5149446741216035,-0.2697514987808939,-0.10622000805715646,6.0,0,6.1521,6.0,inf
876,1,-0.5149446741216035,-0.2697514987808939,-0.10622000805715646,6.0,0,6.1521,6.0,inf
876,2,-0.5149446741216035,-0.2697514987808939,-0.10622000805715646,6.0,0,6.1521,6.0,inf
876,3,-0.5149446741216035,-0.2697514987808939,-0.10622000805715646,6.0,0,6.1521,6.0,inf
876,4,-0.5149446741216035,-0.2697514987808939,-0.10622000805715646,6.0,0,6.1521,6.0,inf
876,5,-0.5149446741216035,-0.2697514987808939,-0.10622000805715646,6.0,0,6.1521,6.0,inf
877,0,0.46677184666744087,0.9907427274980897,-1.5064374979585446,1.0143,1,1.0143,6.0,inf
877,1,0.46677184666744087,0.9907427274980897,-1.5064374979585446,1.0143,1,1.0143,6.0,inf
877,2,0.46677184666744087,0.9907427274980897,-1.5064374979585446,1.0143,1,1.0143,6.0,inf
877,3,0.46677184666744087,0.9907427274980897,-1.5064374979585446,1.0143,1,1.0143,6.0,inf
877,4,0.46677184666744087,0.9907427274980897,-1.5064374979585446,1.0143,1,1.0143,6.0,inf
877,5,0.46677184666744087,0.9907427274980897,-1.5064374979585446,1.0143,1,1.0143,6.0,inf
878,0,-0.7736780522214107,0.8601821990946813,-0.7068307815411924,6.0,0,6.590699999999999,6.0,inf
878,1,-0.7736780522214107,0.8601821990946813,-0.7068307815411924,6.0,0,6.590699999999999,6.0,inf
878,2,-0.7736780522214107,0.8601821990946813,-0.7068307815411924,6.0,0,6.590699999999999,6.0,inf
878,3,-0.7736780522214107,0.8601821990946813,-0.7068307815411924,6.0,0,6.590699999999999,6.0,inf
878,4,-0.7736780522214107,0.8601821990946813,-0.7068307815411924,6.0,0,6.590699999999999,6.0,inf
878,5,-0.7736780522214107,0.8601821990946813,-0.7068307815411924,6.0,0,6.590699999999999,6.0,inf
879,0,-0.9795552634054497,-1.0832565898454714,0.2524455967415344,6.0,0,6.120299999999999,6.0,inf
879,1,-0.9795552634054497,-1.0832565898454714,0.2524455967415344,6.0,0,6.120299999999999,6.0,inf
879,2,-0.9795552634054497,-1.0832565898454714,0.2524455967415344,6.0,0,6.120299999999999,6.0,inf
879,3,-0.9795552634054497,-1.0832565898454714,0.2524455967415344,6.0,0,6.120299999999999,6.0,inf
879,4,-0.9795552634054497,-1.0832565898454714,0.2524455967415344,6.0,0,6.120299999999999,6.0,inf
879,5,-0.9795552634054497,-1.0832565898454714,0.2524455967415344,6.0,0,6.120299999999999,6.0,inf
880,0,1.185428400872076,1.070717752683943,-0.4633157784891381,2.3840999999999997,1,2.3840999999999997,6.0,inf
880,1,1.185428400872076,1.070717752683943,-0.4633157784891381,2.3840999999999997,1,2.3840999999999997,6.0,inf
880,2,1.185428400872076,1.070717752683943,-0.4633157784891381,2.3840999999999997,1,2.3840999999999997,6.0,inf
880,3,1.185428400872076,1.070717752683943,-0.4633157784891381,2.3840999999999997,1,2.3840999999999997,6.0,inf
880,4,1.185428400872076,1.070717752683943,-0.4633157784891381,2.3840999999999997,1,2.3840999999999997,6.0,inf
880,5,1.185428400872076,1.070717752683943,-0.4633157784891381,2.3840999999999997,1,2.3840999999999997,6.0,inf
881,0,1.2066064512673398,0.44257193098360154,1.1080493906394253,0.7202999999999999,1,0.7202999999999999,6.0,inf
881,1,1.2066064512673398,0.44257193098360154,1.1080493906394253,0.7202999999999999,1,0.7202999999999999,6.0,inf
881,2,1.2066064512673398,0.44257193098360154,1.1080493906394253,0.7202999999999999,1,0.7202999999999999,6.0,inf
881,3,1.2066064512673398,0.44257193098360154,1.1080493906394253,0.7202999999999999,1,0.7202999999999999,6.0,inf
881,4,1.2066064512673398,0.44257193098360154,1.1080493906394253,0.7202999999999999,1,0.7202999999999999,6.0,inf
881,5,1.2066064512673398,0.44257193098360154,1.1080493906394253,0.7202999999999999,1,0.7202999999999999,6.0,inf
882,0,-1.2617410994217602,-1.6604840248996533,-0.476509263715237,6.0,0,8.0001,6.0,inf
882,1,-1.2617410994217602,-1.6604840248996533,-0.476509263715237,6.0,0,8.0001,6.0,inf
882,2,-1.2617410994217602,-1.6604840248996533,-0.476509263715237,6.0,0,8.0001,6.0,inf
882,3,-1.2617410994217602,-1.6604840248996533,-0.476509263715237,6.0,0,8.0001,6.0,inf
882,4,-1.2617410994217602,-1.6604840248996533,-0.476509263715237,6.0,0,8.0001,6.0,inf
882,5,-1.2617410994217602,-1.6604840248996533,-0.476509263715237,6.0,0,8.0001,6.0,inf
883,0,0.19457146599563419,0.9117144852739929,-0.7589875852420593,1.0425,1,1.0425,6.0,inf
883,1,0.19457146599563419,0.9117144852739929,-0.7589875852420593,1.0425,1,1.0425,6.0,inf
883,2,0.19457146599563419,0.9117144852739929,-0.7589875852420593,1.0425,1,1.0425,6.0,inf
883,3,0.19457146599563419,0.9117144852739929,-0.7589875852420593,1.0425,1,1.0425,6.0,inf
883,4,0.19457146599563419,0.9117144852739929,-0.7589875852420593,1.0425,1,1.0425,6.0,inf
883,5,0.19457146599563419,0.9117144852739929,-0.7589875852420593,1.0425,1,1.0425,6.0,inf
884,0,0.683661320086385,1.3234077191939306,-0.5357903737562022,0.7593,1,0.7593,6.0,inf
884,1,0.683661320086385,1.3234077191939306,-0.5357903737562022,0.7593,1,0.7593,6.0,inf
884,2,0.683661320086385,1.3234077191939306,-0.5357903737562022,0.7593,1,0.7593,6.0,inf
884,3,0.683661320086385,1.3234077191939306,-0.5357903737562022,0.7593,1,0.7593,6.0,inf
884,4,0.683661320086385,1.3234077191939306,-0.5357903737562022,0.7593,1,0.7593,6.0,inf
884,5,0.683661320086385,1.3234077191939306,-0.5357903737562022,0.7593,1,0.7593,6.0,inf
885,0,-0.4185141909210125,-1.4498483084096643,-0.4299226637797918,5.834099999999999,1,5.834099999999999,6.0,inf
885,1,-0.4185141909210125,-1.4498483084096643,-0.4299226637797918,5.834099999999999,1,5.834099999999999,6.0,inf
885,2,-0.4185141909210125,-1.4498483084096643,-0.4299226637797918,5.834099999999999,1,5.834099999999999,6.0,inf
885,3,-0.4185141909210125,-1.4498483084096643,-0.4299226637797918,5.834099999999999,1,5.834099999999999,6.0,inf
885,4,-0.4185141909210125,-1.4498483084096643,-0.4299226637797918,5.834099999999999,1,5.834099999999999,6.0,inf
885,5,-0.4185141909210125,-1.4498483084096643,-0.4299226637797918,5.834099999999999,1,5.834099999999999,6.0,inf
886,0,0.6347905303510101,1.5621837665459533,-1.4304856845006062,4.347899999999999,1,4.347899999999999,6.0,inf
886,1,0.6347905303510101,1.5621837665459533,-1.4304856845006062,4.347899999999999,1,4.347899999999999,6.0,inf
886,2,0.6347905303510101,1.5621837665459533,-1.4304856845006062,4.347899999999999,1,4.347899999999999,6.0,inf
886,3,0.6347905303510101,1.5621837665459533,-1.4304856845006062,4.347899999999999,1,4.347899999999999,6.0,inf
886,4,0.6347905303510101,1.5621837665459533,-1.4304856845006062,4.347899999999999,1,4.347899999999999,6.0,inf
886,5,0.6347905303510101,1.5621837665459533,-1.4304856845006062,4.347899999999999,1,4.347899999999999,6.0,inf
887,0,-0.6546347138978522,2.140038180404614,0.16613114214548116,0.29309999999999997,1,0.29309999999999997,6.0,inf
887,1,-0.6546347138978522,2.140038180404614,0.16613114214548116,0.29309999999999997,1,0.29309999999999997,6.0,inf
887,2,-0.6546347138978522,2.140038180404614,0.16613114214548116,0.29309999999999997,1,0.29309999999999997,6.0,inf
887,3,-0.6546347138978522,2.140038180404614,0.16613114214548116,0.29309999999999997,1,0.29309999999999997,6.0,inf
887,4,-0.6546347138978522,2.140038180404614,0.16613114214548116,0.29309999999999997,1,0.29309999999999997,6.0,inf
887,5,-0.6546347138978522,2.140038180404614,0.16613114214548116,0.29309999999999997,1,0.29309999999999997,6.0,inf
888,0,-1.3295996457717647,2.3694609125426815,-0.20207422461053667,1.1841,1,1.1841,6.0,inf
888,1,-1.3295996457717647,2.3694609125426815,-0.20207422461053667,1.1841,1,1.1841,6.0,inf
888,2,-1.3295996457717647,2.3694609125426815,-0.20207422461053667,1.1841,1,1.1841,6.0,inf
888,3,-1.3295996457717647,2.3694609125426815,-0.20207422461053667,1.1841,1,1.1841,6.0,inf
888,4,-1.3295996457717647,2.3694609125426815,-0.20207422461053667,1.1841,1,1.1841,6.0,inf
888,5,-1.3295996457717647,2.3694609125426815,-0.20207422461053667,1.1841,1,1.1841,6.0,inf
889,0,0.4470434271727833,-0.3999905910606292,0.330714509213507,3.0098999999999996,1,3.0098999999999996,6.0,inf
889,1,0.4470434271727833,-0.3999905910606292,0.330714509213507,3.0098999999999996,1,3.0098999999999996,6.0,inf
889,2,0.4470434271727833,-0.3999905910606292,0.330714509213507,3.0098999999999996,1,3.0098999999999996,6.0,inf
889,3,0.4470434271727833,-0.3999905910606292,0.330714509213507,3.0098999999999996,1,3.0098999999999996,6.0,inf
889,4,0.4470434271727833,-0.3999905910606292,0.330714509213507,3.0098999999999996,1,3.0098999999999996,6.0,inf
889,5,0.4470434271727833,-0.3999905910606292,0.330714509213507,3.0098999999999996,1,3.0098999999999996,6.0,inf
890,0,0.22329582171418338,2.159448950662553,0.5911741921847967,0.8285999999999999,1,0.8285999999999999,6.0,inf
890,1,0.22329582171418338,2.159448950662553,0.5911741921847967,0.8285999999999999,1,0.8285999999999999,6.0,inf
890,2,0.22329582171418338,2.159448950662553,0.5911741921847967,0.8285999999999999,1,0.8285999999999999,6.0,inf
890,3,0.22329582171418338,2.159448950662553,0.5911741921847967,0.8285999999999999,1,0.8285999999999999,6.0,inf
890,4,0.22329582171418338,2.159448950662553,0.5911741921847967,0.8285999999999999,1,0.8285999999999999,6.0,inf
890,5,0.22329582171418338,2.159448950662553,0.5911741921847967,0.8285999999999999,1,0.8285999999999999,6.0,inf
891,0,0.2057610368691173,-0.11344478459199239,1.109954063542891,1.5296999999999998,1,1.5296999999999998,6.0,inf
891,1,0.2057610368691173,-0.11344478459199239,1.109954063542891,1.5296999999999998,1,1.5296999999999998,6.0,inf
891,2,0.2057610368691173,-0.11344478459199239,1.109954063542891,1.5296999999999998,1,1.5296999999999998,6.0,inf
891,3,0.2057610368691173,-0.11344478459199239,1.109954063542891,1.5296999999999998,1,1.5296999999999998,6.0,inf
891,4,0.2057610368691173,-0.11344478459199239,1.109954063542891,1.5296999999999998,1,1.5296999999999998,6.0,inf
891,5,0.2057610368691173,-0.11344478459199239,1.109954063542891,1.5296999999999998,1,1.5296999999999998,6.0,inf
892,0,0.356790090420277,1.2588938125399303,-0.18212568141928928,1.3304999999999998,1,1.3304999999999998,6.0,inf
892,1,0.356790090420277,1.2588938125399303,-0.18212568141928928,1.3304999999999998,1,1.3304999999999998,6.0,inf
892,2,0.356790090420277,1.2588938125399303,-0.18212568141928928,1.3304999999999998,1,1.3304999999999998,6.0,inf
892,3,0.356790090420277,1.2588938125399303,-0.18212568141928928,1.3304999999999998,1,1.3304999999999998,6.0,inf
892,4,0.356790090420277,1.2588938125399303,-0.18212568141928928,1.3304999999999998,1,1.3304999999999998,6.0,inf
892,5,0.356790090420277,1.2588938125399303,-0.18212568141928928,1.3304999999999998,1,1.3304999999999998,6.0,inf
893,0,1.3491441919856342,0.12764809209072678,0.6891198498858937,2.1761999999999997,1,2.1761999999999997,6.0,inf
893,1,1.3491441919856342,0.12764809209072678,0.6891198498858937,2.1761999999999997,1,2.1761999999999997,6.0,inf
893,2,1.3491441919856342,0.12764809209072678,0.6891198498858937,2.1761999999999997,1,2.1761999999999997,6.0,inf
893,3,1.3491441919856342,0.12764809209072678,0.6891198498858937,2.1761999999999997,1,2.1761999999999997,6.0,inf
893,4,1.3491441919856342,0.12764809209072678,0.6891198498858937,2.1761999999999997,1,2.1761999999999997,6.0,inf
893,5,1.3491441919856342,0.12764809209072678,0.6891198498858937,2.1761999999999997,1,2.1761999999999997,6.0,inf
894,0,-0.3041375601113084,0.09856325352149621,-0.13381985295264862,2.0829,1,2.0829,6.0,inf
894,1,-0.3041375601113084,0.09856325352149621,-0.13381985295264862,2.0829,1,2.0829,6.0,inf
894,2,-0.3041375601113084,0.09856325352149621,-0.13381985295264862,2.0829,1,2.0829,6.0,inf
894,3,-0.3041375601113084,0.09856325352149621,-0.13381985295264862,2.0829,1,2.0829,6.0,inf
894,4,-0.3041375601113084,0.09856325352149621,-0.13381985295264862,2.0829,1,2.0829,6.0,inf
894,5,-0.3041375601113084,0.09856325352149621,-0.13381985295264862,2.0829,1,2.0829,6.0,inf
895,0,-0.18816343865760776,1.5812893963557197,0.712912601465392,1.0982999999999998,1,1.0982999999999998,6.0,inf
895,1,-0.18816343865760776,1.5812893963557197,0.712912601465392,1.0982999999999998,1,1.0982999999999998,6.0,inf
895,2,-0.18816343865760776,1.5812893963557197,0.712912601465392,1.0982999999999998,1,1.0982999999999998,6.0,inf
895,3,-0.18816343865760776,1.5812893963557197,0.712912601465392,1.0982999999999998,1,1.0982999999999998,6.0,inf
895,4,-0.18816343865760776,1.5812893963557197,0.712912601465392,1.0982999999999998,1,1.0982999999999998,6.0,inf
895,5,-0.18816343865760776,1.5812893963557197,0.712912601465392,1.0982999999999998,1,1.0982999999999998,6.0,inf
896,0,0.3466459869807809,0.7190732298214763,0.11857722000604498,1.452,1,1.452,6.0,inf
896,1,0.3466459869807809,0.7190732298214763,0.11857722000604498,1.452,1,1.452,6.0,inf
896,2,0.3466459869807809,0.7190732298214763,0.11857722000604498,1.452,1,1.452,6.0,inf
896,3,0.3466459869807809,0.7190732298214763,0.11857722000604498,1.452,1,1.452,6.0,inf
896,4,0.3466459869807809,0.7190732298214763,0.11857722000604498,1.452,1,1.452,6.0,inf
896,5,0.3466459869807809,0.7190732298214763,0.11857722000604498,1.452,1,1.452,6.0,inf
897,0,-0.04363145456135704,1.0816505842714497,0.12355691702394334,0.6719999999999999,1,0.6719999999999999,6.0,inf
897,1,-0.04363145456135704,1.0816505842714497,0.12355691702394334,0.6719999999999999,1,0.6719999999999999,6.0,inf
897,2,-0.04363145456135704,1.0816505842714497,0.12355691702394334,0.6719999999999999,1,0.6719999999999999,6.0,inf
897,3,-0.04363145456135704,1.0816505842714497,0.12355691702394334,0.6719999999999999,1,0.6719999999999999,6.0,inf
897,4,-0.04363145456135704,1.0816505842714497,0.12355691702394334,0.6719999999999999,1,0.6719999999999999,6.0,inf
897,5,-0.04363145456135704,1.0816505842714497,0.12355691702394334,0.6719999999999999,1,0.6719999999999999,6.0,inf
898,0,0.018146437175558847,-0.2219209973207702,1.121726110084208,0.8132999999999999,1,0.8132999999999999,6.0,inf
898,1,0.018146437175558847,-0.2219209973207702,1.121726110084208,0.8132999999999999,1,0.8132999999999999,6.0,inf
898,2,0.018146437175558847,-0.2219209973207702,1.121726110084208,0.8132999999999999,1,0.8132999999999999,6.0,inf
898,3,0.018146437175558847,-0.2219209973207702,1.121726110084208,0.8132999999999999,1,0.8132999999999999,6.0,inf
898,4,0.018146437175558847,-0.2219209973207702,1.121726110084208,0.8132999999999999,1,0.8132999999999999,6.0,inf
898,5,0.018146437175558847,-0.2219209973207702,1.121726110084208,0.8132999999999999,1,0.8132999999999999,6.0,inf
899,0,-0.0671139178986322,-1.1687830170857658,0.7074405569657467,4.4406,1,4.4406,6.0,inf
899,1,-0.0671139178986322,-1.1687830170857658,0.7074405569657467,4.4406,1,4.4406,6.0,inf
899,2,-0.0671139178986322,-1.1687830170857658,0.7074405569657467,4.4406,1,4.4406,6.0,inf
899,3,-0.0671139178986322,-1.1687830170857658,0.7074405569657467,4.4406,1,4.4406,6.0,inf
899,4,-0.0671139178986322,-1.1687830170857658,0.7074405569657467,4.4406,1,4.4406,6.0,inf
899,5,-0.0671139178986322,-1.1687830170857658,0.7074405569657467,4.4406,1,4.4406,6.0,inf
900,0,0.11776796351365558,0.8040126237056864,1.1481862641834015,2.6403,1,2.6403,6.0,inf
900,1,0.11776796351365558,0.8040126237056864,1.1481862641834015,2.6403,1,2.6403,6.0,inf
900,2,0.11776796351365558,0.8040126237056864,1.1481862641834015,2.6403,1,2.6403,6.0,inf
900,3,0.11776796351365558,0.8040126237056864,1.1481862641834015,2.6403,1,2.6403,6.0,inf
900,4,0.11776796351365558,0.8040126237056864,1.1481862641834015,2.6403,1,2.6403,6.0,inf
900,5,0.11776796351365558,0.8040126237056864,1.1481862641834015,2.6403,1,2.6403,6.0,inf
901,0,2.254151656508515,0.8029920477478601,0.3348575026414143,1.1277,1,1.1277,6.0,inf
901,1,2.254151656508515,0.8029920477478601,0.3348575026414143,1.1277,1,1.1277,6.0,inf
901,2,2.254151656508515,0.8029920477478601,0.3348575026414143,1.1277,1,1.1277,6.0,inf
901,3,2.254151656508515,0.8029920477478601,0.3348575026414143,1.1277,1,1.1277,6.0,inf
901,4,2.254151656508515,0.8029920477478601,0.3348575026414143,1.1277,1,1.1277,6.0,inf
901,5,2.254151656508515,0.8029920477478601,0.3348575026414143,1.1277,1,1.1277,6.0,inf
902,0,1.9909372152161449,0.1288886145386688,-0.1365930447221998,0.11969999999999999,1,0.11969999999999999,6.0,inf
902,1,1.9909372152161449,0.1288886145386688,-0.1365930447221998,0.11969999999999999,1,0.11969999999999999,6.0,inf
902,2,1.9909372152161449,0.1288886145386688,-0.1365930447221998,0.11969999999999999,1,0.11969999999999999,6.0,inf
902,3,1.9909372152161449,0.1288886145386688,-0.1365930447221998,0.11969999999999999,1,0.11969999999999999,6.0,inf
902,4,1.9909372152161449,0.1288886145386688,-0.1365930447221998,0.11969999999999999,1,0.11969999999999999,6.0,inf
902,5,1.9909372152161449,0.1288886145386688,-0.1365930447221998,0.11969999999999999,1,0.11969999999999999,6.0,inf
903,0,0.7359006707330461,1.8124831209143102,0.9672832423371278,0.9728999999999999,1,0.9728999999999999,6.0,inf
903,1,0.7359006707330461,1.8124831209143102,0.9672832423371278,0.9728999999999999,1,0.9728999999999999,6.0,inf
903,2,0.7359006707330461,1.8124831209143102,0.9672832423371278,0.9728999999999999,1,0.9728999999999999,6.0,inf
903,3,0.7359006707330461,1.8124831209143102,0.9672832423371278,0.9728999999999999,1,0.9728999999999999,6.0,inf
903,4,0.7359006707330461,1.8124831209143102,0.9672832423371278,0.9728999999999999,1,0.9728999999999999,6.0,inf
903,5,0.7359006707330461,1.8124831209143102,0.9672832423371278,0.9728999999999999,1,0.9728999999999999,6.0,inf
904,0,0.4191531154665814,1.5758308774801206,-0.09630842173411375,2.7491999999999996,1,2.7491999999999996,6.0,inf
904,1,0.4191531154665814,1.5758308774801206,-0.09630842173411375,2.7491999999999996,1,2.7491999999999996,6.0,inf
904,2,0.4191531154665814,1.5758308774801206,-0.09630842173411375,2.7491999999999996,1,2.7491999999999996,6.0,inf
904,3,0.4191531154665814,1.5758308774801206,-0.09630842173411375,2.7491999999999996,1,2.7491999999999996,6.0,inf
904,4,0.4191531154665814,1.5758308774801206,-0.09630842173411375,2.7491999999999996,1,2.7491999999999996,6.0,inf
904,5,0.4191531154665814,1.5758308774801206,-0.09630842173411375,2.7491999999999996,1,2.7491999999999996,6.0,inf
905,0,-0.8960436492299017,-0.5072110658655892,-1.0289285501168397,6.0,0,8.0001,6.0,inf
905,1,-0.8960436492299017,-0.5072110658655892,-1.0289285501168397,6.0,0,8.0001,6.0,inf
905,2,-0.8960436492299017,-0.5072110658655892,-1.0289285501168397,6.0,0,8.0001,6.0,inf
905,3,-0.8960436492299017,-0.5072110658655892,-1.0289285501168397,6.0,0,8.0001,6.0,inf
905,4,-0.8960436492299017,-0.5072110658655892,-1.0289285501168397,6.0,0,8.0001,6.0,inf
905,5,-0.8960436492299017,-0.5072110658655892,-1.0289285501168397,6.0,0,8.0001,6.0,inf
906,0,-0.05645792704279544,1.0855362965316158,0.806517023049154,1.2708,1,1.2708,6.0,inf
906,1,-0.05645792704279544,1.0855362965316158,0.806517023049154,1.2708,1,1.2708,6.0,inf
906,2,-0.05645792704279544,1.0855362965316158,0.806517023049154,1.2708,1,1.2708,6.0,inf
906,3,-0.05645792704279544,1.0855362965316158,0.806517023049154,1.2708,1,1.2708,6.0,inf
906,4,-0.05645792704279544,1.0855362965316158,0.806517023049154,1.2708,1,1.2708,6.0,inf
906,5,-0.05645792704279544,1.0855362965316158,0.806517023049154,1.2708,1,1.2708,6.0,inf
907,0,1.313175587058639,1.2011916643817586,1.105278684678734,1.23,1,1.23,6.0,inf
907,1,1.313175587058639,1.2011916643817586,1.105278684678734,1.23,1,1.23,6.0,inf
907,2,1.313175587058639,1.2011916643817586,1.105278684678734,1.23,1,1.23,6.0,inf
907,3,1.313175587058639,1.2011916643817586,1.105278684678734,1.23,1,1.23,6.0,inf
907,4,1.313175587058639,1.2011916643817586,1.105278684678734,1.23,1,1.23,6.0,inf
907,5,1.313175587058639,1.2011916643817586,1.105278684678734,1.23,1,1.23,6.0,inf
908,0,-0.1028081112955433,-0.038294867996024246,-0.1378149569015688,1.1630999999999998,1,1.1630999999999998,6.0,inf
908,1,-0.1028081112955433,-0.038294867996024246,-0.1378149569015688,1.1630999999999998,1,1.1630999999999998,6.0,inf
908,2,-0.1028081112955433,-0.038294867996024246,-0.1378149569015688,1.1630999999999998,1,1.1630999999999998,6.0,inf
908,3,-0.1028081112955433,-0.038294867996024246,-0.1378149569015688,1.1630999999999998,1,1.1630999999999998,6.0,inf
908,4,-0.1028081112955433,-0.038294867996024246,-0.1378149569015688,1.1630999999999998,1,1.1630999999999998,6.0,inf
908,5,-0.1028081112955433,-0.038294867996024246,-0.1378149569015688,1.1630999999999998,1,1.1630999999999998,6.0,inf
909,0,-0.5532931040614778,0.5787819646660919,1.2248915053840437,1.9605,1,1.9605,6.0,inf
909,1,-0.5532931040614778,0.5787819646660919,1.2248915053840437,1.9605,1,1.9605,6.0,inf
909,2,-0.5532931040614778,0.5787819646660919,1.2248915053840437,1.9605,1,1.9605,6.0,inf
909,3,-0.5532931040614778,0.5787819646660919,1.2248915053840437,1.9605,1,1.9605,6.0,inf
909,4,-0.5532931040614778,0.5787819646660919,1.2248915053840437,1.9605,1,1.9605,6.0,inf
909,5,-0.5532931040614778,0.5787819646660919,1.2248915053840437,1.9605,1,1.9605,6.0,inf
910,0,-0.4648287673181476,-0.3445995697866883,-0.7716473262044218,1.3559999999999999,1,1.3559999999999999,6.0,inf
910,1,-0.4648287673181476,-0.3445995697866883,-0.7716473262044218,1.3559999999999999,1,1.3559999999999999,6.0,inf
910,2,-0.4648287673181476,-0.3445995697866883,-0.7716473262044218,1.3559999999999999,1,1.3559999999999999,6.0,inf
910,3,-0.4648287673181476,-0.3445995697866883,-0.7716473262044218,1.3559999999999999,1,1.3559999999999999,6.0,inf
910,4,-0.4648287673181476,-0.3445995697866883,-0.7716473262044218,1.3559999999999999,1,1.3559999999999999,6.0,inf
910,5,-0.4648287673181476,-0.3445995697866883,-0.7716473262044218,1.3559999999999999,1,1.3559999999999999,6.0,inf
911,0,-1.8325817412047636,0.6525472620250652,0.18447343523005766,3.9542999999999995,1,3.9542999999999995,6.0,inf
911,1,-1.8325817412047636,0.6525472620250652,0.18447343523005766,3.9542999999999995,1,3.9542999999999995,6.0,inf
911,2,-1.8325817412047636,0.6525472620250652,0.18447343523005766,3.9542999999999995,1,3.9542999999999995,6.0,inf
911,3,-1.8325817412047636,0.6525472620250652,0.18447343523005766,3.9542999999999995,1,3.9542999999999995,6.0,inf
911,4,-1.8325817412047636,0.6525472620250652,0.18447343523005766,3.9542999999999995,1,3.9542999999999995,6.0,inf
911,5,-1.8325817412047636,0.6525472620250652,0.18447343523005766,3.9542999999999995,1,3.9542999999999995,6.0,inf
912,0,-0.47009354812299925,0.5329130801748144,0.27444110237370783,5.9391,1,5.9391,6.0,inf
912,1,-0.47009354812299925,0.5329130801748144,0.27444110237370783,5.9391,1,5.9391,6.0,inf
912,2,-0.47009354812299925,0.5329130801748144,0.27444110237370783,5.9391,1,5.9391,6.0,inf
912,3,-0.47009354812299925,0.5329130801748144,0.27444110237370783,5.9391,1,5.9391,6.0,inf
912,4,-0.47009354812299925,0.5329130801748144,0.27444110237370783,5.9391,1,5.9391,6.0,inf
912,5,-0.47009354812299925,0.5329130801748144,0.27444110237370783,5.9391,1,5.9391,6.0,inf
913,0,-0.2839210817989082,-0.6464784948309289,1.049759388366553,0.9281999999999999,1,0.9281999999999999,6.0,inf
913,1,-0.2839210817989082,-0.6464784948309289,1.049759388366553,0.9281999999999999,1,0.9281999999999999,6.0,inf
913,2,-0.2839210817989082,-0.6464784948309289,1.049759388366553,0.9281999999999999,1,0.9281999999999999,6.0,inf
913,3,-0.2839210817989082,-0.6464784948309289,1.049759388366553,0.9281999999999999,1,0.9281999999999999,6.0,inf
913,4,-0.2839210817989082,-0.6464784948309289,1.049759388366553,0.9281999999999999,1,0.9281999999999999,6.0,inf
913,5,-0.2839210817989082,-0.6464784948309289,1.049759388366553,0.9281999999999999,1,0.9281999999999999,6.0,inf
914,0,1.709858420684661,-0.004728885818692282,0.18099204455936194,2.4699,1,2.4699,6.0,inf
914,1,1.709858420684661,-0.004728885818692282,0.18099204455936194,2.4699,1,2.4699,6.0,inf
914,2,1.709858420684661,-0.004728885818692282,0.18099204455936194,2.4699,1,2.4699,6.0,inf
914,3,1.709858420684661,-0.004728885818692282,0.18099204455936194,2.4699,1,2.4699,6.0,inf
914,4,1.709858420684661,-0.004728885818692282,0.18099204455936194,2.4699,1,2.4699,6.0,inf
914,5,1.709858420684661,-0.004728885818692282,0.18099204455936194,2.4699,1,2.4699,6.0,inf
915,0,-1.4395673535002602,-0.4700396498024767,-0.4150142898615254,6.0,0,6.0492,6.0,inf
915,1,-1.4395673535002602,-0.4700396498024767,-0.4150142898615254,6.0,0,6.0492,6.0,inf
915,2,-1.4395673535002602,-0.4700396498024767,-0.4150142898615254,6.0,0,6.0492,6.0,inf
915,3,-1.4395673535002602,-0.4700396498024767,-0.4150142898615254,6.0,0,6.0492,6.0,inf
915,4,-1.4395673535002602,-0.4700396498024767,-0.4150142898615254,6.0,0,6.0492,6.0,inf
915,5,-1.4395673535002602,-0.4700396498024767,-0.4150142898615254,6.0,0,6.0492,6.0,inf
916,0,0.40300601482258513,0.577181148619864,-1.4004228331169142,2.9537999999999998,1,2.9537999999999998,6.0,inf
916,1,0.40300601482258513,0.577181148619864,-1.4004228331169142,2.9537999999999998,1,2.9537999999999998,6.0,inf
916,2,0.40300601482258513,0.577181148619864,-1.4004228331169142,2.9537999999999998,1,2.9537999999999998,6.0,inf
916,3,0.40300601482258513,0.577181148619864,-1.4004228331169142,2.9537999999999998,1,2.9537999999999998,6.0,inf
916,4,0.40300601482258513,0.577181148619864,-1.4004228331169142,2.9537999999999998,1,2.9537999999999998,6.0,inf
916,5,0.40300601482258513,0.577181148619864,-1.4004228331169142,2.9537999999999998,1,2.9537999999999998,6.0,inf
917,0,1.6117531400636245,1.151193755914465,0.5634695246118907,0.0741,1,0.0741,6.0,inf
917,1,1.6117531400636245,1.151193755914465,0.5634695246118907,0.0741,1,0.0741,6.0,inf
917,2,1.6117531400636245,1.151193755914465,0.5634695246118907,0.0741,1,0.0741,6.0,inf
917,3,1.6117531400636245,1.151193755914465,0.5634695246118907,0.0741,1,0.0741,6.0,inf
917,4,1.6117531400636245,1.151193755914465,0.5634695246118907,0.0741,1,0.0741,6.0,inf
917,5,1.6117531400636245,1.151193755914465,0.5634695246118907,0.0741,1,0.0741,6.0,inf
918,0,-0.7564377142607404,-0.10943036162185808,0.034930169915688175,0.8553,1,0.8553,6.0,inf
918,1,-0.7564377142607404,-0.10943036162185808,0.034930169915688175,0.8553,1,0.8553,6.0,inf
918,2,-0.7564377142607404,-0.10943036162185808,0.034930169915688175,0.8553,1,0.8553,6.0,inf
918,3,-0.7564377142607404,-0.10943036162185808,0.034930169915688175,0.8553,1,0.8553,6.0,inf
918,4,-0.7564377142607404,-0.10943036162185808,0.034930169915688175,0.8553,1,0.8553,6.0,inf
918,5,-0.7564377142607404,-0.10943036162185808,0.034930169915688175,0.8553,1,0.8553,6.0,inf
919,0,-2.291706751119163,0.7041409566697261,-1.0086261598626323,6.0,0,8.0001,6.0,inf
919,1,-2.291706751119163,0.7041409566697261,-1.0086261598626323,6.0,0,8.0001,6.0,inf
919,2,-2.291706751119163,0.7041409566697261,-1.0086261598626323,6.0,0,8.0001,6.0,inf
919,3,-2.291706751119163,0.7041409566697261,-1.0086261598626323,6.0,0,8.0001,6.0,inf
919,4,-2.291706751119163,0.7041409566697261,-1.0086261598626323,6.0,0,8.0001,6.0,inf
919,5,-2.291706751119163,0.7041409566697261,-1.0086261598626323,6.0,0,8.0001,6.0,inf
920,0,0.5443569327945904,-0.17412260436174093,-2.1648089054860487,4.656,1,4.656,6.0,inf
920,1,0.5443569327945904,-0.17412260436174093,-2.1648089054860487,4.656,1,4.656,6.0,inf
920,2,0.5443569327945904,-0.17412260436174093,-2.1648089054860487,4.656,1,4.656,6.0,inf
920,3,0.5443569327945904,-0.17412260436174093,-2.1648089054860487,4.656,1,4.656,6.0,inf
920,4,0.5443569327945904,-0.17412260436174093,-2.1648089054860487,4.656,1,4.656,6.0,inf
920,5,0.5443569327945904,-0.17412260436174093,-2.1648089054860487,4.656,1,4.656,6.0,inf
921,0,-1.645614355537533,0.30833180701169643,1.8884060084968666,1.2995999999999999,1,1.2995999999999999,6.0,inf
921,1,-1.645614355537533,0.30833180701169643,1.8884060084968666,1.2995999999999999,1,1.2995999999999999,6.0,inf
921,2,-1.645614355537533,0.30833180701169643,1.8884060084968666,1.2995999999999999,1,1.2995999999999999,6.0,inf
921,3,-1.645614355537533,0.30833180701169643,1.8884060084968666,1.2995999999999999,1,1.2995999999999999,6.0,inf
921,4,-1.645614355537533,0.30833180701169643,1.8884060084968666,1.2995999999999999,1,1.2995999999999999,6.0,inf
921,5,-1.645614355537533,0.30833180701169643,1.8884060084968666,1.2995999999999999,1,1.2995999999999999,6.0,inf
922,0,0.30533683237269965,-0.8895067887256435,0.47360755338386756,2.2274999999999996,1,2.2274999999999996,6.0,inf
922,1,0.30533683237269965,-0.8895067887256435,0.47360755338386756,2.2274999999999996,1,2.2274999999999996,6.0,inf
922,2,0.30533683237269965,-0.8895067887256435,0.47360755338386756,2.2274999999999996,1,2.2274999999999996,6.0,inf
922,3,0.30533683237269965,-0.8895067887256435,0.47360755338386756,2.2274999999999996,1,2.2274999999999996,6.0,inf
922,4,0.30533683237269965,-0.8895067887256435,0.47360755338386756,2.2274999999999996,1,2.2274999999999996,6.0,inf
922,5,0.30533683237269965,-0.8895067887256435,0.47360755338386756,2.2274999999999996,1,2.2274999999999996,6.0,inf
923,0,-0.9242334830295377,0.23229871059335644,0.5795164389574015,0.7452,1,0.7452,6.0,inf
923,1,-0.9242334830295377,0.23229871059335644,0.5795164389574015,0.7452,1,0.7452,6.0,inf
923,2,-0.9242334830295377,0.23229871059335644,0.5795164389574015,0.7452,1,0.7452,6.0,inf
923,3,-0.9242334830295377,0.23229871059335644,0.5795164389574015,0.7452,1,0.7452,6.0,inf
923,4,-0.9242334830295377,0.23229871059335644,0.5795164389574015,0.7452,1,0.7452,6.0,inf
923,5,-0.9242334830295377,0.23229871059335644,0.5795164389574015,0.7452,1,0.7452,6.0,inf
924,0,-0.31139784820505967,-0.4438719422123207,-0.5608377146489416,2.3499,1,2.3499,6.0,inf
924,1,-0.31139784820505967,-0.4438719422123207,-0.5608377146489416,2.3499,1,2.3499,6.0,inf
924,2,-0.31139784820505967,-0.4438719422123207,-0.5608377146489416,2.3499,1,2.3499,6.0,inf
924,3,-0.31139784820505967,-0.4438719422123207,-0.5608377146489416,2.3499,1,2.3499,6.0,inf
924,4,-0.31139784820505967,-0.4438719422123207,-0.5608377146489416,2.3499,1,2.3499,6.0,inf
924,5,-0.31139784820505967,-0.4438719422123207,-0.5608377146489416,2.3499,1,2.3499,6.0,inf
925,0,1.014340785289671,0.34815372795679084,0.19982780424585633,2.8695,1,2.8695,6.0,inf
925,1,1.014340785289671,0.34815372795679084,0.19982780424585633,2.8695,1,2.8695,6.0,inf
925,2,1.014340785289671,0.34815372795679084,0.19982780424585633,2.8695,1,2.8695,6.0,inf
925,3,1.014340785289671,0.34815372795679084,0.19982780424585633,2.8695,1,2.8695,6.0,inf
925,4,1.014340785289671,0.34815372795679084,0.19982780424585633,2.8695,1,2.8695,6.0,inf
925,5,1.014340785289671,0.34815372795679084,0.19982780424585633,2.8695,1,2.8695,6.0,inf
926,0,-0.30354236606779533,-0.4267104581326869,0.5337562683987843,3.5982,1,3.5982,6.0,inf
926,1,-0.30354236606779533,-0.4267104581326869,0.5337562683987843,3.5982,1,3.5982,6.0,inf
926,2,-0.30354236606779533,-0.4267104581326869,0.5337562683987843,3.5982,1,3.5982,6.0,inf
926,3,-0.30354236606779533,-0.4267104581326869,0.5337562683987843,3.5982,1,3.5982,6.0,inf
926,4,-0.30354236606779533,-0.4267104581326869,0.5337562683987843,3.5982,1,3.5982,6.0,inf
926,5,-0.30354236606779533,-0.4267104581326869,0.5337562683987843,3.5982,1,3.5982,6.0,inf
927,0,0.035078548197464365,0.8174282634208941,-0.24432062697024737,1.9790999999999999,1,1.9790999999999999,6.0,inf
927,1,0.035078548197464365,0.8174282634208941,-0.24432062697024737,1.9790999999999999,1,1.9790999999999999,6.0,inf
927,2,0.035078548197464365,0.8174282634208941,-0.24432062697024737,1.9790999999999999,1,1.9790999999999999,6.0,inf
927,3,0.035078548197464365,0.8174282634208941,-0.24432062697024737,1.9790999999999999,1,1.9790999999999999,6.0,inf
927,4,0.035078548197464365,0.8174282634208941,-0.24432062697024737,1.9790999999999999,1,1.9790999999999999,6.0,inf
927,5,0.035078548197464365,0.8174282634208941,-0.24432062697024737,1.9790999999999999,1,1.9790999999999999,6.0,inf
928,0,0.7184234099092573,-0.26953129282700455,1.059425913091643,2.3375999999999997,1,2.3375999999999997,6.0,inf
928,1,0.7184234099092573,-0.26953129282700455,1.059425913091643,2.3375999999999997,1,2.3375999999999997,6.0,inf
928,2,0.7184234099092573,-0.26953129282700455,1.059425913091643,2.3375999999999997,1,2.3375999999999997,6.0,inf
928,3,0.7184234099092573,-0.26953129282700455,1.059425913091643,2.3375999999999997,1,2.3375999999999997,6.0,inf
928,4,0.7184234099092573,-0.26953129282700455,1.059425913091643,2.3375999999999997,1,2.3375999999999997,6.0,inf
928,5,0.7184234099092573,-0.26953129282700455,1.059425913091643,2.3375999999999997,1,2.3375999999999997,6.0,inf
929,0,-0.3369913372307241,-0.203997200659248,2.7121654783360083,1.2698999999999998,1,1.2698999999999998,6.0,inf
929,1,-0.3369913372307241,-0.203997200659248,2.7121654783360083,1.2698999999999998,1,1.2698999999999998,6.0,inf
929,2,-0.3369913372307241,-0.203997200659248,2.7121654783360083,1.2698999999999998,1,1.2698999999999998,6.0,inf
929,3,-0.3369913372307241,-0.203997200659248,2.7121654783360083,1.2698999999999998,1,1.2698999999999998,6.0,inf
929,4,-0.3369913372307241,-0.203997200659248,2.7121654783360083,1.2698999999999998,1,1.2698999999999998,6.0,inf
929,5,-0.3369913372307241,-0.203997200659248,2.7121654783360083,1.2698999999999998,1,1.2698999999999998,6.0,inf
930,0,-0.09798517252793737,1.8305088528229847,-0.3136186406028973,0.5211,1,0.5211,6.0,inf
930,1,-0.09798517252793737,1.8305088528229847,-0.3136186406028973,0.5211,1,0.5211,6.0,inf
930,2,-0.09798517252793737,1.8305088528229847,-0.3136186406028973,0.5211,1,0.5211,6.0,inf
930,3,-0.09798517252793737,1.8305088528229847,-0.3136186406028973,0.5211,1,0.5211,6.0,inf
930,4,-0.09798517252793737,1.8305088528229847,-0.3136186406028973,0.5211,1,0.5211,6.0,inf
930,5,-0.09798517252793737,1.8305088528229847,-0.3136186406028973,0.5211,1,0.5211,6.0,inf
931,0,0.7549591757961522,0.17337506034356617,-0.8875052024155831,2.6144999999999996,1,2.6144999999999996,6.0,inf
931,1,0.7549591757961522,0.17337506034356617,-0.8875052024155831,2.6144999999999996,1,2.6144999999999996,6.0,inf
931,2,0.7549591757961522,0.17337506034356617,-0.8875052024155831,2.6144999999999996,1,2.6144999999999996,6.0,inf
931,3,0.7549591757961522,0.17337506034356617,-0.8875052024155831,2.6144999999999996,1,2.6144999999999996,6.0,inf
931,4,0.7549591757961522,0.17337506034356617,-0.8875052024155831,2.6144999999999996,1,2.6144999999999996,6.0,inf
931,5,0.7549591757961522,0.17337506034356617,-0.8875052024155831,2.6144999999999996,1,2.6144999999999996,6.0,inf
932,0,-1.6899559941960547,0.4732496772551943,0.2854709305399296,1.2222,1,1.2222,6.0,inf
932,1,-1.6899559941960547,0.4732496772551943,0.2854709305399296,1.2222,1,1.2222,6.0,inf
932,2,-1.6899559941960547,0.4732496772551943,0.2854709305399296,1.2222,1,1.2222,6.0,inf
932,3,-1.6899559941960547,0.4732496772551943,0.2854709305399296,1.2222,1,1.2222,6.0,inf
932,4,-1.6899559941960547,0.4732496772551943,0.2854709305399296,1.2222,1,1.2222,6.0,inf
932,5,-1.6899559941960547,0.4732496772551943,0.2854709305399296,1.2222,1,1.2222,6.0,inf
933,0,-0.033243803858306296,0.02030487758765598,1.2475390372709347,0.4206,1,0.4206,6.0,inf
933,1,-0.033243803858306296,0.02030487758765598,1.2475390372709347,0.4206,1,0.4206,6.0,inf
933,2,-0.033243803858306296,0.02030487758765598,1.2475390372709347,0.4206,1,0.4206,6.0,inf
933,3,-0.033243803858306296,0.02030487758765598,1.2475390372709347,0.4206,1,0.4206,6.0,inf
933,4,-0.033243803858306296,0.02030487758765598,1.2475390372709347,0.4206,1,0.4206,6.0,inf
933,5,-0.033243803858306296,0.02030487758765598,1.2475390372709347,0.4206,1,0.4206,6.0,inf
934,0,-1.0019440719191661,-1.3065282168455092,0.3251244354010535,1.2410999999999999,1,1.2410999999999999,6.0,inf
934,1,-1.0019440719191661,-1.3065282168455092,0.3251244354010535,1.2410999999999999,1,1.2410999999999999,6.0,inf
934,2,-1.0019440719191661,-1.3065282168455092,0.3251244354010535,1.2410999999999999,1,1.2410999999999999,6.0,inf
934,3,-1.0019440719191661,-1.3065282168455092,0.3251244354010535,1.2410999999999999,1,1.2410999999999999,6.0,inf
934,4,-1.0019440719191661,-1.3065282168455092,0.3251244354010535,1.2410999999999999,1,1.2410999999999999,6.0,inf
934,5,-1.0019440719191661,-1.3065282168455092,0.3251244354010535,1.2410999999999999,1,1.2410999999999999,6.0,inf
935,0,1.1332513300415208,-0.7081785696417745,-1.364517252435353,3.4008,1,3.4008,6.0,inf
935,1,1.1332513300415208,-0.7081785696417745,-1.364517252435353,3.4008,1,3.4008,6.0,inf
935,2,1.1332513300415208,-0.7081785696417745,-1.364517252435353,3.4008,1,3.4008,6.0,inf
935,3,1.1332513300415208,-0.7081785696417745,-1.364517252435353,3.4008,1,3.4008,6.0,inf
935,4,1.1332513300415208,-0.7081785696417745,-1.364517252435353,3.4008,1,3.4008,6.0,inf
935,5,1.1332513300415208,-0.7081785696417745,-1.364517252435353,3.4008,1,3.4008,6.0,inf
936,0,-1.6677077021837257,-0.5660104423879252,-0.7427492663739355,6.0,0,8.0001,6.0,inf
936,1,-1.6677077021837257,-0.5660104423879252,-0.7427492663739355,6.0,0,8.0001,6.0,inf
936,2,-1.6677077021837257,-0.5660104423879252,-0.7427492663739355,6.0,0,8.0001,6.0,inf
936,3,-1.6677077021837257,-0.5660104423879252,-0.7427492663739355,6.0,0,8.0001,6.0,inf
936,4,-1.6677077021837257,-0.5660104423879252,-0.7427492663739355,6.0,0,8.0001,6.0,inf
936,5,-1.6677077021837257,-0.5660104423879252,-0.7427492663739355,6.0,0,8.0001,6.0,inf
937,0,-1.1756036042707048,1.5957515764537822,0.029425280003105726,1.6649999999999998,1,1.6649999999999998,6.0,inf
937,1,-1.1756036042707048,1.5957515764537822,0.029425280003105726,1.6649999999999998,1,1.6649999999999998,6.0,inf
937,2,-1.1756036042707048,1.5957515764537822,0.029425280003105726,1.6649999999999998,1,1.6649999999999998,6.0,inf
937,3,-1.1756036042707048,1.5957515764537822,0.029425280003105726,1.6649999999999998,1,1.6649999999999998,6.0,inf
937,4,-1.1756036042707048,1.5957515764537822,0.029425280003105726,1.6649999999999998,1,1.6649999999999998,6.0,inf
937,5,-1.1756036042707048,1.5957515764537822,0.029425280003105726,1.6649999999999998,1,1.6649999999999998,6.0,inf
938,0,-0.18549724591238292,0.6809742161333364,-1.0069029851144315,3.9071999999999996,1,3.9071999999999996,6.0,inf
938,1,-0.18549724591238292,0.6809742161333364,-1.0069029851144315,3.9071999999999996,1,3.9071999999999996,6.0,inf
938,2,-0.18549724591238292,0.6809742161333364,-1.0069029851144315,3.9071999999999996,1,3.9071999999999996,6.0,inf
938,3,-0.18549724591238292,0.6809742161333364,-1.0069029851144315,3.9071999999999996,1,3.9071999999999996,6.0,inf
938,4,-0.18549724591238292,0.6809742161333364,-1.0069029851144315,3.9071999999999996,1,3.9071999999999996,6.0,inf
938,5,-0.18549724591238292,0.6809742161333364,-1.0069029851144315,3.9071999999999996,1,3.9071999999999996,6.0,inf
939,0,-1.8021581797436974,1.2597318604656342,-0.23600392415437052,1.1895,1,1.1895,6.0,inf
939,1,-1.8021581797436974,1.2597318604656342,-0.23600392415437052,1.1895,1,1.1895,6.0,inf
939,2,-1.8021581797436974,1.2597318604656342,-0.23600392415437052,1.1895,1,1.1895,6.0,inf
939,3,-1.8021581797436974,1.2597318604656342,-0.23600392415437052,1.1895,1,1.1895,6.0,inf
939,4,-1.8021581797436974,1.2597318604656342,-0.23600392415437052,1.1895,1,1.1895,6.0,inf
939,5,-1.8021581797436974,1.2597318604656342,-0.23600392415437052,1.1895,1,1.1895,6.0,inf
940,0,-1.1663595334855663,-1.7349241817764625,1.7773907194630891,4.1202,1,4.1202,6.0,inf
940,1,-1.1663595334855663,-1.7349241817764625,1.7773907194630891,4.1202,1,4.1202,6.0,inf
940,2,-1.1663595334855663,-1.7349241817764625,1.7773907194630891,4.1202,1,4.1202,6.0,inf
940,3,-1.1663595334855663,-1.7349241817764625,1.7773907194630891,4.1202,1,4.1202,6.0,inf
940,4,-1.1663595334855663,-1.7349241817764625,1.7773907194630891,4.1202,1,4.1202,6.0,inf
940,5,-1.1663595334855663,-1.7349241817764625,1.7773907194630891,4.1202,1,4.1202,6.0,inf
941,0,-0.7131364963500046,-0.8817635521787182,1.6028688169123608,2.7447,1,2.7447,6.0,inf
941,1,-0.7131364963500046,-0.8817635521787182,1.6028688169123608,2.7447,1,2.7447,6.0,inf
941,2,-0.7131364963500046,-0.8817635521787182,1.6028688169123608,2.7447,1,2.7447,6.0,inf
941,3,-0.7131364963500046,-0.8817635521787182,1.6028688169123608,2.7447,1,2.7447,6.0,inf
941,4,-0.7131364963500046,-0.8817635521787182,1.6028688169123608,2.7447,1,2.7447,6.0,inf
941,5,-0.7131364963500046,-0.8817635521787182,1.6028688169123608,2.7447,1,2.7447,6.0,inf
942,0,0.4680174664850188,0.9248532635833218,1.1960785624795234,0.6918,1,0.6918,6.0,inf
942,1,0.4680174664850188,0.9248532635833218,1.1960785624795234,0.6918,1,0.6918,6.0,inf
942,2,0.4680174664850188,0.9248532635833218,1.1960785624795234,0.6918,1,0.6918,6.0,inf
942,3,0.4680174664850188,0.9248532635833218,1.1960785624795234,0.6918,1,0.6918,6.0,inf
942,4,0.4680174664850188,0.9248532635833218,1.1960785624795234,0.6918,1,0.6918,6.0,inf
942,5,0.4680174664850188,0.9248532635833218,1.1960785624795234,0.6918,1,0.6918,6.0,inf
943,0,0.703680725892489,1.2503996531208905,-0.27104320332709925,1.0394999999999999,1,1.0394999999999999,6.0,inf
943,1,0.703680725892489,1.2503996531208905,-0.27104320332709925,1.0394999999999999,1,1.0394999999999999,6.0,inf
943,2,0.703680725892489,1.2503996531208905,-0.27104320332709925,1.0394999999999999,1,1.0394999999999999,6.0,inf
943,3,0.703680725892489,1.2503996531208905,-0.27104320332709925,1.0394999999999999,1,1.0394999999999999,6.0,inf
943,4,0.703680725892489,1.2503996531208905,-0.27104320332709925,1.0394999999999999,1,1.0394999999999999,6.0,inf
943,5,0.703680725892489,1.2503996531208905,-0.27104320332709925,1.0394999999999999,1,1.0394999999999999,6.0,inf
944,0,-0.7326360132818598,-0.47321739742881863,-1.9092339057778276,6.0,0,8.0001,6.0,inf
944,1,-0.7326360132818598,-0.47321739742881863,-1.9092339057778276,6.0,0,8.0001,6.0,inf
944,2,-0.7326360132818598,-0.47321739742881863,-1.9092339057778276,6.0,0,8.0001,6.0,inf
944,3,-0.7326360132818598,-0.47321739742881863,-1.9092339057778276,6.0,0,8.0001,6.0,inf
944,4,-0.7326360132818598,-0.47321739742881863,-1.9092339057778276,6.0,0,8.0001,6.0,inf
944,5,-0.7326360132818598,-0.47321739742881863,-1.9092339057778276,6.0,0,8.0001,6.0,inf
945,0,1.3551963014491415,-1.396767852571986,-0.554511283124112,4.142399999999999,1,4.142399999999999,6.0,inf
945,1,1.3551963014491415,-1.396767852571986,-0.554511283124112,4.142399999999999,1,4.142399999999999,6.0,inf
945,2,1.3551963014491415,-1.396767852571986,-0.554511283124112,4.142399999999999,1,4.142399999999999,6.0,inf
945,3,1.3551963014491415,-1.396767852571986,-0.554511283124112,4.142399999999999,1,4.142399999999999,6.0,inf
945,4,1.3551963014491415,-1.396767852571986,-0.554511283124112,4.142399999999999,1,4.142399999999999,6.0,inf
945,5,1.3551963014491415,-1.396767852571986,-0.554511283124112,4.142399999999999,1,4.142399999999999,6.0,inf
946,0,-0.8301697344070882,0.10208803283103644,1.1710338076194773,1.5554999999999999,1,1.5554999999999999,6.0,inf
946,1,-0.8301697344070882,0.10208803283103644,1.1710338076194773,1.5554999999999999,1,1.5554999999999999,6.0,inf
946,2,-0.8301697344070882,0.10208803283103644,1.1710338076194773,1.5554999999999999,1,1.5554999999999999,6.0,inf
946,3,-0.8301697344070882,0.10208803283103644,1.1710338076194773,1.5554999999999999,1,1.5554999999999999,6.0,inf
946,4,-0.8301697344070882,0.10208803283103644,1.1710338076194773,1.5554999999999999,1,1.5554999999999999,6.0,inf
946,5,-0.8301697344070882,0.10208803283103644,1.1710338076194773,1.5554999999999999,1,1.5554999999999999,6.0,inf
947,0,1.9960054878698028,-1.2655407269772885,-0.32564394729370655,4.4592,1,4.4592,6.0,inf
947,1,1.9960054878698028,-1.2655407269772885,-0.32564394729370655,4.4592,1,4.4592,6.0,inf
947,2,1.9960054878698028,-1.2655407269772885,-0.32564394729370655,4.4592,1,4.4592,6.0,inf
947,3,1.9960054878698028,-1.2655407269772885,-0.32564394729370655,4.4592,1,4.4592,6.0,inf
947,4,1.9960054878698028,-1.2655407269772885,-0.32564394729370655,4.4592,1,4.4592,6.0,inf
947,5,1.9960054878698028,-1.2655407269772885,-0.32564394729370655,4.4592,1,4.4592,6.0,inf
948,0,-0.9706663438118567,0.01844768613047322,0.07304847967629198,5.7486,1,5.7486,6.0,inf
948,1,-0.9706663438118567,0.01844768613047322,0.07304847967629198,5.7486,1,5.7486,6.0,inf
948,2,-0.9706663438118567,0.01844768613047322,0.07304847967629198,5.7486,1,5.7486,6.0,inf
948,3,-0.9706663438118567,0.01844768613047322,0.07304847967629198,5.7486,1,5.7486,6.0,inf
948,4,-0.9706663438118567,0.01844768613047322,0.07304847967629198,5.7486,1,5.7486,6.0,inf
948,5,-0.9706663438118567,0.01844768613047322,0.07304847967629198,5.7486,1,5.7486,6.0,inf
949,0,1.9918529009055392,-0.565141612245363,1.1523739574296414,1.1732999999999998,1,1.1732999999999998,6.0,inf
949,1,1.9918529009055392,-0.565141612245363,1.1523739574296414,1.1732999999999998,1,1.1732999999999998,6.0,inf
949,2,1.9918529009055392,-0.565141612245363,1.1523739574296414,1.1732999999999998,1,1.1732999999999998,6.0,inf
949,3,1.9918529009055392,-0.565141612245363,1.1523739574296414,1.1732999999999998,1,1.1732999999999998,6.0,inf
949,4,1.9918529009055392,-0.565141612245363,1.1523739574296414,1.1732999999999998,1,1.1732999999999998,6.0,inf
949,5,1.9918529009055392,-0.565141612245363,1.1523739574296414,1.1732999999999998,1,1.1732999999999998,6.0,inf
950,0,-1.3253801978165918,0.9880801560884221,0.9887003531023105,1.1954999999999998,1,1.1954999999999998,6.0,inf
950,1,-1.3253801978165918,0.9880801560884221,0.9887003531023105,1.1954999999999998,1,1.1954999999999998,6.0,inf
950,2,-1.3253801978165918,0.9880801560884221,0.9887003531023105,1.1954999999999998,1,1.1954999999999998,6.0,inf
950,3,-1.3253801978165918,0.9880801560884221,0.9887003531023105,1.1954999999999998,1,1.1954999999999998,6.0,inf
950,4,-1.3253801978165918,0.9880801560884221,0.9887003531023105,1.1954999999999998,1,1.1954999999999998,6.0,inf
950,5,-1.3253801978165918,0.9880801560884221,0.9887003531023105,1.1954999999999998,1,1.1954999999999998,6.0,inf
951,0,1.2715044956151214,-0.1430865333425499,0.11123746804426142,0.6396,1,0.6396,6.0,inf
951,1,1.2715044956151214,-0.1430865333425499,0.11123746804426142,0.6396,1,0.6396,6.0,inf
951,2,1.2715044956151214,-0.1430865333425499,0.11123746804426142,0.6396,1,0.6396,6.0,inf
951,3,1.2715044956151214,-0.1430865333425499,0.11123746804426142,0.6396,1,0.6396,6.0,inf
951,4,1.2715044956151214,-0.1430865333425499,0.11123746804426142,0.6396,1,0.6396,6.0,inf
951,5,1.2715044956151214,-0.1430865333425499,0.11123746804426142,0.6396,1,0.6396,6.0,inf
952,0,0.9596490200351274,0.4824643985654488,-0.5638205509627473,3.2120999999999995,1,3.2120999999999995,6.0,inf
952,1,0.9596490200351274,0.4824643985654488,-0.5638205509627473,3.2120999999999995,1,3.2120999999999995,6.0,inf
952,2,0.9596490200351274,0.4824643985654488,-0.5638205509627473,3.2120999999999995,1,3.2120999999999995,6.0,inf
952,3,0.9596490200351274,0.4824643985654488,-0.5638205509627473,3.2120999999999995,1,3.2120999999999995,6.0,inf
952,4,0.9596490200351274,0.4824643985654488,-0.5638205509627473,3.2120999999999995,1,3.2120999999999995,6.0,inf
952,5,0.9596490200351274,0.4824643985654488,-0.5638205509627473,3.2120999999999995,1,3.2120999999999995,6.0,inf
953,0,-1.8448368976707632,0.8922431430659549,0.6176299228828387,1.9628999999999999,1,1.9628999999999999,6.0,inf
953,1,-1.8448368976707632,0.8922431430659549,0.6176299228828387,1.9628999999999999,1,1.9628999999999999,6.0,inf
953,2,-1.8448368976707632,0.8922431430659549,0.6176299228828387,1.9628999999999999,1,1.9628999999999999,6.0,inf
953,3,-1.8448368976707632,0.8922431430659549,0.6176299228828387,1.9628999999999999,1,1.9628999999999999,6.0,inf
953,4,-1.8448368976707632,0.8922431430659549,0.6176299228828387,1.9628999999999999,1,1.9628999999999999,6.0,inf
953,5,-1.8448368976707632,0.8922431430659549,0.6176299228828387,1.9628999999999999,1,1.9628999999999999,6.0,inf
954,0,0.7020499720176446,0.6458295441888814,-0.15147529678436406,1.6145999999999998,1,1.6145999999999998,6.0,inf
954,1,0.7020499720176446,0.6458295441888814,-0.15147529678436406,1.6145999999999998,1,1.6145999999999998,6.0,inf
954,2,0.7020499720176446,0.6458295441888814,-0.15147529678436406,1.6145999999999998,1,1.6145999999999998,6.0,inf
954,3,0.7020499720176446,0.6458295441888814,-0.15147529678436406,1.6145999999999998,1,1.6145999999999998,6.0,inf
954,4,0.7020499720176446,0.6458295441888814,-0.15147529678436406,1.6145999999999998,1,1.6145999999999998,6.0,inf
954,5,0.7020499720176446,0.6458295441888814,-0.15147529678436406,1.6145999999999998,1,1.6145999999999998,6.0,inf
955,0,0.7462401558887994,-0.9515939356633957,0.9342814456104813,3.3558,1,3.3558,6.0,inf
955,1,0.7462401558887994,-0.9515939356633957,0.9342814456104813,3.3558,1,3.3558,6.0,inf
955,2,0.7462401558887994,-0.9515939356633957,0.9342814456104813,3.3558,1,3.3558,6.0,inf
955,3,0.7462401558887994,-0.9515939356633957,0.9342814456104813,3.3558,1,3.3558,6.0,inf
955,4,0.7462401558887994,-0.9515939356633957,0.9342814456104813,3.3558,1,3.3558,6.0,inf
955,5,0.7462401558887994,-0.9515939356633957,0.9342814456104813,3.3558,1,3.3558,6.0,inf
956,0,0.5624336133913848,-0.745112370027771,1.540254692753243,2.4524999999999997,1,2.4524999999999997,6.0,inf
956,1,0.5624336133913848,-0.745112370027771,1.540254692753243,2.4524999999999997,1,2.4524999999999997,6.0,inf
956,2,0.5624336133913848,-0.745112370027771,1.540254692753243,2.4524999999999997,1,2.4524999999999997,6.0,inf
956,3,0.5624336133913848,-0.745112370027771,1.540254692753243,2.4524999999999997,1,2.4524999999999997,6.0,inf
956,4,0.5624336133913848,-0.745112370027771,1.540254692753243,2.4524999999999997,1,2.4524999999999997,6.0,inf
956,5,0.5624336133913848,-0.745112370027771,1.540254692753243,2.4524999999999997,1,2.4524999999999997,6.0,inf
957,0,-0.2935994030909651,-1.034527597211725,1.6648259928727043,2.2197,1,2.2197,6.0,inf
957,1,-0.2935994030909651,-1.034527597211725,1.6648259928727043,2.2197,1,2.2197,6.0,inf
957,2,-0.2935994030909651,-1.034527597211725,1.6648259928727043,2.2197,1,2.2197,6.0,inf
957,3,-0.2935994030909651,-1.034527597211725,1.6648259928727043,2.2197,1,2.2197,6.0,inf
957,4,-0.2935994030909651,-1.034527597211725,1.6648259928727043,2.2197,1,2.2197,6.0,inf
957,5,-0.2935994030909651,-1.034527597211725,1.6648259928727043,2.2197,1,2.2197,6.0,inf
958,0,-0.21537933442472884,-0.3493519287424083,1.1801746460998452,1.7121,1,1.7121,6.0,inf
958,1,-0.21537933442472884,-0.3493519287424083,1.1801746460998452,1.7121,1,1.7121,6.0,inf
958,2,-0.21537933442472884,-0.3493519287424083,1.1801746460998452,1.7121,1,1.7121,6.0,inf
958,3,-0.21537933442472884,-0.3493519287424083,1.1801746460998452,1.7121,1,1.7121,6.0,inf
958,4,-0.21537933442472884,-0.3493519287424083,1.1801746460998452,1.7121,1,1.7121,6.0,inf
958,5,-0.21537933442472884,-0.3493519287424083,1.1801746460998452,1.7121,1,1.7121,6.0,inf
959,0,-0.5002291443864422,0.574168904846196,1.253293445043111,1.9214999999999998,1,1.9214999999999998,6.0,inf
959,1,-0.5002291443864422,0.574168904846196,1.253293445043111,1.9214999999999998,1,1.9214999999999998,6.0,inf
959,2,-0.5002291443864422,0.574168904846196,1.253293445043111,1.9214999999999998,1,1.9214999999999998,6.0,inf
959,3,-0.5002291443864422,0.574168904846196,1.253293445043111,1.9214999999999998,1,1.9214999999999998,6.0,inf
959,4,-0.5002291443864422,0.574168904846196,1.253293445043111,1.9214999999999998,1,1.9214999999999998,6.0,inf
959,5,-0.5002291443864422,0.574168904846196,1.253293445043111,1.9214999999999998,1,1.9214999999999998,6.0,inf
960,0,-1.0645248025783083,-0.5253474065311036,-0.24407576403921952,6.0,0,7.553999999999999,6.0,inf
960,1,-1.0645248025783083,-0.5253474065311036,-0.24407576403921952,6.0,0,7.553999999999999,6.0,inf
960,2,-1.0645248025783083,-0.5253474065311036,-0.24407576403921952,6.0,0,7.553999999999999,6.0,inf
960,3,-1.0645248025783083,-0.5253474065311036,-0.24407576403921952,6.0,0,7.553999999999999,6.0,inf
960,4,-1.0645248025783083,-0.5253474065311036,-0.24407576403921952,6.0,0,7.553999999999999,6.0,inf
960,5,-1.0645248025783083,-0.5253474065311036,-0.24407576403921952,6.0,0,7.553999999999999,6.0,inf
961,0,0.19522574086356087,-0.7897375794133051,-0.2231067404522749,4.797899999999999,1,4.797899999999999,6.0,inf
961,1,0.19522574086356087,-0.7897375794133051,-0.2231067404522749,4.797899999999999,1,4.797899999999999,6.0,inf
961,2,0.19522574086356087,-0.7897375794133051,-0.2231067404522749,4.797899999999999,1,4.797899999999999,6.0,inf
961,3,0.19522574086356087,-0.7897375794133051,-0.2231067404522749,4.797899999999999,1,4.797899999999999,6.0,inf
961,4,0.19522574086356087,-0.7897375794133051,-0.2231067404522749,4.797899999999999,1,4.797899999999999,6.0,inf
961,5,0.19522574086356087,-0.7897375794133051,-0.2231067404522749,4.797899999999999,1,4.797899999999999,6.0,inf
962,0,0.07688390808292724,-0.34707558788209936,0.6485154286487688,5.9262,1,5.9262,6.0,inf
962,1,0.07688390808292724,-0.34707558788209936,0.6485154286487688,5.9262,1,5.9262,6.0,inf
962,2,0.07688390808292724,-0.34707558788209936,0.6485154286487688,5.9262,1,5.9262,6.0,inf
962,3,0.07688390808292724,-0.34707558788209936,0.6485154286487688,5.9262,1,5.9262,6.0,inf
962,4,0.07688390808292724,-0.34707558788209936,0.6485154286487688,5.9262,1,5.9262,6.0,inf
962,5,0.07688390808292724,-0.34707558788209936,0.6485154286487688,5.9262,1,5.9262,6.0,inf
963,0,-1.2307290210490067,1.4359159718186372,0.63804684000697,1.3698,1,1.3698,6.0,inf
963,1,-1.2307290210490067,1.4359159718186372,0.63804684000697,1.3698,1,1.3698,6.0,inf
963,2,-1.2307290210490067,1.4359159718186372,0.63804684000697,1.3698,1,1.3698,6.0,inf
963,3,-1.2307290210490067,1.4359159718186372,0.63804684000697,1.3698,1,1.3698,6.0,inf
963,4,-1.2307290210490067,1.4359159718186372,0.63804684000697,1.3698,1,1.3698,6.0,inf
963,5,-1.2307290210490067,1.4359159718186372,0.63804684000697,1.3698,1,1.3698,6.0,inf
964,0,-0.44249247820774384,1.244504895649275,0.08089674176985522,1.3065,1,1.3065,6.0,inf
964,1,-0.44249247820774384,1.244504895649275,0.08089674176985522,1.3065,1,1.3065,6.0,inf
964,2,-0.44249247820774384,1.244504895649275,0.08089674176985522,1.3065,1,1.3065,6.0,inf
964,3,-0.44249247820774384,1.244504895649275,0.08089674176985522,1.3065,1,1.3065,6.0,inf
964,4,-0.44249247820774384,1.244504895649275,0.08089674176985522,1.3065,1,1.3065,6.0,inf
964,5,-0.44249247820774384,1.244504895649275,0.08089674176985522,1.3065,1,1.3065,6.0,inf
965,0,0.18415751409491896,1.5393497409433108,0.5834450532215991,3.5999999999999996,1,3.5999999999999996,6.0,inf
965,1,0.18415751409491896,1.5393497409433108,0.5834450532215991,3.5999999999999996,1,3.5999999999999996,6.0,inf
965,2,0.18415751409491896,1.5393497409433108,0.5834450532215991,3.5999999999999996,1,3.5999999999999996,6.0,inf
965,3,0.18415751409491896,1.5393497409433108,0.5834450532215991,3.5999999999999996,1,3.5999999999999996,6.0,inf
965,4,0.18415751409491896,1.5393497409433108,0.5834450532215991,3.5999999999999996,1,3.5999999999999996,6.0,inf
965,5,0.18415751409491896,1.5393497409433108,0.5834450532215991,3.5999999999999996,1,3.5999999999999996,6.0,inf
966,0,0.24380586922772973,1.6692196809316218,0.8096206353145621,0.9674999999999999,1,0.9674999999999999,6.0,inf
966,1,0.24380586922772973,1.6692196809316218,0.8096206353145621,0.9674999999999999,1,0.9674999999999999,6.0,inf
966,2,0.24380586922772973,1.6692196809316218,0.8096206353145621,0.9674999999999999,1,0.9674999999999999,6.0,inf
966,3,0.24380586922772973,1.6692196809316218,0.8096206353145621,0.9674999999999999,1,0.9674999999999999,6.0,inf
966,4,0.24380586922772973,1.6692196809316218,0.8096206353145621,0.9674999999999999,1,0.9674999999999999,6.0,inf
966,5,0.24380586922772973,1.6692196809316218,0.8096206353145621,0.9674999999999999,1,0.9674999999999999,6.0,inf
967,0,0.7089987762429864,-2.889703958785761,-0.3668952292962198,5.873099999999999,1,5.873099999999999,6.0,inf
967,1,0.7089987762429864,-2.889703958785761,-0.3668952292962198,5.873099999999999,1,5.873099999999999,6.0,inf
967,2,0.7089987762429864,-2.889703958785761,-0.3668952292962198,5.873099999999999,1,5.873099999999999,6.0,inf
967,3,0.7089987762429864,-2.889703958785761,-0.3668952292962198,5.873099999999999,1,5.873099999999999,6.0,inf
967,4,0.7089987762429864,-2.889703958785761,-0.3668952292962198,5.873099999999999,1,5.873099999999999,6.0,inf
967,5,0.7089987762429864,-2.889703958785761,-0.3668952292962198,5.873099999999999,1,5.873099999999999,6.0,inf
968,0,-1.2339140252817582,0.22650719078708392,-1.037452814130009,6.0,0,8.0001,6.0,inf
968,1,-1.2339140252817582,0.22650719078708392,-1.037452814130009,6.0,0,8.0001,6.0,inf
968,2,-1.2339140252817582,0.22650719078708392,-1.037452814130009,6.0,0,8.0001,6.0,inf
968,3,-1.2339140252817582,0.22650719078708392,-1.037452814130009,6.0,0,8.0001,6.0,inf
968,4,-1.2339140252817582,0.22650719078708392,-1.037452814130009,6.0,0,8.0001,6.0,inf
968,5,-1.2339140252817582,0.22650719078708392,-1.037452814130009,6.0,0,8.0001,6.0,inf
969,0,0.9477865332581996,2.5649225991444404,-0.05473472638162142,0.9887999999999999,1,0.9887999999999999,6.0,inf
969,1,0.9477865332581996,2.5649225991444404,-0.05473472638162142,0.9887999999999999,1,0.9887999999999999,6.0,inf
969,2,0.9477865332581996,2.5649225991444404,-0.05473472638162142,0.9887999999999999,1,0.9887999999999999,6.0,inf
969,3,0.9477865332581996,2.5649225991444404,-0.05473472638162142,0.9887999999999999,1,0.9887999999999999,6.0,inf
969,4,0.9477865332581996,2.5649225991444404,-0.05473472638162142,0.9887999999999999,1,0.9887999999999999,6.0,inf
969,5,0.9477865332581996,2.5649225991444404,-0.05473472638162142,0.9887999999999999,1,0.9887999999999999,6.0,inf
970,0,-0.05208922062212291,-0.3721143128001372,-0.05758496675442268,3.8343,1,3.8343,6.0,inf
970,1,-0.05208922062212291,-0.3721143128001372,-0.05758496675442268,3.8343,1,3.8343,6.0,inf
970,2,-0.05208922062212291,-0.3721143128001372,-0.05758496675442268,3.8343,1,3.8343,6.0,inf
970,3,-0.05208922062212291,-0.3721143128001372,-0.05758496675442268,3.8343,1,3.8343,6.0,inf
970,4,-0.05208922062212291,-0.3721143128001372,-0.05758496675442268,3.8343,1,3.8343,6.0,inf
970,5,-0.05208922062212291,-0.3721143128001372,-0.05758496675442268,3.8343,1,3.8343,6.0,inf
971,0,1.147663300454187,1.0538873296725602,0.6823176299379565,1.3713,1,1.3713,6.0,inf
971,1,1.147663300454187,1.0538873296725602,0.6823176299379565,1.3713,1,1.3713,6.0,inf
971,2,1.147663300454187,1.0538873296725602,0.6823176299379565,1.3713,1,1.3713,6.0,inf
971,3,1.147663300454187,1.0538873296725602,0.6823176299379565,1.3713,1,1.3713,6.0,inf
971,4,1.147663300454187,1.0538873296725602,0.6823176299379565,1.3713,1,1.3713,6.0,inf
971,5,1.147663300454187,1.0538873296725602,0.6823176299379565,1.3713,1,1.3713,6.0,inf
972,0,0.07974354455061472,-0.5611780180435512,2.180841620204889,4.387499999999999,1,4.387499999999999,6.0,inf
972,1,0.07974354455061472,-0.5611780180435512,2.180841620204889,4.387499999999999,1,4.387499999999999,6.0,inf
972,2,0.07974354455061472,-0.5611780180435512,2.180841620204889,4.387499999999999,1,4.387499999999999,6.0,inf
972,3,0.07974354455061472,-0.5611780180435512,2.180841620204889,4.387499999999999,1,4.387499999999999,6.0,inf
972,4,0.07974354455061472,-0.5611780180435512,2.180841620204889,4.387499999999999,1,4.387499999999999,6.0,inf
972,5,0.07974354455061472,-0.5611780180435512,2.180841620204889,4.387499999999999,1,4.387499999999999,6.0,inf
973,0,1.5089236965111366,-1.1011006644339854,-0.7101081775773302,3.2990999999999997,1,3.2990999999999997,6.0,inf
973,1,1.5089236965111366,-1.1011006644339854,-0.7101081775773302,3.2990999999999997,1,3.2990999999999997,6.0,inf
973,2,1.5089236965111366,-1.1011006644339854,-0.7101081775773302,3.2990999999999997,1,3.2990999999999997,6.0,inf
973,3,1.5089236965111366,-1.1011006644339854,-0.7101081775773302,3.2990999999999997,1,3.2990999999999997,6.0,inf
973,4,1.5089236965111366,-1.1011006644339854,-0.7101081775773302,3.2990999999999997,1,3.2990999999999997,6.0,inf
973,5,1.5089236965111366,-1.1011006644339854,-0.7101081775773302,3.2990999999999997,1,3.2990999999999997,6.0,inf
974,0,0.864783437660944,1.9034190578989403,2.3938003255952474,0.39569999999999994,1,0.39569999999999994,6.0,inf
974,1,0.864783437660944,1.9034190578989403,2.3938003255952474,0.39569999999999994,1,0.39569999999999994,6.0,inf
974,2,0.864783437660944,1.9034190578989403,2.3938003255952474,0.39569999999999994,1,0.39569999999999994,6.0,inf
974,3,0.864783437660944,1.9034190578989403,2.3938003255952474,0.39569999999999994,1,0.39569999999999994,6.0,inf
974,4,0.864783437660944,1.9034190578989403,2.3938003255952474,0.39569999999999994,1,0.39569999999999994,6.0,inf
974,5,0.864783437660944,1.9034190578989403,2.3938003255952474,0.39569999999999994,1,0.39569999999999994,6.0,inf
975,0,-0.3907901129236422,1.869188740962267,0.1384494866184374,3.0896999999999997,1,3.0896999999999997,6.0,inf
975,1,-0.3907901129236422,1.869188740962267,0.1384494866184374,3.0896999999999997,1,3.0896999999999997,6.0,inf
975,2,-0.3907901129236422,1.869188740962267,0.1384494866184374,3.0896999999999997,1,3.0896999999999997,6.0,inf
975,3,-0.3907901129236422,1.869188740962267,0.1384494866184374,3.0896999999999997,1,3.0896999999999997,6.0,inf
975,4,-0.3907901129236422,1.869188740962267,0.1384494866184374,3.0896999999999997,1,3.0896999999999997,6.0,inf
975,5,-0.3907901129236422,1.869188740962267,0.1384494866184374,3.0896999999999997,1,3.0896999999999997,6.0,inf
976,0,0.2411545644909007,-0.5961140571826287,-1.6468198942552579,6.0,0,6.1065,6.0,inf
976,1,0.2411545644909007,-0.5961140571826287,-1.6468198942552579,6.0,0,6.1065,6.0,inf
976,2,0.2411545644909007,-0.5961140571826287,-1.6468198942552579,6.0,0,6.1065,6.0,inf
976,3,0.2411545644909007,-0.5961140571826287,-1.6468198942552579,6.0,0,6.1065,6.0,inf
976,4,0.2411545644909007,-0.5961140571826287,-1.6468198942552579,6.0,0,6.1065,6.0,inf
976,5,0.2411545644909007,-0.5961140571826287,-1.6468198942552579,6.0,0,6.1065,6.0,inf
977,0,-0.4109749653125241,-0.9512975153409682,0.39700286512105637,6.0,0,7.243199999999999,6.0,inf
977,1,-0.4109749653125241,-0.9512975153409682,0.39700286512105637,6.0,0,7.243199999999999,6.0,inf
977,2,-0.4109749653125241,-0.9512975153409682,0.39700286512105637,6.0,0,7.243199999999999,6.0,inf
977,3,-0.4109749653125241,-0.9512975153409682,0.39700286512105637,6.0,0,7.243199999999999,6.0,inf
977,4,-0.4109749653125241,-0.9512975153409682,0.39700286512105637,6.0,0,7.243199999999999,6.0,inf
977,5,-0.4109749653125241,-0.9512975153409682,0.39700286512105637,6.0,0,7.243199999999999,6.0,inf
978,0,0.8687921690814819,-1.3464331391044553,-1.4666935587155743,4.9917,1,4.9917,6.0,inf
978,1,0.8687921690814819,-1.3464331391044553,-1.4666935587155743,4.9917,1,4.9917,6.0,inf
978,2,0.8687921690814819,-1.3464331391044553,-1.4666935587155743,4.9917,1,4.9917,6.0,inf
978,3,0.8687921690814819,-1.3464331391044553,-1.4666935587155743,4.9917,1,4.9917,6.0,inf
978,4,0.8687921690814819,-1.3464331391044553,-1.4666935587155743,4.9917,1,4.9917,6.0,inf
978,5,0.8687921690814819,-1.3464331391044553,-1.4666935587155743,4.9917,1,4.9917,6.0,inf
979,0,0.19685039508156618,0.5357618627942667,-0.38610355146954267,1.2405,1,1.2405,6.0,inf
979,1,0.19685039508156618,0.5357618627942667,-0.38610355146954267,1.2405,1,1.2405,6.0,inf
979,2,0.19685039508156618,0.5357618627942667,-0.38610355146954267,1.2405,1,1.2405,6.0,inf
979,3,0.19685039508156618,0.5357618627942667,-0.38610355146954267,1.2405,1,1.2405,6.0,inf
979,4,0.19685039508156618,0.5357618627942667,-0.38610355146954267,1.2405,1,1.2405,6.0,inf
979,5,0.19685039508156618,0.5357618627942667,-0.38610355146954267,1.2405,1,1.2405,6.0,inf
980,0,1.4864170081080819,1.3526536173185217,-1.1087042379481131,0.9147,1,0.9147,6.0,inf
980,1,1.4864170081080819,1.3526536173185217,-1.1087042379481131,0.9147,1,0.9147,6.0,inf
980,2,1.4864170081080819,1.3526536173185217,-1.1087042379481131,0.9147,1,0.9147,6.0,inf
980,3,1.4864170081080819,1.3526536173185217,-1.1087042379481131,0.9147,1,0.9147,6.0,inf
980,4,1.4864170081080819,1.3526536173185217,-1.1087042379481131,0.9147,1,0.9147,6.0,inf
980,5,1.4864170081080819,1.3526536173185217,-1.1087042379481131,0.9147,1,0.9147,6.0,inf
981,0,1.5013171706177835,-0.7426050677943038,-1.4195699892838973,5.292,1,5.292,6.0,inf
981,1,1.5013171706177835,-0.7426050677943038,-1.4195699892838973,5.292,1,5.292,6.0,inf
981,2,1.5013171706177835,-0.7426050677943038,-1.4195699892838973,5.292,1,5.292,6.0,inf
981,3,1.5013171706177835,-0.7426050677943038,-1.4195699892838973,5.292,1,5.292,6.0,inf
981,4,1.5013171706177835,-0.7426050677943038,-1.4195699892838973,5.292,1,5.292,6.0,inf
981,5,1.5013171706177835,-0.7426050677943038,-1.4195699892838973,5.292,1,5.292,6.0,inf
982,0,-0.6977677876464665,-0.11754573575295407,0.42477194366319987,1.3557,1,1.3557,6.0,inf
982,1,-0.6977677876464665,-0.11754573575295407,0.42477194366319987,1.3557,1,1.3557,6.0,inf
982,2,-0.6977677876464665,-0.11754573575295407,0.42477194366319987,1.3557,1,1.3557,6.0,inf
982,3,-0.6977677876464665,-0.11754573575295407,0.42477194366319987,1.3557,1,1.3557,6.0,inf
982,4,-0.6977677876464665,-0.11754573575295407,0.42477194366319987,1.3557,1,1.3557,6.0,inf
982,5,-0.6977677876464665,-0.11754573575295407,0.42477194366319987,1.3557,1,1.3557,6.0,inf
983,0,-0.34752893371010185,-2.102489025234691,-1.6011988642415904,6.0,0,8.0001,6.0,inf
983,1,-0.34752893371010185,-2.102489025234691,-1.6011988642415904,6.0,0,8.0001,6.0,inf
983,2,-0.34752893371010185,-2.102489025234691,-1.6011988642415904,6.0,0,8.0001,6.0,inf
983,3,-0.34752893371010185,-2.102489025234691,-1.6011988642415904,6.0,0,8.0001,6.0,inf
983,4,-0.34752893371010185,-2.102489025234691,-1.6011988642415904,6.0,0,8.0001,6.0,inf
983,5,-0.34752893371010185,-2.102489025234691,-1.6011988642415904,6.0,0,8.0001,6.0,inf
984,0,-0.6866775146153324,1.306382828542873,0.1415406002420781,2.6921999999999997,1,2.6921999999999997,6.0,inf
984,1,-0.6866775146153324,1.306382828542873,0.1415406002420781,2.6921999999999997,1,2.6921999999999997,6.0,inf
984,2,-0.6866775146153324,1.306382828542873,0.1415406002420781,2.6921999999999997,1,2.6921999999999997,6.0,inf
984,3,-0.6866775146153324,1.306382828542873,0.1415406002420781,2.6921999999999997,1,2.6921999999999997,6.0,inf
984,4,-0.6866775146153324,1.306382828542873,0.1415406002420781,2.6921999999999997,1,2.6921999999999997,6.0,inf
984,5,-0.6866775146153324,1.306382828542873,0.1415406002420781,2.6921999999999997,1,2.6921999999999997,6.0,inf
985,0,0.46789644972716216,1.081333276874053,-0.3136795351111375,2.6538,1,2.6538,6.0,inf
985,1,0.46789644972716216,1.081333276874053,-0.3136795351111375,2.6538,1,2.6538,6.0,inf
985,2,0.46789644972716216,1.081333276874053,-0.3136795351111375,2.6538,1,2.6538,6.0,inf
985,3,0.46789644972716216,1.081333276874053,-0.3136795351111375,2.6538,1,2.6538,6.0,inf
985,4,0.46789644972716216,1.081333276874053,-0.3136795351111375,2.6538,1,2.6538,6.0,inf
985,5,0.46789644972716216,1.081333276874053,-0.3136795351111375,2.6538,1,2.6538,6.0,inf
986,0,0.7671037707642688,-0.10529542973973229,-0.8343987317024052,5.093999999999999,1,5.093999999999999,6.0,inf
986,1,0.7671037707642688,-0.10529542973973229,-0.8343987317024052,5.093999999999999,1,5.093999999999999,6.0,inf
986,2,0.7671037707642688,-0.10529542973973229,-0.8343987317024052,5.093999999999999,1,5.093999999999999,6.0,inf
986,3,0.7671037707642688,-0.10529542973973229,-0.8343987317024052,5.093999999999999,1,5.093999999999999,6.0,inf
986,4,0.7671037707642688,-0.10529542973973229,-0.8343987317024052,5.093999999999999,1,5.093999999999999,6.0,inf
986,5,0.7671037707642688,-0.10529542973973229,-0.8343987317024052,5.093999999999999,1,5.093999999999999,6.0,inf
987,0,-0.32914295277795214,-0.06127424216392316,-0.5368702537536633,0.3852,1,0.3852,6.0,inf
987,1,-0.32914295277795214,-0.06127424216392316,-0.5368702537536633,0.3852,1,0.3852,6.0,inf
987,2,-0.32914295277795214,-0.06127424216392316,-0.5368702537536633,0.3852,1,0.3852,6.0,inf
987,3,-0.32914295277795214,-0.06127424216392316,-0.5368702537536633,0.3852,1,0.3852,6.0,inf
987,4,-0.32914295277795214,-0.06127424216392316,-0.5368702537536633,0.3852,1,0.3852,6.0,inf
987,5,-0.32914295277795214,-0.06127424216392316,-0.5368702537536633,0.3852,1,0.3852,6.0,inf
988,0,1.7994276696090037,0.8974499738235003,0.8451152341972535,1.8620999999999999,1,1.8620999999999999,6.0,inf
988,1,1.7994276696090037,0.8974499738235003,0.8451152341972535,1.8620999999999999,1,1.8620999999999999,6.0,inf
988,2,1.7994276696090037,0.8974499738235003,0.8451152341972535,1.8620999999999999,1,1.8620999999999999,6.0,inf
988,3,1.7994276696090037,0.8974499738235003,0.8451152341972535,1.8620999999999999,1,1.8620999999999999,6.0,inf
988,4,1.7994276696090037,0.8974499738235003,0.8451152341972535,1.8620999999999999,1,1.8620999999999999,6.0,inf
988,5,1.7994276696090037,0.8974499738235003,0.8451152341972535,1.8620999999999999,1,1.8620999999999999,6.0,inf
989,0,-0.8823102026426551,-0.1885564277553539,-2.7896106020956513,6.0,0,8.0001,6.0,inf
989,1,-0.8823102026426551,-0.1885564277553539,-2.7896106020956513,6.0,0,8.0001,6.0,inf
989,2,-0.8823102026426551,-0.1885564277553539,-2.7896106020956513,6.0,0,8.0001,6.0,inf
989,3,-0.8823102026426551,-0.1885564277553539,-2.7896106020956513,6.0,0,8.0001,6.0,inf
989,4,-0.8823102026426551,-0.1885564277553539,-2.7896106020956513,6.0,0,8.0001,6.0,inf
989,5,-0.8823102026426551,-0.1885564277553539,-2.7896106020956513,6.0,0,8.0001,6.0,inf
990,0,-1.8289246467077183,0.467490065772577,0.1501855499613823,6.0,0,6.058199999999999,6.0,inf
990,1,-1.8289246467077183,0.467490065772577,0.1501855499613823,6.0,0,6.058199999999999,6.0,inf
990,2,-1.8289246467077183,0.467490065772577,0.1501855499613823,6.0,0,6.058199999999999,6.0,inf
990,3,-1.8289246467077183,0.467490065772577,0.1501855499613823,6.0,0,6.058199999999999,6.0,inf
990,4,-1.8289246467077183,0.467490065772577,0.1501855499613823,6.0,0,6.058199999999999,6.0,inf
990,5,-1.8289246467077183,0.467490065772577,0.1501855499613823,6.0,0,6.058199999999999,6.0,inf
991,0,0.858012604663164,0.7815718007515223,1.4525588696608889,1.5719999999999998,1,1.5719999999999998,6.0,inf
991,1,0.858012604663164,0.7815718007515223,1.4525588696608889,1.5719999999999998,1,1.5719999999999998,6.0,inf
991,2,0.858012604663164,0.7815718007515223,1.4525588696608889,1.5719999999999998,1,1.5719999999999998,6.0,inf
991,3,0.858012604663164,0.7815718007515223,1.4525588696608889,1.5719999999999998,1,1.5719999999999998,6.0,inf
991,4,0.858012604663164,0.7815718007515223,1.4525588696608889,1.5719999999999998,1,1.5719999999999998,6.0,inf
991,5,0.858012604663164,0.7815718007515223,1.4525588696608889,1.5719999999999998,1,1.5719999999999998,6.0,inf
992,0,-0.45774820112871584,-1.875702186301156,0.949430616972141,1.7618999999999998,1,1.7618999999999998,6.0,inf
992,1,-0.45774820112871584,-1.875702186301156,0.949430616972141,1.7618999999999998,1,1.7618999999999998,6.0,inf
992,2,-0.45774820112871584,-1.875702186301156,0.949430616972141,1.7618999999999998,1,1.7618999999999998,6.0,inf
992,3,-0.45774820112871584,-1.875702186301156,0.949430616972141,1.7618999999999998,1,1.7618999999999998,6.0,inf
992,4,-0.45774820112871584,-1.875702186301156,0.949430616972141,1.7618999999999998,1,1.7618999999999998,6.0,inf
992,5,-0.45774820112871584,-1.875702186301156,0.949430616972141,1.7618999999999998,1,1.7618999999999998,6.0,inf
993,0,1.6550301865269135,0.45383294970534854,-1.919441360547001,0.7454999999999999,1,0.7454999999999999,6.0,inf
993,1,1.6550301865269135,0.45383294970534854,-1.919441360547001,0.7454999999999999,1,0.7454999999999999,6.0,inf
993,2,1.6550301865269135,0.45383294970534854,-1.919441360547001,0.7454999999999999,1,0.7454999999999999,6.0,inf
993,3,1.6550301865269135,0.45383294970534854,-1.919441360547001,0.7454999999999999,1,0.7454999999999999,6.0,inf
993,4,1.6550301865269135,0.45383294970534854,-1.919441360547001,0.7454999999999999,1,0.7454999999999999,6.0,inf
993,5,1.6550301865269135,0.45383294970534854,-1.919441360547001,0.7454999999999999,1,0.7454999999999999,6.0,inf
994,0,0.12919084648568097,0.20094766997273356,-0.033644579208116816,5.911499999999999,1,5.911499999999999,6.0,inf
994,1,0.12919084648568097,0.20094766997273356,-0.033644579208116816,5.911499999999999,1,5.911499999999999,6.0,inf
994,2,0.12919084648568097,0.20094766997273356,-0.033644579208116816,5.911499999999999,1,5.911499999999999,6.0,inf
994,3,0.12919084648568097,0.20094766997273356,-0.033644579208116816,5.911499999999999,1,5.911499999999999,6.0,inf
994,4,0.12919084648568097,0.20094766997273356,-0.033644579208116816,5.911499999999999,1,5.911499999999999,6.0,inf
994,5,0.12919084648568097,0.20094766997273356,-0.033644579208116816,5.911499999999999,1,5.911499999999999,6.0,inf
995,0,-0.7242400035677196,2.3649509460288938,-0.49426862510148234,0.9050999999999999,1,0.9050999999999999,6.0,inf
995,1,-0.7242400035677196,2.3649509460288938,-0.49426862510148234,0.9050999999999999,1,0.9050999999999999,6.0,inf
995,2,-0.7242400035677196,2.3649509460288938,-0.49426862510148234,0.9050999999999999,1,0.9050999999999999,6.0,inf
995,3,-0.7242400035677196,2.3649509460288938,-0.49426862510148234,0.9050999999999999,1,0.9050999999999999,6.0,inf
995,4,-0.7242400035677196,2.3649509460288938,-0.49426862510148234,0.9050999999999999,1,0.9050999999999999,6.0,inf
995,5,-0.7242400035677196,2.3649509460288938,-0.49426862510148234,0.9050999999999999,1,0.9050999999999999,6.0,inf
996,0,-0.23984918999719249,-0.38662812319047674,-1.128007281136819,6.0,0,6.296099999999999,6.0,inf
996,1,-0.23984918999719249,-0.38662812319047674,-1.128007281136819,6.0,0,6.296099999999999,6.0,inf
996,2,-0.23984918999719249,-0.38662812319047674,-1.128007281136819,6.0,0,6.296099999999999,6.0,inf
996,3,-0.23984918999719249,-0.38662812319047674,-1.128007281136819,6.0,0,6.296099999999999,6.0,inf
996,4,-0.23984918999719249,-0.38662812319047674,-1.128007281136819,6.0,0,6.296099999999999,6.0,inf
996,5,-0.23984918999719249,-0.38662812319047674,-1.128007281136819,6.0,0,6.296099999999999,6.0,inf
997,0,0.32211073048678995,0.8049051519320274,-0.5149520342380055,2.9406,1,2.9406,6.0,inf
997,1,0.32211073048678995,0.8049051519320274,-0.5149520342380055,2.9406,1,2.9406,6.0,inf
997,2,0.32211073048678995,0.8049051519320274,-0.5149520342380055,2.9406,1,2.9406,6.0,inf
997,3,0.32211073048678995,0.8049051519320274,-0.5149520342380055,2.9406,1,2.9406,6.0,inf
997,4,0.32211073048678995,0.8049051519320274,-0.5149520342380055,2.9406,1,2.9406,6.0,inf
997,5,0.32211073048678995,0.8049051519320274,-0.5149520342380055,2.9406,1,2.9406,6.0,inf
998,0,1.9153021435380584,-1.3470419405758143,0.5097160755342238,3.1464,1,3.1464,6.0,inf
998,1,1.9153021435380584,-1.3470419405758143,0.5097160755342238,3.1464,1,3.1464,6.0,inf
998,2,1.9153021435380584,-1.3470419405758143,0.5097160755342238,3.1464,1,3.1464,6.0,inf
998,3,1.9153021435380584,-1.3470419405758143,0.5097160755342238,3.1464,1,3.1464,6.0,inf
998,4,1.9153021435380584,-1.3470419405758143,0.5097160755342238,3.1464,1,3.1464,6.0,inf
998,5,1.9153021435380584,-1.3470419405758143,0.5097160755342238,3.1464,1,3.1464,6.0,inf
999,0,-1.5240872315112475,-0.07269589183350082,-1.9440628498519847,6.0,0,8.0001,6.0,inf
999,1,-1.5240872315112475,-0.07269589183350082,-1.9440628498519847,6.0,0,8.0001,6.0,inf
999,2,-1.5240872315112475,-0.07269589183350082,-1.9440628498519847,6.0,0,8.0001,6.0,inf
999,3,-1.5240872315112475,-0.07269589183350082,-1.9440628498519847,6.0,0,8.0001,6.0,inf
999,4,-1.5240872315112475,-0.07269589183350082,-1.9440628498519847,6.0,0,8.0001,6.0,inf
999,5,-1.5240872315112475,-0.07269589183350082,-1.9440628498519847,6.0,0,8.0001,6.0,inf
