id,k,x1,x2,x3,time,event,time_true,c1,c2
0,0,-0.8519481992176671,0.09554227436225625,0.2632208101525982,5.1945,1,5.1945,6.0,inf
0,1,-0.8519481992176671,0.09554227436225625,0.2632208101525982,5.1945,1,5.1945,6.0,inf
0,2,-0.8519481992176671,0.09554227436225625,0.2632208101525982,5.1945,1,5.1945,6.0,inf
0,3,-0.8519481992176671,0.09554227436225625,0.2632208101525982,5.1945,1,5.1945,6.0,inf
0,4,-0.8519481992176671,0.09554227436225625,0.2632208101525982,5.1945,1,5.1945,6.0,inf
0,5,-0.8519481992176671,0.09554227436225625,0.2632208101525982,5.1945,1,5.1945,6.0,inf
1,0,0.21262549571600817,-1.877997541753833,0.45126065161905643,2.3945999999999996,1,2.3945999999999996,6.0,inf
1,1,0.21262549571600817,-1.877997541753833,0.45126065161905643,2.3945999999999996,1,2.3945999999999996,6.0,inf
1,2,0.21262549571600817,-1.877997541753833,0.45126065161905643,2.3945999999999996,1,2.3945999999999996,6.0,inf
1,3,0.21262549571600817,-1.877997541753833,0.45126065161905643,2.3945999999999996,1,2.3945999999999996,6.0,inf
1,4,0.21262549571600817,-1.877997541753833,0.45126065161905643,2.3945999999999996,1,2.3945999999999996,6.0,inf
1,5,0.21262549571600817,-1.877997541753833,0.45126065161905643,2.3945999999999996,1,2.3945999999999996,6.0,inf
2,0,-0.8926549062350418,-0.9479166021109302,0.048275043135909745,1.7942999999999998,1,1.7942999999999998,6.0,inf
2,1,-0.8926549062350418,-0.9479166021109302,0.048275043135909745,1.7942999999999998,1,1.7942999999999998,6.0,inf
2,2,-0.8926549062350418,-0.9479166021109302,0.048275043135909745,1.7942999999999998,1,1.7942999999999998,6.0,inf
2,3,-0.8926549062350418,-0.9479166021109302,0.048275043135909745,1.7942999999999998,1,1.7942999999999998,6.0,inf
2,4,-0.8926549062350418,-0.9479166021109302,0.048275043135909745,1.7942999999999998,1,1.7942999999999998,6.0,inf
2,5,-0.8926549062350418,-0.9479166021109302,0.048275043135909745,1.7942999999999998,1,1.7942999999999998,6.0,inf
3,0,0.8825186319747036,1.7614754869693832,-0.06829859420881433,0.4593,1,0.4593,6.0,inf
3,1,0.8825186319747036,1.7614754869693832,-0.06829859420881433,0.4593,1,0.4593,6.0,inf
3,2,0.8825186319747036,1.7614754869693832,-0.06829859420881433,0.4593,1,0.4593,6.0,inf
3,3,0.8825186319747036,1.7614754869693832,-0.06829859420881433,0.4593,1,0.4593,6.0,inf
3,4,0.8825186319747036,1.7614754869693832,-0.06829859420881433,0.4593,1,0.4593,6.0,inf
3,5,0.8825186319747036,1.7614754869693832,-0.06829859420881433,0.4593,1,0.4593,6.0,inf
4,0,1.1965802714116853,1.2357361323152312,-0.5065679389922906,1.5161999999999998,1,1.5161999999999998,6.0,inf
4,1,1.1965802714116853,1.2357361323152312,-0.5065679389922906,1.5161999999999998,1,1.5161999999999998,6.0,inf
4,2,1.1965802714116853,1.2357361323152312,-0.5065679389922906,1.5161999999999998,1,1.5161999999999998,6.0,inf
4,3,1.1965802714116853,1.2357361323152312,-0.5065679389922906,1.5161999999999998,1,1.5161999999999998,6.0,inf
4,4,1.1965802714116853,1.2357361323152312,-0.5065679389922906,1.5161999999999998,1,1.5161999999999998,6.0,inf
4,5,1.1965802714116853,1.2357361323152312,-0.5065679389922906,1.5161999999999998,1,1.5161999999999998,6.0,inf
5,0,0.20003868227387775,-0.562585033427359,0.1653307008479387,2.5526999999999997,1,2.5526999999999997,6.0,inf
5,1,0.20003868227387775,-0.562585033427359,0.1653307008479387,2.5526999999999997,1,2.5526999999999997,6.0,inf
5,2,0.20003868227387775,-0.562585033427359,0.1653307008479387,2.5526999999999997,1,2.5526999999999997,6.0,inf
5,3,0.20003868227387775,-0.562585033427359,0.1653307008479387,2.5526999999999997,1,2.5526999999999997,6.0,inf
5,4,0.20003868227387775,-0.562585033427359,0.1653307008479387,2.5526999999999997,1,2.5526999999999997,6.0,inf
5,5,0.20003868227387775,-0.562585033427359,0.1653307008479387,2.5526999999999997,1,2.5526999999999997,6.0,inf
6,0,-0.38033968365422177,-2.784585101528893,-0.7970910007759443,6.0,0,7.1328,6.0,inf
6,1,-0.38033968365422177,-2.784585101528893,-0.7970910007759443,6.0,0,7.1328,6.0,inf
6,2,-0.38033968365422177,-2.784585101528893,-0.7970910007759443,6.0,0,7.1328,6.0,inf
6,3,-0.38033968365422177,-2.784585101528893,-0.7970910007759443,6.0,0,7.1328,6.0,inf
6,4,-0.38033968365422177,-2.784585101528893,-0.7970910007759443,6.0,0,7.1328,6.0,inf
6,5,-0.38033968365422177,-2.784585101528893,-0.7970910007759443,6.0,0,7.1328,6.0,inf
7,0,0.1452502567073251,-1.0390838520648717,-0.8884727945202866,4.3302,1,4.3302,6.0,inf
7,1,0.1452502567073251,-1.0390838520648717,-0.8884727945202866,4.3302,1,4.3302,6.0,inf
7,2,0.1452502567073251,-1.0390838520648717,-0.8884727945202866,4.3302,1,4.3302,6.0,inf
7,3,0.1452502567073251,-1.0390838520648717,-0.8884727945202866,4.3302,1,4.3302,6.0,inf
7,4,0.1452502567073251,-1.0390838520648717,-0.8884727945202866,4.3302,1,4.3302,6.0,inf
7,5,0.1452502567073251,-1.0390838520648717,-0.8884727945202866,4.3302,1,4.3302,6.0,inf
8,0,-0.2560375457729216,0.10143460708823276,-0.2185076086929718,3.7775999999999996,1,3.7775999999999996,6.0,inf
8,1,-0.2560375457729216,0.10143460708823276,-0.2185076086929718,3.7775999999999996,1,3.7775999999999996,6.0,inf
8,2,-0.2560375457729216,0.10143460708823276,-0.2185076086929718,3.7775999999999996,1,3.7775999999999996,6.0,inf
8,3,-0.2560375457729216,0.10143460708823276,-0.2185076086929718,3.7775999999999996,1,3.7775999999999996,6.0,inf
8,4,-0.2560375457729216,0.10143460708823276,-0.2185076086929718,3.7775999999999996,1,3.7775999999999996,6.0,inf
8,5,-0.2560375457729216,0.10143460708823276,-0.2185076086929718,3.7775999999999996,1,3.7775999999999996,6.0,inf
9,0,-0.6647912640935106,-0.3142463667915889,-0.7976451335853489,5.3796,1,5.3796,6.0,inf
9,1,-0.6647912640935106,-0.3142463667915889,-0.7976451335853489,5.3796,1,5.3796,6.0,inf
9,2,-0.6647912640935106,-0.3142463667915889,-0.7976451335853489,5.3796,1,5.3796,6.0,inf
9,3,-0.6647912640935106,-0.3142463667915889,-0.7976451335853489,5.3796,1,5.3796,6.0,inf
9,4,-0.6647912640935106,-0.3142463667915889,-0.7976451335853489,5.3796,1,5.3796,6.0,inf
9,5,-0.6647912640935106,-0.3142463667915889,-0.7976451335853489,5.3796,1,5.3796,6.0,inf
10,0,-0.4177779577190777,-1.0738521343596739,-1.4482772574744662,6.0,0,7.2246,6.0,inf
10,1,-0.4177779577190777,-1.0738521343596739,-1.4482772574744662,6.0,0,7.2246,6.0,inf
10,2,-0.4177779577190777,-1.0738521343596739,-1.4482772574744662,6.0,0,7.2246,6.0,inf
10,3,-0.4177779577190777,-1.0738521343596739,-1.4482772574744662,6.0,0,7.2246,6.0,inf
10,4,-0.4177779577190777,-1.0738521343596739,-1.4482772574744662,6.0,0,7.2246,6.0,inf
10,5,-0.4177779577190777,-1.0738521343596739,-1.4482772574744662,6.0,0,7.2246,6.0,inf
11,0,0.12305975617646633,1.212443881617008,0.6872505093383772,1.6074,1,1.6074,6.0,inf
11,1,0.12305975617646633,1.212443881617008,0.6872505093383772,1.6074,1,1.6074,6.0,inf
11,2,0.12305975617646633,1.212443881617008,0.6872505093383772,1.6074,1,1.6074,6.0,inf
11,3,0.12305975617646633,1.212443881617008,0.6872505093383772,1.6074,1,1.6074,6.0,inf
11,4,0.12305975617646633,1.212443881617008,0.6872505093383772,1.6074,1,1.6074,6.0,inf
11,5,0.12305975617646633,1.212443881617008,0.6872505093383772,1.6074,1,1.6074,6.0,inf
12,0,0.8513773952315062,0.5193802443953703,0.1315933408856613,0.7355999999999999,1,0.7355999999999999,6.0,inf
12,1,0.8513773952315062,0.5193802443953703,0.1315933408856613,0.7355999999999999,1,0.7355999999999999,6.0,inf
12,2,0.8513773952315062,0.5193802443953703,0.1315933408856613,0.7355999999999999,1,0.7355999999999999,6.0,inf
12,3,0.8513773952315062,0.5193802443953703,0.1315933408856613,0.7355999999999999,1,0.7355999999999999,6.0,inf
12,4,0.8513773952315062,0.5193802443953703,0.1315933408856613,0.7355999999999999,1,0.7355999999999999,6.0,inf
12,5,0.8513773952315062,0.5193802443953703,0.1315933408856613,0.7355999999999999,1,0.7355999999999999,6.0,inf
13,0,0.4168276464280243,0.4336667389976471,-1.3925384352199024,1.2176999999999998,1,1.2176999999999998,6.0,inf
13,1,0.4168276464280243,0.4336667389976471,-1.3925384352199024,1.2176999999999998,1,1.2176999999999998,6.0,inf
13,2,0.4168276464280243,0.4336667389976471,-1.3925384352199024,1.2176999999999998,1,1.2176999999999998,6.0,inf
13,3,0.4168276464280243,0.4336667389976471,-1.3925384352199024,1.2176999999999998,1,1.2176999999999998,6.0,inf
13,4,0.4168276464280243,0.4336667389976471,-1.3925384352199024,1.2176999999999998,1,1.2176999999999998,6.0,inf
13,5,0.4168276464280243,0.4336667389976471,-1.3925384352199024,1.2176999999999998,1,1.2176999999999998,6.0,inf
14,0,-0.7955859821459621,-0.3609185705890577,0.31446313383192037,6.0,0,7.0962,6.0,inf
14,1,-0.7955859821459621,-0.3609185705890577,0.31446313383192037,6.0,0,7.0962,6.0,inf
14,2,-0.7955859821459621,-0.3609185705890577,0.31446313383192037,6.0,0,7.0962,6.0,inf
14,3,-0.7955859821459621,-0.3609185705890577,0.31446313383192037,6.0,0,7.0962,6.0,inf
14,4,-0.7955859821459621,-0.3609185705890577,0.31446313383192037,6.0,0,7.0962,6.0,inf
14,5,-0.7955859821459621,-0.3609185705890577,0.31446313383192037,6.0,0,7.0962,6.0,inf
15,0,-1.8116867977199616,-1.1606198263300544,-1.2373220591577383,6.0,0,8.0001,6.0,inf
15,1,-1.8116867977199616,-1.1606198263300544,-1.2373220591577383,6.0,0,8.0001,6.0,inf
15,2,-1.8116867977199616,-1.1606198263300544,-1.2373220591577383,6.0,0,8.0001,6.0,inf
15,3,-1.8116867977199616,-1.1606198263300544,-1.2373220591577383,6.0,0,8.0001,6.0,inf
15,4,-1.8116867977199616,-1.1606198263300544,-1.2373220591577383,6.0,0,8.0001,6.0,inf
15,5,-1.8116867977199616,-1.1606198263300544,-1.2373220591577383,6.0,0,8.0001,6.0,inf
16,0,-0.9953331584383496,-0.047246901375632304,0.2704496443722148,1.2804,1,1.2804,6.0,inf
16,1,-0.9953331584383496,-0.047246901375632304,0.2704496443722148,1.2804,1,1.2804,6.0,inf
16,2,-0.9953331584383496,-0.047246901375632304,0.2704496443722148,1.2804,1,1.2804,6.0,inf
16,3,-0.9953331584383496,-0.047246901375632304,0.2704496443722148,1.2804,1,1.2804,6.0,inf
16,4,-0.9953331584383496,-0.047246901375632304,0.2704496443722148,1.2804,1,1.2804,6.0,inf
16,5,-0.9953331584383496,-0.047246901375632304,0.2704496443722148,1.2804,1,1.2804,6.0,inf
17,0,-0.5649887633587616,-0.20526924270543873,0.02048938807516544,3.2331,1,3.2331,6.0,inf
17,1,-0.5649887633587616,-0.20526924270543873,0.02048938807516544,3.2331,1,3.2331,6.0,inf
17,2,-0.5649887633587616,-0.20526924270543873,0.02048938807516544,3.2331,1,3.2331,6.0,inf
17,3,-0.5649887633587616,-0.20526924270543873,0.02048938807516544,3.2331,1,3.2331,6.0,inf
17,4,-0.5649887633587616,-0.20526924270543873,0.02048938807516544,3.2331,1,3.2331,6.0,inf
17,5,-0.5649887633587616,-0.20526924270543873,0.02048938807516544,3.2331,1,3.2331,6.0,inf
18,0,0.9034155424643631,0.8480271702541845,-0.7756067830201891,1.9520999999999997,1,1.9520999999999997,6.0,inf
18,1,0.9034155424643631,0.8480271702541845,-0.7756067830201891,1.9520999999999997,1,1.9520999999999997,6.0,inf
18,2,0.9034155424643631,0.8480271702541845,-0.7756067830201891,1.9520999999999997,1,1.9520999999999997,6.0,inf
18,3,0.9034155424643631,0.8480271702541845,-0.7756067830201891,1.9520999999999997,1,1.9520999999999997,6.0,inf
18,4,0.9034155424643631,0.8480271702541845,-0.7756067830201891,1.9520999999999997,1,1.9520999999999997,6.0,inf
18,5,0.9034155424643631,0.8480271702541845,-0.7756067830201891,1.9520999999999997,1,1.9520999999999997,6.0,inf
19,0,-0.2427454041173811,-0.35766012832626504,0.014653905668484664,4.7883,1,4.7883,6.0,inf
19,1,-0.2427454041173811,-0.35766012832626504,0.014653905668484664,4.7883,1,4.7883,6.0,inf
19,2,-0.2427454041173811,-0.35766012832626504,0.014653905668484664,4.7883,1,4.7883,6.0,inf
19,3,-0.2427454041173811,-0.35766012832626504,0.014653905668484664,4.7883,1,4.7883,6.0,inf
19,4,-0.2427454041173811,-0.35766012832626504,0.014653905668484664,4.7883,1,4.7883,6.0,inf
19,5,-0.2427454041173811,-0.35766012832626504,0.014653905668484664,4.7883,1,4.7883,6.0,inf
20,0,-1.6460201698332364,-0.9512084457422322,2.21660095049925,1.4526,1,1.4526,6.0,inf
20,1,-1.6460201698332364,-0.9512084457422322,2.21660095049925,1.4526,1,1.4526,6.0,inf
20,2,-1.6460201698332364,-0.9512084457422322,2.21660095049925,1.4526,1,1.4526,6.0,inf
20,3,-1.6460201698332364,-0.9512084457422322,2.21660095049925,1.4526,1,1.4526,6.0,inf
20,4,-1.6460201698332364,-0.9512084457422322,2.21660095049925,1.4526,1,1.4526,6.0,inf
20,5,-1.6460201698332364,-0.9512084457422322,2.21660095049925,1.4526,1,1.4526,6.0,inf
21,0,1.1581115399526374,0.25482513151530956,-0.6335296590945948,2.0288999999999997,1,2.0288999999999997,6.0,inf
21,1,1.1581115399526374,0.25482513151530956,-0.6335296590945948,2.0288999999999997,1,2.0288999999999997,6.0,inf
21,2,1.1581115399526374,0.25482513151530956,-0.6335296590945948,2.0288999999999997,1,2.0288999999999997,6.0,inf
21,3,1.1581115399526374,0.25482513151530956,-0.6335296590945948,2.0288999999999997,1,2.0288999999999997,6.0,inf
21,4,1.1581115399526374,0.25482513151530956,-0.6335296590945948,2.0288999999999997,1,2.0288999999999997,6.0,inf
21,5,1.1581115399526374,0.25482513151530956,-0.6335296590945948,2.0288999999999997,1,2.0288999999999997,6.0,inf
22,0,1.0958992687538665,1.6440300634829395,-0.9754829080897423,2.0717999999999996,1,2.0717999999999996,6.0,inf
22,1,1.0958992687538665,1.6440300634829395,-0.9754829080897423,2.0717999999999996,1,2.0717999999999996,6.0,inf
22,2,1.0958992687538665,1.6440300634829395,-0.9754829080897423,2.0717999999999996,1,2.0717999999999996,6.0,inf
22,3,1.0958992687538665,1.6440300634829395,-0.9754829080897423,2.0717999999999996,1,2.0717999999999996,6.0,inf
22,4,1.0958992687538665,1.6440300634829395,-0.9754829080897423,2.0717999999999996,1,2.0717999999999996,6.0,inf
22,5,1.0958992687538665,1.6440300634829395,-0.9754829080897423,2.0717999999999996,1,2.0717999999999996,6.0,inf
23,0,0.11841376998304855,2.9196241302740793,-1.0583438378669205,0.5808,1,0.5808,6.0,inf
23,1,0.11841376998304855,2.9196241302740793,-1.0583438378669205,0.5808,1,0.5808,6.0,inf
23,2,0.11841376998304855,2.9196241302740793,-1.0583438378669205,0.5808,1,0.5808,6.0,inf
23,3,0.11841376998304855,2.9196241302740793,-1.0583438378669205,0.5808,1,0.5808,6.0,inf
23,4,0.11841376998304855,2.9196241302740793,-1.0583438378669205,0.5808,1,0.5808,6.0,inf
23,5,0.11841376998304855,2.9196241302740793,-1.0583438378669205,0.5808,1,0.5808,6.0,inf
24,0,-1.3587816162432897,1.1840495366638042,0.15173958675461766,5.979299999999999,1,5.979299999999999,6.0,inf
24,1,-1.3587816162432897,1.1840495366638042,0.15173958675461766,5.979299999999999,1,5.979299999999999,6.0,inf
24,2,-1.3587816162432897,1.1840495366638042,0.15173958675461766,5.979299999999999,1,5.979299999999999,6.0,inf
24,3,-1.3587816162432897,1.1840495366638042,0.15173958675461766,5.979299999999999,1,5.979299999999999,6.0,inf
24,4,-1.3587816162432897,1.1840495366638042,0.15173958675461766,5.979299999999999,1,5.979299999999999,6.0,inf
24,5,-1.3587816162432897,1.1840495366638042,0.15173958675461766,5.979299999999999,1,5.979299999999999,6.0,inf
25,0,-0.4821619858014781,-0.28173372476752084,-0.20117937292782404,6.0,0,7.532099999999999,6.0,inf
25,1,-0.4821619858014781,-0.28173372476752084,-0.20117937292782404,6.0,0,7.532099999999999,6.0,inf
25,2,-0.4821619858014781,-0.28173372476752084,-0.20117937292782404,6.0,0,7.532099999999999,6.0,inf
25,3,-0.4821619858014781,-0.28173372476752084,-0.20117937292782404,6.0,0,7.532099999999999,6.0,inf
25,4,-0.4821619858014781,-0.28173372476752084,-0.20117937292782404,6.0,0,7.532099999999999,6.0,inf
25,5,-0.4821619858014781,-0.28173372476752084,-0.20117937292782404,6.0,0,7.532099999999999,6.0,inf
26,0,0.14599538682914573,-0.23889176813485377,1.6725173972731737,1.5594,1,1.5594,6.0,inf
26,1,0.14599538682914573,-0.23889176813485377,1.6725173972731737,1.5594,1,1.5594,6.0,inf
26,2,0.14599538682914573,-0.23889176813485377,1.6725173972731737,1.5594,1,1.5594,6.0,inf
26,3,0.14599538682914573,-0.23889176813485377,1.6725173972731737,1.5594,1,1.5594,6.0,inf
26,4,0.14599538682914573,-0.23889176813485377,1.6725173972731737,1.5594,1,1.5594,6.0,inf
26,5,0.14599538682914573,-0.23889176813485377,1.6725173972731737,1.5594,1,1.5594,6.0,inf
27,0,0.23073132072957256,0.13661470329248712,-1.9606092589013167,3.0875999999999997,1,3.0875999999999997,6.0,inf
27,1,0.23073132072957256,0.13661470329248712,-1.9606092589013167,3.0875999999999997,1,3.0875999999999997,6.0,inf
27,2,0.23073132072957256,0.13661470329248712,-1.9606092589013167,3.0875999999999997,1,3.0875999999999997,6.0,inf
27,3,0.23073132072957256,0.13661470329248712,-1.9606092589013167,3.0875999999999997,1,3.0875999999999997,6.0,inf
27,4,0.23073132072957256,0.13661470329248712,-1.9606092589013167,3.0875999999999997,1,3.0875999999999997,6.0,inf
27,5,0.23073132072957256,0.13661470329248712,-1.9606092589013167,3.0875999999999997,1,3.0875999999999997,6.0,inf
28,0,-0.8015930373680075,-0.6709098412938028,0.8116433471857336,3.8627999999999996,1,3.8627999999999996,6.0,inf
28,1,-0.8015930373680075,-0.6709098412938028,0.8116433471857336,3.8627999999999996,1,3.8627999999999996,6.0,inf
28,2,-0.8015930373680075,-0.6709098412938028,0.8116433471857336,3.8627999999999996,1,3.8627999999999996,6.0,inf
28,3,-0.8015930373680075,-0.6709098412938028,0.8116433471857336,3.8627999999999996,1,3.8627999999999996,6.0,inf
28,4,-0.8015930373680075,-0.6709098412938028,0.8116433471857336,3.8627999999999996,1,3.8627999999999996,6.0,inf
28,5,-0.8015930373680075,-0.6709098412938028,0.8116433471857336,3.8627999999999996,1,3.8627999999999996,6.0,inf
29,0,-0.6972149253823883,-0.16505062775233284,-0.9670555819416807,6.0,0,6.5577,6.0,inf
29,1,-0.6972149253823883,-0.16505062775233284,-0.9670555819416807,6.0,0,6.5577,6.0,inf
29,2,-0.6972149253823883,-0.16505062775233284,-0.9670555819416807,6.0,0,6.5577,6.0,inf
29,3,-0.6972149253823883,-0.16505062775233284,-0.9670555819416807,6.0,0,6.5577,6.0,inf
29,4,-0.6972149253823883,-0.16505062775233284,-0.9670555819416807,6.0,0,6.5577,6.0,inf
29,5,-0.6972149253823883,-0.16505062775233284,-0.9670555819416807,6.0,0,6.5577,6.0,inf
30,0,1.5611654875631877,-1.148713079399614,0.7354067540340449,0.33869999999999995,1,0.33869999999999995,6.0,inf
30,1,1.5611654875631877,-1.148713079399614,0.7354067540340449,0.33869999999999995,1,0.33869999999999995,6.0,inf
30,2,1.5611654875631877,-1.148713079399614,0.7354067540340449,0.33869999999999995,1,0.33869999999999995,6.0,inf
30,3,1.5611654875631877,-1.148713079399614,0.7354067540340449,0.33869999999999995,1,0.33869999999999995,6.0,inf
30,4,1.5611654875631877,-1.148713079399614,0.7354067540340449,0.33869999999999995,1,0.33869999999999995,6.0,inf
30,5,1.5611654875631877,-1.148713079399614,0.7354067540340449,0.33869999999999995,1,0.33869999999999995,6.0,inf
31,0,-1.747892109829348,-0.06916453840222549,-1.3453458524093709,6.0,0,8.0001,6.0,inf
31,1,-1.747892109829348,-0.06916453840222549,-1.3453458524093709,6.0,0,8.0001,6.0,inf
31,2,-1.747892109829348,-0.06916453840222549,-1.3453458524093709,6.0,0,8.0001,6.0,inf
31,3,-1.747892109829348,-0.06916453840222549,-1.3453458524093709,6.0,0,8.0001,6.0,inf
31,4,-1.747892109829348,-0.06916453840222549,-1.3453458524093709,6.0,0,8.0001,6.0,inf
31,5,-1.747892109829348,-0.06916453840222549,-1.3453458524093709,6.0,0,8.0001,6.0,inf
32,0,1.544799818979335,-1.0981772277557138,-0.2119348229369613,2.0738999999999996,1,2.0738999999999996,6.0,inf
32,1,1.544799818979335,-1.0981772277557138,-0.2119348229369613,2.0738999999999996,1,2.0738999999999996,6.0,inf
32,2,1.544799818979335,-1.0981772277557138,-0.2119348229369613,2.0738999999999996,1,2.0738999999999996,6.0,inf
32,3,1.544799818979335,-1.0981772277557138,-0.2119348229369613,2.0738999999999996,1,2.0738999999999996,6.0,inf
32,4,1.544799818979335,-1.0981772277557138,-0.2119348229369613,2.0738999999999996,1,2.0738999999999996,6.0,inf
32,5,1.544799818979335,-1.0981772277557138,-0.2119348229369613,2.0738999999999996,1,2.0738999999999996,6.0,inf
33,0,-1.020864304619206,0.748014056582446,1.9397640004153334,1.1817,1,1.1817,6.0,inf
33,1,-1.020864304619206,0.748014056582446,1.9397640004153334,1.1817,1,1.1817,6.0,inf
33,2,-1.020864304619206,0.748014056582446,1.9397640004153334,1.1817,1,1.1817,6.0,inf
33,3,-1.020864304619206,0.748014056582446,1.9397640004153334,1.1817,1,1.1817,6.0,inf
33,4,-1.020864304619206,0.748014056582446,1.9397640004153334,1.1817,1,1.1817,6.0,inf
33,5,-1.020864304619206,0.748014056582446,1.9397640004153334,1.1817,1,1.1817,6.0,inf
34,0,1.2642311255307097,-0.5804361276017641,-1.1485781311775531,2.0162999999999998,1,2.0162999999999998,6.0,inf
34,1,1.2642311255307097,-0.5804361276017641,-1.1485781311775531,2.0162999999999998,1,2.0162999999999998,6.0,inf
34,2,1.2642311255307097,-0.5804361276017641,-1.1485781311775531,2.0162999999999998,1,2.0162999999999998,6.0,inf
34,3,1.2642311255307097,-0.5804361276017641,-1.1485781311775531,2.0162999999999998,1,2.0162999999999998,6.0,inf
34,4,1.2642311255307097,-0.5804361276017641,-1.1485781311775531,2.0162999999999998,1,2.0162999999999998,6.0,inf
34,5,1.2642311255307097,-0.5804361276017641,-1.1485781311775531,2.0162999999999998,1,2.0162999999999998,6.0,inf
35,0,0.5014726662473896,0.6023802910870139,-0.9696506226817864,2.0982,1,2.0982,6.0,inf
35,1,0.5014726662473896,0.6023802910870139,-0.9696506226817864,2.0982,1,2.0982,6.0,inf
35,2,0.5014726662473896,0.6023802910870139,-0.9696506226817864,2.0982,1,2.0982,6.0,inf
35,3,0.5014726662473896,0.6023802910870139,-0.9696506226817864,2.0982,1,2.0982,6.0,inf
35,4,0.5014726662473896,0.6023802910870139,-0.9696506226817864,2.0982,1,2.0982,6.0,inf
35,5,0.5014726662473896,0.6023802910870139,-0.9696506226817864,2.0982,1,2.0982,6.0,inf
36,0,0.5570840483377975,-0.48611798263204736,-1.6193025428933927,3.5481,1,3.5481,6.0,inf
36,1,0.5570840483377975,-0.48611798263204736,-1.6193025428933927,3.5481,1,3.5481,6.0,inf
36,2,0.5570840483377975,-0.48611798263204736,-1.6193025428933927,3.5481,1,3.5481,6.0,inf
36,3,0.5570840483377975,-0.48611798263204736,-1.6193025428933927,3.5481,1,3.5481,6.0,inf
36,4,0.5570840483377975,-0.48611798263204736,-1.6193025428933927,3.5481,1,3.5481,6.0,inf
36,5,0.5570840483377975,-0.48611798263204736,-1.6193025428933927,3.5481,1,3.5481,6.0,inf
37,0,0.14060558134850742,0.2564309257873666,-0.10912648821530588,2.4701999999999997,1,2.4701999999999997,6.0,inf
37,1,0.14060558134850742,0.2564309257873666,-0.10912648821530588,2.4701999999999997,1,2.4701999999999997,6.0,inf
37,2,0.14060558134850742,0.2564309257873666,-0.10912648821530588,2.4701999999999997,1,2.4701999999999997,6.0,inf
37,3,0.14060558134850742,0.2564309257873666,-0.10912648821530588,2.4701999999999997,1,2.4701999999999997,6.0,inf
37,4,0.14060558134850742,0.2564309257873666,-0.10912648821530588,2.4701999999999997,1,2.4701999999999997,6.0,inf
37,5,0.14060558134850742,0.2564309257873666,-0.10912648821530588,2.4701999999999997,1,2.4701999999999997,6.0,inf
38,0,1.6642841841795366,-0.05683240641980075,-1.021591322274784,2.4888,1,2.4888,6.0,inf
38,1,1.6642841841795366,-0.05683240641980075,-1.021591322274784,2.4888,1,2.4888,6.0,inf
38,2,1.6642841841795366,-0.05683240641980075,-1.021591322274784,2.4888,1,2.4888,6.0,inf
38,3,1.6642841841795366,-0.05683240641980075,-1.021591322274784,2.4888,1,2.4888,6.0,inf
38,4,1.6642841841795366,-0.05683240641980075,-1.021591322274784,2.4888,1,2.4888,6.0,inf
38,5,1.6642841841795366,-0.05683240641980075,-1.021591322274784,2.4888,1,2.4888,6.0,inf
39,0,0.491220643169013,-0.8111206046278209,-0.9221996219508771,4.387499999999999,1,4.387499999999999,6.0,inf
39,1,0.491220643169013,-0.8111206046278209,-0.9221996219508771,4.387499999999999,1,4.387499999999999,6.0,inf
39,2,0.491220643169013,-0.8111206046278209,-0.9221996219508771,4.387499999999999,1,4.387499999999999,6.0,inf
39,3,0.491220643169013,-0.8111206046278209,-0.9221996219508771,4.387499999999999,1,4.387499999999999,6.0,inf
39,4,0.491220643169013,-0.8111206046278209,-0.9221996219508771,4.387499999999999,1,4.387499999999999,6.0,inf
39,5,0.491220643169013,-0.8111206046278209,-0.9221996219508771,4.387499999999999,1,4.387499999999999,6.0,inf
40,0,-0.020121553541570174,1.1158677140195474,-1.1585933839875,2.4204,1,2.4204,6.0,inf
40,1,-0.020121553541570174,1.1158677140195474,-1.1585933839875,2.4204,1,2.4204,6.0,inf
40,2,-0.020121553541570174,1.1158677140195474,-1.1585933839875,2.4204,1,2.4204,6.0,inf
40,3,-0.020121553541570174,1.1158677140195474,-1.1585933839875,2.4204,1,2.4204,6.0,inf
40,4,-0.020121553541570174,1.1158677140195474,-1.1585933839875,2.4204,1,2.4204,6.0,inf
40,5,-0.020121553541570174,1.1158677140195474,-1.1585933839875,2.4204,1,2.4204,6.0,inf
41,0,-1.3788494273561769,-0.2649096474842342,0.42111999777655895,5.1228,1,5.1228,6.0,inf
41,1,-1.3788494273561769,-0.2649096474842342,0.42111999777655895,5.1228,1,5.1228,6.0,inf
41,2,-1.3788494273561769,-0.2649096474842342,0.42111999777655895,5.1228,1,5.1228,6.0,inf
41,3,-1.3788494273561769,-0.2649096474842342,0.42111999777655895,5.1228,1,5.1228,6.0,inf
41,4,-1.3788494273561769,-0.2649096474842342,0.42111999777655895,5.1228,1,5.1228,6.0,inf
41,5,-1.3788494273561769,-0.2649096474842342,0.42111999777655895,5.1228,1,5.1228,6.0,inf
42,0,0.45614348869694155,1.2597383729105127,0.5552544138007571,1.5434999999999999,1,1.5434999999999999,6.0,inf
42,1,0.45614348869694155,1.2597383729105127,0.5552544138007571,1.5434999999999999,1,1.5434999999999999,6.0,inf
42,2,0.45614348869694155,1.2597383729105127,0.5552544138007571,1.5434999999999999,1,1.5434999999999999,6.0,inf
42,3,0.45614348869694155,1.2597383729105127,0.5552544138007571,1.5434999999999999,1,1.5434999999999999,6.0,inf
42,4,0.45614348869694155,1.2597383729105127,0.5552544138007571,1.5434999999999999,1,1.5434999999999999,6.0,inf
42,5,0.45614348869694155,1.2597383729105127,0.5552544138007571,1.5434999999999999,1,1.5434999999999999,6.0,inf
43,0,0.3407076328404022,-0.13103873042458192,-0.8824862955054095,3.4934999999999996,1,3.4934999999999996,6.0,inf
43,1,0.3407076328404022,-0.13103873042458192,-0.8824862955054095,3.4934999999999996,1,3.4934999999999996,6.0,inf
43,2,0.3407076328404022,-0.13103873042458192,-0.8824862955054095,3.4934999999999996,1,3.4934999999999996,6.0,inf
43,3,0.3407076328404022,-0.13103873042458192,-0.8824862955054095,3.4934999999999996,1,3.4934999999999996,6.0,inf
43,4,0.3407076328404022,-0.13103873042458192,-0.8824862955054095,3.4934999999999996,1,3.4934999999999996,6.0,inf
43,5,0.3407076328404022,-0.13103873042458192,-0.8824862955054095,3.4934999999999996,1,3.4934999999999996,6.0,inf
44,0,-0.39883431888102927,-1.309984599696706,1.5177426915117853,4.9521,1,4.9521,6.0,inf
44,1,-0.39883431888102927,-1.309984599696706,1.5177426915117853,4.9521,1,4.9521,6.0,inf
44,2,-0.39883431888102927,-1.309984599696706,1.5177426915117853,4.9521,1,4.9521,6.0,inf
44,3,-0.39883431888102927,-1.309984599696706,1.5177426915117853,4.9521,1,4.9521,6.0,inf
44,4,-0.39883431888102927,-1.309984599696706,1.5177426915117853,4.9521,1,4.9521,6.0,inf
44,5,-0.39883431888102927,-1.309984599696706,1.5177426915117853,4.9521,1,4.9521,6.0,inf
45,0,-1.0389156434895324,0.9927536325112774,1.7230605227933444,0.8964,1,0.8964,6.0,inf
45,1,-1.0389156434895324,0.9927536325112774,1.7230605227933444,0.8964,1,0.8964,6.0,inf
45,2,-1.0389156434895324,0.9927536325112774,1.7230605227933444,0.8964,1,0.8964,6.0,inf
45,3,-1.0389156434895324,0.9927536325112774,1.7230605227933444,0.8964,1,0.8964,6.0,inf
45,4,-1.0389156434895324,0.9927536325112774,1.7230605227933444,0.8964,1,0.8964,6.0,inf
45,5,-1.0389156434895324,0.9927536325112774,1.7230605227933444,0.8964,1,0.8964,6.0,inf
46,0,0.11284666187769697,-0.10710129817782418,0.31904980646618153,2.4368999999999996,1,2.4368999999999996,6.0,inf
46,1,0.11284666187769697,-0.10710129817782418,0.31904980646618153,2.4368999999999996,1,2.4368999999999996,6.0,inf
46,2,0.11284666187769697,-0.10710129817782418,0.31904980646618153,2.4368999999999996,1,2.4368999999999996,6.0,inf
46,3,0.11284666187769697,-0.10710129817782418,0.31904980646618153,2.4368999999999996,1,2.4368999999999996,6.0,inf
46,4,0.11284666187769697,-0.10710129817782418,0.31904980646618153,2.4368999999999996,1,2.4368999999999996,6.0,inf
46,5,0.11284666187769697,-0.10710129817782418,0.31904980646618153,2.4368999999999996,1,2.4368999999999996,6.0,inf
47,0,0.2830725361064588,-0.19666859667589068,-0.48033048157145003,3.7262999999999997,1,3.7262999999999997,6.0,inf
47,1,0.2830725361064588,-0.19666859667589068,-0.48033048157145003,3.7262999999999997,1,3.7262999999999997,6.0,inf
47,2,0.2830725361064588,-0.19666859667589068,-0.48033048157145003,3.7262999999999997,1,3.7262999999999997,6.0,inf
47,3,0.2830725361064588,-0.19666859667589068,-0.48033048157145003,3.7262999999999997,1,3.7262999999999997,6.0,inf
47,4,0.2830725361064588,-0.19666859667589068,-0.48033048157145003,3.7262999999999997,1,3.7262999999999997,6.0,inf
47,5,0.2830725361064588,-0.19666859667589068,-0.48033048157145003,3.7262999999999997,1,3.7262999999999997,6.0,inf
48,0,-0.2778572381369969,-0.3684635257156668,-1.0522764021894753,3.9302999999999995,1,3.9302999999999995,6.0,inf
48,1,-0.2778572381369969,-0.3684635257156668,-1.0522764021894753,3.9302999999999995,1,3.9302999999999995,6.0,inf
48,2,-0.2778572381369969,-0.3684635257156668,-1.0522764021894753,3.9302999999999995,1,3.9302999999999995,6.0,inf
48,3,-0.2778572381369969,-0.3684635257156668,-1.0522764021894753,3.9302999999999995,1,3.9302999999999995,6.0,inf
48,4,-0.2778572381369969,-0.3684635257156668,-1.0522764021894753,3.9302999999999995,1,3.9302999999999995,6.0,inf
48,5,-0.2778572381369969,-0.3684635257156668,-1.0522764021894753,3.9302999999999995,1,3.9302999999999995,6.0,inf
49,0,1.5827919759735813,-0.3322631839723575,1.0019057279217283,1.3731,1,1.3731,6.0,inf
49,1,1.5827919759735813,-0.3322631839723575,1.0019057279217283,1.3731,1,1.3731,6.0,inf
49,2,1.5827919759735813,-0.3322631839723575,1.0019057279217283,1.3731,1,1.3731,6.0,inf
49,3,1.5827919759735813,-0.3322631839723575,1.0019057279217283,1.3731,1,1.3731,6.0,inf
49,4,1.5827919759735813,-0.3322631839723575,1.0019057279217283,1.3731,1,1.3731,6.0,inf
49,5,1.5827919759735813,-0.3322631839723575,1.0019057279217283,1.3731,1,1.3731,6.0,inf
50,0,0.6178310136738234,-1.0321110086109826,0.1650296092031245,3.3461999999999996,1,3.3461999999999996,6.0,inf
50,1,0.6178310136738234,-1.0321110086109826,0.1650296092031245,3.3461999999999996,1,3.3461999999999996,6.0,inf
50,2,0.6178310136738234,-1.0321110086109826,0.1650296092031245,3.3461999999999996,1,3.3461999999999996,6.0,inf
50,3,0.6178310136738234,-1.0321110086109826,0.1650296092031245,3.3461999999999996,1,3.3461999999999996,6.0,inf
50,4,0.6178310136738234,-1.0321110086109826,0.1650296092031245,3.3461999999999996,1,3.3461999999999996,6.0,inf
50,5,0.6178310136738234,-1.0321110086109826,0.1650296092031245,3.3461999999999996,1,3.3461999999999996,6.0,inf
51,0,-1.4954880096441454,-0.32845551262178,0.6207402620877174,1.8746999999999998,1,1.8746999999999998,6.0,inf
51,1,-1.4954880096441454,-0.32845551262178,0.6207402620877174,1.8746999999999998,1,1.8746999999999998,6.0,inf
51,2,-1.4954880096441454,-0.32845551262178,0.6207402620877174,1.8746999999999998,1,1.8746999999999998,6.0,inf
51,3,-1.4954880096441454,-0.32845551262178,0.6207402620877174,1.8746999999999998,1,1.8746999999999998,6.0,inf
51,4,-1.4954880096441454,-0.32845551262178,0.6207402620877174,1.8746999999999998,1,1.8746999999999998,6.0,inf
51,5,-1.4954880096441454,-0.32845551262178,0.6207402620877174,1.8746999999999998,1,1.8746999999999998,6.0,inf
52,0,-0.8805727251200318,-0.9674929952988307,2.006267213900013,2.0900999999999996,1,2.0900999999999996,6.0,inf
52,1,-0.8805727251200318,-0.9674929952988307,2.006267213900013,2.0900999999999996,1,2.0900999999999996,6.0,inf
52,2,-0.8805727251200318,-0.9674929952988307,2.006267213900013,2.0900999999999996,1,2.0900999999999996,6.0,inf
52,3,-0.8805727251200318,-0.9674929952988307,2.006267213900013,2.0900999999999996,1,2.0900999999999996,6.0,inf
52,4,-0.8805727251200318,-0.9674929952988307,2.006267213900013,2.0900999999999996,1,2.0900999999999996,6.0,inf
52,5,-0.8805727251200318,-0.9674929952988307,2.006267213900013,2.0900999999999996,1,2.0900999999999996,6.0,inf
53,0,2.0629354175086,0.3667526475742229,0.6049169621310434,1.4964,1,1.4964,6.0,inf
53,1,2.0629354175086,0.3667526475742229,0.6049169621310434,1.4964,1,1.4964,6.0,inf
53,2,2.0629354175086,0.3667526475742229,0.6049169621310434,1.4964,1,1.4964,6.0,inf
53,3,2.0629354175086,0.3667526475742229,0.6049169621310434,1.4964,1,1.4964,6.0,inf
53,4,2.0629354175086,0.3667526475742229,0.6049169621310434,1.4964,1,1.4964,6.0,inf
53,5,2.0629354175086,0.3667526475742229,0.6049169621310434,1.4964,1,1.4964,6.0,inf
54,0,0.43196844119576044,0.7932085939600036,-0.983155972757661,3.8207999999999998,1,3.8207999999999998,6.0,inf
54,1,0.43196844119576044,0.7932085939600036,-0.983155972757661,3.8207999999999998,1,3.8207999999999998,6.0,inf
54,2,0.43196844119576044,0.7932085939600036,-0.983155972757661,3.8207999999999998,1,3.8207999999999998,6.0,inf
54,3,0.43196844119576044,0.7932085939600036,-0.983155972757661,3.8207999999999998,1,3.8207999999999998,6.0,inf
54,4,0.43196844119576044,0.7932085939600036,-0.983155972757661,3.8207999999999998,1,3.8207999999999998,6.0,inf
54,5,0.43196844119576044,0.7932085939600036,-0.983155972757661,3.8207999999999998,1,3.8207999999999998,6.0,inf
55,0,0.6847898584229958,-1.4412736956276264,-0.35706877814994425,3.8792999999999997,1,3.8792999999999997,6.0,inf
55,1,0.6847898584229958,-1.4412736956276264,-0.35706877814994425,3.8792999999999997,1,3.8792999999999997,6.0,inf
55,2,0.6847898584229958,-1.4412736956276264,-0.35706877814994425,3.8792999999999997,1,3.8792999999999997,6.0,inf
55,3,0.6847898584229958,-1.4412736956276264,-0.35706877814994425,3.8792999999999997,1,3.8792999999999997,6.0,inf
55,4,0.6847898584229958,-1.4412736956276264,-0.35706877814994425,3.8792999999999997,1,3.8792999999999997,6.0,inf
55,5,0.6847898584229958,-1.4412736956276264,-0.35706877814994425,3.8792999999999997,1,3.8792999999999997,6.0,inf
56,0,-0.5720455503690433,0.5824490851886869,0.21215937021998962,1.9004999999999999,1,1.9004999999999999,6.0,inf
56,1,-0.5720455503690433,0.5824490851886869,0.21215937021998962,1.9004999999999999,1,1.9004999999999999,6.0,inf
56,2,-0.5720455503690433,0.5824490851886869,0.21215937021998962,1.9004999999999999,1,1.9004999999999999,6.0,inf
56,3,-0.5720455503690433,0.5824490851886869,0.21215937021998962,1.9004999999999999,1,1.9004999999999999,6.0,inf
56,4,-0.5720455503690433,0.5824490851886869,0.21215937021998962,1.9004999999999999,1,1.9004999999999999,6.0,inf
56,5,-0.5720455503690433,0.5824490851886869,0.21215937021998962,1.9004999999999999,1,1.9004999999999999,6.0,inf
57,0,-0.09794024875777935,0.23878927877913578,1.2844035382339845,1.7304,1,1.7304,6.0,inf
57,1,-0.09794024875777935,0.23878927877913578,1.2844035382339845,1.7304,1,1.7304,6.0,inf
57,2,-0.09794024875777935,0.23878927877913578,1.2844035382339845,1.7304,1,1.7304,6.0,inf
57,3,-0.09794024875777935,0.23878927877913578,1.2844035382339845,1.7304,1,1.7304,6.0,inf
57,4,-0.09794024875777935,0.23878927877913578,1.2844035382339845,1.7304,1,1.7304,6.0,inf
57,5,-0.09794024875777935,0.23878927877913578,1.2844035382339845,1.7304,1,1.7304,6.0,inf
58,0,-0.31118765927808295,-0.6620854565094707,-0.46337490548882837,6.0,0,6.8298,6.0,inf
58,1,-0.31118765927808295,-0.6620854565094707,-0.46337490548882837,6.0,0,6.8298,6.0,inf
58,2,-0.31118765927808295,-0.6620854565094707,-0.46337490548882837,6.0,0,6.8298,6.0,inf
58,3,-0.31118765927808295,-0.6620854565094707,-0.46337490548882837,6.0,0,6.8298,6.0,inf
58,4,-0.31118765927808295,-0.6620854565094707,-0.46337490548882837,6.0,0,6.8298,6.0,inf
58,5,-0.31118765927808295,-0.6620854565094707,-0.46337490548882837,6.0,0,6.8298,6.0,inf
59,0,-1.2283437472435426,1.1127520832278786,1.0238554743922677,1.3287,1,1.3287,6.0,inf
59,1,-1.2283437472435426,1.1127520832278786,1.0238554743922677,1.3287,1,1.3287,6.0,inf
59,2,-1.2283437472435426,1.1127520832278786,1.0238554743922677,1.3287,1,1.3287,6.0,inf
59,3,-1.2283437472435426,1.1127520832278786,1.0238554743922677,1.3287,1,1.3287,6.0,inf
59,4,-1.2283437472435426,1.1127520832278786,1.0238554743922677,1.3287,1,1.3287,6.0,inf
59,5,-1.2283437472435426,1.1127520832278786,1.0238554743922677,1.3287,1,1.3287,6.0,inf
60,0,-1.5434024156297148,0.3366631456159081,-1.1860543256696883,6.0,0,8.0001,6.0,inf
60,1,-1.5434024156297148,0.3366631456159081,-1.1860543256696883,6.0,0,8.0001,6.0,inf
60,2,-1.5434024156297148,0.3366631456159081,-1.1860543256696883,6.0,0,8.0001,6.0,inf
60,3,-1.5434024156297148,0.3366631456159081,-1.1860543256696883,6.0,0,8.0001,6.0,inf
60,4,-1.5434024156297148,0.3366631456159081,-1.1860543256696883,6.0,0,8.0001,6.0,inf
60,5,-1.5434024156297148,0.3366631456159081,-1.1860543256696883,6.0,0,8.0001,6.0,inf
61,0,-0.3800839124873848,-0.13498676148405386,-1.149612628809177,3.8766,1,3.8766,6.0,inf
61,1,-0.3800839124873848,-0.13498676148405386,-1.149612628809177,3.8766,1,3.8766,6.0,inf
61,2,-0.3800839124873848,-0.13498676148405386,-1.149612628809177,3.8766,1,3.8766,6.0,inf
61,3,-0.3800839124873848,-0.13498676148405386,-1.149612628809177,3.8766,1,3.8766,6.0,inf
61,4,-0.3800839124873848,-0.13498676148405386,-1.149612628809177,3.8766,1,3.8766,6.0,inf
61,5,-0.3800839124873848,-0.13498676148405386,-1.149612628809177,3.8766,1,3.8766,6.0,inf
62,0,-0.24860604283510504,0.22168903263773218,0.6055026700668154,2.2931999999999997,1,2.2931999999999997,6.0,inf
62,1,-0.24860604283510504,0.22168903263773218,0.6055026700668154,2.2931999999999997,1,2.2931999999999997,6.0,inf
62,2,-0.24860604283510504,0.22168903263773218,0.6055026700668154,2.2931999999999997,1,2.2931999999999997,6.0,inf
62,3,-0.24860604283510504,0.22168903263773218,0.6055026700668154,2.2931999999999997,1,2.2931999999999997,6.0,inf
62,4,-0.24860604283510504,0.22168903263773218,0.6055026700668154,2.2931999999999997,1,2.2931999999999997,6.0,inf
62,5,-0.24860604283510504,0.22168903263773218,0.6055026700668154,2.2931999999999997,1,2.2931999999999997,6.0,inf
63,0,-0.969068021873147,0.27286352523473634,-0.7112553182430997,6.0,0,8.0001,6.0,inf
63,1,-0.969068021873147,0.27286352523473634,-0.7112553182430997,6.0,0,8.0001,6.0,inf
63,2,-0.969068021873147,0.27286352523473634,-0.7112553182430997,6.0,0,8.0001,6.0,inf
63,3,-0.969068021873147,0.27286352523473634,-0.7112553182430997,6.0,0,8.0001,6.0,inf
63,4,-0.969068021873147,0.27286352523473634,-0.7112553182430997,6.0,0,8.0001,6.0,inf
63,5,-0.969068021873147,0.27286352523473634,-0.7112553182430997,6.0,0,8.0001,6.0,inf
64,0,-0.08885820371601345,-1.530108295705988,0.5975775864553133,3.7568999999999995,1,3.7568999999999995,6.0,inf
64,1,-0.08885820371601345,-1.530108295705988,0.5975775864553133,3.7568999999999995,1,3.7568999999999995,6.0,inf
64,2,-0.08885820371601345,-1.530108295705988,0.5975775864553133,3.7568999999999995,1,3.7568999999999995,6.0,inf
64,3,-0.08885820371601345,-1.530108295705988,0.5975775864553133,3.7568999999999995,1,3.7568999999999995,6.0,inf
64,4,-0.08885820371601345,-1.530108295705988,0.5975775864553133,3.7568999999999995,1,3.7568999999999995,6.0,inf
64,5,-0.08885820371601345,-1.530108295705988,0.5975775864553133,3.7568999999999995,1,3.7568999999999995,6.0,inf
65,0,-0.7470678576498576,-0.8424911356718837,0.5908802759482141,2.1759,1,2.1759,6.0,inf
65,1,-0.7470678576498576,-0.8424911356718837,0.5908802759482141,2.1759,1,2.1759,6.0,inf
65,2,-0.7470678576498576,-0.8424911356718837,0.5908802759482141,2.1759,1,2.1759,6.0,inf
65,3,-0.7470678576498576,-0.8424911356718837,0.5908802759482141,2.1759,1,2.1759,6.0,inf
65,4,-0.7470678576498576,-0.8424911356718837,0.5908802759482141,2.1759,1,2.1759,6.0,inf
65,5,-0.7470678576498576,-0.8424911356718837,0.5908802759482141,2.1759,1,2.1759,6.0,inf
66,0,2.3452355822043724,-0.4812703005037747,0.09364963289284485,2.0900999999999996,1,2.0900999999999996,6.0,inf
66,1,2.3452355822043724,-0.4812703005037747,0.09364963289284485,2.0900999999999996,1,2.0900999999999996,6.0,inf
66,2,2.3452355822043724,-0.4812703005037747,0.09364963289284485,2.0900999999999996,1,2.0900999999999996,6.0,inf
66,3,2.3452355822043724,-0.4812703005037747,0.09364963289284485,2.0900999999999996,1,2.0900999999999996,6.0,inf
66,4,2.3452355822043724,-0.4812703005037747,0.09364963289284485,2.0900999999999996,1,2.0900999999999996,6.0,inf
66,5,2.3452355822043724,-0.4812703005037747,0.09364963289284485,2.0900999999999996,1,2.0900999999999996,6.0,inf
67,0,-1.0838626945301113,-0.6197101344507294,0.10166883146550208,6.0,0,6.737099999999999,6.0,inf
67,1,-1.0838626945301113,-0.6197101344507294,0.10166883146550208,6.0,0,6.737099999999999,6.0,inf
67,2,-1.0838626945301113,-0.6197101344507294,0.10166883146550208,6.0,0,6.737099999999999,6.0,inf
67,3,-1.0838626945301113,-0.6197101344507294,0.10166883146550208,6.0,0,6.737099999999999,6.0,inf
67,4,-1.0838626945301113,-0.6197101344507294,0.10166883146550208,6.0,0,6.737099999999999,6.0,inf
67,5,-1.0838626945301113,-0.6197101344507294,0.10166883146550208,6.0,0,6.737099999999999,6.0,inf
68,0,2.6356811956714012,0.4971504820580131,-0.06097048719661366,0.609,1,0.609,6.0,inf
68,1,2.6356811956714012,0.4971504820580131,-0.06097048719661366,0.609,1,0.609,6.0,inf
68,2,2.6356811956714012,0.4971504820580131,-0.06097048719661366,0.609,1,0.609,6.0,inf
68,3,2.6356811956714012,0.4971504820580131,-0.06097048719661366,0.609,1,0.609,6.0,inf
68,4,2.6356811956714012,0.4971504820580131,-0.06097048719661366,0.609,1,0.609,6.0,inf
68,5,2.6356811956714012,0.4971504820580131,-0.06097048719661366,0.609,1,0.609,6.0,inf
69,0,0.07700872368850581,-1.1697922743411184,0.3048159239805091,2.8352999999999997,1,2.8352999999999997,6.0,inf
69,1,0.07700872368850581,-1.1697922743411184,0.3048159239805091,2.8352999999999997,1,2.8352999999999997,6.0,inf
69,2,0.07700872368850581,-1.1697922743411184,0.3048159239805091,2.8352999999999997,1,2.8352999999999997,6.0,inf
69,3,0.07700872368850581,-1.1697922743411184,0.3048159239805091,2.8352999999999997,1,2.8352999999999997,6.0,inf
69,4,0.07700872368850581,-1.1697922743411184,0.3048159239805091,2.8352999999999997,1,2.8352999999999997,6.0,inf
69,5,0.07700872368850581,-1.1697922743411184,0.3048159239805091,2.8352999999999997,1,2.8352999999999997,6.0,inf
70,0,0.37841412556223175,0.1387998514747706,1.827357714365504,1.2389999999999999,1,1.2389999999999999,6.0,inf
70,1,0.37841412556223175,0.1387998514747706,1.827357714365504,1.2389999999999999,1,1.2389999999999999,6.0,inf
70,2,0.37841412556223175,0.1387998514747706,1.827357714365504,1.2389999999999999,1,1.2389999999999999,6.0,inf
70,3,0.37841412556223175,0.1387998514747706,1.827357714365504,1.2389999999999999,1,1.2389999999999999,6.0,inf
70,4,0.37841412556223175,0.1387998514747706,1.827357714365504,1.2389999999999999,1,1.2389999999999999,6.0,inf
70,5,0.37841412556223175,0.1387998514747706,1.827357714365504,1.2389999999999999,1,1.2389999999999999,6.0,inf
71,0,-0.12247731309523212,-0.8987282478302284,-0.6491320910555449,6.0,0,6.566699999999999,6.0,inf
71,1,-0.12247731309523212,-0.8987282478302284,-0.6491320910555449,6.0,0,6.566699999999999,6.0,inf
71,2,-0.12247731309523212,-0.8987282478302284,-0.6491320910555449,6.0,0,6.566699999999999,6.0,inf
71,3,-0.12247731309523212,-0.8987282478302284,-0.6491320910555449,6.0,0,6.566699999999999,6.0,inf
71,4,-0.12247731309523212,-0.8987282478302284,-0.6491320910555449,6.0,0,6.566699999999999,6.0,inf
71,5,-0.12247731309523212,-0.8987282478302284,-0.6491320910555449,6.0,0,6.566699999999999,6.0,inf
72,0,0.3099567650914756,0.25980270266761835,0.24464701945941114,0.5676,1,0.5676,6.0,inf
72,1,0.3099567650914756,0.25980270266761835,0.24464701945941114,0.5676,1,0.5676,6.0,inf
72,2,0.3099567650914756,0.25980270266761835,0.24464701945941114,0.5676,1,0.5676,6.0,inf
72,3,0.3099567650914756,0.25980270266761835,0.24464701945941114,0.5676,1,0.5676,6.0,inf
72,4,0.3099567650914756,0.25980270266761835,0.24464701945941114,0.5676,1,0.5676,6.0,inf
72,5,0.3099567650914756,0.25980270266761835,0.24464701945941114,0.5676,1,0.5676,6.0,inf
73,0,0.7424169678315506,-0.14614482247194233,-0.9505128032823525,2.8257,1,2.8257,6.0,inf
73,1,0.7424169678315506,-0.14614482247194233,-0.9505128032823525,2.8257,1,2.8257,6.0,inf
73,2,0.7424169678315506,-0.14614482247194233,-0.9505128032823525,2.8257,1,2.8257,6.0,inf
73,3,0.7424169678315506,-0.14614482247194233,-0.9505128032823525,2.8257,1,2.8257,6.0,inf
73,4,0.7424169678315506,-0.14614482247194233,-0.9505128032823525,2.8257,1,2.8257,6.0,inf
73,5,0.7424169678315506,-0.14614482247194233,-0.9505128032823525,2.8257,1,2.8257,6.0,inf
74,0,-0.00973647604182928,0.14329989153523906,0.5796551549389364,2.7956999999999996,1,2.7956999999999996,6.0,inf
74,1,-0.00973647604182928,0.14329989153523906,0.5796551549389364,2.7956999999999996,1,2.7956999999999996,6.0,inf
74,2,-0.00973647604182928,0.14329989153523906,0.5796551549389364,2.7956999999999996,1,2.7956999999999996,6.0,inf
74,3,-0.00973647604182928,0.14329989153523906,0.5796551549389364,2.7956999999999996,1,2.7956999999999996,6.0,inf
74,4,-0.00973647604182928,0.14329989153523906,0.5796551549389364,2.7956999999999996,1,2.7956999999999996,6.0,inf
74,5,-0.00973647604182928,0.14329989153523906,0.5796551549389364,2.7956999999999996,1,2.7956999999999996,6.0,inf
75,0,-0.08647319436082117,0.2941894789710892,-0.8176912694231919,1.9409999999999998,1,1.9409999999999998,6.0,inf
75,1,-0.08647319436082117,0.2941894789710892,-0.8176912694231919,1.9409999999999998,1,1.9409999999999998,6.0,inf
75,2,-0.08647319436082117,0.2941894789710892,-0.8176912694231919,1.9409999999999998,1,1.9409999999999998,6.0,inf
75,3,-0.08647319436082117,0.2941894789710892,-0.8176912694231919,1.9409999999999998,1,1.9409999999999998,6.0,inf
75,4,-0.08647319436082117,0.2941894789710892,-0.8176912694231919,1.9409999999999998,1,1.9409999999999998,6.0,inf
75,5,-0.08647319436082117,0.2941894789710892,-0.8176912694231919,1.9409999999999998,1,1.9409999999999998,6.0,inf
76,0,0.28991562901324297,1.0935641479552838,1.712093659855153,0.585,1,0.585,6.0,inf
76,1,0.28991562901324297,1.0935641479552838,1.712093659855153,0.585,1,0.585,6.0,inf
76,2,0.28991562901324297,1.0935641479552838,1.712093659855153,0.585,1,0.585,6.0,inf
76,3,0.28991562901324297,1.0935641479552838,1.712093659855153,0.585,1,0.585,6.0,inf
76,4,0.28991562901324297,1.0935641479552838,1.712093659855153,0.585,1,0.585,6.0,inf
76,5,0.28991562901324297,1.0935641479552838,1.712093659855153,0.585,1,0.585,6.0,inf
77,0,0.3532800881140191,0.018640377877116553,-1.2633153077574912,0.8261999999999999,1,0.8261999999999999,6.0,inf
77,1,0.3532800881140191,0.018640377877116553,-1.2633153077574912,0.8261999999999999,1,0.8261999999999999,6.0,inf
77,2,0.3532800881140191,0.018640377877116553,-1.2633153077574912,0.8261999999999999,1,0.8261999999999999,6.0,inf
77,3,0.3532800881140191,0.018640377877116553,-1.2633153077574912,0.8261999999999999,1,0.8261999999999999,6.0,inf
77,4,0.3532800881140191,0.018640377877116553,-1.2633153077574912,0.8261999999999999,1,0.8261999999999999,6.0,inf
77,5,0.3532800881140191,0.018640377877116553,-1.2633153077574912,0.8261999999999999,1,0.8261999999999999,6.0,inf
78,0,1.151156225739252,0.26521999864942414,-1.0690404084110043,2.0427,1,2.0427,6.0,inf
78,1,1.151156225739252,0.26521999864942414,-1.0690404084110043,2.0427,1,2.0427,6.0,inf
78,2,1.151156225739252,0.26521999864942414,-1.0690404084110043,2.0427,1,2.0427,6.0,inf
78,3,1.151156225739252,0.26521999864942414,-1.0690404084110043,2.0427,1,2.0427,6.0,inf
78,4,1.151156225739252,0.26521999864942414,-1.0690404084110043,2.0427,1,2.0427,6.0,inf
78,5,1.151156225739252,0.26521999864942414,-1.0690404084110043,2.0427,1,2.0427,6.0,inf
79,0,1.954587284675199,0.04757705167164359,1.4318783299417783,1.0856999999999999,1,1.0856999999999999,6.0,inf
79,1,1.954587284675199,0.04757705167164359,1.4318783299417783,1.0856999999999999,1,1.0856999999999999,6.0,inf
79,2,1.954587284675199,0.04757705167164359,1.4318783299417783,1.0856999999999999,1,1.0856999999999999,6.0,inf
79,3,1.954587284675199,0.04757705167164359,1.4318783299417783,1.0856999999999999,1,1.0856999999999999,6.0,inf
79,4,1.954587284675199,0.04757705167164359,1.4318783299417783,1.0856999999999999,1,1.0856999999999999,6.0,inf
79,5,1.954587284675199,0.04757705167164359,1.4318783299417783,1.0856999999999999,1,1.0856999999999999,6.0,inf
80,0,-0.6965346182848405,-0.4669000857140512,2.1963937863444043,1.0154999999999998,1,1.0154999999999998,6.0,inf
80,1,-0.6965346182848405,-0.4669000857140512,2.1963937863444043,1.0154999999999998,1,1.0154999999999998,6.0,inf
80,2,-0.6965346182848405,-0.4669000857140512,2.1963937863444043,1.0154999999999998,1,1.0154999999999998,6.0,inf
80,3,-0.6965346182848405,-0.4669000857140512,2.1963937863444043,1.0154999999999998,1,1.0154999999999998,6.0,inf
80,4,-0.6965346182848405,-0.4669000857140512,2.1963937863444043,1.0154999999999998,1,1.0154999999999998,6.0,inf
80,5,-0.6965346182848405,-0.4669000857140512,2.1963937863444043,1.0154999999999998,1,1.0154999999999998,6.0,inf
81,0,0.349610806372215,-1.1131916238617834,0.5571457079220743,1.6955999999999998,1,1.6955999999999998,6.0,inf
81,1,0.349610806372215,-1.1131916238617834,0.5571457079220743,1.6955999999999998,1,1.6955999999999998,6.0,inf
81,2,0.349610806372215,-1.1131916238617834,0.5571457079220743,1.6955999999999998,1,1.6955999999999998,6.0,inf
81,3,0.349610806372215,-1.1131916238617834,0.5571457079220743,1.6955999999999998,1,1.6955999999999998,6.0,inf
81,4,0.349610806372215,-1.1131916238617834,0.5571457079220743,1.6955999999999998,1,1.6955999999999998,6.0,inf
81,5,0.349610806372215,-1.1131916238617834,0.5571457079220743,1.6955999999999998,1,1.6955999999999998,6.0,inf
82,0,-0.057018309748316204,0.610493079657361,0.22243394602799124,3.5256,1,3.5256,6.0,inf
82,1,-0.057018309748316204,0.610493079657361,0.22243394602799124,3.5256,1,3.5256,6.0,inf
82,2,-0.057018309748316204,0.610493079657361,0.22243394602799124,3.5256,1,3.5256,6.0,inf
82,3,-0.057018309748316204,0.610493079657361,0.22243394602799124,3.5256,1,3.5256,6.0,inf
82,4,-0.057018309748316204,0.610493079657361,0.22243394602799124,3.5256,1,3.5256,6.0,inf
82,5,-0.057018309748316204,0.610493079657361,0.22243394602799124,3.5256,1,3.5256,6.0,inf
83,0,-0.5741118692539843,-1.255186417406948,-0.5266384975634373,6.0,0,6.2559,6.0,inf
83,1,-0.5741118692539843,-1.255186417406948,-0.5266384975634373,6.0,0,6.2559,6.0,inf
83,2,-0.5741118692539843,-1.255186417406948,-0.5266384975634373,6.0,0,6.2559,6.0,inf
83,3,-0.5741118692539843,-1.255186417406948,-0.5266384975634373,6.0,0,6.2559,6.0,inf
83,4,-0.5741118692539843,-1.255186417406948,-0.5266384975634373,6.0,0,6.2559,6.0,inf
83,5,-0.5741118692539843,-1.255186417406948,-0.5266384975634373,6.0,0,6.2559,6.0,inf
84,0,-0.702671781208678,-0.11954433662301478,-2.0224431603284527,4.0386,1,4.0386,6.0,inf
84,1,-0.702671781208678,-0.11954433662301478,-2.0224431603284527,4.0386,1,4.0386,6.0,inf
84,2,-0.702671781208678,-0.11954433662301478,-2.0224431603284527,4.0386,1,4.0386,6.0,inf
84,3,-0.702671781208678,-0.11954433662301478,-2.0224431603284527,4.0386,1,4.0386,6.0,inf
84,4,-0.702671781208678,-0.11954433662301478,-2.0224431603284527,4.0386,1,4.0386,6.0,inf
84,5,-0.702671781208678,-0.11954433662301478,-2.0224431603284527,4.0386,1,4.0386,6.0,inf
85,0,-0.9732136388835696,-0.9998425611653484,-0.08937273372310968,4.590299999999999,1,4.590299999999999,6.0,inf
85,1,-0.9732136388835696,-0.9998425611653484,-0.08937273372310968,4.590299999999999,1,4.590299999999999,6.0,inf
85,2,-0.9732136388835696,-0.9998425611653484,-0.08937273372310968,4.590299999999999,1,4.590299999999999,6.0,inf
85,3,-0.9732136388835696,-0.9998425611653484,-0.08937273372310968,4.590299999999999,1,4.590299999999999,6.0,inf
85,4,-0.9732136388835696,-0.9998425611653484,-0.08937273372310968,4.590299999999999,1,4.590299999999999,6.0,inf
85,5,-0.9732136388835696,-0.9998425611653484,-0.08937273372310968,4.590299999999999,1,4.590299999999999,6.0,inf
86,0,-0.6658102847690077,0.3183620646497523,-0.2206646786926181,2.8118999999999996,1,2.8118999999999996,6.0,inf
86,1,-0.6658102847690077,0.3183620646497523,-0.2206646786926181,2.8118999999999996,1,2.8118999999999996,6.0,inf
86,2,-0.6658102847690077,0.3183620646497523,-0.2206646786926181,2.8118999999999996,1,2.8118999999999996,6.0,inf
86,3,-0.6658102847690077,0.3183620646497523,-0.2206646786926181,2.8118999999999996,1,2.8118999999999996,6.0,inf
86,4,-0.6658102847690077,0.3183620646497523,-0.2206646786926181,2.8118999999999996,1,2.8118999999999996,6.0,inf
86,5,-0.6658102847690077,0.3183620646497523,-0.2206646786926181,2.8118999999999996,1,2.8118999999999996,6.0,inf
87,0,-0.5739169896483104,0.5923159161447086,-0.8632129447524027,1.5972,1,1.5972,6.0,inf
87,1,-0.5739169896483104,0.5923159161447086,-0.8632129447524027,1.5972,1,1.5972,6.0,inf
87,2,-0.5739169896483104,0.5923159161447086,-0.8632129447524027,1.5972,1,1.5972,6.0,inf
87,3,-0.5739169896483104,0.5923159161447086,-0.8632129447524027,1.5972,1,1.5972,6.0,inf
87,4,-0.5739169896483104,0.5923159161447086,-0.8632129447524027,1.5972,1,1.5972,6.0,inf
87,5,-0.5739169896483104,0.5923159161447086,-0.8632129447524027,1.5972,1,1.5972,6.0,inf
88,0,1.8163210763213267,-1.5252380202920124,-0.45339122064995513,2.6277,1,2.6277,6.0,inf
88,1,1.8163210763213267,-1.5252380202920124,-0.45339122064995513,2.6277,1,2.6277,6.0,inf
88,2,1.8163210763213267,-1.5252380202920124,-0.45339122064995513,2.6277,1,2.6277,6.0,inf
88,3,1.8163210763213267,-1.5252380202920124,-0.45339122064995513,2.6277,1,2.6277,6.0,inf
88,4,1.8163210763213267,-1.5252380202920124,-0.45339122064995513,2.6277,1,2.6277,6.0,inf
88,5,1.8163210763213267,-1.5252380202920124,-0.45339122064995513,2.6277,1,2.6277,6.0,inf
89,0,2.2741257452839747,0.14114833886178554,0.37938182143719934,0.5621999999999999,1,0.5621999999999999,6.0,inf
89,1,2.2741257452839747,0.14114833886178554,0.37938182143719934,0.5621999999999999,1,0.5621999999999999,6.0,inf
89,2,2.2741257452839747,0.14114833886178554,0.37938182143719934,0.5621999999999999,1,0.5621999999999999,6.0,inf
89,3,2.2741257452839747,0.14114833886178554,0.37938182143719934,0.5621999999999999,1,0.5621999999999999,6.0,inf
89,4,2.2741257452839747,0.14114833886178554,0.37938182143719934,0.5621999999999999,1,0.5621999999999999,6.0,inf
89,5,2.2741257452839747,0.14114833886178554,0.37938182143719934,0.5621999999999999,1,0.5621999999999999,6.0,inf
90,0,0.2915248313135876,-1.3724956412427984,0.1373734622413228,4.1037,1,4.1037,6.0,inf
90,1,0.2915248313135876,-1.3724956412427984,0.1373734622413228,4.1037,1,4.1037,6.0,inf
90,2,0.2915248313135876,-1.3724956412427984,0.1373734622413228,4.1037,1,4.1037,6.0,inf
90,3,0.2915248313135876,-1.3724956412427984,0.1373734622413228,4.1037,1,4.1037,6.0,inf
90,4,0.2915248313135876,-1.3724956412427984,0.1373734622413228,4.1037,1,4.1037,6.0,inf
90,5,0.2915248313135876,-1.3724956412427984,0.1373734622413228,4.1037,1,4.1037,6.0,inf
91,0,1.8930972853290897,-0.48557035263877896,-0.14062593694521902,2.0498999999999996,1,2.0498999999999996,6.0,inf
91,1,1.8930972853290897,-0.48557035263877896,-0.14062593694521902,2.0498999999999996,1,2.0498999999999996,6.0,inf
91,2,1.8930972853290897,-0.48557035263877896,-0.14062593694521902,2.0498999999999996,1,2.0498999999999996,6.0,inf
91,3,1.8930972853290897,-0.48557035263877896,-0.14062593694521902,2.0498999999999996,1,2.0498999999999996,6.0,inf
91,4,1.8930972853290897,-0.48557035263877896,-0.14062593694521902,2.0498999999999996,1,2.0498999999999996,6.0,inf
91,5,1.8930972853290897,-0.48557035263877896,-0.14062593694521902,2.0498999999999996,1,2.0498999999999996,6.0,inf
92,0,-1.7729939682010694,1.2548080005857811,0.3532523869069956,1.4823,1,1.4823,6.0,inf
92,1,-1.7729939682010694,1.2548080005857811,0.3532523869069956,1.4823,1,1.4823,6.0,inf
92,2,-1.7729939682010694,1.2548080005857811,0.3532523869069956,1.4823,1,1.4823,6.0,inf
92,3,-1.7729939682010694,1.2548080005857811,0.3532523869069956,1.4823,1,1.4823,6.0,inf
92,4,-1.7729939682010694,1.2548080005857811,0.3532523869069956,1.4823,1,1.4823,6.0,inf
92,5,-1.7729939682010694,1.2548080005857811,0.3532523869069956,1.4823,1,1.4823,6.0,inf
93,0,1.5319404853088243,-1.0654996996389967,-0.755289299368763,3.9273,1,3.9273,6.0,inf
93,1,1.5319404853088243,-1.0654996996389967,-0.755289299368763,3.9273,1,3.9273,6.0,inf
93,2,1.5319404853088243,-1.0654996996389967,-0.755289299368763,3.9273,1,3.9273,6.0,inf
93,3,1.5319404853088243,-1.0654996996389967,-0.755289299368763,3.9273,1,3.9273,6.0,inf
93,4,1.5319404853088243,-1.0654996996389967,-0.755289299368763,3.9273,1,3.9273,6.0,inf
93,5,1.5319404853088243,-1.0654996996389967,-0.755289299368763,3.9273,1,3.9273,6.0,inf
94,0,-0.8157611732606043,0.8607195185552555,-1.150460249538123,5.015999999999999,1,5.015999999999999,6.0,inf
94,1,-0.8157611732606043,0.8607195185552555,-1.150460249538123,5.015999999999999,1,5.015999999999999,6.0,inf
94,2,-0.8157611732606043,0.8607195185552555,-1.150460249538123,5.015999999999999,1,5.015999999999999,6.0,inf
94,3,-0.8157611732606043,0.8607195185552555,-1.150460249538123,5.015999999999999,1,5.015999999999999,6.0,inf
94,4,-0.8157611732606043,0.8607195185552555,-1.150460249538123,5.015999999999999,1,5.015999999999999,6.0,inf
94,5,-0.8157611732606043,0.8607195185552555,-1.150460249538123,5.015999999999999,1,5.015999999999999,6.0,inf
95,0,0.1045045608083132,1.744821233880159,-1.0874596474985367,2.0753999999999997,1,2.0753999999999997,6.0,inf
95,1,0.1045045608083132,1.744821233880159,-1.0874596474985367,2.0753999999999997,1,2.0753999999999997,6.0,inf
95,2,0.1045045608083132,1.744821233880159,-1.0874596474985367,2.0753999999999997,1,2.0753999999999997,6.0,inf
95,3,0.1045045608083132,1.744821233880159,-1.0874596474985367,2.0753999999999997,1,2.0753999999999997,6.0,inf
95,4,0.1045045608083132,1.744821233880159,-1.0874596474985367,2.0753999999999997,1,2.0753999999999997,6.0,inf
95,5,0.1045045608083132,1.744821233880159,-1.0874596474985367,2.0753999999999997,1,2.0753999999999997,6.0,inf
96,0,-0.8141091374742964,-0.8337496383497542,0.5450888607899508,6.0,0,6.207,6.0,inf
96,1,-0.8141091374742964,-0.8337496383497542,0.5450888607899508,6.0,0,6.207,6.0,inf
96,2,-0.8141091374742964,-0.8337496383497542,0.5450888607899508,6.0,0,6.207,6.0,inf
96,3,-0.8141091374742964,-0.8337496383497542,0.5450888607899508,6.0,0,6.207,6.0,inf
96,4,-0.8141091374742964,-0.8337496383497542,0.5450888607899508,6.0,0,6.207,6.0,inf
96,5,-0.8141091374742964,-0.8337496383497542,0.5450888607899508,6.0,0,6.207,6.0,inf
97,0,0.15614770324146204,0.6906607414282853,-0.3235918092267465,2.9541,1,2.9541,6.0,inf
97,1,0.15614770324146204,0.6906607414282853,-0.3235918092267465,2.9541,1,2.9541,6.0,inf
97,2,0.15614770324146204,0.6906607414282853,-0.3235918092267465,2.9541,1,2.9541,6.0,inf
97,3,0.15614770324146204,0.6906607414282853,-0.3235918092267465,2.9541,1,2.9541,6.0,inf
97,4,0.15614770324146204,0.6906607414282853,-0.3235918092267465,2.9541,1,2.9541,6.0,inf
97,5,0.15614770324146204,0.6906607414282853,-0.3235918092267465,2.9541,1,2.9541,6.0,inf
98,0,0.9550405258341267,-1.443153496989231,-0.8118621692641449,3.4721999999999995,1,3.4721999999999995,6.0,inf
98,1,0.9550405258341267,-1.443153496989231,-0.8118621692641449,3.4721999999999995,1,3.4721999999999995,6.0,inf
98,2,0.9550405258341267,-1.443153496989231,-0.8118621692641449,3.4721999999999995,1,3.4721999999999995,6.0,inf
98,3,0.9550405258341267,-1.443153496989231,-0.8118621692641449,3.4721999999999995,1,3.4721999999999995,6.0,inf
98,4,0.9550405258341267,-1.443153496989231,-0.8118621692641449,3.4721999999999995,1,3.4721999999999995,6.0,inf
98,5,0.9550405258341267,-1.443153496989231,-0.8118621692641449,3.4721999999999995,1,3.4721999999999995,6.0,inf
99,0,-0.41940648247092516,0.3221474710920089,-0.6856975941589002,2.2649999999999997,1,2.2649999999999997,6.0,inf
99,1,-0.41940648247092516,0.3221474710920089,-0.6856975941589002,2.2649999999999997,1,2.2649999999999997,6.0,inf
99,2,-0.41940648247092516,0.3221474710920089,-0.6856975941589002,2.2649999999999997,1,2.2649999999999997,6.0,inf
99,3,-0.41940648247092516,0.3221474710920089,-0.6856975941589002,2.2649999999999997,1,2.2649999999999997,6.0,inf
99,4,-0.41940648247092516,0.3221474710920089,-0.6856975941589002,2.2649999999999997,1,2.2649999999999997,6.0,inf
99,5,-0.41940648247092516,0.3221474710920089,-0.6856975941589002,2.2649999999999997,1,2.2649999999999997,6.0,inf
100,0,0.7027392219658088,2.1650802241059464,-1.0610831957442912,0.8576999999999999,1,0.8576999999999999,6.0,inf
100,1,0.7027392219658088,2.1650802241059464,-1.0610831957442912,0.8576999999999999,1,0.8576999999999999,6.0,inf
100,2,0.7027392219658088,2.1650802241059464,-1.0610831957442912,0.8576999999999999,1,0.8576999999999999,6.0,inf
100,3,0.7027392219658088,2.1650802241059464,-1.0610831957442912,0.8576999999999999,1,0.8576999999999999,6.0,inf
100,4,0.7027392219658088,2.1650802241059464,-1.0610831957442912,0.8576999999999999,1,0.8576999999999999,6.0,inf
100,5,0.7027392219658088,2.1650802241059464,-1.0610831957442912,0.8576999999999999,1,0.8576999999999999,6.0,inf
101,0,1.4180734917119193,0.37797547639807516,0.6322108498979199,1.4474999999999998,1,1.4474999999999998,6.0,inf
101,1,1.4180734917119193,0.37797547639807516,0.6322108498979199,1.4474999999999998,1,1.4474999999999998,6.0,inf
101,2,1.4180734917119193,0.37797547639807516,0.6322108498979199,1.4474999999999998,1,1.4474999999999998,6.0,inf
101,3,1.4180734917119193,0.37797547639807516,0.6322108498979199,1.4474999999999998,1,1.4474999999999998,6.0,inf
101,4,1.4180734917119193,0.37797547639807516,0.6322108498979199,1.4474999999999998,1,1.4474999999999998,6.0,inf
101,5,1.4180734917119193,0.37797547639807516,0.6322108498979199,1.4474999999999998,1,1.4474999999999998,6.0,inf
102,0,1.3601601444454907,-0.47224056795956043,-0.7340722567960718,2.7701999999999996,1,2.7701999999999996,6.0,inf
102,1,1.3601601444454907,-0.47224056795956043,-0.7340722567960718,2.7701999999999996,1,2.7701999999999996,6.0,inf
102,2,1.3601601444454907,-0.47224056795956043,-0.7340722567960718,2.7701999999999996,1,2.7701999999999996,6.0,inf
102,3,1.3601601444454907,-0.47224056795956043,-0.7340722567960718,2.7701999999999996,1,2.7701999999999996,6.0,inf
102,4,1.3601601444454907,-0.47224056795956043,-0.7340722567960718,2.7701999999999996,1,2.7701999999999996,6.0,inf
102,5,1.3601601444454907,-0.47224056795956043,-0.7340722567960718,2.7701999999999996,1,2.7701999999999996,6.0,inf
103,0,0.9025210832908264,1.6231658483430422,-1.2701967527505977,0.5219999999999999,1,0.5219999999999999,6.0,inf
103,1,0.9025210832908264,1.6231658483430422,-1.2701967527505977,0.5219999999999999,1,0.5219999999999999,6.0,inf
103,2,0.9025210832908264,1.6231658483430422,-1.2701967527505977,0.5219999999999999,1,0.5219999999999999,6.0,inf
103,3,0.9025210832908264,1.6231658483430422,-1.2701967527505977,0.5219999999999999,1,0.5219999999999999,6.0,inf
103,4,0.9025210832908264,1.6231658483430422,-1.2701967527505977,0.5219999999999999,1,0.5219999999999999,6.0,inf
103,5,0.9025210832908264,1.6231658483430422,-1.2701967527505977,0.5219999999999999,1,0.5219999999999999,6.0,inf
104,0,0.7077243064773092,0.04757340813052179,-1.1149490092664982,3.6434999999999995,1,3.6434999999999995,6.0,inf
104,1,0.7077243064773092,0.04757340813052179,-1.1149490092664982,3.6434999999999995,1,3.6434999999999995,6.0,inf
104,2,0.7077243064773092,0.04757340813052179,-1.1149490092664982,3.6434999999999995,1,3.6434999999999995,6.0,inf
104,3,0.7077243064773092,0.04757340813052179,-1.1149490092664982,3.6434999999999995,1,3.6434999999999995,6.0,inf
104,4,0.7077243064773092,0.04757340813052179,-1.1149490092664982,3.6434999999999995,1,3.6434999999999995,6.0,inf
104,5,0.7077243064773092,0.04757340813052179,-1.1149490092664982,3.6434999999999995,1,3.6434999999999995,6.0,inf
105,0,0.1526983871523935,0.3623306610074471,0.38913616643154664,2.1689999999999996,1,2.1689999999999996,6.0,inf
105,1,0.1526983871523935,0.3623306610074471,0.38913616643154664,2.1689999999999996,1,2.1689999999999996,6.0,inf
105,2,0.1526983871523935,0.3623306610074471,0.38913616643154664,2.1689999999999996,1,2.1689999999999996,6.0,inf
105,3,0.1526983871523935,0.3623306610074471,0.38913616643154664,2.1689999999999996,1,2.1689999999999996,6.0,inf
105,4,0.1526983871523935,0.3623306610074471,0.38913616643154664,2.1689999999999996,1,2.1689999999999996,6.0,inf
105,5,0.1526983871523935,0.3623306610074471,0.38913616643154664,2.1689999999999996,1,2.1689999999999996,6.0,inf
106,0,0.20031272697930344,0.3257320448637774,-0.41649494512861107,5.1419999999999995,1,5.1419999999999995,6.0,inf
106,1,0.20031272697930344,0.3257320448637774,-0.41649494512861107,5.1419999999999995,1,5.1419999999999995,6.0,inf
106,2,0.20031272697930344,0.3257320448637774,-0.41649494512861107,5.1419999999999995,1,5.1419999999999995,6.0,inf
106,3,0.20031272697930344,0.3257320448637774,-0.41649494512861107,5.1419999999999995,1,5.1419999999999995,6.0,inf
106,4,0.20031272697930344,0.3257320448637774,-0.41649494512861107,5.1419999999999995,1,5.1419999999999995,6.0,inf
106,5,0.20031272697930344,0.3257320448637774,-0.41649494512861107,5.1419999999999995,1,5.1419999999999995,6.0,inf
107,0,-0.3527214441785372,-0.5262303953782559,0.8513776514794709,2.0576999999999996,1,2.0576999999999996,6.0,inf
107,1,-0.3527214441785372,-0.5262303953782559,0.8513776514794709,2.0576999999999996,1,2.0576999999999996,6.0,inf
107,2,-0.3527214441785372,-0.5262303953782559,0.8513776514794709,2.0576999999999996,1,2.0576999999999996,6.0,inf
107,3,-0.3527214441785372,-0.5262303953782559,0.8513776514794709,2.0576999999999996,1,2.0576999999999996,6.0,inf
107,4,-0.3527214441785372,-0.5262303953782559,0.8513776514794709,2.0576999999999996,1,2.0576999999999996,6.0,inf
107,5,-0.3527214441785372,-0.5262303953782559,0.8513776514794709,2.0576999999999996,1,2.0576999999999996,6.0,inf
108,0,-1.1854217486624532,-1.0896777806673568,-0.13107561967963516,5.1738,1,5.1738,6.0,inf
108,1,-1.1854217486624532,-1.0896777806673568,-0.13107561967963516,5.1738,1,5.1738,6.0,inf
108,2,-1.1854217486624532,-1.0896777806673568,-0.13107561967963516,5.1738,1,5.1738,6.0,inf
108,3,-1.1854217486624532,-1.0896777806673568,-0.13107561967963516,5.1738,1,5.1738,6.0,inf
108,4,-1.1854217486624532,-1.0896777806673568,-0.13107561967963516,5.1738,1,5.1738,6.0,inf
108,5,-1.1854217486624532,-1.0896777806673568,-0.13107561967963516,5.1738,1,5.1738,6.0,inf
109,0,-0.3961408419891029,2.379330733731315,-0.09767657312110571,1.0869,1,1.0869,6.0,inf
109,1,-0.3961408419891029,2.379330733731315,-0.09767657312110571,1.0869,1,1.0869,6.0,inf
109,2,-0.3961408419891029,2.379330733731315,-0.09767657312110571,1.0869,1,1.0869,6.0,inf
109,3,-0.3961408419891029,2.379330733731315,-0.09767657312110571,1.0869,1,1.0869,6.0,inf
109,4,-0.3961408419891029,2.379330733731315,-0.09767657312110571,1.0869,1,1.0869,6.0,inf
109,5,-0.3961408419891029,2.379330733731315,-0.09767657312110571,1.0869,1,1.0869,6.0,inf
110,0,-0.40414043815317574,0.625678992875727,0.8094057547122203,1.9683,1,1.9683,6.0,inf
110,1,-0.40414043815317574,0.625678992875727,0.8094057547122203,1.9683,1,1.9683,6.0,inf
110,2,-0.40414043815317574,0.625678992875727,0.8094057547122203,1.9683,1,1.9683,6.0,inf
110,3,-0.40414043815317574,0.625678992875727,0.8094057547122203,1.9683,1,1.9683,6.0,inf
110,4,-0.40414043815317574,0.625678992875727,0.8094057547122203,1.9683,1,1.9683,6.0,inf
110,5,-0.40414043815317574,0.625678992875727,0.8094057547122203,1.9683,1,1.9683,6.0,inf
111,0,1.7963880787405755,-2.7702079207689403,-0.5603564327009247,3.4556999999999998,1,3.4556999999999998,6.0,inf
111,1,1.7963880787405755,-2.7702079207689403,-0.5603564327009247,3.4556999999999998,1,3.4556999999999998,6.0,inf
111,2,1.7963880787405755,-2.7702079207689403,-0.5603564327009247,3.4556999999999998,1,3.4556999999999998,6.0,inf
111,3,1.7963880787405755,-2.7702079207689403,-0.5603564327009247,3.4556999999999998,1,3.4556999999999998,6.0,inf
111,4,1.7963880787405755,-2.7702079207689403,-0.5603564327009247,3.4556999999999998,1,3.4556999999999998,6.0,inf
111,5,1.7963880787405755,-2.7702079207689403,-0.5603564327009247,3.4556999999999998,1,3.4556999999999998,6.0,inf
112,0,0.3559033063111377,-0.9302320217978131,-0.03570297557710838,3.1176,1,3.1176,6.0,inf
112,1,0.3559033063111377,-0.9302320217978131,-0.03570297557710838,3.1176,1,3.1176,6.0,inf
112,2,0.3559033063111377,-0.9302320217978131,-0.03570297557710838,3.1176,1,3.1176,6.0,inf
112,3,0.3559033063111377,-0.9302320217978131,-0.03570297557710838,3.1176,1,3.1176,6.0,inf
112,4,0.3559033063111377,-0.9302320217978131,-0.03570297557710838,3.1176,1,3.1176,6.0,inf
112,5,0.3559033063111377,-0.9302320217978131,-0.03570297557710838,3.1176,1,3.1176,6.0,inf
113,0,1.1357047025243237,1.0364363716142466,-0.5091666428265706,0.8603999999999999,1,0.8603999999999999,6.0,inf
113,1,1.1357047025243237,1.0364363716142466,-0.5091666428265706,0.8603999999999999,1,0.8603999999999999,6.0,inf
113,2,1.1357047025243237,1.0364363716142466,-0.5091666428265706,0.8603999999999999,1,0.8603999999999999,6.0,inf
113,3,1.1357047025243237,1.0364363716142466,-0.5091666428265706,0.8603999999999999,1,0.8603999999999999,6.0,inf
113,4,1.1357047025243237,1.0364363716142466,-0.5091666428265706,0.8603999999999999,1,0.8603999999999999,6.0,inf
113,5,1.1357047025243237,1.0364363716142466,-0.5091666428265706,0.8603999999999999,1,0.8603999999999999,6.0,inf
114,0,-0.6614026249446238,0.6415142914743693,1.8373709468325887,1.1643,1,1.1643,6.0,inf
114,1,-0.6614026249446238,0.6415142914743693,1.8373709468325887,1.1643,1,1.1643,6.0,inf
114,2,-0.6614026249446238,0.6415142914743693,1.8373709468325887,1.1643,1,1.1643,6.0,inf
114,3,-0.6614026249446238,0.6415142914743693,1.8373709468325887,1.1643,1,1.1643,6.0,inf
114,4,-0.6614026249446238,0.6415142914743693,1.8373709468325887,1.1643,1,1.1643,6.0,inf
114,5,-0.6614026249446238,0.6415142914743693,1.8373709468325887,1.1643,1,1.1643,6.0,inf
115,0,-0.2805069287885261,-2.9079890718917154,-1.1474841710441728,6.0,0,6.0642,6.0,inf
115,1,-0.2805069287885261,-2.9079890718917154,-1.1474841710441728,6.0,0,6.0642,6.0,inf
115,2,-0.2805069287885261,-2.9079890718917154,-1.1474841710441728,6.0,0,6.0642,6.0,inf
115,3,-0.2805069287885261,-2.9079890718917154,-1.1474841710441728,6.0,0,6.0642,6.0,inf
115,4,-0.2805069287885261,-2.9079890718917154,-1.1474841710441728,6.0,0,6.0642,6.0,inf
115,5,-0.2805069287885261,-2.9079890718917154,-1.1474841710441728,6.0,0,6.0642,6.0,inf
116,0,0.10300666349547577,0.10528398922740488,0.8285879956200947,1.7576999999999998,1,1.7576999999999998,6.0,inf
116,1,0.10300666349547577,0.10528398922740488,0.8285879956200947,1.7576999999999998,1,1.7576999999999998,6.0,inf
116,2,0.10300666349547577,0.10528398922740488,0.8285879956200947,1.7576999999999998,1,1.7576999999999998,6.0,inf
116,3,0.10300666349547577,0.10528398922740488,0.8285879956200947,1.7576999999999998,1,1.7576999999999998,6.0,inf
116,4,0.10300666349547577,0.10528398922740488,0.8285879956200947,1.7576999999999998,1,1.7576999999999998,6.0,inf
116,5,0.10300666349547577,0.10528398922740488,0.8285879956200947,1.7576999999999998,1,1.7576999999999998,6.0,inf
117,0,-0.02068476459237617,0.7903722074806672,0.26545392513084687,1.4304,1,1.4304,6.0,inf
117,1,-0.02068476459237617,0.7903722074806672,0.26545392513084687,1.4304,1,1.4304,6.0,inf
117,2,-0.02068476459237617,0.7903722074806672,0.26545392513084687,1.4304,1,1.4304,6.0,inf
117,3,-0.02068476459237617,0.7903722074806672,0.26545392513084687,1.4304,1,1.4304,6.0,inf
117,4,-0.02068476459237617,0.7903722074806672,0.26545392513084687,1.4304,1,1.4304,6.0,inf
117,5,-0.02068476459237617,0.7903722074806672,0.26545392513084687,1.4304,1,1.4304,6.0,inf
118,0,0.7948988683597337,0.4615985029926959,0.6115125427568654,2.0517,1,2.0517,6.0,inf
118,1,0.7948988683597337,0.4615985029926959,0.6115125427568654,2.0517,1,2.0517,6.0,inf
118,2,0.7948988683597337,0.4615985029926959,0.6115125427568654,2.0517,1,2.0517,6.0,inf
118,3,0.7948988683597337,0.4615985029926959,0.6115125427568654,2.0517,1,2.0517,6.0,inf
118,4,0.7948988683597337,0.4615985029926959,0.6115125427568654,2.0517,1,2.0517,6.0,inf
118,5,0.7948988683597337,0.4615985029926959,0.6115125427568654,2.0517,1,2.0517,6.0,inf
119,0,-1.2044079182367127,0.06274840769239552,-3.2587002371677043,6.0,0,6.5115,6.0,inf
119,1,-1.2044079182367127,0.06274840769239552,-3.2587002371677043,6.0,0,6.5115,6.0,inf
119,2,-1.2044079182367127,0.06274840769239552,-3.2587002371677043,6.0,0,6.5115,6.0,inf
119,3,-1.2044079182367127,0.06274840769239552,-3.2587002371677043,6.0,0,6.5115,6.0,inf
119,4,-1.2044079182367127,0.06274840769239552,-3.2587002371677043,6.0,0,6.5115,6.0,inf
119,5,-1.2044079182367127,0.06274840769239552,-3.2587002371677043,6.0,0,6.5115,6.0,inf
120,0,0.7817496105481302,1.4873475438882982,1.2182988352457882,0.8555999999999999,1,0.8555999999999999,6.0,inf
120,1,0.7817496105481302,1.4873475438882982,1.2182988352457882,0.8555999999999999,1,0.8555999999999999,6.0,inf
120,2,0.7817496105481302,1.4873475438882982,1.2182988352457882,0.8555999999999999,1,0.8555999999999999,6.0,inf
120,3,0.7817496105481302,1.4873475438882982,1.2182988352457882,0.8555999999999999,1,0.8555999999999999,6.0,inf
120,4,0.7817496105481302,1.4873475438882982,1.2182988352457882,0.8555999999999999,1,0.8555999999999999,6.0,inf
120,5,0.7817496105481302,1.4873475438882982,1.2182988352457882,0.8555999999999999,1,0.8555999999999999,6.0,inf
121,0,0.7654486647871833,1.3370234715960978,-0.1784293441715878,2.0132999999999996,1,2.0132999999999996,6.0,inf
121,1,0.7654486647871833,1.3370234715960978,-0.1784293441715878,2.0132999999999996,1,2.0132999999999996,6.0,inf
121,2,0.7654486647871833,1.3370234715960978,-0.1784293441715878,2.0132999999999996,1,2.0132999999999996,6.0,inf
121,3,0.7654486647871833,1.3370234715960978,-0.1784293441715878,2.0132999999999996,1,2.0132999999999996,6.0,inf
121,4,0.7654486647871833,1.3370234715960978,-0.1784293441715878,2.0132999999999996,1,2.0132999999999996,6.0,inf
121,5,0.7654486647871833,1.3370234715960978,-0.1784293441715878,2.0132999999999996,1,2.0132999999999996,6.0,inf
122,0,-0.11522016152679543,1.1798938150398337,0.2572833095699157,1.2933,1,1.2933,6.0,inf
122,1,-0.11522016152679543,1.1798938150398337,0.2572833095699157,1.2933,1,1.2933,6.0,inf
122,2,-0.11522016152679543,1.1798938150398337,0.2572833095699157,1.2933,1,1.2933,6.0,inf
122,3,-0.11522016152679543,1.1798938150398337,0.2572833095699157,1.2933,1,1.2933,6.0,inf
122,4,-0.11522016152679543,1.1798938150398337,0.2572833095699157,1.2933,1,1.2933,6.0,inf
122,5,-0.11522016152679543,1.1798938150398337,0.2572833095699157,1.2933,1,1.2933,6.0,inf
123,0,-0.6593997866317124,0.8096033556593047,-0.7315537439382391,1.8816,1,1.8816,6.0,inf
123,1,-0.6593997866317124,0.8096033556593047,-0.7315537439382391,1.8816,1,1.8816,6.0,inf
123,2,-0.6593997866317124,0.8096033556593047,-0.7315537439382391,1.8816,1,1.8816,6.0,inf
123,3,-0.6593997866317124,0.8096033556593047,-0.7315537439382391,1.8816,1,1.8816,6.0,inf
123,4,-0.6593997866317124,0.8096033556593047,-0.7315537439382391,1.8816,1,1.8816,6.0,inf
123,5,-0.6593997866317124,0.8096033556593047,-0.7315537439382391,1.8816,1,1.8816,6.0,inf
124,0,0.40963603489134154,1.2157765907368319,-0.5937748231162333,2.4053999999999998,1,2.4053999999999998,6.0,inf
124,1,0.40963603489134154,1.2157765907368319,-0.5937748231162333,2.4053999999999998,1,2.4053999999999998,6.0,inf
124,2,0.40963603489134154,1.2157765907368319,-0.5937748231162333,2.4053999999999998,1,2.4053999999999998,6.0,inf
124,3,0.40963603489134154,1.2157765907368319,-0.5937748231162333,2.4053999999999998,1,2.4053999999999998,6.0,inf
124,4,0.40963603489134154,1.2157765907368319,-0.5937748231162333,2.4053999999999998,1,2.4053999999999998,6.0,inf
124,5,0.40963603489134154,1.2157765907368319,-0.5937748231162333,2.4053999999999998,1,2.4053999999999998,6.0,inf
125,0,0.25172237922395085,-0.7392580185388525,0.4935235416188059,3.1115999999999997,1,3.1115999999999997,6.0,inf
125,1,0.25172237922395085,-0.7392580185388525,0.4935235416188059,3.1115999999999997,1,3.1115999999999997,6.0,inf
125,2,0.25172237922395085,-0.7392580185388525,0.4935235416188059,3.1115999999999997,1,3.1115999999999997,6.0,inf
125,3,0.25172237922395085,-0.7392580185388525,0.4935235416188059,3.1115999999999997,1,3.1115999999999997,6.0,inf
125,4,0.25172237922395085,-0.7392580185388525,0.4935235416188059,3.1115999999999997,1,3.1115999999999997,6.0,inf
125,5,0.25172237922395085,-0.7392580185388525,0.4935235416188059,3.1115999999999997,1,3.1115999999999997,6.0,inf
126,0,-1.1688499697673438,-0.4944936519245157,0.7245591784721969,1.7309999999999999,1,1.7309999999999999,6.0,inf
126,1,-1.1688499697673438,-0.4944936519245157,0.7245591784721969,1.7309999999999999,1,1.7309999999999999,6.0,inf
126,2,-1.1688499697673438,-0.4944936519245157,0.7245591784721969,1.7309999999999999,1,1.7309999999999999,6.0,inf
126,3,-1.1688499697673438,-0.4944936519245157,0.7245591784721969,1.7309999999999999,1,1.7309999999999999,6.0,inf
126,4,-1.1688499697673438,-0.4944936519245157,0.7245591784721969,1.7309999999999999,1,1.7309999999999999,6.0,inf
126,5,-1.1688499697673438,-0.4944936519245157,0.7245591784721969,1.7309999999999999,1,1.7309999999999999,6.0,inf
127,0,0.9711220064136017,-0.6350268031095103,-0.8340388574417326,2.9654999999999996,1,2.9654999999999996,6.0,inf
127,1,0.9711220064136017,-0.6350268031095103,-0.8340388574417326,2.9654999999999996,1,2.9654999999999996,6.0,inf
127,2,0.9711220064136017,-0.6350268031095103,-0.8340388574417326,2.9654999999999996,1,2.9654999999999996,6.0,inf
127,3,0.9711220064136017,-0.6350268031095103,-0.8340388574417326,2.9654999999999996,1,2.9654999999999996,6.0,inf
127,4,0.9711220064136017,-0.6350268031095103,-0.8340388574417326,2.9654999999999996,1,2.9654999999999996,6.0,inf
127,5,0.9711220064136017,-0.6350268031095103,-0.8340388574417326,2.9654999999999996,1,2.9654999999999996,6.0,inf
128,0,-1.2250424041798782,0.14993382508808567,1.5713218292121482,1.5263999999999998,1,1.5263999999999998,6.0,inf
128,1,-1.2250424041798782,0.14993382508808567,1.5713218292121482,1.5263999999999998,1,1.5263999999999998,6.0,inf
128,2,-1.2250424041798782,0.14993382508808567,1.5713218292121482,1.5263999999999998,1,1.5263999999999998,6.0,inf
128,3,-1.2250424041798782,0.14993382508808567,1.5713218292121482,1.5263999999999998,1,1.5263999999999998,6.0,inf
128,4,-1.2250424041798782,0.14993382508808567,1.5713218292121482,1.5263999999999998,1,1.5263999999999998,6.0,inf
128,5,-1.2250424041798782,0.14993382508808567,1.5713218292121482,1.5263999999999998,1,1.5263999999999998,6.0,inf
129,0,-0.3473822799008799,-1.1684459200703672,-1.8127901719759125,5.2299,1,5.2299,6.0,inf
129,1,-0.3473822799008799,-1.1684459200703672,-1.8127901719759125,5.2299,1,5.2299,6.0,inf
129,2,-0.3473822799008799,-1.1684459200703672,-1.8127901719759125,5.2299,1,5.2299,6.0,inf
129,3,-0.3473822799008799,-1.1684459200703672,-1.8127901719759125,5.2299,1,5.2299,6.0,inf
129,4,-0.3473822799008799,-1.1684459200703672,-1.8127901719759125,5.2299,1,5.2299,6.0,inf
129,5,-0.3473822799008799,-1.1684459200703672,-1.8127901719759125,5.2299,1,5.2299,6.0,inf
130,0,1.4763178230284553,1.149284260133867,0.5641854945729092,1.2656999999999998,1,1.2656999999999998,6.0,inf
130,1,1.4763178230284553,1.149284260133867,0.5641854945729092,1.2656999999999998,1,1.2656999999999998,6.0,inf
130,2,1.4763178230284553,1.149284260133867,0.5641854945729092,1.2656999999999998,1,1.2656999999999998,6.0,inf
130,3,1.4763178230284553,1.149284260133867,0.5641854945729092,1.2656999999999998,1,1.2656999999999998,6.0,inf
130,4,1.4763178230284553,1.149284260133867,0.5641854945729092,1.2656999999999998,1,1.2656999999999998,6.0,inf
130,5,1.4763178230284553,1.149284260133867,0.5641854945729092,1.2656999999999998,1,1.2656999999999998,6.0,inf
131,0,0.08748154660490041,-1.7676022608587827,-1.4786999376083898,5.574599999999999,1,5.574599999999999,6.0,inf
131,1,0.08748154660490041,-1.7676022608587827,-1.4786999376083898,5.574599999999999,1,5.574599999999999,6.0,inf
131,2,0.08748154660490041,-1.7676022608587827,-1.4786999376083898,5.574599999999999,1,5.574599999999999,6.0,inf
131,3,0.08748154660490041,-1.7676022608587827,-1.4786999376083898,5.574599999999999,1,5.574599999999999,6.0,inf
131,4,0.08748154660490041,-1.7676022608587827,-1.4786999376083898,5.574599999999999,1,5.574599999999999,6.0,inf
131,5,0.08748154660490041,-1.7676022608587827,-1.4786999376083898,5.574599999999999,1,5.574599999999999,6.0,inf
132,0,-1.3104311648610545,-0.8028064779689742,-2.5438158421907455,6.0,0,6.7562999999999995,6.0,inf
132,1,-1.3104311648610545,-0.8028064779689742,-2.5438158421907455,6.0,0,6.7562999999999995,6.0,inf
132,2,-1.3104311648610545,-0.8028064779689742,-2.5438158421907455,6.0,0,6.7562999999999995,6.0,inf
132,3,-1.3104311648610545,-0.8028064779689742,-2.5438158421907455,6.0,0,6.7562999999999995,6.0,inf
132,4,-1.3104311648610545,-0.8028064779689742,-2.5438158421907455,6.0,0,6.7562999999999995,6.0,inf
132,5,-1.3104311648610545,-0.8028064779689742,-2.5438158421907455,6.0,0,6.7562999999999995,6.0,inf
133,0,1.4013283741060283,1.2802116147867173,-0.8012939745510014,1.9524,1,1.9524,6.0,inf
133,1,1.4013283741060283,1.2802116147867173,-0.8012939745510014,1.9524,1,1.9524,6.0,inf
133,2,1.4013283741060283,1.2802116147867173,-0.8012939745510014,1.9524,1,1.9524,6.0,inf
133,3,1.4013283741060283,1.2802116147867173,-0.8012939745510014,1.9524,1,1.9524,6.0,inf
133,4,1.4013283741060283,1.2802116147867173,-0.8012939745510014,1.9524,1,1.9524,6.0,inf
133,5,1.4013283741060283,1.2802116147867173,-0.8012939745510014,1.9524,1,1.9524,6.0,inf
134,0,-1.8740593057024784,0.9207169659585667,-0.6568926654369679,5.435099999999999,1,5.435099999999999,6.0,inf
134,1,-1.8740593057024784,0.9207169659585667,-0.6568926654369679,5.435099999999999,1,5.435099999999999,6.0,inf
134,2,-1.8740593057024784,0.9207169659585667,-0.6568926654369679,5.435099999999999,1,5.435099999999999,6.0,inf
134,3,-1.8740593057024784,0.9207169659585667,-0.6568926654369679,5.435099999999999,1,5.435099999999999,6.0,inf
134,4,-1.8740593057024784,0.9207169659585667,-0.6568926654369679,5.435099999999999,1,5.435099999999999,6.0,inf
134,5,-1.8740593057024784,0.9207169659585667,-0.6568926654369679,5.435099999999999,1,5.435099999999999,6.0,inf
135,0,0.5091450411899521,0.7756235204101344,0.6494746281231054,1.3818,1,1.3818,6.0,inf
135,1,0.5091450411899521,0.7756235204101344,0.6494746281231054,1.3818,1,1.3818,6.0,inf
135,2,0.5091450411899521,0.7756235204101344,0.6494746281231054,1.3818,1,1.3818,6.0,inf
135,3,0.5091450411899521,0.7756235204101344,0.6494746281231054,1.3818,1,1.3818,6.0,inf
135,4,0.5091450411899521,0.7756235204101344,0.6494746281231054,1.3818,1,1.3818,6.0,inf
135,5,0.5091450411899521,0.7756235204101344,0.6494746281231054,1.3818,1,1.3818,6.0,inf
136,0,-0.4161020773682369,-0.9849180860012748,0.9841074422602575,1.2812999999999999,1,1.2812999999999999,6.0,inf
136,1,-0.4161020773682369,-0.9849180860012748,0.9841074422602575,1.2812999999999999,1,1.2812999999999999,6.0,inf
136,2,-0.4161020773682369,-0.9849180860012748,0.9841074422602575,1.2812999999999999,1,1.2812999999999999,6.0,inf
136,3,-0.4161020773682369,-0.9849180860012748,0.9841074422602575,1.2812999999999999,1,1.2812999999999999,6.0,inf
136,4,-0.4161020773682369,-0.9849180860012748,0.9841074422602575,1.2812999999999999,1,1.2812999999999999,6.0,inf
136,5,-0.4161020773682369,-0.9849180860012748,0.9841074422602575,1.2812999999999999,1,1.2812999999999999,6.0,inf
137,0,1.734914041985165,1.681959473384598,-0.1005607882451927,0.6713999999999999,1,0.6713999999999999,6.0,inf
137,1,1.734914041985165,1.681959473384598,-0.1005607882451927,0.6713999999999999,1,0.6713999999999999,6.0,inf
137,2,1.734914041985165,1.681959473384598,-0.1005607882451927,0.6713999999999999,1,0.6713999999999999,6.0,inf
137,3,1.734914041985165,1.681959473384598,-0.1005607882451927,0.6713999999999999,1,0.6713999999999999,6.0,inf
137,4,1.734914041985165,1.681959473384598,-0.1005607882451927,0.6713999999999999,1,0.6713999999999999,6.0,inf
137,5,1.734914041985165,1.681959473384598,-0.1005607882451927,0.6713999999999999,1,0.6713999999999999,6.0,inf
138,0,0.9104224099973857,0.5656186399921614,-1.087852992080228,0.6759,1,0.6759,6.0,inf
138,1,0.9104224099973857,0.5656186399921614,-1.087852992080228,0.6759,1,0.6759,6.0,inf
138,2,0.9104224099973857,0.5656186399921614,-1.087852992080228,0.6759,1,0.6759,6.0,inf
138,3,0.9104224099973857,0.5656186399921614,-1.087852992080228,0.6759,1,0.6759,6.0,inf
138,4,0.9104224099973857,0.5656186399921614,-1.087852992080228,0.6759,1,0.6759,6.0,inf
138,5,0.9104224099973857,0.5656186399921614,-1.087852992080228,0.6759,1,0.6759,6.0,inf
139,0,0.802364672047373,-0.05277402856857204,-0.47629372755694704,3.3177,1,3.3177,6.0,inf
139,1,0.802364672047373,-0.05277402856857204,-0.47629372755694704,3.3177,1,3.3177,6.0,inf
139,2,0.802364672047373,-0.05277402856857204,-0.47629372755694704,3.3177,1,3.3177,6.0,inf
139,3,0.802364672047373,-0.05277402856857204,-0.47629372755694704,3.3177,1,3.3177,6.0,inf
139,4,0.802364672047373,-0.05277402856857204,-0.47629372755694704,3.3177,1,3.3177,6.0,inf
139,5,0.802364672047373,-0.05277402856857204,-0.47629372755694704,3.3177,1,3.3177,6.0,inf
140,0,-0.17923099083442479,0.20200161805090883,-0.7034778748902535,5.1575999999999995,1,5.1575999999999995,6.0,inf
140,1,-0.17923099083442479,0.20200161805090883,-0.7034778748902535,5.1575999999999995,1,5.1575999999999995,6.0,inf
140,2,-0.17923099083442479,0.20200161805090883,-0.7034778748902535,5.1575999999999995,1,5.1575999999999995,6.0,inf
140,3,-0.17923099083442479,0.20200161805090883,-0.7034778748902535,5.1575999999999995,1,5.1575999999999995,6.0,inf
140,4,-0.17923099083442479,0.20200161805090883,-0.7034778748902535,5.1575999999999995,1,5.1575999999999995,6.0,inf
140,5,-0.17923099083442479,0.20200161805090883,-0.7034778748902535,5.1575999999999995,1,5.1575999999999995,6.0,inf
141,0,0.42010450869898086,-3.0093431570805325,1.2225320996366056,2.6201999999999996,1,2.6201999999999996,6.0,inf
141,1,0.42010450869898086,-3.0093431570805325,1.2225320996366056,2.6201999999999996,1,2.6201999999999996,6.0,inf
141,2,0.42010450869898086,-3.0093431570805325,1.2225320996366056,2.6201999999999996,1,2.6201999999999996,6.0,inf
141,3,0.42010450869898086,-3.0093431570805325,1.2225320996366056,2.6201999999999996,1,2.6201999999999996,6.0,inf
141,4,0.42010450869898086,-3.0093431570805325,1.2225320996366056,2.6201999999999996,1,2.6201999999999996,6.0,inf
141,5,0.42010450869898086,-3.0093431570805325,1.2225320996366056,2.6201999999999996,1,2.6201999999999996,6.0,inf
142,0,-1.2208877887903458,1.1340047414247951,1.6085179891858254,1.4372999999999998,1,1.4372999999999998,6.0,inf
142,1,-1.2208877887903458,1.1340047414247951,1.6085179891858254,1.4372999999999998,1,1.4372999999999998,6.0,inf
142,2,-1.2208877887903458,1.1340047414247951,1.6085179891858254,1.4372999999999998,1,1.4372999999999998,6.0,inf
142,3,-1.2208877887903458,1.1340047414247951,1.6085179891858254,1.4372999999999998,1,1.4372999999999998,6.0,inf
142,4,-1.2208877887903458,1.1340047414247951,1.6085179891858254,1.4372999999999998,1,1.4372999999999998,6.0,inf
142,5,-1.2208877887903458,1.1340047414247951,1.6085179891858254,1.4372999999999998,1,1.4372999999999998,6.0,inf
143,0,-1.0554189478295295,0.36485924295070365,0.3234499853619232,1.3839,1,1.3839,6.0,inf
143,1,-1.0554189478295295,0.36485924295070365,0.3234499853619232,1.3839,1,1.3839,6.0,inf
143,2,-1.0554189478295295,0.36485924295070365,0.3234499853619232,1.3839,1,1.3839,6.0,inf
143,3,-1.0554189478295295,0.36485924295070365,0.3234499853619232,1.3839,1,1.3839,6.0,inf
143,4,-1.0554189478295295,0.36485924295070365,0.3234499853619232,1.3839,1,1.3839,6.0,inf
143,5,-1.0554189478295295,0.36485924295070365,0.3234499853619232,1.3839,1,1.3839,6.0,inf
144,0,0.39893879464574405,-0.5272664458311576,1.176958574321723,1.9811999999999999,1,1.9811999999999999,6.0,inf
144,1,0.39893879464574405,-0.5272664458311576,1.176958574321723,1.9811999999999999,1,1.9811999999999999,6.0,inf
144,2,0.39893879464574405,-0.5272664458311576,1.176958574321723,1.9811999999999999,1,1.9811999999999999,6.0,inf
144,3,0.39893879464574405,-0.5272664458311576,1.176958574321723,1.9811999999999999,1,1.9811999999999999,6.0,inf
144,4,0.39893879464574405,-0.5272664458311576,1.176958574321723,1.9811999999999999,1,1.9811999999999999,6.0,inf
144,5,0.39893879464574405,-0.5272664458311576,1.176958574321723,1.9811999999999999,1,1.9811999999999999,6.0,inf
145,0,0.7664493529228974,0.31371682867307094,-0.8866183867893751,0.7808999999999999,1,0.7808999999999999,6.0,inf
145,1,0.7664493529228974,0.31371682867307094,-0.8866183867893751,0.7808999999999999,1,0.7808999999999999,6.0,inf
145,2,0.7664493529228974,0.31371682867307094,-0.8866183867893751,0.7808999999999999,1,0.7808999999999999,6.0,inf
145,3,0.7664493529228974,0.31371682867307094,-0.8866183867893751,0.7808999999999999,1,0.7808999999999999,6.0,inf
145,4,0.7664493529228974,0.31371682867307094,-0.8866183867893751,0.7808999999999999,1,0.7808999999999999,6.0,inf
145,5,0.7664493529228974,0.31371682867307094,-0.8866183867893751,0.7808999999999999,1,0.7808999999999999,6.0,inf
146,0,-1.605039454878777,0.08290743773013604,-0.9394705088848775,6.0,0,7.636799999999999,6.0,inf
146,1,-1.605039454878777,0.08290743773013604,-0.9394705088848775,6.0,0,7.636799999999999,6.0,inf
146,2,-1.605039454878777,0.08290743773013604,-0.9394705088848775,6.0,0,7.636799999999999,6.0,inf
146,3,-1.605039454878777,0.08290743773013604,-0.9394705088848775,6.0,0,7.636799999999999,6.0,inf
146,4,-1.605039454878777,0.08290743773013604,-0.9394705088848775,6.0,0,7.636799999999999,6.0,inf
146,5,-1.605039454878777,0.08290743773013604,-0.9394705088848775,6.0,0,7.636799999999999,6.0,inf
147,0,-0.2936788483778186,-1.6697826840500913,-0.869782708929576,6.0,0,6.521699999999999,6.0,inf
147,1,-0.2936788483778186,-1.6697826840500913,-0.869782708929576,6.0,0,6.521699999999999,6.0,inf
147,2,-0.2936788483778186,-1.6697826840500913,-0.869782708929576,6.0,0,6.521699999999999,6.0,inf
147,3,-0.2936788483778186,-1.6697826840500913,-0.869782708929576,6.0,0,6.521699999999999,6.0,inf
147,4,-0.2936788483778186,-1.6697826840500913,-0.869782708929576,6.0,0,6.521699999999999,6.0,inf
147,5,-0.2936788483778186,-1.6697826840500913,-0.869782708929576,6.0,0,6.521699999999999,6.0,inf
148,0,0.04941477873019443,-1.9534756576630932,0.30961379335627603,4.094399999999999,1,4.094399999999999,6.0,inf
148,1,0.04941477873019443,-1.9534756576630932,0.30961379335627603,4.094399999999999,1,4.094399999999999,6.0,inf
148,2,0.04941477873019443,-1.9534756576630932,0.30961379335627603,4.094399999999999,1,4.094399999999999,6.0,inf
148,3,0.04941477873019443,-1.9534756576630932,0.30961379335627603,4.094399999999999,1,4.094399999999999,6.0,inf
148,4,0.04941477873019443,-1.9534756576630932,0.30961379335627603,4.094399999999999,1,4.094399999999999,6.0,inf
148,5,0.04941477873019443,-1.9534756576630932,0.30961379335627603,4.094399999999999,1,4.094399999999999,6.0,inf
149,0,1.2763864579762731,0.6441244123706799,0.6538663718000421,1.0658999999999998,1,1.0658999999999998,6.0,inf
149,1,1.2763864579762731,0.6441244123706799,0.6538663718000421,1.0658999999999998,1,1.0658999999999998,6.0,inf
149,2,1.2763864579762731,0.6441244123706799,0.6538663718000421,1.0658999999999998,1,1.0658999999999998,6.0,inf
149,3,1.2763864579762731,0.6441244123706799,0.6538663718000421,1.0658999999999998,1,1.0658999999999998,6.0,inf
149,4,1.2763864579762731,0.6441244123706799,0.6538663718000421,1.0658999999999998,1,1.0658999999999998,6.0,inf
149,5,1.2763864579762731,0.6441244123706799,0.6538663718000421,1.0658999999999998,1,1.0658999999999998,6.0,inf
150,0,0.03638686662468064,-0.8093067365685531,-0.17496988023302903,3.5528999999999997,1,3.5528999999999997,6.0,inf
150,1,0.03638686662468064,-0.8093067365685531,-0.17496988023302903,3.5528999999999997,1,3.5528999999999997,6.0,inf
150,2,0.03638686662468064,-0.8093067365685531,-0.17496988023302903,3.5528999999999997,1,3.5528999999999997,6.0,inf
150,3,0.03638686662468064,-0.8093067365685531,-0.17496988023302903,3.5528999999999997,1,3.5528999999999997,6.0,inf
150,4,0.03638686662468064,-0.8093067365685531,-0.17496988023302903,3.5528999999999997,1,3.5528999999999997,6.0,inf
150,5,0.03638686662468064,-0.8093067365685531,-0.17496988023302903,3.5528999999999997,1,3.5528999999999997,6.0,inf
151,0,-0.07866664093808697,-1.251515624702101,-0.3458322118698501,5.1152999999999995,1,5.1152999999999995,6.0,inf
151,1,-0.07866664093808697,-1.251515624702101,-0.3458322118698501,5.1152999999999995,1,5.1152999999999995,6.0,inf
151,2,-0.07866664093808697,-1.251515624702101,-0.3458322118698501,5.1152999999999995,1,5.1152999999999995,6.0,inf
151,3,-0.07866664093808697,-1.251515624702101,-0.3458322118698501,5.1152999999999995,1,5.1152999999999995,6.0,inf
151,4,-0.07866664093808697,-1.251515624702101,-0.3458322118698501,5.1152999999999995,1,5.1152999999999995,6.0,inf
151,5,-0.07866664093808697,-1.251515624702101,-0.3458322118698501,5.1152999999999995,1,5.1152999999999995,6.0,inf
152,0,0.6767927315122273,-0.034886228210965785,0.17039453728234913,2.7632999999999996,1,2.7632999999999996,6.0,inf
152,1,0.6767927315122273,-0.034886228210965785,0.17039453728234913,2.7632999999999996,1,2.7632999999999996,6.0,inf
152,2,0.6767927315122273,-0.034886228210965785,0.17039453728234913,2.7632999999999996,1,2.7632999999999996,6.0,inf
152,3,0.6767927315122273,-0.034886228210965785,0.17039453728234913,2.7632999999999996,1,2.7632999999999996,6.0,inf
152,4,0.6767927315122273,-0.034886228210965785,0.17039453728234913,2.7632999999999996,1,2.7632999999999996,6.0,inf
152,5,0.6767927315122273,-0.034886228210965785,0.17039453728234913,2.7632999999999996,1,2.7632999999999996,6.0,inf
153,0,0.7225702959576291,-0.7245832615127887,-1.009120198571519,2.5818,1,2.5818,6.0,inf
153,1,0.7225702959576291,-0.7245832615127887,-1.009120198571519,2.5818,1,2.5818,6.0,inf
153,2,0.7225702959576291,-0.7245832615127887,-1.009120198571519,2.5818,1,2.5818,6.0,inf
153,3,0.7225702959576291,-0.7245832615127887,-1.009120198571519,2.5818,1,2.5818,6.0,inf
153,4,0.7225702959576291,-0.7245832615127887,-1.009120198571519,2.5818,1,2.5818,6.0,inf
153,5,0.7225702959576291,-0.7245832615127887,-1.009120198571519,2.5818,1,2.5818,6.0,inf
154,0,-0.3889700620716052,-0.3084909015031818,-0.8716627243033988,3.0675,1,3.0675,6.0,inf
154,1,-0.3889700620716052,-0.3084909015031818,-0.8716627243033988,3.0675,1,3.0675,6.0,inf
154,2,-0.3889700620716052,-0.3084909015031818,-0.8716627243033988,3.0675,1,3.0675,6.0,inf
154,3,-0.3889700620716052,-0.3084909015031818,-0.8716627243033988,3.0675,1,3.0675,6.0,inf
154,4,-0.3889700620716052,-0.3084909015031818,-0.8716627243033988,3.0675,1,3.0675,6.0,inf
154,5,-0.3889700620716052,-0.3084909015031818,-0.8716627243033988,3.0675,1,3.0675,6.0,inf
155,0,0.5370902096045473,1.253747944108788,2.1978854212636603,1.0671,1,1.0671,6.0,inf
155,1,0.5370902096045473,1.253747944108788,2.1978854212636603,1.0671,1,1.0671,6.0,inf
155,2,0.5370902096045473,1.253747944108788,2.1978854212636603,1.0671,1,1.0671,6.0,inf
155,3,0.5370902096045473,1.253747944108788,2.1978854212636603,1.0671,1,1.0671,6.0,inf
155,4,0.5370902096045473,1.253747944108788,2.1978854212636603,1.0671,1,1.0671,6.0,inf
155,5,0.5370902096045473,1.253747944108788,2.1978854212636603,1.0671,1,1.0671,6.0,inf
156,0,0.9887611287625993,-0.18261905835113781,-0.8608183005345881,3.4107,1,3.4107,6.0,inf
156,1,0.9887611287625993,-0.18261905835113781,-0.8608183005345881,3.4107,1,3.4107,6.0,inf
156,2,0.9887611287625993,-0.18261905835113781,-0.8608183005345881,3.4107,1,3.4107,6.0,inf
156,3,0.9887611287625993,-0.18261905835113781,-0.8608183005345881,3.4107,1,3.4107,6.0,inf
156,4,0.9887611287625993,-0.18261905835113781,-0.8608183005345881,3.4107,1,3.4107,6.0,inf
156,5,0.9887611287625993,-0.18261905835113781,-0.8608183005345881,3.4107,1,3.4107,6.0,inf
157,0,0.8701471186795061,-0.6281078367450366,0.4561486266055799,2.6165999999999996,1,2.6165999999999996,6.0,inf
157,1,0.8701471186795061,-0.6281078367450366,0.4561486266055799,2.6165999999999996,1,2.6165999999999996,6.0,inf
157,2,0.8701471186795061,-0.6281078367450366,0.4561486266055799,2.6165999999999996,1,2.6165999999999996,6.0,inf
157,3,0.8701471186795061,-0.6281078367450366,0.4561486266055799,2.6165999999999996,1,2.6165999999999996,6.0,inf
157,4,0.8701471186795061,-0.6281078367450366,0.4561486266055799,2.6165999999999996,1,2.6165999999999996,6.0,inf
157,5,0.8701471186795061,-0.6281078367450366,0.4561486266055799,2.6165999999999996,1,2.6165999999999996,6.0,inf
158,0,-0.042686521908445796,-0.49616699571829675,-0.4285651977370799,3.6087,1,3.6087,6.0,inf
158,1,-0.042686521908445796,-0.49616699571829675,-0.4285651977370799,3.6087,1,3.6087,6.0,inf
158,2,-0.042686521908445796,-0.49616699571829675,-0.4285651977370799,3.6087,1,3.6087,6.0,inf
158,3,-0.042686521908445796,-0.49616699571829675,-0.4285651977370799,3.6087,1,3.6087,6.0,inf
158,4,-0.042686521908445796,-0.49616699571829675,-0.4285651977370799,3.6087,1,3.6087,6.0,inf
158,5,-0.042686521908445796,-0.49616699571829675,-0.4285651977370799,3.6087,1,3.6087,6.0,inf
159,0,-1.0973252334834445,0.8011635320635362,0.5333487120385378,2.1102,1,2.1102,6.0,inf
159,1,-1.0973252334834445,0.8011635320635362,0.5333487120385378,2.1102,1,2.1102,6.0,inf
159,2,-1.0973252334834445,0.8011635320635362,0.5333487120385378,2.1102,1,2.1102,6.0,inf
159,3,-1.0973252334834445,0.8011635320635362,0.5333487120385378,2.1102,1,2.1102,6.0,inf
159,4,-1.0973252334834445,0.8011635320635362,0.5333487120385378,2.1102,1,2.1102,6.0,inf
159,5,-1.0973252334834445,0.8011635320635362,0.5333487120385378,2.1102,1,2.1102,6.0,inf
160,0,-0.4421684926579595,-0.2614397994955003,1.9676691098146883,1.3233,1,1.3233,6.0,inf
160,1,-0.4421684926579595,-0.2614397994955003,1.9676691098146883,1.3233,1,1.3233,6.0,inf
160,2,-0.4421684926579595,-0.2614397994955003,1.9676691098146883,1.3233,1,1.3233,6.0,inf
160,3,-0.4421684926579595,-0.2614397994955003,1.9676691098146883,1.3233,1,1.3233,6.0,inf
160,4,-0.4421684926579595,-0.2614397994955003,1.9676691098146883,1.3233,1,1.3233,6.0,inf
160,5,-0.4421684926579595,-0.2614397994955003,1.9676691098146883,1.3233,1,1.3233,6.0,inf
161,0,1.0855181478863707,2.44152079971849,1.0039678889538428,0.5274,1,0.5274,6.0,inf
161,1,1.0855181478863707,2.44152079971849,1.0039678889538428,0.5274,1,0.5274,6.0,inf
161,2,1.0855181478863707,2.44152079971849,1.0039678889538428,0.5274,1,0.5274,6.0,inf
161,3,1.0855181478863707,2.44152079971849,1.0039678889538428,0.5274,1,0.5274,6.0,inf
161,4,1.0855181478863707,2.44152079971849,1.0039678889538428,0.5274,1,0.5274,6.0,inf
161,5,1.0855181478863707,2.44152079971849,1.0039678889538428,0.5274,1,0.5274,6.0,inf
162,0,0.021587130418399623,-0.9452873288163066,0.45909039197297846,4.066199999999999,1,4.066199999999999,6.0,inf
162,1,0.021587130418399623,-0.9452873288163066,0.45909039197297846,4.066199999999999,1,4.066199999999999,6.0,inf
162,2,0.021587130418399623,-0.9452873288163066,0.45909039197297846,4.066199999999999,1,4.066199999999999,6.0,inf
162,3,0.021587130418399623,-0.9452873288163066,0.45909039197297846,4.066199999999999,1,4.066199999999999,6.0,inf
162,4,0.021587130418399623,-0.9452873288163066,0.45909039197297846,4.066199999999999,1,4.066199999999999,6.0,inf
162,5,0.021587130418399623,-0.9452873288163066,0.45909039197297846,4.066199999999999,1,4.066199999999999,6.0,inf
163,0,1.0840969535426954,0.11106739832992711,0.22710411909144773,0.1089,1,0.1089,6.0,inf
163,1,1.0840969535426954,0.11106739832992711,0.22710411909144773,0.1089,1,0.1089,6.0,inf
163,2,1.0840969535426954,0.11106739832992711,0.22710411909144773,0.1089,1,0.1089,6.0,inf
163,3,1.0840969535426954,0.11106739832992711,0.22710411909144773,0.1089,1,0.1089,6.0,inf
163,4,1.0840969535426954,0.11106739832992711,0.22710411909144773,0.1089,1,0.1089,6.0,inf
163,5,1.0840969535426954,0.11106739832992711,0.22710411909144773,0.1089,1,0.1089,6.0,inf
164,0,0.3347057815676531,1.4037879365714119,1.358457982455272,1.2248999999999999,1,1.2248999999999999,6.0,inf
164,1,0.3347057815676531,1.4037879365714119,1.358457982455272,1.2248999999999999,1,1.2248999999999999,6.0,inf
164,2,0.3347057815676531,1.4037879365714119,1.358457982455272,1.2248999999999999,1,1.2248999999999999,6.0,inf
164,3,0.3347057815676531,1.4037879365714119,1.358457982455272,1.2248999999999999,1,1.2248999999999999,6.0,inf
164,4,0.3347057815676531,1.4037879365714119,1.358457982455272,1.2248999999999999,1,1.2248999999999999,6.0,inf
164,5,0.3347057815676531,1.4037879365714119,1.358457982455272,1.2248999999999999,1,1.2248999999999999,6.0,inf
165,0,0.7641787683208503,-0.37118106301166454,0.08507714251452024,1.7516999999999998,1,1.7516999999999998,6.0,inf
165,1,0.7641787683208503,-0.37118106301166454,0.08507714251452024,1.7516999999999998,1,1.7516999999999998,6.0,inf
165,2,0.7641787683208503,-0.37118106301166454,0.08507714251452024,1.7516999999999998,1,1.7516999999999998,6.0,inf
165,3,0.7641787683208503,-0.37118106301166454,0.08507714251452024,1.7516999999999998,1,1.7516999999999998,6.0,inf
165,4,0.7641787683208503,-0.37118106301166454,0.08507714251452024,1.7516999999999998,1,1.7516999999999998,6.0,inf
165,5,0.7641787683208503,-0.37118106301166454,0.08507714251452024,1.7516999999999998,1,1.7516999999999998,6.0,inf
166,0,-1.4537564031205796,-0.36930030872633585,-0.0031414579811469127,4.0565999999999995,1,4.0565999999999995,6.0,inf
166,1,-1.4537564031205796,-0.36930030872633585,-0.0031414579811469127,4.0565999999999995,1,4.0565999999999995,6.0,inf
166,2,-1.4537564031205796,-0.36930030872633585,-0.0031414579811469127,4.0565999999999995,1,4.0565999999999995,6.0,inf
166,3,-1.4537564031205796,-0.36930030872633585,-0.0031414579811469127,4.0565999999999995,1,4.0565999999999995,6.0,inf
166,4,-1.4537564031205796,-0.36930030872633585,-0.0031414579811469127,4.0565999999999995,1,4.0565999999999995,6.0,inf
166,5,-1.4537564031205796,-0.36930030872633585,-0.0031414579811469127,4.0565999999999995,1,4.0565999999999995,6.0,inf
167,0,-0.9317702481805751,0.41653040605315167,-0.8280796708789624,2.1542999999999997,1,2.1542999999999997,6.0,inf
167,1,-0.9317702481805751,0.41653040605315167,-0.8280796708789624,2.1542999999999997,1,2.1542999999999997,6.0,inf
167,2,-0.9317702481805751,0.41653040605315167,-0.8280796708789624,2.1542999999999997,1,2.1542999999999997,6.0,inf
167,3,-0.9317702481805751,0.41653040605315167,-0.8280796708789624,2.1542999999999997,1,2.1542999999999997,6.0,inf
167,4,-0.9317702481805751,0.41653040605315167,-0.8280796708789624,2.1542999999999997,1,2.1542999999999997,6.0,inf
167,5,-0.9317702481805751,0.41653040605315167,-0.8280796708789624,2.1542999999999997,1,2.1542999999999997,6.0,inf
168,0,-1.7764973024562731,-0.6659032853488799,2.325017986759806,1.3445999999999998,1,1.3445999999999998,6.0,inf
168,1,-1.7764973024562731,-0.6659032853488799,2.325017986759806,1.3445999999999998,1,1.3445999999999998,6.0,inf
168,2,-1.7764973024562731,-0.6659032853488799,2.325017986759806,1.3445999999999998,1,1.3445999999999998,6.0,inf
168,3,-1.7764973024562731,-0.6659032853488799,2.325017986759806,1.3445999999999998,1,1.3445999999999998,6.0,inf
168,4,-1.7764973024562731,-0.6659032853488799,2.325017986759806,1.3445999999999998,1,1.3445999999999998,6.0,inf
168,5,-1.7764973024562731,-0.6659032853488799,2.325017986759806,1.3445999999999998,1,1.3445999999999998,6.0,inf
169,0,-0.4392086654067459,2.3074552270302573,0.05667331556611414,2.1113999999999997,1,2.1113999999999997,6.0,inf
169,1,-0.4392086654067459,2.3074552270302573,0.05667331556611414,2.1113999999999997,1,2.1113999999999997,6.0,inf
169,2,-0.4392086654067459,2.3074552270302573,0.05667331556611414,2.1113999999999997,1,2.1113999999999997,6.0,inf
169,3,-0.4392086654067459,2.3074552270302573,0.05667331556611414,2.1113999999999997,1,2.1113999999999997,6.0,inf
169,4,-0.4392086654067459,2.3074552270302573,0.05667331556611414,2.1113999999999997,1,2.1113999999999997,6.0,inf
169,5,-0.4392086654067459,2.3074552270302573,0.05667331556611414,2.1113999999999997,1,2.1113999999999997,6.0,inf
170,0,0.8213518145971759,-0.00201086902029375,1.8162431457100843,1.287,1,1.287,6.0,inf
170,1,0.8213518145971759,-0.00201086902029375,1.8162431457100843,1.287,1,1.287,6.0,inf
170,2,0.8213518145971759,-0.00201086902029375,1.8162431457100843,1.287,1,1.287,6.0,inf
170,3,0.8213518145971759,-0.00201086902029375,1.8162431457100843,1.287,1,1.287,6.0,inf
170,4,0.8213518145971759,-0.00201086902029375,1.8162431457100843,1.287,1,1.287,6.0,inf
170,5,0.8213518145971759,-0.00201086902029375,1.8162431457100843,1.287,1,1.287,6.0,inf
171,0,-1.109478390484262,0.25846034856180405,-0.510750153378989,6.0,0,8.0001,6.0,inf
171,1,-1.109478390484262,0.25846034856180405,-0.510750153378989,6.0,0,8.0001,6.0,inf
171,2,-1.109478390484262,0.25846034856180405,-0.510750153378989,6.0,0,8.0001,6.0,inf
171,3,-1.109478390484262,0.25846034856180405,-0.510750153378989,6.0,0,8.0001,6.0,inf
171,4,-1.109478390484262,0.25846034856180405,-0.510750153378989,6.0,0,8.0001,6.0,inf
171,5,-1.109478390484262,0.25846034856180405,-0.510750153378989,6.0,0,8.0001,6.0,inf
172,0,-0.16461171891319515,1.095945341321501,0.2373412443754357,2.3421,1,2.3421,6.0,inf
172,1,-0.16461171891319515,1.095945341321501,0.2373412443754357,2.3421,1,2.3421,6.0,inf
172,2,-0.16461171891319515,1.095945341321501,0.2373412443754357,2.3421,1,2.3421,6.0,inf
172,3,-0.16461171891319515,1.095945341321501,0.2373412443754357,2.3421,1,2.3421,6.0,inf
172,4,-0.16461171891319515,1.095945341321501,0.2373412443754357,2.3421,1,2.3421,6.0,inf
172,5,-0.16461171891319515,1.095945341321501,0.2373412443754357,2.3421,1,2.3421,6.0,inf
173,0,-0.47841358862939165,0.24003181428090264,1.6432016506642066,1.2804,1,1.2804,6.0,inf
173,1,-0.47841358862939165,0.24003181428090264,1.6432016506642066,1.2804,1,1.2804,6.0,inf
173,2,-0.47841358862939165,0.24003181428090264,1.6432016506642066,1.2804,1,1.2804,6.0,inf
173,3,-0.47841358862939165,0.24003181428090264,1.6432016506642066,1.2804,1,1.2804,6.0,inf
173,4,-0.47841358862939165,0.24003181428090264,1.6432016506642066,1.2804,1,1.2804,6.0,inf
173,5,-0.47841358862939165,0.24003181428090264,1.6432016506642066,1.2804,1,1.2804,6.0,inf
174,0,1.0784896448409291,1.856039651655008,-0.8077837495648615,1.5416999999999998,1,1.5416999999999998,6.0,inf
174,1,1.0784896448409291,1.856039651655008,-0.8077837495648615,1.5416999999999998,1,1.5416999999999998,6.0,inf
174,2,1.0784896448409291,1.856039651655008,-0.8077837495648615,1.5416999999999998,1,1.5416999999999998,6.0,inf
174,3,1.0784896448409291,1.856039651655008,-0.8077837495648615,1.5416999999999998,1,1.5416999999999998,6.0,inf
174,4,1.0784896448409291,1.856039651655008,-0.8077837495648615,1.5416999999999998,1,1.5416999999999998,6.0,inf
174,5,1.0784896448409291,1.856039651655008,-0.8077837495648615,1.5416999999999998,1,1.5416999999999998,6.0,inf
175,0,-0.027248388265380463,-1.5785722885698819,-1.34559788203824,4.4037,1,4.4037,6.0,inf
175,1,-0.027248388265380463,-1.5785722885698819,-1.34559788203824,4.4037,1,4.4037,6.0,inf
175,2,-0.027248388265380463,-1.5785722885698819,-1.34559788203824,4.4037,1,4.4037,6.0,inf
175,3,-0.027248388265380463,-1.5785722885698819,-1.34559788203824,4.4037,1,4.4037,6.0,inf
175,4,-0.027248388265380463,-1.5785722885698819,-1.34559788203824,4.4037,1,4.4037,6.0,inf
175,5,-0.027248388265380463,-1.5785722885698819,-1.34559788203824,4.4037,1,4.4037,6.0,inf
176,0,2.0800559101879172,1.593978088059257,0.2585755362668126,1.1439,1,1.1439,6.0,inf
176,1,2.0800559101879172,1.593978088059257,0.2585755362668126,1.1439,1,1.1439,6.0,inf
176,2,2.0800559101879172,1.593978088059257,0.2585755362668126,1.1439,1,1.1439,6.0,inf
176,3,2.0800559101879172,1.593978088059257,0.2585755362668126,1.1439,1,1.1439,6.0,inf
176,4,2.0800559101879172,1.593978088059257,0.2585755362668126,1.1439,1,1.1439,6.0,inf
176,5,2.0800559101879172,1.593978088059257,0.2585755362668126,1.1439,1,1.1439,6.0,inf
177,0,0.8593814081390952,-1.6147973625475498,2.3021222410413578,2.1839999999999997,1,2.1839999999999997,6.0,inf
177,1,0.8593814081390952,-1.6147973625475498,2.3021222410413578,2.1839999999999997,1,2.1839999999999997,6.0,inf
177,2,0.8593814081390952,-1.6147973625475498,2.3021222410413578,2.1839999999999997,1,2.1839999999999997,6.0,inf
177,3,0.8593814081390952,-1.6147973625475498,2.3021222410413578,2.1839999999999997,1,2.1839999999999997,6.0,inf
177,4,0.8593814081390952,-1.6147973625475498,2.3021222410413578,2.1839999999999997,1,2.1839999999999997,6.0,inf
177,5,0.8593814081390952,-1.6147973625475498,2.3021222410413578,2.1839999999999997,1,2.1839999999999997,6.0,inf
178,0,1.5089115688803074,0.536939296924177,-0.5172828594359219,2.0187,1,2.0187,6.0,inf
178,1,1.5089115688803074,0.536939296924177,-0.5172828594359219,2.0187,1,2.0187,6.0,inf
178,2,1.5089115688803074,0.536939296924177,-0.5172828594359219,2.0187,1,2.0187,6.0,inf
178,3,1.5089115688803074,0.536939296924177,-0.5172828594359219,2.0187,1,2.0187,6.0,inf
178,4,1.5089115688803074,0.536939296924177,-0.5172828594359219,2.0187,1,2.0187,6.0,inf
178,5,1.5089115688803074,0.536939296924177,-0.5172828594359219,2.0187,1,2.0187,6.0,inf
179,0,-0.004015301222600854,0.5025886624596438,0.5264952866331309,2.4869999999999997,1,2.4869999999999997,6.0,inf
179,1,-0.004015301222600854,0.5025886624596438,0.5264952866331309,2.4869999999999997,1,2.4869999999999997,6.0,inf
179,2,-0.004015301222600854,0.5025886624596438,0.5264952866331309,2.4869999999999997,1,2.4869999999999997,6.0,inf
179,3,-0.004015301222600854,0.5025886624596438,0.5264952866331309,2.4869999999999997,1,2.4869999999999997,6.0,inf
179,4,-0.004015301222600854,0.5025886624596438,0.5264952866331309,2.4869999999999997,1,2.4869999999999997,6.0,inf
179,5,-0.004015301222600854,0.5025886624596438,0.5264952866331309,2.4869999999999997,1,2.4869999999999997,6.0,inf
180,0,1.786547404983436,1.6294837449725372,-1.3187682067912836,1.3076999999999999,1,1.3076999999999999,6.0,inf
180,1,1.786547404983436,1.6294837449725372,-1.3187682067912836,1.3076999999999999,1,1.3076999999999999,6.0,inf
180,2,1.786547404983436,1.6294837449725372,-1.3187682067912836,1.3076999999999999,1,1.3076999999999999,6.0,inf
180,3,1.786547404983436,1.6294837449725372,-1.3187682067912836,1.3076999999999999,1,1.3076999999999999,6.0,inf
180,4,1.786547404983436,1.6294837449725372,-1.3187682067912836,1.3076999999999999,1,1.3076999999999999,6.0,inf
180,5,1.786547404983436,1.6294837449725372,-1.3187682067912836,1.3076999999999999,1,1.3076999999999999,6.0,inf
181,0,-1.4198480262525397,0.800400614877507,0.9022927669230085,1.8354,1,1.8354,6.0,inf
181,1,-1.4198480262525397,0.800400614877507,0.9022927669230085,1.8354,1,1.8354,6.0,inf
181,2,-1.4198480262525397,0.800400614877507,0.9022927669230085,1.8354,1,1.8354,6.0,inf
181,3,-1.4198480262525397,0.800400614877507,0.9022927669230085,1.8354,1,1.8354,6.0,inf
181,4,-1.4198480262525397,0.800400614877507,0.9022927669230085,1.8354,1,1.8354,6.0,inf
181,5,-1.4198480262525397,0.800400614877507,0.9022927669230085,1.8354,1,1.8354,6.0,inf
182,0,-1.11879073398975,0.8193715769062381,-0.02350099280052788,0.7175999999999999,1,0.7175999999999999,6.0,inf
182,1,-1.11879073398975,0.8193715769062381,-0.02350099280052788,0.7175999999999999,1,0.7175999999999999,6.0,inf
182,2,-1.11879073398975,0.8193715769062381,-0.02350099280052788,0.7175999999999999,1,0.7175999999999999,6.0,inf
182,3,-1.11879073398975,0.8193715769062381,-0.02350099280052788,0.7175999999999999,1,0.7175999999999999,6.0,inf
182,4,-1.11879073398975,0.8193715769062381,-0.02350099280052788,0.7175999999999999,1,0.7175999999999999,6.0,inf
182,5,-1.11879073398975,0.8193715769062381,-0.02350099280052788,0.7175999999999999,1,0.7175999999999999,6.0,inf
183,0,0.5659612112073394,-0.426440676834012,0.53959625610795,0.5565,1,0.5565,6.0,inf
183,1,0.5659612112073394,-0.426440676834012,0.53959625610795,0.5565,1,0.5565,6.0,inf
183,2,0.5659612112073394,-0.426440676834012,0.53959625610795,0.5565,1,0.5565,6.0,inf
183,3,0.5659612112073394,-0.426440676834012,0.53959625610795,0.5565,1,0.5565,6.0,inf
183,4,0.5659612112073394,-0.426440676834012,0.53959625610795,0.5565,1,0.5565,6.0,inf
183,5,0.5659612112073394,-0.426440676834012,0.53959625610795,0.5565,1,0.5565,6.0,inf
184,0,0.07257344518000555,0.4673692446676651,-0.8642455432209304,1.3065,1,1.3065,6.0,inf
184,1,0.07257344518000555,0.4673692446676651,-0.8642455432209304,1.3065,1,1.3065,6.0,inf
184,2,0.07257344518000555,0.4673692446676651,-0.8642455432209304,1.3065,1,1.3065,6.0,inf
184,3,0.07257344518000555,0.4673692446676651,-0.8642455432209304,1.3065,1,1.3065,6.0,inf
184,4,0.07257344518000555,0.4673692446676651,-0.8642455432209304,1.3065,1,1.3065,6.0,inf
184,5,0.07257344518000555,0.4673692446676651,-0.8642455432209304,1.3065,1,1.3065,6.0,inf
185,0,1.1530856860040208,-0.7420318815554059,-0.4040286331607161,3.0321,1,3.0321,6.0,inf
185,1,1.1530856860040208,-0.7420318815554059,-0.4040286331607161,3.0321,1,3.0321,6.0,inf
185,2,1.1530856860040208,-0.7420318815554059,-0.4040286331607161,3.0321,1,3.0321,6.0,inf
185,3,1.1530856860040208,-0.7420318815554059,-0.4040286331607161,3.0321,1,3.0321,6.0,inf
185,4,1.1530856860040208,-0.7420318815554059,-0.4040286331607161,3.0321,1,3.0321,6.0,inf
185,5,1.1530856860040208,-0.7420318815554059,-0.4040286331607161,3.0321,1,3.0321,6.0,inf
186,0,0.1796489467812366,-0.5282980857905191,1.004550611905952,1.755,1,1.755,6.0,inf
186,1,0.1796489467812366,-0.5282980857905191,1.004550611905952,1.755,1,1.755,6.0,inf
186,2,0.1796489467812366,-0.5282980857905191,1.004550611905952,1.755,1,1.755,6.0,inf
186,3,0.1796489467812366,-0.5282980857905191,1.004550611905952,1.755,1,1.755,6.0,inf
186,4,0.1796489467812366,-0.5282980857905191,1.004550611905952,1.755,1,1.755,6.0,inf
186,5,0.1796489467812366,-0.5282980857905191,1.004550611905952,1.755,1,1.755,6.0,inf
187,0,0.7054154751262292,-0.2558665019758251,0.24645505531458686,2.0763,1,2.0763,6.0,inf
187,1,0.7054154751262292,-0.2558665019758251,0.24645505531458686,2.0763,1,2.0763,6.0,inf
187,2,0.7054154751262292,-0.2558665019758251,0.24645505531458686,2.0763,1,2.0763,6.0,inf
187,3,0.7054154751262292,-0.2558665019758251,0.24645505531458686,2.0763,1,2.0763,6.0,inf
187,4,0.7054154751262292,-0.2558665019758251,0.24645505531458686,2.0763,1,2.0763,6.0,inf
187,5,0.7054154751262292,-0.2558665019758251,0.24645505531458686,2.0763,1,2.0763,6.0,inf
188,0,-1.2774977457642123,-1.6097039269101254,0.6106411708582686,5.150099999999999,1,5.150099999999999,6.0,inf
188,1,-1.2774977457642123,-1.6097039269101254,0.6106411708582686,5.150099999999999,1,5.150099999999999,6.0,inf
188,2,-1.2774977457642123,-1.6097039269101254,0.6106411708582686,5.150099999999999,1,5.150099999999999,6.0,inf
188,3,-1.2774977457642123,-1.6097039269101254,0.6106411708582686,5.150099999999999,1,5.150099999999999,6.0,inf
188,4,-1.2774977457642123,-1.6097039269101254,0.6106411708582686,5.150099999999999,1,5.150099999999999,6.0,inf
188,5,-1.2774977457642123,-1.6097039269101254,0.6106411708582686,5.150099999999999,1,5.150099999999999,6.0,inf
189,0,0.9480406720509077,0.11658681795606166,2.8027674019415922,1.1556,1,1.1556,6.0,inf
189,1,0.9480406720509077,0.11658681795606166,2.8027674019415922,1.1556,1,1.1556,6.0,inf
189,2,0.9480406720509077,0.11658681795606166,2.8027674019415922,1.1556,1,1.1556,6.0,inf
189,3,0.9480406720509077,0.11658681795606166,2.8027674019415922,1.1556,1,1.1556,6.0,inf
189,4,0.9480406720509077,0.11658681795606166,2.8027674019415922,1.1556,1,1.1556,6.0,inf
189,5,0.9480406720509077,0.11658681795606166,2.8027674019415922,1.1556,1,1.1556,6.0,inf
190,0,0.7439490516380374,-0.8400465432628487,-0.7392526470254904,3.5582999999999996,1,3.5582999999999996,6.0,inf
190,1,0.7439490516380374,-0.8400465432628487,-0.7392526470254904,3.5582999999999996,1,3.5582999999999996,6.0,inf
190,2,0.7439490516380374,-0.8400465432628487,-0.7392526470254904,3.5582999999999996,1,3.5582999999999996,6.0,inf
190,3,0.7439490516380374,-0.8400465432628487,-0.7392526470254904,3.5582999999999996,1,3.5582999999999996,6.0,inf
190,4,0.7439490516380374,-0.8400465432628487,-0.7392526470254904,3.5582999999999996,1,3.5582999999999996,6.0,inf
190,5,0.7439490516380374,-0.8400465432628487,-0.7392526470254904,3.5582999999999996,1,3.5582999999999996,6.0,inf
191,0,1.0073678446001175,-0.9390098430422196,0.2272084826405579,2.1267,1,2.1267,6.0,inf
191,1,1.0073678446001175,-0.9390098430422196,0.2272084826405579,2.1267,1,2.1267,6.0,inf
191,2,1.0073678446001175,-0.9390098430422196,0.2272084826405579,2.1267,1,2.1267,6.0,inf
191,3,1.0073678446001175,-0.9390098430422196,0.2272084826405579,2.1267,1,2.1267,6.0,inf
191,4,1.0073678446001175,-0.9390098430422196,0.2272084826405579,2.1267,1,2.1267,6.0,inf
191,5,1.0073678446001175,-0.9390098430422196,0.2272084826405579,2.1267,1,2.1267,6.0,inf
192,0,0.05749079746034021,1.0980131077804411,0.07082096988125854,1.4142,1,1.4142,6.0,inf
192,1,0.05749079746034021,1.0980131077804411,0.07082096988125854,1.4142,1,1.4142,6.0,inf
192,2,0.05749079746034021,1.0980131077804411,0.07082096988125854,1.4142,1,1.4142,6.0,inf
192,3,0.05749079746034021,1.0980131077804411,0.07082096988125854,1.4142,1,1.4142,6.0,inf
192,4,0.05749079746034021,1.0980131077804411,0.07082096988125854,1.4142,1,1.4142,6.0,inf
192,5,0.05749079746034021,1.0980131077804411,0.07082096988125854,1.4142,1,1.4142,6.0,inf
193,0,0.30207279813821086,1.0445166971191986,-0.7653481210083374,2.7512999999999996,1,2.7512999999999996,6.0,inf
193,1,0.30207279813821086,1.0445166971191986,-0.7653481210083374,2.7512999999999996,1,2.7512999999999996,6.0,inf
193,2,0.30207279813821086,1.0445166971191986,-0.7653481210083374,2.7512999999999996,1,2.7512999999999996,6.0,inf
193,3,0.30207279813821086,1.0445166971191986,-0.7653481210083374,2.7512999999999996,1,2.7512999999999996,6.0,inf
193,4,0.30207279813821086,1.0445166971191986,-0.7653481210083374,2.7512999999999996,1,2.7512999999999996,6.0,inf
193,5,0.30207279813821086,1.0445166971191986,-0.7653481210083374,2.7512999999999996,1,2.7512999999999996,6.0,inf
194,0,-0.35164560604000555,-0.4937698523958558,0.38331767347121315,4.847099999999999,1,4.847099999999999,6.0,inf
194,1,-0.35164560604000555,-0.4937698523958558,0.38331767347121315,4.847099999999999,1,4.847099999999999,6.0,inf
194,2,-0.35164560604000555,-0.4937698523958558,0.38331767347121315,4.847099999999999,1,4.847099999999999,6.0,inf
194,3,-0.35164560604000555,-0.4937698523958558,0.38331767347121315,4.847099999999999,1,4.847099999999999,6.0,inf
194,4,-0.35164560604000555,-0.4937698523958558,0.38331767347121315,4.847099999999999,1,4.847099999999999,6.0,inf
194,5,-0.35164560604000555,-0.4937698523958558,0.38331767347121315,4.847099999999999,1,4.847099999999999,6.0,inf
195,0,-0.7393623212029917,0.7595812236143654,-0.7138239564929711,5.6415,1,5.6415,6.0,inf
195,1,-0.7393623212029917,0.7595812236143654,-0.7138239564929711,5.6415,1,5.6415,6.0,inf
195,2,-0.7393623212029917,0.7595812236143654,-0.7138239564929711,5.6415,1,5.6415,6.0,inf
195,3,-0.7393623212029917,0.7595812236143654,-0.7138239564929711,5.6415,1,5.6415,6.0,inf
195,4,-0.7393623212029917,0.7595812236143654,-0.7138239564929711,5.6415,1,5.6415,6.0,inf
195,5,-0.7393623212029917,0.7595812236143654,-0.7138239564929711,5.6415,1,5.6415,6.0,inf
196,0,0.5762165256612474,1.3958388661237273,-1.0059906746759397,1.6056,1,1.6056,6.0,inf
196,1,0.5762165256612474,1.3958388661237273,-1.0059906746759397,1.6056,1,1.6056,6.0,inf
196,2,0.5762165256612474,1.3958388661237273,-1.0059906746759397,1.6056,1,1.6056,6.0,inf
196,3,0.5762165256612474,1.3958388661237273,-1.0059906746759397,1.6056,1,1.6056,6.0,inf
196,4,0.5762165256612474,1.3958388661237273,-1.0059906746759397,1.6056,1,1.6056,6.0,inf
196,5,0.5762165256612474,1.3958388661237273,-1.0059906746759397,1.6056,1,1.6056,6.0,inf
197,0,1.4528653607142032,-0.07732381491415168,3.1042503338837433,1.0760999999999998,1,1.0760999999999998,6.0,inf
197,1,1.4528653607142032,-0.07732381491415168,3.1042503338837433,1.0760999999999998,1,1.0760999999999998,6.0,inf
197,2,1.4528653607142032,-0.07732381491415168,3.1042503338837433,1.0760999999999998,1,1.0760999999999998,6.0,inf
197,3,1.4528653607142032,-0.07732381491415168,3.1042503338837433,1.0760999999999998,1,1.0760999999999998,6.0,inf
197,4,1.4528653607142032,-0.07732381491415168,3.1042503338837433,1.0760999999999998,1,1.0760999999999998,6.0,inf
197,5,1.4528653607142032,-0.07732381491415168,3.1042503338837433,1.0760999999999998,1,1.0760999999999998,6.0,inf
198,0,-0.1640442765297048,-0.9907958780268247,0.31940266500323833,3.6062999999999996,1,3.6062999999999996,6.0,inf
198,1,-0.1640442765297048,-0.9907958780268247,0.31940266500323833,3.6062999999999996,1,3.6062999999999996,6.0,inf
198,2,-0.1640442765297048,-0.9907958780268247,0.31940266500323833,3.6062999999999996,1,3.6062999999999996,6.0,inf
198,3,-0.1640442765297048,-0.9907958780268247,0.31940266500323833,3.6062999999999996,1,3.6062999999999996,6.0,inf
198,4,-0.1640442765297048,-0.9907958780268247,0.31940266500323833,3.6062999999999996,1,3.6062999999999996,6.0,inf
198,5,-0.1640442765297048,-0.9907958780268247,0.31940266500323833,3.6062999999999996,1,3.6062999999999996,6.0,inf
199,0,-1.0271550562517482,0.33711786147189815,0.3045321352515625,6.0,0,6.0828,6.0,inf
199,1,-1.0271550562517482,0.33711786147189815,0.3045321352515625,6.0,0,6.0828,6.0,inf
199,2,-1.0271550562517482,0.33711786147189815,0.3045321352515625,6.0,0,6.0828,6.0,inf
199,3,-1.0271550562517482,0.33711786147189815,0.3045321352515625,6.0,0,6.0828,6.0,inf
199,4,-1.0271550562517482,0.33711786147189815,0.3045321352515625,6.0,0,6.0828,6.0,inf
199,5,-1.0271550562517482,0.33711786147189815,0.3045321352515625,6.0,0,6.0828,6.0,inf
200,0,-2.3200009940979194,-0.22998519647042748,0.2135982062902929,6.0,0,8.0001,6.0,inf
200,1,-2.3200009940979194,-0.22998519647042748,0.2135982062902929,6.0,0,8.0001,6.0,inf
200,2,-2.3200009940979194,-0.22998519647042748,0.2135982062902929,6.0,0,8.0001,6.0,inf
200,3,-2.3200009940979194,-0.22998519647042748,0.2135982062902929,6.0,0,8.0001,6.0,inf
200,4,-2.3200009940979194,-0.22998519647042748,0.2135982062902929,6.0,0,8.0001,6.0,inf
200,5,-2.3200009940979194,-0.22998519647042748,0.2135982062902929,6.0,0,8.0001,6.0,inf
201,0,-1.3525692594724792,-1.0677233390182197,-0.34921172624838537,6.0,0,6.691199999999999,6.0,inf
201,1,-1.3525692594724792,-1.0677233390182197,-0.34921172624838537,6.0,0,6.691199999999999,6.0,inf
201,2,-1.3525692594724792,-1.0677233390182197,-0.34921172624838537,6.0,0,6.691199999999999,6.0,inf
201,3,-1.3525692594724792,-1.0677233390182197,-0.34921172624838537,6.0,0,6.691199999999999,6.0,inf
201,4,-1.3525692594724792,-1.0677233390182197,-0.34921172624838537,6.0,0,6.691199999999999,6.0,inf
201,5,-1.3525692594724792,-1.0677233390182197,-0.34921172624838537,6.0,0,6.691199999999999,6.0,inf
202,0,0.16338299409811688,-0.06065755579700263,1.2620751930723393,1.8344999999999998,1,1.8344999999999998,6.0,inf
202,1,0.16338299409811688,-0.06065755579700263,1.2620751930723393,1.8344999999999998,1,1.8344999999999998,6.0,inf
202,2,0.16338299409811688,-0.06065755579700263,1.2620751930723393,1.8344999999999998,1,1.8344999999999998,6.0,inf
202,3,0.16338299409811688,-0.06065755579700263,1.2620751930723393,1.8344999999999998,1,1.8344999999999998,6.0,inf
202,4,0.16338299409811688,-0.06065755579700263,1.2620751930723393,1.8344999999999998,1,1.8344999999999998,6.0,inf
202,5,0.16338299409811688,-0.06065755579700263,1.2620751930723393,1.8344999999999998,1,1.8344999999999998,6.0,inf
203,0,0.7821649890183653,-0.7955171126291701,-0.9526970050460443,4.0092,1,4.0092,6.0,inf
203,1,0.7821649890183653,-0.7955171126291701,-0.9526970050460443,4.0092,1,4.0092,6.0,inf
203,2,0.7821649890183653,-0.7955171126291701,-0.9526970050460443,4.0092,1,4.0092,6.0,inf
203,3,0.7821649890183653,-0.7955171126291701,-0.9526970050460443,4.0092,1,4.0092,6.0,inf
203,4,0.7821649890183653,-0.7955171126291701,-0.9526970050460443,4.0092,1,4.0092,6.0,inf
203,5,0.7821649890183653,-0.7955171126291701,-0.9526970050460443,4.0092,1,4.0092,6.0,inf
204,0,0.9704970657639949,1.1721263191752527,0.9575141708060809,1.4439,1,1.4439,6.0,inf
204,1,0.9704970657639949,1.1721263191752527,0.9575141708060809,1.4439,1,1.4439,6.0,inf
204,2,0.9704970657639949,1.1721263191752527,0.9575141708060809,1.4439,1,1.4439,6.0,inf
204,3,0.9704970657639949,1.1721263191752527,0.9575141708060809,1.4439,1,1.4439,6.0,inf
204,4,0.9704970657639949,1.1721263191752527,0.9575141708060809,1.4439,1,1.4439,6.0,inf
204,5,0.9704970657639949,1.1721263191752527,0.9575141708060809,1.4439,1,1.4439,6.0,inf
205,0,-0.47181054283998886,0.15332428899773556,-2.0518285166048034,6.0,0,6.478199999999999,6.0,inf
205,1,-0.47181054283998886,0.15332428899773556,-2.0518285166048034,6.0,0,6.478199999999999,6.0,inf
205,2,-0.47181054283998886,0.15332428899773556,-2.0518285166048034,6.0,0,6.478199999999999,6.0,inf
205,3,-0.47181054283998886,0.15332428899773556,-2.0518285166048034,6.0,0,6.478199999999999,6.0,inf
205,4,-0.47181054283998886,0.15332428899773556,-2.0518285166048034,6.0,0,6.478199999999999,6.0,inf
205,5,-0.47181054283998886,0.15332428899773556,-2.0518285166048034,6.0,0,6.478199999999999,6.0,inf
206,0,0.45680828086878733,-1.076126060280473,-0.7664583647151163,4.3344,1,4.3344,6.0,inf
206,1,0.45680828086878733,-1.076126060280473,-0.7664583647151163,4.3344,1,4.3344,6.0,inf
206,2,0.45680828086878733,-1.076126060280473,-0.7664583647151163,4.3344,1,4.3344,6.0,inf
206,3,0.45680828086878733,-1.076126060280473,-0.7664583647151163,4.3344,1,4.3344,6.0,inf
206,4,0.45680828086878733,-1.076126060280473,-0.7664583647151163,4.3344,1,4.3344,6.0,inf
206,5,0.45680828086878733,-1.076126060280473,-0.7664583647151163,4.3344,1,4.3344,6.0,inf
207,0,1.6345023871850008,-1.8194091665927032,0.11569033175498099,1.1796,1,1.1796,6.0,inf
207,1,1.6345023871850008,-1.8194091665927032,0.11569033175498099,1.1796,1,1.1796,6.0,inf
207,2,1.6345023871850008,-1.8194091665927032,0.11569033175498099,1.1796,1,1.1796,6.0,inf
207,3,1.6345023871850008,-1.8194091665927032,0.11569033175498099,1.1796,1,1.1796,6.0,inf
207,4,1.6345023871850008,-1.8194091665927032,0.11569033175498099,1.1796,1,1.1796,6.0,inf
207,5,1.6345023871850008,-1.8194091665927032,0.11569033175498099,1.1796,1,1.1796,6.0,inf
208,0,0.913751477411507,-1.00860677502975,-0.0324579365852719,2.5361999999999996,1,2.5361999999999996,6.0,inf
208,1,0.913751477411507,-1.00860677502975,-0.0324579365852719,2.5361999999999996,1,2.5361999999999996,6.0,inf
208,2,0.913751477411507,-1.00860677502975,-0.0324579365852719,2.5361999999999996,1,2.5361999999999996,6.0,inf
208,3,0.913751477411507,-1.00860677502975,-0.0324579365852719,2.5361999999999996,1,2.5361999999999996,6.0,inf
208,4,0.913751477411507,-1.00860677502975,-0.0324579365852719,2.5361999999999996,1,2.5361999999999996,6.0,inf
208,5,0.913751477411507,-1.00860677502975,-0.0324579365852719,2.5361999999999996,1,2.5361999999999996,6.0,inf
209,0,1.221513342307818,-0.5865034421200425,-0.38893115089461516,2.9151,1,2.9151,6.0,inf
209,1,1.221513342307818,-0.5865034421200425,-0.38893115089461516,2.9151,1,2.9151,6.0,inf
209,2,1.221513342307818,-0.5865034421200425,-0.38893115089461516,2.9151,1,2.9151,6.0,inf
209,3,1.221513342307818,-0.5865034421200425,-0.38893115089461516,2.9151,1,2.9151,6.0,inf
209,4,1.221513342307818,-0.5865034421200425,-0.38893115089461516,2.9151,1,2.9151,6.0,inf
209,5,1.221513342307818,-0.5865034421200425,-0.38893115089461516,2.9151,1,2.9151,6.0,inf
210,0,0.758206847310221,0.8968621529760149,0.6926306916674866,2.0643,1,2.0643,6.0,inf
210,1,0.758206847310221,0.8968621529760149,0.6926306916674866,2.0643,1,2.0643,6.0,inf
210,2,0.758206847310221,0.8968621529760149,0.6926306916674866,2.0643,1,2.0643,6.0,inf
210,3,0.758206847310221,0.8968621529760149,0.6926306916674866,2.0643,1,2.0643,6.0,inf
210,4,0.758206847310221,0.8968621529760149,0.6926306916674866,2.0643,1,2.0643,6.0,inf
210,5,0.758206847310221,0.8968621529760149,0.6926306916674866,2.0643,1,2.0643,6.0,inf
211,0,-0.5427580519624456,-1.0465308424316404,-1.0511392899947756,6.0,0,7.937099999999999,6.0,inf
211,1,-0.5427580519624456,-1.0465308424316404,-1.0511392899947756,6.0,0,7.937099999999999,6.0,inf
211,2,-0.5427580519624456,-1.0465308424316404,-1.0511392899947756,6.0,0,7.937099999999999,6.0,inf
211,3,-0.5427580519624456,-1.0465308424316404,-1.0511392899947756,6.0,0,7.937099999999999,6.0,inf
211,4,-0.5427580519624456,-1.0465308424316404,-1.0511392899947756,6.0,0,7.937099999999999,6.0,inf
211,5,-0.5427580519624456,-1.0465308424316404,-1.0511392899947756,6.0,0,7.937099999999999,6.0,inf
212,0,0.6436847519732141,-0.5805820354394193,3.411348211065638,1.011,1,1.011,6.0,inf
212,1,0.6436847519732141,-0.5805820354394193,3.411348211065638,1.011,1,1.011,6.0,inf
212,2,0.6436847519732141,-0.5805820354394193,3.411348211065638,1.011,1,1.011,6.0,inf
212,3,0.6436847519732141,-0.5805820354394193,3.411348211065638,1.011,1,1.011,6.0,inf
212,4,0.6436847519732141,-0.5805820354394193,3.411348211065638,1.011,1,1.011,6.0,inf
212,5,0.6436847519732141,-0.5805820354394193,3.411348211065638,1.011,1,1.011,6.0,inf
213,0,1.8130115907558708,-0.1266482738805781,0.5983690620755849,1.158,1,1.158,6.0,inf
213,1,1.8130115907558708,-0.1266482738805781,0.5983690620755849,1.158,1,1.158,6.0,inf
213,2,1.8130115907558708,-0.1266482738805781,0.5983690620755849,1.158,1,1.158,6.0,inf
213,3,1.8130115907558708,-0.1266482738805781,0.5983690620755849,1.158,1,1.158,6.0,inf
213,4,1.8130115907558708,-0.1266482738805781,0.5983690620755849,1.158,1,1.158,6.0,inf
213,5,1.8130115907558708,-0.1266482738805781,0.5983690620755849,1.158,1,1.158,6.0,inf
214,0,0.5329890313769928,2.13716007882359,0.23688007765597296,0.7373999999999999,1,0.7373999999999999,6.0,inf
214,1,0.5329890313769928,2.13716007882359,0.23688007765597296,0.7373999999999999,1,0.7373999999999999,6.0,inf
214,2,0.5329890313769928,2.13716007882359,0.23688007765597296,0.7373999999999999,1,0.7373999999999999,6.0,inf
214,3,0.5329890313769928,2.13716007882359,0.23688007765597296,0.7373999999999999,1,0.7373999999999999,6.0,inf
214,4,0.5329890313769928,2.13716007882359,0.23688007765597296,0.7373999999999999,1,0.7373999999999999,6.0,inf
214,5,0.5329890313769928,2.13716007882359,0.23688007765597296,0.7373999999999999,1,0.7373999999999999,6.0,inf
215,0,-1.313403757752495,-0.9280052104863799,1.587701620401454,0.9128999999999999,1,0.9128999999999999,6.0,inf
215,1,-1.313403757752495,-0.9280052104863799,1.587701620401454,0.9128999999999999,1,0.9128999999999999,6.0,inf
215,2,-1.313403757752495,-0.9280052104863799,1.587701620401454,0.9128999999999999,1,0.9128999999999999,6.0,inf
215,3,-1.313403757752495,-0.9280052104863799,1.587701620401454,0.9128999999999999,1,0.9128999999999999,6.0,inf
215,4,-1.313403757752495,-0.9280052104863799,1.587701620401454,0.9128999999999999,1,0.9128999999999999,6.0,inf
215,5,-1.313403757752495,-0.9280052104863799,1.587701620401454,0.9128999999999999,1,0.9128999999999999,6.0,inf
216,0,-0.794424232608086,-2.2378628101903293,1.5068106406347876,4.773599999999999,1,4.773599999999999,6.0,inf
216,1,-0.794424232608086,-2.2378628101903293,1.5068106406347876,4.773599999999999,1,4.773599999999999,6.0,inf
216,2,-0.794424232608086,-2.2378628101903293,1.5068106406347876,4.773599999999999,1,4.773599999999999,6.0,inf
216,3,-0.794424232608086,-2.2378628101903293,1.5068106406347876,4.773599999999999,1,4.773599999999999,6.0,inf
216,4,-0.794424232608086,-2.2378628101903293,1.5068106406347876,4.773599999999999,1,4.773599999999999,6.0,inf
216,5,-0.794424232608086,-2.2378628101903293,1.5068106406347876,4.773599999999999,1,4.773599999999999,6.0,inf
217,0,0.7718547621602385,0.5368449101311259,0.14168252150637323,2.3244,1,2.3244,6.0,inf
217,1,0.7718547621602385,0.5368449101311259,0.14168252150637323,2.3244,1,2.3244,6.0,inf
217,2,0.7718547621602385,0.5368449101311259,0.14168252150637323,2.3244,1,2.3244,6.0,inf
217,3,0.7718547621602385,0.5368449101311259,0.14168252150637323,2.3244,1,2.3244,6.0,inf
217,4,0.7718547621602385,0.5368449101311259,0.14168252150637323,2.3244,1,2.3244,6.0,inf
217,5,0.7718547621602385,0.5368449101311259,0.14168252150637323,2.3244,1,2.3244,6.0,inf
218,0,1.3143280360948704,1.0997805565352878,-0.25584547398709456,1.5989999999999998,1,1.5989999999999998,6.0,inf
218,1,1.3143280360948704,1.0997805565352878,-0.25584547398709456,1.5989999999999998,1,1.5989999999999998,6.0,inf
218,2,1.3143280360948704,1.0997805565352878,-0.25584547398709456,1.5989999999999998,1,1.5989999999999998,6.0,inf
218,3,1.3143280360948704,1.0997805565352878,-0.25584547398709456,1.5989999999999998,1,1.5989999999999998,6.0,inf
218,4,1.3143280360948704,1.0997805565352878,-0.25584547398709456,1.5989999999999998,1,1.5989999999999998,6.0,inf
218,5,1.3143280360948704,1.0997805565352878,-0.25584547398709456,1.5989999999999998,1,1.5989999999999998,6.0,inf
219,0,1.448367454378301,1.5910155707374378,-0.6575314650874137,2.0987999999999998,1,2.0987999999999998,6.0,inf
219,1,1.448367454378301,1.5910155707374378,-0.6575314650874137,2.0987999999999998,1,2.0987999999999998,6.0,inf
219,2,1.448367454378301,1.5910155707374378,-0.6575314650874137,2.0987999999999998,1,2.0987999999999998,6.0,inf
219,3,1.448367454378301,1.5910155707374378,-0.6575314650874137,2.0987999999999998,1,2.0987999999999998,6.0,inf
219,4,1.448367454378301,1.5910155707374378,-0.6575314650874137,2.0987999999999998,1,2.0987999999999998,6.0,inf
219,5,1.448367454378301,1.5910155707374378,-0.6575314650874137,2.0987999999999998,1,2.0987999999999998,6.0,inf
220,0,-0.9324917176988422,-1.0884025259634222,-1.8046862760745723,6.0,0,8.0001,6.0,inf
220,1,-0.9324917176988422,-1.0884025259634222,-1.8046862760745723,6.0,0,8.0001,6.0,inf
220,2,-0.9324917176988422,-1.0884025259634222,-1.8046862760745723,6.0,0,8.0001,6.0,inf
220,3,-0.9324917176988422,-1.0884025259634222,-1.8046862760745723,6.0,0,8.0001,6.0,inf
220,4,-0.9324917176988422,-1.0884025259634222,-1.8046862760745723,6.0,0,8.0001,6.0,inf
220,5,-0.9324917176988422,-1.0884025259634222,-1.8046862760745723,6.0,0,8.0001,6.0,inf
221,0,1.2703867311799393,-0.6327185987640239,-0.2760014379336756,2.6519999999999997,1,2.6519999999999997,6.0,inf
221,1,1.2703867311799393,-0.6327185987640239,-0.2760014379336756,2.6519999999999997,1,2.6519999999999997,6.0,inf
221,2,1.2703867311799393,-0.6327185987640239,-0.2760014379336756,2.6519999999999997,1,2.6519999999999997,6.0,inf
221,3,1.2703867311799393,-0.6327185987640239,-0.2760014379336756,2.6519999999999997,1,2.6519999999999997,6.0,inf
221,4,1.2703867311799393,-0.6327185987640239,-0.2760014379336756,2.6519999999999997,1,2.6519999999999997,6.0,inf
221,5,1.2703867311799393,-0.6327185987640239,-0.2760014379336756,2.6519999999999997,1,2.6519999999999997,6.0,inf
222,0,-0.21768118265254024,-1.498091169708974,-0.8842170066848781,6.0,0,6.352799999999999,6.0,inf
222,1,-0.21768118265254024,-1.498091169708974,-0.8842170066848781,6.0,0,6.352799999999999,6.0,inf
222,2,-0.21768118265254024,-1.498091169708974,-0.8842170066848781,6.0,0,6.352799999999999,6.0,inf
222,3,-0.21768118265254024,-1.498091169708974,-0.8842170066848781,6.0,0,6.352799999999999,6.0,inf
222,4,-0.21768118265254024,-1.498091169708974,-0.8842170066848781,6.0,0,6.352799999999999,6.0,inf
222,5,-0.21768118265254024,-1.498091169708974,-0.8842170066848781,6.0,0,6.352799999999999,6.0,inf
223,0,0.6945860313301786,1.4103225137018112,1.4466584211541458,1.0776,1,1.0776,6.0,inf
223,1,0.6945860313301786,1.4103225137018112,1.4466584211541458,1.0776,1,1.0776,6.0,inf
223,2,0.6945860313301786,1.4103225137018112,1.4466584211541458,1.0776,1,1.0776,6.0,inf
223,3,0.6945860313301786,1.4103225137018112,1.4466584211541458,1.0776,1,1.0776,6.0,inf
223,4,0.6945860313301786,1.4103225137018112,1.4466584211541458,1.0776,1,1.0776,6.0,inf
223,5,0.6945860313301786,1.4103225137018112,1.4466584211541458,1.0776,1,1.0776,6.0,inf
224,0,-0.09046142199942468,1.6903041821574778,-0.2259630696509167,1.3538999999999999,1,1.3538999999999999,6.0,inf
224,1,-0.09046142199942468,1.6903041821574778,-0.2259630696509167,1.3538999999999999,1,1.3538999999999999,6.0,inf
224,2,-0.09046142199942468,1.6903041821574778,-0.2259630696509167,1.3538999999999999,1,1.3538999999999999,6.0,inf
224,3,-0.09046142199942468,1.6903041821574778,-0.2259630696509167,1.3538999999999999,1,1.3538999999999999,6.0,inf
224,4,-0.09046142199942468,1.6903041821574778,-0.2259630696509167,1.3538999999999999,1,1.3538999999999999,6.0,inf
224,5,-0.09046142199942468,1.6903041821574778,-0.2259630696509167,1.3538999999999999,1,1.3538999999999999,6.0,inf
225,0,1.5971614384886903,-0.4676832201813457,-0.6462704095361731,2.5172999999999996,1,2.5172999999999996,6.0,inf
225,1,1.5971614384886903,-0.4676832201813457,-0.6462704095361731,2.5172999999999996,1,2.5172999999999996,6.0,inf
225,2,1.5971614384886903,-0.4676832201813457,-0.6462704095361731,2.5172999999999996,1,2.5172999999999996,6.0,inf
225,3,1.5971614384886903,-0.4676832201813457,-0.6462704095361731,2.5172999999999996,1,2.5172999999999996,6.0,inf
225,4,1.5971614384886903,-0.4676832201813457,-0.6462704095361731,2.5172999999999996,1,2.5172999999999996,6.0,inf
225,5,1.5971614384886903,-0.4676832201813457,-0.6462704095361731,2.5172999999999996,1,2.5172999999999996,6.0,inf
226,0,-0.9836270993231581,-0.5862773209589012,-1.2964577002716449,6.0,0,6.3911999999999995,6.0,inf
226,1,-0.9836270993231581,-0.5862773209589012,-1.2964577002716449,6.0,0,6.3911999999999995,6.0,inf
226,2,-0.9836270993231581,-0.5862773209589012,-1.2964577002716449,6.0,0,6.3911999999999995,6.0,inf
226,3,-0.9836270993231581,-0.5862773209589012,-1.2964577002716449,6.0,0,6.3911999999999995,6.0,inf
226,4,-0.9836270993231581,-0.5862773209589012,-1.2964577002716449,6.0,0,6.3911999999999995,6.0,inf
226,5,-0.9836270993231581,-0.5862773209589012,-1.2964577002716449,6.0,0,6.3911999999999995,6.0,inf
227,0,0.24831091547039136,0.37184092912672423,0.8086775865261486,1.1976,1,1.1976,6.0,inf
227,1,0.24831091547039136,0.37184092912672423,0.8086775865261486,1.1976,1,1.1976,6.0,inf
227,2,0.24831091547039136,0.37184092912672423,0.8086775865261486,1.1976,1,1.1976,6.0,inf
227,3,0.24831091547039136,0.37184092912672423,0.8086775865261486,1.1976,1,1.1976,6.0,inf
227,4,0.24831091547039136,0.37184092912672423,0.8086775865261486,1.1976,1,1.1976,6.0,inf
227,5,0.24831091547039136,0.37184092912672423,0.8086775865261486,1.1976,1,1.1976,6.0,inf
228,0,0.6775660626760603,-1.5638923926697919,-0.6355363546556548,3.0995999999999997,1,3.0995999999999997,6.0,inf
228,1,0.6775660626760603,-1.5638923926697919,-0.6355363546556548,3.0995999999999997,1,3.0995999999999997,6.0,inf
228,2,0.6775660626760603,-1.5638923926697919,-0.6355363546556548,3.0995999999999997,1,3.0995999999999997,6.0,inf
228,3,0.6775660626760603,-1.5638923926697919,-0.6355363546556548,3.0995999999999997,1,3.0995999999999997,6.0,inf
228,4,0.6775660626760603,-1.5638923926697919,-0.6355363546556548,3.0995999999999997,1,3.0995999999999997,6.0,inf
228,5,0.6775660626760603,-1.5638923926697919,-0.6355363546556548,3.0995999999999997,1,3.0995999999999997,6.0,inf
229,0,-0.4365429957918971,0.20748200140442186,-0.1829864340493512,6.0,0,6.5337,6.0,inf
229,1,-0.4365429957918971,0.20748200140442186,-0.1829864340493512,6.0,0,6.5337,6.0,inf
229,2,-0.4365429957918971,0.20748200140442186,-0.1829864340493512,6.0,0,6.5337,6.0,inf
229,3,-0.4365429957918971,0.20748200140442186,-0.1829864340493512,6.0,0,6.5337,6.0,inf
229,4,-0.4365429957918971,0.20748200140442186,-0.1829864340493512,6.0,0,6.5337,6.0,inf
229,5,-0.4365429957918971,0.20748200140442186,-0.1829864340493512,6.0,0,6.5337,6.0,inf
230,0,0.1045594579030541,-0.4914301571074687,-1.1846902112268625,4.858499999999999,1,4.858499999999999,6.0,inf
230,1,0.1045594579030541,-0.4914301571074687,-1.1846902112268625,4.858499999999999,1,4.858499999999999,6.0,inf
230,2,0.1045594579030541,-0.4914301571074687,-1.1846902112268625,4.858499999999999,1,4.858499999999999,6.0,inf
230,3,0.1045594579030541,-0.4914301571074687,-1.1846902112268625,4.858499999999999,1,4.858499999999999,6.0,inf
230,4,0.1045594579030541,-0.4914301571074687,-1.1846902112268625,4.858499999999999,1,4.858499999999999,6.0,inf
230,5,0.1045594579030541,-0.4914301571074687,-1.1846902112268625,4.858499999999999,1,4.858499999999999,6.0,inf
231,0,1.5462740017823708,-0.9999193808175876,-0.7915962945558721,1.7262,1,1.7262,6.0,inf
231,1,1.5462740017823708,-0.9999193808175876,-0.7915962945558721,1.7262,1,1.7262,6.0,inf
231,2,1.5462740017823708,-0.9999193808175876,-0.7915962945558721,1.7262,1,1.7262,6.0,inf
231,3,1.5462740017823708,-0.9999193808175876,-0.7915962945558721,1.7262,1,1.7262,6.0,inf
231,4,1.5462740017823708,-0.9999193808175876,-0.7915962945558721,1.7262,1,1.7262,6.0,inf
231,5,1.5462740017823708,-0.9999193808175876,-0.7915962945558721,1.7262,1,1.7262,6.0,inf
232,0,0.3243620348556597,1.3593405577596704,-2.1147939814899033,3.6666,1,3.6666,6.0,inf
232,1,0.3243620348556597,1.3593405577596704,-2.1147939814899033,3.6666,1,3.6666,6.0,inf
232,2,0.3243620348556597,1.3593405577596704,-2.1147939814899033,3.6666,1,3.6666,6.0,inf
232,3,0.3243620348556597,1.3593405577596704,-2.1147939814899033,3.6666,1,3.6666,6.0,inf
232,4,0.3243620348556597,1.3593405577596704,-2.1147939814899033,3.6666,1,3.6666,6.0,inf
232,5,0.3243620348556597,1.3593405577596704,-2.1147939814899033,3.6666,1,3.6666,6.0,inf
233,0,1.3608206022184548,-1.2486736220892305,-0.8457744931755211,3.0953999999999997,1,3.0953999999999997,6.0,inf
233,1,1.3608206022184548,-1.2486736220892305,-0.8457744931755211,3.0953999999999997,1,3.0953999999999997,6.0,inf
233,2,1.3608206022184548,-1.2486736220892305,-0.8457744931755211,3.0953999999999997,1,3.0953999999999997,6.0,inf
233,3,1.3608206022184548,-1.2486736220892305,-0.8457744931755211,3.0953999999999997,1,3.0953999999999997,6.0,inf
233,4,1.3608206022184548,-1.2486736220892305,-0.8457744931755211,3.0953999999999997,1,3.0953999999999997,6.0,inf
233,5,1.3608206022184548,-1.2486736220892305,-0.8457744931755211,3.0953999999999997,1,3.0953999999999997,6.0,inf
234,0,-0.27944689032949377,0.9944861647400932,-1.2806035191039613,4.5789,1,4.5789,6.0,inf
234,1,-0.27944689032949377,0.9944861647400932,-1.2806035191039613,4.5789,1,4.5789,6.0,inf
234,2,-0.27944689032949377,0.9944861647400932,-1.2806035191039613,4.5789,1,4.5789,6.0,inf
234,3,-0.27944689032949377,0.9944861647400932,-1.2806035191039613,4.5789,1,4.5789,6.0,inf
234,4,-0.27944689032949377,0.9944861647400932,-1.2806035191039613,4.5789,1,4.5789,6.0,inf
234,5,-0.27944689032949377,0.9944861647400932,-1.2806035191039613,4.5789,1,4.5789,6.0,inf
235,0,-0.8029981749705823,2.0740403280718533,-1.4635975939719248,3.2556,1,3.2556,6.0,inf
235,1,-0.8029981749705823,2.0740403280718533,-1.4635975939719248,3.2556,1,3.2556,6.0,inf
235,2,-0.8029981749705823,2.0740403280718533,-1.4635975939719248,3.2556,1,3.2556,6.0,inf
235,3,-0.8029981749705823,2.0740403280718533,-1.4635975939719248,3.2556,1,3.2556,6.0,inf
235,4,-0.8029981749705823,2.0740403280718533,-1.4635975939719248,3.2556,1,3.2556,6.0,inf
235,5,-0.8029981749705823,2.0740403280718533,-1.4635975939719248,3.2556,1,3.2556,6.0,inf
236,0,-1.4928817989395207,0.1579371962497457,-1.0563681715428563,6.0,0,8.0001,6.0,inf
236,1,-1.4928817989395207,0.1579371962497457,-1.0563681715428563,6.0,0,8.0001,6.0,inf
236,2,-1.4928817989395207,0.1579371962497457,-1.0563681715428563,6.0,0,8.0001,6.0,inf
236,3,-1.4928817989395207,0.1579371962497457,-1.0563681715428563,6.0,0,8.0001,6.0,inf
236,4,-1.4928817989395207,0.1579371962497457,-1.0563681715428563,6.0,0,8.0001,6.0,inf
236,5,-1.4928817989395207,0.1579371962497457,-1.0563681715428563,6.0,0,8.0001,6.0,inf
237,0,0.8653417949194193,0.01007106301433347,0.24403875461889357,1.3748999999999998,1,1.3748999999999998,6.0,inf
237,1,0.8653417949194193,0.01007106301433347,0.24403875461889357,1.3748999999999998,1,1.3748999999999998,6.0,inf
237,2,0.8653417949194193,0.01007106301433347,0.24403875461889357,1.3748999999999998,1,1.3748999999999998,6.0,inf
237,3,0.8653417949194193,0.01007106301433347,0.24403875461889357,1.3748999999999998,1,1.3748999999999998,6.0,inf
237,4,0.8653417949194193,0.01007106301433347,0.24403875461889357,1.3748999999999998,1,1.3748999999999998,6.0,inf
237,5,0.8653417949194193,0.01007106301433347,0.24403875461889357,1.3748999999999998,1,1.3748999999999998,6.0,inf
238,0,-0.12925671728792135,2.4606106441787743,0.12794138318360193,0.8606999999999999,1,0.8606999999999999,6.0,inf
238,1,-0.12925671728792135,2.4606106441787743,0.12794138318360193,0.8606999999999999,1,0.8606999999999999,6.0,inf
238,2,-0.12925671728792135,2.4606106441787743,0.12794138318360193,0.8606999999999999,1,0.8606999999999999,6.0,inf
238,3,-0.12925671728792135,2.4606106441787743,0.12794138318360193,0.8606999999999999,1,0.8606999999999999,6.0,inf
238,4,-0.12925671728792135,2.4606106441787743,0.12794138318360193,0.8606999999999999,1,0.8606999999999999,6.0,inf
238,5,-0.12925671728792135,2.4606106441787743,0.12794138318360193,0.8606999999999999,1,0.8606999999999999,6.0,inf
239,0,0.980220160478473,0.45183359126435385,0.33512550909902955,0.8726999999999999,1,0.8726999999999999,6.0,inf
239,1,0.980220160478473,0.45183359126435385,0.33512550909902955,0.8726999999999999,1,0.8726999999999999,6.0,inf
239,2,0.980220160478473,0.45183359126435385,0.33512550909902955,0.8726999999999999,1,0.8726999999999999,6.0,inf
239,3,0.980220160478473,0.45183359126435385,0.33512550909902955,0.8726999999999999,1,0.8726999999999999,6.0,inf
239,4,0.980220160478473,0.45183359126435385,0.33512550909902955,0.8726999999999999,1,0.8726999999999999,6.0,inf
239,5,0.980220160478473,0.45183359126435385,0.33512550909902955,0.8726999999999999,1,0.8726999999999999,6.0,inf
240,0,-0.049900996339894324,1.0121387425113229,-0.1858492636792294,1.8944999999999999,1,1.8944999999999999,6.0,inf
240,1,-0.049900996339894324,1.0121387425113229,-0.1858492636792294,1.8944999999999999,1,1.8944999999999999,6.0,inf
240,2,-0.049900996339894324,1.0121387425113229,-0.1858492636792294,1.8944999999999999,1,1.8944999999999999,6.0,inf
240,3,-0.049900996339894324,1.0121387425113229,-0.1858492636792294,1.8944999999999999,1,1.8944999999999999,6.0,inf
240,4,-0.049900996339894324,1.0121387425113229,-0.1858492636792294,1.8944999999999999,1,1.8944999999999999,6.0,inf
240,5,-0.049900996339894324,1.0121387425113229,-0.1858492636792294,1.8944999999999999,1,1.8944999999999999,6.0,inf
241,0,0.0257120262035569,0.9234325839321122,-2.1779474991983125,4.1532,1,4.1532,6.0,inf
241,1,0.0257120262035569,0.9234325839321122,-2.1779474991983125,4.1532,1,4.1532,6.0,inf
241,2,0.0257120262035569,0.9234325839321122,-2.1779474991983125,4.1532,1,4.1532,6.0,inf
241,3,0.0257120262035569,0.9234325839321122,-2.1779474991983125,4.1532,1,4.1532,6.0,inf
241,4,0.0257120262035569,0.9234325839321122,-2.1779474991983125,4.1532,1,4.1532,6.0,inf
241,5,0.0257120262035569,0.9234325839321122,-2.1779474991983125,4.1532,1,4.1532,6.0,inf
242,0,0.7506787464545454,0.03920339345687558,0.7596003401843172,2.3286,1,2.3286,6.0,inf
242,1,0.7506787464545454,0.03920339345687558,0.7596003401843172,2.3286,1,2.3286,6.0,inf
242,2,0.7506787464545454,0.03920339345687558,0.7596003401843172,2.3286,1,2.3286,6.0,inf
242,3,0.7506787464545454,0.03920339345687558,0.7596003401843172,2.3286,1,2.3286,6.0,inf
242,4,0.7506787464545454,0.03920339345687558,0.7596003401843172,2.3286,1,2.3286,6.0,inf
242,5,0.7506787464545454,0.03920339345687558,0.7596003401843172,2.3286,1,2.3286,6.0,inf
243,0,0.7149986766310564,-1.5338377374973946,0.19176412467246348,4.0188,1,4.0188,6.0,inf
243,1,0.7149986766310564,-1.5338377374973946,0.19176412467246348,4.0188,1,4.0188,6.0,inf
243,2,0.7149986766310564,-1.5338377374973946,0.19176412467246348,4.0188,1,4.0188,6.0,inf
243,3,0.7149986766310564,-1.5338377374973946,0.19176412467246348,4.0188,1,4.0188,6.0,inf
243,4,0.7149986766310564,-1.5338377374973946,0.19176412467246348,4.0188,1,4.0188,6.0,inf
243,5,0.7149986766310564,-1.5338377374973946,0.19176412467246348,4.0188,1,4.0188,6.0,inf
244,0,-0.43184446296609746,1.0255157463981865,0.3177682523315898,3.7862999999999998,1,3.7862999999999998,6.0,inf
244,1,-0.43184446296609746,1.0255157463981865,0.3177682523315898,3.7862999999999998,1,3.7862999999999998,6.0,inf
244,2,-0.43184446296609746,1.0255157463981865,0.3177682523315898,3.7862999999999998,1,3.7862999999999998,6.0,inf
244,3,-0.43184446296609746,1.0255157463981865,0.3177682523315898,3.7862999999999998,1,3.7862999999999998,6.0,inf
244,4,-0.43184446296609746,1.0255157463981865,0.3177682523315898,3.7862999999999998,1,3.7862999999999998,6.0,inf
244,5,-0.43184446296609746,1.0255157463981865,0.3177682523315898,3.7862999999999998,1,3.7862999999999998,6.0,inf
245,0,1.0670950633827685,1.5156321081762116,0.8934953204006721,1.3202999999999998,1,1.3202999999999998,6.0,inf
245,1,1.0670950633827685,1.5156321081762116,0.8934953204006721,1.3202999999999998,1,1.3202999999999998,6.0,inf
245,2,1.0670950633827685,1.5156321081762116,0.8934953204006721,1.3202999999999998,1,1.3202999999999998,6.0,inf
245,3,1.0670950633827685,1.5156321081762116,0.8934953204006721,1.3202999999999998,1,1.3202999999999998,6.0,inf
245,4,1.0670950633827685,1.5156321081762116,0.8934953204006721,1.3202999999999998,1,1.3202999999999998,6.0,inf
245,5,1.0670950633827685,1.5156321081762116,0.8934953204006721,1.3202999999999998,1,1.3202999999999998,6.0,inf
246,0,-0.1689220763494121,0.41446693016438313,-0.0971429181853864,3.8315999999999995,1,3.8315999999999995,6.0,inf
246,1,-0.1689220763494121,0.41446693016438313,-0.0971429181853864,3.8315999999999995,1,3.8315999999999995,6.0,inf
246,2,-0.1689220763494121,0.41446693016438313,-0.0971429181853864,3.8315999999999995,1,3.8315999999999995,6.0,inf
246,3,-0.1689220763494121,0.41446693016438313,-0.0971429181853864,3.8315999999999995,1,3.8315999999999995,6.0,inf
246,4,-0.1689220763494121,0.41446693016438313,-0.0971429181853864,3.8315999999999995,1,3.8315999999999995,6.0,inf
246,5,-0.1689220763494121,0.41446693016438313,-0.0971429181853864,3.8315999999999995,1,3.8315999999999995,6.0,inf
247,0,0.04834836668044666,2.265280679722111,1.4782458533781615,1.0485,1,1.0485,6.0,inf
247,1,0.04834836668044666,2.265280679722111,1.4782458533781615,1.0485,1,1.0485,6.0,inf
247,2,0.04834836668044666,2.265280679722111,1.4782458533781615,1.0485,1,1.0485,6.0,inf
247,3,0.04834836668044666,2.265280679722111,1.4782458533781615,1.0485,1,1.0485,6.0,inf
247,4,0.04834836668044666,2.265280679722111,1.4782458533781615,1.0485,1,1.0485,6.0,inf
247,5,0.04834836668044666,2.265280679722111,1.4782458533781615,1.0485,1,1.0485,6.0,inf
248,0,3.5345542984746974,-0.24516730081365257,0.49428465898607205,1.8944999999999999,1,1.8944999999999999,6.0,inf
248,1,3.5345542984746974,-0.24516730081365257,0.49428465898607205,1.8944999999999999,1,1.8944999999999999,6.0,inf
248,2,3.5345542984746974,-0.24516730081365257,0.49428465898607205,1.8944999999999999,1,1.8944999999999999,6.0,inf
248,3,3.5345542984746974,-0.24516730081365257,0.49428465898607205,1.8944999999999999,1,1.8944999999999999,6.0,inf
248,4,3.5345542984746974,-0.24516730081365257,0.49428465898607205,1.8944999999999999,1,1.8944999999999999,6.0,inf
248,5,3.5345542984746974,-0.24516730081365257,0.49428465898607205,1.8944999999999999,1,1.8944999999999999,6.0,inf
249,0,1.9262798053574923,-0.629778492077161,-0.5592222816825857,2.0957999999999997,1,2.0957999999999997,6.0,inf
249,1,1.9262798053574923,-0.629778492077161,-0.5592222816825857,2.0957999999999997,1,2.0957999999999997,6.0,inf
249,2,1.9262798053574923,-0.629778492077161,-0.5592222816825857,2.0957999999999997,1,2.0957999999999997,6.0,inf
249,3,1.9262798053574923,-0.629778492077161,-0.5592222816825857,2.0957999999999997,1,2.0957999999999997,6.0,inf
249,4,1.9262798053574923,-0.629778492077161,-0.5592222816825857,2.0957999999999997,1,2.0957999999999997,6.0,inf
249,5,1.9262798053574923,-0.629778492077161,-0.5592222816825857,2.0957999999999997,1,2.0957999999999997,6.0,inf
250,0,0.31167079604021125,-0.31567200353557917,1.5651549411677317,1.6965,1,1.6965,6.0,inf
250,1,0.31167079604021125,-0.31567200353557917,1.5651549411677317,1.6965,1,1.6965,6.0,inf
250,2,0.31167079604021125,-0.31567200353557917,1.5651549411677317,1.6965,1,1.6965,6.0,inf
250,3,0.31167079604021125,-0.31567200353557917,1.5651549411677317,1.6965,1,1.6965,6.0,inf
250,4,0.31167079604021125,-0.31567200353557917,1.5651549411677317,1.6965,1,1.6965,6.0,inf
250,5,0.31167079604021125,-0.31567200353557917,1.5651549411677317,1.6965,1,1.6965,6.0,inf
251,0,-0.13130178650273266,-0.487760363814874,0.826902979907121,2.6477999999999997,1,2.6477999999999997,6.0,inf
251,1,-0.13130178650273266,-0.487760363814874,0.826902979907121,2.6477999999999997,1,2.6477999999999997,6.0,inf
251,2,-0.13130178650273266,-0.487760363814874,0.826902979907121,2.6477999999999997,1,2.6477999999999997,6.0,inf
251,3,-0.13130178650273266,-0.487760363814874,0.826902979907121,2.6477999999999997,1,2.6477999999999997,6.0,inf
251,4,-0.13130178650273266,-0.487760363814874,0.826902979907121,2.6477999999999997,1,2.6477999999999997,6.0,inf
251,5,-0.13130178650273266,-0.487760363814874,0.826902979907121,2.6477999999999997,1,2.6477999999999997,6.0,inf
252,0,-1.1974287857263521,-1.181368345348519,-1.6188325948390176,6.0,0,8.0001,6.0,inf
252,1,-1.1974287857263521,-1.181368345348519,-1.6188325948390176,6.0,0,8.0001,6.0,inf
252,2,-1.1974287857263521,-1.181368345348519,-1.6188325948390176,6.0,0,8.0001,6.0,inf
252,3,-1.1974287857263521,-1.181368345348519,-1.6188325948390176,6.0,0,8.0001,6.0,inf
252,4,-1.1974287857263521,-1.181368345348519,-1.6188325948390176,6.0,0,8.0001,6.0,inf
252,5,-1.1974287857263521,-1.181368345348519,-1.6188325948390176,6.0,0,8.0001,6.0,inf
253,0,-0.9170604023474471,-0.3636187748005925,-1.2744255760328427,6.0,0,8.0001,6.0,inf
253,1,-0.9170604023474471,-0.3636187748005925,-1.2744255760328427,6.0,0,8.0001,6.0,inf
253,2,-0.9170604023474471,-0.3636187748005925,-1.2744255760328427,6.0,0,8.0001,6.0,inf
253,3,-0.9170604023474471,-0.3636187748005925,-1.2744255760328427,6.0,0,8.0001,6.0,inf
253,4,-0.9170604023474471,-0.3636187748005925,-1.2744255760328427,6.0,0,8.0001,6.0,inf
253,5,-0.9170604023474471,-0.3636187748005925,-1.2744255760328427,6.0,0,8.0001,6.0,inf
254,0,0.3287162004289746,-1.3836572540195204,0.22983544867988465,2.5284,1,2.5284,6.0,inf
254,1,0.3287162004289746,-1.3836572540195204,0.22983544867988465,2.5284,1,2.5284,6.0,inf
254,2,0.3287162004289746,-1.3836572540195204,0.22983544867988465,2.5284,1,2.5284,6.0,inf
254,3,0.3287162004289746,-1.3836572540195204,0.22983544867988465,2.5284,1,2.5284,6.0,inf
254,4,0.3287162004289746,-1.3836572540195204,0.22983544867988465,2.5284,1,2.5284,6.0,inf
254,5,0.3287162004289746,-1.3836572540195204,0.22983544867988465,2.5284,1,2.5284,6.0,inf
255,0,-0.043930990957380296,-0.9591730057192606,0.635241210157915,2.1536999999999997,1,2.1536999999999997,6.0,inf
255,1,-0.043930990957380296,-0.9591730057192606,0.635241210157915,2.1536999999999997,1,2.1536999999999997,6.0,inf
255,2,-0.043930990957380296,-0.9591730057192606,0.635241210157915,2.1536999999999997,1,2.1536999999999997,6.0,inf
255,3,-0.043930990957380296,-0.9591730057192606,0.635241210157915,2.1536999999999997,1,2.1536999999999997,6.0,inf
255,4,-0.043930990957380296,-0.9591730057192606,0.635241210157915,2.1536999999999997,1,2.1536999999999997,6.0,inf
255,5,-0.043930990957380296,-0.9591730057192606,0.635241210157915,2.1536999999999997,1,2.1536999999999997,6.0,inf
256,0,-0.561237953034871,1.5040971825895568,0.4255043898339473,1.3358999999999999,1,1.3358999999999999,6.0,inf
256,1,-0.561237953034871,1.5040971825895568,0.4255043898339473,1.3358999999999999,1,1.3358999999999999,6.0,inf
256,2,-0.561237953034871,1.5040971825895568,0.4255043898339473,1.3358999999999999,1,1.3358999999999999,6.0,inf
256,3,-0.561237953034871,1.5040971825895568,0.4255043898339473,1.3358999999999999,1,1.3358999999999999,6.0,inf
256,4,-0.561237953034871,1.5040971825895568,0.4255043898339473,1.3358999999999999,1,1.3358999999999999,6.0,inf
256,5,-0.561237953034871,1.5040971825895568,0.4255043898339473,1.3358999999999999,1,1.3358999999999999,6.0,inf
257,0,0.11981200361813835,0.19926602373052502,-0.325085931391613,2.7009,1,2.7009,6.0,inf
257,1,0.11981200361813835,0.19926602373052502,-0.325085931391613,2.7009,1,2.7009,6.0,inf
257,2,0.11981200361813835,0.19926602373052502,-0.325085931391613,2.7009,1,2.7009,6.0,inf
257,3,0.11981200361813835,0.19926602373052502,-0.325085931391613,2.7009,1,2.7009,6.0,inf
257,4,0.11981200361813835,0.19926602373052502,-0.325085931391613,2.7009,1,2.7009,6.0,inf
257,5,0.11981200361813835,0.19926602373052502,-0.325085931391613,2.7009,1,2.7009,6.0,inf
258,0,-0.21772414268178952,1.7736651842836502,-0.864015083336696,1.9586999999999999,1,1.9586999999999999,6.0,inf
258,1,-0.21772414268178952,1.7736651842836502,-0.864015083336696,1.9586999999999999,1,1.9586999999999999,6.0,inf
258,2,-0.21772414268178952,1.7736651842836502,-0.864015083336696,1.9586999999999999,1,1.9586999999999999,6.0,inf
258,3,-0.21772414268178952,1.7736651842836502,-0.864015083336696,1.9586999999999999,1,1.9586999999999999,6.0,inf
258,4,-0.21772414268178952,1.7736651842836502,-0.864015083336696,1.9586999999999999,1,1.9586999999999999,6.0,inf
258,5,-0.21772414268178952,1.7736651842836502,-0.864015083336696,1.9586999999999999,1,1.9586999999999999,6.0,inf
259,0,0.595969963163839,0.8006298868954913,-0.397795304898138,1.2857999999999998,1,1.2857999999999998,6.0,inf
259,1,0.595969963163839,0.8006298868954913,-0.397795304898138,1.2857999999999998,1,1.2857999999999998,6.0,inf
259,2,0.595969963163839,0.8006298868954913,-0.397795304898138,1.2857999999999998,1,1.2857999999999998,6.0,inf
259,3,0.595969963163839,0.8006298868954913,-0.397795304898138,1.2857999999999998,1,1.2857999999999998,6.0,inf
259,4,0.595969963163839,0.8006298868954913,-0.397795304898138,1.2857999999999998,1,1.2857999999999998,6.0,inf
259,5,0.595969963163839,0.8006298868954913,-0.397795304898138,1.2857999999999998,1,1.2857999999999998,6.0,inf
260,0,-0.9981917573951888,1.3570231469881544,-0.07709721823527416,3.2102999999999997,1,3.2102999999999997,6.0,inf
260,1,-0.9981917573951888,1.3570231469881544,-0.07709721823527416,3.2102999999999997,1,3.2102999999999997,6.0,inf
260,2,-0.9981917573951888,1.3570231469881544,-0.07709721823527416,3.2102999999999997,1,3.2102999999999997,6.0,inf
260,3,-0.9981917573951888,1.3570231469881544,-0.07709721823527416,3.2102999999999997,1,3.2102999999999997,6.0,inf
260,4,-0.9981917573951888,1.3570231469881544,-0.07709721823527416,3.2102999999999997,1,3.2102999999999997,6.0,inf
260,5,-0.9981917573951888,1.3570231469881544,-0.07709721823527416,3.2102999999999997,1,3.2102999999999997,6.0,inf
261,0,0.01659820776197429,-0.06530692947949879,-0.45368350688962816,4.3206,1,4.3206,6.0,inf
261,1,0.01659820776197429,-0.06530692947949879,-0.45368350688962816,4.3206,1,4.3206,6.0,inf
261,2,0.01659820776197429,-0.06530692947949879,-0.45368350688962816,4.3206,1,4.3206,6.0,inf
261,3,0.01659820776197429,-0.06530692947949879,-0.45368350688962816,4.3206,1,4.3206,6.0,inf
261,4,0.01659820776197429,-0.06530692947949879,-0.45368350688962816,4.3206,1,4.3206,6.0,inf
261,5,0.01659820776197429,-0.06530692947949879,-0.45368350688962816,4.3206,1,4.3206,6.0,inf
262,0,-2.0935118950334046,-1.2762989228671135,0.47362553759922965,6.0,0,6.3378,6.0,inf
262,1,-2.0935118950334046,-1.2762989228671135,0.47362553759922965,6.0,0,6.3378,6.0,inf
262,2,-2.0935118950334046,-1.2762989228671135,0.47362553759922965,6.0,0,6.3378,6.0,inf
262,3,-2.0935118950334046,-1.2762989228671135,0.47362553759922965,6.0,0,6.3378,6.0,inf
262,4,-2.0935118950334046,-1.2762989228671135,0.47362553759922965,6.0,0,6.3378,6.0,inf
262,5,-2.0935118950334046,-1.2762989228671135,0.47362553759922965,6.0,0,6.3378,6.0,inf
263,0,-0.1300827326427154,0.31729277839146697,-0.7821303504645334,3.5841,1,3.5841,6.0,inf
263,1,-0.1300827326427154,0.31729277839146697,-0.7821303504645334,3.5841,1,3.5841,6.0,inf
263,2,-0.1300827326427154,0.31729277839146697,-0.7821303504645334,3.5841,1,3.5841,6.0,inf
263,3,-0.1300827326427154,0.31729277839146697,-0.7821303504645334,3.5841,1,3.5841,6.0,inf
263,4,-0.1300827326427154,0.31729277839146697,-0.7821303504645334,3.5841,1,3.5841,6.0,inf
263,5,-0.1300827326427154,0.31729277839146697,-0.7821303504645334,3.5841,1,3.5841,6.0,inf
264,0,0.02963614315444669,-0.7200176363914261,1.008721003659141,1.4324999999999999,1,1.4324999999999999,6.0,inf
264,1,0.02963614315444669,-0.7200176363914261,1.008721003659141,1.4324999999999999,1,1.4324999999999999,6.0,inf
264,2,0.02963614315444669,-0.7200176363914261,1.008721003659141,1.4324999999999999,1,1.4324999999999999,6.0,inf
264,3,0.02963614315444669,-0.7200176363914261,1.008721003659141,1.4324999999999999,1,1.4324999999999999,6.0,inf
264,4,0.02963614315444669,-0.7200176363914261,1.008721003659141,1.4324999999999999,1,1.4324999999999999,6.0,inf
264,5,0.02963614315444669,-0.7200176363914261,1.008721003659141,1.4324999999999999,1,1.4324999999999999,6.0,inf
265,0,-1.5090460605495661,0.4128071177519644,-1.2492668334151114,6.0,0,8.0001,6.0,inf
265,1,-1.5090460605495661,0.4128071177519644,-1.2492668334151114,6.0,0,8.0001,6.0,inf
265,2,-1.5090460605495661,0.4128071177519644,-1.2492668334151114,6.0,0,8.0001,6.0,inf
265,3,-1.5090460605495661,0.4128071177519644,-1.2492668334151114,6.0,0,8.0001,6.0,inf
265,4,-1.5090460605495661,0.4128071177519644,-1.2492668334151114,6.0,0,8.0001,6.0,inf
265,5,-1.5090460605495661,0.4128071177519644,-1.2492668334151114,6.0,0,8.0001,6.0,inf
266,0,-0.8218162015041212,0.8923058439829694,0.21254823632724373,3.57,1,3.57,6.0,inf
266,1,-0.8218162015041212,0.8923058439829694,0.21254823632724373,3.57,1,3.57,6.0,inf
266,2,-0.8218162015041212,0.8923058439829694,0.21254823632724373,3.57,1,3.57,6.0,inf
266,3,-0.8218162015041212,0.8923058439829694,0.21254823632724373,3.57,1,3.57,6.0,inf
266,4,-0.8218162015041212,0.8923058439829694,0.21254823632724373,3.57,1,3.57,6.0,inf
266,5,-0.8218162015041212,0.8923058439829694,0.21254823632724373,3.57,1,3.57,6.0,inf
267,0,0.11041091227804185,1.2547228791552998,0.6553595773940125,1.1799,1,1.1799,6.0,inf
267,1,0.11041091227804185,1.2547228791552998,0.6553595773940125,1.1799,1,1.1799,6.0,inf
267,2,0.11041091227804185,1.2547228791552998,0.6553595773940125,1.1799,1,1.1799,6.0,inf
267,3,0.11041091227804185,1.2547228791552998,0.6553595773940125,1.1799,1,1.1799,6.0,inf
267,4,0.11041091227804185,1.2547228791552998,0.6553595773940125,1.1799,1,1.1799,6.0,inf
267,5,0.11041091227804185,1.2547228791552998,0.6553595773940125,1.1799,1,1.1799,6.0,inf
268,0,-1.097578689323591,-0.20578783107744625,-1.2047890115783169,6.0,0,8.0001,6.0,inf
268,1,-1.097578689323591,-0.20578783107744625,-1.2047890115783169,6.0,0,8.0001,6.0,inf
268,2,-1.097578689323591,-0.20578783107744625,-1.2047890115783169,6.0,0,8.0001,6.0,inf
268,3,-1.097578689323591,-0.20578783107744625,-1.2047890115783169,6.0,0,8.0001,6.0,inf
268,4,-1.097578689323591,-0.20578783107744625,-1.2047890115783169,6.0,0,8.0001,6.0,inf
268,5,-1.097578689323591,-0.20578783107744625,-1.2047890115783169,6.0,0,8.0001,6.0,inf
269,0,0.5233278726731417,0.4662930942912681,-0.11248390870686384,1.7693999999999999,1,1.7693999999999999,6.0,inf
269,1,0.5233278726731417,0.4662930942912681,-0.11248390870686384,1.7693999999999999,1,1.7693999999999999,6.0,inf
269,2,0.5233278726731417,0.4662930942912681,-0.11248390870686384,1.7693999999999999,1,1.7693999999999999,6.0,inf
269,3,0.5233278726731417,0.4662930942912681,-0.11248390870686384,1.7693999999999999,1,1.7693999999999999,6.0,inf
269,4,0.5233278726731417,0.4662930942912681,-0.11248390870686384,1.7693999999999999,1,1.7693999999999999,6.0,inf
269,5,0.5233278726731417,0.4662930942912681,-0.11248390870686384,1.7693999999999999,1,1.7693999999999999,6.0,inf
270,0,1.1271897443561179,-2.0640120840000957,-1.0389890454990511,4.591799999999999,1,4.591799999999999,6.0,inf
270,1,1.1271897443561179,-2.0640120840000957,-1.0389890454990511,4.591799999999999,1,4.591799999999999,6.0,inf
270,2,1.1271897443561179,-2.0640120840000957,-1.0389890454990511,4.591799999999999,1,4.591799999999999,6.0,inf
270,3,1.1271897443561179,-2.0640120840000957,-1.0389890454990511,4.591799999999999,1,4.591799999999999,6.0,inf
270,4,1.1271897443561179,-2.0640120840000957,-1.0389890454990511,4.591799999999999,1,4.591799999999999,6.0,inf
270,5,1.1271897443561179,-2.0640120840000957,-1.0389890454990511,4.591799999999999,1,4.591799999999999,6.0,inf
271,0,-1.5150919074052653,-1.086647228503069,-0.20425157079160278,6.0,0,8.0001,6.0,inf
271,1,-1.5150919074052653,-1.086647228503069,-0.20425157079160278,6.0,0,8.0001,6.0,inf
271,2,-1.5150919074052653,-1.086647228503069,-0.20425157079160278,6.0,0,8.0001,6.0,inf
271,3,-1.5150919074052653,-1.086647228503069,-0.20425157079160278,6.0,0,8.0001,6.0,inf
271,4,-1.5150919074052653,-1.086647228503069,-0.20425157079160278,6.0,0,8.0001,6.0,inf
271,5,-1.5150919074052653,-1.086647228503069,-0.20425157079160278,6.0,0,8.0001,6.0,inf
272,0,1.0370699101155074,1.5790484024699747,0.19808752831392223,1.4909999999999999,1,1.4909999999999999,6.0,inf
272,1,1.0370699101155074,1.5790484024699747,0.19808752831392223,1.4909999999999999,1,1.4909999999999999,6.0,inf
272,2,1.0370699101155074,1.5790484024699747,0.19808752831392223,1.4909999999999999,1,1.4909999999999999,6.0,inf
272,3,1.0370699101155074,1.5790484024699747,0.19808752831392223,1.4909999999999999,1,1.4909999999999999,6.0,inf
272,4,1.0370699101155074,1.5790484024699747,0.19808752831392223,1.4909999999999999,1,1.4909999999999999,6.0,inf
272,5,1.0370699101155074,1.5790484024699747,0.19808752831392223,1.4909999999999999,1,1.4909999999999999,6.0,inf
273,0,0.1959127083771462,-0.2864926548837947,-1.4226639498748188,5.898599999999999,1,5.898599999999999,6.0,inf
273,1,0.1959127083771462,-0.2864926548837947,-1.4226639498748188,5.898599999999999,1,5.898599999999999,6.0,inf
273,2,0.1959127083771462,-0.2864926548837947,-1.4226639498748188,5.898599999999999,1,5.898599999999999,6.0,inf
273,3,0.1959127083771462,-0.2864926548837947,-1.4226639498748188,5.898599999999999,1,5.898599999999999,6.0,inf
273,4,0.1959127083771462,-0.2864926548837947,-1.4226639498748188,5.898599999999999,1,5.898599999999999,6.0,inf
273,5,0.1959127083771462,-0.2864926548837947,-1.4226639498748188,5.898599999999999,1,5.898599999999999,6.0,inf
274,0,-0.8604321450608746,-1.5602559643086689,0.90019906838121,4.171799999999999,1,4.171799999999999,6.0,inf
274,1,-0.8604321450608746,-1.5602559643086689,0.90019906838121,4.171799999999999,1,4.171799999999999,6.0,inf
274,2,-0.8604321450608746,-1.5602559643086689,0.90019906838121,4.171799999999999,1,4.171799999999999,6.0,inf
274,3,-0.8604321450608746,-1.5602559643086689,0.90019906838121,4.171799999999999,1,4.171799999999999,6.0,inf
274,4,-0.8604321450608746,-1.5602559643086689,0.90019906838121,4.171799999999999,1,4.171799999999999,6.0,inf
274,5,-0.8604321450608746,-1.5602559643086689,0.90019906838121,4.171799999999999,1,4.171799999999999,6.0,inf
275,0,1.5741683019260122,-2.465356590705523,-0.9936020100085254,3.0368999999999997,1,3.0368999999999997,6.0,inf
275,1,1.5741683019260122,-2.465356590705523,-0.9936020100085254,3.0368999999999997,1,3.0368999999999997,6.0,inf
275,2,1.5741683019260122,-2.465356590705523,-0.9936020100085254,3.0368999999999997,1,3.0368999999999997,6.0,inf
275,3,1.5741683019260122,-2.465356590705523,-0.9936020100085254,3.0368999999999997,1,3.0368999999999997,6.0,inf
275,4,1.5741683019260122,-2.465356590705523,-0.9936020100085254,3.0368999999999997,1,3.0368999999999997,6.0,inf
275,5,1.5741683019260122,-2.465356590705523,-0.9936020100085254,3.0368999999999997,1,3.0368999999999997,6.0,inf
276,0,-0.2194616362396131,1.5461564271319101,-0.26687242858634885,0.2556,1,0.2556,6.0,inf
276,1,-0.2194616362396131,1.5461564271319101,-0.26687242858634885,0.2556,1,0.2556,6.0,inf
276,2,-0.2194616362396131,1.5461564271319101,-0.26687242858634885,0.2556,1,0.2556,6.0,inf
276,3,-0.2194616362396131,1.5461564271319101,-0.26687242858634885,0.2556,1,0.2556,6.0,inf
276,4,-0.2194616362396131,1.5461564271319101,-0.26687242858634885,0.2556,1,0.2556,6.0,inf
276,5,-0.2194616362396131,1.5461564271319101,-0.26687242858634885,0.2556,1,0.2556,6.0,inf
277,0,0.49640465918515386,-1.7958314287715083,0.38743189582497256,4.1898,1,4.1898,6.0,inf
277,1,0.49640465918515386,-1.7958314287715083,0.38743189582497256,4.1898,1,4.1898,6.0,inf
277,2,0.49640465918515386,-1.7958314287715083,0.38743189582497256,4.1898,1,4.1898,6.0,inf
277,3,0.49640465918515386,-1.7958314287715083,0.38743189582497256,4.1898,1,4.1898,6.0,inf
277,4,0.49640465918515386,-1.7958314287715083,0.38743189582497256,4.1898,1,4.1898,6.0,inf
277,5,0.49640465918515386,-1.7958314287715083,0.38743189582497256,4.1898,1,4.1898,6.0,inf
278,0,-0.48611308711711604,-0.16588662418709837,0.6308325568180101,0.8375999999999999,1,0.8375999999999999,6.0,inf
278,1,-0.48611308711711604,-0.16588662418709837,0.6308325568180101,0.8375999999999999,1,0.8375999999999999,6.0,inf
278,2,-0.48611308711711604,-0.16588662418709837,0.6308325568180101,0.8375999999999999,1,0.8375999999999999,6.0,inf
278,3,-0.48611308711711604,-0.16588662418709837,0.6308325568180101,0.8375999999999999,1,0.8375999999999999,6.0,inf
278,4,-0.48611308711711604,-0.16588662418709837,0.6308325568180101,0.8375999999999999,1,0.8375999999999999,6.0,inf
278,5,-0.48611308711711604,-0.16588662418709837,0.6308325568180101,0.8375999999999999,1,0.8375999999999999,6.0,inf
279,0,-0.847348096206302,-2.4133986573423534,0.4620473668947265,4.591799999999999,1,4.591799999999999,6.0,inf
279,1,-0.847348096206302,-2.4133986573423534,0.4620473668947265,4.591799999999999,1,4.591799999999999,6.0,inf
279,2,-0.847348096206302,-2.4133986573423534,0.4620473668947265,4.591799999999999,1,4.591799999999999,6.0,inf
279,3,-0.847348096206302,-2.4133986573423534,0.4620473668947265,4.591799999999999,1,4.591799999999999,6.0,inf
279,4,-0.847348096206302,-2.4133986573423534,0.4620473668947265,4.591799999999999,1,4.591799999999999,6.0,inf
279,5,-0.847348096206302,-2.4133986573423534,0.4620473668947265,4.591799999999999,1,4.591799999999999,6.0,inf
280,0,-1.9940056555675298,-0.6864440562982478,-0.3551518114682317,6.0,0,8.0001,6.0,inf
280,1,-1.9940056555675298,-0.6864440562982478,-0.3551518114682317,6.0,0,8.0001,6.0,inf
280,2,-1.9940056555675298,-0.6864440562982478,-0.3551518114682317,6.0,0,8.0001,6.0,inf
280,3,-1.9940056555675298,-0.6864440562982478,-0.3551518114682317,6.0,0,8.0001,6.0,inf
280,4,-1.9940056555675298,-0.6864440562982478,-0.3551518114682317,6.0,0,8.0001,6.0,inf
280,5,-1.9940056555675298,-0.6864440562982478,-0.3551518114682317,6.0,0,8.0001,6.0,inf
281,0,-0.74221740027422,0.22931611109673677,-0.4755496106907509,6.0,0,7.957799999999999,6.0,inf
281,1,-0.74221740027422,0.22931611109673677,-0.4755496106907509,6.0,0,7.957799999999999,6.0,inf
281,2,-0.74221740027422,0.22931611109673677,-0.4755496106907509,6.0,0,7.957799999999999,6.0,inf
281,3,-0.74221740027422,0.22931611109673677,-0.4755496106907509,6.0,0,7.957799999999999,6.0,inf
281,4,-0.74221740027422,0.22931611109673677,-0.4755496106907509,6.0,0,7.957799999999999,6.0,inf
281,5,-0.74221740027422,0.22931611109673677,-0.4755496106907509,6.0,0,7.957799999999999,6.0,inf
282,0,1.936767512578932,0.2689607588731377,0.09508479993278028,1.5725999999999998,1,1.5725999999999998,6.0,inf
282,1,1.936767512578932,0.2689607588731377,0.09508479993278028,1.5725999999999998,1,1.5725999999999998,6.0,inf
282,2,1.936767512578932,0.2689607588731377,0.09508479993278028,1.5725999999999998,1,1.5725999999999998,6.0,inf
282,3,1.936767512578932,0.2689607588731377,0.09508479993278028,1.5725999999999998,1,1.5725999999999998,6.0,inf
282,4,1.936767512578932,0.2689607588731377,0.09508479993278028,1.5725999999999998,1,1.5725999999999998,6.0,inf
282,5,1.936767512578932,0.2689607588731377,0.09508479993278028,1.5725999999999998,1,1.5725999999999998,6.0,inf
283,0,-0.9655905405323413,-0.6529974698111725,-1.6703371186646179,6.0,0,8.0001,6.0,inf
283,1,-0.9655905405323413,-0.6529974698111725,-1.6703371186646179,6.0,0,8.0001,6.0,inf
283,2,-0.9655905405323413,-0.6529974698111725,-1.6703371186646179,6.0,0,8.0001,6.0,inf
283,3,-0.9655905405323413,-0.6529974698111725,-1.6703371186646179,6.0,0,8.0001,6.0,inf
283,4,-0.9655905405323413,-0.6529974698111725,-1.6703371186646179,6.0,0,8.0001,6.0,inf
283,5,-0.9655905405323413,-0.6529974698111725,-1.6703371186646179,6.0,0,8.0001,6.0,inf
284,0,-0.8523420938478418,-0.06346183271112041,0.013683240216418655,5.7234,1,5.7234,6.0,inf
284,1,-0.8523420938478418,-0.06346183271112041,0.013683240216418655,5.7234,1,5.7234,6.0,inf
284,2,-0.8523420938478418,-0.06346183271112041,0.013683240216418655,5.7234,1,5.7234,6.0,inf
284,3,-0.8523420938478418,-0.06346183271112041,0.013683240216418655,5.7234,1,5.7234,6.0,inf
284,4,-0.8523420938478418,-0.06346183271112041,0.013683240216418655,5.7234,1,5.7234,6.0,inf
284,5,-0.8523420938478418,-0.06346183271112041,0.013683240216418655,5.7234,1,5.7234,6.0,inf
285,0,-0.986395225214625,0.18842495668106923,0.70085291080007,5.175,1,5.175,6.0,inf
285,1,-0.986395225214625,0.18842495668106923,0.70085291080007,5.175,1,5.175,6.0,inf
285,2,-0.986395225214625,0.18842495668106923,0.70085291080007,5.175,1,5.175,6.0,inf
285,3,-0.986395225214625,0.18842495668106923,0.70085291080007,5.175,1,5.175,6.0,inf
285,4,-0.986395225214625,0.18842495668106923,0.70085291080007,5.175,1,5.175,6.0,inf
285,5,-0.986395225214625,0.18842495668106923,0.70085291080007,5.175,1,5.175,6.0,inf
286,0,0.5284514932267017,-1.7126581369358216,0.09595375003679327,4.0100999999999996,1,4.0100999999999996,6.0,inf
286,1,0.5284514932267017,-1.7126581369358216,0.09595375003679327,4.0100999999999996,1,4.0100999999999996,6.0,inf
286,2,0.5284514932267017,-1.7126581369358216,0.09595375003679327,4.0100999999999996,1,4.0100999999999996,6.0,inf
286,3,0.5284514932267017,-1.7126581369358216,0.09595375003679327,4.0100999999999996,1,4.0100999999999996,6.0,inf
286,4,0.5284514932267017,-1.7126581369358216,0.09595375003679327,4.0100999999999996,1,4.0100999999999996,6.0,inf
286,5,0.5284514932267017,-1.7126581369358216,0.09595375003679327,4.0100999999999996,1,4.0100999999999996,6.0,inf
287,0,-0.8272168836938287,-0.7975037011969003,0.42508971999802153,4.826099999999999,1,4.826099999999999,6.0,inf
287,1,-0.8272168836938287,-0.7975037011969003,0.42508971999802153,4.826099999999999,1,4.826099999999999,6.0,inf
287,2,-0.8272168836938287,-0.7975037011969003,0.42508971999802153,4.826099999999999,1,4.826099999999999,6.0,inf
287,3,-0.8272168836938287,-0.7975037011969003,0.42508971999802153,4.826099999999999,1,4.826099999999999,6.0,inf
287,4,-0.8272168836938287,-0.7975037011969003,0.42508971999802153,4.826099999999999,1,4.826099999999999,6.0,inf
287,5,-0.8272168836938287,-0.7975037011969003,0.42508971999802153,4.826099999999999,1,4.826099999999999,6.0,inf
288,0,-0.563577223422872,-0.34019238669600876,-0.29020895661146784,4.164599999999999,1,4.164599999999999,6.0,inf
288,1,-0.563577223422872,-0.34019238669600876,-0.29020895661146784,4.164599999999999,1,4.164599999999999,6.0,inf
288,2,-0.563577223422872,-0.34019238669600876,-0.29020895661146784,4.164599999999999,1,4.164599999999999,6.0,inf
288,3,-0.563577223422872,-0.34019238669600876,-0.29020895661146784,4.164599999999999,1,4.164599999999999,6.0,inf
288,4,-0.563577223422872,-0.34019238669600876,-0.29020895661146784,4.164599999999999,1,4.164599999999999,6.0,inf
288,5,-0.563577223422872,-0.34019238669600876,-0.29020895661146784,4.164599999999999,1,4.164599999999999,6.0,inf
289,0,-0.5500605383970993,-0.10819293926533198,0.5354710635603923,1.8482999999999998,1,1.8482999999999998,6.0,inf
289,1,-0.5500605383970993,-0.10819293926533198,0.5354710635603923,1.8482999999999998,1,1.8482999999999998,6.0,inf
289,2,-0.5500605383970993,-0.10819293926533198,0.5354710635603923,1.8482999999999998,1,1.8482999999999998,6.0,inf
289,3,-0.5500605383970993,-0.10819293926533198,0.5354710635603923,1.8482999999999998,1,1.8482999999999998,6.0,inf
289,4,-0.5500605383970993,-0.10819293926533198,0.5354710635603923,1.8482999999999998,1,1.8482999999999998,6.0,inf
289,5,-0.5500605383970993,-0.10819293926533198,0.5354710635603923,1.8482999999999998,1,1.8482999999999998,6.0,inf
290,0,-0.5882572686756016,-1.4601994586279219,-2.325921082487489,6.0,0,7.320899999999999,6.0,inf
290,1,-0.5882572686756016,-1.4601994586279219,-2.325921082487489,6.0,0,7.320899999999999,6.0,inf
290,2,-0.5882572686756016,-1.4601994586279219,-2.325921082487489,6.0,0,7.320899999999999,6.0,inf
290,3,-0.5882572686756016,-1.4601994586279219,-2.325921082487489,6.0,0,7.320899999999999,6.0,inf
290,4,-0.5882572686756016,-1.4601994586279219,-2.325921082487489,6.0,0,7.320899999999999,6.0,inf
290,5,-0.5882572686756016,-1.4601994586279219,-2.325921082487489,6.0,0,7.320899999999999,6.0,inf
291,0,-0.072512475869303,-0.9723803795853005,0.28438548193001967,4.1166,1,4.1166,6.0,inf
291,1,-0.072512475869303,-0.9723803795853005,0.28438548193001967,4.1166,1,4.1166,6.0,inf
291,2,-0.072512475869303,-0.9723803795853005,0.28438548193001967,4.1166,1,4.1166,6.0,inf
291,3,-0.072512475869303,-0.9723803795853005,0.28438548193001967,4.1166,1,4.1166,6.0,inf
291,4,-0.072512475869303,-0.9723803795853005,0.28438548193001967,4.1166,1,4.1166,6.0,inf
291,5,-0.072512475869303,-0.9723803795853005,0.28438548193001967,4.1166,1,4.1166,6.0,inf
292,0,-1.3218234833448388,-0.4947182674577789,-1.6081943545683528,3.7337999999999996,1,3.7337999999999996,6.0,inf
292,1,-1.3218234833448388,-0.4947182674577789,-1.6081943545683528,3.7337999999999996,1,3.7337999999999996,6.0,inf
292,2,-1.3218234833448388,-0.4947182674577789,-1.6081943545683528,3.7337999999999996,1,3.7337999999999996,6.0,inf
292,3,-1.3218234833448388,-0.4947182674577789,-1.6081943545683528,3.7337999999999996,1,3.7337999999999996,6.0,inf
292,4,-1.3218234833448388,-0.4947182674577789,-1.6081943545683528,3.7337999999999996,1,3.7337999999999996,6.0,inf
292,5,-1.3218234833448388,-0.4947182674577789,-1.6081943545683528,3.7337999999999996,1,3.7337999999999996,6.0,inf
293,0,-1.937002416978723,1.3622067046910344,-0.6809594919066596,6.0,0,8.0001,6.0,inf
293,1,-1.937002416978723,1.3622067046910344,-0.6809594919066596,6.0,0,8.0001,6.0,inf
293,2,-1.937002416978723,1.3622067046910344,-0.6809594919066596,6.0,0,8.0001,6.0,inf
293,3,-1.937002416978723,1.3622067046910344,-0.6809594919066596,6.0,0,8.0001,6.0,inf
293,4,-1.937002416978723,1.3622067046910344,-0.6809594919066596,6.0,0,8.0001,6.0,inf
293,5,-1.937002416978723,1.3622067046910344,-0.6809594919066596,6.0,0,8.0001,6.0,inf
294,0,-0.012718519414432253,0.15467469899603284,-1.0130709430201588,2.5502999999999996,1,2.5502999999999996,6.0,inf
294,1,-0.012718519414432253,0.15467469899603284,-1.0130709430201588,2.5502999999999996,1,2.5502999999999996,6.0,inf
294,2,-0.012718519414432253,0.15467469899603284,-1.0130709430201588,2.5502999999999996,1,2.5502999999999996,6.0,inf
294,3,-0.012718519414432253,0.15467469899603284,-1.0130709430201588,2.5502999999999996,1,2.5502999999999996,6.0,inf
294,4,-0.012718519414432253,0.15467469899603284,-1.0130709430201588,2.5502999999999996,1,2.5502999999999996,6.0,inf
294,5,-0.012718519414432253,0.15467469899603284,-1.0130709430201588,2.5502999999999996,1,2.5502999999999996,6.0,inf
295,0,0.6206083413439661,-1.1267306251730744,1.2091646781590952,2.6492999999999998,1,2.6492999999999998,6.0,inf
295,1,0.6206083413439661,-1.1267306251730744,1.2091646781590952,2.6492999999999998,1,2.6492999999999998,6.0,inf
295,2,0.6206083413439661,-1.1267306251730744,1.2091646781590952,2.6492999999999998,1,2.6492999999999998,6.0,inf
295,3,0.6206083413439661,-1.1267306251730744,1.2091646781590952,2.6492999999999998,1,2.6492999999999998,6.0,inf
295,4,0.6206083413439661,-1.1267306251730744,1.2091646781590952,2.6492999999999998,1,2.6492999999999998,6.0,inf
295,5,0.6206083413439661,-1.1267306251730744,1.2091646781590952,2.6492999999999998,1,2.6492999999999998,6.0,inf
296,0,0.4829978463882777,0.4830446841320703,-1.3359008577598956,3.4376999999999995,1,3.4376999999999995,6.0,inf
296,1,0.4829978463882777,0.4830446841320703,-1.3359008577598956,3.4376999999999995,1,3.4376999999999995,6.0,inf
296,2,0.4829978463882777,0.4830446841320703,-1.3359008577598956,3.4376999999999995,1,3.4376999999999995,6.0,inf
296,3,0.4829978463882777,0.4830446841320703,-1.3359008577598956,3.4376999999999995,1,3.4376999999999995,6.0,inf
296,4,0.4829978463882777,0.4830446841320703,-1.3359008577598956,3.4376999999999995,1,3.4376999999999995,6.0,inf
296,5,0.4829978463882777,0.4830446841320703,-1.3359008577598956,3.4376999999999995,1,3.4376999999999995,6.0,inf
297,0,-0.44012105917786876,0.8934689271978399,0.0005275805624175527,1.2251999999999998,1,1.2251999999999998,6.0,inf
297,1,-0.44012105917786876,0.8934689271978399,0.0005275805624175527,1.2251999999999998,1,1.2251999999999998,6.0,inf
297,2,-0.44012105917786876,0.8934689271978399,0.0005275805624175527,1.2251999999999998,1,1.2251999999999998,6.0,inf
297,3,-0.44012105917786876,0.8934689271978399,0.0005275805624175527,1.2251999999999998,1,1.2251999999999998,6.0,inf
297,4,-0.44012105917786876,0.8934689271978399,0.0005275805624175527,1.2251999999999998,1,1.2251999999999998,6.0,inf
297,5,-0.44012105917786876,0.8934689271978399,0.0005275805624175527,1.2251999999999998,1,1.2251999999999998,6.0,inf
298,0,-1.9420225327831773,-0.282942369922169,0.6412673524338135,6.0,0,8.0001,6.0,inf
298,1,-1.9420225327831773,-0.282942369922169,0.6412673524338135,6.0,0,8.0001,6.0,inf
298,2,-1.9420225327831773,-0.282942369922169,0.6412673524338135,6.0,0,8.0001,6.0,inf
298,3,-1.9420225327831773,-0.282942369922169,0.6412673524338135,6.0,0,8.0001,6.0,inf
298,4,-1.9420225327831773,-0.282942369922169,0.6412673524338135,6.0,0,8.0001,6.0,inf
298,5,-1.9420225327831773,-0.282942369922169,0.6412673524338135,6.0,0,8.0001,6.0,inf
299,0,1.149208901974907,0.5453369470539168,1.0809701482080993,1.2872999999999999,1,1.2872999999999999,6.0,inf
299,1,1.149208901974907,0.5453369470539168,1.0809701482080993,1.2872999999999999,1,1.2872999999999999,6.0,inf
299,2,1.149208901974907,0.5453369470539168,1.0809701482080993,1.2872999999999999,1,1.2872999999999999,6.0,inf
299,3,1.149208901974907,0.5453369470539168,1.0809701482080993,1.2872999999999999,1,1.2872999999999999,6.0,inf
299,4,1.149208901974907,0.5453369470539168,1.0809701482080993,1.2872999999999999,1,1.2872999999999999,6.0,inf
299,5,1.149208901974907,0.5453369470539168,1.0809701482080993,1.2872999999999999,1,1.2872999999999999,6.0,inf
300,0,-0.6417872759289474,0.930845429551721,-0.477708597518577,1.2449999999999999,1,1.2449999999999999,6.0,inf
300,1,-0.6417872759289474,0.930845429551721,-0.477708597518577,1.2449999999999999,1,1.2449999999999999,6.0,inf
300,2,-0.6417872759289474,0.930845429551721,-0.477708597518577,1.2449999999999999,1,1.2449999999999999,6.0,inf
300,3,-0.6417872759289474,0.930845429551721,-0.477708597518577,1.2449999999999999,1,1.2449999999999999,6.0,inf
300,4,-0.6417872759289474,0.930845429551721,-0.477708597518577,1.2449999999999999,1,1.2449999999999999,6.0,inf
300,5,-0.6417872759289474,0.930845429551721,-0.477708597518577,1.2449999999999999,1,1.2449999999999999,6.0,inf
301,0,-1.132515108997705,0.21677999835537162,1.556824067714562,1.3956,1,1.3956,6.0,inf
301,1,-1.132515108997705,0.21677999835537162,1.556824067714562,1.3956,1,1.3956,6.0,inf
301,2,-1.132515108997705,0.21677999835537162,1.556824067714562,1.3956,1,1.3956,6.0,inf
301,3,-1.132515108997705,0.21677999835537162,1.556824067714562,1.3956,1,1.3956,6.0,inf
301,4,-1.132515108997705,0.21677999835537162,1.556824067714562,1.3956,1,1.3956,6.0,inf
301,5,-1.132515108997705,0.21677999835537162,1.556824067714562,1.3956,1,1.3956,6.0,inf
302,0,0.2996937703467983,0.3014708086550009,0.6195057304031367,1.7441999999999998,1,1.7441999999999998,6.0,inf
302,1,0.2996937703467983,0.3014708086550009,0.6195057304031367,1.7441999999999998,1,1.7441999999999998,6.0,inf
302,2,0.2996937703467983,0.3014708086550009,0.6195057304031367,1.7441999999999998,1,1.7441999999999998,6.0,inf
302,3,0.2996937703467983,0.3014708086550009,0.6195057304031367,1.7441999999999998,1,1.7441999999999998,6.0,inf
302,4,0.2996937703467983,0.3014708086550009,0.6195057304031367,1.7441999999999998,1,1.7441999999999998,6.0,inf
302,5,0.2996937703467983,0.3014708086550009,0.6195057304031367,1.7441999999999998,1,1.7441999999999998,6.0,inf
303,0,1.994032400837421,2.084463097749904,1.559224371839111,0.6854999999999999,1,0.6854999999999999,6.0,inf
303,1,1.994032400837421,2.084463097749904,1.559224371839111,0.6854999999999999,1,0.6854999999999999,6.0,inf
303,2,1.994032400837421,2.084463097749904,1.559224371839111,0.6854999999999999,1,0.6854999999999999,6.0,inf
303,3,1.994032400837421,2.084463097749904,1.559224371839111,0.6854999999999999,1,0.6854999999999999,6.0,inf
303,4,1.994032400837421,2.084463097749904,1.559224371839111,0.6854999999999999,1,0.6854999999999999,6.0,inf
303,5,1.994032400837421,2.084463097749904,1.559224371839111,0.6854999999999999,1,0.6854999999999999,6.0,inf
304,0,-1.3831639457488945,0.46360796255648345,0.8742195319816221,1.6049999999999998,1,1.6049999999999998,6.0,inf
304,1,-1.3831639457488945,0.46360796255648345,0.8742195319816221,1.6049999999999998,1,1.6049999999999998,6.0,inf
304,2,-1.3831639457488945,0.46360796255648345,0.8742195319816221,1.6049999999999998,1,1.6049999999999998,6.0,inf
304,3,-1.3831639457488945,0.46360796255648345,0.8742195319816221,1.6049999999999998,1,1.6049999999999998,6.0,inf
304,4,-1.3831639457488945,0.46360796255648345,0.8742195319816221,1.6049999999999998,1,1.6049999999999998,6.0,inf
304,5,-1.3831639457488945,0.46360796255648345,0.8742195319816221,1.6049999999999998,1,1.6049999999999998,6.0,inf
305,0,0.11481847276363726,0.6109590840148752,1.0818316111097983,1.7381999999999997,1,1.7381999999999997,6.0,inf
305,1,0.11481847276363726,0.6109590840148752,1.0818316111097983,1.7381999999999997,1,1.7381999999999997,6.0,inf
305,2,0.11481847276363726,0.6109590840148752,1.0818316111097983,1.7381999999999997,1,1.7381999999999997,6.0,inf
305,3,0.11481847276363726,0.6109590840148752,1.0818316111097983,1.7381999999999997,1,1.7381999999999997,6.0,inf
305,4,0.11481847276363726,0.6109590840148752,1.0818316111097983,1.7381999999999997,1,1.7381999999999997,6.0,inf
305,5,0.11481847276363726,0.6109590840148752,1.0818316111097983,1.7381999999999997,1,1.7381999999999997,6.0,inf
306,0,0.08361106849034028,2.247052939892137,-1.0193442945383742,2.1683999999999997,1,2.1683999999999997,6.0,inf
306,1,0.08361106849034028,2.247052939892137,-1.0193442945383742,2.1683999999999997,1,2.1683999999999997,6.0,inf
306,2,0.08361106849034028,2.247052939892137,-1.0193442945383742,2.1683999999999997,1,2.1683999999999997,6.0,inf
306,3,0.08361106849034028,2.247052939892137,-1.0193442945383742,2.1683999999999997,1,2.1683999999999997,6.0,inf
306,4,0.08361106849034028,2.247052939892137,-1.0193442945383742,2.1683999999999997,1,2.1683999999999997,6.0,inf
306,5,0.08361106849034028,2.247052939892137,-1.0193442945383742,2.1683999999999997,1,2.1683999999999997,6.0,inf
307,0,-0.4056004129583359,0.60342767224721,-0.347989877912901,3.0365999999999995,1,3.0365999999999995,6.0,inf
307,1,-0.4056004129583359,0.60342767224721,-0.347989877912901,3.0365999999999995,1,3.0365999999999995,6.0,inf
307,2,-0.4056004129583359,0.60342767224721,-0.347989877912901,3.0365999999999995,1,3.0365999999999995,6.0,inf
307,3,-0.4056004129583359,0.60342767224721,-0.347989877912901,3.0365999999999995,1,3.0365999999999995,6.0,inf
307,4,-0.4056004129583359,0.60342767224721,-0.347989877912901,3.0365999999999995,1,3.0365999999999995,6.0,inf
307,5,-0.4056004129583359,0.60342767224721,-0.347989877912901,3.0365999999999995,1,3.0365999999999995,6.0,inf
308,0,1.5322316623244712,0.30638132346771235,0.2979425132296679,2.2070999999999996,1,2.2070999999999996,6.0,inf
308,1,1.5322316623244712,0.30638132346771235,0.2979425132296679,2.2070999999999996,1,2.2070999999999996,6.0,inf
308,2,1.5322316623244712,0.30638132346771235,0.2979425132296679,2.2070999999999996,1,2.2070999999999996,6.0,inf
308,3,1.5322316623244712,0.30638132346771235,0.2979425132296679,2.2070999999999996,1,2.2070999999999996,6.0,inf
308,4,1.5322316623244712,0.30638132346771235,0.2979425132296679,2.2070999999999996,1,2.2070999999999996,6.0,inf
308,5,1.5322316623244712,0.30638132346771235,0.2979425132296679,2.2070999999999996,1,2.2070999999999996,6.0,inf
309,0,-0.6766118018644075,-0.5302028978488214,0.30164984895470803,3.7037999999999998,1,3.7037999999999998,6.0,inf
309,1,-0.6766118018644075,-0.5302028978488214,0.30164984895470803,3.7037999999999998,1,3.7037999999999998,6.0,inf
309,2,-0.6766118018644075,-0.5302028978488214,0.30164984895470803,3.7037999999999998,1,3.7037999999999998,6.0,inf
309,3,-0.6766118018644075,-0.5302028978488214,0.30164984895470803,3.7037999999999998,1,3.7037999999999998,6.0,inf
309,4,-0.6766118018644075,-0.5302028978488214,0.30164984895470803,3.7037999999999998,1,3.7037999999999998,6.0,inf
309,5,-0.6766118018644075,-0.5302028978488214,0.30164984895470803,3.7037999999999998,1,3.7037999999999998,6.0,inf
310,0,-2.083598361009669,1.4467294044429173,-1.3349112646198373,6.0,0,8.0001,6.0,inf
310,1,-2.083598361009669,1.4467294044429173,-1.3349112646198373,6.0,0,8.0001,6.0,inf
310,2,-2.083598361009669,1.4467294044429173,-1.3349112646198373,6.0,0,8.0001,6.0,inf
310,3,-2.083598361009669,1.4467294044429173,-1.3349112646198373,6.0,0,8.0001,6.0,inf
310,4,-2.083598361009669,1.4467294044429173,-1.3349112646198373,6.0,0,8.0001,6.0,inf
310,5,-2.083598361009669,1.4467294044429173,-1.3349112646198373,6.0,0,8.0001,6.0,inf
311,0,-0.4374573248086009,0.030783694822614355,-1.1380770088422876,5.7863999999999995,1,5.7863999999999995,6.0,inf
311,1,-0.4374573248086009,0.030783694822614355,-1.1380770088422876,5.7863999999999995,1,5.7863999999999995,6.0,inf
311,2,-0.4374573248086009,0.030783694822614355,-1.1380770088422876,5.7863999999999995,1,5.7863999999999995,6.0,inf
311,3,-0.4374573248086009,0.030783694822614355,-1.1380770088422876,5.7863999999999995,1,5.7863999999999995,6.0,inf
311,4,-0.4374573248086009,0.030783694822614355,-1.1380770088422876,5.7863999999999995,1,5.7863999999999995,6.0,inf
311,5,-0.4374573248086009,0.030783694822614355,-1.1380770088422876,5.7863999999999995,1,5.7863999999999995,6.0,inf
312,0,-0.02971049855613684,-0.29659151992332605,0.048082334674324684,4.3998,1,4.3998,6.0,inf
312,1,-0.02971049855613684,-0.29659151992332605,0.048082334674324684,4.3998,1,4.3998,6.0,inf
312,2,-0.02971049855613684,-0.29659151992332605,0.048082334674324684,4.3998,1,4.3998,6.0,inf
312,3,-0.02971049855613684,-0.29659151992332605,0.048082334674324684,4.3998,1,4.3998,6.0,inf
312,4,-0.02971049855613684,-0.29659151992332605,0.048082334674324684,4.3998,1,4.3998,6.0,inf
312,5,-0.02971049855613684,-0.29659151992332605,0.048082334674324684,4.3998,1,4.3998,6.0,inf
313,0,1.4283236617380017,0.49214719115359457,-0.36829455503980546,1.5968999999999998,1,1.5968999999999998,6.0,inf
313,1,1.4283236617380017,0.49214719115359457,-0.36829455503980546,1.5968999999999998,1,1.5968999999999998,6.0,inf
313,2,1.4283236617380017,0.49214719115359457,-0.36829455503980546,1.5968999999999998,1,1.5968999999999998,6.0,inf
313,3,1.4283236617380017,0.49214719115359457,-0.36829455503980546,1.5968999999999998,1,1.5968999999999998,6.0,inf
313,4,1.4283236617380017,0.49214719115359457,-0.36829455503980546,1.5968999999999998,1,1.5968999999999998,6.0,inf
313,5,1.4283236617380017,0.49214719115359457,-0.36829455503980546,1.5968999999999998,1,1.5968999999999998,6.0,inf
314,0,0.7011246419045964,1.1746154139630014,-1.5101997519940988,2.7794999999999996,1,2.7794999999999996,6.0,inf
314,1,0.7011246419045964,1.1746154139630014,-1.5101997519940988,2.7794999999999996,1,2.7794999999999996,6.0,inf
314,2,0.7011246419045964,1.1746154139630014,-1.5101997519940988,2.7794999999999996,1,2.7794999999999996,6.0,inf
314,3,0.7011246419045964,1.1746154139630014,-1.5101997519940988,2.7794999999999996,1,2.7794999999999996,6.0,inf
314,4,0.7011246419045964,1.1746154139630014,-1.5101997519940988,2.7794999999999996,1,2.7794999999999996,6.0,inf
314,5,0.7011246419045964,1.1746154139630014,-1.5101997519940988,2.7794999999999996,1,2.7794999999999996,6.0,inf
315,0,0.8632704748136262,-0.21539543934291994,0.7852158342208239,2.4435,1,2.4435,6.0,inf
315,1,0.8632704748136262,-0.21539543934291994,0.7852158342208239,2.4435,1,2.4435,6.0,inf
315,2,0.8632704748136262,-0.21539543934291994,0.7852158342208239,2.4435,1,2.4435,6.0,inf
315,3,0.8632704748136262,-0.21539543934291994,0.7852158342208239,2.4435,1,2.4435,6.0,inf
315,4,0.8632704748136262,-0.21539543934291994,0.7852158342208239,2.4435,1,2.4435,6.0,inf
315,5,0.8632704748136262,-0.21539543934291994,0.7852158342208239,2.4435,1,2.4435,6.0,inf
316,0,1.7104461555007646,1.4381541799582833,-0.021127192975906768,0.8819999999999999,1,0.8819999999999999,6.0,inf
316,1,1.7104461555007646,1.4381541799582833,-0.021127192975906768,0.8819999999999999,1,0.8819999999999999,6.0,inf
316,2,1.7104461555007646,1.4381541799582833,-0.021127192975906768,0.8819999999999999,1,0.8819999999999999,6.0,inf
316,3,1.7104461555007646,1.4381541799582833,-0.021127192975906768,0.8819999999999999,1,0.8819999999999999,6.0,inf
316,4,1.7104461555007646,1.4381541799582833,-0.021127192975906768,0.8819999999999999,1,0.8819999999999999,6.0,inf
316,5,1.7104461555007646,1.4381541799582833,-0.021127192975906768,0.8819999999999999,1,0.8819999999999999,6.0,inf
317,0,-0.994737897096066,-0.4523987954993149,-0.6379179331192514,3.1769999999999996,1,3.1769999999999996,6.0,inf
317,1,-0.994737897096066,-0.4523987954993149,-0.6379179331192514,3.1769999999999996,1,3.1769999999999996,6.0,inf
317,2,-0.994737897096066,-0.4523987954993149,-0.6379179331192514,3.1769999999999996,1,3.1769999999999996,6.0,inf
317,3,-0.994737897096066,-0.4523987954993149,-0.6379179331192514,3.1769999999999996,1,3.1769999999999996,6.0,inf
317,4,-0.994737897096066,-0.4523987954993149,-0.6379179331192514,3.1769999999999996,1,3.1769999999999996,6.0,inf
317,5,-0.994737897096066,-0.4523987954993149,-0.6379179331192514,3.1769999999999996,1,3.1769999999999996,6.0,inf
318,0,0.753471668134684,-1.2301495369034703,1.697314273593416,1.1507999999999998,1,1.1507999999999998,6.0,inf
318,1,0.753471668134684,-1.2301495369034703,1.697314273593416,1.1507999999999998,1,1.1507999999999998,6.0,inf
318,2,0.753471668134684,-1.2301495369034703,1.697314273593416,1.1507999999999998,1,1.1507999999999998,6.0,inf
318,3,0.753471668134684,-1.2301495369034703,1.697314273593416,1.1507999999999998,1,1.1507999999999998,6.0,inf
318,4,0.753471668134684,-1.2301495369034703,1.697314273593416,1.1507999999999998,1,1.1507999999999998,6.0,inf
318,5,0.753471668134684,-1.2301495369034703,1.697314273593416,1.1507999999999998,1,1.1507999999999998,6.0,inf
319,0,1.376760980113297,-0.7399580181255286,1.0092307574422885,2.1348,1,2.1348,6.0,inf
319,1,1.376760980113297,-0.7399580181255286,1.0092307574422885,2.1348,1,2.1348,6.0,inf
319,2,1.376760980113297,-0.7399580181255286,1.0092307574422885,2.1348,1,2.1348,6.0,inf
319,3,1.376760980113297,-0.7399580181255286,1.0092307574422885,2.1348,1,2.1348,6.0,inf
319,4,1.376760980113297,-0.7399580181255286,1.0092307574422885,2.1348,1,2.1348,6.0,inf
319,5,1.376760980113297,-0.7399580181255286,1.0092307574422885,2.1348,1,2.1348,6.0,inf
320,0,0.1909458561283796,0.9737174322156286,0.33311433259463497,1.68,1,1.68,6.0,inf
320,1,0.1909458561283796,0.9737174322156286,0.33311433259463497,1.68,1,1.68,6.0,inf
320,2,0.1909458561283796,0.9737174322156286,0.33311433259463497,1.68,1,1.68,6.0,inf
320,3,0.1909458561283796,0.9737174322156286,0.33311433259463497,1.68,1,1.68,6.0,inf
320,4,0.1909458561283796,0.9737174322156286,0.33311433259463497,1.68,1,1.68,6.0,inf
320,5,0.1909458561283796,0.9737174322156286,0.33311433259463497,1.68,1,1.68,6.0,inf
321,0,-0.3599111003714633,0.6992704175593736,-1.5607123693655025,5.337899999999999,1,5.337899999999999,6.0,inf
321,1,-0.3599111003714633,0.6992704175593736,-1.5607123693655025,5.337899999999999,1,5.337899999999999,6.0,inf
321,2,-0.3599111003714633,0.6992704175593736,-1.5607123693655025,5.337899999999999,1,5.337899999999999,6.0,inf
321,3,-0.3599111003714633,0.6992704175593736,-1.5607123693655025,5.337899999999999,1,5.337899999999999,6.0,inf
321,4,-0.3599111003714633,0.6992704175593736,-1.5607123693655025,5.337899999999999,1,5.337899999999999,6.0,inf
321,5,-0.3599111003714633,0.6992704175593736,-1.5607123693655025,5.337899999999999,1,5.337899999999999,6.0,inf
322,0,-0.46242727565214814,-2.4002274763566778,1.0495194531312093,5.1183,1,5.1183,6.0,inf
322,1,-0.46242727565214814,-2.4002274763566778,1.0495194531312093,5.1183,1,5.1183,6.0,inf
322,2,-0.46242727565214814,-2.4002274763566778,1.0495194531312093,5.1183,1,5.1183,6.0,inf
322,3,-0.46242727565214814,-2.4002274763566778,1.0495194531312093,5.1183,1,5.1183,6.0,inf
322,4,-0.46242727565214814,-2.4002274763566778,1.0495194531312093,5.1183,1,5.1183,6.0,inf
322,5,-0.46242727565214814,-2.4002274763566778,1.0495194531312093,5.1183,1,5.1183,6.0,inf
323,0,0.6287256645023809,0.24470461685060213,0.11851870609192872,2.2161,1,2.2161,6.0,inf
323,1,0.6287256645023809,0.24470461685060213,0.11851870609192872,2.2161,1,2.2161,6.0,inf
323,2,0.6287256645023809,0.24470461685060213,0.11851870609192872,2.2161,1,2.2161,6.0,inf
323,3,0.6287256645023809,0.24470461685060213,0.11851870609192872,2.2161,1,2.2161,6.0,inf
323,4,0.6287256645023809,0.24470461685060213,0.11851870609192872,2.2161,1,2.2161,6.0,inf
323,5,0.6287256645023809,0.24470461685060213,0.11851870609192872,2.2161,1,2.2161,6.0,inf
324,0,-1.5869599118989137,-0.18173048907261571,0.9033563661980132,1.6634999999999998,1,1.6634999999999998,6.0,inf
324,1,-1.5869599118989137,-0.18173048907261571,0.9033563661980132,1.6634999999999998,1,1.6634999999999998,6.0,inf
324,2,-1.5869599118989137,-0.18173048907261571,0.9033563661980132,1.6634999999999998,1,1.6634999999999998,6.0,inf
324,3,-1.5869599118989137,-0.18173048907261571,0.9033563661980132,1.6634999999999998,1,1.6634999999999998,6.0,inf
324,4,-1.5869599118989137,-0.18173048907261571,0.9033563661980132,1.6634999999999998,1,1.6634999999999998,6.0,inf
324,5,-1.5869599118989137,-0.18173048907261571,0.9033563661980132,1.6634999999999998,1,1.6634999999999998,6.0,inf
325,0,0.7737219056464811,0.7842765824983593,0.40711561205946617,1.1784,1,1.1784,6.0,inf
325,1,0.7737219056464811,0.7842765824983593,0.40711561205946617,1.1784,1,1.1784,6.0,inf
325,2,0.7737219056464811,0.7842765824983593,0.40711561205946617,1.1784,1,1.1784,6.0,inf
325,3,0.7737219056464811,0.7842765824983593,0.40711561205946617,1.1784,1,1.1784,6.0,inf
325,4,0.7737219056464811,0.7842765824983593,0.40711561205946617,1.1784,1,1.1784,6.0,inf
325,5,0.7737219056464811,0.7842765824983593,0.40711561205946617,1.1784,1,1.1784,6.0,inf
326,0,-1.2559391798510804,1.0135443856820558,0.28815909995510947,6.0,0,8.0001,6.0,inf
326,1,-1.2559391798510804,1.0135443856820558,0.28815909995510947,6.0,0,8.0001,6.0,inf
326,2,-1.2559391798510804,1.0135443856820558,0.28815909995510947,6.0,0,8.0001,6.0,inf
326,3,-1.2559391798510804,1.0135443856820558,0.28815909995510947,6.0,0,8.0001,6.0,inf
326,4,-1.2559391798510804,1.0135443856820558,0.28815909995510947,6.0,0,8.0001,6.0,inf
326,5,-1.2559391798510804,1.0135443856820558,0.28815909995510947,6.0,0,8.0001,6.0,inf
327,0,0.43150462914638016,0.8769475600153234,-0.28569517063163735,2.6235,1,2.6235,6.0,inf
327,1,0.43150462914638016,0.8769475600153234,-0.28569517063163735,2.6235,1,2.6235,6.0,inf
327,2,0.43150462914638016,0.8769475600153234,-0.28569517063163735,2.6235,1,2.6235,6.0,inf
327,3,0.43150462914638016,0.8769475600153234,-0.28569517063163735,2.6235,1,2.6235,6.0,inf
327,4,0.43150462914638016,0.8769475600153234,-0.28569517063163735,2.6235,1,2.6235,6.0,inf
327,5,0.43150462914638016,0.8769475600153234,-0.28569517063163735,2.6235,1,2.6235,6.0,inf
328,0,-0.17278598802005443,0.5527056758342852,1.3184765778806795,1.6092,1,1.6092,6.0,inf
328,1,-0.17278598802005443,0.5527056758342852,1.3184765778806795,1.6092,1,1.6092,6.0,inf
328,2,-0.17278598802005443,0.5527056758342852,1.3184765778806795,1.6092,1,1.6092,6.0,inf
328,3,-0.17278598802005443,0.5527056758342852,1.3184765778806795,1.6092,1,1.6092,6.0,inf
328,4,-0.17278598802005443,0.5527056758342852,1.3184765778806795,1.6092,1,1.6092,6.0,inf
328,5,-0.17278598802005443,0.5527056758342852,1.3184765778806795,1.6092,1,1.6092,6.0,inf
329,0,0.9099205399179012,3.4087177926804437,0.7795535249249606,0.3216,1,0.3216,6.0,inf
329,1,0.9099205399179012,3.4087177926804437,0.7795535249249606,0.3216,1,0.3216,6.0,inf
329,2,0.9099205399179012,3.4087177926804437,0.7795535249249606,0.3216,1,0.3216,6.0,inf
329,3,0.9099205399179012,3.4087177926804437,0.7795535249249606,0.3216,1,0.3216,6.0,inf
329,4,0.9099205399179012,3.4087177926804437,0.7795535249249606,0.3216,1,0.3216,6.0,inf
329,5,0.9099205399179012,3.4087177926804437,0.7795535249249606,0.3216,1,0.3216,6.0,inf
330,0,-1.666767527024865,-0.3732442714466825,0.21916010720635176,2.0162999999999998,1,2.0162999999999998,6.0,inf
330,1,-1.666767527024865,-0.3732442714466825,0.21916010720635176,2.0162999999999998,1,2.0162999999999998,6.0,inf
330,2,-1.666767527024865,-0.3732442714466825,0.21916010720635176,2.0162999999999998,1,2.0162999999999998,6.0,inf
330,3,-1.666767527024865,-0.3732442714466825,0.21916010720635176,2.0162999999999998,1,2.0162999999999998,6.0,inf
330,4,-1.666767527024865,-0.3732442714466825,0.21916010720635176,2.0162999999999998,1,2.0162999999999998,6.0,inf
330,5,-1.666767527024865,-0.3732442714466825,0.21916010720635176,2.0162999999999998,1,2.0162999999999998,6.0,inf
331,0,-1.7217370789021829,0.5317478528478088,0.30176067639746224,6.0,0,8.0001,6.0,inf
331,1,-1.7217370789021829,0.5317478528478088,0.30176067639746224,6.0,0,8.0001,6.0,inf
331,2,-1.7217370789021829,0.5317478528478088,0.30176067639746224,6.0,0,8.0001,6.0,inf
331,3,-1.7217370789021829,0.5317478528478088,0.30176067639746224,6.0,0,8.0001,6.0,inf
331,4,-1.7217370789021829,0.5317478528478088,0.30176067639746224,6.0,0,8.0001,6.0,inf
331,5,-1.7217370789021829,0.5317478528478088,0.30176067639746224,6.0,0,8.0001,6.0,inf
332,0,0.6513210081558285,1.4641516607955245,-0.4796416992817737,2.3703,1,2.3703,6.0,inf
332,1,0.6513210081558285,1.4641516607955245,-0.4796416992817737,2.3703,1,2.3703,6.0,inf
332,2,0.6513210081558285,1.4641516607955245,-0.4796416992817737,2.3703,1,2.3703,6.0,inf
332,3,0.6513210081558285,1.4641516607955245,-0.4796416992817737,2.3703,1,2.3703,6.0,inf
332,4,0.6513210081558285,1.4641516607955245,-0.4796416992817737,2.3703,1,2.3703,6.0,inf
332,5,0.6513210081558285,1.4641516607955245,-0.4796416992817737,2.3703,1,2.3703,6.0,inf
333,0,-0.0382692048784235,1.3756979103175184,-1.5519468616711525,2.9402999999999997,1,2.9402999999999997,6.0,inf
333,1,-0.0382692048784235,1.3756979103175184,-1.5519468616711525,2.9402999999999997,1,2.9402999999999997,6.0,inf
333,2,-0.0382692048784235,1.3756979103175184,-1.5519468616711525,2.9402999999999997,1,2.9402999999999997,6.0,inf
333,3,-0.0382692048784235,1.3756979103175184,-1.5519468616711525,2.9402999999999997,1,2.9402999999999997,6.0,inf
333,4,-0.0382692048784235,1.3756979103175184,-1.5519468616711525,2.9402999999999997,1,2.9402999999999997,6.0,inf
333,5,-0.0382692048784235,1.3756979103175184,-1.5519468616711525,2.9402999999999997,1,2.9402999999999997,6.0,inf
334,0,-0.7768802864990394,1.241487727554493,-0.023270689358718687,2.2914,1,2.2914,6.0,inf
334,1,-0.7768802864990394,1.241487727554493,-0.023270689358718687,2.2914,1,2.2914,6.0,inf
334,2,-0.7768802864990394,1.241487727554493,-0.023270689358718687,2.2914,1,2.2914,6.0,inf
334,3,-0.7768802864990394,1.241487727554493,-0.023270689358718687,2.2914,1,2.2914,6.0,inf
334,4,-0.7768802864990394,1.241487727554493,-0.023270689358718687,2.2914,1,2.2914,6.0,inf
334,5,-0.7768802864990394,1.241487727554493,-0.023270689358718687,2.2914,1,2.2914,6.0,inf
335,0,-0.3472628411946762,0.875430472506188,1.1439603463279318,1.2632999999999999,1,1.2632999999999999,6.0,inf
335,1,-0.3472628411946762,0.875430472506188,1.1439603463279318,1.2632999999999999,1,1.2632999999999999,6.0,inf
335,2,-0.3472628411946762,0.875430472506188,1.1439603463279318,1.2632999999999999,1,1.2632999999999999,6.0,inf
335,3,-0.3472628411946762,0.875430472506188,1.1439603463279318,1.2632999999999999,1,1.2632999999999999,6.0,inf
335,4,-0.3472628411946762,0.875430472506188,1.1439603463279318,1.2632999999999999,1,1.2632999999999999,6.0,inf
335,5,-0.3472628411946762,0.875430472506188,1.1439603463279318,1.2632999999999999,1,1.2632999999999999,6.0,inf
336,0,1.4956869995169884,-0.3397654267598401,-0.0969877229514286,2.0541,1,2.0541,6.0,inf
336,1,1.4956869995169884,-0.3397654267598401,-0.0969877229514286,2.0541,1,2.0541,6.0,inf
336,2,1.4956869995169884,-0.3397654267598401,-0.0969877229514286,2.0541,1,2.0541,6.0,inf
336,3,1.4956869995169884,-0.3397654267598401,-0.0969877229514286,2.0541,1,2.0541,6.0,inf
336,4,1.4956869995169884,-0.3397654267598401,-0.0969877229514286,2.0541,1,2.0541,6.0,inf
336,5,1.4956869995169884,-0.3397654267598401,-0.0969877229514286,2.0541,1,2.0541,6.0,inf
337,0,-0.577511332901407,-1.112720411062701,0.8903478449326616,1.9545,1,1.9545,6.0,inf
337,1,-0.577511332901407,-1.112720411062701,0.8903478449326616,1.9545,1,1.9545,6.0,inf
337,2,-0.577511332901407,-1.112720411062701,0.8903478449326616,1.9545,1,1.9545,6.0,inf
337,3,-0.577511332901407,-1.112720411062701,0.8903478449326616,1.9545,1,1.9545,6.0,inf
337,4,-0.577511332901407,-1.112720411062701,0.8903478449326616,1.9545,1,1.9545,6.0,inf
337,5,-0.577511332901407,-1.112720411062701,0.8903478449326616,1.9545,1,1.9545,6.0,inf
338,0,-0.3930406159651952,-0.08911255060721955,-1.0098464039050101,3.9038999999999997,1,3.9038999999999997,6.0,inf
338,1,-0.3930406159651952,-0.08911255060721955,-1.0098464039050101,3.9038999999999997,1,3.9038999999999997,6.0,inf
338,2,-0.3930406159651952,-0.08911255060721955,-1.0098464039050101,3.9038999999999997,1,3.9038999999999997,6.0,inf
338,3,-0.3930406159651952,-0.08911255060721955,-1.0098464039050101,3.9038999999999997,1,3.9038999999999997,6.0,inf
338,4,-0.3930406159651952,-0.08911255060721955,-1.0098464039050101,3.9038999999999997,1,3.9038999999999997,6.0,inf
338,5,-0.3930406159651952,-0.08911255060721955,-1.0098464039050101,3.9038999999999997,1,3.9038999999999997,6.0,inf
339,0,0.05598252410049629,-0.3168295998421416,-0.7436915227467293,4.975499999999999,1,4.975499999999999,6.0,inf
339,1,0.05598252410049629,-0.3168295998421416,-0.7436915227467293,4.975499999999999,1,4.975499999999999,6.0,inf
339,2,0.05598252410049629,-0.3168295998421416,-0.7436915227467293,4.975499999999999,1,4.975499999999999,6.0,inf
339,3,0.05598252410049629,-0.3168295998421416,-0.7436915227467293,4.975499999999999,1,4.975499999999999,6.0,inf
339,4,0.05598252410049629,-0.3168295998421416,-0.7436915227467293,4.975499999999999,1,4.975499999999999,6.0,inf
339,5,0.05598252410049629,-0.3168295998421416,-0.7436915227467293,4.975499999999999,1,4.975499999999999,6.0,inf
340,0,-0.05079922906485773,1.8166259683432906,1.8978430399997366,1.0086,1,1.0086,6.0,inf
340,1,-0.05079922906485773,1.8166259683432906,1.8978430399997366,1.0086,1,1.0086,6.0,inf
340,2,-0.05079922906485773,1.8166259683432906,1.8978430399997366,1.0086,1,1.0086,6.0,inf
340,3,-0.05079922906485773,1.8166259683432906,1.8978430399997366,1.0086,1,1.0086,6.0,inf
340,4,-0.05079922906485773,1.8166259683432906,1.8978430399997366,1.0086,1,1.0086,6.0,inf
340,5,-0.05079922906485773,1.8166259683432906,1.8978430399997366,1.0086,1,1.0086,6.0,inf
341,0,-0.1033702603078338,0.960698741227897,0.7763719125180712,1.4792999999999998,1,1.4792999999999998,6.0,inf
341,1,-0.1033702603078338,0.960698741227897,0.7763719125180712,1.4792999999999998,1,1.4792999999999998,6.0,inf
341,2,-0.1033702603078338,0.960698741227897,0.7763719125180712,1.4792999999999998,1,1.4792999999999998,6.0,inf
341,3,-0.1033702603078338,0.960698741227897,0.7763719125180712,1.4792999999999998,1,1.4792999999999998,6.0,inf
341,4,-0.1033702603078338,0.960698741227897,0.7763719125180712,1.4792999999999998,1,1.4792999999999998,6.0,inf
341,5,-0.1033702603078338,0.960698741227897,0.7763719125180712,1.4792999999999998,1,1.4792999999999998,6.0,inf
342,0,-0.9494118211239917,-1.4568042326267425,-0.9782722186016007,6.0,0,7.307999999999999,6.0,inf
342,1,-0.9494118211239917,-1.4568042326267425,-0.9782722186016007,6.0,0,7.307999999999999,6.0,inf
342,2,-0.9494118211239917,-1.4568042326267425,-0.9782722186016007,6.0,0,7.307999999999999,6.0,inf
342,3,-0.9494118211239917,-1.4568042326267425,-0.9782722186016007,6.0,0,7.307999999999999,6.0,inf
342,4,-0.9494118211239917,-1.4568042326267425,-0.9782722186016007,6.0,0,7.307999999999999,6.0,inf
342,5,-0.9494118211239917,-1.4568042326267425,-0.9782722186016007,6.0,0,7.307999999999999,6.0,inf
343,0,-0.02288035002966873,-2.4166288622854535,0.5870727830113773,3.2114999999999996,1,3.2114999999999996,6.0,inf
343,1,-0.02288035002966873,-2.4166288622854535,0.5870727830113773,3.2114999999999996,1,3.2114999999999996,6.0,inf
343,2,-0.02288035002966873,-2.4166288622854535,0.5870727830113773,3.2114999999999996,1,3.2114999999999996,6.0,inf
343,3,-0.02288035002966873,-2.4166288622854535,0.5870727830113773,3.2114999999999996,1,3.2114999999999996,6.0,inf
343,4,-0.02288035002966873,-2.4166288622854535,0.5870727830113773,3.2114999999999996,1,3.2114999999999996,6.0,inf
343,5,-0.02288035002966873,-2.4166288622854535,0.5870727830113773,3.2114999999999996,1,3.2114999999999996,6.0,inf
344,0,0.5543461799891163,1.5523323888922897,0.02502439838276554,0.3525,1,0.3525,6.0,inf
344,1,0.5543461799891163,1.5523323888922897,0.02502439838276554,0.3525,1,0.3525,6.0,inf
344,2,0.5543461799891163,1.5523323888922897,0.02502439838276554,0.3525,1,0.3525,6.0,inf
344,3,0.5543461799891163,1.5523323888922897,0.02502439838276554,0.3525,1,0.3525,6.0,inf
344,4,0.5543461799891163,1.5523323888922897,0.02502439838276554,0.3525,1,0.3525,6.0,inf
344,5,0.5543461799891163,1.5523323888922897,0.02502439838276554,0.3525,1,0.3525,6.0,inf
345,0,0.20127365113366721,-0.2099834817262468,0.9830903518073446,2.0669999999999997,1,2.0669999999999997,6.0,inf
345,1,0.20127365113366721,-0.2099834817262468,0.9830903518073446,2.0669999999999997,1,2.0669999999999997,6.0,inf
345,2,0.20127365113366721,-0.2099834817262468,0.9830903518073446,2.0669999999999997,1,2.0669999999999997,6.0,inf
345,3,0.20127365113366721,-0.2099834817262468,0.9830903518073446,2.0669999999999997,1,2.0669999999999997,6.0,inf
345,4,0.20127365113366721,-0.2099834817262468,0.9830903518073446,2.0669999999999997,1,2.0669999999999997,6.0,inf
345,5,0.20127365113366721,-0.2099834817262468,0.9830903518073446,2.0669999999999997,1,2.0669999999999997,6.0,inf
346,0,1.650767231853536,0.697076121336347,0.45603369615597694,0.9950999999999999,1,0.9950999999999999,6.0,inf
346,1,1.650767231853536,0.697076121336347,0.45603369615597694,0.9950999999999999,1,0.9950999999999999,6.0,inf
346,2,1.650767231853536,0.697076121336347,0.45603369615597694,0.9950999999999999,1,0.9950999999999999,6.0,inf
346,3,1.650767231853536,0.697076121336347,0.45603369615597694,0.9950999999999999,1,0.9950999999999999,6.0,inf
346,4,1.650767231853536,0.697076121336347,0.45603369615597694,0.9950999999999999,1,0.9950999999999999,6.0,inf
346,5,1.650767231853536,0.697076121336347,0.45603369615597694,0.9950999999999999,1,0.9950999999999999,6.0,inf
347,0,-0.6690520282627407,-0.4508159591143272,1.0922884259317749,2.5454999999999997,1,2.5454999999999997,6.0,inf
347,1,-0.6690520282627407,-0.4508159591143272,1.0922884259317749,2.5454999999999997,1,2.5454999999999997,6.0,inf
347,2,-0.6690520282627407,-0.4508159591143272,1.0922884259317749,2.5454999999999997,1,2.5454999999999997,6.0,inf
347,3,-0.6690520282627407,-0.4508159591143272,1.0922884259317749,2.5454999999999997,1,2.5454999999999997,6.0,inf
347,4,-0.6690520282627407,-0.4508159591143272,1.0922884259317749,2.5454999999999997,1,2.5454999999999997,6.0,inf
347,5,-0.6690520282627407,-0.4508159591143272,1.0922884259317749,2.5454999999999997,1,2.5454999999999997,6.0,inf
348,0,0.7041014458295559,-1.4930084429851196,0.29539013509635254,3.4883999999999995,1,3.4883999999999995,6.0,inf
348,1,0.7041014458295559,-1.4930084429851196,0.29539013509635254,3.4883999999999995,1,3.4883999999999995,6.0,inf
348,2,0.7041014458295559,-1.4930084429851196,0.29539013509635254,3.4883999999999995,1,3.4883999999999995,6.0,inf
348,3,0.7041014458295559,-1.4930084429851196,0.29539013509635254,3.4883999999999995,1,3.4883999999999995,6.0,inf
348,4,0.7041014458295559,-1.4930084429851196,0.29539013509635254,3.4883999999999995,1,3.4883999999999995,6.0,inf
348,5,0.7041014458295559,-1.4930084429851196,0.29539013509635254,3.4883999999999995,1,3.4883999999999995,6.0,inf
349,0,0.6690861959094505,-0.5081845926485336,-1.3880018939607255,4.1129999999999995,1,4.1129999999999995,6.0,inf
349,1,0.6690861959094505,-0.5081845926485336,-1.3880018939607255,4.1129999999999995,1,4.1129999999999995,6.0,inf
349,2,0.6690861959094505,-0.5081845926485336,-1.3880018939607255,4.1129999999999995,1,4.1129999999999995,6.0,inf
349,3,0.6690861959094505,-0.5081845926485336,-1.3880018939607255,4.1129999999999995,1,4.1129999999999995,6.0,inf
349,4,0.6690861959094505,-0.5081845926485336,-1.3880018939607255,4.1129999999999995,1,4.1129999999999995,6.0,inf
349,5,0.6690861959094505,-0.5081845926485336,-1.3880018939607255,4.1129999999999995,1,4.1129999999999995,6.0,inf
350,0,0.13601097251876787,0.16884578580106155,1.237905129046296,1.1076,1,1.1076,6.0,inf
350,1,0.13601097251876787,0.16884578580106155,1.237905129046296,1.1076,1,1.1076,6.0,inf
350,2,0.13601097251876787,0.16884578580106155,1.237905129046296,1.1076,1,1.1076,6.0,inf
350,3,0.13601097251876787,0.16884578580106155,1.237905129046296,1.1076,1,1.1076,6.0,inf
350,4,0.13601097251876787,0.16884578580106155,1.237905129046296,1.1076,1,1.1076,6.0,inf
350,5,0.13601097251876787,0.16884578580106155,1.237905129046296,1.1076,1,1.1076,6.0,inf
351,0,-0.9132985798535654,-0.20427191372452072,-0.4599017393820341,5.4948,1,5.4948,6.0,inf
351,1,-0.9132985798535654,-0.20427191372452072,-0.4599017393820341,5.4948,1,5.4948,6.0,inf
351,2,-0.9132985798535654,-0.20427191372452072,-0.4599017393820341,5.4948,1,5.4948,6.0,inf
351,3,-0.9132985798535654,-0.20427191372452072,-0.4599017393820341,5.4948,1,5.4948,6.0,inf
351,4,-0.9132985798535654,-0.20427191372452072,-0.4599017393820341,5.4948,1,5.4948,6.0,inf
351,5,-0.9132985798535654,-0.20427191372452072,-0.4599017393820341,5.4948,1,5.4948,6.0,inf
352,0,-0.47166084884325804,-0.565726599261575,0.48608338764406805,4.7493,1,4.7493,6.0,inf
352,1,-0.47166084884325804,-0.565726599261575,0.48608338764406805,4.7493,1,4.7493,6.0,inf
352,2,-0.47166084884325804,-0.565726599261575,0.48608338764406805,4.7493,1,4.7493,6.0,inf
352,3,-0.47166084884325804,-0.565726599261575,0.48608338764406805,4.7493,1,4.7493,6.0,inf
352,4,-0.47166084884325804,-0.565726599261575,0.48608338764406805,4.7493,1,4.7493,6.0,inf
352,5,-0.47166084884325804,-0.565726599261575,0.48608338764406805,4.7493,1,4.7493,6.0,inf
353,0,-1.8292984281518267,-1.126501633174329,0.0497389366562301,6.0,0,8.0001,6.0,inf
353,1,-1.8292984281518267,-1.126501633174329,0.0497389366562301,6.0,0,8.0001,6.0,inf
353,2,-1.8292984281518267,-1.126501633174329,0.0497389366562301,6.0,0,8.0001,6.0,inf
353,3,-1.8292984281518267,-1.126501633174329,0.0497389366562301,6.0,0,8.0001,6.0,inf
353,4,-1.8292984281518267,-1.126501633174329,0.0497389366562301,6.0,0,8.0001,6.0,inf
353,5,-1.8292984281518267,-1.126501633174329,0.0497389366562301,6.0,0,8.0001,6.0,inf
354,0,-0.5526346945178195,-1.6018882766997227,-0.7837832899889523,5.3126999999999995,1,5.3126999999999995,6.0,inf
354,1,-0.5526346945178195,-1.6018882766997227,-0.7837832899889523,5.3126999999999995,1,5.3126999999999995,6.0,inf
354,2,-0.5526346945178195,-1.6018882766997227,-0.7837832899889523,5.3126999999999995,1,5.3126999999999995,6.0,inf
354,3,-0.5526346945178195,-1.6018882766997227,-0.7837832899889523,5.3126999999999995,1,5.3126999999999995,6.0,inf
354,4,-0.5526346945178195,-1.6018882766997227,-0.7837832899889523,5.3126999999999995,1,5.3126999999999995,6.0,inf
354,5,-0.5526346945178195,-1.6018882766997227,-0.7837832899889523,5.3126999999999995,1,5.3126999999999995,6.0,inf
355,0,-1.2220363569026056,1.1977399720202933,-0.9231174764023558,6.0,0,8.0001,6.0,inf
355,1,-1.2220363569026056,1.1977399720202933,-0.9231174764023558,6.0,0,8.0001,6.0,inf
355,2,-1.2220363569026056,1.1977399720202933,-0.9231174764023558,6.0,0,8.0001,6.0,inf
355,3,-1.2220363569026056,1.1977399720202933,-0.9231174764023558,6.0,0,8.0001,6.0,inf
355,4,-1.2220363569026056,1.1977399720202933,-0.9231174764023558,6.0,0,8.0001,6.0,inf
355,5,-1.2220363569026056,1.1977399720202933,-0.9231174764023558,6.0,0,8.0001,6.0,inf
356,0,1.8063392258693438,-0.2963218308343839,-0.5754660012318168,2.0793,1,2.0793,6.0,inf
356,1,1.8063392258693438,-0.2963218308343839,-0.5754660012318168,2.0793,1,2.0793,6.0,inf
356,2,1.8063392258693438,-0.2963218308343839,-0.5754660012318168,2.0793,1,2.0793,6.0,inf
356,3,1.8063392258693438,-0.2963218308343839,-0.5754660012318168,2.0793,1,2.0793,6.0,inf
356,4,1.8063392258693438,-0.2963218308343839,-0.5754660012318168,2.0793,1,2.0793,6.0,inf
356,5,1.8063392258693438,-0.2963218308343839,-0.5754660012318168,2.0793,1,2.0793,6.0,inf
357,0,0.20632618950494894,-1.536396141399384,1.2267829759980435,1.2248999999999999,1,1.2248999999999999,6.0,inf
357,1,0.20632618950494894,-1.536396141399384,1.2267829759980435,1.2248999999999999,1,1.2248999999999999,6.0,inf
357,2,0.20632618950494894,-1.536396141399384,1.2267829759980435,1.2248999999999999,1,1.2248999999999999,6.0,inf
357,3,0.20632618950494894,-1.536396141399384,1.2267829759980435,1.2248999999999999,1,1.2248999999999999,6.0,inf
357,4,0.20632618950494894,-1.536396141399384,1.2267829759980435,1.2248999999999999,1,1.2248999999999999,6.0,inf
357,5,0.20632618950494894,-1.536396141399384,1.2267829759980435,1.2248999999999999,1,1.2248999999999999,6.0,inf
358,0,0.7112388688920854,-0.42926903189570287,-1.0070371053190619,3.1035,1,3.1035,6.0,inf
358,1,0.7112388688920854,-0.42926903189570287,-1.0070371053190619,3.1035,1,3.1035,6.0,inf
358,2,0.7112388688920854,-0.42926903189570287,-1.0070371053190619,3.1035,1,3.1035,6.0,inf
358,3,0.7112388688920854,-0.42926903189570287,-1.0070371053190619,3.1035,1,3.1035,6.0,inf
358,4,0.7112388688920854,-0.42926903189570287,-1.0070371053190619,3.1035,1,3.1035,6.0,inf
358,5,0.7112388688920854,-0.42926903189570287,-1.0070371053190619,3.1035,1,3.1035,6.0,inf
359,0,-1.4937670772281746,-0.4611964418901377,1.2277658413683157,2.6094,1,2.6094,6.0,inf
359,1,-1.4937670772281746,-0.4611964418901377,1.2277658413683157,2.6094,1,2.6094,6.0,inf
359,2,-1.4937670772281746,-0.4611964418901377,1.2277658413683157,2.6094,1,2.6094,6.0,inf
359,3,-1.4937670772281746,-0.4611964418901377,1.2277658413683157,2.6094,1,2.6094,6.0,inf
359,4,-1.4937670772281746,-0.4611964418901377,1.2277658413683157,2.6094,1,2.6094,6.0,inf
359,5,-1.4937670772281746,-0.4611964418901377,1.2277658413683157,2.6094,1,2.6094,6.0,inf
360,0,-0.4394617374883984,-0.07165969441227979,1.1538553229845077,1.5834,1,1.5834,6.0,inf
360,1,-0.4394617374883984,-0.07165969441227979,1.1538553229845077,1.5834,1,1.5834,6.0,inf
360,2,-0.4394617374883984,-0.07165969441227979,1.1538553229845077,1.5834,1,1.5834,6.0,inf
360,3,-0.4394617374883984,-0.07165969441227979,1.1538553229845077,1.5834,1,1.5834,6.0,inf
360,4,-0.4394617374883984,-0.07165969441227979,1.1538553229845077,1.5834,1,1.5834,6.0,inf
360,5,-0.4394617374883984,-0.07165969441227979,1.1538553229845077,1.5834,1,1.5834,6.0,inf
361,0,-1.3846687664947293,-1.5252515687311734,-0.2034984308402856,6.0,0,6.552,6.0,inf
361,1,-1.3846687664947293,-1.5252515687311734,-0.2034984308402856,6.0,0,6.552,6.0,inf
361,2,-1.3846687664947293,-1.5252515687311734,-0.2034984308402856,6.0,0,6.552,6.0,inf
361,3,-1.3846687664947293,-1.5252515687311734,-0.2034984308402856,6.0,0,6.552,6.0,inf
361,4,-1.3846687664947293,-1.5252515687311734,-0.2034984308402856,6.0,0,6.552,6.0,inf
361,5,-1.3846687664947293,-1.5252515687311734,-0.2034984308402856,6.0,0,6.552,6.0,inf
362,0,-0.33495661150470807,-0.30252051318873463,-0.08647869166825116,3.0206999999999997,1,3.0206999999999997,6.0,inf
362,1,-0.33495661150470807,-0.30252051318873463,-0.08647869166825116,3.0206999999999997,1,3.0206999999999997,6.0,inf
362,2,-0.33495661150470807,-0.30252051318873463,-0.08647869166825116,3.0206999999999997,1,3.0206999999999997,6.0,inf
362,3,-0.33495661150470807,-0.30252051318873463,-0.08647869166825116,3.0206999999999997,1,3.0206999999999997,6.0,inf
362,4,-0.33495661150470807,-0.30252051318873463,-0.08647869166825116,3.0206999999999997,1,3.0206999999999997,6.0,inf
362,5,-0.33495661150470807,-0.30252051318873463,-0.08647869166825116,3.0206999999999997,1,3.0206999999999997,6.0,inf
363,0,1.7254944659547442,0.9319762281539813,0.20574938652919028,1.1358,1,1.1358,6.0,inf
363,1,1.7254944659547442,0.9319762281539813,0.20574938652919028,1.1358,1,1.1358,6.0,inf
363,2,1.7254944659547442,0.9319762281539813,0.20574938652919028,1.1358,1,1.1358,6.0,inf
363,3,1.7254944659547442,0.9319762281539813,0.20574938652919028,1.1358,1,1.1358,6.0,inf
363,4,1.7254944659547442,0.9319762281539813,0.20574938652919028,1.1358,1,1.1358,6.0,inf
363,5,1.7254944659547442,0.9319762281539813,0.20574938652919028,1.1358,1,1.1358,6.0,inf
364,0,1.1433178820762255,0.5288623933381694,-0.5963474925031338,1.8197999999999999,1,1.8197999999999999,6.0,inf
364,1,1.1433178820762255,0.5288623933381694,-0.5963474925031338,1.8197999999999999,1,1.8197999999999999,6.0,inf
364,2,1.1433178820762255,0.5288623933381694,-0.5963474925031338,1.8197999999999999,1,1.8197999999999999,6.0,inf
364,3,1.1433178820762255,0.5288623933381694,-0.5963474925031338,1.8197999999999999,1,1.8197999999999999,6.0,inf
364,4,1.1433178820762255,0.5288623933381694,-0.5963474925031338,1.8197999999999999,1,1.8197999999999999,6.0,inf
364,5,1.1433178820762255,0.5288623933381694,-0.5963474925031338,1.8197999999999999,1,1.8197999999999999,6.0,inf
365,0,0.6402336270652322,0.5118838758522336,-0.21590583358665671,2.5850999999999997,1,2.5850999999999997,6.0,inf
365,1,0.6402336270652322,0.5118838758522336,-0.21590583358665671,2.5850999999999997,1,2.5850999999999997,6.0,inf
365,2,0.6402336270652322,0.5118838758522336,-0.21590583358665671,2.5850999999999997,1,2.5850999999999997,6.0,inf
365,3,0.6402336270652322,0.5118838758522336,-0.21590583358665671,2.5850999999999997,1,2.5850999999999997,6.0,inf
365,4,0.6402336270652322,0.5118838758522336,-0.21590583358665671,2.5850999999999997,1,2.5850999999999997,6.0,inf
365,5,0.6402336270652322,0.5118838758522336,-0.21590583358665671,2.5850999999999997,1,2.5850999999999997,6.0,inf
366,0,-0.7738456824331349,-0.6823354146735453,0.145000938161423,5.9772,1,5.9772,6.0,inf
366,1,-0.7738456824331349,-0.6823354146735453,0.145000938161423,5.9772,1,5.9772,6.0,inf
366,2,-0.7738456824331349,-0.6823354146735453,0.145000938161423,5.9772,1,5.9772,6.0,inf
366,3,-0.7738456824331349,-0.6823354146735453,0.145000938161423,5.9772,1,5.9772,6.0,inf
366,4,-0.7738456824331349,-0.6823354146735453,0.145000938161423,5.9772,1,5.9772,6.0,inf
366,5,-0.7738456824331349,-0.6823354146735453,0.145000938161423,5.9772,1,5.9772,6.0,inf
367,0,1.9864560310989932,0.039646869529402856,-0.5601875362665804,2.2550999999999997,1,2.2550999999999997,6.0,inf
367,1,1.9864560310989932,0.039646869529402856,-0.5601875362665804,2.2550999999999997,1,2.2550999999999997,6.0,inf
367,2,1.9864560310989932,0.039646869529402856,-0.5601875362665804,2.2550999999999997,1,2.2550999999999997,6.0,inf
367,3,1.9864560310989932,0.039646869529402856,-0.5601875362665804,2.2550999999999997,1,2.2550999999999997,6.0,inf
367,4,1.9864560310989932,0.039646869529402856,-0.5601875362665804,2.2550999999999997,1,2.2550999999999997,6.0,inf
367,5,1.9864560310989932,0.039646869529402856,-0.5601875362665804,2.2550999999999997,1,2.2550999999999997,6.0,inf
368,0,0.46688570920962486,-0.3692501068215671,-0.6691674695281055,4.146299999999999,1,4.146299999999999,6.0,inf
368,1,0.46688570920962486,-0.3692501068215671,-0.6691674695281055,4.146299999999999,1,4.146299999999999,6.0,inf
368,2,0.46688570920962486,-0.3692501068215671,-0.6691674695281055,4.146299999999999,1,4.146299999999999,6.0,inf
368,3,0.46688570920962486,-0.3692501068215671,-0.6691674695281055,4.146299999999999,1,4.146299999999999,6.0,inf
368,4,0.46688570920962486,-0.3692501068215671,-0.6691674695281055,4.146299999999999,1,4.146299999999999,6.0,inf
368,5,0.46688570920962486,-0.3692501068215671,-0.6691674695281055,4.146299999999999,1,4.146299999999999,6.0,inf
369,0,-1.598312970922831,-0.45510414722258663,-1.748005233800863,6.0,0,8.0001,6.0,inf
369,1,-1.598312970922831,-0.45510414722258663,-1.748005233800863,6.0,0,8.0001,6.0,inf
369,2,-1.598312970922831,-0.45510414722258663,-1.748005233800863,6.0,0,8.0001,6.0,inf
369,3,-1.598312970922831,-0.45510414722258663,-1.748005233800863,6.0,0,8.0001,6.0,inf
369,4,-1.598312970922831,-0.45510414722258663,-1.748005233800863,6.0,0,8.0001,6.0,inf
369,5,-1.598312970922831,-0.45510414722258663,-1.748005233800863,6.0,0,8.0001,6.0,inf
370,0,0.5400941724551859,0.9672461428944574,0.2141020493998294,1.8231,1,1.8231,6.0,inf
370,1,0.5400941724551859,0.9672461428944574,0.2141020493998294,1.8231,1,1.8231,6.0,inf
370,2,0.5400941724551859,0.9672461428944574,0.2141020493998294,1.8231,1,1.8231,6.0,inf
370,3,0.5400941724551859,0.9672461428944574,0.2141020493998294,1.8231,1,1.8231,6.0,inf
370,4,0.5400941724551859,0.9672461428944574,0.2141020493998294,1.8231,1,1.8231,6.0,inf
370,5,0.5400941724551859,0.9672461428944574,0.2141020493998294,1.8231,1,1.8231,6.0,inf
371,0,1.2740683810004048,-2.168574526522212,-1.5761752276561611,3.5292,1,3.5292,6.0,inf
371,1,1.2740683810004048,-2.168574526522212,-1.5761752276561611,3.5292,1,3.5292,6.0,inf
371,2,1.2740683810004048,-2.168574526522212,-1.5761752276561611,3.5292,1,3.5292,6.0,inf
371,3,1.2740683810004048,-2.168574526522212,-1.5761752276561611,3.5292,1,3.5292,6.0,inf
371,4,1.2740683810004048,-2.168574526522212,-1.5761752276561611,3.5292,1,3.5292,6.0,inf
371,5,1.2740683810004048,-2.168574526522212,-1.5761752276561611,3.5292,1,3.5292,6.0,inf
372,0,0.8726423314658275,-0.29429747253481564,0.7760788871474258,2.2257,1,2.2257,6.0,inf
372,1,0.8726423314658275,-0.29429747253481564,0.7760788871474258,2.2257,1,2.2257,6.0,inf
372,2,0.8726423314658275,-0.29429747253481564,0.7760788871474258,2.2257,1,2.2257,6.0,inf
372,3,0.8726423314658275,-0.29429747253481564,0.7760788871474258,2.2257,1,2.2257,6.0,inf
372,4,0.8726423314658275,-0.29429747253481564,0.7760788871474258,2.2257,1,2.2257,6.0,inf
372,5,0.8726423314658275,-0.29429747253481564,0.7760788871474258,2.2257,1,2.2257,6.0,inf
373,0,-0.5906013784055412,0.396716466557117,0.23603976611401906,2.7782999999999998,1,2.7782999999999998,6.0,inf
373,1,-0.5906013784055412,0.396716466557117,0.23603976611401906,2.7782999999999998,1,2.7782999999999998,6.0,inf
373,2,-0.5906013784055412,0.396716466557117,0.23603976611401906,2.7782999999999998,1,2.7782999999999998,6.0,inf
373,3,-0.5906013784055412,0.396716466557117,0.23603976611401906,2.7782999999999998,1,2.7782999999999998,6.0,inf
373,4,-0.5906013784055412,0.396716466557117,0.23603976611401906,2.7782999999999998,1,2.7782999999999998,6.0,inf
373,5,-0.5906013784055412,0.396716466557117,0.23603976611401906,2.7782999999999998,1,2.7782999999999998,6.0,inf
374,0,-1.5915503039075898,0.5246849840102547,-1.6091343993771838,6.0,0,8.0001,6.0,inf
374,1,-1.5915503039075898,0.5246849840102547,-1.6091343993771838,6.0,0,8.0001,6.0,inf
374,2,-1.5915503039075898,0.5246849840102547,-1.6091343993771838,6.0,0,8.0001,6.0,inf
374,3,-1.5915503039075898,0.5246849840102547,-1.6091343993771838,6.0,0,8.0001,6.0,inf
374,4,-1.5915503039075898,0.5246849840102547,-1.6091343993771838,6.0,0,8.0001,6.0,inf
374,5,-1.5915503039075898,0.5246849840102547,-1.6091343993771838,6.0,0,8.0001,6.0,inf
375,0,0.0018565047256440385,0.9149161972603157,-1.5535118391666138,4.2996,1,4.2996,6.0,inf
375,1,0.0018565047256440385,0.9149161972603157,-1.5535118391666138,4.2996,1,4.2996,6.0,inf
375,2,0.0018565047256440385,0.9149161972603157,-1.5535118391666138,4.2996,1,4.2996,6.0,inf
375,3,0.0018565047256440385,0.9149161972603157,-1.5535118391666138,4.2996,1,4.2996,6.0,inf
375,4,0.0018565047256440385,0.9149161972603157,-1.5535118391666138,4.2996,1,4.2996,6.0,inf
375,5,0.0018565047256440385,0.9149161972603157,-1.5535118391666138,4.2996,1,4.2996,6.0,inf
376,0,-0.5042053541702529,1.7820575541161252,0.6504359946370716,1.4097,1,1.4097,6.0,inf
376,1,-0.5042053541702529,1.7820575541161252,0.6504359946370716,1.4097,1,1.4097,6.0,inf
376,2,-0.5042053541702529,1.7820575541161252,0.6504359946370716,1.4097,1,1.4097,6.0,inf
376,3,-0.5042053541702529,1.7820575541161252,0.6504359946370716,1.4097,1,1.4097,6.0,inf
376,4,-0.5042053541702529,1.7820575541161252,0.6504359946370716,1.4097,1,1.4097,6.0,inf
376,5,-0.5042053541702529,1.7820575541161252,0.6504359946370716,1.4097,1,1.4097,6.0,inf
377,0,1.2767779159985324,-0.5521608792516598,-1.3980639591632464,3.6419999999999995,1,3.6419999999999995,6.0,inf
377,1,1.2767779159985324,-0.5521608792516598,-1.3980639591632464,3.6419999999999995,1,3.6419999999999995,6.0,inf
377,2,1.2767779159985324,-0.5521608792516598,-1.3980639591632464,3.6419999999999995,1,3.6419999999999995,6.0,inf
377,3,1.2767779159985324,-0.5521608792516598,-1.3980639591632464,3.6419999999999995,1,3.6419999999999995,6.0,inf
377,4,1.2767779159985324,-0.5521608792516598,-1.3980639591632464,3.6419999999999995,1,3.6419999999999995,6.0,inf
377,5,1.2767779159985324,-0.5521608792516598,-1.3980639591632464,3.6419999999999995,1,3.6419999999999995,6.0,inf
378,0,1.1760288798000778,-1.436420255662251,-0.08715057316414955,2.5484999999999998,1,2.5484999999999998,6.0,inf
378,1,1.1760288798000778,-1.436420255662251,-0.08715057316414955,2.5484999999999998,1,2.5484999999999998,6.0,inf
378,2,1.1760288798000778,-1.436420255662251,-0.08715057316414955,2.5484999999999998,1,2.5484999999999998,6.0,inf
378,3,1.1760288798000778,-1.436420255662251,-0.08715057316414955,2.5484999999999998,1,2.5484999999999998,6.0,inf
378,4,1.1760288798000778,-1.436420255662251,-0.08715057316414955,2.5484999999999998,1,2.5484999999999998,6.0,inf
378,5,1.1760288798000778,-1.436420255662251,-0.08715057316414955,2.5484999999999998,1,2.5484999999999998,6.0,inf
379,0,0.4630286855462878,0.5625954073102599,1.3156880340204484,1.5338999999999998,1,1.5338999999999998,6.0,inf
379,1,0.4630286855462878,0.5625954073102599,1.3156880340204484,1.5338999999999998,1,1.5338999999999998,6.0,inf
379,2,0.4630286855462878,0.5625954073102599,1.3156880340204484,1.5338999999999998,1,1.5338999999999998,6.0,inf
379,3,0.4630286855462878,0.5625954073102599,1.3156880340204484,1.5338999999999998,1,1.5338999999999998,6.0,inf
379,4,0.4630286855462878,0.5625954073102599,1.3156880340204484,1.5338999999999998,1,1.5338999999999998,6.0,inf
379,5,0.4630286855462878,0.5625954073102599,1.3156880340204484,1.5338999999999998,1,1.5338999999999998,6.0,inf
380,0,0.30422642960982293,0.24632665587723537,0.7353800441894052,2.0412,1,2.0412,6.0,inf
380,1,0.30422642960982293,0.24632665587723537,0.7353800441894052,2.0412,1,2.0412,6.0,inf
380,2,0.30422642960982293,0.24632665587723537,0.7353800441894052,2.0412,1,2.0412,6.0,inf
380,3,0.30422642960982293,0.24632665587723537,0.7353800441894052,2.0412,1,2.0412,6.0,inf
380,4,0.30422642960982293,0.24632665587723537,0.7353800441894052,2.0412,1,2.0412,6.0,inf
380,5,0.30422642960982293,0.24632665587723537,0.7353800441894052,2.0412,1,2.0412,6.0,inf
381,0,-0.8732826885911179,2.2744873931893252,0.5712557024675023,0.6164999999999999,1,0.6164999999999999,6.0,inf
381,1,-0.8732826885911179,2.2744873931893252,0.5712557024675023,0.6164999999999999,1,0.6164999999999999,6.0,inf
381,2,-0.8732826885911179,2.2744873931893252,0.5712557024675023,0.6164999999999999,1,0.6164999999999999,6.0,inf
381,3,-0.8732826885911179,2.2744873931893252,0.5712557024675023,0.6164999999999999,1,0.6164999999999999,6.0,inf
381,4,-0.8732826885911179,2.2744873931893252,0.5712557024675023,0.6164999999999999,1,0.6164999999999999,6.0,inf
381,5,-0.8732826885911179,2.2744873931893252,0.5712557024675023,0.6164999999999999,1,0.6164999999999999,6.0,inf
382,0,1.5469887704616292,-1.0898898146070983,0.5625124960500315,2.1035999999999997,1,2.1035999999999997,6.0,inf
382,1,1.5469887704616292,-1.0898898146070983,0.5625124960500315,2.1035999999999997,1,2.1035999999999997,6.0,inf
382,2,1.5469887704616292,-1.0898898146070983,0.5625124960500315,2.1035999999999997,1,2.1035999999999997,6.0,inf
382,3,1.5469887704616292,-1.0898898146070983,0.5625124960500315,2.1035999999999997,1,2.1035999999999997,6.0,inf
382,4,1.5469887704616292,-1.0898898146070983,0.5625124960500315,2.1035999999999997,1,2.1035999999999997,6.0,inf
382,5,1.5469887704616292,-1.0898898146070983,0.5625124960500315,2.1035999999999997,1,2.1035999999999997,6.0,inf
383,0,-0.5392820288014076,0.08792632191821993,1.9636358317482108,1.2308999999999999,1,1.2308999999999999,6.0,inf
383,1,-0.5392820288014076,0.08792632191821993,1.9636358317482108,1.2308999999999999,1,1.2308999999999999,6.0,inf
383,2,-0.5392820288014076,0.08792632191821993,1.9636358317482108,1.2308999999999999,1,1.2308999999999999,6.0,inf
383,3,-0.5392820288014076,0.08792632191821993,1.9636358317482108,1.2308999999999999,1,1.2308999999999999,6.0,inf
383,4,-0.5392820288014076,0.08792632191821993,1.9636358317482108,1.2308999999999999,1,1.2308999999999999,6.0,inf
383,5,-0.5392820288014076,0.08792632191821993,1.9636358317482108,1.2308999999999999,1,1.2308999999999999,6.0,inf
384,0,-0.7006697323562591,0.0005045569925972242,0.366564817245791,3.1685999999999996,1,3.1685999999999996,6.0,inf
384,1,-0.7006697323562591,0.0005045569925972242,0.366564817245791,3.1685999999999996,1,3.1685999999999996,6.0,inf
384,2,-0.7006697323562591,0.0005045569925972242,0.366564817245791,3.1685999999999996,1,3.1685999999999996,6.0,inf
384,3,-0.7006697323562591,0.0005045569925972242,0.366564817245791,3.1685999999999996,1,3.1685999999999996,6.0,inf
384,4,-0.7006697323562591,0.0005045569925972242,0.366564817245791,3.1685999999999996,1,3.1685999999999996,6.0,inf
384,5,-0.7006697323562591,0.0005045569925972242,0.366564817245791,3.1685999999999996,1,3.1685999999999996,6.0,inf
385,0,1.2478759055005055,-0.10561622561166686,-0.2787056567297453,1.3053,1,1.3053,6.0,inf
385,1,1.2478759055005055,-0.10561622561166686,-0.2787056567297453,1.3053,1,1.3053,6.0,inf
385,2,1.2478759055005055,-0.10561622561166686,-0.2787056567297453,1.3053,1,1.3053,6.0,inf
385,3,1.2478759055005055,-0.10561622561166686,-0.2787056567297453,1.3053,1,1.3053,6.0,inf
385,4,1.2478759055005055,-0.10561622561166686,-0.2787056567297453,1.3053,1,1.3053,6.0,inf
385,5,1.2478759055005055,-0.10561622561166686,-0.2787056567297453,1.3053,1,1.3053,6.0,inf
386,0,-0.30205947536381017,2.767842386451328,-1.1240404157990425,0.9350999999999999,1,0.9350999999999999,6.0,inf
386,1,-0.30205947536381017,2.767842386451328,-1.1240404157990425,0.9350999999999999,1,0.9350999999999999,6.0,inf
386,2,-0.30205947536381017,2.767842386451328,-1.1240404157990425,0.9350999999999999,1,0.9350999999999999,6.0,inf
386,3,-0.30205947536381017,2.767842386451328,-1.1240404157990425,0.9350999999999999,1,0.9350999999999999,6.0,inf
386,4,-0.30205947536381017,2.767842386451328,-1.1240404157990425,0.9350999999999999,1,0.9350999999999999,6.0,inf
386,5,-0.30205947536381017,2.767842386451328,-1.1240404157990425,0.9350999999999999,1,0.9350999999999999,6.0,inf
387,0,0.7241634889821409,-0.0876423944573769,0.15528419524738404,2.0330999999999997,1,2.0330999999999997,6.0,inf
387,1,0.7241634889821409,-0.0876423944573769,0.15528419524738404,2.0330999999999997,1,2.0330999999999997,6.0,inf
387,2,0.7241634889821409,-0.0876423944573769,0.15528419524738404,2.0330999999999997,1,2.0330999999999997,6.0,inf
387,3,0.7241634889821409,-0.0876423944573769,0.15528419524738404,2.0330999999999997,1,2.0330999999999997,6.0,inf
387,4,0.7241634889821409,-0.0876423944573769,0.15528419524738404,2.0330999999999997,1,2.0330999999999997,6.0,inf
387,5,0.7241634889821409,-0.0876423944573769,0.15528419524738404,2.0330999999999997,1,2.0330999999999997,6.0,inf
388,0,-0.8387542728814503,-0.9239745549686624,0.3441447849589589,4.9262999999999995,1,4.9262999999999995,6.0,inf
388,1,-0.8387542728814503,-0.9239745549686624,0.3441447849589589,4.9262999999999995,1,4.9262999999999995,6.0,inf
388,2,-0.8387542728814503,-0.9239745549686624,0.3441447849589589,4.9262999999999995,1,4.9262999999999995,6.0,inf
388,3,-0.8387542728814503,-0.9239745549686624,0.3441447849589589,4.9262999999999995,1,4.9262999999999995,6.0,inf
388,4,-0.8387542728814503,-0.9239745549686624,0.3441447849589589,4.9262999999999995,1,4.9262999999999995,6.0,inf
388,5,-0.8387542728814503,-0.9239745549686624,0.3441447849589589,4.9262999999999995,1,4.9262999999999995,6.0,inf
389,0,-1.0785028822886593,1.0097163203768234,-0.8990496442745891,6.0,0,8.0001,6.0,inf
389,1,-1.0785028822886593,1.0097163203768234,-0.8990496442745891,6.0,0,8.0001,6.0,inf
389,2,-1.0785028822886593,1.0097163203768234,-0.8990496442745891,6.0,0,8.0001,6.0,inf
389,3,-1.0785028822886593,1.0097163203768234,-0.8990496442745891,6.0,0,8.0001,6.0,inf
389,4,-1.0785028822886593,1.0097163203768234,-0.8990496442745891,6.0,0,8.0001,6.0,inf
389,5,-1.0785028822886593,1.0097163203768234,-0.8990496442745891,6.0,0,8.0001,6.0,inf
390,0,1.1214407176491004,-1.7263497695863044,0.37137311316432314,2.1557999999999997,1,2.1557999999999997,6.0,inf
390,1,1.1214407176491004,-1.7263497695863044,0.37137311316432314,2.1557999999999997,1,2.1557999999999997,6.0,inf
390,2,1.1214407176491004,-1.7263497695863044,0.37137311316432314,2.1557999999999997,1,2.1557999999999997,6.0,inf
390,3,1.1214407176491004,-1.7263497695863044,0.37137311316432314,2.1557999999999997,1,2.1557999999999997,6.0,inf
390,4,1.1214407176491004,-1.7263497695863044,0.37137311316432314,2.1557999999999997,1,2.1557999999999997,6.0,inf
390,5,1.1214407176491004,-1.7263497695863044,0.37137311316432314,2.1557999999999997,1,2.1557999999999997,6.0,inf
391,0,-0.17790078229252695,-1.8673313987451938,-0.25932972129727216,5.237399999999999,1,5.237399999999999,6.0,inf
391,1,-0.17790078229252695,-1.8673313987451938,-0.25932972129727216,5.237399999999999,1,5.237399999999999,6.0,inf
391,2,-0.17790078229252695,-1.8673313987451938,-0.25932972129727216,5.237399999999999,1,5.237399999999999,6.0,inf
391,3,-0.17790078229252695,-1.8673313987451938,-0.25932972129727216,5.237399999999999,1,5.237399999999999,6.0,inf
391,4,-0.17790078229252695,-1.8673313987451938,-0.25932972129727216,5.237399999999999,1,5.237399999999999,6.0,inf
391,5,-0.17790078229252695,-1.8673313987451938,-0.25932972129727216,5.237399999999999,1,5.237399999999999,6.0,inf
392,0,0.14570251314587765,-1.625060899377311,0.21755388191551212,3.5357999999999996,1,3.5357999999999996,6.0,inf
392,1,0.14570251314587765,-1.625060899377311,0.21755388191551212,3.5357999999999996,1,3.5357999999999996,6.0,inf
392,2,0.14570251314587765,-1.625060899377311,0.21755388191551212,3.5357999999999996,1,3.5357999999999996,6.0,inf
392,3,0.14570251314587765,-1.625060899377311,0.21755388191551212,3.5357999999999996,1,3.5357999999999996,6.0,inf
392,4,0.14570251314587765,-1.625060899377311,0.21755388191551212,3.5357999999999996,1,3.5357999999999996,6.0,inf
392,5,0.14570251314587765,-1.625060899377311,0.21755388191551212,3.5357999999999996,1,3.5357999999999996,6.0,inf
393,0,-1.5177825894028476,1.2775143237227722,-0.45309752166530415,4.466399999999999,1,4.466399999999999,6.0,inf
393,1,-1.5177825894028476,1.2775143237227722,-0.45309752166530415,4.466399999999999,1,4.466399999999999,6.0,inf
393,2,-1.5177825894028476,1.2775143237227722,-0.45309752166530415,4.466399999999999,1,4.466399999999999,6.0,inf
393,3,-1.5177825894028476,1.2775143237227722,-0.45309752166530415,4.466399999999999,1,4.466399999999999,6.0,inf
393,4,-1.5177825894028476,1.2775143237227722,-0.45309752166530415,4.466399999999999,1,4.466399999999999,6.0,inf
393,5,-1.5177825894028476,1.2775143237227722,-0.45309752166530415,4.466399999999999,1,4.466399999999999,6.0,inf
394,0,-0.6599929981396822,1.688943529344799,0.04080169366071128,1.1405999999999998,1,1.1405999999999998,6.0,inf
394,1,-0.6599929981396822,1.688943529344799,0.04080169366071128,1.1405999999999998,1,1.1405999999999998,6.0,inf
394,2,-0.6599929981396822,1.688943529344799,0.04080169366071128,1.1405999999999998,1,1.1405999999999998,6.0,inf
394,3,-0.6599929981396822,1.688943529344799,0.04080169366071128,1.1405999999999998,1,1.1405999999999998,6.0,inf
394,4,-0.6599929981396822,1.688943529344799,0.04080169366071128,1.1405999999999998,1,1.1405999999999998,6.0,inf
394,5,-0.6599929981396822,1.688943529344799,0.04080169366071128,1.1405999999999998,1,1.1405999999999998,6.0,inf
395,0,-2.189408394062622,1.3005864452297733,-0.5112045917055876,6.0,0,6.417299999999999,6.0,inf
395,1,-2.189408394062622,1.3005864452297733,-0.5112045917055876,6.0,0,6.417299999999999,6.0,inf
395,2,-2.189408394062622,1.3005864452297733,-0.5112045917055876,6.0,0,6.417299999999999,6.0,inf
395,3,-2.189408394062622,1.3005864452297733,-0.5112045917055876,6.0,0,6.417299999999999,6.0,inf
395,4,-2.189408394062622,1.3005864452297733,-0.5112045917055876,6.0,0,6.417299999999999,6.0,inf
395,5,-2.189408394062622,1.3005864452297733,-0.5112045917055876,6.0,0,6.417299999999999,6.0,inf
396,0,1.8987601937510823,0.08656658254032422,-0.9351081774318419,2.0877,1,2.0877,6.0,inf
396,1,1.8987601937510823,0.08656658254032422,-0.9351081774318419,2.0877,1,2.0877,6.0,inf
396,2,1.8987601937510823,0.08656658254032422,-0.9351081774318419,2.0877,1,2.0877,6.0,inf
396,3,1.8987601937510823,0.08656658254032422,-0.9351081774318419,2.0877,1,2.0877,6.0,inf
396,4,1.8987601937510823,0.08656658254032422,-0.9351081774318419,2.0877,1,2.0877,6.0,inf
396,5,1.8987601937510823,0.08656658254032422,-0.9351081774318419,2.0877,1,2.0877,6.0,inf
397,0,-1.4148181140006584,0.30555221166946883,1.2523288420313299,1.779,1,1.779,6.0,inf
397,1,-1.4148181140006584,0.30555221166946883,1.2523288420313299,1.779,1,1.779,6.0,inf
397,2,-1.4148181140006584,0.30555221166946883,1.2523288420313299,1.779,1,1.779,6.0,inf
397,3,-1.4148181140006584,0.30555221166946883,1.2523288420313299,1.779,1,1.779,6.0,inf
397,4,-1.4148181140006584,0.30555221166946883,1.2523288420313299,1.779,1,1.779,6.0,inf
397,5,-1.4148181140006584,0.30555221166946883,1.2523288420313299,1.779,1,1.779,6.0,inf
398,0,-0.22718048603618102,-0.7122091712778142,0.7068724732452146,1.2588,1,1.2588,6.0,inf
398,1,-0.22718048603618102,-0.7122091712778142,0.7068724732452146,1.2588,1,1.2588,6.0,inf
398,2,-0.22718048603618102,-0.7122091712778142,0.7068724732452146,1.2588,1,1.2588,6.0,inf
398,3,-0.22718048603618102,-0.7122091712778142,0.7068724732452146,1.2588,1,1.2588,6.0,inf
398,4,-0.22718048603618102,-0.7122091712778142,0.7068724732452146,1.2588,1,1.2588,6.0,inf
398,5,-0.22718048603618102,-0.7122091712778142,0.7068724732452146,1.2588,1,1.2588,6.0,inf
399,0,0.7959223392098737,-0.21198925418964265,-0.9906938586489207,3.0290999999999997,1,3.0290999999999997,6.0,inf
399,1,0.7959223392098737,-0.21198925418964265,-0.9906938586489207,3.0290999999999997,1,3.0290999999999997,6.0,inf
399,2,0.7959223392098737,-0.21198925418964265,-0.9906938586489207,3.0290999999999997,1,3.0290999999999997,6.0,inf
399,3,0.7959223392098737,-0.21198925418964265,-0.9906938586489207,3.0290999999999997,1,3.0290999999999997,6.0,inf
399,4,0.7959223392098737,-0.21198925418964265,-0.9906938586489207,3.0290999999999997,1,3.0290999999999997,6.0,inf
399,5,0.7959223392098737,-0.21198925418964265,-0.9906938586489207,3.0290999999999997,1,3.0290999999999997,6.0,inf
400,0,0.6562832857799363,0.40843276457809524,0.563369496316926,2.0322,1,2.0322,6.0,inf
400,1,0.6562832857799363,0.40843276457809524,0.563369496316926,2.0322,1,2.0322,6.0,inf
400,2,0.6562832857799363,0.40843276457809524,0.563369496316926,2.0322,1,2.0322,6.0,inf
400,3,0.6562832857799363,0.40843276457809524,0.563369496316926,2.0322,1,2.0322,6.0,inf
400,4,0.6562832857799363,0.40843276457809524,0.563369496316926,2.0322,1,2.0322,6.0,inf
400,5,0.6562832857799363,0.40843276457809524,0.563369496316926,2.0322,1,2.0322,6.0,inf
401,0,-0.7388710263632132,0.5982032311090173,-0.88225258408223,3.9827999999999997,1,3.9827999999999997,6.0,inf
401,1,-0.7388710263632132,0.5982032311090173,-0.88225258408223,3.9827999999999997,1,3.9827999999999997,6.0,inf
401,2,-0.7388710263632132,0.5982032311090173,-0.88225258408223,3.9827999999999997,1,3.9827999999999997,6.0,inf
401,3,-0.7388710263632132,0.5982032311090173,-0.88225258408223,3.9827999999999997,1,3.9827999999999997,6.0,inf
401,4,-0.7388710263632132,0.5982032311090173,-0.88225258408223,3.9827999999999997,1,3.9827999999999997,6.0,inf
401,5,-0.7388710263632132,0.5982032311090173,-0.88225258408223,3.9827999999999997,1,3.9827999999999997,6.0,inf
402,0,0.41921004401774314,-0.9105958246043624,1.2307084154994679,1.515,1,1.515,6.0,inf
402,1,0.41921004401774314,-0.9105958246043624,1.2307084154994679,1.515,1,1.515,6.0,inf
402,2,0.41921004401774314,-0.9105958246043624,1.2307084154994679,1.515,1,1.515,6.0,inf
402,3,0.41921004401774314,-0.9105958246043624,1.2307084154994679,1.515,1,1.515,6.0,inf
402,4,0.41921004401774314,-0.9105958246043624,1.2307084154994679,1.515,1,1.515,6.0,inf
402,5,0.41921004401774314,-0.9105958246043624,1.2307084154994679,1.515,1,1.515,6.0,inf
403,0,-0.2932605195988358,0.15428069738773958,-0.9445656748039032,4.3934999999999995,1,4.3934999999999995,6.0,inf
403,1,-0.2932605195988358,0.15428069738773958,-0.9445656748039032,4.3934999999999995,1,4.3934999999999995,6.0,inf
403,2,-0.2932605195988358,0.15428069738773958,-0.9445656748039032,4.3934999999999995,1,4.3934999999999995,6.0,inf
403,3,-0.2932605195988358,0.15428069738773958,-0.9445656748039032,4.3934999999999995,1,4.3934999999999995,6.0,inf
403,4,-0.2932605195988358,0.15428069738773958,-0.9445656748039032,4.3934999999999995,1,4.3934999999999995,6.0,inf
403,5,-0.2932605195988358,0.15428069738773958,-0.9445656748039032,4.3934999999999995,1,4.3934999999999995,6.0,inf
404,0,-0.9970711439742485,0.49207606556012584,-1.7448403548942724,6.0,0,7.587599999999999,6.0,inf
404,1,-0.9970711439742485,0.49207606556012584,-1.7448403548942724,6.0,0,7.587599999999999,6.0,inf
404,2,-0.9970711439742485,0.49207606556012584,-1.7448403548942724,6.0,0,7.587599999999999,6.0,inf
404,3,-0.9970711439742485,0.49207606556012584,-1.7448403548942724,6.0,0,7.587599999999999,6.0,inf
404,4,-0.9970711439742485,0.49207606556012584,-1.7448403548942724,6.0,0,7.587599999999999,6.0,inf
404,5,-0.9970711439742485,0.49207606556012584,-1.7448403548942724,6.0,0,7.587599999999999,6.0,inf
405,0,-0.333035987708671,1.0101899676458301,-0.10305739851191935,2.0004,1,2.0004,6.0,inf
405,1,-0.333035987708671,1.0101899676458301,-0.10305739851191935,2.0004,1,2.0004,6.0,inf
405,2,-0.333035987708671,1.0101899676458301,-0.10305739851191935,2.0004,1,2.0004,6.0,inf
405,3,-0.333035987708671,1.0101899676458301,-0.10305739851191935,2.0004,1,2.0004,6.0,inf
405,4,-0.333035987708671,1.0101899676458301,-0.10305739851191935,2.0004,1,2.0004,6.0,inf
405,5,-0.333035987708671,1.0101899676458301,-0.10305739851191935,2.0004,1,2.0004,6.0,inf
406,0,-0.21138677920607546,-0.8159141176264398,0.7423128412349379,2.2571999999999997,1,2.2571999999999997,6.0,inf
406,1,-0.21138677920607546,-0.8159141176264398,0.7423128412349379,2.2571999999999997,1,2.2571999999999997,6.0,inf
406,2,-0.21138677920607546,-0.8159141176264398,0.7423128412349379,2.2571999999999997,1,2.2571999999999997,6.0,inf
406,3,-0.21138677920607546,-0.8159141176264398,0.7423128412349379,2.2571999999999997,1,2.2571999999999997,6.0,inf
406,4,-0.21138677920607546,-0.8159141176264398,0.7423128412349379,2.2571999999999997,1,2.2571999999999997,6.0,inf
406,5,-0.21138677920607546,-0.8159141176264398,0.7423128412349379,2.2571999999999997,1,2.2571999999999997,6.0,inf
407,0,1.1260103727998843,1.0164968686848181,-1.7180413470277787,2.6523,1,2.6523,6.0,inf
407,1,1.1260103727998843,1.0164968686848181,-1.7180413470277787,2.6523,1,2.6523,6.0,inf
407,2,1.1260103727998843,1.0164968686848181,-1.7180413470277787,2.6523,1,2.6523,6.0,inf
407,3,1.1260103727998843,1.0164968686848181,-1.7180413470277787,2.6523,1,2.6523,6.0,inf
407,4,1.1260103727998843,1.0164968686848181,-1.7180413470277787,2.6523,1,2.6523,6.0,inf
407,5,1.1260103727998843,1.0164968686848181,-1.7180413470277787,2.6523,1,2.6523,6.0,inf
408,0,0.15235435440094683,0.18317233260044852,-0.022797340491368237,3.3642,1,3.3642,6.0,inf
408,1,0.15235435440094683,0.18317233260044852,-0.022797340491368237,3.3642,1,3.3642,6.0,inf
408,2,0.15235435440094683,0.18317233260044852,-0.022797340491368237,3.3642,1,3.3642,6.0,inf
408,3,0.15235435440094683,0.18317233260044852,-0.022797340491368237,3.3642,1,3.3642,6.0,inf
408,4,0.15235435440094683,0.18317233260044852,-0.022797340491368237,3.3642,1,3.3642,6.0,inf
408,5,0.15235435440094683,0.18317233260044852,-0.022797340491368237,3.3642,1,3.3642,6.0,inf
409,0,-1.369952856468176,0.008681194870570591,0.6397388314385681,6.0,0,6.188999999999999,6.0,inf
409,1,-1.369952856468176,0.008681194870570591,0.6397388314385681,6.0,0,6.188999999999999,6.0,inf
409,2,-1.369952856468176,0.008681194870570591,0.6397388314385681,6.0,0,6.188999999999999,6.0,inf
409,3,-1.369952856468176,0.008681194870570591,0.6397388314385681,6.0,0,6.188999999999999,6.0,inf
409,4,-1.369952856468176,0.008681194870570591,0.6397388314385681,6.0,0,6.188999999999999,6.0,inf
409,5,-1.369952856468176,0.008681194870570591,0.6397388314385681,6.0,0,6.188999999999999,6.0,inf
410,0,1.2197378245715196,-0.42230260891602395,-0.6257874849828355,2.6468999999999996,1,2.6468999999999996,6.0,inf
410,1,1.2197378245715196,-0.42230260891602395,-0.6257874849828355,2.6468999999999996,1,2.6468999999999996,6.0,inf
410,2,1.2197378245715196,-0.42230260891602395,-0.6257874849828355,2.6468999999999996,1,2.6468999999999996,6.0,inf
410,3,1.2197378245715196,-0.42230260891602395,-0.6257874849828355,2.6468999999999996,1,2.6468999999999996,6.0,inf
410,4,1.2197378245715196,-0.42230260891602395,-0.6257874849828355,2.6468999999999996,1,2.6468999999999996,6.0,inf
410,5,1.2197378245715196,-0.42230260891602395,-0.6257874849828355,2.6468999999999996,1,2.6468999999999996,6.0,inf
411,0,-1.3768750239920309,1.8067845981014827,0.2676246718191221,1.5594,1,1.5594,6.0,inf
411,1,-1.3768750239920309,1.8067845981014827,0.2676246718191221,1.5594,1,1.5594,6.0,inf
411,2,-1.3768750239920309,1.8067845981014827,0.2676246718191221,1.5594,1,1.5594,6.0,inf
411,3,-1.3768750239920309,1.8067845981014827,0.2676246718191221,1.5594,1,1.5594,6.0,inf
411,4,-1.3768750239920309,1.8067845981014827,0.2676246718191221,1.5594,1,1.5594,6.0,inf
411,5,-1.3768750239920309,1.8067845981014827,0.2676246718191221,1.5594,1,1.5594,6.0,inf
412,0,-0.46469726327011157,1.0463353952931413,0.09206929219468953,3.0879,1,3.0879,6.0,inf
412,1,-0.46469726327011157,1.0463353952931413,0.09206929219468953,3.0879,1,3.0879,6.0,inf
412,2,-0.46469726327011157,1.0463353952931413,0.09206929219468953,3.0879,1,3.0879,6.0,inf
412,3,-0.46469726327011157,1.0463353952931413,0.09206929219468953,3.0879,1,3.0879,6.0,inf
412,4,-0.46469726327011157,1.0463353952931413,0.09206929219468953,3.0879,1,3.0879,6.0,inf
412,5,-0.46469726327011157,1.0463353952931413,0.09206929219468953,3.0879,1,3.0879,6.0,inf
413,0,0.2286777287600497,0.7727372551385178,1.586374264716292,0.8208,1,0.8208,6.0,inf
413,1,0.2286777287600497,0.7727372551385178,1.586374264716292,0.8208,1,0.8208,6.0,inf
413,2,0.2286777287600497,0.7727372551385178,1.586374264716292,0.8208,1,0.8208,6.0,inf
413,3,0.2286777287600497,0.7727372551385178,1.586374264716292,0.8208,1,0.8208,6.0,inf
413,4,0.2286777287600497,0.7727372551385178,1.586374264716292,0.8208,1,0.8208,6.0,inf
413,5,0.2286777287600497,0.7727372551385178,1.586374264716292,0.8208,1,0.8208,6.0,inf
414,0,0.6131824733664594,-2.212320272257589,0.9536743944238817,4.0691999999999995,1,4.0691999999999995,6.0,inf
414,1,0.6131824733664594,-2.212320272257589,0.9536743944238817,4.0691999999999995,1,4.0691999999999995,6.0,inf
414,2,0.6131824733664594,-2.212320272257589,0.9536743944238817,4.0691999999999995,1,4.0691999999999995,6.0,inf
414,3,0.6131824733664594,-2.212320272257589,0.9536743944238817,4.0691999999999995,1,4.0691999999999995,6.0,inf
414,4,0.6131824733664594,-2.212320272257589,0.9536743944238817,4.0691999999999995,1,4.0691999999999995,6.0,inf
414,5,0.6131824733664594,-2.212320272257589,0.9536743944238817,4.0691999999999995,1,4.0691999999999995,6.0,inf
415,0,-1.1052161853212963,-0.7276597783752754,1.1829689910408618,1.6190999999999998,1,1.6190999999999998,6.0,inf
415,1,-1.1052161853212963,-0.7276597783752754,1.1829689910408618,1.6190999999999998,1,1.6190999999999998,6.0,inf
415,2,-1.1052161853212963,-0.7276597783752754,1.1829689910408618,1.6190999999999998,1,1.6190999999999998,6.0,inf
415,3,-1.1052161853212963,-0.7276597783752754,1.1829689910408618,1.6190999999999998,1,1.6190999999999998,6.0,inf
415,4,-1.1052161853212963,-0.7276597783752754,1.1829689910408618,1.6190999999999998,1,1.6190999999999998,6.0,inf
415,5,-1.1052161853212963,-0.7276597783752754,1.1829689910408618,1.6190999999999998,1,1.6190999999999998,6.0,inf
416,0,1.470172132259307,1.2297500463998787,-0.12991703063402624,1.8266999999999998,1,1.8266999999999998,6.0,inf
416,1,1.470172132259307,1.2297500463998787,-0.12991703063402624,1.8266999999999998,1,1.8266999999999998,6.0,inf
416,2,1.470172132259307,1.2297500463998787,-0.12991703063402624,1.8266999999999998,1,1.8266999999999998,6.0,inf
416,3,1.470172132259307,1.2297500463998787,-0.12991703063402624,1.8266999999999998,1,1.8266999999999998,6.0,inf
416,4,1.470172132259307,1.2297500463998787,-0.12991703063402624,1.8266999999999998,1,1.8266999999999998,6.0,inf
416,5,1.470172132259307,1.2297500463998787,-0.12991703063402624,1.8266999999999998,1,1.8266999999999998,6.0,inf
417,0,-0.7177277548998791,0.5025454687945637,-0.5474612625938534,3.6824999999999997,1,3.6824999999999997,6.0,inf
417,1,-0.7177277548998791,0.5025454687945637,-0.5474612625938534,3.6824999999999997,1,3.6824999999999997,6.0,inf
417,2,-0.7177277548998791,0.5025454687945637,-0.5474612625938534,3.6824999999999997,1,3.6824999999999997,6.0,inf
417,3,-0.7177277548998791,0.5025454687945637,-0.5474612625938534,3.6824999999999997,1,3.6824999999999997,6.0,inf
417,4,-0.7177277548998791,0.5025454687945637,-0.5474612625938534,3.6824999999999997,1,3.6824999999999997,6.0,inf
417,5,-0.7177277548998791,0.5025454687945637,-0.5474612625938534,3.6824999999999997,1,3.6824999999999997,6.0,inf
418,0,-0.5463306711431807,-1.5505864381846444,-0.8805630250152215,6.0,0,8.0001,6.0,inf
418,1,-0.5463306711431807,-1.5505864381846444,-0.8805630250152215,6.0,0,8.0001,6.0,inf
418,2,-0.5463306711431807,-1.5505864381846444,-0.8805630250152215,6.0,0,8.0001,6.0,inf
418,3,-0.5463306711431807,-1.5505864381846444,-0.8805630250152215,6.0,0,8.0001,6.0,inf
418,4,-0.5463306711431807,-1.5505864381846444,-0.8805630250152215,6.0,0,8.0001,6.0,inf
418,5,-0.5463306711431807,-1.5505864381846444,-0.8805630250152215,6.0,0,8.0001,6.0,inf
419,0,-1.000868833295642,-0.5196650356629112,0.8942351891052995,1.8323999999999998,1,1.8323999999999998,6.0,inf
419,1,-1.000868833295642,-0.5196650356629112,0.8942351891052995,1.8323999999999998,1,1.8323999999999998,6.0,inf
419,2,-1.000868833295642,-0.5196650356629112,0.8942351891052995,1.8323999999999998,1,1.8323999999999998,6.0,inf
419,3,-1.000868833295642,-0.5196650356629112,0.8942351891052995,1.8323999999999998,1,1.8323999999999998,6.0,inf
419,4,-1.000868833295642,-0.5196650356629112,0.8942351891052995,1.8323999999999998,1,1.8323999999999998,6.0,inf
419,5,-1.000868833295642,-0.5196650356629112,0.8942351891052995,1.8323999999999998,1,1.8323999999999998,6.0,inf
420,0,-1.1229837999370151,-0.9697641297129977,-0.6924519762692254,6.0,0,7.384499999999999,6.0,inf
420,1,-1.1229837999370151,-0.9697641297129977,-0.6924519762692254,6.0,0,7.384499999999999,6.0,inf
420,2,-1.1229837999370151,-0.9697641297129977,-0.6924519762692254,6.0,0,7.384499999999999,6.0,inf
420,3,-1.1229837999370151,-0.9697641297129977,-0.6924519762692254,6.0,0,7.384499999999999,6.0,inf
420,4,-1.1229837999370151,-0.9697641297129977,-0.6924519762692254,6.0,0,7.384499999999999,6.0,inf
420,5,-1.1229837999370151,-0.9697641297129977,-0.6924519762692254,6.0,0,7.384499999999999,6.0,inf
421,0,0.6346510678399636,1.7600922106189374,-0.6228255055122758,1.4729999999999999,1,1.4729999999999999,6.0,inf
421,1,0.6346510678399636,1.7600922106189374,-0.6228255055122758,1.4729999999999999,1,1.4729999999999999,6.0,inf
421,2,0.6346510678399636,1.7600922106189374,-0.6228255055122758,1.4729999999999999,1,1.4729999999999999,6.0,inf
421,3,0.6346510678399636,1.7600922106189374,-0.6228255055122758,1.4729999999999999,1,1.4729999999999999,6.0,inf
421,4,0.6346510678399636,1.7600922106189374,-0.6228255055122758,1.4729999999999999,1,1.4729999999999999,6.0,inf
421,5,0.6346510678399636,1.7600922106189374,-0.6228255055122758,1.4729999999999999,1,1.4729999999999999,6.0,inf
422,0,1.0146804237043099,-0.24651419090770182,0.6132771447684028,2.1923999999999997,1,2.1923999999999997,6.0,inf
422,1,1.0146804237043099,-0.24651419090770182,0.6132771447684028,2.1923999999999997,1,2.1923999999999997,6.0,inf
422,2,1.0146804237043099,-0.24651419090770182,0.6132771447684028,2.1923999999999997,1,2.1923999999999997,6.0,inf
422,3,1.0146804237043099,-0.24651419090770182,0.6132771447684028,2.1923999999999997,1,2.1923999999999997,6.0,inf
422,4,1.0146804237043099,-0.24651419090770182,0.6132771447684028,2.1923999999999997,1,2.1923999999999997,6.0,inf
422,5,1.0146804237043099,-0.24651419090770182,0.6132771447684028,2.1923999999999997,1,2.1923999999999997,6.0,inf
423,0,-0.4818941449954433,0.18094929846966212,1.289052998528562,1.4541,1,1.4541,6.0,inf
423,1,-0.4818941449954433,0.18094929846966212,1.289052998528562,1.4541,1,1.4541,6.0,inf
423,2,-0.4818941449954433,0.18094929846966212,1.289052998528562,1.4541,1,1.4541,6.0,inf
423,3,-0.4818941449954433,0.18094929846966212,1.289052998528562,1.4541,1,1.4541,6.0,inf
423,4,-0.4818941449954433,0.18094929846966212,1.289052998528562,1.4541,1,1.4541,6.0,inf
423,5,-0.4818941449954433,0.18094929846966212,1.289052998528562,1.4541,1,1.4541,6.0,inf
424,0,0.9248851325830175,0.15227355061750897,-0.6903558725116452,2.3798999999999997,1,2.3798999999999997,6.0,inf
424,1,0.9248851325830175,0.15227355061750897,-0.6903558725116452,2.3798999999999997,1,2.3798999999999997,6.0,inf
424,2,0.9248851325830175,0.15227355061750897,-0.6903558725116452,2.3798999999999997,1,2.3798999999999997,6.0,inf
424,3,0.9248851325830175,0.15227355061750897,-0.6903558725116452,2.3798999999999997,1,2.3798999999999997,6.0,inf
424,4,0.9248851325830175,0.15227355061750897,-0.6903558725116452,2.3798999999999997,1,2.3798999999999997,6.0,inf
424,5,0.9248851325830175,0.15227355061750897,-0.6903558725116452,2.3798999999999997,1,2.3798999999999997,6.0,inf
425,0,1.9189206061434725,-0.7058883646590316,0.3688331610813191,2.0816999999999997,1,2.0816999999999997,6.0,inf
425,1,1.9189206061434725,-0.7058883646590316,0.3688331610813191,2.0816999999999997,1,2.0816999999999997,6.0,inf
425,2,1.9189206061434725,-0.7058883646590316,0.3688331610813191,2.0816999999999997,1,2.0816999999999997,6.0,inf
425,3,1.9189206061434725,-0.7058883646590316,0.3688331610813191,2.0816999999999997,1,2.0816999999999997,6.0,inf
425,4,1.9189206061434725,-0.7058883646590316,0.3688331610813191,2.0816999999999997,1,2.0816999999999997,6.0,inf
425,5,1.9189206061434725,-0.7058883646590316,0.3688331610813191,2.0816999999999997,1,2.0816999999999997,6.0,inf
426,0,-0.47014053511243453,-0.4872564605342311,-0.842234870324936,6.0,0,6.908399999999999,6.0,inf
426,1,-0.47014053511243453,-0.4872564605342311,-0.842234870324936,6.0,0,6.908399999999999,6.0,inf
426,2,-0.47014053511243453,-0.4872564605342311,-0.842234870324936,6.0,0,6.908399999999999,6.0,inf
426,3,-0.47014053511243453,-0.4872564605342311,-0.842234870324936,6.0,0,6.908399999999999,6.0,inf
426,4,-0.47014053511243453,-0.4872564605342311,-0.842234870324936,6.0,0,6.908399999999999,6.0,inf
426,5,-0.47014053511243453,-0.4872564605342311,-0.842234870324936,6.0,0,6.908399999999999,6.0,inf
427,0,-0.4642590779424842,-1.2596920098438213,-0.5384659324181933,5.0165999999999995,1,5.0165999999999995,6.0,inf
427,1,-0.4642590779424842,-1.2596920098438213,-0.5384659324181933,5.0165999999999995,1,5.0165999999999995,6.0,inf
427,2,-0.4642590779424842,-1.2596920098438213,-0.5384659324181933,5.0165999999999995,1,5.0165999999999995,6.0,inf
427,3,-0.4642590779424842,-1.2596920098438213,-0.5384659324181933,5.0165999999999995,1,5.0165999999999995,6.0,inf
427,4,-0.4642590779424842,-1.2596920098438213,-0.5384659324181933,5.0165999999999995,1,5.0165999999999995,6.0,inf
427,5,-0.4642590779424842,-1.2596920098438213,-0.5384659324181933,5.0165999999999995,1,5.0165999999999995,6.0,inf
428,0,-1.4031948740650235,0.8406300975054544,1.7129084025773837,1.2053999999999998,1,1.2053999999999998,6.0,inf
428,1,-1.4031948740650235,0.8406300975054544,1.7129084025773837,1.2053999999999998,1,1.2053999999999998,6.0,inf
428,2,-1.4031948740650235,0.8406300975054544,1.7129084025773837,1.2053999999999998,1,1.2053999999999998,6.0,inf
428,3,-1.4031948740650235,0.8406300975054544,1.7129084025773837,1.2053999999999998,1,1.2053999999999998,6.0,inf
428,4,-1.4031948740650235,0.8406300975054544,1.7129084025773837,1.2053999999999998,1,1.2053999999999998,6.0,inf
428,5,-1.4031948740650235,0.8406300975054544,1.7129084025773837,1.2053999999999998,1,1.2053999999999998,6.0,inf
429,0,-0.43084786241185413,1.5879085380598343,1.2807871585700807,0.5993999999999999,1,0.5993999999999999,6.0,inf
429,1,-0.43084786241185413,1.5879085380598343,1.2807871585700807,0.5993999999999999,1,0.5993999999999999,6.0,inf
429,2,-0.43084786241185413,1.5879085380598343,1.2807871585700807,0.5993999999999999,1,0.5993999999999999,6.0,inf
429,3,-0.43084786241185413,1.5879085380598343,1.2807871585700807,0.5993999999999999,1,0.5993999999999999,6.0,inf
429,4,-0.43084786241185413,1.5879085380598343,1.2807871585700807,0.5993999999999999,1,0.5993999999999999,6.0,inf
429,5,-0.43084786241185413,1.5879085380598343,1.2807871585700807,0.5993999999999999,1,0.5993999999999999,6.0,inf
430,0,0.5098621010506578,-1.6915377248398298,-2.4277789940081296,5.068499999999999,1,5.068499999999999,6.0,inf
430,1,0.5098621010506578,-1.6915377248398298,-2.4277789940081296,5.068499999999999,1,5.068499999999999,6.0,inf
430,2,0.5098621010506578,-1.6915377248398298,-2.4277789940081296,5.068499999999999,1,5.068499999999999,6.0,inf
430,3,0.5098621010506578,-1.6915377248398298,-2.4277789940081296,5.068499999999999,1,5.068499999999999,6.0,inf
430,4,0.5098621010506578,-1.6915377248398298,-2.4277789940081296,5.068499999999999,1,5.068499999999999,6.0,inf
430,5,0.5098621010506578,-1.6915377248398298,-2.4277789940081296,5.068499999999999,1,5.068499999999999,6.0,inf
431,0,-0.3189999823394397,-0.741180792950585,-0.1662595252523123,5.8602,1,5.8602,6.0,inf
431,1,-0.3189999823394397,-0.741180792950585,-0.1662595252523123,5.8602,1,5.8602,6.0,inf
431,2,-0.3189999823394397,-0.741180792950585,-0.1662595252523123,5.8602,1,5.8602,6.0,inf
431,3,-0.3189999823394397,-0.741180792950585,-0.1662595252523123,5.8602,1,5.8602,6.0,inf
431,4,-0.3189999823394397,-0.741180792950585,-0.1662595252523123,5.8602,1,5.8602,6.0,inf
431,5,-0.3189999823394397,-0.741180792950585,-0.1662595252523123,5.8602,1,5.8602,6.0,inf
432,0,-0.6770324526764475,1.119350036360458,-0.8013595522249685,4.5477,1,4.5477,6.0,inf
432,1,-0.6770324526764475,1.119350036360458,-0.8013595522249685,4.5477,1,4.5477,6.0,inf
432,2,-0.6770324526764475,1.119350036360458,-0.8013595522249685,4.5477,1,4.5477,6.0,inf
432,3,-0.6770324526764475,1.119350036360458,-0.8013595522249685,4.5477,1,4.5477,6.0,inf
432,4,-0.6770324526764475,1.119350036360458,-0.8013595522249685,4.5477,1,4.5477,6.0,inf
432,5,-0.6770324526764475,1.119350036360458,-0.8013595522249685,4.5477,1,4.5477,6.0,inf
433,0,0.31749113733525486,-0.9574435533598645,1.1770239962412234,1.1814,1,1.1814,6.0,inf
433,1,0.31749113733525486,-0.9574435533598645,1.1770239962412234,1.1814,1,1.1814,6.0,inf
433,2,0.31749113733525486,-0.9574435533598645,1.1770239962412234,1.1814,1,1.1814,6.0,inf
433,3,0.31749113733525486,-0.9574435533598645,1.1770239962412234,1.1814,1,1.1814,6.0,inf
433,4,0.31749113733525486,-0.9574435533598645,1.1770239962412234,1.1814,1,1.1814,6.0,inf
433,5,0.31749113733525486,-0.9574435533598645,1.1770239962412234,1.1814,1,1.1814,6.0,inf
434,0,-0.8414038430257295,-0.3294840510935365,-1.4548965344379765,3.9686999999999997,1,3.9686999999999997,6.0,inf
434,1,-0.8414038430257295,-0.3294840510935365,-1.4548965344379765,3.9686999999999997,1,3.9686999999999997,6.0,inf
434,2,-0.8414038430257295,-0.3294840510935365,-1.4548965344379765,3.9686999999999997,1,3.9686999999999997,6.0,inf
434,3,-0.8414038430257295,-0.3294840510935365,-1.4548965344379765,3.9686999999999997,1,3.9686999999999997,6.0,inf
434,4,-0.8414038430257295,-0.3294840510935365,-1.4548965344379765,3.9686999999999997,1,3.9686999999999997,6.0,inf
434,5,-0.8414038430257295,-0.3294840510935365,-1.4548965344379765,3.9686999999999997,1,3.9686999999999997,6.0,inf
435,0,0.010443777589888181,1.3740945976619985,-0.7844468199360428,2.7800999999999996,1,2.7800999999999996,6.0,inf
435,1,0.010443777589888181,1.3740945976619985,-0.7844468199360428,2.7800999999999996,1,2.7800999999999996,6.0,inf
435,2,0.010443777589888181,1.3740945976619985,-0.7844468199360428,2.7800999999999996,1,2.7800999999999996,6.0,inf
435,3,0.010443777589888181,1.3740945976619985,-0.7844468199360428,2.7800999999999996,1,2.7800999999999996,6.0,inf
435,4,0.010443777589888181,1.3740945976619985,-0.7844468199360428,2.7800999999999996,1,2.7800999999999996,6.0,inf
435,5,0.010443777589888181,1.3740945976619985,-0.7844468199360428,2.7800999999999996,1,2.7800999999999996,6.0,inf
436,0,-0.8232533381664111,0.02378376775770189,0.7575499718141319,2.2011,1,2.2011,6.0,inf
436,1,-0.8232533381664111,0.02378376775770189,0.7575499718141319,2.2011,1,2.2011,6.0,inf
436,2,-0.8232533381664111,0.02378376775770189,0.7575499718141319,2.2011,1,2.2011,6.0,inf
436,3,-0.8232533381664111,0.02378376775770189,0.7575499718141319,2.2011,1,2.2011,6.0,inf
436,4,-0.8232533381664111,0.02378376775770189,0.7575499718141319,2.2011,1,2.2011,6.0,inf
436,5,-0.8232533381664111,0.02378376775770189,0.7575499718141319,2.2011,1,2.2011,6.0,inf
437,0,-2.2615600483060008,-0.48583418539051454,-1.0518947885911347,6.0,0,8.0001,6.0,inf
437,1,-2.2615600483060008,-0.48583418539051454,-1.0518947885911347,6.0,0,8.0001,6.0,inf
437,2,-2.2615600483060008,-0.48583418539051454,-1.0518947885911347,6.0,0,8.0001,6.0,inf
437,3,-2.2615600483060008,-0.48583418539051454,-1.0518947885911347,6.0,0,8.0001,6.0,inf
437,4,-2.2615600483060008,-0.48583418539051454,-1.0518947885911347,6.0,0,8.0001,6.0,inf
437,5,-2.2615600483060008,-0.48583418539051454,-1.0518947885911347,6.0,0,8.0001,6.0,inf
438,0,2.061363477257744,1.732441921869349,-1.9380420191881906,2.2100999999999997,1,2.2100999999999997,6.0,inf
438,1,2.061363477257744,1.732441921869349,-1.9380420191881906,2.2100999999999997,1,2.2100999999999997,6.0,inf
438,2,2.061363477257744,1.732441921869349,-1.9380420191881906,2.2100999999999997,1,2.2100999999999997,6.0,inf
438,3,2.061363477257744,1.732441921869349,-1.9380420191881906,2.2100999999999997,1,2.2100999999999997,6.0,inf
438,4,2.061363477257744,1.732441921869349,-1.9380420191881906,2.2100999999999997,1,2.2100999999999997,6.0,inf
438,5,2.061363477257744,1.732441921869349,-1.9380420191881906,2.2100999999999997,1,2.2100999999999997,6.0,inf
439,0,-0.6454680184159322,1.397511115216955,-0.9559800839007575,2.1020999999999996,1,2.1020999999999996,6.0,inf
439,1,-0.6454680184159322,1.397511115216955,-0.9559800839007575,2.1020999999999996,1,2.1020999999999996,6.0,inf
439,2,-0.6454680184159322,1.397511115216955,-0.9559800839007575,2.1020999999999996,1,2.1020999999999996,6.0,inf
439,3,-0.6454680184159322,1.397511115216955,-0.9559800839007575,2.1020999999999996,1,2.1020999999999996,6.0,inf
439,4,-0.6454680184159322,1.397511115216955,-0.9559800839007575,2.1020999999999996,1,2.1020999999999996,6.0,inf
439,5,-0.6454680184159322,1.397511115216955,-0.9559800839007575,2.1020999999999996,1,2.1020999999999996,6.0,inf
440,0,0.32453880952884395,-0.8087381791436172,-0.7249263300912341,3.9113999999999995,1,3.9113999999999995,6.0,inf
440,1,0.32453880952884395,-0.8087381791436172,-0.7249263300912341,3.9113999999999995,1,3.9113999999999995,6.0,inf
440,2,0.32453880952884395,-0.8087381791436172,-0.7249263300912341,3.9113999999999995,1,3.9113999999999995,6.0,inf
440,3,0.32453880952884395,-0.8087381791436172,-0.7249263300912341,3.9113999999999995,1,3.9113999999999995,6.0,inf
440,4,0.32453880952884395,-0.8087381791436172,-0.7249263300912341,3.9113999999999995,1,3.9113999999999995,6.0,inf
440,5,0.32453880952884395,-0.8087381791436172,-0.7249263300912341,3.9113999999999995,1,3.9113999999999995,6.0,inf
441,0,-0.15570146577167543,0.4001201522104544,-0.6521058486961997,4.232399999999999,1,4.232399999999999,6.0,inf
441,1,-0.15570146577167543,0.4001201522104544,-0.6521058486961997,4.232399999999999,1,4.232399999999999,6.0,inf
441,2,-0.15570146577167543,0.4001201522104544,-0.6521058486961997,4.232399999999999,1,4.232399999999999,6.0,inf
441,3,-0.15570146577167543,0.4001201522104544,-0.6521058486961997,4.232399999999999,1,4.232399999999999,6.0,inf
441,4,-0.15570146577167543,0.4001201522104544,-0.6521058486961997,4.232399999999999,1,4.232399999999999,6.0,inf
441,5,-0.15570146577167543,0.4001201522104544,-0.6521058486961997,4.232399999999999,1,4.232399999999999,6.0,inf
442,0,-0.2101776532484409,-0.017462852230065357,0.6718737089290194,1.4178,1,1.4178,6.0,inf
442,1,-0.2101776532484409,-0.017462852230065357,0.6718737089290194,1.4178,1,1.4178,6.0,inf
442,2,-0.2101776532484409,-0.017462852230065357,0.6718737089290194,1.4178,1,1.4178,6.0,inf
442,3,-0.2101776532484409,-0.017462852230065357,0.6718737089290194,1.4178,1,1.4178,6.0,inf
442,4,-0.2101776532484409,-0.017462852230065357,0.6718737089290194,1.4178,1,1.4178,6.0,inf
442,5,-0.2101776532484409,-0.017462852230065357,0.6718737089290194,1.4178,1,1.4178,6.0,inf
443,0,0.6336423012163915,-0.4407805636387471,-0.30507291142381054,4.184399999999999,1,4.184399999999999,6.0,inf
443,1,0.6336423012163915,-0.4407805636387471,-0.30507291142381054,4.184399999999999,1,4.184399999999999,6.0,inf
443,2,0.6336423012163915,-0.4407805636387471,-0.30507291142381054,4.184399999999999,1,4.184399999999999,6.0,inf
443,3,0.6336423012163915,-0.4407805636387471,-0.30507291142381054,4.184399999999999,1,4.184399999999999,6.0,inf
443,4,0.6336423012163915,-0.4407805636387471,-0.30507291142381054,4.184399999999999,1,4.184399999999999,6.0,inf
443,5,0.6336423012163915,-0.4407805636387471,-0.30507291142381054,4.184399999999999,1,4.184399999999999,6.0,inf
444,0,0.05735260660263999,0.04243789462312694,-0.040704729407712435,2.9919,1,2.9919,6.0,inf
444,1,0.05735260660263999,0.04243789462312694,-0.040704729407712435,2.9919,1,2.9919,6.0,inf
444,2,0.05735260660263999,0.04243789462312694,-0.040704729407712435,2.9919,1,2.9919,6.0,inf
444,3,0.05735260660263999,0.04243789462312694,-0.040704729407712435,2.9919,1,2.9919,6.0,inf
444,4,0.05735260660263999,0.04243789462312694,-0.040704729407712435,2.9919,1,2.9919,6.0,inf
444,5,0.05735260660263999,0.04243789462312694,-0.040704729407712435,2.9919,1,2.9919,6.0,inf
445,0,0.8714543672745637,0.14408772431570083,0.014082268591528974,2.3733,1,2.3733,6.0,inf
445,1,0.8714543672745637,0.14408772431570083,0.014082268591528974,2.3733,1,2.3733,6.0,inf
445,2,0.8714543672745637,0.14408772431570083,0.014082268591528974,2.3733,1,2.3733,6.0,inf
445,3,0.8714543672745637,0.14408772431570083,0.014082268591528974,2.3733,1,2.3733,6.0,inf
445,4,0.8714543672745637,0.14408772431570083,0.014082268591528974,2.3733,1,2.3733,6.0,inf
445,5,0.8714543672745637,0.14408772431570083,0.014082268591528974,2.3733,1,2.3733,6.0,inf
446,0,-0.6834562996956074,-0.9172437908474984,0.023064939412223425,4.6209,1,4.6209,6.0,inf
446,1,-0.6834562996956074,-0.9172437908474984,0.023064939412223425,4.6209,1,4.6209,6.0,inf
446,2,-0.6834562996956074,-0.9172437908474984,0.023064939412223425,4.6209,1,4.6209,6.0,inf
446,3,-0.6834562996956074,-0.9172437908474984,0.023064939412223425,4.6209,1,4.6209,6.0,inf
446,4,-0.6834562996956074,-0.9172437908474984,0.023064939412223425,4.6209,1,4.6209,6.0,inf
446,5,-0.6834562996956074,-0.9172437908474984,0.023064939412223425,4.6209,1,4.6209,6.0,inf
447,0,-0.41080798896773857,-1.4329010542683402,1.0860120537558524,5.3271,1,5.3271,6.0,inf
447,1,-0.41080798896773857,-1.4329010542683402,1.0860120537558524,5.3271,1,5.3271,6.0,inf
447,2,-0.41080798896773857,-1.4329010542683402,1.0860120537558524,5.3271,1,5.3271,6.0,inf
447,3,-0.41080798896773857,-1.4329010542683402,1.0860120537558524,5.3271,1,5.3271,6.0,inf
447,4,-0.41080798896773857,-1.4329010542683402,1.0860120537558524,5.3271,1,5.3271,6.0,inf
447,5,-0.41080798896773857,-1.4329010542683402,1.0860120537558524,5.3271,1,5.3271,6.0,inf
448,0,1.2590429062384716,0.5430436121345801,-0.7178356369025499,2.2977,1,2.2977,6.0,inf
448,1,1.2590429062384716,0.5430436121345801,-0.7178356369025499,2.2977,1,2.2977,6.0,inf
448,2,1.2590429062384716,0.5430436121345801,-0.7178356369025499,2.2977,1,2.2977,6.0,inf
448,3,1.2590429062384716,0.5430436121345801,-0.7178356369025499,2.2977,1,2.2977,6.0,inf
448,4,1.2590429062384716,0.5430436121345801,-0.7178356369025499,2.2977,1,2.2977,6.0,inf
448,5,1.2590429062384716,0.5430436121345801,-0.7178356369025499,2.2977,1,2.2977,6.0,inf
449,0,-0.13284758391289742,1.0459905761174157,-0.6681711589831489,3.4883999999999995,1,3.4883999999999995,6.0,inf
449,1,-0.13284758391289742,1.0459905761174157,-0.6681711589831489,3.4883999999999995,1,3.4883999999999995,6.0,inf
449,2,-0.13284758391289742,1.0459905761174157,-0.6681711589831489,3.4883999999999995,1,3.4883999999999995,6.0,inf
449,3,-0.13284758391289742,1.0459905761174157,-0.6681711589831489,3.4883999999999995,1,3.4883999999999995,6.0,inf
449,4,-0.13284758391289742,1.0459905761174157,-0.6681711589831489,3.4883999999999995,1,3.4883999999999995,6.0,inf
449,5,-0.13284758391289742,1.0459905761174157,-0.6681711589831489,3.4883999999999995,1,3.4883999999999995,6.0,inf
450,0,-0.7246742463161908,2.1269073847843014,-0.6471987873520366,1.0383,1,1.0383,6.0,inf
450,1,-0.7246742463161908,2.1269073847843014,-0.6471987873520366,1.0383,1,1.0383,6.0,inf
450,2,-0.7246742463161908,2.1269073847843014,-0.6471987873520366,1.0383,1,1.0383,6.0,inf
450,3,-0.7246742463161908,2.1269073847843014,-0.6471987873520366,1.0383,1,1.0383,6.0,inf
450,4,-0.7246742463161908,2.1269073847843014,-0.6471987873520366,1.0383,1,1.0383,6.0,inf
450,5,-0.7246742463161908,2.1269073847843014,-0.6471987873520366,1.0383,1,1.0383,6.0,inf
451,0,0.9341469282218335,1.60919233801612,1.3878038930772267,1.1102999999999998,1,1.1102999999999998,6.0,inf
451,1,0.9341469282218335,1.60919233801612,1.3878038930772267,1.1102999999999998,1,1.1102999999999998,6.0,inf
451,2,0.9341469282218335,1.60919233801612,1.3878038930772267,1.1102999999999998,1,1.1102999999999998,6.0,inf
451,3,0.9341469282218335,1.60919233801612,1.3878038930772267,1.1102999999999998,1,1.1102999999999998,6.0,inf
451,4,0.9341469282218335,1.60919233801612,1.3878038930772267,1.1102999999999998,1,1.1102999999999998,6.0,inf
451,5,0.9341469282218335,1.60919233801612,1.3878038930772267,1.1102999999999998,1,1.1102999999999998,6.0,inf
452,0,-0.5314354106623281,0.1140193081339126,1.1235162176175917,2.9999999999999996,1,2.9999999999999996,6.0,inf
452,1,-0.5314354106623281,0.1140193081339126,1.1235162176175917,2.9999999999999996,1,2.9999999999999996,6.0,inf
452,2,-0.5314354106623281,0.1140193081339126,1.1235162176175917,2.9999999999999996,1,2.9999999999999996,6.0,inf
452,3,-0.5314354106623281,0.1140193081339126,1.1235162176175917,2.9999999999999996,1,2.9999999999999996,6.0,inf
452,4,-0.5314354106623281,0.1140193081339126,1.1235162176175917,2.9999999999999996,1,2.9999999999999996,6.0,inf
452,5,-0.5314354106623281,0.1140193081339126,1.1235162176175917,2.9999999999999996,1,2.9999999999999996,6.0,inf
453,0,-0.035340258639376246,1.2749040411560537,-0.8079124862551427,2.916,1,2.916,6.0,inf
453,1,-0.035340258639376246,1.2749040411560537,-0.8079124862551427,2.916,1,2.916,6.0,inf
453,2,-0.035340258639376246,1.2749040411560537,-0.8079124862551427,2.916,1,2.916,6.0,inf
453,3,-0.035340258639376246,1.2749040411560537,-0.8079124862551427,2.916,1,2.916,6.0,inf
453,4,-0.035340258639376246,1.2749040411560537,-0.8079124862551427,2.916,1,2.916,6.0,inf
453,5,-0.035340258639376246,1.2749040411560537,-0.8079124862551427,2.916,1,2.916,6.0,inf
454,0,-1.0937777570010059,0.15674630361229602,-0.577230740603602,4.5012,1,4.5012,6.0,inf
454,1,-1.0937777570010059,0.15674630361229602,-0.577230740603602,4.5012,1,4.5012,6.0,inf
454,2,-1.0937777570010059,0.15674630361229602,-0.577230740603602,4.5012,1,4.5012,6.0,inf
454,3,-1.0937777570010059,0.15674630361229602,-0.577230740603602,4.5012,1,4.5012,6.0,inf
454,4,-1.0937777570010059,0.15674630361229602,-0.577230740603602,4.5012,1,4.5012,6.0,inf
454,5,-1.0937777570010059,0.15674630361229602,-0.577230740603602,4.5012,1,4.5012,6.0,inf
455,0,0.5460602910524228,-0.08142293492035822,-0.7982913900633588,2.6228999999999996,1,2.6228999999999996,6.0,inf
455,1,0.5460602910524228,-0.08142293492035822,-0.7982913900633588,2.6228999999999996,1,2.6228999999999996,6.0,inf
455,2,0.5460602910524228,-0.08142293492035822,-0.7982913900633588,2.6228999999999996,1,2.6228999999999996,6.0,inf
455,3,0.5460602910524228,-0.08142293492035822,-0.7982913900633588,2.6228999999999996,1,2.6228999999999996,6.0,inf
455,4,0.5460602910524228,-0.08142293492035822,-0.7982913900633588,2.6228999999999996,1,2.6228999999999996,6.0,inf
455,5,0.5460602910524228,-0.08142293492035822,-0.7982913900633588,2.6228999999999996,1,2.6228999999999996,6.0,inf
456,0,-0.8659748901198193,-0.04536044775530756,1.2330089921802192,2.4665999999999997,1,2.4665999999999997,6.0,inf
456,1,-0.8659748901198193,-0.04536044775530756,1.2330089921802192,2.4665999999999997,1,2.4665999999999997,6.0,inf
456,2,-0.8659748901198193,-0.04536044775530756,1.2330089921802192,2.4665999999999997,1,2.4665999999999997,6.0,inf
456,3,-0.8659748901198193,-0.04536044775530756,1.2330089921802192,2.4665999999999997,1,2.4665999999999997,6.0,inf
456,4,-0.8659748901198193,-0.04536044775530756,1.2330089921802192,2.4665999999999997,1,2.4665999999999997,6.0,inf
456,5,-0.8659748901198193,-0.04536044775530756,1.2330089921802192,2.4665999999999997,1,2.4665999999999997,6.0,inf
457,0,0.1003546912683015,0.7548501745182332,-0.8289919140109117,3.0161999999999995,1,3.0161999999999995,6.0,inf
457,1,0.1003546912683015,0.7548501745182332,-0.8289919140109117,3.0161999999999995,1,3.0161999999999995,6.0,inf
457,2,0.1003546912683015,0.7548501745182332,-0.8289919140109117,3.0161999999999995,1,3.0161999999999995,6.0,inf
457,3,0.1003546912683015,0.7548501745182332,-0.8289919140109117,3.0161999999999995,1,3.0161999999999995,6.0,inf
457,4,0.1003546912683015,0.7548501745182332,-0.8289919140109117,3.0161999999999995,1,3.0161999999999995,6.0,inf
457,5,0.1003546912683015,0.7548501745182332,-0.8289919140109117,3.0161999999999995,1,3.0161999999999995,6.0,inf
458,0,0.2809205487019725,1.7721150126762455,0.4317669160751693,1.3134,1,1.3134,6.0,inf
458,1,0.2809205487019725,1.7721150126762455,0.4317669160751693,1.3134,1,1.3134,6.0,inf
458,2,0.2809205487019725,1.7721150126762455,0.4317669160751693,1.3134,1,1.3134,6.0,inf
458,3,0.2809205487019725,1.7721150126762455,0.4317669160751693,1.3134,1,1.3134,6.0,inf
458,4,0.2809205487019725,1.7721150126762455,0.4317669160751693,1.3134,1,1.3134,6.0,inf
458,5,0.2809205487019725,1.7721150126762455,0.4317669160751693,1.3134,1,1.3134,6.0,inf
459,0,1.0614424801580182,-0.22629272581931267,1.5636305070003442,1.1661,1,1.1661,6.0,inf
459,1,1.0614424801580182,-0.22629272581931267,1.5636305070003442,1.1661,1,1.1661,6.0,inf
459,2,1.0614424801580182,-0.22629272581931267,1.5636305070003442,1.1661,1,1.1661,6.0,inf
459,3,1.0614424801580182,-0.22629272581931267,1.5636305070003442,1.1661,1,1.1661,6.0,inf
459,4,1.0614424801580182,-0.22629272581931267,1.5636305070003442,1.1661,1,1.1661,6.0,inf
459,5,1.0614424801580182,-0.22629272581931267,1.5636305070003442,1.1661,1,1.1661,6.0,inf
460,0,-0.25501908573805415,0.7113828468767694,0.22810170268755178,2.8127999999999997,1,2.8127999999999997,6.0,inf
460,1,-0.25501908573805415,0.7113828468767694,0.22810170268755178,2.8127999999999997,1,2.8127999999999997,6.0,inf
460,2,-0.25501908573805415,0.7113828468767694,0.22810170268755178,2.8127999999999997,1,2.8127999999999997,6.0,inf
460,3,-0.25501908573805415,0.7113828468767694,0.22810170268755178,2.8127999999999997,1,2.8127999999999997,6.0,inf
460,4,-0.25501908573805415,0.7113828468767694,0.22810170268755178,2.8127999999999997,1,2.8127999999999997,6.0,inf
460,5,-0.25501908573805415,0.7113828468767694,0.22810170268755178,2.8127999999999997,1,2.8127999999999997,6.0,inf
461,0,1.0365638384172364,0.3843026320701742,-0.6534802334139387,2.3996999999999997,1,2.3996999999999997,6.0,inf
461,1,1.0365638384172364,0.3843026320701742,-0.6534802334139387,2.3996999999999997,1,2.3996999999999997,6.0,inf
461,2,1.0365638384172364,0.3843026320701742,-0.6534802334139387,2.3996999999999997,1,2.3996999999999997,6.0,inf
461,3,1.0365638384172364,0.3843026320701742,-0.6534802334139387,2.3996999999999997,1,2.3996999999999997,6.0,inf
461,4,1.0365638384172364,0.3843026320701742,-0.6534802334139387,2.3996999999999997,1,2.3996999999999997,6.0,inf
461,5,1.0365638384172364,0.3843026320701742,-0.6534802334139387,2.3996999999999997,1,2.3996999999999997,6.0,inf
462,0,0.6267863829328637,-0.29008258370960144,0.5631821875883023,2.8718999999999997,1,2.8718999999999997,6.0,inf
462,1,0.6267863829328637,-0.29008258370960144,0.5631821875883023,2.8718999999999997,1,2.8718999999999997,6.0,inf
462,2,0.6267863829328637,-0.29008258370960144,0.5631821875883023,2.8718999999999997,1,2.8718999999999997,6.0,inf
462,3,0.6267863829328637,-0.29008258370960144,0.5631821875883023,2.8718999999999997,1,2.8718999999999997,6.0,inf
462,4,0.6267863829328637,-0.29008258370960144,0.5631821875883023,2.8718999999999997,1,2.8718999999999997,6.0,inf
462,5,0.6267863829328637,-0.29008258370960144,0.5631821875883023,2.8718999999999997,1,2.8718999999999997,6.0,inf
463,0,0.8397622753306473,0.9741457688626323,-1.1802572191941698,2.421,1,2.421,6.0,inf
463,1,0.8397622753306473,0.9741457688626323,-1.1802572191941698,2.421,1,2.421,6.0,inf
463,2,0.8397622753306473,0.9741457688626323,-1.1802572191941698,2.421,1,2.421,6.0,inf
463,3,0.8397622753306473,0.9741457688626323,-1.1802572191941698,2.421,1,2.421,6.0,inf
463,4,0.8397622753306473,0.9741457688626323,-1.1802572191941698,2.421,1,2.421,6.0,inf
463,5,0.8397622753306473,0.9741457688626323,-1.1802572191941698,2.421,1,2.421,6.0,inf
464,0,-2.133295922491403,1.2547885138569306,-0.8253159370639694,6.0,0,8.0001,6.0,inf
464,1,-2.133295922491403,1.2547885138569306,-0.8253159370639694,6.0,0,8.0001,6.0,inf
464,2,-2.133295922491403,1.2547885138569306,-0.8253159370639694,6.0,0,8.0001,6.0,inf
464,3,-2.133295922491403,1.2547885138569306,-0.8253159370639694,6.0,0,8.0001,6.0,inf
464,4,-2.133295922491403,1.2547885138569306,-0.8253159370639694,6.0,0,8.0001,6.0,inf
464,5,-2.133295922491403,1.2547885138569306,-0.8253159370639694,6.0,0,8.0001,6.0,inf
465,0,0.5504627422602116,-1.0151318895333303,-0.5205333572737613,1.9506,1,1.9506,6.0,inf
465,1,0.5504627422602116,-1.0151318895333303,-0.5205333572737613,1.9506,1,1.9506,6.0,inf
465,2,0.5504627422602116,-1.0151318895333303,-0.5205333572737613,1.9506,1,1.9506,6.0,inf
465,3,0.5504627422602116,-1.0151318895333303,-0.5205333572737613,1.9506,1,1.9506,6.0,inf
465,4,0.5504627422602116,-1.0151318895333303,-0.5205333572737613,1.9506,1,1.9506,6.0,inf
465,5,0.5504627422602116,-1.0151318895333303,-0.5205333572737613,1.9506,1,1.9506,6.0,inf
466,0,2.0960566997336736,0.05580083130051655,-0.20089475706038187,1.2669,1,1.2669,6.0,inf
466,1,2.0960566997336736,0.05580083130051655,-0.20089475706038187,1.2669,1,1.2669,6.0,inf
466,2,2.0960566997336736,0.05580083130051655,-0.20089475706038187,1.2669,1,1.2669,6.0,inf
466,3,2.0960566997336736,0.05580083130051655,-0.20089475706038187,1.2669,1,1.2669,6.0,inf
466,4,2.0960566997336736,0.05580083130051655,-0.20089475706038187,1.2669,1,1.2669,6.0,inf
466,5,2.0960566997336736,0.05580083130051655,-0.20089475706038187,1.2669,1,1.2669,6.0,inf
467,0,0.3251978814821612,-0.3762404190148424,-1.5041603125542384,1.9883999999999997,1,1.9883999999999997,6.0,inf
467,1,0.3251978814821612,-0.3762404190148424,-1.5041603125542384,1.9883999999999997,1,1.9883999999999997,6.0,inf
467,2,0.3251978814821612,-0.3762404190148424,-1.5041603125542384,1.9883999999999997,1,1.9883999999999997,6.0,inf
467,3,0.3251978814821612,-0.3762404190148424,-1.5041603125542384,1.9883999999999997,1,1.9883999999999997,6.0,inf
467,4,0.3251978814821612,-0.3762404190148424,-1.5041603125542384,1.9883999999999997,1,1.9883999999999997,6.0,inf
467,5,0.3251978814821612,-0.3762404190148424,-1.5041603125542384,1.9883999999999997,1,1.9883999999999997,6.0,inf
468,0,0.3009278805052528,0.446889622686104,-0.22557152477763792,2.5416,1,2.5416,6.0,inf
468,1,0.3009278805052528,0.446889622686104,-0.22557152477763792,2.5416,1,2.5416,6.0,inf
468,2,0.3009278805052528,0.446889622686104,-0.22557152477763792,2.5416,1,2.5416,6.0,inf
468,3,0.3009278805052528,0.446889622686104,-0.22557152477763792,2.5416,1,2.5416,6.0,inf
468,4,0.3009278805052528,0.446889622686104,-0.22557152477763792,2.5416,1,2.5416,6.0,inf
468,5,0.3009278805052528,0.446889622686104,-0.22557152477763792,2.5416,1,2.5416,6.0,inf
469,0,0.9660349316488922,-0.13080417120512394,0.025885268127470093,2.0873999999999997,1,2.0873999999999997,6.0,inf
469,1,0.9660349316488922,-0.13080417120512394,0.025885268127470093,2.0873999999999997,1,2.0873999999999997,6.0,inf
469,2,0.9660349316488922,-0.13080417120512394,0.025885268127470093,2.0873999999999997,1,2.0873999999999997,6.0,inf
469,3,0.9660349316488922,-0.13080417120512394,0.025885268127470093,2.0873999999999997,1,2.0873999999999997,6.0,inf
469,4,0.9660349316488922,-0.13080417120512394,0.025885268127470093,2.0873999999999997,1,2.0873999999999997,6.0,inf
469,5,0.9660349316488922,-0.13080417120512394,0.025885268127470093,2.0873999999999997,1,2.0873999999999997,6.0,inf
470,0,0.07461446661081887,-0.5729630740425218,1.321001196662076,2.0982,1,2.0982,6.0,inf
470,1,0.07461446661081887,-0.5729630740425218,1.321001196662076,2.0982,1,2.0982,6.0,inf
470,2,0.07461446661081887,-0.5729630740425218,1.321001196662076,2.0982,1,2.0982,6.0,inf
470,3,0.07461446661081887,-0.5729630740425218,1.321001196662076,2.0982,1,2.0982,6.0,inf
470,4,0.07461446661081887,-0.5729630740425218,1.321001196662076,2.0982,1,2.0982,6.0,inf
470,5,0.07461446661081887,-0.5729630740425218,1.321001196662076,2.0982,1,2.0982,6.0,inf
471,0,0.6079109108287938,-0.3140352712014019,-0.20119876323991437,3.1247999999999996,1,3.1247999999999996,6.0,inf
471,1,0.6079109108287938,-0.3140352712014019,-0.20119876323991437,3.1247999999999996,1,3.1247999999999996,6.0,inf
471,2,0.6079109108287938,-0.3140352712014019,-0.20119876323991437,3.1247999999999996,1,3.1247999999999996,6.0,inf
471,3,0.6079109108287938,-0.3140352712014019,-0.20119876323991437,3.1247999999999996,1,3.1247999999999996,6.0,inf
471,4,0.6079109108287938,-0.3140352712014019,-0.20119876323991437,3.1247999999999996,1,3.1247999999999996,6.0,inf
471,5,0.6079109108287938,-0.3140352712014019,-0.20119876323991437,3.1247999999999996,1,3.1247999999999996,6.0,inf
472,0,0.673503550408251,-0.7171960420242789,-1.0150062114004563,3.7343999999999995,1,3.7343999999999995,6.0,inf
472,1,0.673503550408251,-0.7171960420242789,-1.0150062114004563,3.7343999999999995,1,3.7343999999999995,6.0,inf
472,2,0.673503550408251,-0.7171960420242789,-1.0150062114004563,3.7343999999999995,1,3.7343999999999995,6.0,inf
472,3,0.673503550408251,-0.7171960420242789,-1.0150062114004563,3.7343999999999995,1,3.7343999999999995,6.0,inf
472,4,0.673503550408251,-0.7171960420242789,-1.0150062114004563,3.7343999999999995,1,3.7343999999999995,6.0,inf
472,5,0.673503550408251,-0.7171960420242789,-1.0150062114004563,3.7343999999999995,1,3.7343999999999995,6.0,inf
473,0,0.38333343189683355,1.288034597551689,1.7906404360262393,1.2089999999999999,1,1.2089999999999999,6.0,inf
473,1,0.38333343189683355,1.288034597551689,1.7906404360262393,1.2089999999999999,1,1.2089999999999999,6.0,inf
473,2,0.38333343189683355,1.288034597551689,1.7906404360262393,1.2089999999999999,1,1.2089999999999999,6.0,inf
473,3,0.38333343189683355,1.288034597551689,1.7906404360262393,1.2089999999999999,1,1.2089999999999999,6.0,inf
473,4,0.38333343189683355,1.288034597551689,1.7906404360262393,1.2089999999999999,1,1.2089999999999999,6.0,inf
473,5,0.38333343189683355,1.288034597551689,1.7906404360262393,1.2089999999999999,1,1.2089999999999999,6.0,inf
474,0,1.1582013843407564,1.676578308084896,-1.1264596489699579,1.8782999999999999,1,1.8782999999999999,6.0,inf
474,1,1.1582013843407564,1.676578308084896,-1.1264596489699579,1.8782999999999999,1,1.8782999999999999,6.0,inf
474,2,1.1582013843407564,1.676578308084896,-1.1264596489699579,1.8782999999999999,1,1.8782999999999999,6.0,inf
474,3,1.1582013843407564,1.676578308084896,-1.1264596489699579,1.8782999999999999,1,1.8782999999999999,6.0,inf
474,4,1.1582013843407564,1.676578308084896,-1.1264596489699579,1.8782999999999999,1,1.8782999999999999,6.0,inf
474,5,1.1582013843407564,1.676578308084896,-1.1264596489699579,1.8782999999999999,1,1.8782999999999999,6.0,inf
475,0,-0.018435382797533,-0.3819664720015165,-0.038677491822322226,2.901,1,2.901,6.0,inf
475,1,-0.018435382797533,-0.3819664720015165,-0.038677491822322226,2.901,1,2.901,6.0,inf
475,2,-0.018435382797533,-0.3819664720015165,-0.038677491822322226,2.901,1,2.901,6.0,inf
475,3,-0.018435382797533,-0.3819664720015165,-0.038677491822322226,2.901,1,2.901,6.0,inf
475,4,-0.018435382797533,-0.3819664720015165,-0.038677491822322226,2.901,1,2.901,6.0,inf
475,5,-0.018435382797533,-0.3819664720015165,-0.038677491822322226,2.901,1,2.901,6.0,inf
476,0,-0.47931903591383,0.8705379764919912,0.6379876660712155,2.7140999999999997,1,2.7140999999999997,6.0,inf
476,1,-0.47931903591383,0.8705379764919912,0.6379876660712155,2.7140999999999997,1,2.7140999999999997,6.0,inf
476,2,-0.47931903591383,0.8705379764919912,0.6379876660712155,2.7140999999999997,1,2.7140999999999997,6.0,inf
476,3,-0.47931903591383,0.8705379764919912,0.6379876660712155,2.7140999999999997,1,2.7140999999999997,6.0,inf
476,4,-0.47931903591383,0.8705379764919912,0.6379876660712155,2.7140999999999997,1,2.7140999999999997,6.0,inf
476,5,-0.47931903591383,0.8705379764919912,0.6379876660712155,2.7140999999999997,1,2.7140999999999997,6.0,inf
477,0,1.3060576212125785,1.9784372800237726,0.4511716787085163,0.5774999999999999,1,0.5774999999999999,6.0,inf
477,1,1.3060576212125785,1.9784372800237726,0.4511716787085163,0.5774999999999999,1,0.5774999999999999,6.0,inf
477,2,1.3060576212125785,1.9784372800237726,0.4511716787085163,0.5774999999999999,1,0.5774999999999999,6.0,inf
477,3,1.3060576212125785,1.9784372800237726,0.4511716787085163,0.5774999999999999,1,0.5774999999999999,6.0,inf
477,4,1.3060576212125785,1.9784372800237726,0.4511716787085163,0.5774999999999999,1,0.5774999999999999,6.0,inf
477,5,1.3060576212125785,1.9784372800237726,0.4511716787085163,0.5774999999999999,1,0.5774999999999999,6.0,inf
478,0,0.4326590699506553,0.775041250021901,0.25080938006200076,1.6103999999999998,1,1.6103999999999998,6.0,inf
478,1,0.4326590699506553,0.775041250021901,0.25080938006200076,1.6103999999999998,1,1.6103999999999998,6.0,inf
478,2,0.4326590699506553,0.775041250021901,0.25080938006200076,1.6103999999999998,1,1.6103999999999998,6.0,inf
478,3,0.4326590699506553,0.775041250021901,0.25080938006200076,1.6103999999999998,1,1.6103999999999998,6.0,inf
478,4,0.4326590699506553,0.775041250021901,0.25080938006200076,1.6103999999999998,1,1.6103999999999998,6.0,inf
478,5,0.4326590699506553,0.775041250021901,0.25080938006200076,1.6103999999999998,1,1.6103999999999998,6.0,inf
479,0,0.5502940433434655,0.8564620772525708,-0.3306406990303623,0.30689999999999995,1,0.30689999999999995,6.0,inf
479,1,0.5502940433434655,0.8564620772525708,-0.3306406990303623,0.30689999999999995,1,0.30689999999999995,6.0,inf
479,2,0.5502940433434655,0.8564620772525708,-0.3306406990303623,0.30689999999999995,1,0.30689999999999995,6.0,inf
479,3,0.5502940433434655,0.8564620772525708,-0.3306406990303623,0.30689999999999995,1,0.30689999999999995,6.0,inf
479,4,0.5502940433434655,0.8564620772525708,-0.3306406990303623,0.30689999999999995,1,0.30689999999999995,6.0,inf
479,5,0.5502940433434655,0.8564620772525708,-0.3306406990303623,0.30689999999999995,1,0.30689999999999995,6.0,inf
480,0,-0.8522800036483699,0.6595082881848127,-0.10202311005480222,5.2296,1,5.2296,6.0,inf
480,1,-0.8522800036483699,0.6595082881848127,-0.10202311005480222,5.2296,1,5.2296,6.0,inf
480,2,-0.8522800036483699,0.6595082881848127,-0.10202311005480222,5.2296,1,5.2296,6.0,inf
480,3,-0.8522800036483699,0.6595082881848127,-0.10202311005480222,5.2296,1,5.2296,6.0,inf
480,4,-0.8522800036483699,0.6595082881848127,-0.10202311005480222,5.2296,1,5.2296,6.0,inf
480,5,-0.8522800036483699,0.6595082881848127,-0.10202311005480222,5.2296,1,5.2296,6.0,inf
481,0,-1.0105709920698491,-0.8587089587031339,-0.8970686776503409,6.0,0,6.241499999999999,6.0,inf
481,1,-1.0105709920698491,-0.8587089587031339,-0.8970686776503409,6.0,0,6.241499999999999,6.0,inf
481,2,-1.0105709920698491,-0.8587089587031339,-0.8970686776503409,6.0,0,6.241499999999999,6.0,inf
481,3,-1.0105709920698491,-0.8587089587031339,-0.8970686776503409,6.0,0,6.241499999999999,6.0,inf
481,4,-1.0105709920698491,-0.8587089587031339,-0.8970686776503409,6.0,0,6.241499999999999,6.0,inf
481,5,-1.0105709920698491,-0.8587089587031339,-0.8970686776503409,6.0,0,6.241499999999999,6.0,inf
482,0,0.4036638309491131,-1.3099243841168298,0.5996417083472972,1.7996999999999999,1,1.7996999999999999,6.0,inf
482,1,0.4036638309491131,-1.3099243841168298,0.5996417083472972,1.7996999999999999,1,1.7996999999999999,6.0,inf
482,2,0.4036638309491131,-1.3099243841168298,0.5996417083472972,1.7996999999999999,1,1.7996999999999999,6.0,inf
482,3,0.4036638309491131,-1.3099243841168298,0.5996417083472972,1.7996999999999999,1,1.7996999999999999,6.0,inf
482,4,0.4036638309491131,-1.3099243841168298,0.5996417083472972,1.7996999999999999,1,1.7996999999999999,6.0,inf
482,5,0.4036638309491131,-1.3099243841168298,0.5996417083472972,1.7996999999999999,1,1.7996999999999999,6.0,inf
483,0,-1.870315292772733,1.3845838806422852,0.8625054694635789,1.0893,1,1.0893,6.0,inf
483,1,-1.870315292772733,1.3845838806422852,0.8625054694635789,1.0893,1,1.0893,6.0,inf
483,2,-1.870315292772733,1.3845838806422852,0.8625054694635789,1.0893,1,1.0893,6.0,inf
483,3,-1.870315292772733,1.3845838806422852,0.8625054694635789,1.0893,1,1.0893,6.0,inf
483,4,-1.870315292772733,1.3845838806422852,0.8625054694635789,1.0893,1,1.0893,6.0,inf
483,5,-1.870315292772733,1.3845838806422852,0.8625054694635789,1.0893,1,1.0893,6.0,inf
484,0,0.17339166753241125,-1.2077974431587237,-0.8166089993205035,3.9852,1,3.9852,6.0,inf
484,1,0.17339166753241125,-1.2077974431587237,-0.8166089993205035,3.9852,1,3.9852,6.0,inf
484,2,0.17339166753241125,-1.2077974431587237,-0.8166089993205035,3.9852,1,3.9852,6.0,inf
484,3,0.17339166753241125,-1.2077974431587237,-0.8166089993205035,3.9852,1,3.9852,6.0,inf
484,4,0.17339166753241125,-1.2077974431587237,-0.8166089993205035,3.9852,1,3.9852,6.0,inf
484,5,0.17339166753241125,-1.2077974431587237,-0.8166089993205035,3.9852,1,3.9852,6.0,inf
485,0,0.2923536855043381,1.436625329716228,-1.7239658621639686,3.9309,1,3.9309,6.0,inf
485,1,0.2923536855043381,1.436625329716228,-1.7239658621639686,3.9309,1,3.9309,6.0,inf
485,2,0.2923536855043381,1.436625329716228,-1.7239658621639686,3.9309,1,3.9309,6.0,inf
485,3,0.2923536855043381,1.436625329716228,-1.7239658621639686,3.9309,1,3.9309,6.0,inf
485,4,0.2923536855043381,1.436625329716228,-1.7239658621639686,3.9309,1,3.9309,6.0,inf
485,5,0.2923536855043381,1.436625329716228,-1.7239658621639686,3.9309,1,3.9309,6.0,inf
486,0,-0.10666185000164695,1.7298979968210069,-0.3328068677390913,0.9977999999999999,1,0.9977999999999999,6.0,inf
486,1,-0.10666185000164695,1.7298979968210069,-0.3328068677390913,0.9977999999999999,1,0.9977999999999999,6.0,inf
486,2,-0.10666185000164695,1.7298979968210069,-0.3328068677390913,0.9977999999999999,1,0.9977999999999999,6.0,inf
486,3,-0.10666185000164695,1.7298979968210069,-0.3328068677390913,0.9977999999999999,1,0.9977999999999999,6.0,inf
486,4,-0.10666185000164695,1.7298979968210069,-0.3328068677390913,0.9977999999999999,1,0.9977999999999999,6.0,inf
486,5,-0.10666185000164695,1.7298979968210069,-0.3328068677390913,0.9977999999999999,1,0.9977999999999999,6.0,inf
487,0,-1.0568193588321484,0.15112576833520883,-1.26799256114406,3.8663999999999996,1,3.8663999999999996,6.0,inf
487,1,-1.0568193588321484,0.15112576833520883,-1.26799256114406,3.8663999999999996,1,3.8663999999999996,6.0,inf
487,2,-1.0568193588321484,0.15112576833520883,-1.26799256114406,3.8663999999999996,1,3.8663999999999996,6.0,inf
487,3,-1.0568193588321484,0.15112576833520883,-1.26799256114406,3.8663999999999996,1,3.8663999999999996,6.0,inf
487,4,-1.0568193588321484,0.15112576833520883,-1.26799256114406,3.8663999999999996,1,3.8663999999999996,6.0,inf
487,5,-1.0568193588321484,0.15112576833520883,-1.26799256114406,3.8663999999999996,1,3.8663999999999996,6.0,inf
488,0,-0.2946605443239359,-1.7535238348636601,-1.015786784077246,5.1651,1,5.1651,6.0,inf
488,1,-0.2946605443239359,-1.7535238348636601,-1.015786784077246,5.1651,1,5.1651,6.0,inf
488,2,-0.2946605443239359,-1.7535238348636601,-1.015786784077246,5.1651,1,5.1651,6.0,inf
488,3,-0.2946605443239359,-1.7535238348636601,-1.015786784077246,5.1651,1,5.1651,6.0,inf
488,4,-0.2946605443239359,-1.7535238348636601,-1.015786784077246,5.1651,1,5.1651,6.0,inf
488,5,-0.2946605443239359,-1.7535238348636601,-1.015786784077246,5.1651,1,5.1651,6.0,inf
489,0,-1.319856670259192,0.3518974303050637,-0.8678782955778787,6.0,0,8.0001,6.0,inf
489,1,-1.319856670259192,0.3518974303050637,-0.8678782955778787,6.0,0,8.0001,6.0,inf
489,2,-1.319856670259192,0.3518974303050637,-0.8678782955778787,6.0,0,8.0001,6.0,inf
489,3,-1.319856670259192,0.3518974303050637,-0.8678782955778787,6.0,0,8.0001,6.0,inf
489,4,-1.319856670259192,0.3518974303050637,-0.8678782955778787,6.0,0,8.0001,6.0,inf
489,5,-1.319856670259192,0.3518974303050637,-0.8678782955778787,6.0,0,8.0001,6.0,inf
490,0,0.014358771861445756,1.1865712125805834,-0.8960566404995748,3.2663999999999995,1,3.2663999999999995,6.0,inf
490,1,0.014358771861445756,1.1865712125805834,-0.8960566404995748,3.2663999999999995,1,3.2663999999999995,6.0,inf
490,2,0.014358771861445756,1.1865712125805834,-0.8960566404995748,3.2663999999999995,1,3.2663999999999995,6.0,inf
490,3,0.014358771861445756,1.1865712125805834,-0.8960566404995748,3.2663999999999995,1,3.2663999999999995,6.0,inf
490,4,0.014358771861445756,1.1865712125805834,-0.8960566404995748,3.2663999999999995,1,3.2663999999999995,6.0,inf
490,5,0.014358771861445756,1.1865712125805834,-0.8960566404995748,3.2663999999999995,1,3.2663999999999995,6.0,inf
491,0,-1.757318501471669,-0.2866666760102125,0.44137449808848256,6.0,0,8.0001,6.0,inf
491,1,-1.757318501471669,-0.2866666760102125,0.44137449808848256,6.0,0,8.0001,6.0,inf
491,2,-1.757318501471669,-0.2866666760102125,0.44137449808848256,6.0,0,8.0001,6.0,inf
491,3,-1.757318501471669,-0.2866666760102125,0.44137449808848256,6.0,0,8.0001,6.0,inf
491,4,-1.757318501471669,-0.2866666760102125,0.44137449808848256,6.0,0,8.0001,6.0,inf
491,5,-1.757318501471669,-0.2866666760102125,0.44137449808848256,6.0,0,8.0001,6.0,inf
492,0,1.384663400035931,0.22652023262347307,1.058496122657079,1.1517,1,1.1517,6.0,inf
492,1,1.384663400035931,0.22652023262347307,1.058496122657079,1.1517,1,1.1517,6.0,inf
492,2,1.384663400035931,0.22652023262347307,1.058496122657079,1.1517,1,1.1517,6.0,inf
492,3,1.384663400035931,0.22652023262347307,1.058496122657079,1.1517,1,1.1517,6.0,inf
492,4,1.384663400035931,0.22652023262347307,1.058496122657079,1.1517,1,1.1517,6.0,inf
492,5,1.384663400035931,0.22652023262347307,1.058496122657079,1.1517,1,1.1517,6.0,inf
493,0,-1.4531538895583014,-0.6075034747113368,1.7853324375173758,1.5785999999999998,1,1.5785999999999998,6.0,inf
493,1,-1.4531538895583014,-0.6075034747113368,1.7853324375173758,1.5785999999999998,1,1.5785999999999998,6.0,inf
493,2,-1.4531538895583014,-0.6075034747113368,1.7853324375173758,1.5785999999999998,1,1.5785999999999998,6.0,inf
493,3,-1.4531538895583014,-0.6075034747113368,1.7853324375173758,1.5785999999999998,1,1.5785999999999998,6.0,inf
493,4,-1.4531538895583014,-0.6075034747113368,1.7853324375173758,1.5785999999999998,1,1.5785999999999998,6.0,inf
493,5,-1.4531538895583014,-0.6075034747113368,1.7853324375173758,1.5785999999999998,1,1.5785999999999998,6.0,inf
494,0,-1.230876540319168,-0.5072756175251057,-0.03806554115311899,4.5309,1,4.5309,6.0,inf
494,1,-1.230876540319168,-0.5072756175251057,-0.03806554115311899,4.5309,1,4.5309,6.0,inf
494,2,-1.230876540319168,-0.5072756175251057,-0.03806554115311899,4.5309,1,4.5309,6.0,inf
494,3,-1.230876540319168,-0.5072756175251057,-0.03806554115311899,4.5309,1,4.5309,6.0,inf
494,4,-1.230876540319168,-0.5072756175251057,-0.03806554115311899,4.5309,1,4.5309,6.0,inf
494,5,-1.230876540319168,-0.5072756175251057,-0.03806554115311899,4.5309,1,4.5309,6.0,inf
495,0,0.3816707025911655,-0.30815158897199085,-0.12541173470904166,1.1538,1,1.1538,6.0,inf
495,1,0.3816707025911655,-0.30815158897199085,-0.12541173470904166,1.1538,1,1.1538,6.0,inf
495,2,0.3816707025911655,-0.30815158897199085,-0.12541173470904166,1.1538,1,1.1538,6.0,inf
495,3,0.3816707025911655,-0.30815158897199085,-0.12541173470904166,1.1538,1,1.1538,6.0,inf
495,4,0.3816707025911655,-0.30815158897199085,-0.12541173470904166,1.1538,1,1.1538,6.0,inf
495,5,0.3816707025911655,-0.30815158897199085,-0.12541173470904166,1.1538,1,1.1538,6.0,inf
496,0,0.43856019701505905,-0.8093516080186047,0.2821604542513824,2.5092,1,2.5092,6.0,inf
496,1,0.43856019701505905,-0.8093516080186047,0.2821604542513824,2.5092,1,2.5092,6.0,inf
496,2,0.43856019701505905,-0.8093516080186047,0.2821604542513824,2.5092,1,2.5092,6.0,inf
496,3,0.43856019701505905,-0.8093516080186047,0.2821604542513824,2.5092,1,2.5092,6.0,inf
496,4,0.43856019701505905,-0.8093516080186047,0.2821604542513824,2.5092,1,2.5092,6.0,inf
496,5,0.43856019701505905,-0.8093516080186047,0.2821604542513824,2.5092,1,2.5092,6.0,inf
497,0,1.7960623770569013,-0.5105095148874432,0.7002373586811833,1.3491,1,1.3491,6.0,inf
497,1,1.7960623770569013,-0.5105095148874432,0.7002373586811833,1.3491,1,1.3491,6.0,inf
497,2,1.7960623770569013,-0.5105095148874432,0.7002373586811833,1.3491,1,1.3491,6.0,inf
497,3,1.7960623770569013,-0.5105095148874432,0.7002373586811833,1.3491,1,1.3491,6.0,inf
497,4,1.7960623770569013,-0.5105095148874432,0.7002373586811833,1.3491,1,1.3491,6.0,inf
497,5,1.7960623770569013,-0.5105095148874432,0.7002373586811833,1.3491,1,1.3491,6.0,inf
498,0,0.0941747093764262,0.4970364602090113,0.12357980065422204,2.4452999999999996,1,2.4452999999999996,6.0,inf
498,1,0.0941747093764262,0.4970364602090113,0.12357980065422204,2.4452999999999996,1,2.4452999999999996,6.0,inf
498,2,0.0941747093764262,0.4970364602090113,0.12357980065422204,2.4452999999999996,1,2.4452999999999996,6.0,inf
498,3,0.0941747093764262,0.4970364602090113,0.12357980065422204,2.4452999999999996,1,2.4452999999999996,6.0,inf
498,4,0.0941747093764262,0.4970364602090113,0.12357980065422204,2.4452999999999996,1,2.4452999999999996,6.0,inf
498,5,0.0941747093764262,0.4970364602090113,0.12357980065422204,2.4452999999999996,1,2.4452999999999996,6.0,inf
499,0,1.3587444940171134,0.9295714568189415,0.5878413923668805,1.4079,1,1.4079,6.0,inf
499,1,1.3587444940171134,0.9295714568189415,0.5878413923668805,1.4079,1,1.4079,6.0,inf
499,2,1.3587444940171134,0.9295714568189415,0.5878413923668805,1.4079,1,1.4079,6.0,inf
499,3,1.3587444940171134,0.9295714568189415,0.5878413923668805,1.4079,1,1.4079,6.0,inf
499,4,1.3587444940171134,0.9295714568189415,0.5878413923668805,1.4079,1,1.4079,6.0,inf
499,5,1.3587444940171134,0.9295714568189415,0.5878413923668805,1.4079,1,1.4079,6.0,inf
500,0,1.3631340116255841,-2.3362286991087076,0.9171452935494533,3.2733,1,3.2733,6.0,inf
500,1,1.3631340116255841,-2.3362286991087076,0.9171452935494533,3.2733,1,3.2733,6.0,inf
500,2,1.3631340116255841,-2.3362286991087076,0.9171452935494533,3.2733,1,3.2733,6.0,inf
500,3,1.3631340116255841,-2.3362286991087076,0.9171452935494533,3.2733,1,3.2733,6.0,inf
500,4,1.3631340116255841,-2.3362286991087076,0.9171452935494533,3.2733,1,3.2733,6.0,inf
500,5,1.3631340116255841,-2.3362286991087076,0.9171452935494533,3.2733,1,3.2733,6.0,inf
501,0,0.8492447467352835,-0.8460455119201266,0.01720288230927134,3.2093999999999996,1,3.2093999999999996,6.0,inf
501,1,0.8492447467352835,-0.8460455119201266,0.01720288230927134,3.2093999999999996,1,3.2093999999999996,6.0,inf
501,2,0.8492447467352835,-0.8460455119201266,0.01720288230927134,3.2093999999999996,1,3.2093999999999996,6.0,inf
501,3,0.8492447467352835,-0.8460455119201266,0.01720288230927134,3.2093999999999996,1,3.2093999999999996,6.0,inf
501,4,0.8492447467352835,-0.8460455119201266,0.01720288230927134,3.2093999999999996,1,3.2093999999999996,6.0,inf
501,5,0.8492447467352835,-0.8460455119201266,0.01720288230927134,3.2093999999999996,1,3.2093999999999996,6.0,inf
502,0,0.1405664087538385,0.39525110392509366,-1.3314986631047085,2.0562,1,2.0562,6.0,inf
502,1,0.1405664087538385,0.39525110392509366,-1.3314986631047085,2.0562,1,2.0562,6.0,inf
502,2,0.1405664087538385,0.39525110392509366,-1.3314986631047085,2.0562,1,2.0562,6.0,inf
502,3,0.1405664087538385,0.39525110392509366,-1.3314986631047085,2.0562,1,2.0562,6.0,inf
502,4,0.1405664087538385,0.39525110392509366,-1.3314986631047085,2.0562,1,2.0562,6.0,inf
502,5,0.1405664087538385,0.39525110392509366,-1.3314986631047085,2.0562,1,2.0562,6.0,inf
503,0,0.9833873356004128,0.06607705949624237,-1.983123386468218,4.398,1,4.398,6.0,inf
503,1,0.9833873356004128,0.06607705949624237,-1.983123386468218,4.398,1,4.398,6.0,inf
503,2,0.9833873356004128,0.06607705949624237,-1.983123386468218,4.398,1,4.398,6.0,inf
503,3,0.9833873356004128,0.06607705949624237,-1.983123386468218,4.398,1,4.398,6.0,inf
503,4,0.9833873356004128,0.06607705949624237,-1.983123386468218,4.398,1,4.398,6.0,inf
503,5,0.9833873356004128,0.06607705949624237,-1.983123386468218,4.398,1,4.398,6.0,inf
504,0,0.2799172387191504,1.187871411404469,-0.5419485925770374,2.5824,1,2.5824,6.0,inf
504,1,0.2799172387191504,1.187871411404469,-0.5419485925770374,2.5824,1,2.5824,6.0,inf
504,2,0.2799172387191504,1.187871411404469,-0.5419485925770374,2.5824,1,2.5824,6.0,inf
504,3,0.2799172387191504,1.187871411404469,-0.5419485925770374,2.5824,1,2.5824,6.0,inf
504,4,0.2799172387191504,1.187871411404469,-0.5419485925770374,2.5824,1,2.5824,6.0,inf
504,5,0.2799172387191504,1.187871411404469,-0.5419485925770374,2.5824,1,2.5824,6.0,inf
505,0,0.6433160651435802,0.7154748796276118,0.689942941201257,1.0760999999999998,1,1.0760999999999998,6.0,inf
505,1,0.6433160651435802,0.7154748796276118,0.689942941201257,1.0760999999999998,1,1.0760999999999998,6.0,inf
505,2,0.6433160651435802,0.7154748796276118,0.689942941201257,1.0760999999999998,1,1.0760999999999998,6.0,inf
505,3,0.6433160651435802,0.7154748796276118,0.689942941201257,1.0760999999999998,1,1.0760999999999998,6.0,inf
505,4,0.6433160651435802,0.7154748796276118,0.689942941201257,1.0760999999999998,1,1.0760999999999998,6.0,inf
505,5,0.6433160651435802,0.7154748796276118,0.689942941201257,1.0760999999999998,1,1.0760999999999998,6.0,inf
506,0,0.12732900289226093,0.13943982953775527,1.1446368236503979,1.3076999999999999,1,1.3076999999999999,6.0,inf
506,1,0.12732900289226093,0.13943982953775527,1.1446368236503979,1.3076999999999999,1,1.3076999999999999,6.0,inf
506,2,0.12732900289226093,0.13943982953775527,1.1446368236503979,1.3076999999999999,1,1.3076999999999999,6.0,inf
506,3,0.12732900289226093,0.13943982953775527,1.1446368236503979,1.3076999999999999,1,1.3076999999999999,6.0,inf
506,4,0.12732900289226093,0.13943982953775527,1.1446368236503979,1.3076999999999999,1,1.3076999999999999,6.0,inf
506,5,0.12732900289226093,0.13943982953775527,1.1446368236503979,1.3076999999999999,1,1.3076999999999999,6.0,inf
507,0,0.01735494078423925,0.7105610851456009,0.09897775407384897,1.4024999999999999,1,1.4024999999999999,6.0,inf
507,1,0.01735494078423925,0.7105610851456009,0.09897775407384897,1.4024999999999999,1,1.4024999999999999,6.0,inf
507,2,0.01735494078423925,0.7105610851456009,0.09897775407384897,1.4024999999999999,1,1.4024999999999999,6.0,inf
507,3,0.01735494078423925,0.7105610851456009,0.09897775407384897,1.4024999999999999,1,1.4024999999999999,6.0,inf
507,4,0.01735494078423925,0.7105610851456009,0.09897775407384897,1.4024999999999999,1,1.4024999999999999,6.0,inf
507,5,0.01735494078423925,0.7105610851456009,0.09897775407384897,1.4024999999999999,1,1.4024999999999999,6.0,inf
508,0,0.31652388790773506,-1.1463755271068137,0.40559784273151583,4.297499999999999,1,4.297499999999999,6.0,inf
508,1,0.31652388790773506,-1.1463755271068137,0.40559784273151583,4.297499999999999,1,4.297499999999999,6.0,inf
508,2,0.31652388790773506,-1.1463755271068137,0.40559784273151583,4.297499999999999,1,4.297499999999999,6.0,inf
508,3,0.31652388790773506,-1.1463755271068137,0.40559784273151583,4.297499999999999,1,4.297499999999999,6.0,inf
508,4,0.31652388790773506,-1.1463755271068137,0.40559784273151583,4.297499999999999,1,4.297499999999999,6.0,inf
508,5,0.31652388790773506,-1.1463755271068137,0.40559784273151583,4.297499999999999,1,4.297499999999999,6.0,inf
509,0,1.6798922139903794,0.9608229900916135,0.06544923795357269,1.6842,1,1.6842,6.0,inf
509,1,1.6798922139903794,0.9608229900916135,0.06544923795357269,1.6842,1,1.6842,6.0,inf
509,2,1.6798922139903794,0.9608229900916135,0.06544923795357269,1.6842,1,1.6842,6.0,inf
509,3,1.6798922139903794,0.9608229900916135,0.06544923795357269,1.6842,1,1.6842,6.0,inf
509,4,1.6798922139903794,0.9608229900916135,0.06544923795357269,1.6842,1,1.6842,6.0,inf
509,5,1.6798922139903794,0.9608229900916135,0.06544923795357269,1.6842,1,1.6842,6.0,inf
510,0,-0.9514659662378135,0.04243004948111134,0.5009286840479534,1.9041,1,1.9041,6.0,inf
510,1,-0.9514659662378135,0.04243004948111134,0.5009286840479534,1.9041,1,1.9041,6.0,inf
510,2,-0.9514659662378135,0.04243004948111134,0.5009286840479534,1.9041,1,1.9041,6.0,inf
510,3,-0.9514659662378135,0.04243004948111134,0.5009286840479534,1.9041,1,1.9041,6.0,inf
510,4,-0.9514659662378135,0.04243004948111134,0.5009286840479534,1.9041,1,1.9041,6.0,inf
510,5,-0.9514659662378135,0.04243004948111134,0.5009286840479534,1.9041,1,1.9041,6.0,inf
511,0,-0.0377676830836019,0.467161777190321,0.12922032042089368,0.9800999999999999,1,0.9800999999999999,6.0,inf
511,1,-0.0377676830836019,0.467161777190321,0.12922032042089368,0.9800999999999999,1,0.9800999999999999,6.0,inf
511,2,-0.0377676830836019,0.467161777190321,0.12922032042089368,0.9800999999999999,1,0.9800999999999999,6.0,inf
511,3,-0.0377676830836019,0.467161777190321,0.12922032042089368,0.9800999999999999,1,0.9800999999999999,6.0,inf
511,4,-0.0377676830836019,0.467161777190321,0.12922032042089368,0.9800999999999999,1,0.9800999999999999,6.0,inf
511,5,-0.0377676830836019,0.467161777190321,0.12922032042089368,0.9800999999999999,1,0.9800999999999999,6.0,inf
512,0,-0.5708661614692371,1.0786714090337564,0.3451459650018477,1.1582999999999999,1,1.1582999999999999,6.0,inf
512,1,-0.5708661614692371,1.0786714090337564,0.3451459650018477,1.1582999999999999,1,1.1582999999999999,6.0,inf
512,2,-0.5708661614692371,1.0786714090337564,0.3451459650018477,1.1582999999999999,1,1.1582999999999999,6.0,inf
512,3,-0.5708661614692371,1.0786714090337564,0.3451459650018477,1.1582999999999999,1,1.1582999999999999,6.0,inf
512,4,-0.5708661614692371,1.0786714090337564,0.3451459650018477,1.1582999999999999,1,1.1582999999999999,6.0,inf
512,5,-0.5708661614692371,1.0786714090337564,0.3451459650018477,1.1582999999999999,1,1.1582999999999999,6.0,inf
513,0,-0.1747662268226503,0.5174656033517984,-0.5735991568972251,3.2279999999999998,1,3.2279999999999998,6.0,inf
513,1,-0.1747662268226503,0.5174656033517984,-0.5735991568972251,3.2279999999999998,1,3.2279999999999998,6.0,inf
513,2,-0.1747662268226503,0.5174656033517984,-0.5735991568972251,3.2279999999999998,1,3.2279999999999998,6.0,inf
513,3,-0.1747662268226503,0.5174656033517984,-0.5735991568972251,3.2279999999999998,1,3.2279999999999998,6.0,inf
513,4,-0.1747662268226503,0.5174656033517984,-0.5735991568972251,3.2279999999999998,1,3.2279999999999998,6.0,inf
513,5,-0.1747662268226503,0.5174656033517984,-0.5735991568972251,3.2279999999999998,1,3.2279999999999998,6.0,inf
514,0,-1.668009656980997,-2.058591545609437,2.0906424168270457,6.0,0,6.445799999999999,6.0,inf
514,1,-1.668009656980997,-2.058591545609437,2.0906424168270457,6.0,0,6.445799999999999,6.0,inf
514,2,-1.668009656980997,-2.058591545609437,2.0906424168270457,6.0,0,6.445799999999999,6.0,inf
514,3,-1.668009656980997,-2.058591545609437,2.0906424168270457,6.0,0,6.445799999999999,6.0,inf
514,4,-1.668009656980997,-2.058591545609437,2.0906424168270457,6.0,0,6.445799999999999,6.0,inf
514,5,-1.668009656980997,-2.058591545609437,2.0906424168270457,6.0,0,6.445799999999999,6.0,inf
515,0,1.2523250485381434,-1.1568677893778105,1.4405100249593716,1.4424,1,1.4424,6.0,inf
515,1,1.2523250485381434,-1.1568677893778105,1.4405100249593716,1.4424,1,1.4424,6.0,inf
515,2,1.2523250485381434,-1.1568677893778105,1.4405100249593716,1.4424,1,1.4424,6.0,inf
515,3,1.2523250485381434,-1.1568677893778105,1.4405100249593716,1.4424,1,1.4424,6.0,inf
515,4,1.2523250485381434,-1.1568677893778105,1.4405100249593716,1.4424,1,1.4424,6.0,inf
515,5,1.2523250485381434,-1.1568677893778105,1.4405100249593716,1.4424,1,1.4424,6.0,inf
516,0,1.0655811399821595,0.6068133854713668,0.42894226917723555,1.2308999999999999,1,1.2308999999999999,6.0,inf
516,1,1.0655811399821595,0.6068133854713668,0.42894226917723555,1.2308999999999999,1,1.2308999999999999,6.0,inf
516,2,1.0655811399821595,0.6068133854713668,0.42894226917723555,1.2308999999999999,1,1.2308999999999999,6.0,inf
516,3,1.0655811399821595,0.6068133854713668,0.42894226917723555,1.2308999999999999,1,1.2308999999999999,6.0,inf
516,4,1.0655811399821595,0.6068133854713668,0.42894226917723555,1.2308999999999999,1,1.2308999999999999,6.0,inf
516,5,1.0655811399821595,0.6068133854713668,0.42894226917723555,1.2308999999999999,1,1.2308999999999999,6.0,inf
517,0,-0.02377481247398431,0.13488677940683488,-0.657531195136374,2.9048999999999996,1,2.9048999999999996,6.0,inf
517,1,-0.02377481247398431,0.13488677940683488,-0.657531195136374,2.9048999999999996,1,2.9048999999999996,6.0,inf
517,2,-0.02377481247398431,0.13488677940683488,-0.657531195136374,2.9048999999999996,1,2.9048999999999996,6.0,inf
517,3,-0.02377481247398431,0.13488677940683488,-0.657531195136374,2.9048999999999996,1,2.9048999999999996,6.0,inf
517,4,-0.02377481247398431,0.13488677940683488,-0.657531195136374,2.9048999999999996,1,2.9048999999999996,6.0,inf
517,5,-0.02377481247398431,0.13488677940683488,-0.657531195136374,2.9048999999999996,1,2.9048999999999996,6.0,inf
518,0,1.7202693026954188,-0.8657463221200238,1.5295423355657616,1.422,1,1.422,6.0,inf
518,1,1.7202693026954188,-0.8657463221200238,1.5295423355657616,1.422,1,1.422,6.0,inf
518,2,1.7202693026954188,-0.8657463221200238,1.5295423355657616,1.422,1,1.422,6.0,inf
518,3,1.7202693026954188,-0.8657463221200238,1.5295423355657616,1.422,1,1.422,6.0,inf
518,4,1.7202693026954188,-0.8657463221200238,1.5295423355657616,1.422,1,1.422,6.0,inf
518,5,1.7202693026954188,-0.8657463221200238,1.5295423355657616,1.422,1,1.422,6.0,inf
519,0,0.5088062949819984,1.7234789677828721,-0.3695803025731918,1.8911999999999998,1,1.8911999999999998,6.0,inf
519,1,0.5088062949819984,1.7234789677828721,-0.3695803025731918,1.8911999999999998,1,1.8911999999999998,6.0,inf
519,2,0.5088062949819984,1.7234789677828721,-0.3695803025731918,1.8911999999999998,1,1.8911999999999998,6.0,inf
519,3,0.5088062949819984,1.7234789677828721,-0.3695803025731918,1.8911999999999998,1,1.8911999999999998,6.0,inf
519,4,0.5088062949819984,1.7234789677828721,-0.3695803025731918,1.8911999999999998,1,1.8911999999999998,6.0,inf
519,5,0.5088062949819984,1.7234789677828721,-0.3695803025731918,1.8911999999999998,1,1.8911999999999998,6.0,inf
520,0,-0.18253334322087958,-0.7491223653216181,0.6828004075667812,2.8503,1,2.8503,6.0,inf
520,1,-0.18253334322087958,-0.7491223653216181,0.6828004075667812,2.8503,1,2.8503,6.0,inf
520,2,-0.18253334322087958,-0.7491223653216181,0.6828004075667812,2.8503,1,2.8503,6.0,inf
520,3,-0.18253334322087958,-0.7491223653216181,0.6828004075667812,2.8503,1,2.8503,6.0,inf
520,4,-0.18253334322087958,-0.7491223653216181,0.6828004075667812,2.8503,1,2.8503,6.0,inf
520,5,-0.18253334322087958,-0.7491223653216181,0.6828004075667812,2.8503,1,2.8503,6.0,inf
521,0,0.03145936538435828,-0.6725541132578681,0.3421511064325379,1.8707999999999998,1,1.8707999999999998,6.0,inf
521,1,0.03145936538435828,-0.6725541132578681,0.3421511064325379,1.8707999999999998,1,1.8707999999999998,6.0,inf
521,2,0.03145936538435828,-0.6725541132578681,0.3421511064325379,1.8707999999999998,1,1.8707999999999998,6.0,inf
521,3,0.03145936538435828,-0.6725541132578681,0.3421511064325379,1.8707999999999998,1,1.8707999999999998,6.0,inf
521,4,0.03145936538435828,-0.6725541132578681,0.3421511064325379,1.8707999999999998,1,1.8707999999999998,6.0,inf
521,5,0.03145936538435828,-0.6725541132578681,0.3421511064325379,1.8707999999999998,1,1.8707999999999998,6.0,inf
522,0,1.7914317638857225,0.07543803032838266,0.2697401478440987,1.7273999999999998,1,1.7273999999999998,6.0,inf
522,1,1.7914317638857225,0.07543803032838266,0.2697401478440987,1.7273999999999998,1,1.7273999999999998,6.0,inf
522,2,1.7914317638857225,0.07543803032838266,0.2697401478440987,1.7273999999999998,1,1.7273999999999998,6.0,inf
522,3,1.7914317638857225,0.07543803032838266,0.2697401478440987,1.7273999999999998,1,1.7273999999999998,6.0,inf
522,4,1.7914317638857225,0.07543803032838266,0.2697401478440987,1.7273999999999998,1,1.7273999999999998,6.0,inf
522,5,1.7914317638857225,0.07543803032838266,0.2697401478440987,1.7273999999999998,1,1.7273999999999998,6.0,inf
523,0,0.2367568833895936,0.564657748241967,0.5170264639533813,1.9208999999999998,1,1.9208999999999998,6.0,inf
523,1,0.2367568833895936,0.564657748241967,0.5170264639533813,1.9208999999999998,1,1.9208999999999998,6.0,inf
523,2,0.2367568833895936,0.564657748241967,0.5170264639533813,1.9208999999999998,1,1.9208999999999998,6.0,inf
523,3,0.2367568833895936,0.564657748241967,0.5170264639533813,1.9208999999999998,1,1.9208999999999998,6.0,inf
523,4,0.2367568833895936,0.564657748241967,0.5170264639533813,1.9208999999999998,1,1.9208999999999998,6.0,inf
523,5,0.2367568833895936,0.564657748241967,0.5170264639533813,1.9208999999999998,1,1.9208999999999998,6.0,inf
524,0,0.3957518454037017,-0.3827954509951497,0.4930499163023058,2.9654999999999996,1,2.9654999999999996,6.0,inf
524,1,0.3957518454037017,-0.3827954509951497,0.4930499163023058,2.9654999999999996,1,2.9654999999999996,6.0,inf
524,2,0.3957518454037017,-0.3827954509951497,0.4930499163023058,2.9654999999999996,1,2.9654999999999996,6.0,inf
524,3,0.3957518454037017,-0.3827954509951497,0.4930499163023058,2.9654999999999996,1,2.9654999999999996,6.0,inf
524,4,0.3957518454037017,-0.3827954509951497,0.4930499163023058,2.9654999999999996,1,2.9654999999999996,6.0,inf
524,5,0.3957518454037017,-0.3827954509951497,0.4930499163023058,2.9654999999999996,1,2.9654999999999996,6.0,inf
525,0,-0.3205196736732776,2.278192810314953,0.47634871016402264,1.1049,1,1.1049,6.0,inf
525,1,-0.3205196736732776,2.278192810314953,0.47634871016402264,1.1049,1,1.1049,6.0,inf
525,2,-0.3205196736732776,2.278192810314953,0.47634871016402264,1.1049,1,1.1049,6.0,inf
525,3,-0.3205196736732776,2.278192810314953,0.47634871016402264,1.1049,1,1.1049,6.0,inf
525,4,-0.3205196736732776,2.278192810314953,0.47634871016402264,1.1049,1,1.1049,6.0,inf
525,5,-0.3205196736732776,2.278192810314953,0.47634871016402264,1.1049,1,1.1049,6.0,inf
526,0,0.9295047323579682,-0.2586054760381738,0.9810243465506386,2.1719999999999997,1,2.1719999999999997,6.0,inf
526,1,0.9295047323579682,-0.2586054760381738,0.9810243465506386,2.1719999999999997,1,2.1719999999999997,6.0,inf
526,2,0.9295047323579682,-0.2586054760381738,0.9810243465506386,2.1719999999999997,1,2.1719999999999997,6.0,inf
526,3,0.9295047323579682,-0.2586054760381738,0.9810243465506386,2.1719999999999997,1,2.1719999999999997,6.0,inf
526,4,0.9295047323579682,-0.2586054760381738,0.9810243465506386,2.1719999999999997,1,2.1719999999999997,6.0,inf
526,5,0.9295047323579682,-0.2586054760381738,0.9810243465506386,2.1719999999999997,1,2.1719999999999997,6.0,inf
527,0,-0.7976833076388572,-0.644471166682963,0.6502898753934515,2.3415,1,2.3415,6.0,inf
527,1,-0.7976833076388572,-0.644471166682963,0.6502898753934515,2.3415,1,2.3415,6.0,inf
527,2,-0.7976833076388572,-0.644471166682963,0.6502898753934515,2.3415,1,2.3415,6.0,inf
527,3,-0.7976833076388572,-0.644471166682963,0.6502898753934515,2.3415,1,2.3415,6.0,inf
527,4,-0.7976833076388572,-0.644471166682963,0.6502898753934515,2.3415,1,2.3415,6.0,inf
527,5,-0.7976833076388572,-0.644471166682963,0.6502898753934515,2.3415,1,2.3415,6.0,inf
528,0,0.795172599444486,-0.6411021930694352,0.20531918843013938,2.7276,1,2.7276,6.0,inf
528,1,0.795172599444486,-0.6411021930694352,0.20531918843013938,2.7276,1,2.7276,6.0,inf
528,2,0.795172599444486,-0.6411021930694352,0.20531918843013938,2.7276,1,2.7276,6.0,inf
528,3,0.795172599444486,-0.6411021930694352,0.20531918843013938,2.7276,1,2.7276,6.0,inf
528,4,0.795172599444486,-0.6411021930694352,0.20531918843013938,2.7276,1,2.7276,6.0,inf
528,5,0.795172599444486,-0.6411021930694352,0.20531918843013938,2.7276,1,2.7276,6.0,inf
529,0,-0.6498120500814334,2.369622360383759,-1.1575805165469357,3.0875999999999997,1,3.0875999999999997,6.0,inf
529,1,-0.6498120500814334,2.369622360383759,-1.1575805165469357,3.0875999999999997,1,3.0875999999999997,6.0,inf
529,2,-0.6498120500814334,2.369622360383759,-1.1575805165469357,3.0875999999999997,1,3.0875999999999997,6.0,inf
529,3,-0.6498120500814334,2.369622360383759,-1.1575805165469357,3.0875999999999997,1,3.0875999999999997,6.0,inf
529,4,-0.6498120500814334,2.369622360383759,-1.1575805165469357,3.0875999999999997,1,3.0875999999999997,6.0,inf
529,5,-0.6498120500814334,2.369622360383759,-1.1575805165469357,3.0875999999999997,1,3.0875999999999997,6.0,inf
530,0,0.2785910586663605,1.816388604687167,0.6923240021473235,0.4608,1,0.4608,6.0,inf
530,1,0.2785910586663605,1.816388604687167,0.6923240021473235,0.4608,1,0.4608,6.0,inf
530,2,0.2785910586663605,1.816388604687167,0.6923240021473235,0.4608,1,0.4608,6.0,inf
530,3,0.2785910586663605,1.816388604687167,0.6923240021473235,0.4608,1,0.4608,6.0,inf
530,4,0.2785910586663605,1.816388604687167,0.6923240021473235,0.4608,1,0.4608,6.0,inf
530,5,0.2785910586663605,1.816388604687167,0.6923240021473235,0.4608,1,0.4608,6.0,inf
531,0,-0.40031688018416633,-1.093662790552331,1.5497152010421749,2.0987999999999998,1,2.0987999999999998,6.0,inf
531,1,-0.40031688018416633,-1.093662790552331,1.5497152010421749,2.0987999999999998,1,2.0987999999999998,6.0,inf
531,2,-0.40031688018416633,-1.093662790552331,1.5497152010421749,2.0987999999999998,1,2.0987999999999998,6.0,inf
531,3,-0.40031688018416633,-1.093662790552331,1.5497152010421749,2.0987999999999998,1,2.0987999999999998,6.0,inf
531,4,-0.40031688018416633,-1.093662790552331,1.5497152010421749,2.0987999999999998,1,2.0987999999999998,6.0,inf
531,5,-0.40031688018416633,-1.093662790552331,1.5497152010421749,2.0987999999999998,1,2.0987999999999998,6.0,inf
532,0,-0.8167310247529179,0.5962418523134757,-1.005314848034637,6.0,0,6.8069999999999995,6.0,inf
532,1,-0.8167310247529179,0.5962418523134757,-1.005314848034637,6.0,0,6.8069999999999995,6.0,inf
532,2,-0.8167310247529179,0.5962418523134757,-1.005314848034637,6.0,0,6.8069999999999995,6.0,inf
532,3,-0.8167310247529179,0.5962418523134757,-1.005314848034637,6.0,0,6.8069999999999995,6.0,inf
532,4,-0.8167310247529179,0.5962418523134757,-1.005314848034637,6.0,0,6.8069999999999995,6.0,inf
532,5,-0.8167310247529179,0.5962418523134757,-1.005314848034637,6.0,0,6.8069999999999995,6.0,inf
533,0,1.7649504195250878,-0.9608551983746573,1.9312479789498254,1.0584,1,1.0584,6.0,inf
533,1,1.7649504195250878,-0.9608551983746573,1.9312479789498254,1.0584,1,1.0584,6.0,inf
533,2,1.7649504195250878,-0.9608551983746573,1.9312479789498254,1.0584,1,1.0584,6.0,inf
533,3,1.7649504195250878,-0.9608551983746573,1.9312479789498254,1.0584,1,1.0584,6.0,inf
533,4,1.7649504195250878,-0.9608551983746573,1.9312479789498254,1.0584,1,1.0584,6.0,inf
533,5,1.7649504195250878,-0.9608551983746573,1.9312479789498254,1.0584,1,1.0584,6.0,inf
534,0,-0.136569917415114,0.2706915561760929,-0.31255000594622967,1.3667999999999998,1,1.3667999999999998,6.0,inf
534,1,-0.136569917415114,0.2706915561760929,-0.31255000594622967,1.3667999999999998,1,1.3667999999999998,6.0,inf
534,2,-0.136569917415114,0.2706915561760929,-0.31255000594622967,1.3667999999999998,1,1.3667999999999998,6.0,inf
534,3,-0.136569917415114,0.2706915561760929,-0.31255000594622967,1.3667999999999998,1,1.3667999999999998,6.0,inf
534,4,-0.136569917415114,0.2706915561760929,-0.31255000594622967,1.3667999999999998,1,1.3667999999999998,6.0,inf
534,5,-0.136569917415114,0.2706915561760929,-0.31255000594622967,1.3667999999999998,1,1.3667999999999998,6.0,inf
535,0,-0.9855293492689918,-0.46215296662000843,0.27337709755070533,5.412599999999999,1,5.412599999999999,6.0,inf
535,1,-0.9855293492689918,-0.46215296662000843,0.27337709755070533,5.412599999999999,1,5.412599999999999,6.0,inf
535,2,-0.9855293492689918,-0.46215296662000843,0.27337709755070533,5.412599999999999,1,5.412599999999999,6.0,inf
535,3,-0.9855293492689918,-0.46215296662000843,0.27337709755070533,5.412599999999999,1,5.412599999999999,6.0,inf
535,4,-0.9855293492689918,-0.46215296662000843,0.27337709755070533,5.412599999999999,1,5.412599999999999,6.0,inf
535,5,-0.9855293492689918,-0.46215296662000843,0.27337709755070533,5.412599999999999,1,5.412599999999999,6.0,inf
536,0,1.288369983571216,-0.3091838580095797,-1.0036781182420618,2.6433,1,2.6433,6.0,inf
536,1,1.288369983571216,-0.3091838580095797,-1.0036781182420618,2.6433,1,2.6433,6.0,inf
536,2,1.288369983571216,-0.3091838580095797,-1.0036781182420618,2.6433,1,2.6433,6.0,inf
536,3,1.288369983571216,-0.3091838580095797,-1.0036781182420618,2.6433,1,2.6433,6.0,inf
536,4,1.288369983571216,-0.3091838580095797,-1.0036781182420618,2.6433,1,2.6433,6.0,inf
536,5,1.288369983571216,-0.3091838580095797,-1.0036781182420618,2.6433,1,2.6433,6.0,inf
537,0,-2.1322795582008953,0.05813450703180872,1.874118992208867,1.8513,1,1.8513,6.0,inf
537,1,-2.1322795582008953,0.05813450703180872,1.874118992208867,1.8513,1,1.8513,6.0,inf
537,2,-2.1322795582008953,0.05813450703180872,1.874118992208867,1.8513,1,1.8513,6.0,inf
537,3,-2.1322795582008953,0.05813450703180872,1.874118992208867,1.8513,1,1.8513,6.0,inf
537,4,-2.1322795582008953,0.05813450703180872,1.874118992208867,1.8513,1,1.8513,6.0,inf
537,5,-2.1322795582008953,0.05813450703180872,1.874118992208867,1.8513,1,1.8513,6.0,inf
538,0,-1.4619394517079702,1.755195748105684,-0.08798727520001522,1.7417999999999998,1,1.7417999999999998,6.0,inf
538,1,-1.4619394517079702,1.755195748105684,-0.08798727520001522,1.7417999999999998,1,1.7417999999999998,6.0,inf
538,2,-1.4619394517079702,1.755195748105684,-0.08798727520001522,1.7417999999999998,1,1.7417999999999998,6.0,inf
538,3,-1.4619394517079702,1.755195748105684,-0.08798727520001522,1.7417999999999998,1,1.7417999999999998,6.0,inf
538,4,-1.4619394517079702,1.755195748105684,-0.08798727520001522,1.7417999999999998,1,1.7417999999999998,6.0,inf
538,5,-1.4619394517079702,1.755195748105684,-0.08798727520001522,1.7417999999999998,1,1.7417999999999998,6.0,inf
539,0,-1.9238282365053445,2.699365412441142,-0.1627272225292749,1.7247,1,1.7247,6.0,inf
539,1,-1.9238282365053445,2.699365412441142,-0.1627272225292749,1.7247,1,1.7247,6.0,inf
539,2,-1.9238282365053445,2.699365412441142,-0.1627272225292749,1.7247,1,1.7247,6.0,inf
539,3,-1.9238282365053445,2.699365412441142,-0.1627272225292749,1.7247,1,1.7247,6.0,inf
539,4,-1.9238282365053445,2.699365412441142,-0.1627272225292749,1.7247,1,1.7247,6.0,inf
539,5,-1.9238282365053445,2.699365412441142,-0.1627272225292749,1.7247,1,1.7247,6.0,inf
540,0,1.9880222759188662,-0.3134353885580875,0.20410882229949132,1.8467999999999998,1,1.8467999999999998,6.0,inf
540,1,1.9880222759188662,-0.3134353885580875,0.20410882229949132,1.8467999999999998,1,1.8467999999999998,6.0,inf
540,2,1.9880222759188662,-0.3134353885580875,0.20410882229949132,1.8467999999999998,1,1.8467999999999998,6.0,inf
540,3,1.9880222759188662,-0.3134353885580875,0.20410882229949132,1.8467999999999998,1,1.8467999999999998,6.0,inf
540,4,1.9880222759188662,-0.3134353885580875,0.20410882229949132,1.8467999999999998,1,1.8467999999999998,6.0,inf
540,5,1.9880222759188662,-0.3134353885580875,0.20410882229949132,1.8467999999999998,1,1.8467999999999998,6.0,inf
541,0,-0.2510844582292364,-0.9671305502582812,-0.20989652976742135,1.2429,1,1.2429,6.0,inf
541,1,-0.2510844582292364,-0.9671305502582812,-0.20989652976742135,1.2429,1,1.2429,6.0,inf
541,2,-0.2510844582292364,-0.9671305502582812,-0.20989652976742135,1.2429,1,1.2429,6.0,inf
541,3,-0.2510844582292364,-0.9671305502582812,-0.20989652976742135,1.2429,1,1.2429,6.0,inf
541,4,-0.2510844582292364,-0.9671305502582812,-0.20989652976742135,1.2429,1,1.2429,6.0,inf
541,5,-0.2510844582292364,-0.9671305502582812,-0.20989652976742135,1.2429,1,1.2429,6.0,inf
542,0,-0.10115995435244414,0.7072913903523462,-0.925141455350832,3.1409999999999996,1,3.1409999999999996,6.0,inf
542,1,-0.10115995435244414,0.7072913903523462,-0.925141455350832,3.1409999999999996,1,3.1409999999999996,6.0,inf
542,2,-0.10115995435244414,0.7072913903523462,-0.925141455350832,3.1409999999999996,1,3.1409999999999996,6.0,inf
542,3,-0.10115995435244414,0.7072913903523462,-0.925141455350832,3.1409999999999996,1,3.1409999999999996,6.0,inf
542,4,-0.10115995435244414,0.7072913903523462,-0.925141455350832,3.1409999999999996,1,3.1409999999999996,6.0,inf
542,5,-0.10115995435244414,0.7072913903523462,-0.925141455350832,3.1409999999999996,1,3.1409999999999996,6.0,inf
543,0,1.9577044142086037,1.3755489509948962,-1.2967477930172127,2.0757,1,2.0757,6.0,inf
543,1,1.9577044142086037,1.3755489509948962,-1.2967477930172127,2.0757,1,2.0757,6.0,inf
543,2,1.9577044142086037,1.3755489509948962,-1.2967477930172127,2.0757,1,2.0757,6.0,inf
543,3,1.9577044142086037,1.3755489509948962,-1.2967477930172127,2.0757,1,2.0757,6.0,inf
543,4,1.9577044142086037,1.3755489509948962,-1.2967477930172127,2.0757,1,2.0757,6.0,inf
543,5,1.9577044142086037,1.3755489509948962,-1.2967477930172127,2.0757,1,2.0757,6.0,inf
544,0,-0.6616198876876079,-0.043468192991506,-1.735625492441978,5.1555,1,5.1555,6.0,inf
544,1,-0.6616198876876079,-0.043468192991506,-1.735625492441978,5.1555,1,5.1555,6.0,inf
544,2,-0.6616198876876079,-0.043468192991506,-1.735625492441978,5.1555,1,5.1555,6.0,inf
544,3,-0.6616198876876079,-0.043468192991506,-1.735625492441978,5.1555,1,5.1555,6.0,inf
544,4,-0.6616198876876079,-0.043468192991506,-1.735625492441978,5.1555,1,5.1555,6.0,inf
544,5,-0.6616198876876079,-0.043468192991506,-1.735625492441978,5.1555,1,5.1555,6.0,inf
545,0,0.24099004501311402,0.43288114314222786,0.4195999403857059,0.7182,1,0.7182,6.0,inf
545,1,0.24099004501311402,0.43288114314222786,0.4195999403857059,0.7182,1,0.7182,6.0,inf
545,2,0.24099004501311402,0.43288114314222786,0.4195999403857059,0.7182,1,0.7182,6.0,inf
545,3,0.24099004501311402,0.43288114314222786,0.4195999403857059,0.7182,1,0.7182,6.0,inf
545,4,0.24099004501311402,0.43288114314222786,0.4195999403857059,0.7182,1,0.7182,6.0,inf
545,5,0.24099004501311402,0.43288114314222786,0.4195999403857059,0.7182,1,0.7182,6.0,inf
546,0,-0.5022236435749398,1.0549669519884393,1.0557326342476212,1.5494999999999999,1,1.5494999999999999,6.0,inf
546,1,-0.5022236435749398,1.0549669519884393,1.0557326342476212,1.5494999999999999,1,1.5494999999999999,6.0,inf
546,2,-0.5022236435749398,1.0549669519884393,1.0557326342476212,1.5494999999999999,1,1.5494999999999999,6.0,inf
546,3,-0.5022236435749398,1.0549669519884393,1.0557326342476212,1.5494999999999999,1,1.5494999999999999,6.0,inf
546,4,-0.5022236435749398,1.0549669519884393,1.0557326342476212,1.5494999999999999,1,1.5494999999999999,6.0,inf
546,5,-0.5022236435749398,1.0549669519884393,1.0557326342476212,1.5494999999999999,1,1.5494999999999999,6.0,inf
547,0,-1.7380983168854292,0.806639337381915,1.0263054743509115,3.2237999999999998,1,3.2237999999999998,6.0,inf
547,1,-1.7380983168854292,0.806639337381915,1.0263054743509115,3.2237999999999998,1,3.2237999999999998,6.0,inf
547,2,-1.7380983168854292,0.806639337381915,1.0263054743509115,3.2237999999999998,1,3.2237999999999998,6.0,inf
547,3,-1.7380983168854292,0.806639337381915,1.0263054743509115,3.2237999999999998,1,3.2237999999999998,6.0,inf
547,4,-1.7380983168854292,0.806639337381915,1.0263054743509115,3.2237999999999998,1,3.2237999999999998,6.0,inf
547,5,-1.7380983168854292,0.806639337381915,1.0263054743509115,3.2237999999999998,1,3.2237999999999998,6.0,inf
548,0,-1.0604095982205666,0.4636887980879686,1.2432650859649084,1.3988999999999998,1,1.3988999999999998,6.0,inf
548,1,-1.0604095982205666,0.4636887980879686,1.2432650859649084,1.3988999999999998,1,1.3988999999999998,6.0,inf
548,2,-1.0604095982205666,0.4636887980879686,1.2432650859649084,1.3988999999999998,1,1.3988999999999998,6.0,inf
548,3,-1.0604095982205666,0.4636887980879686,1.2432650859649084,1.3988999999999998,1,1.3988999999999998,6.0,inf
548,4,-1.0604095982205666,0.4636887980879686,1.2432650859649084,1.3988999999999998,1,1.3988999999999998,6.0,inf
548,5,-1.0604095982205666,0.4636887980879686,1.2432650859649084,1.3988999999999998,1,1.3988999999999998,6.0,inf
549,0,0.020145118969660536,0.18336052001195743,1.2604248406713576,1.8527999999999998,1,1.8527999999999998,6.0,inf
549,1,0.020145118969660536,0.18336052001195743,1.2604248406713576,1.8527999999999998,1,1.8527999999999998,6.0,inf
549,2,0.020145118969660536,0.18336052001195743,1.2604248406713576,1.8527999999999998,1,1.8527999999999998,6.0,inf
549,3,0.020145118969660536,0.18336052001195743,1.2604248406713576,1.8527999999999998,1,1.8527999999999998,6.0,inf
549,4,0.020145118969660536,0.18336052001195743,1.2604248406713576,1.8527999999999998,1,1.8527999999999998,6.0,inf
549,5,0.020145118969660536,0.18336052001195743,1.2604248406713576,1.8527999999999998,1,1.8527999999999998,6.0,inf
550,0,-0.7454338679326046,-0.8876892088089933,-0.15632591936194515,4.3203,1,4.3203,6.0,inf
550,1,-0.7454338679326046,-0.8876892088089933,-0.15632591936194515,4.3203,1,4.3203,6.0,inf
550,2,-0.7454338679326046,-0.8876892088089933,-0.15632591936194515,4.3203,1,4.3203,6.0,inf
550,3,-0.7454338679326046,-0.8876892088089933,-0.15632591936194515,4.3203,1,4.3203,6.0,inf
550,4,-0.7454338679326046,-0.8876892088089933,-0.15632591936194515,4.3203,1,4.3203,6.0,inf
550,5,-0.7454338679326046,-0.8876892088089933,-0.15632591936194515,4.3203,1,4.3203,6.0,inf
551,0,0.5781400549731658,-0.2622158399551869,-0.7232393679889207,2.7695999999999996,1,2.7695999999999996,6.0,inf
551,1,0.5781400549731658,-0.2622158399551869,-0.7232393679889207,2.7695999999999996,1,2.7695999999999996,6.0,inf
551,2,0.5781400549731658,-0.2622158399551869,-0.7232393679889207,2.7695999999999996,1,2.7695999999999996,6.0,inf
551,3,0.5781400549731658,-0.2622158399551869,-0.7232393679889207,2.7695999999999996,1,2.7695999999999996,6.0,inf
551,4,0.5781400549731658,-0.2622158399551869,-0.7232393679889207,2.7695999999999996,1,2.7695999999999996,6.0,inf
551,5,0.5781400549731658,-0.2622158399551869,-0.7232393679889207,2.7695999999999996,1,2.7695999999999996,6.0,inf
552,0,0.9651468514400356,-0.6200986218013038,-1.1308744310792187,2.6435999999999997,1,2.6435999999999997,6.0,inf
552,1,0.9651468514400356,-0.6200986218013038,-1.1308744310792187,2.6435999999999997,1,2.6435999999999997,6.0,inf
552,2,0.9651468514400356,-0.6200986218013038,-1.1308744310792187,2.6435999999999997,1,2.6435999999999997,6.0,inf
552,3,0.9651468514400356,-0.6200986218013038,-1.1308744310792187,2.6435999999999997,1,2.6435999999999997,6.0,inf
552,4,0.9651468514400356,-0.6200986218013038,-1.1308744310792187,2.6435999999999997,1,2.6435999999999997,6.0,inf
552,5,0.9651468514400356,-0.6200986218013038,-1.1308744310792187,2.6435999999999997,1,2.6435999999999997,6.0,inf
553,0,-0.15428613198448263,2.1331009957568146,-0.04500445375874629,1.0655999999999999,1,1.0655999999999999,6.0,inf
553,1,-0.15428613198448263,2.1331009957568146,-0.04500445375874629,1.0655999999999999,1,1.0655999999999999,6.0,inf
553,2,-0.15428613198448263,2.1331009957568146,-0.04500445375874629,1.0655999999999999,1,1.0655999999999999,6.0,inf
553,3,-0.15428613198448263,2.1331009957568146,-0.04500445375874629,1.0655999999999999,1,1.0655999999999999,6.0,inf
553,4,-0.15428613198448263,2.1331009957568146,-0.04500445375874629,1.0655999999999999,1,1.0655999999999999,6.0,inf
553,5,-0.15428613198448263,2.1331009957568146,-0.04500445375874629,1.0655999999999999,1,1.0655999999999999,6.0,inf
554,0,-1.0782225967082366,-0.20003618497786627,-0.8569793601307549,1.2452999999999999,1,1.2452999999999999,6.0,inf
554,1,-1.0782225967082366,-0.20003618497786627,-0.8569793601307549,1.2452999999999999,1,1.2452999999999999,6.0,inf
554,2,-1.0782225967082366,-0.20003618497786627,-0.8569793601307549,1.2452999999999999,1,1.2452999999999999,6.0,inf
554,3,-1.0782225967082366,-0.20003618497786627,-0.8569793601307549,1.2452999999999999,1,1.2452999999999999,6.0,inf
554,4,-1.0782225967082366,-0.20003618497786627,-0.8569793601307549,1.2452999999999999,1,1.2452999999999999,6.0,inf
554,5,-1.0782225967082366,-0.20003618497786627,-0.8569793601307549,1.2452999999999999,1,1.2452999999999999,6.0,inf
555,0,-1.1502314286176818,-0.0010079123875319296,-0.05138349872571705,6.0,0,8.0001,6.0,inf
555,1,-1.1502314286176818,-0.0010079123875319296,-0.05138349872571705,6.0,0,8.0001,6.0,inf
555,2,-1.1502314286176818,-0.0010079123875319296,-0.05138349872571705,6.0,0,8.0001,6.0,inf
555,3,-1.1502314286176818,-0.0010079123875319296,-0.05138349872571705,6.0,0,8.0001,6.0,inf
555,4,-1.1502314286176818,-0.0010079123875319296,-0.05138349872571705,6.0,0,8.0001,6.0,inf
555,5,-1.1502314286176818,-0.0010079123875319296,-0.05138349872571705,6.0,0,8.0001,6.0,inf
556,0,-1.124941930879598,-2.3311067054721173,0.3733678225042519,5.7264,1,5.7264,6.0,inf
556,1,-1.124941930879598,-2.3311067054721173,0.3733678225042519,5.7264,1,5.7264,6.0,inf
556,2,-1.124941930879598,-2.3311067054721173,0.3733678225042519,5.7264,1,5.7264,6.0,inf
556,3,-1.124941930879598,-2.3311067054721173,0.3733678225042519,5.7264,1,5.7264,6.0,inf
556,4,-1.124941930879598,-2.3311067054721173,0.3733678225042519,5.7264,1,5.7264,6.0,inf
556,5,-1.124941930879598,-2.3311067054721173,0.3733678225042519,5.7264,1,5.7264,6.0,inf
557,0,2.4614903984924164,-0.3253495988797301,-0.4946282131675907,2.1332999999999998,1,2.1332999999999998,6.0,inf
557,1,2.4614903984924164,-0.3253495988797301,-0.4946282131675907,2.1332999999999998,1,2.1332999999999998,6.0,inf
557,2,2.4614903984924164,-0.3253495988797301,-0.4946282131675907,2.1332999999999998,1,2.1332999999999998,6.0,inf
557,3,2.4614903984924164,-0.3253495988797301,-0.4946282131675907,2.1332999999999998,1,2.1332999999999998,6.0,inf
557,4,2.4614903984924164,-0.3253495988797301,-0.4946282131675907,2.1332999999999998,1,2.1332999999999998,6.0,inf
557,5,2.4614903984924164,-0.3253495988797301,-0.4946282131675907,2.1332999999999998,1,2.1332999999999998,6.0,inf
558,0,0.06509779961685448,0.011618378001275765,-0.3685478784597124,1.5695999999999999,1,1.5695999999999999,6.0,inf
558,1,0.06509779961685448,0.011618378001275765,-0.3685478784597124,1.5695999999999999,1,1.5695999999999999,6.0,inf
558,2,0.06509779961685448,0.011618378001275765,-0.3685478784597124,1.5695999999999999,1,1.5695999999999999,6.0,inf
558,3,0.06509779961685448,0.011618378001275765,-0.3685478784597124,1.5695999999999999,1,1.5695999999999999,6.0,inf
558,4,0.06509779961685448,0.011618378001275765,-0.3685478784597124,1.5695999999999999,1,1.5695999999999999,6.0,inf
558,5,0.06509779961685448,0.011618378001275765,-0.3685478784597124,1.5695999999999999,1,1.5695999999999999,6.0,inf
559,0,-0.2517867580110896,0.8909329531192186,1.2594954138510397,2.0412,1,2.0412,6.0,inf
559,1,-0.2517867580110896,0.8909329531192186,1.2594954138510397,2.0412,1,2.0412,6.0,inf
559,2,-0.2517867580110896,0.8909329531192186,1.2594954138510397,2.0412,1,2.0412,6.0,inf
559,3,-0.2517867580110896,0.8909329531192186,1.2594954138510397,2.0412,1,2.0412,6.0,inf
559,4,-0.2517867580110896,0.8909329531192186,1.2594954138510397,2.0412,1,2.0412,6.0,inf
559,5,-0.2517867580110896,0.8909329531192186,1.2594954138510397,2.0412,1,2.0412,6.0,inf
560,0,0.14301044801824989,-0.13230848902158338,-0.23941628840537887,0.6432,1,0.6432,6.0,inf
560,1,0.14301044801824989,-0.13230848902158338,-0.23941628840537887,0.6432,1,0.6432,6.0,inf
560,2,0.14301044801824989,-0.13230848902158338,-0.23941628840537887,0.6432,1,0.6432,6.0,inf
560,3,0.14301044801824989,-0.13230848902158338,-0.23941628840537887,0.6432,1,0.6432,6.0,inf
560,4,0.14301044801824989,-0.13230848902158338,-0.23941628840537887,0.6432,1,0.6432,6.0,inf
560,5,0.14301044801824989,-0.13230848902158338,-0.23941628840537887,0.6432,1,0.6432,6.0,inf
561,0,-0.37314984119710987,-0.661036173252431,0.5802782879560558,4.256399999999999,1,4.256399999999999,6.0,inf
561,1,-0.37314984119710987,-0.661036173252431,0.5802782879560558,4.256399999999999,1,4.256399999999999,6.0,inf
561,2,-0.37314984119710987,-0.661036173252431,0.5802782879560558,4.256399999999999,1,4.256399999999999,6.0,inf
561,3,-0.37314984119710987,-0.661036173252431,0.5802782879560558,4.256399999999999,1,4.256399999999999,6.0,inf
561,4,-0.37314984119710987,-0.661036173252431,0.5802782879560558,4.256399999999999,1,4.256399999999999,6.0,inf
561,5,-0.37314984119710987,-0.661036173252431,0.5802782879560558,4.256399999999999,1,4.256399999999999,6.0,inf
562,0,1.1947997104151196,-1.908119477912755,0.338373959928635,3.4385999999999997,1,3.4385999999999997,6.0,inf
562,1,1.1947997104151196,-1.908119477912755,0.338373959928635,3.4385999999999997,1,3.4385999999999997,6.0,inf
562,2,1.1947997104151196,-1.908119477912755,0.338373959928635,3.4385999999999997,1,3.4385999999999997,6.0,inf
562,3,1.1947997104151196,-1.908119477912755,0.338373959928635,3.4385999999999997,1,3.4385999999999997,6.0,inf
562,4,1.1947997104151196,-1.908119477912755,0.338373959928635,3.4385999999999997,1,3.4385999999999997,6.0,inf
562,5,1.1947997104151196,-1.908119477912755,0.338373959928635,3.4385999999999997,1,3.4385999999999997,6.0,inf
563,0,-0.27968149834262396,0.22401897356595044,-0.46019510350571013,1.6241999999999999,1,1.6241999999999999,6.0,inf
563,1,-0.27968149834262396,0.22401897356595044,-0.46019510350571013,1.6241999999999999,1,1.6241999999999999,6.0,inf
563,2,-0.27968149834262396,0.22401897356595044,-0.46019510350571013,1.6241999999999999,1,1.6241999999999999,6.0,inf
563,3,-0.27968149834262396,0.22401897356595044,-0.46019510350571013,1.6241999999999999,1,1.6241999999999999,6.0,inf
563,4,-0.27968149834262396,0.22401897356595044,-0.46019510350571013,1.6241999999999999,1,1.6241999999999999,6.0,inf
563,5,-0.27968149834262396,0.22401897356595044,-0.46019510350571013,1.6241999999999999,1,1.6241999999999999,6.0,inf
564,0,0.05970583160952503,0.3209464789089254,-0.7097674494860344,2.5031999999999996,1,2.5031999999999996,6.0,inf
564,1,0.05970583160952503,0.3209464789089254,-0.7097674494860344,2.5031999999999996,1,2.5031999999999996,6.0,inf
564,2,0.05970583160952503,0.3209464789089254,-0.7097674494860344,2.5031999999999996,1,2.5031999999999996,6.0,inf
564,3,0.05970583160952503,0.3209464789089254,-0.7097674494860344,2.5031999999999996,1,2.5031999999999996,6.0,inf
564,4,0.05970583160952503,0.3209464789089254,-0.7097674494860344,2.5031999999999996,1,2.5031999999999996,6.0,inf
564,5,0.05970583160952503,0.3209464789089254,-0.7097674494860344,2.5031999999999996,1,2.5031999999999996,6.0,inf
565,0,-0.17074973420735712,-0.399889607358005,0.6015153031038271,2.2388999999999997,1,2.2388999999999997,6.0,inf
565,1,-0.17074973420735712,-0.399889607358005,0.6015153031038271,2.2388999999999997,1,2.2388999999999997,6.0,inf
565,2,-0.17074973420735712,-0.399889607358005,0.6015153031038271,2.2388999999999997,1,2.2388999999999997,6.0,inf
565,3,-0.17074973420735712,-0.399889607358005,0.6015153031038271,2.2388999999999997,1,2.2388999999999997,6.0,inf
565,4,-0.17074973420735712,-0.399889607358005,0.6015153031038271,2.2388999999999997,1,2.2388999999999997,6.0,inf
565,5,-0.17074973420735712,-0.399889607358005,0.6015153031038271,2.2388999999999997,1,2.2388999999999997,6.0,inf
566,0,0.7275364918584767,-0.877722377716744,0.505901028463881,1.6461,1,1.6461,6.0,inf
566,1,0.7275364918584767,-0.877722377716744,0.505901028463881,1.6461,1,1.6461,6.0,inf
566,2,0.7275364918584767,-0.877722377716744,0.505901028463881,1.6461,1,1.6461,6.0,inf
566,3,0.7275364918584767,-0.877722377716744,0.505901028463881,1.6461,1,1.6461,6.0,inf
566,4,0.7275364918584767,-0.877722377716744,0.505901028463881,1.6461,1,1.6461,6.0,inf
566,5,0.7275364918584767,-0.877722377716744,0.505901028463881,1.6461,1,1.6461,6.0,inf
567,0,1.261015000303811,-0.6409644554645826,-0.07667392933625851,2.0387999999999997,1,2.0387999999999997,6.0,inf
567,1,1.261015000303811,-0.6409644554645826,-0.07667392933625851,2.0387999999999997,1,2.0387999999999997,6.0,inf
567,2,1.261015000303811,-0.6409644554645826,-0.07667392933625851,2.0387999999999997,1,2.0387999999999997,6.0,inf
567,3,1.261015000303811,-0.6409644554645826,-0.07667392933625851,2.0387999999999997,1,2.0387999999999997,6.0,inf
567,4,1.261015000303811,-0.6409644554645826,-0.07667392933625851,2.0387999999999997,1,2.0387999999999997,6.0,inf
567,5,1.261015000303811,-0.6409644554645826,-0.07667392933625851,2.0387999999999997,1,2.0387999999999997,6.0,inf
568,0,-1.5548409683871318,1.452282205421518,1.005814117718287,1.4249999999999998,1,1.4249999999999998,6.0,inf
568,1,-1.5548409683871318,1.452282205421518,1.005814117718287,1.4249999999999998,1,1.4249999999999998,6.0,inf
568,2,-1.5548409683871318,1.452282205421518,1.005814117718287,1.4249999999999998,1,1.4249999999999998,6.0,inf
568,3,-1.5548409683871318,1.452282205421518,1.005814117718287,1.4249999999999998,1,1.4249999999999998,6.0,inf
568,4,-1.5548409683871318,1.452282205421518,1.005814117718287,1.4249999999999998,1,1.4249999999999998,6.0,inf
568,5,-1.5548409683871318,1.452282205421518,1.005814117718287,1.4249999999999998,1,1.4249999999999998,6.0,inf
569,0,0.2838614668903625,-2.4618732367489793,-0.06767045059386387,4.3031999999999995,1,4.3031999999999995,6.0,inf
569,1,0.2838614668903625,-2.4618732367489793,-0.06767045059386387,4.3031999999999995,1,4.3031999999999995,6.0,inf
569,2,0.2838614668903625,-2.4618732367489793,-0.06767045059386387,4.3031999999999995,1,4.3031999999999995,6.0,inf
569,3,0.2838614668903625,-2.4618732367489793,-0.06767045059386387,4.3031999999999995,1,4.3031999999999995,6.0,inf
569,4,0.2838614668903625,-2.4618732367489793,-0.06767045059386387,4.3031999999999995,1,4.3031999999999995,6.0,inf
569,5,0.2838614668903625,-2.4618732367489793,-0.06767045059386387,4.3031999999999995,1,4.3031999999999995,6.0,inf
570,0,0.16466027261211325,0.2090784113137662,-0.7309589140257224,4.407299999999999,1,4.407299999999999,6.0,inf
570,1,0.16466027261211325,0.2090784113137662,-0.7309589140257224,4.407299999999999,1,4.407299999999999,6.0,inf
570,2,0.16466027261211325,0.2090784113137662,-0.7309589140257224,4.407299999999999,1,4.407299999999999,6.0,inf
570,3,0.16466027261211325,0.2090784113137662,-0.7309589140257224,4.407299999999999,1,4.407299999999999,6.0,inf
570,4,0.16466027261211325,0.2090784113137662,-0.7309589140257224,4.407299999999999,1,4.407299999999999,6.0,inf
570,5,0.16466027261211325,0.2090784113137662,-0.7309589140257224,4.407299999999999,1,4.407299999999999,6.0,inf
571,0,0.252999238361711,-1.7725903446823397,0.5790733197940429,3.9029999999999996,1,3.9029999999999996,6.0,inf
571,1,0.252999238361711,-1.7725903446823397,0.5790733197940429,3.9029999999999996,1,3.9029999999999996,6.0,inf
571,2,0.252999238361711,-1.7725903446823397,0.5790733197940429,3.9029999999999996,1,3.9029999999999996,6.0,inf
571,3,0.252999238361711,-1.7725903446823397,0.5790733197940429,3.9029999999999996,1,3.9029999999999996,6.0,inf
571,4,0.252999238361711,-1.7725903446823397,0.5790733197940429,3.9029999999999996,1,3.9029999999999996,6.0,inf
571,5,0.252999238361711,-1.7725903446823397,0.5790733197940429,3.9029999999999996,1,3.9029999999999996,6.0,inf
572,0,-0.5963340970535373,0.6261238004728794,-0.5613969433354598,5.8446,1,5.8446,6.0,inf
572,1,-0.5963340970535373,0.6261238004728794,-0.5613969433354598,5.8446,1,5.8446,6.0,inf
572,2,-0.5963340970535373,0.6261238004728794,-0.5613969433354598,5.8446,1,5.8446,6.0,inf
572,3,-0.5963340970535373,0.6261238004728794,-0.5613969433354598,5.8446,1,5.8446,6.0,inf
572,4,-0.5963340970535373,0.6261238004728794,-0.5613969433354598,5.8446,1,5.8446,6.0,inf
572,5,-0.5963340970535373,0.6261238004728794,-0.5613969433354598,5.8446,1,5.8446,6.0,inf
573,0,-1.1316546234392615,1.8647763349074007,-0.651165470650711,3.0843,1,3.0843,6.0,inf
573,1,-1.1316546234392615,1.8647763349074007,-0.651165470650711,3.0843,1,3.0843,6.0,inf
573,2,-1.1316546234392615,1.8647763349074007,-0.651165470650711,3.0843,1,3.0843,6.0,inf
573,3,-1.1316546234392615,1.8647763349074007,-0.651165470650711,3.0843,1,3.0843,6.0,inf
573,4,-1.1316546234392615,1.8647763349074007,-0.651165470650711,3.0843,1,3.0843,6.0,inf
573,5,-1.1316546234392615,1.8647763349074007,-0.651165470650711,3.0843,1,3.0843,6.0,inf
574,0,1.1214113360851694,-2.0883047993226724,1.9263507780904818,2.0477999999999996,1,2.0477999999999996,6.0,inf
574,1,1.1214113360851694,-2.0883047993226724,1.9263507780904818,2.0477999999999996,1,2.0477999999999996,6.0,inf
574,2,1.1214113360851694,-2.0883047993226724,1.9263507780904818,2.0477999999999996,1,2.0477999999999996,6.0,inf
574,3,1.1214113360851694,-2.0883047993226724,1.9263507780904818,2.0477999999999996,1,2.0477999999999996,6.0,inf
574,4,1.1214113360851694,-2.0883047993226724,1.9263507780904818,2.0477999999999996,1,2.0477999999999996,6.0,inf
574,5,1.1214113360851694,-2.0883047993226724,1.9263507780904818,2.0477999999999996,1,2.0477999999999996,6.0,inf
575,0,0.38500640013877147,0.6500966880040947,-0.1512235192619043,2.5157999999999996,1,2.5157999999999996,6.0,inf
575,1,0.38500640013877147,0.6500966880040947,-0.1512235192619043,2.5157999999999996,1,2.5157999999999996,6.0,inf
575,2,0.38500640013877147,0.6500966880040947,-0.1512235192619043,2.5157999999999996,1,2.5157999999999996,6.0,inf
575,3,0.38500640013877147,0.6500966880040947,-0.1512235192619043,2.5157999999999996,1,2.5157999999999996,6.0,inf
575,4,0.38500640013877147,0.6500966880040947,-0.1512235192619043,2.5157999999999996,1,2.5157999999999996,6.0,inf
575,5,0.38500640013877147,0.6500966880040947,-0.1512235192619043,2.5157999999999996,1,2.5157999999999996,6.0,inf
576,0,-1.6803136840041724,-0.4945030065534208,-1.7885841462519527,6.0,0,8.0001,6.0,inf
576,1,-1.6803136840041724,-0.4945030065534208,-1.7885841462519527,6.0,0,8.0001,6.0,inf
576,2,-1.6803136840041724,-0.4945030065534208,-1.7885841462519527,6.0,0,8.0001,6.0,inf
576,3,-1.6803136840041724,-0.4945030065534208,-1.7885841462519527,6.0,0,8.0001,6.0,inf
576,4,-1.6803136840041724,-0.4945030065534208,-1.7885841462519527,6.0,0,8.0001,6.0,inf
576,5,-1.6803136840041724,-0.4945030065534208,-1.7885841462519527,6.0,0,8.0001,6.0,inf
577,0,-0.14745553300492473,0.6214815298904197,0.008128861020080438,0.9087,1,0.9087,6.0,inf
577,1,-0.14745553300492473,0.6214815298904197,0.008128861020080438,0.9087,1,0.9087,6.0,inf
577,2,-0.14745553300492473,0.6214815298904197,0.008128861020080438,0.9087,1,0.9087,6.0,inf
577,3,-0.14745553300492473,0.6214815298904197,0.008128861020080438,0.9087,1,0.9087,6.0,inf
577,4,-0.14745553300492473,0.6214815298904197,0.008128861020080438,0.9087,1,0.9087,6.0,inf
577,5,-0.14745553300492473,0.6214815298904197,0.008128861020080438,0.9087,1,0.9087,6.0,inf
578,0,0.5273429574598878,-0.2298859311125702,-1.28081024753165,4.404299999999999,1,4.404299999999999,6.0,inf
578,1,0.5273429574598878,-0.2298859311125702,-1.28081024753165,4.404299999999999,1,4.404299999999999,6.0,inf
578,2,0.5273429574598878,-0.2298859311125702,-1.28081024753165,4.404299999999999,1,4.404299999999999,6.0,inf
578,3,0.5273429574598878,-0.2298859311125702,-1.28081024753165,4.404299999999999,1,4.404299999999999,6.0,inf
578,4,0.5273429574598878,-0.2298859311125702,-1.28081024753165,4.404299999999999,1,4.404299999999999,6.0,inf
578,5,0.5273429574598878,-0.2298859311125702,-1.28081024753165,4.404299999999999,1,4.404299999999999,6.0,inf
579,0,-0.9106139001531447,-0.10641849994900257,-0.034534929930857855,5.037299999999999,1,5.037299999999999,6.0,inf
579,1,-0.9106139001531447,-0.10641849994900257,-0.034534929930857855,5.037299999999999,1,5.037299999999999,6.0,inf
579,2,-0.9106139001531447,-0.10641849994900257,-0.034534929930857855,5.037299999999999,1,5.037299999999999,6.0,inf
579,3,-0.9106139001531447,-0.10641849994900257,-0.034534929930857855,5.037299999999999,1,5.037299999999999,6.0,inf
579,4,-0.9106139001531447,-0.10641849994900257,-0.034534929930857855,5.037299999999999,1,5.037299999999999,6.0,inf
579,5,-0.9106139001531447,-0.10641849994900257,-0.034534929930857855,5.037299999999999,1,5.037299999999999,6.0,inf
580,0,-0.9250185568561334,-0.5214704457138482,0.016678594364059204,4.8567,1,4.8567,6.0,inf
580,1,-0.9250185568561334,-0.5214704457138482,0.016678594364059204,4.8567,1,4.8567,6.0,inf
580,2,-0.9250185568561334,-0.5214704457138482,0.016678594364059204,4.8567,1,4.8567,6.0,inf
580,3,-0.9250185568561334,-0.5214704457138482,0.016678594364059204,4.8567,1,4.8567,6.0,inf
580,4,-0.9250185568561334,-0.5214704457138482,0.016678594364059204,4.8567,1,4.8567,6.0,inf
580,5,-0.9250185568561334,-0.5214704457138482,0.016678594364059204,4.8567,1,4.8567,6.0,inf
581,0,-2.520565440375828,-0.4181376923425494,-0.4567684795929232,6.0,0,8.0001,6.0,inf
581,1,-2.520565440375828,-0.4181376923425494,-0.4567684795929232,6.0,0,8.0001,6.0,inf
581,2,-2.520565440375828,-0.4181376923425494,-0.4567684795929232,6.0,0,8.0001,6.0,inf
581,3,-2.520565440375828,-0.4181376923425494,-0.4567684795929232,6.0,0,8.0001,6.0,inf
581,4,-2.520565440375828,-0.4181376923425494,-0.4567684795929232,6.0,0,8.0001,6.0,inf
581,5,-2.520565440375828,-0.4181376923425494,-0.4567684795929232,6.0,0,8.0001,6.0,inf
582,0,0.7448935745905044,0.41820845286162805,0.23614311309610725,2.0648999999999997,1,2.0648999999999997,6.0,inf
582,1,0.7448935745905044,0.41820845286162805,0.23614311309610725,2.0648999999999997,1,2.0648999999999997,6.0,inf
582,2,0.7448935745905044,0.41820845286162805,0.23614311309610725,2.0648999999999997,1,2.0648999999999997,6.0,inf
582,3,0.7448935745905044,0.41820845286162805,0.23614311309610725,2.0648999999999997,1,2.0648999999999997,6.0,inf
582,4,0.7448935745905044,0.41820845286162805,0.23614311309610725,2.0648999999999997,1,2.0648999999999997,6.0,inf
582,5,0.7448935745905044,0.41820845286162805,0.23614311309610725,2.0648999999999997,1,2.0648999999999997,6.0,inf
583,0,0.7127098291172528,-1.326332597997902,0.33493155334838914,3.4875,1,3.4875,6.0,inf
583,1,0.7127098291172528,-1.326332597997902,0.33493155334838914,3.4875,1,3.4875,6.0,inf
583,2,0.7127098291172528,-1.326332597997902,0.33493155334838914,3.4875,1,3.4875,6.0,inf
583,3,0.7127098291172528,-1.326332597997902,0.33493155334838914,3.4875,1,3.4875,6.0,inf
583,4,0.7127098291172528,-1.326332597997902,0.33493155334838914,3.4875,1,3.4875,6.0,inf
583,5,0.7127098291172528,-1.326332597997902,0.33493155334838914,3.4875,1,3.4875,6.0,inf
584,0,-0.5384619930437349,0.4473894142986608,0.620601928077352,2.1153,1,2.1153,6.0,inf
584,1,-0.5384619930437349,0.4473894142986608,0.620601928077352,2.1153,1,2.1153,6.0,inf
584,2,-0.5384619930437349,0.4473894142986608,0.620601928077352,2.1153,1,2.1153,6.0,inf
584,3,-0.5384619930437349,0.4473894142986608,0.620601928077352,2.1153,1,2.1153,6.0,inf
584,4,-0.5384619930437349,0.4473894142986608,0.620601928077352,2.1153,1,2.1153,6.0,inf
584,5,-0.5384619930437349,0.4473894142986608,0.620601928077352,2.1153,1,2.1153,6.0,inf
585,0,0.5410274722737306,0.5402745024725204,-1.5585782928084746,3.5616,1,3.5616,6.0,inf
585,1,0.5410274722737306,0.5402745024725204,-1.5585782928084746,3.5616,1,3.5616,6.0,inf
585,2,0.5410274722737306,0.5402745024725204,-1.5585782928084746,3.5616,1,3.5616,6.0,inf
585,3,0.5410274722737306,0.5402745024725204,-1.5585782928084746,3.5616,1,3.5616,6.0,inf
585,4,0.5410274722737306,0.5402745024725204,-1.5585782928084746,3.5616,1,3.5616,6.0,inf
585,5,0.5410274722737306,0.5402745024725204,-1.5585782928084746,3.5616,1,3.5616,6.0,inf
586,0,-0.4172679647558702,1.9114563600757501,0.8719379168195861,1.0491,1,1.0491,6.0,inf
586,1,-0.4172679647558702,1.9114563600757501,0.8719379168195861,1.0491,1,1.0491,6.0,inf
586,2,-0.4172679647558702,1.9114563600757501,0.8719379168195861,1.0491,1,1.0491,6.0,inf
586,3,-0.4172679647558702,1.9114563600757501,0.8719379168195861,1.0491,1,1.0491,6.0,inf
586,4,-0.4172679647558702,1.9114563600757501,0.8719379168195861,1.0491,1,1.0491,6.0,inf
586,5,-0.4172679647558702,1.9114563600757501,0.8719379168195861,1.0491,1,1.0491,6.0,inf
587,0,-0.15655378207788104,-0.9663692037317906,-0.08452938213627845,4.4799,1,4.4799,6.0,inf
587,1,-0.15655378207788104,-0.9663692037317906,-0.08452938213627845,4.4799,1,4.4799,6.0,inf
587,2,-0.15655378207788104,-0.9663692037317906,-0.08452938213627845,4.4799,1,4.4799,6.0,inf
587,3,-0.15655378207788104,-0.9663692037317906,-0.08452938213627845,4.4799,1,4.4799,6.0,inf
587,4,-0.15655378207788104,-0.9663692037317906,-0.08452938213627845,4.4799,1,4.4799,6.0,inf
587,5,-0.15655378207788104,-0.9663692037317906,-0.08452938213627845,4.4799,1,4.4799,6.0,inf
588,0,0.0010151881186260358,0.6971653882885425,0.3406339319302195,1.6106999999999998,1,1.6106999999999998,6.0,inf
588,1,0.0010151881186260358,0.6971653882885425,0.3406339319302195,1.6106999999999998,1,1.6106999999999998,6.0,inf
588,2,0.0010151881186260358,0.6971653882885425,0.3406339319302195,1.6106999999999998,1,1.6106999999999998,6.0,inf
588,3,0.0010151881186260358,0.6971653882885425,0.3406339319302195,1.6106999999999998,1,1.6106999999999998,6.0,inf
588,4,0.0010151881186260358,0.6971653882885425,0.3406339319302195,1.6106999999999998,1,1.6106999999999998,6.0,inf
588,5,0.0010151881186260358,0.6971653882885425,0.3406339319302195,1.6106999999999998,1,1.6106999999999998,6.0,inf
589,0,-1.159489210128273,1.1525472487984463,0.5921271911729279,1.5395999999999999,1,1.5395999999999999,6.0,inf
589,1,-1.159489210128273,1.1525472487984463,0.5921271911729279,1.5395999999999999,1,1.5395999999999999,6.0,inf
589,2,-1.159489210128273,1.1525472487984463,0.5921271911729279,1.5395999999999999,1,1.5395999999999999,6.0,inf
589,3,-1.159489210128273,1.1525472487984463,0.5921271911729279,1.5395999999999999,1,1.5395999999999999,6.0,inf
589,4,-1.159489210128273,1.1525472487984463,0.5921271911729279,1.5395999999999999,1,1.5395999999999999,6.0,inf
589,5,-1.159489210128273,1.1525472487984463,0.5921271911729279,1.5395999999999999,1,1.5395999999999999,6.0,inf
590,0,-1.0830104378979464,-2.048645109039909,-0.2944761250075546,6.0,0,6.3984,6.0,inf
590,1,-1.0830104378979464,-2.048645109039909,-0.2944761250075546,6.0,0,6.3984,6.0,inf
590,2,-1.0830104378979464,-2.048645109039909,-0.2944761250075546,6.0,0,6.3984,6.0,inf
590,3,-1.0830104378979464,-2.048645109039909,-0.2944761250075546,6.0,0,6.3984,6.0,inf
590,4,-1.0830104378979464,-2.048645109039909,-0.2944761250075546,6.0,0,6.3984,6.0,inf
590,5,-1.0830104378979464,-2.048645109039909,-0.2944761250075546,6.0,0,6.3984,6.0,inf
591,0,-1.4043411268705646,-2.4170849147752307,1.4987387643627352,6.0,0,8.0001,6.0,inf
591,1,-1.4043411268705646,-2.4170849147752307,1.4987387643627352,6.0,0,8.0001,6.0,inf
591,2,-1.4043411268705646,-2.4170849147752307,1.4987387643627352,6.0,0,8.0001,6.0,inf
591,3,-1.4043411268705646,-2.4170849147752307,1.4987387643627352,6.0,0,8.0001,6.0,inf
591,4,-1.4043411268705646,-2.4170849147752307,1.4987387643627352,6.0,0,8.0001,6.0,inf
591,5,-1.4043411268705646,-2.4170849147752307,1.4987387643627352,6.0,0,8.0001,6.0,inf
592,0,-2.6822530840075904,-1.202064251572081,0.23085684169911821,6.0,0,8.0001,6.0,inf
592,1,-2.6822530840075904,-1.202064251572081,0.23085684169911821,6.0,0,8.0001,6.0,inf
592,2,-2.6822530840075904,-1.202064251572081,0.23085684169911821,6.0,0,8.0001,6.0,inf
592,3,-2.6822530840075904,-1.202064251572081,0.23085684169911821,6.0,0,8.0001,6.0,inf
592,4,-2.6822530840075904,-1.202064251572081,0.23085684169911821,6.0,0,8.0001,6.0,inf
592,5,-2.6822530840075904,-1.202064251572081,0.23085684169911821,6.0,0,8.0001,6.0,inf
593,0,-0.20036680698651535,1.6360118831839077,-1.7359009172797557,2.5745999999999998,1,2.5745999999999998,6.0,inf
593,1,-0.20036680698651535,1.6360118831839077,-1.7359009172797557,2.5745999999999998,1,2.5745999999999998,6.0,inf
593,2,-0.20036680698651535,1.6360118831839077,-1.7359009172797557,2.5745999999999998,1,2.5745999999999998,6.0,inf
593,3,-0.20036680698651535,1.6360118831839077,-1.7359009172797557,2.5745999999999998,1,2.5745999999999998,6.0,inf
593,4,-0.20036680698651535,1.6360118831839077,-1.7359009172797557,2.5745999999999998,1,2.5745999999999998,6.0,inf
593,5,-0.20036680698651535,1.6360118831839077,-1.7359009172797557,2.5745999999999998,1,2.5745999999999998,6.0,inf
594,0,2.2364038229837835,-0.34153136684382696,-0.5973418307445588,0.5822999999999999,1,0.5822999999999999,6.0,inf
594,1,2.2364038229837835,-0.34153136684382696,-0.5973418307445588,0.5822999999999999,1,0.5822999999999999,6.0,inf
594,2,2.2364038229837835,-0.34153136684382696,-0.5973418307445588,0.5822999999999999,1,0.5822999999999999,6.0,inf
594,3,2.2364038229837835,-0.34153136684382696,-0.5973418307445588,0.5822999999999999,1,0.5822999999999999,6.0,inf
594,4,2.2364038229837835,-0.34153136684382696,-0.5973418307445588,0.5822999999999999,1,0.5822999999999999,6.0,inf
594,5,2.2364038229837835,-0.34153136684382696,-0.5973418307445588,0.5822999999999999,1,0.5822999999999999,6.0,inf
595,0,-1.6738258442805134,-0.28183428318785847,-0.9233711680207349,4.9392,1,4.9392,6.0,inf
595,1,-1.6738258442805134,-0.28183428318785847,-0.9233711680207349,4.9392,1,4.9392,6.0,inf
595,2,-1.6738258442805134,-0.28183428318785847,-0.9233711680207349,4.9392,1,4.9392,6.0,inf
595,3,-1.6738258442805134,-0.28183428318785847,-0.9233711680207349,4.9392,1,4.9392,6.0,inf
595,4,-1.6738258442805134,-0.28183428318785847,-0.9233711680207349,4.9392,1,4.9392,6.0,inf
595,5,-1.6738258442805134,-0.28183428318785847,-0.9233711680207349,4.9392,1,4.9392,6.0,inf
596,0,1.2847757215831677,-0.02219172360481223,0.6279851127596524,2.0153999999999996,1,2.0153999999999996,6.0,inf
596,1,1.2847757215831677,-0.02219172360481223,0.6279851127596524,2.0153999999999996,1,2.0153999999999996,6.0,inf
596,2,1.2847757215831677,-0.02219172360481223,0.6279851127596524,2.0153999999999996,1,2.0153999999999996,6.0,inf
596,3,1.2847757215831677,-0.02219172360481223,0.6279851127596524,2.0153999999999996,1,2.0153999999999996,6.0,inf
596,4,1.2847757215831677,-0.02219172360481223,0.6279851127596524,2.0153999999999996,1,2.0153999999999996,6.0,inf
596,5,1.2847757215831677,-0.02219172360481223,0.6279851127596524,2.0153999999999996,1,2.0153999999999996,6.0,inf
597,0,0.7267982406208771,0.43924254778644317,-0.08294615626648756,2.367,1,2.367,6.0,inf
597,1,0.7267982406208771,0.43924254778644317,-0.08294615626648756,2.367,1,2.367,6.0,inf
597,2,0.7267982406208771,0.43924254778644317,-0.08294615626648756,2.367,1,2.367,6.0,inf
597,3,0.7267982406208771,0.43924254778644317,-0.08294615626648756,2.367,1,2.367,6.0,inf
597,4,0.7267982406208771,0.43924254778644317,-0.08294615626648756,2.367,1,2.367,6.0,inf
597,5,0.7267982406208771,0.43924254778644317,-0.08294615626648756,2.367,1,2.367,6.0,inf
598,0,-0.4079716395329183,0.041782692782849955,-1.7725579999188692,6.0,0,8.0001,6.0,inf
598,1,-0.4079716395329183,0.041782692782849955,-1.7725579999188692,6.0,0,8.0001,6.0,inf
598,2,-0.4079716395329183,0.041782692782849955,-1.7725579999188692,6.0,0,8.0001,6.0,inf
598,3,-0.4079716395329183,0.041782692782849955,-1.7725579999188692,6.0,0,8.0001,6.0,inf
598,4,-0.4079716395329183,0.041782692782849955,-1.7725579999188692,6.0,0,8.0001,6.0,inf
598,5,-0.4079716395329183,0.041782692782849955,-1.7725579999188692,6.0,0,8.0001,6.0,inf
599,0,-0.5154340948484202,0.8434645569998543,1.6994323061139802,1.2924,1,1.2924,6.0,inf
599,1,-0.5154340948484202,0.8434645569998543,1.6994323061139802,1.2924,1,1.2924,6.0,inf
599,2,-0.5154340948484202,0.8434645569998543,1.6994323061139802,1.2924,1,1.2924,6.0,inf
599,3,-0.5154340948484202,0.8434645569998543,1.6994323061139802,1.2924,1,1.2924,6.0,inf
599,4,-0.5154340948484202,0.8434645569998543,1.6994323061139802,1.2924,1,1.2924,6.0,inf
599,5,-0.5154340948484202,0.8434645569998543,1.6994323061139802,1.2924,1,1.2924,6.0,inf
600,0,-1.269368051871085,-0.5279932296553389,-0.3088233507438817,3.4772999999999996,1,3.4772999999999996,6.0,inf
600,1,-1.269368051871085,-0.5279932296553389,-0.3088233507438817,3.4772999999999996,1,3.4772999999999996,6.0,inf
600,2,-1.269368051871085,-0.5279932296553389,-0.3088233507438817,3.4772999999999996,1,3.4772999999999996,6.0,inf
600,3,-1.269368051871085,-0.5279932296553389,-0.3088233507438817,3.4772999999999996,1,3.4772999999999996,6.0,inf
600,4,-1.269368051871085,-0.5279932296553389,-0.3088233507438817,3.4772999999999996,1,3.4772999999999996,6.0,inf
600,5,-1.269368051871085,-0.5279932296553389,-0.3088233507438817,3.4772999999999996,1,3.4772999999999996,6.0,inf
601,0,0.43245090613298126,-1.0422746015723645,0.28520466716225695,3.5585999999999998,1,3.5585999999999998,6.0,inf
601,1,0.43245090613298126,-1.0422746015723645,0.28520466716225695,3.5585999999999998,1,3.5585999999999998,6.0,inf
601,2,0.43245090613298126,-1.0422746015723645,0.28520466716225695,3.5585999999999998,1,3.5585999999999998,6.0,inf
601,3,0.43245090613298126,-1.0422746015723645,0.28520466716225695,3.5585999999999998,1,3.5585999999999998,6.0,inf
601,4,0.43245090613298126,-1.0422746015723645,0.28520466716225695,3.5585999999999998,1,3.5585999999999998,6.0,inf
601,5,0.43245090613298126,-1.0422746015723645,0.28520466716225695,3.5585999999999998,1,3.5585999999999998,6.0,inf
602,0,-1.0160815415587692,0.25068419131590675,-0.8914784460438854,3.0864,1,3.0864,6.0,inf
602,1,-1.0160815415587692,0.25068419131590675,-0.8914784460438854,3.0864,1,3.0864,6.0,inf
602,2,-1.0160815415587692,0.25068419131590675,-0.8914784460438854,3.0864,1,3.0864,6.0,inf
602,3,-1.0160815415587692,0.25068419131590675,-0.8914784460438854,3.0864,1,3.0864,6.0,inf
602,4,-1.0160815415587692,0.25068419131590675,-0.8914784460438854,3.0864,1,3.0864,6.0,inf
602,5,-1.0160815415587692,0.25068419131590675,-0.8914784460438854,3.0864,1,3.0864,6.0,inf
603,0,0.8906827673378839,0.010163421859227886,0.6193647764820299,1.6736999999999997,1,1.6736999999999997,6.0,inf
603,1,0.8906827673378839,0.010163421859227886,0.6193647764820299,1.6736999999999997,1,1.6736999999999997,6.0,inf
603,2,0.8906827673378839,0.010163421859227886,0.6193647764820299,1.6736999999999997,1,1.6736999999999997,6.0,inf
603,3,0.8906827673378839,0.010163421859227886,0.6193647764820299,1.6736999999999997,1,1.6736999999999997,6.0,inf
603,4,0.8906827673378839,0.010163421859227886,0.6193647764820299,1.6736999999999997,1,1.6736999999999997,6.0,inf
603,5,0.8906827673378839,0.010163421859227886,0.6193647764820299,1.6736999999999997,1,1.6736999999999997,6.0,inf
604,0,0.3287435935043671,0.5129617906069909,-0.20644803634657413,0.5184,1,0.5184,6.0,inf
604,1,0.3287435935043671,0.5129617906069909,-0.20644803634657413,0.5184,1,0.5184,6.0,inf
604,2,0.3287435935043671,0.5129617906069909,-0.20644803634657413,0.5184,1,0.5184,6.0,inf
604,3,0.3287435935043671,0.5129617906069909,-0.20644803634657413,0.5184,1,0.5184,6.0,inf
604,4,0.3287435935043671,0.5129617906069909,-0.20644803634657413,0.5184,1,0.5184,6.0,inf
604,5,0.3287435935043671,0.5129617906069909,-0.20644803634657413,0.5184,1,0.5184,6.0,inf
605,0,-0.006508758990576377,-0.8629608418966139,-2.073610109415033,5.2554,1,5.2554,6.0,inf
605,1,-0.006508758990576377,-0.8629608418966139,-2.073610109415033,5.2554,1,5.2554,6.0,inf
605,2,-0.006508758990576377,-0.8629608418966139,-2.073610109415033,5.2554,1,5.2554,6.0,inf
605,3,-0.006508758990576377,-0.8629608418966139,-2.073610109415033,5.2554,1,5.2554,6.0,inf
605,4,-0.006508758990576377,-0.8629608418966139,-2.073610109415033,5.2554,1,5.2554,6.0,inf
605,5,-0.006508758990576377,-0.8629608418966139,-2.073610109415033,5.2554,1,5.2554,6.0,inf
606,0,-1.925842913069243,-1.0873581567561228,0.8904471886393384,6.0,0,8.0001,6.0,inf
606,1,-1.925842913069243,-1.0873581567561228,0.8904471886393384,6.0,0,8.0001,6.0,inf
606,2,-1.925842913069243,-1.0873581567561228,0.8904471886393384,6.0,0,8.0001,6.0,inf
606,3,-1.925842913069243,-1.0873581567561228,0.8904471886393384,6.0,0,8.0001,6.0,inf
606,4,-1.925842913069243,-1.0873581567561228,0.8904471886393384,6.0,0,8.0001,6.0,inf
606,5,-1.925842913069243,-1.0873581567561228,0.8904471886393384,6.0,0,8.0001,6.0,inf
607,0,-0.950883376229532,-0.3726594298953871,-1.1770761402898655,5.0919,1,5.0919,6.0,inf
607,1,-0.950883376229532,-0.3726594298953871,-1.1770761402898655,5.0919,1,5.0919,6.0,inf
607,2,-0.950883376229532,-0.3726594298953871,-1.1770761402898655,5.0919,1,5.0919,6.0,inf
607,3,-0.950883376229532,-0.3726594298953871,-1.1770761402898655,5.0919,1,5.0919,6.0,inf
607,4,-0.950883376229532,-0.3726594298953871,-1.1770761402898655,5.0919,1,5.0919,6.0,inf
607,5,-0.950883376229532,-0.3726594298953871,-1.1770761402898655,5.0919,1,5.0919,6.0,inf
608,0,-1.1930147511477578,0.7654806235057509,0.06934510117237684,1.8167999999999997,1,1.8167999999999997,6.0,inf
608,1,-1.1930147511477578,0.7654806235057509,0.06934510117237684,1.8167999999999997,1,1.8167999999999997,6.0,inf
608,2,-1.1930147511477578,0.7654806235057509,0.06934510117237684,1.8167999999999997,1,1.8167999999999997,6.0,inf
608,3,-1.1930147511477578,0.7654806235057509,0.06934510117237684,1.8167999999999997,1,1.8167999999999997,6.0,inf
608,4,-1.1930147511477578,0.7654806235057509,0.06934510117237684,1.8167999999999997,1,1.8167999999999997,6.0,inf
608,5,-1.1930147511477578,0.7654806235057509,0.06934510117237684,1.8167999999999997,1,1.8167999999999997,6.0,inf
609,0,-0.9099073979092355,-0.9236320419442863,0.5945837914806628,5.3393999999999995,1,5.3393999999999995,6.0,inf
609,1,-0.9099073979092355,-0.9236320419442863,0.5945837914806628,5.3393999999999995,1,5.3393999999999995,6.0,inf
609,2,-0.9099073979092355,-0.9236320419442863,0.5945837914806628,5.3393999999999995,1,5.3393999999999995,6.0,inf
609,3,-0.9099073979092355,-0.9236320419442863,0.5945837914806628,5.3393999999999995,1,5.3393999999999995,6.0,inf
609,4,-0.9099073979092355,-0.9236320419442863,0.5945837914806628,5.3393999999999995,1,5.3393999999999995,6.0,inf
609,5,-0.9099073979092355,-0.9236320419442863,0.5945837914806628,5.3393999999999995,1,5.3393999999999995,6.0,inf
610,0,-0.26295174161428614,0.3664947742822474,0.9465106828405709,1.6835999999999998,1,1.6835999999999998,6.0,inf
610,1,-0.26295174161428614,0.3664947742822474,0.9465106828405709,1.6835999999999998,1,1.6835999999999998,6.0,inf
610,2,-0.26295174161428614,0.3664947742822474,0.9465106828405709,1.6835999999999998,1,1.6835999999999998,6.0,inf
610,3,-0.26295174161428614,0.3664947742822474,0.9465106828405709,1.6835999999999998,1,1.6835999999999998,6.0,inf
610,4,-0.26295174161428614,0.3664947742822474,0.9465106828405709,1.6835999999999998,1,1.6835999999999998,6.0,inf
610,5,-0.26295174161428614,0.3664947742822474,0.9465106828405709,1.6835999999999998,1,1.6835999999999998,6.0,inf
611,0,-1.3255667298336595,0.3186497121329373,-2.027831040513673,6.0,0,8.0001,6.0,inf
611,1,-1.3255667298336595,0.3186497121329373,-2.027831040513673,6.0,0,8.0001,6.0,inf
611,2,-1.3255667298336595,0.3186497121329373,-2.027831040513673,6.0,0,8.0001,6.0,inf
611,3,-1.3255667298336595,0.3186497121329373,-2.027831040513673,6.0,0,8.0001,6.0,inf
611,4,-1.3255667298336595,0.3186497121329373,-2.027831040513673,6.0,0,8.0001,6.0,inf
611,5,-1.3255667298336595,0.3186497121329373,-2.027831040513673,6.0,0,8.0001,6.0,inf
612,0,-0.27120574117024787,-1.3744901058183163,-0.3197171558290363,5.1267,1,5.1267,6.0,inf
612,1,-0.27120574117024787,-1.3744901058183163,-0.3197171558290363,5.1267,1,5.1267,6.0,inf
612,2,-0.27120574117024787,-1.3744901058183163,-0.3197171558290363,5.1267,1,5.1267,6.0,inf
612,3,-0.27120574117024787,-1.3744901058183163,-0.3197171558290363,5.1267,1,5.1267,6.0,inf
612,4,-0.27120574117024787,-1.3744901058183163,-0.3197171558290363,5.1267,1,5.1267,6.0,inf
612,5,-0.27120574117024787,-1.3744901058183163,-0.3197171558290363,5.1267,1,5.1267,6.0,inf
613,0,2.023208290058956,0.5645244133008677,-0.824836892793802,2.0726999999999998,1,2.0726999999999998,6.0,inf
613,1,2.023208290058956,0.5645244133008677,-0.824836892793802,2.0726999999999998,1,2.0726999999999998,6.0,inf
613,2,2.023208290058956,0.5645244133008677,-0.824836892793802,2.0726999999999998,1,2.0726999999999998,6.0,inf
613,3,2.023208290058956,0.5645244133008677,-0.824836892793802,2.0726999999999998,1,2.0726999999999998,6.0,inf
613,4,2.023208290058956,0.5645244133008677,-0.824836892793802,2.0726999999999998,1,2.0726999999999998,6.0,inf
613,5,2.023208290058956,0.5645244133008677,-0.824836892793802,2.0726999999999998,1,2.0726999999999998,6.0,inf
614,0,0.35296393737046555,0.13095492293439448,-0.653506892172469,2.4762,1,2.4762,6.0,inf
614,1,0.35296393737046555,0.13095492293439448,-0.653506892172469,2.4762,1,2.4762,6.0,inf
614,2,0.35296393737046555,0.13095492293439448,-0.653506892172469,2.4762,1,2.4762,6.0,inf
614,3,0.35296393737046555,0.13095492293439448,-0.653506892172469,2.4762,1,2.4762,6.0,inf
614,4,0.35296393737046555,0.13095492293439448,-0.653506892172469,2.4762,1,2.4762,6.0,inf
614,5,0.35296393737046555,0.13095492293439448,-0.653506892172469,2.4762,1,2.4762,6.0,inf
615,0,-0.0734795995072369,0.7189589157801494,0.6796560803640953,1.1243999999999998,1,1.1243999999999998,6.0,inf
615,1,-0.0734795995072369,0.7189589157801494,0.6796560803640953,1.1243999999999998,1,1.1243999999999998,6.0,inf
615,2,-0.0734795995072369,0.7189589157801494,0.6796560803640953,1.1243999999999998,1,1.1243999999999998,6.0,inf
615,3,-0.0734795995072369,0.7189589157801494,0.6796560803640953,1.1243999999999998,1,1.1243999999999998,6.0,inf
615,4,-0.0734795995072369,0.7189589157801494,0.6796560803640953,1.1243999999999998,1,1.1243999999999998,6.0,inf
615,5,-0.0734795995072369,0.7189589157801494,0.6796560803640953,1.1243999999999998,1,1.1243999999999998,6.0,inf
616,0,0.030645850371691534,-0.4108430409021576,1.3200124794533374,2.3318999999999996,1,2.3318999999999996,6.0,inf
616,1,0.030645850371691534,-0.4108430409021576,1.3200124794533374,2.3318999999999996,1,2.3318999999999996,6.0,inf
616,2,0.030645850371691534,-0.4108430409021576,1.3200124794533374,2.3318999999999996,1,2.3318999999999996,6.0,inf
616,3,0.030645850371691534,-0.4108430409021576,1.3200124794533374,2.3318999999999996,1,2.3318999999999996,6.0,inf
616,4,0.030645850371691534,-0.4108430409021576,1.3200124794533374,2.3318999999999996,1,2.3318999999999996,6.0,inf
616,5,0.030645850371691534,-0.4108430409021576,1.3200124794533374,2.3318999999999996,1,2.3318999999999996,6.0,inf
617,0,0.4391679908419929,0.6162384792721849,-0.24789638394458355,2.5178999999999996,1,2.5178999999999996,6.0,inf
617,1,0.4391679908419929,0.6162384792721849,-0.24789638394458355,2.5178999999999996,1,2.5178999999999996,6.0,inf
617,2,0.4391679908419929,0.6162384792721849,-0.24789638394458355,2.5178999999999996,1,2.5178999999999996,6.0,inf
617,3,0.4391679908419929,0.6162384792721849,-0.24789638394458355,2.5178999999999996,1,2.5178999999999996,6.0,inf
617,4,0.4391679908419929,0.6162384792721849,-0.24789638394458355,2.5178999999999996,1,2.5178999999999996,6.0,inf
617,5,0.4391679908419929,0.6162384792721849,-0.24789638394458355,2.5178999999999996,1,2.5178999999999996,6.0,inf
618,0,0.06129297259512278,-0.4901349199191965,0.6610136631117673,2.2874999999999996,1,2.2874999999999996,6.0,inf
618,1,0.06129297259512278,-0.4901349199191965,0.6610136631117673,2.2874999999999996,1,2.2874999999999996,6.0,inf
618,2,0.06129297259512278,-0.4901349199191965,0.6610136631117673,2.2874999999999996,1,2.2874999999999996,6.0,inf
618,3,0.06129297259512278,-0.4901349199191965,0.6610136631117673,2.2874999999999996,1,2.2874999999999996,6.0,inf
618,4,0.06129297259512278,-0.4901349199191965,0.6610136631117673,2.2874999999999996,1,2.2874999999999996,6.0,inf
618,5,0.06129297259512278,-0.4901349199191965,0.6610136631117673,2.2874999999999996,1,2.2874999999999996,6.0,inf
619,0,-0.7536725278725985,-0.027850959417562122,0.7148829284380643,2.1161999999999996,1,2.1161999999999996,6.0,inf
619,1,-0.7536725278725985,-0.027850959417562122,0.7148829284380643,2.1161999999999996,1,2.1161999999999996,6.0,inf
619,2,-0.7536725278725985,-0.027850959417562122,0.7148829284380643,2.1161999999999996,1,2.1161999999999996,6.0,inf
619,3,-0.7536725278725985,-0.027850959417562122,0.7148829284380643,2.1161999999999996,1,2.1161999999999996,6.0,inf
619,4,-0.7536725278725985,-0.027850959417562122,0.7148829284380643,2.1161999999999996,1,2.1161999999999996,6.0,inf
619,5,-0.7536725278725985,-0.027850959417562122,0.7148829284380643,2.1161999999999996,1,2.1161999999999996,6.0,inf
620,0,-1.1985523967307612,0.9632557377267045,1.3040913506684615,1.2980999999999998,1,1.2980999999999998,6.0,inf
620,1,-1.1985523967307612,0.9632557377267045,1.3040913506684615,1.2980999999999998,1,1.2980999999999998,6.0,inf
620,2,-1.1985523967307612,0.9632557377267045,1.3040913506684615,1.2980999999999998,1,1.2980999999999998,6.0,inf
620,3,-1.1985523967307612,0.9632557377267045,1.3040913506684615,1.2980999999999998,1,1.2980999999999998,6.0,inf
620,4,-1.1985523967307612,0.9632557377267045,1.3040913506684615,1.2980999999999998,1,1.2980999999999998,6.0,inf
620,5,-1.1985523967307612,0.9632557377267045,1.3040913506684615,1.2980999999999998,1,1.2980999999999998,6.0,inf
621,0,0.8687946420483564,-0.4573718299249076,-0.3712431471919044,2.2148999999999996,1,2.2148999999999996,6.0,inf
621,1,0.8687946420483564,-0.4573718299249076,-0.3712431471919044,2.2148999999999996,1,2.2148999999999996,6.0,inf
621,2,0.8687946420483564,-0.4573718299249076,-0.3712431471919044,2.2148999999999996,1,2.2148999999999996,6.0,inf
621,3,0.8687946420483564,-0.4573718299249076,-0.3712431471919044,2.2148999999999996,1,2.2148999999999996,6.0,inf
621,4,0.8687946420483564,-0.4573718299249076,-0.3712431471919044,2.2148999999999996,1,2.2148999999999996,6.0,inf
621,5,0.8687946420483564,-0.4573718299249076,-0.3712431471919044,2.2148999999999996,1,2.2148999999999996,6.0,inf
622,0,-0.9184914060267075,0.008637397427461592,-0.9401594218003005,5.2970999999999995,1,5.2970999999999995,6.0,inf
622,1,-0.9184914060267075,0.008637397427461592,-0.9401594218003005,5.2970999999999995,1,5.2970999999999995,6.0,inf
622,2,-0.9184914060267075,0.008637397427461592,-0.9401594218003005,5.2970999999999995,1,5.2970999999999995,6.0,inf
622,3,-0.9184914060267075,0.008637397427461592,-0.9401594218003005,5.2970999999999995,1,5.2970999999999995,6.0,inf
622,4,-0.9184914060267075,0.008637397427461592,-0.9401594218003005,5.2970999999999995,1,5.2970999999999995,6.0,inf
622,5,-0.9184914060267075,0.008637397427461592,-0.9401594218003005,5.2970999999999995,1,5.2970999999999995,6.0,inf
623,0,-0.21124382215657977,0.7069751048117279,-1.0355659651526405,4.1403,1,4.1403,6.0,inf
623,1,-0.21124382215657977,0.7069751048117279,-1.0355659651526405,4.1403,1,4.1403,6.0,inf
623,2,-0.21124382215657977,0.7069751048117279,-1.0355659651526405,4.1403,1,4.1403,6.0,inf
623,3,-0.21124382215657977,0.7069751048117279,-1.0355659651526405,4.1403,1,4.1403,6.0,inf
623,4,-0.21124382215657977,0.7069751048117279,-1.0355659651526405,4.1403,1,4.1403,6.0,inf
623,5,-0.21124382215657977,0.7069751048117279,-1.0355659651526405,4.1403,1,4.1403,6.0,inf
624,0,0.6511396528272019,-0.6319340558085431,0.13395018588919858,2.5208999999999997,1,2.5208999999999997,6.0,inf
624,1,0.6511396528272019,-0.6319340558085431,0.13395018588919858,2.5208999999999997,1,2.5208999999999997,6.0,inf
624,2,0.6511396528272019,-0.6319340558085431,0.13395018588919858,2.5208999999999997,1,2.5208999999999997,6.0,inf
624,3,0.6511396528272019,-0.6319340558085431,0.13395018588919858,2.5208999999999997,1,2.5208999999999997,6.0,inf
624,4,0.6511396528272019,-0.6319340558085431,0.13395018588919858,2.5208999999999997,1,2.5208999999999997,6.0,inf
624,5,0.6511396528272019,-0.6319340558085431,0.13395018588919858,2.5208999999999997,1,2.5208999999999997,6.0,inf
625,0,0.2011312766853601,-1.2679423710866826,0.07282667637715493,2.9187,1,2.9187,6.0,inf
625,1,0.2011312766853601,-1.2679423710866826,0.07282667637715493,2.9187,1,2.9187,6.0,inf
625,2,0.2011312766853601,-1.2679423710866826,0.07282667637715493,2.9187,1,2.9187,6.0,inf
625,3,0.2011312766853601,-1.2679423710866826,0.07282667637715493,2.9187,1,2.9187,6.0,inf
625,4,0.2011312766853601,-1.2679423710866826,0.07282667637715493,2.9187,1,2.9187,6.0,inf
625,5,0.2011312766853601,-1.2679423710866826,0.07282667637715493,2.9187,1,2.9187,6.0,inf
626,0,-0.09350804949680523,1.17536354962711,-0.39272250794688884,3.0176999999999996,1,3.0176999999999996,6.0,inf
626,1,-0.09350804949680523,1.17536354962711,-0.39272250794688884,3.0176999999999996,1,3.0176999999999996,6.0,inf
626,2,-0.09350804949680523,1.17536354962711,-0.39272250794688884,3.0176999999999996,1,3.0176999999999996,6.0,inf
626,3,-0.09350804949680523,1.17536354962711,-0.39272250794688884,3.0176999999999996,1,3.0176999999999996,6.0,inf
626,4,-0.09350804949680523,1.17536354962711,-0.39272250794688884,3.0176999999999996,1,3.0176999999999996,6.0,inf
626,5,-0.09350804949680523,1.17536354962711,-0.39272250794688884,3.0176999999999996,1,3.0176999999999996,6.0,inf
627,0,-0.3007995974997367,0.22892850558315184,-0.4890592088889995,3.4553999999999996,1,3.4553999999999996,6.0,inf
627,1,-0.3007995974997367,0.22892850558315184,-0.4890592088889995,3.4553999999999996,1,3.4553999999999996,6.0,inf
627,2,-0.3007995974997367,0.22892850558315184,-0.4890592088889995,3.4553999999999996,1,3.4553999999999996,6.0,inf
627,3,-0.3007995974997367,0.22892850558315184,-0.4890592088889995,3.4553999999999996,1,3.4553999999999996,6.0,inf
627,4,-0.3007995974997367,0.22892850558315184,-0.4890592088889995,3.4553999999999996,1,3.4553999999999996,6.0,inf
627,5,-0.3007995974997367,0.22892850558315184,-0.4890592088889995,3.4553999999999996,1,3.4553999999999996,6.0,inf
628,0,0.9610926649773565,-0.19928879854270562,0.9305388546191756,1.1334,1,1.1334,6.0,inf
628,1,0.9610926649773565,-0.19928879854270562,0.9305388546191756,1.1334,1,1.1334,6.0,inf
628,2,0.9610926649773565,-0.19928879854270562,0.9305388546191756,1.1334,1,1.1334,6.0,inf
628,3,0.9610926649773565,-0.19928879854270562,0.9305388546191756,1.1334,1,1.1334,6.0,inf
628,4,0.9610926649773565,-0.19928879854270562,0.9305388546191756,1.1334,1,1.1334,6.0,inf
628,5,0.9610926649773565,-0.19928879854270562,0.9305388546191756,1.1334,1,1.1334,6.0,inf
629,0,-2.0143705560261345,1.03673902023352,0.6363825684756786,1.9781999999999997,1,1.9781999999999997,6.0,inf
629,1,-2.0143705560261345,1.03673902023352,0.6363825684756786,1.9781999999999997,1,1.9781999999999997,6.0,inf
629,2,-2.0143705560261345,1.03673902023352,0.6363825684756786,1.9781999999999997,1,1.9781999999999997,6.0,inf
629,3,-2.0143705560261345,1.03673902023352,0.6363825684756786,1.9781999999999997,1,1.9781999999999997,6.0,inf
629,4,-2.0143705560261345,1.03673902023352,0.6363825684756786,1.9781999999999997,1,1.9781999999999997,6.0,inf
629,5,-2.0143705560261345,1.03673902023352,0.6363825684756786,1.9781999999999997,1,1.9781999999999997,6.0,inf
630,0,-0.2476074393198643,0.09844884593983266,0.3145520682265055,2.9819999999999998,1,2.9819999999999998,6.0,inf
630,1,-0.2476074393198643,0.09844884593983266,0.3145520682265055,2.9819999999999998,1,2.9819999999999998,6.0,inf
630,2,-0.2476074393198643,0.09844884593983266,0.3145520682265055,2.9819999999999998,1,2.9819999999999998,6.0,inf
630,3,-0.2476074393198643,0.09844884593983266,0.3145520682265055,2.9819999999999998,1,2.9819999999999998,6.0,inf
630,4,-0.2476074393198643,0.09844884593983266,0.3145520682265055,2.9819999999999998,1,2.9819999999999998,6.0,inf
630,5,-0.2476074393198643,0.09844884593983266,0.3145520682265055,2.9819999999999998,1,2.9819999999999998,6.0,inf
631,0,-0.9040973584935313,-0.37178247963349115,1.539770334637109,2.8326,1,2.8326,6.0,inf
631,1,-0.9040973584935313,-0.37178247963349115,1.539770334637109,2.8326,1,2.8326,6.0,inf
631,2,-0.9040973584935313,-0.37178247963349115,1.539770334637109,2.8326,1,2.8326,6.0,inf
631,3,-0.9040973584935313,-0.37178247963349115,1.539770334637109,2.8326,1,2.8326,6.0,inf
631,4,-0.9040973584935313,-0.37178247963349115,1.539770334637109,2.8326,1,2.8326,6.0,inf
631,5,-0.9040973584935313,-0.37178247963349115,1.539770334637109,2.8326,1,2.8326,6.0,inf
632,0,-0.1347907616594962,-0.02449001361067673,-0.9910017568424906,5.502299999999999,1,5.502299999999999,6.0,inf
632,1,-0.1347907616594962,-0.02449001361067673,-0.9910017568424906,5.502299999999999,1,5.502299999999999,6.0,inf
632,2,-0.1347907616594962,-0.02449001361067673,-0.9910017568424906,5.502299999999999,1,5.502299999999999,6.0,inf
632,3,-0.1347907616594962,-0.02449001361067673,-0.9910017568424906,5.502299999999999,1,5.502299999999999,6.0,inf
632,4,-0.1347907616594962,-0.02449001361067673,-0.9910017568424906,5.502299999999999,1,5.502299999999999,6.0,inf
632,5,-0.1347907616594962,-0.02449001361067673,-0.9910017568424906,5.502299999999999,1,5.502299999999999,6.0,inf
633,0,-0.3650291265570541,-1.3905563117115576,-0.001201911911276677,2.7297,1,2.7297,6.0,inf
633,1,-0.3650291265570541,-1.3905563117115576,-0.001201911911276677,2.7297,1,2.7297,6.0,inf
633,2,-0.3650291265570541,-1.3905563117115576,-0.001201911911276677,2.7297,1,2.7297,6.0,inf
633,3,-0.3650291265570541,-1.3905563117115576,-0.001201911911276677,2.7297,1,2.7297,6.0,inf
633,4,-0.3650291265570541,-1.3905563117115576,-0.001201911911276677,2.7297,1,2.7297,6.0,inf
633,5,-0.3650291265570541,-1.3905563117115576,-0.001201911911276677,2.7297,1,2.7297,6.0,inf
634,0,-0.16657141232172798,1.622972813568068,1.4734263623469288,0.38189999999999996,1,0.38189999999999996,6.0,inf
634,1,-0.16657141232172798,1.622972813568068,1.4734263623469288,0.38189999999999996,1,0.38189999999999996,6.0,inf
634,2,-0.16657141232172798,1.622972813568068,1.4734263623469288,0.38189999999999996,1,0.38189999999999996,6.0,inf
634,3,-0.16657141232172798,1.622972813568068,1.4734263623469288,0.38189999999999996,1,0.38189999999999996,6.0,inf
634,4,-0.16657141232172798,1.622972813568068,1.4734263623469288,0.38189999999999996,1,0.38189999999999996,6.0,inf
634,5,-0.16657141232172798,1.622972813568068,1.4734263623469288,0.38189999999999996,1,0.38189999999999996,6.0,inf
635,0,1.3870468816741803,0.3072973786497935,0.6642166038117374,1.0373999999999999,1,1.0373999999999999,6.0,inf
635,1,1.3870468816741803,0.3072973786497935,0.6642166038117374,1.0373999999999999,1,1.0373999999999999,6.0,inf
635,2,1.3870468816741803,0.3072973786497935,0.6642166038117374,1.0373999999999999,1,1.0373999999999999,6.0,inf
635,3,1.3870468816741803,0.3072973786497935,0.6642166038117374,1.0373999999999999,1,1.0373999999999999,6.0,inf
635,4,1.3870468816741803,0.3072973786497935,0.6642166038117374,1.0373999999999999,1,1.0373999999999999,6.0,inf
635,5,1.3870468816741803,0.3072973786497935,0.6642166038117374,1.0373999999999999,1,1.0373999999999999,6.0,inf
636,0,0.6197467678217226,-0.43387051661038084,0.22475882046590634,2.8665,1,2.8665,6.0,inf
636,1,0.6197467678217226,-0.43387051661038084,0.22475882046590634,2.8665,1,2.8665,6.0,inf
636,2,0.6197467678217226,-0.43387051661038084,0.22475882046590634,2.8665,1,2.8665,6.0,inf
636,3,0.6197467678217226,-0.43387051661038084,0.22475882046590634,2.8665,1,2.8665,6.0,inf
636,4,0.6197467678217226,-0.43387051661038084,0.22475882046590634,2.8665,1,2.8665,6.0,inf
636,5,0.6197467678217226,-0.43387051661038084,0.22475882046590634,2.8665,1,2.8665,6.0,inf
637,0,-0.15240937767622909,-1.2056497412827538,-0.5087217485854423,4.4247,1,4.4247,6.0,inf
637,1,-0.15240937767622909,-1.2056497412827538,-0.5087217485854423,4.4247,1,4.4247,6.0,inf
637,2,-0.15240937767622909,-1.2056497412827538,-0.5087217485854423,4.4247,1,4.4247,6.0,inf
637,3,-0.15240937767622909,-1.2056497412827538,-0.5087217485854423,4.4247,1,4.4247,6.0,inf
637,4,-0.15240937767622909,-1.2056497412827538,-0.5087217485854423,4.4247,1,4.4247,6.0,inf
637,5,-0.15240937767622909,-1.2056497412827538,-0.5087217485854423,4.4247,1,4.4247,6.0,inf
638,0,-0.29431319262574035,1.1713968507569812,1.5183175532281614,1.0178999999999998,1,1.0178999999999998,6.0,inf
638,1,-0.29431319262574035,1.1713968507569812,1.5183175532281614,1.0178999999999998,1,1.0178999999999998,6.0,inf
638,2,-0.29431319262574035,1.1713968507569812,1.5183175532281614,1.0178999999999998,1,1.0178999999999998,6.0,inf
638,3,-0.29431319262574035,1.1713968507569812,1.5183175532281614,1.0178999999999998,1,1.0178999999999998,6.0,inf
638,4,-0.29431319262574035,1.1713968507569812,1.5183175532281614,1.0178999999999998,1,1.0178999999999998,6.0,inf
638,5,-0.29431319262574035,1.1713968507569812,1.5183175532281614,1.0178999999999998,1,1.0178999999999998,6.0,inf
639,0,-0.391095072688679,1.389629992114218,1.4389295779183484,1.1528999999999998,1,1.1528999999999998,6.0,inf
639,1,-0.391095072688679,1.389629992114218,1.4389295779183484,1.1528999999999998,1,1.1528999999999998,6.0,inf
639,2,-0.391095072688679,1.389629992114218,1.4389295779183484,1.1528999999999998,1,1.1528999999999998,6.0,inf
639,3,-0.391095072688679,1.389629992114218,1.4389295779183484,1.1528999999999998,1,1.1528999999999998,6.0,inf
639,4,-0.391095072688679,1.389629992114218,1.4389295779183484,1.1528999999999998,1,1.1528999999999998,6.0,inf
639,5,-0.391095072688679,1.389629992114218,1.4389295779183484,1.1528999999999998,1,1.1528999999999998,6.0,inf
640,0,0.08896161572889624,1.5149783375641626,1.543276503331636,1.1024999999999998,1,1.1024999999999998,6.0,inf
640,1,0.08896161572889624,1.5149783375641626,1.543276503331636,1.1024999999999998,1,1.1024999999999998,6.0,inf
640,2,0.08896161572889624,1.5149783375641626,1.543276503331636,1.1024999999999998,1,1.1024999999999998,6.0,inf
640,3,0.08896161572889624,1.5149783375641626,1.543276503331636,1.1024999999999998,1,1.1024999999999998,6.0,inf
640,4,0.08896161572889624,1.5149783375641626,1.543276503331636,1.1024999999999998,1,1.1024999999999998,6.0,inf
640,5,0.08896161572889624,1.5149783375641626,1.543276503331636,1.1024999999999998,1,1.1024999999999998,6.0,inf
641,0,-1.2686473169763786,0.5690421523365399,0.675137239238075,3.4254,1,3.4254,6.0,inf
641,1,-1.2686473169763786,0.5690421523365399,0.675137239238075,3.4254,1,3.4254,6.0,inf
641,2,-1.2686473169763786,0.5690421523365399,0.675137239238075,3.4254,1,3.4254,6.0,inf
641,3,-1.2686473169763786,0.5690421523365399,0.675137239238075,3.4254,1,3.4254,6.0,inf
641,4,-1.2686473169763786,0.5690421523365399,0.675137239238075,3.4254,1,3.4254,6.0,inf
641,5,-1.2686473169763786,0.5690421523365399,0.675137239238075,3.4254,1,3.4254,6.0,inf
642,0,0.46269781033578583,-0.8286533134956452,-0.6234073958541004,3.2060999999999997,1,3.2060999999999997,6.0,inf
642,1,0.46269781033578583,-0.8286533134956452,-0.6234073958541004,3.2060999999999997,1,3.2060999999999997,6.0,inf
642,2,0.46269781033578583,-0.8286533134956452,-0.6234073958541004,3.2060999999999997,1,3.2060999999999997,6.0,inf
642,3,0.46269781033578583,-0.8286533134956452,-0.6234073958541004,3.2060999999999997,1,3.2060999999999997,6.0,inf
642,4,0.46269781033578583,-0.8286533134956452,-0.6234073958541004,3.2060999999999997,1,3.2060999999999997,6.0,inf
642,5,0.46269781033578583,-0.8286533134956452,-0.6234073958541004,3.2060999999999997,1,3.2060999999999997,6.0,inf
643,0,-0.974078090538125,-1.1823600324409655,0.8081252827937992,4.711799999999999,1,4.711799999999999,6.0,inf
643,1,-0.974078090538125,-1.1823600324409655,0.8081252827937992,4.711799999999999,1,4.711799999999999,6.0,inf
643,2,-0.974078090538125,-1.1823600324409655,0.8081252827937992,4.711799999999999,1,4.711799999999999,6.0,inf
643,3,-0.974078090538125,-1.1823600324409655,0.8081252827937992,4.711799999999999,1,4.711799999999999,6.0,inf
643,4,-0.974078090538125,-1.1823600324409655,0.8081252827937992,4.711799999999999,1,4.711799999999999,6.0,inf
643,5,-0.974078090538125,-1.1823600324409655,0.8081252827937992,4.711799999999999,1,4.711799999999999,6.0,inf
644,0,-0.2037975907050643,-0.48641377315606826,0.2899349601287249,3.4806,1,3.4806,6.0,inf
644,1,-0.2037975907050643,-0.48641377315606826,0.2899349601287249,3.4806,1,3.4806,6.0,inf
644,2,-0.2037975907050643,-0.48641377315606826,0.2899349601287249,3.4806,1,3.4806,6.0,inf
644,3,-0.2037975907050643,-0.48641377315606826,0.2899349601287249,3.4806,1,3.4806,6.0,inf
644,4,-0.2037975907050643,-0.48641377315606826,0.2899349601287249,3.4806,1,3.4806,6.0,inf
644,5,-0.2037975907050643,-0.48641377315606826,0.2899349601287249,3.4806,1,3.4806,6.0,inf
645,0,1.018085093403397,1.0119447482869062,1.3863676001794556,1.2188999999999999,1,1.2188999999999999,6.0,inf
645,1,1.018085093403397,1.0119447482869062,1.3863676001794556,1.2188999999999999,1,1.2188999999999999,6.0,inf
645,2,1.018085093403397,1.0119447482869062,1.3863676001794556,1.2188999999999999,1,1.2188999999999999,6.0,inf
645,3,1.018085093403397,1.0119447482869062,1.3863676001794556,1.2188999999999999,1,1.2188999999999999,6.0,inf
645,4,1.018085093403397,1.0119447482869062,1.3863676001794556,1.2188999999999999,1,1.2188999999999999,6.0,inf
645,5,1.018085093403397,1.0119447482869062,1.3863676001794556,1.2188999999999999,1,1.2188999999999999,6.0,inf
646,0,-1.4757182585277748,0.018550390233917684,0.7354436247827107,1.1352,1,1.1352,6.0,inf
646,1,-1.4757182585277748,0.018550390233917684,0.7354436247827107,1.1352,1,1.1352,6.0,inf
646,2,-1.4757182585277748,0.018550390233917684,0.7354436247827107,1.1352,1,1.1352,6.0,inf
646,3,-1.4757182585277748,0.018550390233917684,0.7354436247827107,1.1352,1,1.1352,6.0,inf
646,4,-1.4757182585277748,0.018550390233917684,0.7354436247827107,1.1352,1,1.1352,6.0,inf
646,5,-1.4757182585277748,0.018550390233917684,0.7354436247827107,1.1352,1,1.1352,6.0,inf
647,0,0.6967900306164508,1.2492230618585018,0.702209483643465,1.311,1,1.311,6.0,inf
647,1,0.6967900306164508,1.2492230618585018,0.702209483643465,1.311,1,1.311,6.0,inf
647,2,0.6967900306164508,1.2492230618585018,0.702209483643465,1.311,1,1.311,6.0,inf
647,3,0.6967900306164508,1.2492230618585018,0.702209483643465,1.311,1,1.311,6.0,inf
647,4,0.6967900306164508,1.2492230618585018,0.702209483643465,1.311,1,1.311,6.0,inf
647,5,0.6967900306164508,1.2492230618585018,0.702209483643465,1.311,1,1.311,6.0,inf
648,0,-0.43662529520237675,0.38730555781046744,-1.2171960658375491,4.137,1,4.137,6.0,inf
648,1,-0.43662529520237675,0.38730555781046744,-1.2171960658375491,4.137,1,4.137,6.0,inf
648,2,-0.43662529520237675,0.38730555781046744,-1.2171960658375491,4.137,1,4.137,6.0,inf
648,3,-0.43662529520237675,0.38730555781046744,-1.2171960658375491,4.137,1,4.137,6.0,inf
648,4,-0.43662529520237675,0.38730555781046744,-1.2171960658375491,4.137,1,4.137,6.0,inf
648,5,-0.43662529520237675,0.38730555781046744,-1.2171960658375491,4.137,1,4.137,6.0,inf
649,0,-1.5245432807954284,0.32180287905862254,0.7260986302843325,1.5011999999999999,1,1.5011999999999999,6.0,inf
649,1,-1.5245432807954284,0.32180287905862254,0.7260986302843325,1.5011999999999999,1,1.5011999999999999,6.0,inf
649,2,-1.5245432807954284,0.32180287905862254,0.7260986302843325,1.5011999999999999,1,1.5011999999999999,6.0,inf
649,3,-1.5245432807954284,0.32180287905862254,0.7260986302843325,1.5011999999999999,1,1.5011999999999999,6.0,inf
649,4,-1.5245432807954284,0.32180287905862254,0.7260986302843325,1.5011999999999999,1,1.5011999999999999,6.0,inf
649,5,-1.5245432807954284,0.32180287905862254,0.7260986302843325,1.5011999999999999,1,1.5011999999999999,6.0,inf
650,0,0.2426873376809634,-0.24194591862872963,0.6836604566740696,0.2703,1,0.2703,6.0,inf
650,1,0.2426873376809634,-0.24194591862872963,0.6836604566740696,0.2703,1,0.2703,6.0,inf
650,2,0.2426873376809634,-0.24194591862872963,0.6836604566740696,0.2703,1,0.2703,6.0,inf
650,3,0.2426873376809634,-0.24194591862872963,0.6836604566740696,0.2703,1,0.2703,6.0,inf
650,4,0.2426873376809634,-0.24194591862872963,0.6836604566740696,0.2703,1,0.2703,6.0,inf
650,5,0.2426873376809634,-0.24194591862872963,0.6836604566740696,0.2703,1,0.2703,6.0,inf
651,0,-0.049316259573752526,-0.3776277775686245,-0.3524083847162938,2.9894999999999996,1,2.9894999999999996,6.0,inf
651,1,-0.049316259573752526,-0.3776277775686245,-0.3524083847162938,2.9894999999999996,1,2.9894999999999996,6.0,inf
651,2,-0.049316259573752526,-0.3776277775686245,-0.3524083847162938,2.9894999999999996,1,2.9894999999999996,6.0,inf
651,3,-0.049316259573752526,-0.3776277775686245,-0.3524083847162938,2.9894999999999996,1,2.9894999999999996,6.0,inf
651,4,-0.049316259573752526,-0.3776277775686245,-0.3524083847162938,2.9894999999999996,1,2.9894999999999996,6.0,inf
651,5,-0.049316259573752526,-0.3776277775686245,-0.3524083847162938,2.9894999999999996,1,2.9894999999999996,6.0,inf
652,0,0.6099274183002925,0.6963671120658197,-1.1739492673841425,3.1508999999999996,1,3.1508999999999996,6.0,inf
652,1,0.6099274183002925,0.6963671120658197,-1.1739492673841425,3.1508999999999996,1,3.1508999999999996,6.0,inf
652,2,0.6099274183002925,0.6963671120658197,-1.1739492673841425,3.1508999999999996,1,3.1508999999999996,6.0,inf
652,3,0.6099274183002925,0.6963671120658197,-1.1739492673841425,3.1508999999999996,1,3.1508999999999996,6.0,inf
652,4,0.6099274183002925,0.6963671120658197,-1.1739492673841425,3.1508999999999996,1,3.1508999999999996,6.0,inf
652,5,0.6099274183002925,0.6963671120658197,-1.1739492673841425,3.1508999999999996,1,3.1508999999999996,6.0,inf
653,0,-0.7454308548652229,0.5811217680652452,0.16908842167015348,1.5066,1,1.5066,6.0,inf
653,1,-0.7454308548652229,0.5811217680652452,0.16908842167015348,1.5066,1,1.5066,6.0,inf
653,2,-0.7454308548652229,0.5811217680652452,0.16908842167015348,1.5066,1,1.5066,6.0,inf
653,3,-0.7454308548652229,0.5811217680652452,0.16908842167015348,1.5066,1,1.5066,6.0,inf
653,4,-0.7454308548652229,0.5811217680652452,0.16908842167015348,1.5066,1,1.5066,6.0,inf
653,5,-0.7454308548652229,0.5811217680652452,0.16908842167015348,1.5066,1,1.5066,6.0,inf
654,0,0.8918739442035843,-1.588586008722138,0.43623917907002446,2.4825,1,2.4825,6.0,inf
654,1,0.8918739442035843,-1.588586008722138,0.43623917907002446,2.4825,1,2.4825,6.0,inf
654,2,0.8918739442035843,-1.588586008722138,0.43623917907002446,2.4825,1,2.4825,6.0,inf
654,3,0.8918739442035843,-1.588586008722138,0.43623917907002446,2.4825,1,2.4825,6.0,inf
654,4,0.8918739442035843,-1.588586008722138,0.43623917907002446,2.4825,1,2.4825,6.0,inf
654,5,0.8918739442035843,-1.588586008722138,0.43623917907002446,2.4825,1,2.4825,6.0,inf
655,0,0.812083466031358,0.28928200462338005,-1.190185160635875,3.8358,1,3.8358,6.0,inf
655,1,0.812083466031358,0.28928200462338005,-1.190185160635875,3.8358,1,3.8358,6.0,inf
655,2,0.812083466031358,0.28928200462338005,-1.190185160635875,3.8358,1,3.8358,6.0,inf
655,3,0.812083466031358,0.28928200462338005,-1.190185160635875,3.8358,1,3.8358,6.0,inf
655,4,0.812083466031358,0.28928200462338005,-1.190185160635875,3.8358,1,3.8358,6.0,inf
655,5,0.812083466031358,0.28928200462338005,-1.190185160635875,3.8358,1,3.8358,6.0,inf
656,0,0.6312453860790026,-0.0010208077731822286,1.7082559032027436,1.7417999999999998,1,1.7417999999999998,6.0,inf
656,1,0.6312453860790026,-0.0010208077731822286,1.7082559032027436,1.7417999999999998,1,1.7417999999999998,6.0,inf
656,2,0.6312453860790026,-0.0010208077731822286,1.7082559032027436,1.7417999999999998,1,1.7417999999999998,6.0,inf
656,3,0.6312453860790026,-0.0010208077731822286,1.7082559032027436,1.7417999999999998,1,1.7417999999999998,6.0,inf
656,4,0.6312453860790026,-0.0010208077731822286,1.7082559032027436,1.7417999999999998,1,1.7417999999999998,6.0,inf
656,5,0.6312453860790026,-0.0010208077731822286,1.7082559032027436,1.7417999999999998,1,1.7417999999999998,6.0,inf
657,0,-0.03440221298127845,-0.6833416513310421,1.5682168487599215,2.2253999999999996,1,2.2253999999999996,6.0,inf
657,1,-0.03440221298127845,-0.6833416513310421,1.5682168487599215,2.2253999999999996,1,2.2253999999999996,6.0,inf
657,2,-0.03440221298127845,-0.6833416513310421,1.5682168487599215,2.2253999999999996,1,2.2253999999999996,6.0,inf
657,3,-0.03440221298127845,-0.6833416513310421,1.5682168487599215,2.2253999999999996,1,2.2253999999999996,6.0,inf
657,4,-0.03440221298127845,-0.6833416513310421,1.5682168487599215,2.2253999999999996,1,2.2253999999999996,6.0,inf
657,5,-0.03440221298127845,-0.6833416513310421,1.5682168487599215,2.2253999999999996,1,2.2253999999999996,6.0,inf
658,0,0.2420036477051646,1.336610677196006,-0.14477095835203577,1.5147,1,1.5147,6.0,inf
658,1,0.2420036477051646,1.336610677196006,-0.14477095835203577,1.5147,1,1.5147,6.0,inf
658,2,0.2420036477051646,1.336610677196006,-0.14477095835203577,1.5147,1,1.5147,6.0,inf
658,3,0.2420036477051646,1.336610677196006,-0.14477095835203577,1.5147,1,1.5147,6.0,inf
658,4,0.2420036477051646,1.336610677196006,-0.14477095835203577,1.5147,1,1.5147,6.0,inf
658,5,0.2420036477051646,1.336610677196006,-0.14477095835203577,1.5147,1,1.5147,6.0,inf
659,0,1.9145531622334675,-0.26702615982432437,0.10479545064361848,2.0361,1,2.0361,6.0,inf
659,1,1.9145531622334675,-0.26702615982432437,0.10479545064361848,2.0361,1,2.0361,6.0,inf
659,2,1.9145531622334675,-0.26702615982432437,0.10479545064361848,2.0361,1,2.0361,6.0,inf
659,3,1.9145531622334675,-0.26702615982432437,0.10479545064361848,2.0361,1,2.0361,6.0,inf
659,4,1.9145531622334675,-0.26702615982432437,0.10479545064361848,2.0361,1,2.0361,6.0,inf
659,5,1.9145531622334675,-0.26702615982432437,0.10479545064361848,2.0361,1,2.0361,6.0,inf
660,0,-1.0623607338949486,-0.9808616687657117,-1.5925693714196272,6.0,0,8.0001,6.0,inf
660,1,-1.0623607338949486,-0.9808616687657117,-1.5925693714196272,6.0,0,8.0001,6.0,inf
660,2,-1.0623607338949486,-0.9808616687657117,-1.5925693714196272,6.0,0,8.0001,6.0,inf
660,3,-1.0623607338949486,-0.9808616687657117,-1.5925693714196272,6.0,0,8.0001,6.0,inf
660,4,-1.0623607338949486,-0.9808616687657117,-1.5925693714196272,6.0,0,8.0001,6.0,inf
660,5,-1.0623607338949486,-0.9808616687657117,-1.5925693714196272,6.0,0,8.0001,6.0,inf
661,0,-2.7210459980389654,0.7170238698725839,0.8887438601405325,1.8474,1,1.8474,6.0,inf
661,1,-2.7210459980389654,0.7170238698725839,0.8887438601405325,1.8474,1,1.8474,6.0,inf
661,2,-2.7210459980389654,0.7170238698725839,0.8887438601405325,1.8474,1,1.8474,6.0,inf
661,3,-2.7210459980389654,0.7170238698725839,0.8887438601405325,1.8474,1,1.8474,6.0,inf
661,4,-2.7210459980389654,0.7170238698725839,0.8887438601405325,1.8474,1,1.8474,6.0,inf
661,5,-2.7210459980389654,0.7170238698725839,0.8887438601405325,1.8474,1,1.8474,6.0,inf
662,0,0.390776731324183,0.18026522530690034,0.4013393478025155,2.0568,1,2.0568,6.0,inf
662,1,0.390776731324183,0.18026522530690034,0.4013393478025155,2.0568,1,2.0568,6.0,inf
662,2,0.390776731324183,0.18026522530690034,0.4013393478025155,2.0568,1,2.0568,6.0,inf
662,3,0.390776731324183,0.18026522530690034,0.4013393478025155,2.0568,1,2.0568,6.0,inf
662,4,0.390776731324183,0.18026522530690034,0.4013393478025155,2.0568,1,2.0568,6.0,inf
662,5,0.390776731324183,0.18026522530690034,0.4013393478025155,2.0568,1,2.0568,6.0,inf
663,0,1.7479160792625532,1.132814682957242,-0.799816597994387,2.0705999999999998,1,2.0705999999999998,6.0,inf
663,1,1.7479160792625532,1.132814682957242,-0.799816597994387,2.0705999999999998,1,2.0705999999999998,6.0,inf
663,2,1.7479160792625532,1.132814682957242,-0.799816597994387,2.0705999999999998,1,2.0705999999999998,6.0,inf
663,3,1.7479160792625532,1.132814682957242,-0.799816597994387,2.0705999999999998,1,2.0705999999999998,6.0,inf
663,4,1.7479160792625532,1.132814682957242,-0.799816597994387,2.0705999999999998,1,2.0705999999999998,6.0,inf
663,5,1.7479160792625532,1.132814682957242,-0.799816597994387,2.0705999999999998,1,2.0705999999999998,6.0,inf
664,0,0.8666029148447365,-0.6354723075731031,0.21699276727990327,2.0288999999999997,1,2.0288999999999997,6.0,inf
664,1,0.8666029148447365,-0.6354723075731031,0.21699276727990327,2.0288999999999997,1,2.0288999999999997,6.0,inf
664,2,0.8666029148447365,-0.6354723075731031,0.21699276727990327,2.0288999999999997,1,2.0288999999999997,6.0,inf
664,3,0.8666029148447365,-0.6354723075731031,0.21699276727990327,2.0288999999999997,1,2.0288999999999997,6.0,inf
664,4,0.8666029148447365,-0.6354723075731031,0.21699276727990327,2.0288999999999997,1,2.0288999999999997,6.0,inf
664,5,0.8666029148447365,-0.6354723075731031,0.21699276727990327,2.0288999999999997,1,2.0288999999999997,6.0,inf
665,0,-0.8541787192828978,-1.2107104974171168,1.031171751692657,4.2486,1,4.2486,6.0,inf
665,1,-0.8541787192828978,-1.2107104974171168,1.031171751692657,4.2486,1,4.2486,6.0,inf
665,2,-0.8541787192828978,-1.2107104974171168,1.031171751692657,4.2486,1,4.2486,6.0,inf
665,3,-0.8541787192828978,-1.2107104974171168,1.031171751692657,4.2486,1,4.2486,6.0,inf
665,4,-0.8541787192828978,-1.2107104974171168,1.031171751692657,4.2486,1,4.2486,6.0,inf
665,5,-0.8541787192828978,-1.2107104974171168,1.031171751692657,4.2486,1,4.2486,6.0,inf
666,0,-0.7827885363853303,0.22474824824765588,0.5042680552160705,1.5648,1,1.5648,6.0,inf
666,1,-0.7827885363853303,0.22474824824765588,0.5042680552160705,1.5648,1,1.5648,6.0,inf
666,2,-0.7827885363853303,0.22474824824765588,0.5042680552160705,1.5648,1,1.5648,6.0,inf
666,3,-0.7827885363853303,0.22474824824765588,0.5042680552160705,1.5648,1,1.5648,6.0,inf
666,4,-0.7827885363853303,0.22474824824765588,0.5042680552160705,1.5648,1,1.5648,6.0,inf
666,5,-0.7827885363853303,0.22474824824765588,0.5042680552160705,1.5648,1,1.5648,6.0,inf
667,0,0.13203159281167734,-0.3404377660313357,-0.705919652950746,3.9332999999999996,1,3.9332999999999996,6.0,inf
667,1,0.13203159281167734,-0.3404377660313357,-0.705919652950746,3.9332999999999996,1,3.9332999999999996,6.0,inf
667,2,0.13203159281167734,-0.3404377660313357,-0.705919652950746,3.9332999999999996,1,3.9332999999999996,6.0,inf
667,3,0.13203159281167734,-0.3404377660313357,-0.705919652950746,3.9332999999999996,1,3.9332999999999996,6.0,inf
667,4,0.13203159281167734,-0.3404377660313357,-0.705919652950746,3.9332999999999996,1,3.9332999999999996,6.0,inf
667,5,0.13203159281167734,-0.3404377660313357,-0.705919652950746,3.9332999999999996,1,3.9332999999999996,6.0,inf
668,0,-0.9306341160338911,1.387033681889838,0.1607084315846224,0.7235999999999999,1,0.7235999999999999,6.0,inf
668,1,-0.9306341160338911,1.387033681889838,0.1607084315846224,0.7235999999999999,1,0.7235999999999999,6.0,inf
668,2,-0.9306341160338911,1.387033681889838,0.1607084315846224,0.7235999999999999,1,0.7235999999999999,6.0,inf
668,3,-0.9306341160338911,1.387033681889838,0.1607084315846224,0.7235999999999999,1,0.7235999999999999,6.0,inf
668,4,-0.9306341160338911,1.387033681889838,0.1607084315846224,0.7235999999999999,1,0.7235999999999999,6.0,inf
668,5,-0.9306341160338911,1.387033681889838,0.1607084315846224,0.7235999999999999,1,0.7235999999999999,6.0,inf
669,0,1.1019565000409142,0.9828213141885671,0.7614716383119218,1.0422,1,1.0422,6.0,inf
669,1,1.1019565000409142,0.9828213141885671,0.7614716383119218,1.0422,1,1.0422,6.0,inf
669,2,1.1019565000409142,0.9828213141885671,0.7614716383119218,1.0422,1,1.0422,6.0,inf
669,3,1.1019565000409142,0.9828213141885671,0.7614716383119218,1.0422,1,1.0422,6.0,inf
669,4,1.1019565000409142,0.9828213141885671,0.7614716383119218,1.0422,1,1.0422,6.0,inf
669,5,1.1019565000409142,0.9828213141885671,0.7614716383119218,1.0422,1,1.0422,6.0,inf
670,0,-0.11836108454406169,0.6339307573540136,0.16841257175576582,1.7294999999999998,1,1.7294999999999998,6.0,inf
670,1,-0.11836108454406169,0.6339307573540136,0.16841257175576582,1.7294999999999998,1,1.7294999999999998,6.0,inf
670,2,-0.11836108454406169,0.6339307573540136,0.16841257175576582,1.7294999999999998,1,1.7294999999999998,6.0,inf
670,3,-0.11836108454406169,0.6339307573540136,0.16841257175576582,1.7294999999999998,1,1.7294999999999998,6.0,inf
670,4,-0.11836108454406169,0.6339307573540136,0.16841257175576582,1.7294999999999998,1,1.7294999999999998,6.0,inf
670,5,-0.11836108454406169,0.6339307573540136,0.16841257175576582,1.7294999999999998,1,1.7294999999999998,6.0,inf
671,0,0.8074211663712813,-0.06708273670917565,-0.2954509521157006,2.3234999999999997,1,2.3234999999999997,6.0,inf
671,1,0.8074211663712813,-0.06708273670917565,-0.2954509521157006,2.3234999999999997,1,2.3234999999999997,6.0,inf
671,2,0.8074211663712813,-0.06708273670917565,-0.2954509521157006,2.3234999999999997,1,2.3234999999999997,6.0,inf
671,3,0.8074211663712813,-0.06708273670917565,-0.2954509521157006,2.3234999999999997,1,2.3234999999999997,6.0,inf
671,4,0.8074211663712813,-0.06708273670917565,-0.2954509521157006,2.3234999999999997,1,2.3234999999999997,6.0,inf
671,5,0.8074211663712813,-0.06708273670917565,-0.2954509521157006,2.3234999999999997,1,2.3234999999999997,6.0,inf
672,0,-3.056107875093267,0.8754100790659238,1.510103852012642,1.9475999999999998,1,1.9475999999999998,6.0,inf
672,1,-3.056107875093267,0.8754100790659238,1.510103852012642,1.9475999999999998,1,1.9475999999999998,6.0,inf
672,2,-3.056107875093267,0.8754100790659238,1.510103852012642,1.9475999999999998,1,1.9475999999999998,6.0,inf
672,3,-3.056107875093267,0.8754100790659238,1.510103852012642,1.9475999999999998,1,1.9475999999999998,6.0,inf
672,4,-3.056107875093267,0.8754100790659238,1.510103852012642,1.9475999999999998,1,1.9475999999999998,6.0,inf
672,5,-3.056107875093267,0.8754100790659238,1.510103852012642,1.9475999999999998,1,1.9475999999999998,6.0,inf
673,0,0.5365456896919079,-1.6235138062137537,-0.6196597813536253,3.5801999999999996,1,3.5801999999999996,6.0,inf
673,1,0.5365456896919079,-1.6235138062137537,-0.6196597813536253,3.5801999999999996,1,3.5801999999999996,6.0,inf
673,2,0.5365456896919079,-1.6235138062137537,-0.6196597813536253,3.5801999999999996,1,3.5801999999999996,6.0,inf
673,3,0.5365456896919079,-1.6235138062137537,-0.6196597813536253,3.5801999999999996,1,3.5801999999999996,6.0,inf
673,4,0.5365456896919079,-1.6235138062137537,-0.6196597813536253,3.5801999999999996,1,3.5801999999999996,6.0,inf
673,5,0.5365456896919079,-1.6235138062137537,-0.6196597813536253,3.5801999999999996,1,3.5801999999999996,6.0,inf
674,0,-1.4929163719595788,-0.863884057961673,0.07470510388338049,4.5177,1,4.5177,6.0,inf
674,1,-1.4929163719595788,-0.863884057961673,0.07470510388338049,4.5177,1,4.5177,6.0,inf
674,2,-1.4929163719595788,-0.863884057961673,0.07470510388338049,4.5177,1,4.5177,6.0,inf
674,3,-1.4929163719595788,-0.863884057961673,0.07470510388338049,4.5177,1,4.5177,6.0,inf
674,4,-1.4929163719595788,-0.863884057961673,0.07470510388338049,4.5177,1,4.5177,6.0,inf
674,5,-1.4929163719595788,-0.863884057961673,0.07470510388338049,4.5177,1,4.5177,6.0,inf
675,0,-1.8771232096973776,1.7628543203227773,1.0521669155152067,1.1775,1,1.1775,6.0,inf
675,1,-1.8771232096973776,1.7628543203227773,1.0521669155152067,1.1775,1,1.1775,6.0,inf
675,2,-1.8771232096973776,1.7628543203227773,1.0521669155152067,1.1775,1,1.1775,6.0,inf
675,3,-1.8771232096973776,1.7628543203227773,1.0521669155152067,1.1775,1,1.1775,6.0,inf
675,4,-1.8771232096973776,1.7628543203227773,1.0521669155152067,1.1775,1,1.1775,6.0,inf
675,5,-1.8771232096973776,1.7628543203227773,1.0521669155152067,1.1775,1,1.1775,6.0,inf
676,0,0.5434997136412018,0.4715131132570581,2.2536179669425978,1.0713,1,1.0713,6.0,inf
676,1,0.5434997136412018,0.4715131132570581,2.2536179669425978,1.0713,1,1.0713,6.0,inf
676,2,0.5434997136412018,0.4715131132570581,2.2536179669425978,1.0713,1,1.0713,6.0,inf
676,3,0.5434997136412018,0.4715131132570581,2.2536179669425978,1.0713,1,1.0713,6.0,inf
676,4,0.5434997136412018,0.4715131132570581,2.2536179669425978,1.0713,1,1.0713,6.0,inf
676,5,0.5434997136412018,0.4715131132570581,2.2536179669425978,1.0713,1,1.0713,6.0,inf
677,0,1.9459160358696046,-0.4197238611968458,1.27747521551936,1.4481,1,1.4481,6.0,inf
677,1,1.9459160358696046,-0.4197238611968458,1.27747521551936,1.4481,1,1.4481,6.0,inf
677,2,1.9459160358696046,-0.4197238611968458,1.27747521551936,1.4481,1,1.4481,6.0,inf
677,3,1.9459160358696046,-0.4197238611968458,1.27747521551936,1.4481,1,1.4481,6.0,inf
677,4,1.9459160358696046,-0.4197238611968458,1.27747521551936,1.4481,1,1.4481,6.0,inf
677,5,1.9459160358696046,-0.4197238611968458,1.27747521551936,1.4481,1,1.4481,6.0,inf
678,0,-0.5400763692817463,-2.7363521512610927,0.355883000293864,6.0,0,6.1389,6.0,inf
678,1,-0.5400763692817463,-2.7363521512610927,0.355883000293864,6.0,0,6.1389,6.0,inf
678,2,-0.5400763692817463,-2.7363521512610927,0.355883000293864,6.0,0,6.1389,6.0,inf
678,3,-0.5400763692817463,-2.7363521512610927,0.355883000293864,6.0,0,6.1389,6.0,inf
678,4,-0.5400763692817463,-2.7363521512610927,0.355883000293864,6.0,0,6.1389,6.0,inf
678,5,-0.5400763692817463,-2.7363521512610927,0.355883000293864,6.0,0,6.1389,6.0,inf
679,0,0.7966740743384327,-0.5567012774208261,0.5969629196692124,1.5440999999999998,1,1.5440999999999998,6.0,inf
679,1,0.7966740743384327,-0.5567012774208261,0.5969629196692124,1.5440999999999998,1,1.5440999999999998,6.0,inf
679,2,0.7966740743384327,-0.5567012774208261,0.5969629196692124,1.5440999999999998,1,1.5440999999999998,6.0,inf
679,3,0.7966740743384327,-0.5567012774208261,0.5969629196692124,1.5440999999999998,1,1.5440999999999998,6.0,inf
679,4,0.7966740743384327,-0.5567012774208261,0.5969629196692124,1.5440999999999998,1,1.5440999999999998,6.0,inf
679,5,0.7966740743384327,-0.5567012774208261,0.5969629196692124,1.5440999999999998,1,1.5440999999999998,6.0,inf
680,0,-1.410730483814052,-0.4632966404981263,-1.2033359557104952,6.0,0,8.0001,6.0,inf
680,1,-1.410730483814052,-0.4632966404981263,-1.2033359557104952,6.0,0,8.0001,6.0,inf
680,2,-1.410730483814052,-0.4632966404981263,-1.2033359557104952,6.0,0,8.0001,6.0,inf
680,3,-1.410730483814052,-0.4632966404981263,-1.2033359557104952,6.0,0,8.0001,6.0,inf
680,4,-1.410730483814052,-0.4632966404981263,-1.2033359557104952,6.0,0,8.0001,6.0,inf
680,5,-1.410730483814052,-0.4632966404981263,-1.2033359557104952,6.0,0,8.0001,6.0,inf
681,0,0.2429654673170337,-0.20229542536396306,1.7540128220011006,1.1721,1,1.1721,6.0,inf
681,1,0.2429654673170337,-0.20229542536396306,1.7540128220011006,1.1721,1,1.1721,6.0,inf
681,2,0.2429654673170337,-0.20229542536396306,1.7540128220011006,1.1721,1,1.1721,6.0,inf
681,3,0.2429654673170337,-0.20229542536396306,1.7540128220011006,1.1721,1,1.1721,6.0,inf
681,4,0.2429654673170337,-0.20229542536396306,1.7540128220011006,1.1721,1,1.1721,6.0,inf
681,5,0.2429654673170337,-0.20229542536396306,1.7540128220011006,1.1721,1,1.1721,6.0,inf
682,0,0.9278261029571278,0.19377899834517012,-0.46297015930259283,3.0620999999999996,1,3.0620999999999996,6.0,inf
682,1,0.9278261029571278,0.19377899834517012,-0.46297015930259283,3.0620999999999996,1,3.0620999999999996,6.0,inf
682,2,0.9278261029571278,0.19377899834517012,-0.46297015930259283,3.0620999999999996,1,3.0620999999999996,6.0,inf
682,3,0.9278261029571278,0.19377899834517012,-0.46297015930259283,3.0620999999999996,1,3.0620999999999996,6.0,inf
682,4,0.9278261029571278,0.19377899834517012,-0.46297015930259283,3.0620999999999996,1,3.0620999999999996,6.0,inf
682,5,0.9278261029571278,0.19377899834517012,-0.46297015930259283,3.0620999999999996,1,3.0620999999999996,6.0,inf
683,0,0.8366483806914903,-0.26932816103487095,-1.9383254950241904,4.0127999999999995,1,4.0127999999999995,6.0,inf
683,1,0.8366483806914903,-0.26932816103487095,-1.9383254950241904,4.0127999999999995,1,4.0127999999999995,6.0,inf
683,2,0.8366483806914903,-0.26932816103487095,-1.9383254950241904,4.0127999999999995,1,4.0127999999999995,6.0,inf
683,3,0.8366483806914903,-0.26932816103487095,-1.9383254950241904,4.0127999999999995,1,4.0127999999999995,6.0,inf
683,4,0.8366483806914903,-0.26932816103487095,-1.9383254950241904,4.0127999999999995,1,4.0127999999999995,6.0,inf
683,5,0.8366483806914903,-0.26932816103487095,-1.9383254950241904,4.0127999999999995,1,4.0127999999999995,6.0,inf
684,0,1.000535899359686,-0.7827734030749272,-0.8969512540493156,3.2093999999999996,1,3.2093999999999996,6.0,inf
684,1,1.000535899359686,-0.7827734030749272,-0.8969512540493156,3.2093999999999996,1,3.2093999999999996,6.0,inf
684,2,1.000535899359686,-0.7827734030749272,-0.8969512540493156,3.2093999999999996,1,3.2093999999999996,6.0,inf
684,3,1.000535899359686,-0.7827734030749272,-0.8969512540493156,3.2093999999999996,1,3.2093999999999996,6.0,inf
684,4,1.000535899359686,-0.7827734030749272,-0.8969512540493156,3.2093999999999996,1,3.2093999999999996,6.0,inf
684,5,1.000535899359686,-0.7827734030749272,-0.8969512540493156,3.2093999999999996,1,3.2093999999999996,6.0,inf
685,0,0.3937999222220866,-0.11086740179850203,-0.9570390149817888,3.8930999999999996,1,3.8930999999999996,6.0,inf
685,1,0.3937999222220866,-0.11086740179850203,-0.9570390149817888,3.8930999999999996,1,3.8930999999999996,6.0,inf
685,2,0.3937999222220866,-0.11086740179850203,-0.9570390149817888,3.8930999999999996,1,3.8930999999999996,6.0,inf
685,3,0.3937999222220866,-0.11086740179850203,-0.9570390149817888,3.8930999999999996,1,3.8930999999999996,6.0,inf
685,4,0.3937999222220866,-0.11086740179850203,-0.9570390149817888,3.8930999999999996,1,3.8930999999999996,6.0,inf
685,5,0.3937999222220866,-0.11086740179850203,-0.9570390149817888,3.8930999999999996,1,3.8930999999999996,6.0,inf
686,0,1.512723297680214,0.26156317468790713,-0.32723323292544926,2.0193,1,2.0193,6.0,inf
686,1,1.512723297680214,0.26156317468790713,-0.32723323292544926,2.0193,1,2.0193,6.0,inf
686,2,1.512723297680214,0.26156317468790713,-0.32723323292544926,2.0193,1,2.0193,6.0,inf
686,3,1.512723297680214,0.26156317468790713,-0.32723323292544926,2.0193,1,2.0193,6.0,inf
686,4,1.512723297680214,0.26156317468790713,-0.32723323292544926,2.0193,1,2.0193,6.0,inf
686,5,1.512723297680214,0.26156317468790713,-0.32723323292544926,2.0193,1,2.0193,6.0,inf
687,0,0.9213830676626078,-0.622852502659626,-1.5194316953306475,4.4124,1,4.4124,6.0,inf
687,1,0.9213830676626078,-0.622852502659626,-1.5194316953306475,4.4124,1,4.4124,6.0,inf
687,2,0.9213830676626078,-0.622852502659626,-1.5194316953306475,4.4124,1,4.4124,6.0,inf
687,3,0.9213830676626078,-0.622852502659626,-1.5194316953306475,4.4124,1,4.4124,6.0,inf
687,4,0.9213830676626078,-0.622852502659626,-1.5194316953306475,4.4124,1,4.4124,6.0,inf
687,5,0.9213830676626078,-0.622852502659626,-1.5194316953306475,4.4124,1,4.4124,6.0,inf
688,0,-0.9299943523757871,-0.06931274456570355,-0.7054172420635928,5.4102,1,5.4102,6.0,inf
688,1,-0.9299943523757871,-0.06931274456570355,-0.7054172420635928,5.4102,1,5.4102,6.0,inf
688,2,-0.9299943523757871,-0.06931274456570355,-0.7054172420635928,5.4102,1,5.4102,6.0,inf
688,3,-0.9299943523757871,-0.06931274456570355,-0.7054172420635928,5.4102,1,5.4102,6.0,inf
688,4,-0.9299943523757871,-0.06931274456570355,-0.7054172420635928,5.4102,1,5.4102,6.0,inf
688,5,-0.9299943523757871,-0.06931274456570355,-0.7054172420635928,5.4102,1,5.4102,6.0,inf
689,0,-1.4493807461709456,0.7961481778747445,-0.15214817409251732,4.884899999999999,1,4.884899999999999,6.0,inf
689,1,-1.4493807461709456,0.7961481778747445,-0.15214817409251732,4.884899999999999,1,4.884899999999999,6.0,inf
689,2,-1.4493807461709456,0.7961481778747445,-0.15214817409251732,4.884899999999999,1,4.884899999999999,6.0,inf
689,3,-1.4493807461709456,0.7961481778747445,-0.15214817409251732,4.884899999999999,1,4.884899999999999,6.0,inf
689,4,-1.4493807461709456,0.7961481778747445,-0.15214817409251732,4.884899999999999,1,4.884899999999999,6.0,inf
689,5,-1.4493807461709456,0.7961481778747445,-0.15214817409251732,4.884899999999999,1,4.884899999999999,6.0,inf
690,0,-0.4869542299017579,0.17843129770399135,-0.4897811918129793,3.5279999999999996,1,3.5279999999999996,6.0,inf
690,1,-0.4869542299017579,0.17843129770399135,-0.4897811918129793,3.5279999999999996,1,3.5279999999999996,6.0,inf
690,2,-0.4869542299017579,0.17843129770399135,-0.4897811918129793,3.5279999999999996,1,3.5279999999999996,6.0,inf
690,3,-0.4869542299017579,0.17843129770399135,-0.4897811918129793,3.5279999999999996,1,3.5279999999999996,6.0,inf
690,4,-0.4869542299017579,0.17843129770399135,-0.4897811918129793,3.5279999999999996,1,3.5279999999999996,6.0,inf
690,5,-0.4869542299017579,0.17843129770399135,-0.4897811918129793,3.5279999999999996,1,3.5279999999999996,6.0,inf
691,0,2.0790357751195985,-0.2082502644564719,-0.09932305804857518,2.0006999999999997,1,2.0006999999999997,6.0,inf
691,1,2.0790357751195985,-0.2082502644564719,-0.09932305804857518,2.0006999999999997,1,2.0006999999999997,6.0,inf
691,2,2.0790357751195985,-0.2082502644564719,-0.09932305804857518,2.0006999999999997,1,2.0006999999999997,6.0,inf
691,3,2.0790357751195985,-0.2082502644564719,-0.09932305804857518,2.0006999999999997,1,2.0006999999999997,6.0,inf
691,4,2.0790357751195985,-0.2082502644564719,-0.09932305804857518,2.0006999999999997,1,2.0006999999999997,6.0,inf
691,5,2.0790357751195985,-0.2082502644564719,-0.09932305804857518,2.0006999999999997,1,2.0006999999999997,6.0,inf
692,0,0.3641988345660884,1.6891501909709727,-0.35773755018723863,1.8534,1,1.8534,6.0,inf
692,1,0.3641988345660884,1.6891501909709727,-0.35773755018723863,1.8534,1,1.8534,6.0,inf
692,2,0.3641988345660884,1.6891501909709727,-0.35773755018723863,1.8534,1,1.8534,6.0,inf
692,3,0.3641988345660884,1.6891501909709727,-0.35773755018723863,1.8534,1,1.8534,6.0,inf
692,4,0.3641988345660884,1.6891501909709727,-0.35773755018723863,1.8534,1,1.8534,6.0,inf
692,5,0.3641988345660884,1.6891501909709727,-0.35773755018723863,1.8534,1,1.8534,6.0,inf
693,0,-0.8037201333610874,0.6550089093040778,1.5097281685657444,1.7498999999999998,1,1.7498999999999998,6.0,inf
693,1,-0.8037201333610874,0.6550089093040778,1.5097281685657444,1.7498999999999998,1,1.7498999999999998,6.0,inf
693,2,-0.8037201333610874,0.6550089093040778,1.5097281685657444,1.7498999999999998,1,1.7498999999999998,6.0,inf
693,3,-0.8037201333610874,0.6550089093040778,1.5097281685657444,1.7498999999999998,1,1.7498999999999998,6.0,inf
693,4,-0.8037201333610874,0.6550089093040778,1.5097281685657444,1.7498999999999998,1,1.7498999999999998,6.0,inf
693,5,-0.8037201333610874,0.6550089093040778,1.5097281685657444,1.7498999999999998,1,1.7498999999999998,6.0,inf
694,0,-0.3201491143941433,1.6904488639465598,0.28763562209527704,0.8660999999999999,1,0.8660999999999999,6.0,inf
694,1,-0.3201491143941433,1.6904488639465598,0.28763562209527704,0.8660999999999999,1,0.8660999999999999,6.0,inf
694,2,-0.3201491143941433,1.6904488639465598,0.28763562209527704,0.8660999999999999,1,0.8660999999999999,6.0,inf
694,3,-0.3201491143941433,1.6904488639465598,0.28763562209527704,0.8660999999999999,1,0.8660999999999999,6.0,inf
694,4,-0.3201491143941433,1.6904488639465598,0.28763562209527704,0.8660999999999999,1,0.8660999999999999,6.0,inf
694,5,-0.3201491143941433,1.6904488639465598,0.28763562209527704,0.8660999999999999,1,0.8660999999999999,6.0,inf
695,0,0.6367437015970427,-0.5727785013558461,0.6118119399118246,2.3621999999999996,1,2.3621999999999996,6.0,inf
695,1,0.6367437015970427,-0.5727785013558461,0.6118119399118246,2.3621999999999996,1,2.3621999999999996,6.0,inf
695,2,0.6367437015970427,-0.5727785013558461,0.6118119399118246,2.3621999999999996,1,2.3621999999999996,6.0,inf
695,3,0.6367437015970427,-0.5727785013558461,0.6118119399118246,2.3621999999999996,1,2.3621999999999996,6.0,inf
695,4,0.6367437015970427,-0.5727785013558461,0.6118119399118246,2.3621999999999996,1,2.3621999999999996,6.0,inf
695,5,0.6367437015970427,-0.5727785013558461,0.6118119399118246,2.3621999999999996,1,2.3621999999999996,6.0,inf
696,0,-0.4957210495958526,0.7151676203364317,-1.150726592574385,2.7708,1,2.7708,6.0,inf
696,1,-0.4957210495958526,0.7151676203364317,-1.150726592574385,2.7708,1,2.7708,6.0,inf
696,2,-0.4957210495958526,0.7151676203364317,-1.150726592574385,2.7708,1,2.7708,6.0,inf
696,3,-0.4957210495958526,0.7151676203364317,-1.150726592574385,2.7708,1,2.7708,6.0,inf
696,4,-0.4957210495958526,0.7151676203364317,-1.150726592574385,2.7708,1,2.7708,6.0,inf
696,5,-0.4957210495958526,0.7151676203364317,-1.150726592574385,2.7708,1,2.7708,6.0,inf
697,0,1.0632151033345598,-0.3444096608922969,-0.4839966001325687,3.1182,1,3.1182,6.0,inf
697,1,1.0632151033345598,-0.3444096608922969,-0.4839966001325687,3.1182,1,3.1182,6.0,inf
697,2,1.0632151033345598,-0.3444096608922969,-0.4839966001325687,3.1182,1,3.1182,6.0,inf
697,3,1.0632151033345598,-0.3444096608922969,-0.4839966001325687,3.1182,1,3.1182,6.0,inf
697,4,1.0632151033345598,-0.3444096608922969,-0.4839966001325687,3.1182,1,3.1182,6.0,inf
697,5,1.0632151033345598,-0.3444096608922969,-0.4839966001325687,3.1182,1,3.1182,6.0,inf
698,0,-0.10364326907833508,1.6996016988127125,-0.1383744238839712,1.6215,1,1.6215,6.0,inf
698,1,-0.10364326907833508,1.6996016988127125,-0.1383744238839712,1.6215,1,1.6215,6.0,inf
698,2,-0.10364326907833508,1.6996016988127125,-0.1383744238839712,1.6215,1,1.6215,6.0,inf
698,3,-0.10364326907833508,1.6996016988127125,-0.1383744238839712,1.6215,1,1.6215,6.0,inf
698,4,-0.10364326907833508,1.6996016988127125,-0.1383744238839712,1.6215,1,1.6215,6.0,inf
698,5,-0.10364326907833508,1.6996016988127125,-0.1383744238839712,1.6215,1,1.6215,6.0,inf
699,0,-0.7039207821584283,0.5801167186854964,0.40093748838359833,2.1239999999999997,1,2.1239999999999997,6.0,inf
699,1,-0.7039207821584283,0.5801167186854964,0.40093748838359833,2.1239999999999997,1,2.1239999999999997,6.0,inf
699,2,-0.7039207821584283,0.5801167186854964,0.40093748838359833,2.1239999999999997,1,2.1239999999999997,6.0,inf
699,3,-0.7039207821584283,0.5801167186854964,0.40093748838359833,2.1239999999999997,1,2.1239999999999997,6.0,inf
699,4,-0.7039207821584283,0.5801167186854964,0.40093748838359833,2.1239999999999997,1,2.1239999999999997,6.0,inf
699,5,-0.7039207821584283,0.5801167186854964,0.40093748838359833,2.1239999999999997,1,2.1239999999999997,6.0,inf
700,0,-1.221812905276822,1.4944988932145802,0.3393253921365271,2.3276999999999997,1,2.3276999999999997,6.0,inf
700,1,-1.221812905276822,1.4944988932145802,0.3393253921365271,2.3276999999999997,1,2.3276999999999997,6.0,inf
700,2,-1.221812905276822,1.4944988932145802,0.3393253921365271,2.3276999999999997,1,2.3276999999999997,6.0,inf
700,3,-1.221812905276822,1.4944988932145802,0.3393253921365271,2.3276999999999997,1,2.3276999999999997,6.0,inf
700,4,-1.221812905276822,1.4944988932145802,0.3393253921365271,2.3276999999999997,1,2.3276999999999997,6.0,inf
700,5,-1.221812905276822,1.4944988932145802,0.3393253921365271,2.3276999999999997,1,2.3276999999999997,6.0,inf
701,0,0.656268258798762,2.3701425794576405,-0.2733411081368368,0.6111,1,0.6111,6.0,inf
701,1,0.656268258798762,2.3701425794576405,-0.2733411081368368,0.6111,1,0.6111,6.0,inf
701,2,0.656268258798762,2.3701425794576405,-0.2733411081368368,0.6111,1,0.6111,6.0,inf
701,3,0.656268258798762,2.3701425794576405,-0.2733411081368368,0.6111,1,0.6111,6.0,inf
701,4,0.656268258798762,2.3701425794576405,-0.2733411081368368,0.6111,1,0.6111,6.0,inf
701,5,0.656268258798762,2.3701425794576405,-0.2733411081368368,0.6111,1,0.6111,6.0,inf
702,0,1.1936072128196575,0.6716165557833317,-1.4995504307670848,2.1635999999999997,1,2.1635999999999997,6.0,inf
702,1,1.1936072128196575,0.6716165557833317,-1.4995504307670848,2.1635999999999997,1,2.1635999999999997,6.0,inf
702,2,1.1936072128196575,0.6716165557833317,-1.4995504307670848,2.1635999999999997,1,2.1635999999999997,6.0,inf
702,3,1.1936072128196575,0.6716165557833317,-1.4995504307670848,2.1635999999999997,1,2.1635999999999997,6.0,inf
702,4,1.1936072128196575,0.6716165557833317,-1.4995504307670848,2.1635999999999997,1,2.1635999999999997,6.0,inf
702,5,1.1936072128196575,0.6716165557833317,-1.4995504307670848,2.1635999999999997,1,2.1635999999999997,6.0,inf
703,0,1.3247430917350342,1.4793666687341263,-1.0361649082485693,0.8072999999999999,1,0.8072999999999999,6.0,inf
703,1,1.3247430917350342,1.4793666687341263,-1.0361649082485693,0.8072999999999999,1,0.8072999999999999,6.0,inf
703,2,1.3247430917350342,1.4793666687341263,-1.0361649082485693,0.8072999999999999,1,0.8072999999999999,6.0,inf
703,3,1.3247430917350342,1.4793666687341263,-1.0361649082485693,0.8072999999999999,1,0.8072999999999999,6.0,inf
703,4,1.3247430917350342,1.4793666687341263,-1.0361649082485693,0.8072999999999999,1,0.8072999999999999,6.0,inf
703,5,1.3247430917350342,1.4793666687341263,-1.0361649082485693,0.8072999999999999,1,0.8072999999999999,6.0,inf
704,0,0.16903206641882149,0.6800074646653752,0.9702995853921678,2.1132,1,2.1132,6.0,inf
704,1,0.16903206641882149,0.6800074646653752,0.9702995853921678,2.1132,1,2.1132,6.0,inf
704,2,0.16903206641882149,0.6800074646653752,0.9702995853921678,2.1132,1,2.1132,6.0,inf
704,3,0.16903206641882149,0.6800074646653752,0.9702995853921678,2.1132,1,2.1132,6.0,inf
704,4,0.16903206641882149,0.6800074646653752,0.9702995853921678,2.1132,1,2.1132,6.0,inf
704,5,0.16903206641882149,0.6800074646653752,0.9702995853921678,2.1132,1,2.1132,6.0,inf
705,0,-2.2903424102338135,-1.310072378582719,0.13284069055313283,6.0,0,6.838799999999999,6.0,inf
705,1,-2.2903424102338135,-1.310072378582719,0.13284069055313283,6.0,0,6.838799999999999,6.0,inf
705,2,-2.2903424102338135,-1.310072378582719,0.13284069055313283,6.0,0,6.838799999999999,6.0,inf
705,3,-2.2903424102338135,-1.310072378582719,0.13284069055313283,6.0,0,6.838799999999999,6.0,inf
705,4,-2.2903424102338135,-1.310072378582719,0.13284069055313283,6.0,0,6.838799999999999,6.0,inf
705,5,-2.2903424102338135,-1.310072378582719,0.13284069055313283,6.0,0,6.838799999999999,6.0,inf
706,0,0.7554869108328365,1.5822846474249732,-0.47809948263116653,2.0282999999999998,1,2.0282999999999998,6.0,inf
706,1,0.7554869108328365,1.5822846474249732,-0.47809948263116653,2.0282999999999998,1,2.0282999999999998,6.0,inf
706,2,0.7554869108328365,1.5822846474249732,-0.47809948263116653,2.0282999999999998,1,2.0282999999999998,6.0,inf
706,3,0.7554869108328365,1.5822846474249732,-0.47809948263116653,2.0282999999999998,1,2.0282999999999998,6.0,inf
706,4,0.7554869108328365,1.5822846474249732,-0.47809948263116653,2.0282999999999998,1,2.0282999999999998,6.0,inf
706,5,0.7554869108328365,1.5822846474249732,-0.47809948263116653,2.0282999999999998,1,2.0282999999999998,6.0,inf
707,0,0.7243473607006727,1.6576387733615148,1.1114056597781596,0.8541,1,0.8541,6.0,inf
707,1,0.7243473607006727,1.6576387733615148,1.1114056597781596,0.8541,1,0.8541,6.0,inf
707,2,0.7243473607006727,1.6576387733615148,1.1114056597781596,0.8541,1,0.8541,6.0,inf
707,3,0.7243473607006727,1.6576387733615148,1.1114056597781596,0.8541,1,0.8541,6.0,inf
707,4,0.7243473607006727,1.6576387733615148,1.1114056597781596,0.8541,1,0.8541,6.0,inf
707,5,0.7243473607006727,1.6576387733615148,1.1114056597781596,0.8541,1,0.8541,6.0,inf
708,0,-0.652056525012649,-0.12227702757332826,-0.15239868419217228,3.312,1,3.312,6.0,inf
708,1,-0.652056525012649,-0.12227702757332826,-0.15239868419217228,3.312,1,3.312,6.0,inf
708,2,-0.652056525012649,-0.12227702757332826,-0.15239868419217228,3.312,1,3.312,6.0,inf
708,3,-0.652056525012649,-0.12227702757332826,-0.15239868419217228,3.312,1,3.312,6.0,inf
708,4,-0.652056525012649,-0.12227702757332826,-0.15239868419217228,3.312,1,3.312,6.0,inf
708,5,-0.652056525012649,-0.12227702757332826,-0.15239868419217228,3.312,1,3.312,6.0,inf
709,0,0.980814689598352,-1.499357951654154,-0.5043062349617949,4.0095,1,4.0095,6.0,inf
709,1,0.980814689598352,-1.499357951654154,-0.5043062349617949,4.0095,1,4.0095,6.0,inf
709,2,0.980814689598352,-1.499357951654154,-0.5043062349617949,4.0095,1,4.0095,6.0,inf
709,3,0.980814689598352,-1.499357951654154,-0.5043062349617949,4.0095,1,4.0095,6.0,inf
709,4,0.980814689598352,-1.499357951654154,-0.5043062349617949,4.0095,1,4.0095,6.0,inf
709,5,0.980814689598352,-1.499357951654154,-0.5043062349617949,4.0095,1,4.0095,6.0,inf
710,0,-1.1520948507828737,0.05239548670248156,1.6962736132020273,1.9214999999999998,1,1.9214999999999998,6.0,inf
710,1,-1.1520948507828737,0.05239548670248156,1.6962736132020273,1.9214999999999998,1,1.9214999999999998,6.0,inf
710,2,-1.1520948507828737,0.05239548670248156,1.6962736132020273,1.9214999999999998,1,1.9214999999999998,6.0,inf
710,3,-1.1520948507828737,0.05239548670248156,1.6962736132020273,1.9214999999999998,1,1.9214999999999998,6.0,inf
710,4,-1.1520948507828737,0.05239548670248156,1.6962736132020273,1.9214999999999998,1,1.9214999999999998,6.0,inf
710,5,-1.1520948507828737,0.05239548670248156,1.6962736132020273,1.9214999999999998,1,1.9214999999999998,6.0,inf
711,0,1.2255011709763561,-0.984582557012333,-0.8136325994295464,2.7914999999999996,1,2.7914999999999996,6.0,inf
711,1,1.2255011709763561,-0.984582557012333,-0.8136325994295464,2.7914999999999996,1,2.7914999999999996,6.0,inf
711,2,1.2255011709763561,-0.984582557012333,-0.8136325994295464,2.7914999999999996,1,2.7914999999999996,6.0,inf
711,3,1.2255011709763561,-0.984582557012333,-0.8136325994295464,2.7914999999999996,1,2.7914999999999996,6.0,inf
711,4,1.2255011709763561,-0.984582557012333,-0.8136325994295464,2.7914999999999996,1,2.7914999999999996,6.0,inf
711,5,1.2255011709763561,-0.984582557012333,-0.8136325994295464,2.7914999999999996,1,2.7914999999999996,6.0,inf
712,0,-2.9080047902488495,0.2309194354375362,1.0265389769767614,6.0,0,8.0001,6.0,inf
712,1,-2.9080047902488495,0.2309194354375362,1.0265389769767614,6.0,0,8.0001,6.0,inf
712,2,-2.9080047902488495,0.2309194354375362,1.0265389769767614,6.0,0,8.0001,6.0,inf
712,3,-2.9080047902488495,0.2309194354375362,1.0265389769767614,6.0,0,8.0001,6.0,inf
712,4,-2.9080047902488495,0.2309194354375362,1.0265389769767614,6.0,0,8.0001,6.0,inf
712,5,-2.9080047902488495,0.2309194354375362,1.0265389769767614,6.0,0,8.0001,6.0,inf
713,0,-0.5279114037439318,0.6812072419345009,0.8519038222145531,1.4823,1,1.4823,6.0,inf
713,1,-0.5279114037439318,0.6812072419345009,0.8519038222145531,1.4823,1,1.4823,6.0,inf
713,2,-0.5279114037439318,0.6812072419345009,0.8519038222145531,1.4823,1,1.4823,6.0,inf
713,3,-0.5279114037439318,0.6812072419345009,0.8519038222145531,1.4823,1,1.4823,6.0,inf
713,4,-0.5279114037439318,0.6812072419345009,0.8519038222145531,1.4823,1,1.4823,6.0,inf
713,5,-0.5279114037439318,0.6812072419345009,0.8519038222145531,1.4823,1,1.4823,6.0,inf
714,0,0.15326248553025676,-0.8058225953836654,0.4818002987210002,2.7455999999999996,1,2.7455999999999996,6.0,inf
714,1,0.15326248553025676,-0.8058225953836654,0.4818002987210002,2.7455999999999996,1,2.7455999999999996,6.0,inf
714,2,0.15326248553025676,-0.8058225953836654,0.4818002987210002,2.7455999999999996,1,2.7455999999999996,6.0,inf
714,3,0.15326248553025676,-0.8058225953836654,0.4818002987210002,2.7455999999999996,1,2.7455999999999996,6.0,inf
714,4,0.15326248553025676,-0.8058225953836654,0.4818002987210002,2.7455999999999996,1,2.7455999999999996,6.0,inf
714,5,0.15326248553025676,-0.8058225953836654,0.4818002987210002,2.7455999999999996,1,2.7455999999999996,6.0,inf
715,0,-0.7917230156793372,0.6268147609507916,-0.972517238435254,3.9740999999999995,1,3.9740999999999995,6.0,inf
715,1,-0.7917230156793372,0.6268147609507916,-0.972517238435254,3.9740999999999995,1,3.9740999999999995,6.0,inf
715,2,-0.7917230156793372,0.6268147609507916,-0.972517238435254,3.9740999999999995,1,3.9740999999999995,6.0,inf
715,3,-0.7917230156793372,0.6268147609507916,-0.972517238435254,3.9740999999999995,1,3.9740999999999995,6.0,inf
715,4,-0.7917230156793372,0.6268147609507916,-0.972517238435254,3.9740999999999995,1,3.9740999999999995,6.0,inf
715,5,-0.7917230156793372,0.6268147609507916,-0.972517238435254,3.9740999999999995,1,3.9740999999999995,6.0,inf
716,0,0.5949033536102034,-0.5110224369321104,-0.28653728506415427,3.4946999999999995,1,3.4946999999999995,6.0,inf
716,1,0.5949033536102034,-0.5110224369321104,-0.28653728506415427,3.4946999999999995,1,3.4946999999999995,6.0,inf
716,2,0.5949033536102034,-0.5110224369321104,-0.28653728506415427,3.4946999999999995,1,3.4946999999999995,6.0,inf
716,3,0.5949033536102034,-0.5110224369321104,-0.28653728506415427,3.4946999999999995,1,3.4946999999999995,6.0,inf
716,4,0.5949033536102034,-0.5110224369321104,-0.28653728506415427,3.4946999999999995,1,3.4946999999999995,6.0,inf
716,5,0.5949033536102034,-0.5110224369321104,-0.28653728506415427,3.4946999999999995,1,3.4946999999999995,6.0,inf
717,0,1.1109322138204254,0.39783216136744387,-0.4925940733653986,2.1531,1,2.1531,6.0,inf
717,1,1.1109322138204254,0.39783216136744387,-0.4925940733653986,2.1531,1,2.1531,6.0,inf
717,2,1.1109322138204254,0.39783216136744387,-0.4925940733653986,2.1531,1,2.1531,6.0,inf
717,3,1.1109322138204254,0.39783216136744387,-0.4925940733653986,2.1531,1,2.1531,6.0,inf
717,4,1.1109322138204254,0.39783216136744387,-0.4925940733653986,2.1531,1,2.1531,6.0,inf
717,5,1.1109322138204254,0.39783216136744387,-0.4925940733653986,2.1531,1,2.1531,6.0,inf
718,0,-0.8003827632007451,-2.078437975133124,0.700718640433897,5.013599999999999,1,5.013599999999999,6.0,inf
718,1,-0.8003827632007451,-2.078437975133124,0.700718640433897,5.013599999999999,1,5.013599999999999,6.0,inf
718,2,-0.8003827632007451,-2.078437975133124,0.700718640433897,5.013599999999999,1,5.013599999999999,6.0,inf
718,3,-0.8003827632007451,-2.078437975133124,0.700718640433897,5.013599999999999,1,5.013599999999999,6.0,inf
718,4,-0.8003827632007451,-2.078437975133124,0.700718640433897,5.013599999999999,1,5.013599999999999,6.0,inf
718,5,-0.8003827632007451,-2.078437975133124,0.700718640433897,5.013599999999999,1,5.013599999999999,6.0,inf
719,0,-0.706961816759658,0.1909047653119942,1.2429418329429087,1.9778999999999998,1,1.9778999999999998,6.0,inf
719,1,-0.706961816759658,0.1909047653119942,1.2429418329429087,1.9778999999999998,1,1.9778999999999998,6.0,inf
719,2,-0.706961816759658,0.1909047653119942,1.2429418329429087,1.9778999999999998,1,1.9778999999999998,6.0,inf
719,3,-0.706961816759658,0.1909047653119942,1.2429418329429087,1.9778999999999998,1,1.9778999999999998,6.0,inf
719,4,-0.706961816759658,0.1909047653119942,1.2429418329429087,1.9778999999999998,1,1.9778999999999998,6.0,inf
719,5,-0.706961816759658,0.1909047653119942,1.2429418329429087,1.9778999999999998,1,1.9778999999999998,6.0,inf
720,0,0.7952953091119148,-0.32296223022548937,0.14725034790020083,0.8810999999999999,1,0.8810999999999999,6.0,inf
720,1,0.7952953091119148,-0.32296223022548937,0.14725034790020083,0.8810999999999999,1,0.8810999999999999,6.0,inf
720,2,0.7952953091119148,-0.32296223022548937,0.14725034790020083,0.8810999999999999,1,0.8810999999999999,6.0,inf
720,3,0.7952953091119148,-0.32296223022548937,0.14725034790020083,0.8810999999999999,1,0.8810999999999999,6.0,inf
720,4,0.7952953091119148,-0.32296223022548937,0.14725034790020083,0.8810999999999999,1,0.8810999999999999,6.0,inf
720,5,0.7952953091119148,-0.32296223022548937,0.14725034790020083,0.8810999999999999,1,0.8810999999999999,6.0,inf
721,0,0.26882544979424017,-1.083182157979129,0.15134506514599017,2.6106,1,2.6106,6.0,inf
721,1,0.26882544979424017,-1.083182157979129,0.15134506514599017,2.6106,1,2.6106,6.0,inf
721,2,0.26882544979424017,-1.083182157979129,0.15134506514599017,2.6106,1,2.6106,6.0,inf
721,3,0.26882544979424017,-1.083182157979129,0.15134506514599017,2.6106,1,2.6106,6.0,inf
721,4,0.26882544979424017,-1.083182157979129,0.15134506514599017,2.6106,1,2.6106,6.0,inf
721,5,0.26882544979424017,-1.083182157979129,0.15134506514599017,2.6106,1,2.6106,6.0,inf
722,0,-1.5336556783617226,-1.7177338792598191,-1.2656213043351454,6.0,0,8.0001,6.0,inf
722,1,-1.5336556783617226,-1.7177338792598191,-1.2656213043351454,6.0,0,8.0001,6.0,inf
722,2,-1.5336556783617226,-1.7177338792598191,-1.2656213043351454,6.0,0,8.0001,6.0,inf
722,3,-1.5336556783617226,-1.7177338792598191,-1.2656213043351454,6.0,0,8.0001,6.0,inf
722,4,-1.5336556783617226,-1.7177338792598191,-1.2656213043351454,6.0,0,8.0001,6.0,inf
722,5,-1.5336556783617226,-1.7177338792598191,-1.2656213043351454,6.0,0,8.0001,6.0,inf
723,0,-0.6579918507605507,0.5929652754970016,0.3985562738200124,1.2246,1,1.2246,6.0,inf
723,1,-0.6579918507605507,0.5929652754970016,0.3985562738200124,1.2246,1,1.2246,6.0,inf
723,2,-0.6579918507605507,0.5929652754970016,0.3985562738200124,1.2246,1,1.2246,6.0,inf
723,3,-0.6579918507605507,0.5929652754970016,0.3985562738200124,1.2246,1,1.2246,6.0,inf
723,4,-0.6579918507605507,0.5929652754970016,0.3985562738200124,1.2246,1,1.2246,6.0,inf
723,5,-0.6579918507605507,0.5929652754970016,0.3985562738200124,1.2246,1,1.2246,6.0,inf
724,0,-0.9686993978070483,0.46976798421175836,-0.7239969322816313,1.257,1,1.257,6.0,inf
724,1,-0.9686993978070483,0.46976798421175836,-0.7239969322816313,1.257,1,1.257,6.0,inf
724,2,-0.9686993978070483,0.46976798421175836,-0.7239969322816313,1.257,1,1.257,6.0,inf
724,3,-0.9686993978070483,0.46976798421175836,-0.7239969322816313,1.257,1,1.257,6.0,inf
724,4,-0.9686993978070483,0.46976798421175836,-0.7239969322816313,1.257,1,1.257,6.0,inf
724,5,-0.9686993978070483,0.46976798421175836,-0.7239969322816313,1.257,1,1.257,6.0,inf
725,0,0.10413026809506933,-0.7531058090523768,-1.9875605244811079,6.0,0,7.200899999999999,6.0,inf
725,1,0.10413026809506933,-0.7531058090523768,-1.9875605244811079,6.0,0,7.200899999999999,6.0,inf
725,2,0.10413026809506933,-0.7531058090523768,-1.9875605244811079,6.0,0,7.200899999999999,6.0,inf
725,3,0.10413026809506933,-0.7531058090523768,-1.9875605244811079,6.0,0,7.200899999999999,6.0,inf
725,4,0.10413026809506933,-0.7531058090523768,-1.9875605244811079,6.0,0,7.200899999999999,6.0,inf
725,5,0.10413026809506933,-0.7531058090523768,-1.9875605244811079,6.0,0,7.200899999999999,6.0,inf
726,0,-1.0767716425183194,0.3535999091074988,1.2457689678886374,1.7949,1,1.7949,6.0,inf
726,1,-1.0767716425183194,0.3535999091074988,1.2457689678886374,1.7949,1,1.7949,6.0,inf
726,2,-1.0767716425183194,0.3535999091074988,1.2457689678886374,1.7949,1,1.7949,6.0,inf
726,3,-1.0767716425183194,0.3535999091074988,1.2457689678886374,1.7949,1,1.7949,6.0,inf
726,4,-1.0767716425183194,0.3535999091074988,1.2457689678886374,1.7949,1,1.7949,6.0,inf
726,5,-1.0767716425183194,0.3535999091074988,1.2457689678886374,1.7949,1,1.7949,6.0,inf
727,0,0.13664290080327424,2.4666103618936934,1.346540562734464,1.0449,1,1.0449,6.0,inf
727,1,0.13664290080327424,2.4666103618936934,1.346540562734464,1.0449,1,1.0449,6.0,inf
727,2,0.13664290080327424,2.4666103618936934,1.346540562734464,1.0449,1,1.0449,6.0,inf
727,3,0.13664290080327424,2.4666103618936934,1.346540562734464,1.0449,1,1.0449,6.0,inf
727,4,0.13664290080327424,2.4666103618936934,1.346540562734464,1.0449,1,1.0449,6.0,inf
727,5,0.13664290080327424,2.4666103618936934,1.346540562734464,1.0449,1,1.0449,6.0,inf
728,0,-0.3203909850917899,-0.30665435142821096,-0.6428710150120291,2.7609,1,2.7609,6.0,inf
728,1,-0.3203909850917899,-0.30665435142821096,-0.6428710150120291,2.7609,1,2.7609,6.0,inf
728,2,-0.3203909850917899,-0.30665435142821096,-0.6428710150120291,2.7609,1,2.7609,6.0,inf
728,3,-0.3203909850917899,-0.30665435142821096,-0.6428710150120291,2.7609,1,2.7609,6.0,inf
728,4,-0.3203909850917899,-0.30665435142821096,-0.6428710150120291,2.7609,1,2.7609,6.0,inf
728,5,-0.3203909850917899,-0.30665435142821096,-0.6428710150120291,2.7609,1,2.7609,6.0,inf
729,0,0.8954713476942606,-0.9073082113415497,0.8030304967569457,3.1599,1,3.1599,6.0,inf
729,1,0.8954713476942606,-0.9073082113415497,0.8030304967569457,3.1599,1,3.1599,6.0,inf
729,2,0.8954713476942606,-0.9073082113415497,0.8030304967569457,3.1599,1,3.1599,6.0,inf
729,3,0.8954713476942606,-0.9073082113415497,0.8030304967569457,3.1599,1,3.1599,6.0,inf
729,4,0.8954713476942606,-0.9073082113415497,0.8030304967569457,3.1599,1,3.1599,6.0,inf
729,5,0.8954713476942606,-0.9073082113415497,0.8030304967569457,3.1599,1,3.1599,6.0,inf
730,0,-0.8926335300682803,0.690708011901245,-0.4546793836871863,6.0,0,7.737899999999999,6.0,inf
730,1,-0.8926335300682803,0.690708011901245,-0.4546793836871863,6.0,0,7.737899999999999,6.0,inf
730,2,-0.8926335300682803,0.690708011901245,-0.4546793836871863,6.0,0,7.737899999999999,6.0,inf
730,3,-0.8926335300682803,0.690708011901245,-0.4546793836871863,6.0,0,7.737899999999999,6.0,inf
730,4,-0.8926335300682803,0.690708011901245,-0.4546793836871863,6.0,0,7.737899999999999,6.0,inf
730,5,-0.8926335300682803,0.690708011901245,-0.4546793836871863,6.0,0,7.737899999999999,6.0,inf
731,0,-0.32555261563003457,1.5450264817074746,0.3762896224494636,1.1945999999999999,1,1.1945999999999999,6.0,inf
731,1,-0.32555261563003457,1.5450264817074746,0.3762896224494636,1.1945999999999999,1,1.1945999999999999,6.0,inf
731,2,-0.32555261563003457,1.5450264817074746,0.3762896224494636,1.1945999999999999,1,1.1945999999999999,6.0,inf
731,3,-0.32555261563003457,1.5450264817074746,0.3762896224494636,1.1945999999999999,1,1.1945999999999999,6.0,inf
731,4,-0.32555261563003457,1.5450264817074746,0.3762896224494636,1.1945999999999999,1,1.1945999999999999,6.0,inf
731,5,-0.32555261563003457,1.5450264817074746,0.3762896224494636,1.1945999999999999,1,1.1945999999999999,6.0,inf
732,0,-1.1831493105837037,-1.1669189100919994,-0.12496304303847425,4.8735,1,4.8735,6.0,inf
732,1,-1.1831493105837037,-1.1669189100919994,-0.12496304303847425,4.8735,1,4.8735,6.0,inf
732,2,-1.1831493105837037,-1.1669189100919994,-0.12496304303847425,4.8735,1,4.8735,6.0,inf
732,3,-1.1831493105837037,-1.1669189100919994,-0.12496304303847425,4.8735,1,4.8735,6.0,inf
732,4,-1.1831493105837037,-1.1669189100919994,-0.12496304303847425,4.8735,1,4.8735,6.0,inf
732,5,-1.1831493105837037,-1.1669189100919994,-0.12496304303847425,4.8735,1,4.8735,6.0,inf
733,0,-0.8123651108266493,-2.4882543314931627,-1.025723924427695,6.0,0,6.8484,6.0,inf
733,1,-0.8123651108266493,-2.4882543314931627,-1.025723924427695,6.0,0,6.8484,6.0,inf
733,2,-0.8123651108266493,-2.4882543314931627,-1.025723924427695,6.0,0,6.8484,6.0,inf
733,3,-0.8123651108266493,-2.4882543314931627,-1.025723924427695,6.0,0,6.8484,6.0,inf
733,4,-0.8123651108266493,-2.4882543314931627,-1.025723924427695,6.0,0,6.8484,6.0,inf
733,5,-0.8123651108266493,-2.4882543314931627,-1.025723924427695,6.0,0,6.8484,6.0,inf
734,0,0.2365400154421059,-0.5719170928924838,-0.24610587487957553,1.263,1,1.263,6.0,inf
734,1,0.2365400154421059,-0.5719170928924838,-0.24610587487957553,1.263,1,1.263,6.0,inf
734,2,0.2365400154421059,-0.5719170928924838,-0.24610587487957553,1.263,1,1.263,6.0,inf
734,3,0.2365400154421059,-0.5719170928924838,-0.24610587487957553,1.263,1,1.263,6.0,inf
734,4,0.2365400154421059,-0.5719170928924838,-0.24610587487957553,1.263,1,1.263,6.0,inf
734,5,0.2365400154421059,-0.5719170928924838,-0.24610587487957553,1.263,1,1.263,6.0,inf
735,0,-0.7659729760914314,-0.14569329282340965,-1.3119154683077763,2.8514999999999997,1,2.8514999999999997,6.0,inf
735,1,-0.7659729760914314,-0.14569329282340965,-1.3119154683077763,2.8514999999999997,1,2.8514999999999997,6.0,inf
735,2,-0.7659729760914314,-0.14569329282340965,-1.3119154683077763,2.8514999999999997,1,2.8514999999999997,6.0,inf
735,3,-0.7659729760914314,-0.14569329282340965,-1.3119154683077763,2.8514999999999997,1,2.8514999999999997,6.0,inf
735,4,-0.7659729760914314,-0.14569329282340965,-1.3119154683077763,2.8514999999999997,1,2.8514999999999997,6.0,inf
735,5,-0.7659729760914314,-0.14569329282340965,-1.3119154683077763,2.8514999999999997,1,2.8514999999999997,6.0,inf
736,0,-0.20434855221038223,0.39243953301384604,1.5896451520107924,1.4837999999999998,1,1.4837999999999998,6.0,inf
736,1,-0.20434855221038223,0.39243953301384604,1.5896451520107924,1.4837999999999998,1,1.4837999999999998,6.0,inf
736,2,-0.20434855221038223,0.39243953301384604,1.5896451520107924,1.4837999999999998,1,1.4837999999999998,6.0,inf
736,3,-0.20434855221038223,0.39243953301384604,1.5896451520107924,1.4837999999999998,1,1.4837999999999998,6.0,inf
736,4,-0.20434855221038223,0.39243953301384604,1.5896451520107924,1.4837999999999998,1,1.4837999999999998,6.0,inf
736,5,-0.20434855221038223,0.39243953301384604,1.5896451520107924,1.4837999999999998,1,1.4837999999999998,6.0,inf
737,0,1.2945961986098844,-0.4958147473975144,-0.22020831010419636,1.8326999999999998,1,1.8326999999999998,6.0,inf
737,1,1.2945961986098844,-0.4958147473975144,-0.22020831010419636,1.8326999999999998,1,1.8326999999999998,6.0,inf
737,2,1.2945961986098844,-0.4958147473975144,-0.22020831010419636,1.8326999999999998,1,1.8326999999999998,6.0,inf
737,3,1.2945961986098844,-0.4958147473975144,-0.22020831010419636,1.8326999999999998,1,1.8326999999999998,6.0,inf
737,4,1.2945961986098844,-0.4958147473975144,-0.22020831010419636,1.8326999999999998,1,1.8326999999999998,6.0,inf
737,5,1.2945961986098844,-0.4958147473975144,-0.22020831010419636,1.8326999999999998,1,1.8326999999999998,6.0,inf
738,0,-0.2631002911364887,0.4530712343990133,1.4406403605430564,1.0584,1,1.0584,6.0,inf
738,1,-0.2631002911364887,0.4530712343990133,1.4406403605430564,1.0584,1,1.0584,6.0,inf
738,2,-0.2631002911364887,0.4530712343990133,1.4406403605430564,1.0584,1,1.0584,6.0,inf
738,3,-0.2631002911364887,0.4530712343990133,1.4406403605430564,1.0584,1,1.0584,6.0,inf
738,4,-0.2631002911364887,0.4530712343990133,1.4406403605430564,1.0584,1,1.0584,6.0,inf
738,5,-0.2631002911364887,0.4530712343990133,1.4406403605430564,1.0584,1,1.0584,6.0,inf
739,0,1.3060578024887373,-0.674599629735917,1.0548968080875976,1.0527,1,1.0527,6.0,inf
739,1,1.3060578024887373,-0.674599629735917,1.0548968080875976,1.0527,1,1.0527,6.0,inf
739,2,1.3060578024887373,-0.674599629735917,1.0548968080875976,1.0527,1,1.0527,6.0,inf
739,3,1.3060578024887373,-0.674599629735917,1.0548968080875976,1.0527,1,1.0527,6.0,inf
739,4,1.3060578024887373,-0.674599629735917,1.0548968080875976,1.0527,1,1.0527,6.0,inf
739,5,1.3060578024887373,-0.674599629735917,1.0548968080875976,1.0527,1,1.0527,6.0,inf
740,0,-1.4007134671857844,-0.21537230496076631,-1.0816780724436326,6.0,0,8.0001,6.0,inf
740,1,-1.4007134671857844,-0.21537230496076631,-1.0816780724436326,6.0,0,8.0001,6.0,inf
740,2,-1.4007134671857844,-0.21537230496076631,-1.0816780724436326,6.0,0,8.0001,6.0,inf
740,3,-1.4007134671857844,-0.21537230496076631,-1.0816780724436326,6.0,0,8.0001,6.0,inf
740,4,-1.4007134671857844,-0.21537230496076631,-1.0816780724436326,6.0,0,8.0001,6.0,inf
740,5,-1.4007134671857844,-0.21537230496076631,-1.0816780724436326,6.0,0,8.0001,6.0,inf
741,0,-0.6301572541779733,0.23947177083157847,1.8307685055713991,0.8583,1,0.8583,6.0,inf
741,1,-0.6301572541779733,0.23947177083157847,1.8307685055713991,0.8583,1,0.8583,6.0,inf
741,2,-0.6301572541779733,0.23947177083157847,1.8307685055713991,0.8583,1,0.8583,6.0,inf
741,3,-0.6301572541779733,0.23947177083157847,1.8307685055713991,0.8583,1,0.8583,6.0,inf
741,4,-0.6301572541779733,0.23947177083157847,1.8307685055713991,0.8583,1,0.8583,6.0,inf
741,5,-0.6301572541779733,0.23947177083157847,1.8307685055713991,0.8583,1,0.8583,6.0,inf
742,0,1.6300395311926839,-0.05742271719529223,1.7862353084105522,0.8502,1,0.8502,6.0,inf
742,1,1.6300395311926839,-0.05742271719529223,1.7862353084105522,0.8502,1,0.8502,6.0,inf
742,2,1.6300395311926839,-0.05742271719529223,1.7862353084105522,0.8502,1,0.8502,6.0,inf
742,3,1.6300395311926839,-0.05742271719529223,1.7862353084105522,0.8502,1,0.8502,6.0,inf
742,4,1.6300395311926839,-0.05742271719529223,1.7862353084105522,0.8502,1,0.8502,6.0,inf
742,5,1.6300395311926839,-0.05742271719529223,1.7862353084105522,0.8502,1,0.8502,6.0,inf
743,0,0.5258879619880629,0.9451806526916724,-0.5004476382214554,1.0188,1,1.0188,6.0,inf
743,1,0.5258879619880629,0.9451806526916724,-0.5004476382214554,1.0188,1,1.0188,6.0,inf
743,2,0.5258879619880629,0.9451806526916724,-0.5004476382214554,1.0188,1,1.0188,6.0,inf
743,3,0.5258879619880629,0.9451806526916724,-0.5004476382214554,1.0188,1,1.0188,6.0,inf
743,4,0.5258879619880629,0.9451806526916724,-0.5004476382214554,1.0188,1,1.0188,6.0,inf
743,5,0.5258879619880629,0.9451806526916724,-0.5004476382214554,1.0188,1,1.0188,6.0,inf
744,0,-1.3979184245299148,0.45020503373878323,-1.8348971199268276,6.0,0,8.0001,6.0,inf
744,1,-1.3979184245299148,0.45020503373878323,-1.8348971199268276,6.0,0,8.0001,6.0,inf
744,2,-1.3979184245299148,0.45020503373878323,-1.8348971199268276,6.0,0,8.0001,6.0,inf
744,3,-1.3979184245299148,0.45020503373878323,-1.8348971199268276,6.0,0,8.0001,6.0,inf
744,4,-1.3979184245299148,0.45020503373878323,-1.8348971199268276,6.0,0,8.0001,6.0,inf
744,5,-1.3979184245299148,0.45020503373878323,-1.8348971199268276,6.0,0,8.0001,6.0,inf
745,0,0.12129036333612275,0.373399293993054,-1.3240097632585057,3.3678,1,3.3678,6.0,inf
745,1,0.12129036333612275,0.373399293993054,-1.3240097632585057,3.3678,1,3.3678,6.0,inf
745,2,0.12129036333612275,0.373399293993054,-1.3240097632585057,3.3678,1,3.3678,6.0,inf
745,3,0.12129036333612275,0.373399293993054,-1.3240097632585057,3.3678,1,3.3678,6.0,inf
745,4,0.12129036333612275,0.373399293993054,-1.3240097632585057,3.3678,1,3.3678,6.0,inf
745,5,0.12129036333612275,0.373399293993054,-1.3240097632585057,3.3678,1,3.3678,6.0,inf
746,0,-0.7041606891584979,-1.3503784255913698,1.3378413778513598,2.5181999999999998,1,2.5181999999999998,6.0,inf
746,1,-0.7041606891584979,-1.3503784255913698,1.3378413778513598,2.5181999999999998,1,2.5181999999999998,6.0,inf
746,2,-0.7041606891584979,-1.3503784255913698,1.3378413778513598,2.5181999999999998,1,2.5181999999999998,6.0,inf
746,3,-0.7041606891584979,-1.3503784255913698,1.3378413778513598,2.5181999999999998,1,2.5181999999999998,6.0,inf
746,4,-0.7041606891584979,-1.3503784255913698,1.3378413778513598,2.5181999999999998,1,2.5181999999999998,6.0,inf
746,5,-0.7041606891584979,-1.3503784255913698,1.3378413778513598,2.5181999999999998,1,2.5181999999999998,6.0,inf
747,0,0.48346778986004385,-1.2663618361038793,0.0828117555343561,1.9973999999999998,1,1.9973999999999998,6.0,inf
747,1,0.48346778986004385,-1.2663618361038793,0.0828117555343561,1.9973999999999998,1,1.9973999999999998,6.0,inf
747,2,0.48346778986004385,-1.2663618361038793,0.0828117555343561,1.9973999999999998,1,1.9973999999999998,6.0,inf
747,3,0.48346778986004385,-1.2663618361038793,0.0828117555343561,1.9973999999999998,1,1.9973999999999998,6.0,inf
747,4,0.48346778986004385,-1.2663618361038793,0.0828117555343561,1.9973999999999998,1,1.9973999999999998,6.0,inf
747,5,0.48346778986004385,-1.2663618361038793,0.0828117555343561,1.9973999999999998,1,1.9973999999999998,6.0,inf
748,0,-1.6813630318387027,-2.251866624534048,0.4103800713410993,6.0,0,8.0001,6.0,inf
748,1,-1.6813630318387027,-2.251866624534048,0.4103800713410993,6.0,0,8.0001,6.0,inf
748,2,-1.6813630318387027,-2.251866624534048,0.4103800713410993,6.0,0,8.0001,6.0,inf
748,3,-1.6813630318387027,-2.251866624534048,0.4103800713410993,6.0,0,8.0001,6.0,inf
748,4,-1.6813630318387027,-2.251866624534048,0.4103800713410993,6.0,0,8.0001,6.0,inf
748,5,-1.6813630318387027,-2.251866624534048,0.4103800713410993,6.0,0,8.0001,6.0,inf
749,0,-1.663084623722861,-1.8166802369312751,0.6211520693053557,6.0,0,7.996199999999999,6.0,inf
749,1,-1.663084623722861,-1.8166802369312751,0.6211520693053557,6.0,0,7.996199999999999,6.0,inf
749,2,-1.663084623722861,-1.8166802369312751,0.6211520693053557,6.0,0,7.996199999999999,6.0,inf
749,3,-1.663084623722861,-1.8166802369312751,0.6211520693053557,6.0,0,7.996199999999999,6.0,inf
749,4,-1.663084623722861,-1.8166802369312751,0.6211520693053557,6.0,0,7.996199999999999,6.0,inf
749,5,-1.663084623722861,-1.8166802369312751,0.6211520693053557,6.0,0,7.996199999999999,6.0,inf
750,0,1.5035158783073397,1.6180503080198614,-0.49898874730275306,1.251,1,1.251,6.0,inf
750,1,1.5035158783073397,1.6180503080198614,-0.49898874730275306,1.251,1,1.251,6.0,inf
750,2,1.5035158783073397,1.6180503080198614,-0.49898874730275306,1.251,1,1.251,6.0,inf
750,3,1.5035158783073397,1.6180503080198614,-0.49898874730275306,1.251,1,1.251,6.0,inf
750,4,1.5035158783073397,1.6180503080198614,-0.49898874730275306,1.251,1,1.251,6.0,inf
750,5,1.5035158783073397,1.6180503080198614,-0.49898874730275306,1.251,1,1.251,6.0,inf
751,0,-1.8652436458214257,-0.5413761869129162,-0.5955789803132641,6.0,0,8.0001,6.0,inf
751,1,-1.8652436458214257,-0.5413761869129162,-0.5955789803132641,6.0,0,8.0001,6.0,inf
751,2,-1.8652436458214257,-0.5413761869129162,-0.5955789803132641,6.0,0,8.0001,6.0,inf
751,3,-1.8652436458214257,-0.5413761869129162,-0.5955789803132641,6.0,0,8.0001,6.0,inf
751,4,-1.8652436458214257,-0.5413761869129162,-0.5955789803132641,6.0,0,8.0001,6.0,inf
751,5,-1.8652436458214257,-0.5413761869129162,-0.5955789803132641,6.0,0,8.0001,6.0,inf
752,0,-0.27745099534926015,-0.2945820814403049,0.5887070920333842,1.3205999999999998,1,1.3205999999999998,6.0,inf
752,1,-0.27745099534926015,-0.2945820814403049,0.5887070920333842,1.3205999999999998,1,1.3205999999999998,6.0,inf
752,2,-0.27745099534926015,-0.2945820814403049,0.5887070920333842,1.3205999999999998,1,1.3205999999999998,6.0,inf
752,3,-0.27745099534926015,-0.2945820814403049,0.5887070920333842,1.3205999999999998,1,1.3205999999999998,6.0,inf
752,4,-0.27745099534926015,-0.2945820814403049,0.5887070920333842,1.3205999999999998,1,1.3205999999999998,6.0,inf
752,5,-0.27745099534926015,-0.2945820814403049,0.5887070920333842,1.3205999999999998,1,1.3205999999999998,6.0,inf
753,0,0.5737808137736294,0.3237393253072552,-0.5976751432215768,0.9365999999999999,1,0.9365999999999999,6.0,inf
753,1,0.5737808137736294,0.3237393253072552,-0.5976751432215768,0.9365999999999999,1,0.9365999999999999,6.0,inf
753,2,0.5737808137736294,0.3237393253072552,-0.5976751432215768,0.9365999999999999,1,0.9365999999999999,6.0,inf
753,3,0.5737808137736294,0.3237393253072552,-0.5976751432215768,0.9365999999999999,1,0.9365999999999999,6.0,inf
753,4,0.5737808137736294,0.3237393253072552,-0.5976751432215768,0.9365999999999999,1,0.9365999999999999,6.0,inf
753,5,0.5737808137736294,0.3237393253072552,-0.5976751432215768,0.9365999999999999,1,0.9365999999999999,6.0,inf
754,0,-1.101951795353609,1.1766267696029316,1.8576757330531737,1.1076,1,1.1076,6.0,inf
754,1,-1.101951795353609,1.1766267696029316,1.8576757330531737,1.1076,1,1.1076,6.0,inf
754,2,-1.101951795353609,1.1766267696029316,1.8576757330531737,1.1076,1,1.1076,6.0,inf
754,3,-1.101951795353609,1.1766267696029316,1.8576757330531737,1.1076,1,1.1076,6.0,inf
754,4,-1.101951795353609,1.1766267696029316,1.8576757330531737,1.1076,1,1.1076,6.0,inf
754,5,-1.101951795353609,1.1766267696029316,1.8576757330531737,1.1076,1,1.1076,6.0,inf
755,0,-0.38841039212703155,0.2661075559505798,0.39289933203829286,3.1584,1,3.1584,6.0,inf
755,1,-0.38841039212703155,0.2661075559505798,0.39289933203829286,3.1584,1,3.1584,6.0,inf
755,2,-0.38841039212703155,0.2661075559505798,0.39289933203829286,3.1584,1,3.1584,6.0,inf
755,3,-0.38841039212703155,0.2661075559505798,0.39289933203829286,3.1584,1,3.1584,6.0,inf
755,4,-0.38841039212703155,0.2661075559505798,0.39289933203829286,3.1584,1,3.1584,6.0,inf
755,5,-0.38841039212703155,0.2661075559505798,0.39289933203829286,3.1584,1,3.1584,6.0,inf
756,0,0.11354475803225061,0.6906162281140561,-0.246613925152515,0.4422,1,0.4422,6.0,inf
756,1,0.11354475803225061,0.6906162281140561,-0.246613925152515,0.4422,1,0.4422,6.0,inf
756,2,0.11354475803225061,0.6906162281140561,-0.246613925152515,0.4422,1,0.4422,6.0,inf
756,3,0.11354475803225061,0.6906162281140561,-0.246613925152515,0.4422,1,0.4422,6.0,inf
756,4,0.11354475803225061,0.6906162281140561,-0.246613925152515,0.4422,1,0.4422,6.0,inf
756,5,0.11354475803225061,0.6906162281140561,-0.246613925152515,0.4422,1,0.4422,6.0,inf
757,0,1.0232333436291015,0.7658001119307831,-0.6962851150185311,2.1620999999999997,1,2.1620999999999997,6.0,inf
757,1,1.0232333436291015,0.7658001119307831,-0.6962851150185311,2.1620999999999997,1,2.1620999999999997,6.0,inf
757,2,1.0232333436291015,0.7658001119307831,-0.6962851150185311,2.1620999999999997,1,2.1620999999999997,6.0,inf
757,3,1.0232333436291015,0.7658001119307831,-0.6962851150185311,2.1620999999999997,1,2.1620999999999997,6.0,inf
757,4,1.0232333436291015,0.7658001119307831,-0.6962851150185311,2.1620999999999997,1,2.1620999999999997,6.0,inf
757,5,1.0232333436291015,0.7658001119307831,-0.6962851150185311,2.1620999999999997,1,2.1620999999999997,6.0,inf
758,0,0.26293023862035564,1.2036829936704367,0.6665734577423973,1.7027999999999999,1,1.7027999999999999,6.0,inf
758,1,0.26293023862035564,1.2036829936704367,0.6665734577423973,1.7027999999999999,1,1.7027999999999999,6.0,inf
758,2,0.26293023862035564,1.2036829936704367,0.6665734577423973,1.7027999999999999,1,1.7027999999999999,6.0,inf
758,3,0.26293023862035564,1.2036829936704367,0.6665734577423973,1.7027999999999999,1,1.7027999999999999,6.0,inf
758,4,0.26293023862035564,1.2036829936704367,0.6665734577423973,1.7027999999999999,1,1.7027999999999999,6.0,inf
758,5,0.26293023862035564,1.2036829936704367,0.6665734577423973,1.7027999999999999,1,1.7027999999999999,6.0,inf
759,0,0.26847976177360156,1.7825167577542491,0.08016767668315172,1.8224999999999998,1,1.8224999999999998,6.0,inf
759,1,0.26847976177360156,1.7825167577542491,0.08016767668315172,1.8224999999999998,1,1.8224999999999998,6.0,inf
759,2,0.26847976177360156,1.7825167577542491,0.08016767668315172,1.8224999999999998,1,1.8224999999999998,6.0,inf
759,3,0.26847976177360156,1.7825167577542491,0.08016767668315172,1.8224999999999998,1,1.8224999999999998,6.0,inf
759,4,0.26847976177360156,1.7825167577542491,0.08016767668315172,1.8224999999999998,1,1.8224999999999998,6.0,inf
759,5,0.26847976177360156,1.7825167577542491,0.08016767668315172,1.8224999999999998,1,1.8224999999999998,6.0,inf
760,0,0.4096822594812802,-0.929159530428853,-1.436539489901512,5.2203,1,5.2203,6.0,inf
760,1,0.4096822594812802,-0.929159530428853,-1.436539489901512,5.2203,1,5.2203,6.0,inf
760,2,0.4096822594812802,-0.929159530428853,-1.436539489901512,5.2203,1,5.2203,6.0,inf
760,3,0.4096822594812802,-0.929159530428853,-1.436539489901512,5.2203,1,5.2203,6.0,inf
760,4,0.4096822594812802,-0.929159530428853,-1.436539489901512,5.2203,1,5.2203,6.0,inf
760,5,0.4096822594812802,-0.929159530428853,-1.436539489901512,5.2203,1,5.2203,6.0,inf
761,0,-0.30760413382897245,0.9471860705796346,0.8697595152427353,1.1148,1,1.1148,6.0,inf
761,1,-0.30760413382897245,0.9471860705796346,0.8697595152427353,1.1148,1,1.1148,6.0,inf
761,2,-0.30760413382897245,0.9471860705796346,0.8697595152427353,1.1148,1,1.1148,6.0,inf
761,3,-0.30760413382897245,0.9471860705796346,0.8697595152427353,1.1148,1,1.1148,6.0,inf
761,4,-0.30760413382897245,0.9471860705796346,0.8697595152427353,1.1148,1,1.1148,6.0,inf
761,5,-0.30760413382897245,0.9471860705796346,0.8697595152427353,1.1148,1,1.1148,6.0,inf
762,0,1.1714145239133127,2.2290757907188823,0.6683850725183628,0.7563,1,0.7563,6.0,inf
762,1,1.1714145239133127,2.2290757907188823,0.6683850725183628,0.7563,1,0.7563,6.0,inf
762,2,1.1714145239133127,2.2290757907188823,0.6683850725183628,0.7563,1,0.7563,6.0,inf
762,3,1.1714145239133127,2.2290757907188823,0.6683850725183628,0.7563,1,0.7563,6.0,inf
762,4,1.1714145239133127,2.2290757907188823,0.6683850725183628,0.7563,1,0.7563,6.0,inf
762,5,1.1714145239133127,2.2290757907188823,0.6683850725183628,0.7563,1,0.7563,6.0,inf
763,0,-1.8920334649861987,-0.6951925335260203,0.47386700627063183,6.0,0,8.0001,6.0,inf
763,1,-1.8920334649861987,-0.6951925335260203,0.47386700627063183,6.0,0,8.0001,6.0,inf
763,2,-1.8920334649861987,-0.6951925335260203,0.47386700627063183,6.0,0,8.0001,6.0,inf
763,3,-1.8920334649861987,-0.6951925335260203,0.47386700627063183,6.0,0,8.0001,6.0,inf
763,4,-1.8920334649861987,-0.6951925335260203,0.47386700627063183,6.0,0,8.0001,6.0,inf
763,5,-1.8920334649861987,-0.6951925335260203,0.47386700627063183,6.0,0,8.0001,6.0,inf
764,0,-1.2341555596974987,1.1933012436774622,0.8168656283241,1.4027999999999998,1,1.4027999999999998,6.0,inf
764,1,-1.2341555596974987,1.1933012436774622,0.8168656283241,1.4027999999999998,1,1.4027999999999998,6.0,inf
764,2,-1.2341555596974987,1.1933012436774622,0.8168656283241,1.4027999999999998,1,1.4027999999999998,6.0,inf
764,3,-1.2341555596974987,1.1933012436774622,0.8168656283241,1.4027999999999998,1,1.4027999999999998,6.0,inf
764,4,-1.2341555596974987,1.1933012436774622,0.8168656283241,1.4027999999999998,1,1.4027999999999998,6.0,inf
764,5,-1.2341555596974987,1.1933012436774622,0.8168656283241,1.4027999999999998,1,1.4027999999999998,6.0,inf
765,0,-1.6016239286774783,0.1341964499824965,-0.7252812822494056,1.9929,1,1.9929,6.0,inf
765,1,-1.6016239286774783,0.1341964499824965,-0.7252812822494056,1.9929,1,1.9929,6.0,inf
765,2,-1.6016239286774783,0.1341964499824965,-0.7252812822494056,1.9929,1,1.9929,6.0,inf
765,3,-1.6016239286774783,0.1341964499824965,-0.7252812822494056,1.9929,1,1.9929,6.0,inf
765,4,-1.6016239286774783,0.1341964499824965,-0.7252812822494056,1.9929,1,1.9929,6.0,inf
765,5,-1.6016239286774783,0.1341964499824965,-0.7252812822494056,1.9929,1,1.9929,6.0,inf
766,0,-1.6626970013308224,-1.4491463897492345,0.05097326521567947,6.0,0,8.0001,6.0,inf
766,1,-1.6626970013308224,-1.4491463897492345,0.05097326521567947,6.0,0,8.0001,6.0,inf
766,2,-1.6626970013308224,-1.4491463897492345,0.05097326521567947,6.0,0,8.0001,6.0,inf
766,3,-1.6626970013308224,-1.4491463897492345,0.05097326521567947,6.0,0,8.0001,6.0,inf
766,4,-1.6626970013308224,-1.4491463897492345,0.05097326521567947,6.0,0,8.0001,6.0,inf
766,5,-1.6626970013308224,-1.4491463897492345,0.05097326521567947,6.0,0,8.0001,6.0,inf
767,0,-2.0316644086618245,0.6346229136355269,-0.6753619455115843,4.704,1,4.704,6.0,inf
767,1,-2.0316644086618245,0.6346229136355269,-0.6753619455115843,4.704,1,4.704,6.0,inf
767,2,-2.0316644086618245,0.6346229136355269,-0.6753619455115843,4.704,1,4.704,6.0,inf
767,3,-2.0316644086618245,0.6346229136355269,-0.6753619455115843,4.704,1,4.704,6.0,inf
767,4,-2.0316644086618245,0.6346229136355269,-0.6753619455115843,4.704,1,4.704,6.0,inf
767,5,-2.0316644086618245,0.6346229136355269,-0.6753619455115843,4.704,1,4.704,6.0,inf
768,0,1.385112271955468,-2.0587003700657975,-0.04157830170199331,2.5584,1,2.5584,6.0,inf
768,1,1.385112271955468,-2.0587003700657975,-0.04157830170199331,2.5584,1,2.5584,6.0,inf
768,2,1.385112271955468,-2.0587003700657975,-0.04157830170199331,2.5584,1,2.5584,6.0,inf
768,3,1.385112271955468,-2.0587003700657975,-0.04157830170199331,2.5584,1,2.5584,6.0,inf
768,4,1.385112271955468,-2.0587003700657975,-0.04157830170199331,2.5584,1,2.5584,6.0,inf
768,5,1.385112271955468,-2.0587003700657975,-0.04157830170199331,2.5584,1,2.5584,6.0,inf
769,0,-0.6678442926394225,1.8981064288599572,-1.389137791147454,3.8351999999999995,1,3.8351999999999995,6.0,inf
769,1,-0.6678442926394225,1.8981064288599572,-1.389137791147454,3.8351999999999995,1,3.8351999999999995,6.0,inf
769,2,-0.6678442926394225,1.8981064288599572,-1.389137791147454,3.8351999999999995,1,3.8351999999999995,6.0,inf
769,3,-0.6678442926394225,1.8981064288599572,-1.389137791147454,3.8351999999999995,1,3.8351999999999995,6.0,inf
769,4,-0.6678442926394225,1.8981064288599572,-1.389137791147454,3.8351999999999995,1,3.8351999999999995,6.0,inf
769,5,-0.6678442926394225,1.8981064288599572,-1.389137791147454,3.8351999999999995,1,3.8351999999999995,6.0,inf
770,0,-0.4585178448547251,0.1695694052599351,0.22912031569618674,2.7611999999999997,1,2.7611999999999997,6.0,inf
770,1,-0.4585178448547251,0.1695694052599351,0.22912031569618674,2.7611999999999997,1,2.7611999999999997,6.0,inf
770,2,-0.4585178448547251,0.1695694052599351,0.22912031569618674,2.7611999999999997,1,2.7611999999999997,6.0,inf
770,3,-0.4585178448547251,0.1695694052599351,0.22912031569618674,2.7611999999999997,1,2.7611999999999997,6.0,inf
770,4,-0.4585178448547251,0.1695694052599351,0.22912031569618674,2.7611999999999997,1,2.7611999999999997,6.0,inf
770,5,-0.4585178448547251,0.1695694052599351,0.22912031569618674,2.7611999999999997,1,2.7611999999999997,6.0,inf
771,0,1.6850009600460134,1.3504435981067484,-0.4875515415447152,0.9075,1,0.9075,6.0,inf
771,1,1.6850009600460134,1.3504435981067484,-0.4875515415447152,0.9075,1,0.9075,6.0,inf
771,2,1.6850009600460134,1.3504435981067484,-0.4875515415447152,0.9075,1,0.9075,6.0,inf
771,3,1.6850009600460134,1.3504435981067484,-0.4875515415447152,0.9075,1,0.9075,6.0,inf
771,4,1.6850009600460134,1.3504435981067484,-0.4875515415447152,0.9075,1,0.9075,6.0,inf
771,5,1.6850009600460134,1.3504435981067484,-0.4875515415447152,0.9075,1,0.9075,6.0,inf
772,0,-1.46512685681432,-0.22091218911635405,0.6671313525600993,4.4258999999999995,1,4.4258999999999995,6.0,inf
772,1,-1.46512685681432,-0.22091218911635405,0.6671313525600993,4.4258999999999995,1,4.4258999999999995,6.0,inf
772,2,-1.46512685681432,-0.22091218911635405,0.6671313525600993,4.4258999999999995,1,4.4258999999999995,6.0,inf
772,3,-1.46512685681432,-0.22091218911635405,0.6671313525600993,4.4258999999999995,1,4.4258999999999995,6.0,inf
772,4,-1.46512685681432,-0.22091218911635405,0.6671313525600993,4.4258999999999995,1,4.4258999999999995,6.0,inf
772,5,-1.46512685681432,-0.22091218911635405,0.6671313525600993,4.4258999999999995,1,4.4258999999999995,6.0,inf
773,0,0.5817603318721568,1.1120115535319588,0.1261661730791761,0.8861999999999999,1,0.8861999999999999,6.0,inf
773,1,0.5817603318721568,1.1120115535319588,0.1261661730791761,0.8861999999999999,1,0.8861999999999999,6.0,inf
773,2,0.5817603318721568,1.1120115535319588,0.1261661730791761,0.8861999999999999,1,0.8861999999999999,6.0,inf
773,3,0.5817603318721568,1.1120115535319588,0.1261661730791761,0.8861999999999999,1,0.8861999999999999,6.0,inf
773,4,0.5817603318721568,1.1120115535319588,0.1261661730791761,0.8861999999999999,1,0.8861999999999999,6.0,inf
773,5,0.5817603318721568,1.1120115535319588,0.1261661730791761,0.8861999999999999,1,0.8861999999999999,6.0,inf
774,0,0.4516015413981513,0.06128746467358027,0.7296522176848113,1.2437999999999998,1,1.2437999999999998,6.0,inf
774,1,0.4516015413981513,0.06128746467358027,0.7296522176848113,1.2437999999999998,1,1.2437999999999998,6.0,inf
774,2,0.4516015413981513,0.06128746467358027,0.7296522176848113,1.2437999999999998,1,1.2437999999999998,6.0,inf
774,3,0.4516015413981513,0.06128746467358027,0.7296522176848113,1.2437999999999998,1,1.2437999999999998,6.0,inf
774,4,0.4516015413981513,0.06128746467358027,0.7296522176848113,1.2437999999999998,1,1.2437999999999998,6.0,inf
774,5,0.4516015413981513,0.06128746467358027,0.7296522176848113,1.2437999999999998,1,1.2437999999999998,6.0,inf
775,0,-0.4532681606860046,-0.20780459851648342,-1.1212143794722498,5.6286,1,5.6286,6.0,inf
775,1,-0.4532681606860046,-0.20780459851648342,-1.1212143794722498,5.6286,1,5.6286,6.0,inf
775,2,-0.4532681606860046,-0.20780459851648342,-1.1212143794722498,5.6286,1,5.6286,6.0,inf
775,3,-0.4532681606860046,-0.20780459851648342,-1.1212143794722498,5.6286,1,5.6286,6.0,inf
775,4,-0.4532681606860046,-0.20780459851648342,-1.1212143794722498,5.6286,1,5.6286,6.0,inf
775,5,-0.4532681606860046,-0.20780459851648342,-1.1212143794722498,5.6286,1,5.6286,6.0,inf
776,0,1.2874936946994122,1.1628044695330155,-1.0079158798011962,2.2946999999999997,1,2.2946999999999997,6.0,inf
776,1,1.2874936946994122,1.1628044695330155,-1.0079158798011962,2.2946999999999997,1,2.2946999999999997,6.0,inf
776,2,1.2874936946994122,1.1628044695330155,-1.0079158798011962,2.2946999999999997,1,2.2946999999999997,6.0,inf
776,3,1.2874936946994122,1.1628044695330155,-1.0079158798011962,2.2946999999999997,1,2.2946999999999997,6.0,inf
776,4,1.2874936946994122,1.1628044695330155,-1.0079158798011962,2.2946999999999997,1,2.2946999999999997,6.0,inf
776,5,1.2874936946994122,1.1628044695330155,-1.0079158798011962,2.2946999999999997,1,2.2946999999999997,6.0,inf
777,0,0.11900484124528167,1.1565244381017703,-2.312342201282735,3.1401,1,3.1401,6.0,inf
777,1,0.11900484124528167,1.1565244381017703,-2.312342201282735,3.1401,1,3.1401,6.0,inf
777,2,0.11900484124528167,1.1565244381017703,-2.312342201282735,3.1401,1,3.1401,6.0,inf
777,3,0.11900484124528167,1.1565244381017703,-2.312342201282735,3.1401,1,3.1401,6.0,inf
777,4,0.11900484124528167,1.1565244381017703,-2.312342201282735,3.1401,1,3.1401,6.0,inf
777,5,0.11900484124528167,1.1565244381017703,-2.312342201282735,3.1401,1,3.1401,6.0,inf
778,0,0.5011761059722648,-1.0089960429371092,0.3225012595677901,2.1096,1,2.1096,6.0,inf
778,1,0.5011761059722648,-1.0089960429371092,0.3225012595677901,2.1096,1,2.1096,6.0,inf
778,2,0.5011761059722648,-1.0089960429371092,0.3225012595677901,2.1096,1,2.1096,6.0,inf
778,3,0.5011761059722648,-1.0089960429371092,0.3225012595677901,2.1096,1,2.1096,6.0,inf
778,4,0.5011761059722648,-1.0089960429371092,0.3225012595677901,2.1096,1,2.1096,6.0,inf
778,5,0.5011761059722648,-1.0089960429371092,0.3225012595677901,2.1096,1,2.1096,6.0,inf
779,0,0.8689609540866816,-0.0541244434355607,0.417966217493152,1.7318999999999998,1,1.7318999999999998,6.0,inf
779,1,0.8689609540866816,-0.0541244434355607,0.417966217493152,1.7318999999999998,1,1.7318999999999998,6.0,inf
779,2,0.8689609540866816,-0.0541244434355607,0.417966217493152,1.7318999999999998,1,1.7318999999999998,6.0,inf
779,3,0.8689609540866816,-0.0541244434355607,0.417966217493152,1.7318999999999998,1,1.7318999999999998,6.0,inf
779,4,0.8689609540866816,-0.0541244434355607,0.417966217493152,1.7318999999999998,1,1.7318999999999998,6.0,inf
779,5,0.8689609540866816,-0.0541244434355607,0.417966217493152,1.7318999999999998,1,1.7318999999999998,6.0,inf
780,0,0.6216463511384515,-1.2904812045863059,-0.6744567460441895,3.6611999999999996,1,3.6611999999999996,6.0,inf
780,1,0.6216463511384515,-1.2904812045863059,-0.6744567460441895,3.6611999999999996,1,3.6611999999999996,6.0,inf
780,2,0.6216463511384515,-1.2904812045863059,-0.6744567460441895,3.6611999999999996,1,3.6611999999999996,6.0,inf
780,3,0.6216463511384515,-1.2904812045863059,-0.6744567460441895,3.6611999999999996,1,3.6611999999999996,6.0,inf
780,4,0.6216463511384515,-1.2904812045863059,-0.6744567460441895,3.6611999999999996,1,3.6611999999999996,6.0,inf
780,5,0.6216463511384515,-1.2904812045863059,-0.6744567460441895,3.6611999999999996,1,3.6611999999999996,6.0,inf
781,0,-0.37009620268623,-0.26806558353129584,-0.0742965855030244,1.0700999999999998,1,1.0700999999999998,6.0,inf
781,1,-0.37009620268623,-0.26806558353129584,-0.0742965855030244,1.0700999999999998,1,1.0700999999999998,6.0,inf
781,2,-0.37009620268623,-0.26806558353129584,-0.0742965855030244,1.0700999999999998,1,1.0700999999999998,6.0,inf
781,3,-0.37009620268623,-0.26806558353129584,-0.0742965855030244,1.0700999999999998,1,1.0700999999999998,6.0,inf
781,4,-0.37009620268623,-0.26806558353129584,-0.0742965855030244,1.0700999999999998,1,1.0700999999999998,6.0,inf
781,5,-0.37009620268623,-0.26806558353129584,-0.0742965855030244,1.0700999999999998,1,1.0700999999999998,6.0,inf
782,0,-0.6181040136548597,-0.1140554168431982,-1.2308786109046763,6.0,0,8.0001,6.0,inf
782,1,-0.6181040136548597,-0.1140554168431982,-1.2308786109046763,6.0,0,8.0001,6.0,inf
782,2,-0.6181040136548597,-0.1140554168431982,-1.2308786109046763,6.0,0,8.0001,6.0,inf
782,3,-0.6181040136548597,-0.1140554168431982,-1.2308786109046763,6.0,0,8.0001,6.0,inf
782,4,-0.6181040136548597,-0.1140554168431982,-1.2308786109046763,6.0,0,8.0001,6.0,inf
782,5,-0.6181040136548597,-0.1140554168431982,-1.2308786109046763,6.0,0,8.0001,6.0,inf
783,0,1.5919125996631764,0.5366816826788817,-1.3097975497888004,2.8505999999999996,1,2.8505999999999996,6.0,inf
783,1,1.5919125996631764,0.5366816826788817,-1.3097975497888004,2.8505999999999996,1,2.8505999999999996,6.0,inf
783,2,1.5919125996631764,0.5366816826788817,-1.3097975497888004,2.8505999999999996,1,2.8505999999999996,6.0,inf
783,3,1.5919125996631764,0.5366816826788817,-1.3097975497888004,2.8505999999999996,1,2.8505999999999996,6.0,inf
783,4,1.5919125996631764,0.5366816826788817,-1.3097975497888004,2.8505999999999996,1,2.8505999999999996,6.0,inf
783,5,1.5919125996631764,0.5366816826788817,-1.3097975497888004,2.8505999999999996,1,2.8505999999999996,6.0,inf
784,0,1.038666940652118,-0.3615052382809258,0.9091069852222737,1.6944,1,1.6944,6.0,inf
784,1,1.038666940652118,-0.3615052382809258,0.9091069852222737,1.6944,1,1.6944,6.0,inf
784,2,1.038666940652118,-0.3615052382809258,0.9091069852222737,1.6944,1,1.6944,6.0,inf
784,3,1.038666940652118,-0.3615052382809258,0.9091069852222737,1.6944,1,1.6944,6.0,inf
784,4,1.038666940652118,-0.3615052382809258,0.9091069852222737,1.6944,1,1.6944,6.0,inf
784,5,1.038666940652118,-0.3615052382809258,0.9091069852222737,1.6944,1,1.6944,6.0,inf
785,0,-0.30810455591053265,-0.8662311907690565,-1.1484474893706342,6.0,0,7.385699999999999,6.0,inf
785,1,-0.30810455591053265,-0.8662311907690565,-1.1484474893706342,6.0,0,7.385699999999999,6.0,inf
785,2,-0.30810455591053265,-0.8662311907690565,-1.1484474893706342,6.0,0,7.385699999999999,6.0,inf
785,3,-0.30810455591053265,-0.8662311907690565,-1.1484474893706342,6.0,0,7.385699999999999,6.0,inf
785,4,-0.30810455591053265,-0.8662311907690565,-1.1484474893706342,6.0,0,7.385699999999999,6.0,inf
785,5,-0.30810455591053265,-0.8662311907690565,-1.1484474893706342,6.0,0,7.385699999999999,6.0,inf
786,0,0.6302402669647134,1.4003666483893136,-0.1027745677477434,0.5462999999999999,1,0.5462999999999999,6.0,inf
786,1,0.6302402669647134,1.4003666483893136,-0.1027745677477434,0.5462999999999999,1,0.5462999999999999,6.0,inf
786,2,0.6302402669647134,1.4003666483893136,-0.1027745677477434,0.5462999999999999,1,0.5462999999999999,6.0,inf
786,3,0.6302402669647134,1.4003666483893136,-0.1027745677477434,0.5462999999999999,1,0.5462999999999999,6.0,inf
786,4,0.6302402669647134,1.4003666483893136,-0.1027745677477434,0.5462999999999999,1,0.5462999999999999,6.0,inf
786,5,0.6302402669647134,1.4003666483893136,-0.1027745677477434,0.5462999999999999,1,0.5462999999999999,6.0,inf
787,0,-1.444930391107767,-0.8401215459782351,0.18186196351705505,6.0,0,7.773299999999999,6.0,inf
787,1,-1.444930391107767,-0.8401215459782351,0.18186196351705505,6.0,0,7.773299999999999,6.0,inf
787,2,-1.444930391107767,-0.8401215459782351,0.18186196351705505,6.0,0,7.773299999999999,6.0,inf
787,3,-1.444930391107767,-0.8401215459782351,0.18186196351705505,6.0,0,7.773299999999999,6.0,inf
787,4,-1.444930391107767,-0.8401215459782351,0.18186196351705505,6.0,0,7.773299999999999,6.0,inf
787,5,-1.444930391107767,-0.8401215459782351,0.18186196351705505,6.0,0,7.773299999999999,6.0,inf
788,0,-1.5000566479173547,-0.40478678281101294,-1.5958163148249966,4.008299999999999,1,4.008299999999999,6.0,inf
788,1,-1.5000566479173547,-0.40478678281101294,-1.5958163148249966,4.008299999999999,1,4.008299999999999,6.0,inf
788,2,-1.5000566479173547,-0.40478678281101294,-1.5958163148249966,4.008299999999999,1,4.008299999999999,6.0,inf
788,3,-1.5000566479173547,-0.40478678281101294,-1.5958163148249966,4.008299999999999,1,4.008299999999999,6.0,inf
788,4,-1.5000566479173547,-0.40478678281101294,-1.5958163148249966,4.008299999999999,1,4.008299999999999,6.0,inf
788,5,-1.5000566479173547,-0.40478678281101294,-1.5958163148249966,4.008299999999999,1,4.008299999999999,6.0,inf
789,0,-1.4410280676152962,-0.7548314267544586,-2.0465548138642364,6.0,0,8.0001,6.0,inf
789,1,-1.4410280676152962,-0.7548314267544586,-2.0465548138642364,6.0,0,8.0001,6.0,inf
789,2,-1.4410280676152962,-0.7548314267544586,-2.0465548138642364,6.0,0,8.0001,6.0,inf
789,3,-1.4410280676152962,-0.7548314267544586,-2.0465548138642364,6.0,0,8.0001,6.0,inf
789,4,-1.4410280676152962,-0.7548314267544586,-2.0465548138642364,6.0,0,8.0001,6.0,inf
789,5,-1.4410280676152962,-0.7548314267544586,-2.0465548138642364,6.0,0,8.0001,6.0,inf
790,0,-0.5312312064283189,0.5575470137294126,-1.2530846929134316,4.6902,1,4.6902,6.0,inf
790,1,-0.5312312064283189,0.5575470137294126,-1.2530846929134316,4.6902,1,4.6902,6.0,inf
790,2,-0.5312312064283189,0.5575470137294126,-1.2530846929134316,4.6902,1,4.6902,6.0,inf
790,3,-0.5312312064283189,0.5575470137294126,-1.2530846929134316,4.6902,1,4.6902,6.0,inf
790,4,-0.5312312064283189,0.5575470137294126,-1.2530846929134316,4.6902,1,4.6902,6.0,inf
790,5,-0.5312312064283189,0.5575470137294126,-1.2530846929134316,4.6902,1,4.6902,6.0,inf
791,0,-0.7049718876595898,-1.4679029187646133,0.09445611353103824,6.0,0,6.049499999999999,6.0,inf
791,1,-0.7049718876595898,-1.4679029187646133,0.09445611353103824,6.0,0,6.049499999999999,6.0,inf
791,2,-0.7049718876595898,-1.4679029187646133,0.09445611353103824,6.0,0,6.049499999999999,6.0,inf
791,3,-0.7049718876595898,-1.4679029187646133,0.09445611353103824,6.0,0,6.049499999999999,6.0,inf
791,4,-0.7049718876595898,-1.4679029187646133,0.09445611353103824,6.0,0,6.049499999999999,6.0,inf
791,5,-0.7049718876595898,-1.4679029187646133,0.09445611353103824,6.0,0,6.049499999999999,6.0,inf
792,0,0.05503938900588589,-0.355494880565837,-0.47658790198978157,3.0879,1,3.0879,6.0,inf
792,1,0.05503938900588589,-0.355494880565837,-0.47658790198978157,3.0879,1,3.0879,6.0,inf
792,2,0.05503938900588589,-0.355494880565837,-0.47658790198978157,3.0879,1,3.0879,6.0,inf
792,3,0.05503938900588589,-0.355494880565837,-0.47658790198978157,3.0879,1,3.0879,6.0,inf
792,4,0.05503938900588589,-0.355494880565837,-0.47658790198978157,3.0879,1,3.0879,6.0,inf
792,5,0.05503938900588589,-0.355494880565837,-0.47658790198978157,3.0879,1,3.0879,6.0,inf
793,0,1.8173471679828073,-0.41232524298424683,1.0747791388476888,1.4588999999999999,1,1.4588999999999999,6.0,inf
793,1,1.8173471679828073,-0.41232524298424683,1.0747791388476888,1.4588999999999999,1,1.4588999999999999,6.0,inf
793,2,1.8173471679828073,-0.41232524298424683,1.0747791388476888,1.4588999999999999,1,1.4588999999999999,6.0,inf
793,3,1.8173471679828073,-0.41232524298424683,1.0747791388476888,1.4588999999999999,1,1.4588999999999999,6.0,inf
793,4,1.8173471679828073,-0.41232524298424683,1.0747791388476888,1.4588999999999999,1,1.4588999999999999,6.0,inf
793,5,1.8173471679828073,-0.41232524298424683,1.0747791388476888,1.4588999999999999,1,1.4588999999999999,6.0,inf
794,0,2.7861735647728416,0.9147131389349459,2.181355780974018,1.0026,1,1.0026,6.0,inf
794,1,2.7861735647728416,0.9147131389349459,2.181355780974018,1.0026,1,1.0026,6.0,inf
794,2,2.7861735647728416,0.9147131389349459,2.181355780974018,1.0026,1,1.0026,6.0,inf
794,3,2.7861735647728416,0.9147131389349459,2.181355780974018,1.0026,1,1.0026,6.0,inf
794,4,2.7861735647728416,0.9147131389349459,2.181355780974018,1.0026,1,1.0026,6.0,inf
794,5,2.7861735647728416,0.9147131389349459,2.181355780974018,1.0026,1,1.0026,6.0,inf
795,0,1.3043769641711704,0.9231704518640373,0.40735137944324706,1.1789999999999998,1,1.1789999999999998,6.0,inf
795,1,1.3043769641711704,0.9231704518640373,0.40735137944324706,1.1789999999999998,1,1.1789999999999998,6.0,inf
795,2,1.3043769641711704,0.9231704518640373,0.40735137944324706,1.1789999999999998,1,1.1789999999999998,6.0,inf
795,3,1.3043769641711704,0.9231704518640373,0.40735137944324706,1.1789999999999998,1,1.1789999999999998,6.0,inf
795,4,1.3043769641711704,0.9231704518640373,0.40735137944324706,1.1789999999999998,1,1.1789999999999998,6.0,inf
795,5,1.3043769641711704,0.9231704518640373,0.40735137944324706,1.1789999999999998,1,1.1789999999999998,6.0,inf
796,0,1.2167459298674825,1.6089428978630271,1.1760764156274945,0.588,1,0.588,6.0,inf
796,1,1.2167459298674825,1.6089428978630271,1.1760764156274945,0.588,1,0.588,6.0,inf
796,2,1.2167459298674825,1.6089428978630271,1.1760764156274945,0.588,1,0.588,6.0,inf
796,3,1.2167459298674825,1.6089428978630271,1.1760764156274945,0.588,1,0.588,6.0,inf
796,4,1.2167459298674825,1.6089428978630271,1.1760764156274945,0.588,1,0.588,6.0,inf
796,5,1.2167459298674825,1.6089428978630271,1.1760764156274945,0.588,1,0.588,6.0,inf
797,0,1.2995002719158633,1.611227644321368,-0.3425037286382627,0.8627999999999999,1,0.8627999999999999,6.0,inf
797,1,1.2995002719158633,1.611227644321368,-0.3425037286382627,0.8627999999999999,1,0.8627999999999999,6.0,inf
797,2,1.2995002719158633,1.611227644321368,-0.3425037286382627,0.8627999999999999,1,0.8627999999999999,6.0,inf
797,3,1.2995002719158633,1.611227644321368,-0.3425037286382627,0.8627999999999999,1,0.8627999999999999,6.0,inf
797,4,1.2995002719158633,1.611227644321368,-0.3425037286382627,0.8627999999999999,1,0.8627999999999999,6.0,inf
797,5,1.2995002719158633,1.611227644321368,-0.3425037286382627,0.8627999999999999,1,0.8627999999999999,6.0,inf
798,0,-0.26510211036912495,0.7019549113723422,-0.1393549146949213,2.2148999999999996,1,2.2148999999999996,6.0,inf
798,1,-0.26510211036912495,0.7019549113723422,-0.1393549146949213,2.2148999999999996,1,2.2148999999999996,6.0,inf
798,2,-0.26510211036912495,0.7019549113723422,-0.1393549146949213,2.2148999999999996,1,2.2148999999999996,6.0,inf
798,3,-0.26510211036912495,0.7019549113723422,-0.1393549146949213,2.2148999999999996,1,2.2148999999999996,6.0,inf
798,4,-0.26510211036912495,0.7019549113723422,-0.1393549146949213,2.2148999999999996,1,2.2148999999999996,6.0,inf
798,5,-0.26510211036912495,0.7019549113723422,-0.1393549146949213,2.2148999999999996,1,2.2148999999999996,6.0,inf
799,0,-0.3425671536642909,-1.1818515479972098,1.187872956385987,2.7878999999999996,1,2.7878999999999996,6.0,inf
799,1,-0.3425671536642909,-1.1818515479972098,1.187872956385987,2.7878999999999996,1,2.7878999999999996,6.0,inf
799,2,-0.3425671536642909,-1.1818515479972098,1.187872956385987,2.7878999999999996,1,2.7878999999999996,6.0,inf
799,3,-0.3425671536642909,-1.1818515479972098,1.187872956385987,2.7878999999999996,1,2.7878999999999996,6.0,inf
799,4,-0.3425671536642909,-1.1818515479972098,1.187872956385987,2.7878999999999996,1,2.7878999999999996,6.0,inf
799,5,-0.3425671536642909,-1.1818515479972098,1.187872956385987,2.7878999999999996,1,2.7878999999999996,6.0,inf
800,0,2.178738398316767,-0.07908413657683716,-0.489294282357491,1.9166999999999998,1,1.9166999999999998,6.0,inf
800,1,2.178738398316767,-0.07908413657683716,-0.489294282357491,1.9166999999999998,1,1.9166999999999998,6.0,inf
800,2,2.178738398316767,-0.07908413657683716,-0.489294282357491,1.9166999999999998,1,1.9166999999999998,6.0,inf
800,3,2.178738398316767,-0.07908413657683716,-0.489294282357491,1.9166999999999998,1,1.9166999999999998,6.0,inf
800,4,2.178738398316767,-0.07908413657683716,-0.489294282357491,1.9166999999999998,1,1.9166999999999998,6.0,inf
800,5,2.178738398316767,-0.07908413657683716,-0.489294282357491,1.9166999999999998,1,1.9166999999999998,6.0,inf
801,0,-0.5152951248371814,-0.26019873744750577,0.8056933640986034,1.9683,1,1.9683,6.0,inf
801,1,-0.5152951248371814,-0.26019873744750577,0.8056933640986034,1.9683,1,1.9683,6.0,inf
801,2,-0.5152951248371814,-0.26019873744750577,0.8056933640986034,1.9683,1,1.9683,6.0,inf
801,3,-0.5152951248371814,-0.26019873744750577,0.8056933640986034,1.9683,1,1.9683,6.0,inf
801,4,-0.5152951248371814,-0.26019873744750577,0.8056933640986034,1.9683,1,1.9683,6.0,inf
801,5,-0.5152951248371814,-0.26019873744750577,0.8056933640986034,1.9683,1,1.9683,6.0,inf
802,0,-0.8480766849335327,0.051462983630134504,0.3691944259172519,4.6761,1,4.6761,6.0,inf
802,1,-0.8480766849335327,0.051462983630134504,0.3691944259172519,4.6761,1,4.6761,6.0,inf
802,2,-0.8480766849335327,0.051462983630134504,0.3691944259172519,4.6761,1,4.6761,6.0,inf
802,3,-0.8480766849335327,0.051462983630134504,0.3691944259172519,4.6761,1,4.6761,6.0,inf
802,4,-0.8480766849335327,0.051462983630134504,0.3691944259172519,4.6761,1,4.6761,6.0,inf
802,5,-0.8480766849335327,0.051462983630134504,0.3691944259172519,4.6761,1,4.6761,6.0,inf
803,0,0.33013168601489135,1.5646798900861434,-0.160162430324728,1.8686999999999998,1,1.8686999999999998,6.0,inf
803,1,0.33013168601489135,1.5646798900861434,-0.160162430324728,1.8686999999999998,1,1.8686999999999998,6.0,inf
803,2,0.33013168601489135,1.5646798900861434,-0.160162430324728,1.8686999999999998,1,1.8686999999999998,6.0,inf
803,3,0.33013168601489135,1.5646798900861434,-0.160162430324728,1.8686999999999998,1,1.8686999999999998,6.0,inf
803,4,0.33013168601489135,1.5646798900861434,-0.160162430324728,1.8686999999999998,1,1.8686999999999998,6.0,inf
803,5,0.33013168601489135,1.5646798900861434,-0.160162430324728,1.8686999999999998,1,1.8686999999999998,6.0,inf
804,0,-0.8561314431588555,-0.818195608795717,0.4191278336731127,5.9697,1,5.9697,6.0,inf
804,1,-0.8561314431588555,-0.818195608795717,0.4191278336731127,5.9697,1,5.9697,6.0,inf
804,2,-0.8561314431588555,-0.818195608795717,0.4191278336731127,5.9697,1,5.9697,6.0,inf
804,3,-0.8561314431588555,-0.818195608795717,0.4191278336731127,5.9697,1,5.9697,6.0,inf
804,4,-0.8561314431588555,-0.818195608795717,0.4191278336731127,5.9697,1,5.9697,6.0,inf
804,5,-0.8561314431588555,-0.818195608795717,0.4191278336731127,5.9697,1,5.9697,6.0,inf
805,0,0.26828673960989213,-0.5023217966939234,-0.5803282221995352,5.003699999999999,1,5.003699999999999,6.0,inf
805,1,0.26828673960989213,-0.5023217966939234,-0.5803282221995352,5.003699999999999,1,5.003699999999999,6.0,inf
805,2,0.26828673960989213,-0.5023217966939234,-0.5803282221995352,5.003699999999999,1,5.003699999999999,6.0,inf
805,3,0.26828673960989213,-0.5023217966939234,-0.5803282221995352,5.003699999999999,1,5.003699999999999,6.0,inf
805,4,0.26828673960989213,-0.5023217966939234,-0.5803282221995352,5.003699999999999,1,5.003699999999999,6.0,inf
805,5,0.26828673960989213,-0.5023217966939234,-0.5803282221995352,5.003699999999999,1,5.003699999999999,6.0,inf
806,0,0.5660921451202755,1.115461523841776,0.7267788261689101,1.0875,1,1.0875,6.0,inf
806,1,0.5660921451202755,1.115461523841776,0.7267788261689101,1.0875,1,1.0875,6.0,inf
806,2,0.5660921451202755,1.115461523841776,0.7267788261689101,1.0875,1,1.0875,6.0,inf
806,3,0.5660921451202755,1.115461523841776,0.7267788261689101,1.0875,1,1.0875,6.0,inf
806,4,0.5660921451202755,1.115461523841776,0.7267788261689101,1.0875,1,1.0875,6.0,inf
806,5,0.5660921451202755,1.115461523841776,0.7267788261689101,1.0875,1,1.0875,6.0,inf
807,0,-0.2815351481321326,-1.1345369701841008,1.0904538443040281,4.1532,1,4.1532,6.0,inf
807,1,-0.2815351481321326,-1.1345369701841008,1.0904538443040281,4.1532,1,4.1532,6.0,inf
807,2,-0.2815351481321326,-1.1345369701841008,1.0904538443040281,4.1532,1,4.1532,6.0,inf
807,3,-0.2815351481321326,-1.1345369701841008,1.0904538443040281,4.1532,1,4.1532,6.0,inf
807,4,-0.2815351481321326,-1.1345369701841008,1.0904538443040281,4.1532,1,4.1532,6.0,inf
807,5,-0.2815351481321326,-1.1345369701841008,1.0904538443040281,4.1532,1,4.1532,6.0,inf
808,0,0.8229133152164473,0.413916710006988,0.8847106894335433,1.4862,1,1.4862,6.0,inf
808,1,0.8229133152164473,0.413916710006988,0.8847106894335433,1.4862,1,1.4862,6.0,inf
808,2,0.8229133152164473,0.413916710006988,0.8847106894335433,1.4862,1,1.4862,6.0,inf
808,3,0.8229133152164473,0.413916710006988,0.8847106894335433,1.4862,1,1.4862,6.0,inf
808,4,0.8229133152164473,0.413916710006988,0.8847106894335433,1.4862,1,1.4862,6.0,inf
808,5,0.8229133152164473,0.413916710006988,0.8847106894335433,1.4862,1,1.4862,6.0,inf
809,0,0.0686050302865246,1.3088652702926002,-0.7909127636501485,0.5693999999999999,1,0.5693999999999999,6.0,inf
809,1,0.0686050302865246,1.3088652702926002,-0.7909127636501485,0.5693999999999999,1,0.5693999999999999,6.0,inf
809,2,0.0686050302865246,1.3088652702926002,-0.7909127636501485,0.5693999999999999,1,0.5693999999999999,6.0,inf
809,3,0.0686050302865246,1.3088652702926002,-0.7909127636501485,0.5693999999999999,1,0.5693999999999999,6.0,inf
809,4,0.0686050302865246,1.3088652702926002,-0.7909127636501485,0.5693999999999999,1,0.5693999999999999,6.0,inf
809,5,0.0686050302865246,1.3088652702926002,-0.7909127636501485,0.5693999999999999,1,0.5693999999999999,6.0,inf
810,0,1.0615403869843236,-0.4811981416495116,-1.3923080590909156,3.1704,1,3.1704,6.0,inf
810,1,1.0615403869843236,-0.4811981416495116,-1.3923080590909156,3.1704,1,3.1704,6.0,inf
810,2,1.0615403869843236,-0.4811981416495116,-1.3923080590909156,3.1704,1,3.1704,6.0,inf
810,3,1.0615403869843236,-0.4811981416495116,-1.3923080590909156,3.1704,1,3.1704,6.0,inf
810,4,1.0615403869843236,-0.4811981416495116,-1.3923080590909156,3.1704,1,3.1704,6.0,inf
810,5,1.0615403869843236,-0.4811981416495116,-1.3923080590909156,3.1704,1,3.1704,6.0,inf
811,0,0.7262032025918862,-0.31462848892481204,-1.8097440432011072,5.0463,1,5.0463,6.0,inf
811,1,0.7262032025918862,-0.31462848892481204,-1.8097440432011072,5.0463,1,5.0463,6.0,inf
811,2,0.7262032025918862,-0.31462848892481204,-1.8097440432011072,5.0463,1,5.0463,6.0,inf
811,3,0.7262032025918862,-0.31462848892481204,-1.8097440432011072,5.0463,1,5.0463,6.0,inf
811,4,0.7262032025918862,-0.31462848892481204,-1.8097440432011072,5.0463,1,5.0463,6.0,inf
811,5,0.7262032025918862,-0.31462848892481204,-1.8097440432011072,5.0463,1,5.0463,6.0,inf
812,0,0.254923255626261,0.6615972229085466,-0.38917467697191727,3.0227999999999997,1,3.0227999999999997,6.0,inf
812,1,0.254923255626261,0.6615972229085466,-0.38917467697191727,3.0227999999999997,1,3.0227999999999997,6.0,inf
812,2,0.254923255626261,0.6615972229085466,-0.38917467697191727,3.0227999999999997,1,3.0227999999999997,6.0,inf
812,3,0.254923255626261,0.6615972229085466,-0.38917467697191727,3.0227999999999997,1,3.0227999999999997,6.0,inf
812,4,0.254923255626261,0.6615972229085466,-0.38917467697191727,3.0227999999999997,1,3.0227999999999997,6.0,inf
812,5,0.254923255626261,0.6615972229085466,-0.38917467697191727,3.0227999999999997,1,3.0227999999999997,6.0,inf
813,0,1.57808715005534,0.09040858869312451,-0.7527190471823285,2.0502,1,2.0502,6.0,inf
813,1,1.57808715005534,0.09040858869312451,-0.7527190471823285,2.0502,1,2.0502,6.0,inf
813,2,1.57808715005534,0.09040858869312451,-0.7527190471823285,2.0502,1,2.0502,6.0,inf
813,3,1.57808715005534,0.09040858869312451,-0.7527190471823285,2.0502,1,2.0502,6.0,inf
813,4,1.57808715005534,0.09040858869312451,-0.7527190471823285,2.0502,1,2.0502,6.0,inf
813,5,1.57808715005534,0.09040858869312451,-0.7527190471823285,2.0502,1,2.0502,6.0,inf
814,0,-1.0005001271318819,0.29198260598430725,0.38519310678522983,1.7706,1,1.7706,6.0,inf
814,1,-1.0005001271318819,0.29198260598430725,0.38519310678522983,1.7706,1,1.7706,6.0,inf
814,2,-1.0005001271318819,0.29198260598430725,0.38519310678522983,1.7706,1,1.7706,6.0,inf
814,3,-1.0005001271318819,0.29198260598430725,0.38519310678522983,1.7706,1,1.7706,6.0,inf
814,4,-1.0005001271318819,0.29198260598430725,0.38519310678522983,1.7706,1,1.7706,6.0,inf
814,5,-1.0005001271318819,0.29198260598430725,0.38519310678522983,1.7706,1,1.7706,6.0,inf
815,0,1.7769356574378175,0.10777504046711779,0.6926255820896381,1.7166,1,1.7166,6.0,inf
815,1,1.7769356574378175,0.10777504046711779,0.6926255820896381,1.7166,1,1.7166,6.0,inf
815,2,1.7769356574378175,0.10777504046711779,0.6926255820896381,1.7166,1,1.7166,6.0,inf
815,3,1.7769356574378175,0.10777504046711779,0.6926255820896381,1.7166,1,1.7166,6.0,inf
815,4,1.7769356574378175,0.10777504046711779,0.6926255820896381,1.7166,1,1.7166,6.0,inf
815,5,1.7769356574378175,0.10777504046711779,0.6926255820896381,1.7166,1,1.7166,6.0,inf
816,0,0.2381431541410023,-0.21849244847535498,1.9165023116867899,1.1363999999999999,1,1.1363999999999999,6.0,inf
816,1,0.2381431541410023,-0.21849244847535498,1.9165023116867899,1.1363999999999999,1,1.1363999999999999,6.0,inf
816,2,0.2381431541410023,-0.21849244847535498,1.9165023116867899,1.1363999999999999,1,1.1363999999999999,6.0,inf
816,3,0.2381431541410023,-0.21849244847535498,1.9165023116867899,1.1363999999999999,1,1.1363999999999999,6.0,inf
816,4,0.2381431541410023,-0.21849244847535498,1.9165023116867899,1.1363999999999999,1,1.1363999999999999,6.0,inf
816,5,0.2381431541410023,-0.21849244847535498,1.9165023116867899,1.1363999999999999,1,1.1363999999999999,6.0,inf
817,0,-0.20224004201366244,-1.8464923696837696,-1.329126819389862,3.9587999999999997,1,3.9587999999999997,6.0,inf
817,1,-0.20224004201366244,-1.8464923696837696,-1.329126819389862,3.9587999999999997,1,3.9587999999999997,6.0,inf
817,2,-0.20224004201366244,-1.8464923696837696,-1.329126819389862,3.9587999999999997,1,3.9587999999999997,6.0,inf
817,3,-0.20224004201366244,-1.8464923696837696,-1.329126819389862,3.9587999999999997,1,3.9587999999999997,6.0,inf
817,4,-0.20224004201366244,-1.8464923696837696,-1.329126819389862,3.9587999999999997,1,3.9587999999999997,6.0,inf
817,5,-0.20224004201366244,-1.8464923696837696,-1.329126819389862,3.9587999999999997,1,3.9587999999999997,6.0,inf
818,0,3.038200806701631,-1.5711760821828282,0.11404344074929187,1.8140999999999998,1,1.8140999999999998,6.0,inf
818,1,3.038200806701631,-1.5711760821828282,0.11404344074929187,1.8140999999999998,1,1.8140999999999998,6.0,inf
818,2,3.038200806701631,-1.5711760821828282,0.11404344074929187,1.8140999999999998,1,1.8140999999999998,6.0,inf
818,3,3.038200806701631,-1.5711760821828282,0.11404344074929187,1.8140999999999998,1,1.8140999999999998,6.0,inf
818,4,3.038200806701631,-1.5711760821828282,0.11404344074929187,1.8140999999999998,1,1.8140999999999998,6.0,inf
818,5,3.038200806701631,-1.5711760821828282,0.11404344074929187,1.8140999999999998,1,1.8140999999999998,6.0,inf
819,0,-0.05529019818140926,-0.5249441098812576,0.44133816113425023,4.840199999999999,1,4.840199999999999,6.0,inf
819,1,-0.05529019818140926,-0.5249441098812576,0.44133816113425023,4.840199999999999,1,4.840199999999999,6.0,inf
819,2,-0.05529019818140926,-0.5249441098812576,0.44133816113425023,4.840199999999999,1,4.840199999999999,6.0,inf
819,3,-0.05529019818140926,-0.5249441098812576,0.44133816113425023,4.840199999999999,1,4.840199999999999,6.0,inf
819,4,-0.05529019818140926,-0.5249441098812576,0.44133816113425023,4.840199999999999,1,4.840199999999999,6.0,inf
819,5,-0.05529019818140926,-0.5249441098812576,0.44133816113425023,4.840199999999999,1,4.840199999999999,6.0,inf
820,0,1.1017812744223072,-0.02202519780043085,0.06184762824943687,2.4398999999999997,1,2.4398999999999997,6.0,inf
820,1,1.1017812744223072,-0.02202519780043085,0.06184762824943687,2.4398999999999997,1,2.4398999999999997,6.0,inf
820,2,1.1017812744223072,-0.02202519780043085,0.06184762824943687,2.4398999999999997,1,2.4398999999999997,6.0,inf
820,3,1.1017812744223072,-0.02202519780043085,0.06184762824943687,2.4398999999999997,1,2.4398999999999997,6.0,inf
820,4,1.1017812744223072,-0.02202519780043085,0.06184762824943687,2.4398999999999997,1,2.4398999999999997,6.0,inf
820,5,1.1017812744223072,-0.02202519780043085,0.06184762824943687,2.4398999999999997,1,2.4398999999999997,6.0,inf
821,0,-1.4841467751544637,1.4874201532008156,-1.2797263079335608,5.1513,1,5.1513,6.0,inf
821,1,-1.4841467751544637,1.4874201532008156,-1.2797263079335608,5.1513,1,5.1513,6.0,inf
821,2,-1.4841467751544637,1.4874201532008156,-1.2797263079335608,5.1513,1,5.1513,6.0,inf
821,3,-1.4841467751544637,1.4874201532008156,-1.2797263079335608,5.1513,1,5.1513,6.0,inf
821,4,-1.4841467751544637,1.4874201532008156,-1.2797263079335608,5.1513,1,5.1513,6.0,inf
821,5,-1.4841467751544637,1.4874201532008156,-1.2797263079335608,5.1513,1,5.1513,6.0,inf
822,0,0.10923540309108158,0.8169578691981272,1.787234778404889,1.1747999999999998,1,1.1747999999999998,6.0,inf
822,1,0.10923540309108158,0.8169578691981272,1.787234778404889,1.1747999999999998,1,1.1747999999999998,6.0,inf
822,2,0.10923540309108158,0.8169578691981272,1.787234778404889,1.1747999999999998,1,1.1747999999999998,6.0,inf
822,3,0.10923540309108158,0.8169578691981272,1.787234778404889,1.1747999999999998,1,1.1747999999999998,6.0,inf
822,4,0.10923540309108158,0.8169578691981272,1.787234778404889,1.1747999999999998,1,1.1747999999999998,6.0,inf
822,5,0.10923540309108158,0.8169578691981272,1.787234778404889,1.1747999999999998,1,1.1747999999999998,6.0,inf
823,0,0.3870104088191512,-0.9646012528783727,1.150720058554684,1.6976999999999998,1,1.6976999999999998,6.0,inf
823,1,0.3870104088191512,-0.9646012528783727,1.150720058554684,1.6976999999999998,1,1.6976999999999998,6.0,inf
823,2,0.3870104088191512,-0.9646012528783727,1.150720058554684,1.6976999999999998,1,1.6976999999999998,6.0,inf
823,3,0.3870104088191512,-0.9646012528783727,1.150720058554684,1.6976999999999998,1,1.6976999999999998,6.0,inf
823,4,0.3870104088191512,-0.9646012528783727,1.150720058554684,1.6976999999999998,1,1.6976999999999998,6.0,inf
823,5,0.3870104088191512,-0.9646012528783727,1.150720058554684,1.6976999999999998,1,1.6976999999999998,6.0,inf
824,0,0.7019915330815452,0.15603717672848777,-0.6654238808083437,2.0985,1,2.0985,6.0,inf
824,1,0.7019915330815452,0.15603717672848777,-0.6654238808083437,2.0985,1,2.0985,6.0,inf
824,2,0.7019915330815452,0.15603717672848777,-0.6654238808083437,2.0985,1,2.0985,6.0,inf
824,3,0.7019915330815452,0.15603717672848777,-0.6654238808083437,2.0985,1,2.0985,6.0,inf
824,4,0.7019915330815452,0.15603717672848777,-0.6654238808083437,2.0985,1,2.0985,6.0,inf
824,5,0.7019915330815452,0.15603717672848777,-0.6654238808083437,2.0985,1,2.0985,6.0,inf
825,0,-1.261199086169082,0.4815196589569628,-0.7074568273513221,6.0,0,8.0001,6.0,inf
825,1,-1.261199086169082,0.4815196589569628,-0.7074568273513221,6.0,0,8.0001,6.0,inf
825,2,-1.261199086169082,0.4815196589569628,-0.7074568273513221,6.0,0,8.0001,6.0,inf
825,3,-1.261199086169082,0.4815196589569628,-0.7074568273513221,6.0,0,8.0001,6.0,inf
825,4,-1.261199086169082,0.4815196589569628,-0.7074568273513221,6.0,0,8.0001,6.0,inf
825,5,-1.261199086169082,0.4815196589569628,-0.7074568273513221,6.0,0,8.0001,6.0,inf
826,0,-2.0726874218578923,-0.5875208843177107,1.601199858487922,4.6128,1,4.6128,6.0,inf
826,1,-2.0726874218578923,-0.5875208843177107,1.601199858487922,4.6128,1,4.6128,6.0,inf
826,2,-2.0726874218578923,-0.5875208843177107,1.601199858487922,4.6128,1,4.6128,6.0,inf
826,3,-2.0726874218578923,-0.5875208843177107,1.601199858487922,4.6128,1,4.6128,6.0,inf
826,4,-2.0726874218578923,-0.5875208843177107,1.601199858487922,4.6128,1,4.6128,6.0,inf
826,5,-2.0726874218578923,-0.5875208843177107,1.601199858487922,4.6128,1,4.6128,6.0,inf
827,0,-0.19365527817314285,-1.0046461005014269,0.7711116794232289,1.8876,1,1.8876,6.0,inf
827,1,-0.19365527817314285,-1.0046461005014269,0.7711116794232289,1.8876,1,1.8876,6.0,inf
827,2,-0.19365527817314285,-1.0046461005014269,0.7711116794232289,1.8876,1,1.8876,6.0,inf
827,3,-0.19365527817314285,-1.0046461005014269,0.7711116794232289,1.8876,1,1.8876,6.0,inf
827,4,-0.19365527817314285,-1.0046461005014269,0.7711116794232289,1.8876,1,1.8876,6.0,inf
827,5,-0.19365527817314285,-1.0046461005014269,0.7711116794232289,1.8876,1,1.8876,6.0,inf
828,0,-0.586373815188657,0.028111065775081243,1.3429864043522228,1.4121,1,1.4121,6.0,inf
828,1,-0.586373815188657,0.028111065775081243,1.3429864043522228,1.4121,1,1.4121,6.0,inf
828,2,-0.586373815188657,0.028111065775081243,1.3429864043522228,1.4121,1,1.4121,6.0,inf
828,3,-0.586373815188657,0.028111065775081243,1.3429864043522228,1.4121,1,1.4121,6.0,inf
828,4,-0.586373815188657,0.028111065775081243,1.3429864043522228,1.4121,1,1.4121,6.0,inf
828,5,-0.586373815188657,0.028111065775081243,1.3429864043522228,1.4121,1,1.4121,6.0,inf
829,0,1.727344602811036,0.04250425670235101,-1.6481509816564726,2.3510999999999997,1,2.3510999999999997,6.0,inf
829,1,1.727344602811036,0.04250425670235101,-1.6481509816564726,2.3510999999999997,1,2.3510999999999997,6.0,inf
829,2,1.727344602811036,0.04250425670235101,-1.6481509816564726,2.3510999999999997,1,2.3510999999999997,6.0,inf
829,3,1.727344602811036,0.04250425670235101,-1.6481509816564726,2.3510999999999997,1,2.3510999999999997,6.0,inf
829,4,1.727344602811036,0.04250425670235101,-1.6481509816564726,2.3510999999999997,1,2.3510999999999997,6.0,inf
829,5,1.727344602811036,0.04250425670235101,-1.6481509816564726,2.3510999999999997,1,2.3510999999999997,6.0,inf
830,0,-1.158591034595995,0.7987757582889065,-0.46789402871482894,6.0,0,8.0001,6.0,inf
830,1,-1.158591034595995,0.7987757582889065,-0.46789402871482894,6.0,0,8.0001,6.0,inf
830,2,-1.158591034595995,0.7987757582889065,-0.46789402871482894,6.0,0,8.0001,6.0,inf
830,3,-1.158591034595995,0.7987757582889065,-0.46789402871482894,6.0,0,8.0001,6.0,inf
830,4,-1.158591034595995,0.7987757582889065,-0.46789402871482894,6.0,0,8.0001,6.0,inf
830,5,-1.158591034595995,0.7987757582889065,-0.46789402871482894,6.0,0,8.0001,6.0,inf
831,0,0.34645266067566893,0.5179892611984225,0.32286305987644404,2.07,1,2.07,6.0,inf
831,1,0.34645266067566893,0.5179892611984225,0.32286305987644404,2.07,1,2.07,6.0,inf
831,2,0.34645266067566893,0.5179892611984225,0.32286305987644404,2.07,1,2.07,6.0,inf
831,3,0.34645266067566893,0.5179892611984225,0.32286305987644404,2.07,1,2.07,6.0,inf
831,4,0.34645266067566893,0.5179892611984225,0.32286305987644404,2.07,1,2.07,6.0,inf
831,5,0.34645266067566893,0.5179892611984225,0.32286305987644404,2.07,1,2.07,6.0,inf
832,0,0.3569837629465935,1.032703154593836,-0.5631032681042699,2.4509999999999996,1,2.4509999999999996,6.0,inf
832,1,0.3569837629465935,1.032703154593836,-0.5631032681042699,2.4509999999999996,1,2.4509999999999996,6.0,inf
832,2,0.3569837629465935,1.032703154593836,-0.5631032681042699,2.4509999999999996,1,2.4509999999999996,6.0,inf
832,3,0.3569837629465935,1.032703154593836,-0.5631032681042699,2.4509999999999996,1,2.4509999999999996,6.0,inf
832,4,0.3569837629465935,1.032703154593836,-0.5631032681042699,2.4509999999999996,1,2.4509999999999996,6.0,inf
832,5,0.3569837629465935,1.032703154593836,-0.5631032681042699,2.4509999999999996,1,2.4509999999999996,6.0,inf
833,0,0.24703935541602204,1.1062682982020218,-0.02128191175619606,1.3716,1,1.3716,6.0,inf
833,1,0.24703935541602204,1.1062682982020218,-0.02128191175619606,1.3716,1,1.3716,6.0,inf
833,2,0.24703935541602204,1.1062682982020218,-0.02128191175619606,1.3716,1,1.3716,6.0,inf
833,3,0.24703935541602204,1.1062682982020218,-0.02128191175619606,1.3716,1,1.3716,6.0,inf
833,4,0.24703935541602204,1.1062682982020218,-0.02128191175619606,1.3716,1,1.3716,6.0,inf
833,5,0.24703935541602204,1.1062682982020218,-0.02128191175619606,1.3716,1,1.3716,6.0,inf
834,0,0.8967691338418237,0.4798190182467607,2.0936946124792057,1.0133999999999999,1,1.0133999999999999,6.0,inf
834,1,0.8967691338418237,0.4798190182467607,2.0936946124792057,1.0133999999999999,1,1.0133999999999999,6.0,inf
834,2,0.8967691338418237,0.4798190182467607,2.0936946124792057,1.0133999999999999,1,1.0133999999999999,6.0,inf
834,3,0.8967691338418237,0.4798190182467607,2.0936946124792057,1.0133999999999999,1,1.0133999999999999,6.0,inf
834,4,0.8967691338418237,0.4798190182467607,2.0936946124792057,1.0133999999999999,1,1.0133999999999999,6.0,inf
834,5,0.8967691338418237,0.4798190182467607,2.0936946124792057,1.0133999999999999,1,1.0133999999999999,6.0,inf
835,0,-0.39726321214983285,-1.5816222040624868,1.7221657131891812,1.6895999999999998,1,1.6895999999999998,6.0,inf
835,1,-0.39726321214983285,-1.5816222040624868,1.7221657131891812,1.6895999999999998,1,1.6895999999999998,6.0,inf
835,2,-0.39726321214983285,-1.5816222040624868,1.7221657131891812,1.6895999999999998,1,1.6895999999999998,6.0,inf
835,3,-0.39726321214983285,-1.5816222040624868,1.7221657131891812,1.6895999999999998,1,1.6895999999999998,6.0,inf
835,4,-0.39726321214983285,-1.5816222040624868,1.7221657131891812,1.6895999999999998,1,1.6895999999999998,6.0,inf
835,5,-0.39726321214983285,-1.5816222040624868,1.7221657131891812,1.6895999999999998,1,1.6895999999999998,6.0,inf
836,0,2.2293869597916838,0.37895379482314645,-0.4695422548630786,0.6141,1,0.6141,6.0,inf
836,1,2.2293869597916838,0.37895379482314645,-0.4695422548630786,0.6141,1,0.6141,6.0,inf
836,2,2.2293869597916838,0.37895379482314645,-0.4695422548630786,0.6141,1,0.6141,6.0,inf
836,3,2.2293869597916838,0.37895379482314645,-0.4695422548630786,0.6141,1,0.6141,6.0,inf
836,4,2.2293869597916838,0.37895379482314645,-0.4695422548630786,0.6141,1,0.6141,6.0,inf
836,5,2.2293869597916838,0.37895379482314645,-0.4695422548630786,0.6141,1,0.6141,6.0,inf
837,0,1.4451799625345247,1.6017054835841251,2.354902330171593,1.0404,1,1.0404,6.0,inf
837,1,1.4451799625345247,1.6017054835841251,2.354902330171593,1.0404,1,1.0404,6.0,inf
837,2,1.4451799625345247,1.6017054835841251,2.354902330171593,1.0404,1,1.0404,6.0,inf
837,3,1.4451799625345247,1.6017054835841251,2.354902330171593,1.0404,1,1.0404,6.0,inf
837,4,1.4451799625345247,1.6017054835841251,2.354902330171593,1.0404,1,1.0404,6.0,inf
837,5,1.4451799625345247,1.6017054835841251,2.354902330171593,1.0404,1,1.0404,6.0,inf
838,0,0.41620188123889856,-1.1665896611115532,0.40282126668415924,3.3446999999999996,1,3.3446999999999996,6.0,inf
838,1,0.41620188123889856,-1.1665896611115532,0.40282126668415924,3.3446999999999996,1,3.3446999999999996,6.0,inf
838,2,0.41620188123889856,-1.1665896611115532,0.40282126668415924,3.3446999999999996,1,3.3446999999999996,6.0,inf
838,3,0.41620188123889856,-1.1665896611115532,0.40282126668415924,3.3446999999999996,1,3.3446999999999996,6.0,inf
838,4,0.41620188123889856,-1.1665896611115532,0.40282126668415924,3.3446999999999996,1,3.3446999999999996,6.0,inf
838,5,0.41620188123889856,-1.1665896611115532,0.40282126668415924,3.3446999999999996,1,3.3446999999999996,6.0,inf
839,0,-0.46075524745462876,-0.6286082692274898,-0.5694421630174523,4.4514,1,4.4514,6.0,inf
839,1,-0.46075524745462876,-0.6286082692274898,-0.5694421630174523,4.4514,1,4.4514,6.0,inf
839,2,-0.46075524745462876,-0.6286082692274898,-0.5694421630174523,4.4514,1,4.4514,6.0,inf
839,3,-0.46075524745462876,-0.6286082692274898,-0.5694421630174523,4.4514,1,4.4514,6.0,inf
839,4,-0.46075524745462876,-0.6286082692274898,-0.5694421630174523,4.4514,1,4.4514,6.0,inf
839,5,-0.46075524745462876,-0.6286082692274898,-0.5694421630174523,4.4514,1,4.4514,6.0,inf
840,0,0.2747109836148048,2.6875548639526734,-1.268727668755529,0.9686999999999999,1,0.9686999999999999,6.0,inf
840,1,0.2747109836148048,2.6875548639526734,-1.268727668755529,0.9686999999999999,1,0.9686999999999999,6.0,inf
840,2,0.2747109836148048,2.6875548639526734,-1.268727668755529,0.9686999999999999,1,0.9686999999999999,6.0,inf
840,3,0.2747109836148048,2.6875548639526734,-1.268727668755529,0.9686999999999999,1,0.9686999999999999,6.0,inf
840,4,0.2747109836148048,2.6875548639526734,-1.268727668755529,0.9686999999999999,1,0.9686999999999999,6.0,inf
840,5,0.2747109836148048,2.6875548639526734,-1.268727668755529,0.9686999999999999,1,0.9686999999999999,6.0,inf
841,0,0.42237937020976946,-0.6199183252115313,0.623123562614635,1.8527999999999998,1,1.8527999999999998,6.0,inf
841,1,0.42237937020976946,-0.6199183252115313,0.623123562614635,1.8527999999999998,1,1.8527999999999998,6.0,inf
841,2,0.42237937020976946,-0.6199183252115313,0.623123562614635,1.8527999999999998,1,1.8527999999999998,6.0,inf
841,3,0.42237937020976946,-0.6199183252115313,0.623123562614635,1.8527999999999998,1,1.8527999999999998,6.0,inf
841,4,0.42237937020976946,-0.6199183252115313,0.623123562614635,1.8527999999999998,1,1.8527999999999998,6.0,inf
841,5,0.42237937020976946,-0.6199183252115313,0.623123562614635,1.8527999999999998,1,1.8527999999999998,6.0,inf
842,0,0.06169260169947963,-0.8679364392039097,-0.8438812831518688,1.7096999999999998,1,1.7096999999999998,6.0,inf
842,1,0.06169260169947963,-0.8679364392039097,-0.8438812831518688,1.7096999999999998,1,1.7096999999999998,6.0,inf
842,2,0.06169260169947963,-0.8679364392039097,-0.8438812831518688,1.7096999999999998,1,1.7096999999999998,6.0,inf
842,3,0.06169260169947963,-0.8679364392039097,-0.8438812831518688,1.7096999999999998,1,1.7096999999999998,6.0,inf
842,4,0.06169260169947963,-0.8679364392039097,-0.8438812831518688,1.7096999999999998,1,1.7096999999999998,6.0,inf
842,5,0.06169260169947963,-0.8679364392039097,-0.8438812831518688,1.7096999999999998,1,1.7096999999999998,6.0,inf
843,0,0.6471884272811743,0.7355243152765532,-0.7787823953302871,0.3534,1,0.3534,6.0,inf
843,1,0.6471884272811743,0.7355243152765532,-0.7787823953302871,0.3534,1,0.3534,6.0,inf
843,2,0.6471884272811743,0.7355243152765532,-0.7787823953302871,0.3534,1,0.3534,6.0,inf
843,3,0.6471884272811743,0.7355243152765532,-0.7787823953302871,0.3534,1,0.3534,6.0,inf
843,4,0.6471884272811743,0.7355243152765532,-0.7787823953302871,0.3534,1,0.3534,6.0,inf
843,5,0.6471884272811743,0.7355243152765532,-0.7787823953302871,0.3534,1,0.3534,6.0,inf
844,0,2.286029434960072,-0.7192855910526628,-1.6359469655971532,2.7413999999999996,1,2.7413999999999996,6.0,inf
844,1,2.286029434960072,-0.7192855910526628,-1.6359469655971532,2.7413999999999996,1,2.7413999999999996,6.0,inf
844,2,2.286029434960072,-0.7192855910526628,-1.6359469655971532,2.7413999999999996,1,2.7413999999999996,6.0,inf
844,3,2.286029434960072,-0.7192855910526628,-1.6359469655971532,2.7413999999999996,1,2.7413999999999996,6.0,inf
844,4,2.286029434960072,-0.7192855910526628,-1.6359469655971532,2.7413999999999996,1,2.7413999999999996,6.0,inf
844,5,2.286029434960072,-0.7192855910526628,-1.6359469655971532,2.7413999999999996,1,2.7413999999999996,6.0,inf
845,0,-1.3162563627533528,-1.5824276612271473,0.29790567255801736,5.7749999999999995,1,5.7749999999999995,6.0,inf
845,1,-1.3162563627533528,-1.5824276612271473,0.29790567255801736,5.7749999999999995,1,5.7749999999999995,6.0,inf
845,2,-1.3162563627533528,-1.5824276612271473,0.29790567255801736,5.7749999999999995,1,5.7749999999999995,6.0,inf
845,3,-1.3162563627533528,-1.5824276612271473,0.29790567255801736,5.7749999999999995,1,5.7749999999999995,6.0,inf
845,4,-1.3162563627533528,-1.5824276612271473,0.29790567255801736,5.7749999999999995,1,5.7749999999999995,6.0,inf
845,5,-1.3162563627533528,-1.5824276612271473,0.29790567255801736,5.7749999999999995,1,5.7749999999999995,6.0,inf
846,0,0.0676998308896556,0.17400579443693776,-1.0897035854210366,3.6596999999999995,1,3.6596999999999995,6.0,inf
846,1,0.0676998308896556,0.17400579443693776,-1.0897035854210366,3.6596999999999995,1,3.6596999999999995,6.0,inf
846,2,0.0676998308896556,0.17400579443693776,-1.0897035854210366,3.6596999999999995,1,3.6596999999999995,6.0,inf
846,3,0.0676998308896556,0.17400579443693776,-1.0897035854210366,3.6596999999999995,1,3.6596999999999995,6.0,inf
846,4,0.0676998308896556,0.17400579443693776,-1.0897035854210366,3.6596999999999995,1,3.6596999999999995,6.0,inf
846,5,0.0676998308896556,0.17400579443693776,-1.0897035854210366,3.6596999999999995,1,3.6596999999999995,6.0,inf
847,0,-1.0303065189606297,0.21015593384789513,0.1307933740491154,3.36,1,3.36,6.0,inf
847,1,-1.0303065189606297,0.21015593384789513,0.1307933740491154,3.36,1,3.36,6.0,inf
847,2,-1.0303065189606297,0.21015593384789513,0.1307933740491154,3.36,1,3.36,6.0,inf
847,3,-1.0303065189606297,0.21015593384789513,0.1307933740491154,3.36,1,3.36,6.0,inf
847,4,-1.0303065189606297,0.21015593384789513,0.1307933740491154,3.36,1,3.36,6.0,inf
847,5,-1.0303065189606297,0.21015593384789513,0.1307933740491154,3.36,1,3.36,6.0,inf
848,0,-0.6743974755559771,-1.2476234390316738,1.4183800757974052,2.2329,1,2.2329,6.0,inf
848,1,-0.6743974755559771,-1.2476234390316738,1.4183800757974052,2.2329,1,2.2329,6.0,inf
848,2,-0.6743974755559771,-1.2476234390316738,1.4183800757974052,2.2329,1,2.2329,6.0,inf
848,3,-0.6743974755559771,-1.2476234390316738,1.4183800757974052,2.2329,1,2.2329,6.0,inf
848,4,-0.6743974755559771,-1.2476234390316738,1.4183800757974052,2.2329,1,2.2329,6.0,inf
848,5,-0.6743974755559771,-1.2476234390316738,1.4183800757974052,2.2329,1,2.2329,6.0,inf
849,0,0.1830814723757253,-2.1590869898114136,-1.3377926578215709,4.944299999999999,1,4.944299999999999,6.0,inf
849,1,0.1830814723757253,-2.1590869898114136,-1.3377926578215709,4.944299999999999,1,4.944299999999999,6.0,inf
849,2,0.1830814723757253,-2.1590869898114136,-1.3377926578215709,4.944299999999999,1,4.944299999999999,6.0,inf
849,3,0.1830814723757253,-2.1590869898114136,-1.3377926578215709,4.944299999999999,1,4.944299999999999,6.0,inf
849,4,0.1830814723757253,-2.1590869898114136,-1.3377926578215709,4.944299999999999,1,4.944299999999999,6.0,inf
849,5,0.1830814723757253,-2.1590869898114136,-1.3377926578215709,4.944299999999999,1,4.944299999999999,6.0,inf
850,0,-0.40833212662142115,1.462071225739587,0.7194187125719486,2.5128,1,2.5128,6.0,inf
850,1,-0.40833212662142115,1.462071225739587,0.7194187125719486,2.5128,1,2.5128,6.0,inf
850,2,-0.40833212662142115,1.462071225739587,0.7194187125719486,2.5128,1,2.5128,6.0,inf
850,3,-0.40833212662142115,1.462071225739587,0.7194187125719486,2.5128,1,2.5128,6.0,inf
850,4,-0.40833212662142115,1.462071225739587,0.7194187125719486,2.5128,1,2.5128,6.0,inf
850,5,-0.40833212662142115,1.462071225739587,0.7194187125719486,2.5128,1,2.5128,6.0,inf
851,0,-0.05866361903407248,0.5964103106237135,-0.6797715562166259,3.6617999999999995,1,3.6617999999999995,6.0,inf
851,1,-0.05866361903407248,0.5964103106237135,-0.6797715562166259,3.6617999999999995,1,3.6617999999999995,6.0,inf
851,2,-0.05866361903407248,0.5964103106237135,-0.6797715562166259,3.6617999999999995,1,3.6617999999999995,6.0,inf
851,3,-0.05866361903407248,0.5964103106237135,-0.6797715562166259,3.6617999999999995,1,3.6617999999999995,6.0,inf
851,4,-0.05866361903407248,0.5964103106237135,-0.6797715562166259,3.6617999999999995,1,3.6617999999999995,6.0,inf
851,5,-0.05866361903407248,0.5964103106237135,-0.6797715562166259,3.6617999999999995,1,3.6617999999999995,6.0,inf
852,0,0.7767648385664139,0.3369484279977357,-0.5899592491948801,3.1323,1,3.1323,6.0,inf
852,1,0.7767648385664139,0.3369484279977357,-0.5899592491948801,3.1323,1,3.1323,6.0,inf
852,2,0.7767648385664139,0.3369484279977357,-0.5899592491948801,3.1323,1,3.1323,6.0,inf
852,3,0.7767648385664139,0.3369484279977357,-0.5899592491948801,3.1323,1,3.1323,6.0,inf
852,4,0.7767648385664139,0.3369484279977357,-0.5899592491948801,3.1323,1,3.1323,6.0,inf
852,5,0.7767648385664139,0.3369484279977357,-0.5899592491948801,3.1323,1,3.1323,6.0,inf
853,0,-0.4992537915441049,-0.13965068700189606,0.0339640189285037,3.5801999999999996,1,3.5801999999999996,6.0,inf
853,1,-0.4992537915441049,-0.13965068700189606,0.0339640189285037,3.5801999999999996,1,3.5801999999999996,6.0,inf
853,2,-0.4992537915441049,-0.13965068700189606,0.0339640189285037,3.5801999999999996,1,3.5801999999999996,6.0,inf
853,3,-0.4992537915441049,-0.13965068700189606,0.0339640189285037,3.5801999999999996,1,3.5801999999999996,6.0,inf
853,4,-0.4992537915441049,-0.13965068700189606,0.0339640189285037,3.5801999999999996,1,3.5801999999999996,6.0,inf
853,5,-0.4992537915441049,-0.13965068700189606,0.0339640189285037,3.5801999999999996,1,3.5801999999999996,6.0,inf
854,0,1.2322814806167888,-0.6106166268464768,-0.4977446186359254,2.7809999999999997,1,2.7809999999999997,6.0,inf
854,1,1.2322814806167888,-0.6106166268464768,-0.4977446186359254,2.7809999999999997,1,2.7809999999999997,6.0,inf
854,2,1.2322814806167888,-0.6106166268464768,-0.4977446186359254,2.7809999999999997,1,2.7809999999999997,6.0,inf
854,3,1.2322814806167888,-0.6106166268464768,-0.4977446186359254,2.7809999999999997,1,2.7809999999999997,6.0,inf
854,4,1.2322814806167888,-0.6106166268464768,-0.4977446186359254,2.7809999999999997,1,2.7809999999999997,6.0,inf
854,5,1.2322814806167888,-0.6106166268464768,-0.4977446186359254,2.7809999999999997,1,2.7809999999999997,6.0,inf
855,0,-0.21584304348700167,-0.19818694914812748,-0.7127852946671915,4.8306,1,4.8306,6.0,inf
855,1,-0.21584304348700167,-0.19818694914812748,-0.7127852946671915,4.8306,1,4.8306,6.0,inf
855,2,-0.21584304348700167,-0.19818694914812748,-0.7127852946671915,4.8306,1,4.8306,6.0,inf
855,3,-0.21584304348700167,-0.19818694914812748,-0.7127852946671915,4.8306,1,4.8306,6.0,inf
855,4,-0.21584304348700167,-0.19818694914812748,-0.7127852946671915,4.8306,1,4.8306,6.0,inf
855,5,-0.21584304348700167,-0.19818694914812748,-0.7127852946671915,4.8306,1,4.8306,6.0,inf
856,0,-0.15513082479291304,0.596770612648984,0.5876298496621503,1.7378999999999998,1,1.7378999999999998,6.0,inf
856,1,-0.15513082479291304,0.596770612648984,0.5876298496621503,1.7378999999999998,1,1.7378999999999998,6.0,inf
856,2,-0.15513082479291304,0.596770612648984,0.5876298496621503,1.7378999999999998,1,1.7378999999999998,6.0,inf
856,3,-0.15513082479291304,0.596770612648984,0.5876298496621503,1.7378999999999998,1,1.7378999999999998,6.0,inf
856,4,-0.15513082479291304,0.596770612648984,0.5876298496621503,1.7378999999999998,1,1.7378999999999998,6.0,inf
856,5,-0.15513082479291304,0.596770612648984,0.5876298496621503,1.7378999999999998,1,1.7378999999999998,6.0,inf
857,0,0.3945673414701276,0.6020239148578239,-0.30306521001275694,2.7965999999999998,1,2.7965999999999998,6.0,inf
857,1,0.3945673414701276,0.6020239148578239,-0.30306521001275694,2.7965999999999998,1,2.7965999999999998,6.0,inf
857,2,0.3945673414701276,0.6020239148578239,-0.30306521001275694,2.7965999999999998,1,2.7965999999999998,6.0,inf
857,3,0.3945673414701276,0.6020239148578239,-0.30306521001275694,2.7965999999999998,1,2.7965999999999998,6.0,inf
857,4,0.3945673414701276,0.6020239148578239,-0.30306521001275694,2.7965999999999998,1,2.7965999999999998,6.0,inf
857,5,0.3945673414701276,0.6020239148578239,-0.30306521001275694,2.7965999999999998,1,2.7965999999999998,6.0,inf
858,0,2.2329085969668956,-1.383853779249177,-3.0172863515662605,3.0323999999999995,1,3.0323999999999995,6.0,inf
858,1,2.2329085969668956,-1.383853779249177,-3.0172863515662605,3.0323999999999995,1,3.0323999999999995,6.0,inf
858,2,2.2329085969668956,-1.383853779249177,-3.0172863515662605,3.0323999999999995,1,3.0323999999999995,6.0,inf
858,3,2.2329085969668956,-1.383853779249177,-3.0172863515662605,3.0323999999999995,1,3.0323999999999995,6.0,inf
858,4,2.2329085969668956,-1.383853779249177,-3.0172863515662605,3.0323999999999995,1,3.0323999999999995,6.0,inf
858,5,2.2329085969668956,-1.383853779249177,-3.0172863515662605,3.0323999999999995,1,3.0323999999999995,6.0,inf
859,0,0.3773138356856779,0.3216903661656736,0.505646044403049,2.3705999999999996,1,2.3705999999999996,6.0,inf
859,1,0.3773138356856779,0.3216903661656736,0.505646044403049,2.3705999999999996,1,2.3705999999999996,6.0,inf
859,2,0.3773138356856779,0.3216903661656736,0.505646044403049,2.3705999999999996,1,2.3705999999999996,6.0,inf
859,3,0.3773138356856779,0.3216903661656736,0.505646044403049,2.3705999999999996,1,2.3705999999999996,6.0,inf
859,4,0.3773138356856779,0.3216903661656736,0.505646044403049,2.3705999999999996,1,2.3705999999999996,6.0,inf
859,5,0.3773138356856779,0.3216903661656736,0.505646044403049,2.3705999999999996,1,2.3705999999999996,6.0,inf
860,0,0.6821650300159876,-0.1658326921640409,-2.314573715600742,3.1887,1,3.1887,6.0,inf
860,1,0.6821650300159876,-0.1658326921640409,-2.314573715600742,3.1887,1,3.1887,6.0,inf
860,2,0.6821650300159876,-0.1658326921640409,-2.314573715600742,3.1887,1,3.1887,6.0,inf
860,3,0.6821650300159876,-0.1658326921640409,-2.314573715600742,3.1887,1,3.1887,6.0,inf
860,4,0.6821650300159876,-0.1658326921640409,-2.314573715600742,3.1887,1,3.1887,6.0,inf
860,5,0.6821650300159876,-0.1658326921640409,-2.314573715600742,3.1887,1,3.1887,6.0,inf
861,0,1.1058785837422174,0.4521008405211565,0.8436915673674421,1.8437999999999999,1,1.8437999999999999,6.0,inf
861,1,1.1058785837422174,0.4521008405211565,0.8436915673674421,1.8437999999999999,1,1.8437999999999999,6.0,inf
861,2,1.1058785837422174,0.4521008405211565,0.8436915673674421,1.8437999999999999,1,1.8437999999999999,6.0,inf
861,3,1.1058785837422174,0.4521008405211565,0.8436915673674421,1.8437999999999999,1,1.8437999999999999,6.0,inf
861,4,1.1058785837422174,0.4521008405211565,0.8436915673674421,1.8437999999999999,1,1.8437999999999999,6.0,inf
861,5,1.1058785837422174,0.4521008405211565,0.8436915673674421,1.8437999999999999,1,1.8437999999999999,6.0,inf
862,0,-0.6987359009716287,0.05106248866077303,-1.1037377805132604,6.0,0,7.8755999999999995,6.0,inf
862,1,-0.6987359009716287,0.05106248866077303,-1.1037377805132604,6.0,0,7.8755999999999995,6.0,inf
862,2,-0.6987359009716287,0.05106248866077303,-1.1037377805132604,6.0,0,7.8755999999999995,6.0,inf
862,3,-0.6987359009716287,0.05106248866077303,-1.1037377805132604,6.0,0,7.8755999999999995,6.0,inf
862,4,-0.6987359009716287,0.05106248866077303,-1.1037377805132604,6.0,0,7.8755999999999995,6.0,inf
862,5,-0.6987359009716287,0.05106248866077303,-1.1037377805132604,6.0,0,7.8755999999999995,6.0,inf
863,0,-1.1870263090136104,1.233241154281913,-0.36340898760306056,1.311,1,1.311,6.0,inf
863,1,-1.1870263090136104,1.233241154281913,-0.36340898760306056,1.311,1,1.311,6.0,inf
863,2,-1.1870263090136104,1.233241154281913,-0.36340898760306056,1.311,1,1.311,6.0,inf
863,3,-1.1870263090136104,1.233241154281913,-0.36340898760306056,1.311,1,1.311,6.0,inf
863,4,-1.1870263090136104,1.233241154281913,-0.36340898760306056,1.311,1,1.311,6.0,inf
863,5,-1.1870263090136104,1.233241154281913,-0.36340898760306056,1.311,1,1.311,6.0,inf
864,0,0.11165278893214706,-0.36349386462989264,1.006999625411011,2.2239,1,2.2239,6.0,inf
864,1,0.11165278893214706,-0.36349386462989264,1.006999625411011,2.2239,1,2.2239,6.0,inf
864,2,0.11165278893214706,-0.36349386462989264,1.006999625411011,2.2239,1,2.2239,6.0,inf
864,3,0.11165278893214706,-0.36349386462989264,1.006999625411011,2.2239,1,2.2239,6.0,inf
864,4,0.11165278893214706,-0.36349386462989264,1.006999625411011,2.2239,1,2.2239,6.0,inf
864,5,0.11165278893214706,-0.36349386462989264,1.006999625411011,2.2239,1,2.2239,6.0,inf
865,0,-1.4827601909439834,0.23889228729508785,0.2722435406234647,6.0,0,6.358199999999999,6.0,inf
865,1,-1.4827601909439834,0.23889228729508785,0.2722435406234647,6.0,0,6.358199999999999,6.0,inf
865,2,-1.4827601909439834,0.23889228729508785,0.2722435406234647,6.0,0,6.358199999999999,6.0,inf
865,3,-1.4827601909439834,0.23889228729508785,0.2722435406234647,6.0,0,6.358199999999999,6.0,inf
865,4,-1.4827601909439834,0.23889228729508785,0.2722435406234647,6.0,0,6.358199999999999,6.0,inf
865,5,-1.4827601909439834,0.23889228729508785,0.2722435406234647,6.0,0,6.358199999999999,6.0,inf
866,0,-0.9634212293401521,-0.7320506876035424,0.9807256761176173,1.3977,1,1.3977,6.0,inf
866,1,-0.9634212293401521,-0.7320506876035424,0.9807256761176173,1.3977,1,1.3977,6.0,inf
866,2,-0.9634212293401521,-0.7320506876035424,0.9807256761176173,1.3977,1,1.3977,6.0,inf
866,3,-0.9634212293401521,-0.7320506876035424,0.9807256761176173,1.3977,1,1.3977,6.0,inf
866,4,-0.9634212293401521,-0.7320506876035424,0.9807256761176173,1.3977,1,1.3977,6.0,inf
866,5,-0.9634212293401521,-0.7320506876035424,0.9807256761176173,1.3977,1,1.3977,6.0,inf
867,0,0.6593202166668053,0.1196211250867963,-0.17221070551083192,2.0252999999999997,1,2.0252999999999997,6.0,inf
867,1,0.6593202166668053,0.1196211250867963,-0.17221070551083192,2.0252999999999997,1,2.0252999999999997,6.0,inf
867,2,0.6593202166668053,0.1196211250867963,-0.17221070551083192,2.0252999999999997,1,2.0252999999999997,6.0,inf
867,3,0.6593202166668053,0.1196211250867963,-0.17221070551083192,2.0252999999999997,1,2.0252999999999997,6.0,inf
867,4,0.6593202166668053,0.1196211250867963,-0.17221070551083192,2.0252999999999997,1,2.0252999999999997,6.0,inf
867,5,0.6593202166668053,0.1196211250867963,-0.17221070551083192,2.0252999999999997,1,2.0252999999999997,6.0,inf
868,0,0.5003106939384693,-1.2513765949560998,-1.6525731099301186,4.0028999999999995,1,4.0028999999999995,6.0,inf
868,1,0.5003106939384693,-1.2513765949560998,-1.6525731099301186,4.0028999999999995,1,4.0028999999999995,6.0,inf
868,2,0.5003106939384693,-1.2513765949560998,-1.6525731099301186,4.0028999999999995,1,4.0028999999999995,6.0,inf
868,3,0.5003106939384693,-1.2513765949560998,-1.6525731099301186,4.0028999999999995,1,4.0028999999999995,6.0,inf
868,4,0.5003106939384693,-1.2513765949560998,-1.6525731099301186,4.0028999999999995,1,4.0028999999999995,6.0,inf
868,5,0.5003106939384693,-1.2513765949560998,-1.6525731099301186,4.0028999999999995,1,4.0028999999999995,6.0,inf
869,0,-1.0515450947079548,0.677738464530869,-0.6671374856613312,4.0617,1,4.0617,6.0,inf
869,1,-1.0515450947079548,0.677738464530869,-0.6671374856613312,4.0617,1,4.0617,6.0,inf
869,2,-1.0515450947079548,0.677738464530869,-0.6671374856613312,4.0617,1,4.0617,6.0,inf
869,3,-1.0515450947079548,0.677738464530869,-0.6671374856613312,4.0617,1,4.0617,6.0,inf
869,4,-1.0515450947079548,0.677738464530869,-0.6671374856613312,4.0617,1,4.0617,6.0,inf
869,5,-1.0515450947079548,0.677738464530869,-0.6671374856613312,4.0617,1,4.0617,6.0,inf
870,0,1.0151690839341134,-0.5985011600499449,-0.7071306511953148,3.4404,1,3.4404,6.0,inf
870,1,1.0151690839341134,-0.5985011600499449,-0.7071306511953148,3.4404,1,3.4404,6.0,inf
870,2,1.0151690839341134,-0.5985011600499449,-0.7071306511953148,3.4404,1,3.4404,6.0,inf
870,3,1.0151690839341134,-0.5985011600499449,-0.7071306511953148,3.4404,1,3.4404,6.0,inf
870,4,1.0151690839341134,-0.5985011600499449,-0.7071306511953148,3.4404,1,3.4404,6.0,inf
870,5,1.0151690839341134,-0.5985011600499449,-0.7071306511953148,3.4404,1,3.4404,6.0,inf
871,0,-1.8784396127455305,0.44916672160702475,-1.2323291044053641,6.0,0,8.0001,6.0,inf
871,1,-1.8784396127455305,0.44916672160702475,-1.2323291044053641,6.0,0,8.0001,6.0,inf
871,2,-1.8784396127455305,0.44916672160702475,-1.2323291044053641,6.0,0,8.0001,6.0,inf
871,3,-1.8784396127455305,0.44916672160702475,-1.2323291044053641,6.0,0,8.0001,6.0,inf
871,4,-1.8784396127455305,0.44916672160702475,-1.2323291044053641,6.0,0,8.0001,6.0,inf
871,5,-1.8784396127455305,0.44916672160702475,-1.2323291044053641,6.0,0,8.0001,6.0,inf
872,0,-0.33293448515306406,-0.9569959694726087,-1.7562886414348915,4.6221,1,4.6221,6.0,inf
872,1,-0.33293448515306406,-0.9569959694726087,-1.7562886414348915,4.6221,1,4.6221,6.0,inf
872,2,-0.33293448515306406,-0.9569959694726087,-1.7562886414348915,4.6221,1,4.6221,6.0,inf
872,3,-0.33293448515306406,-0.9569959694726087,-1.7562886414348915,4.6221,1,4.6221,6.0,inf
872,4,-0.33293448515306406,-0.9569959694726087,-1.7562886414348915,4.6221,1,4.6221,6.0,inf
872,5,-0.33293448515306406,-0.9569959694726087,-1.7562886414348915,4.6221,1,4.6221,6.0,inf
873,0,-0.06071873423123291,0.6654827152056884,0.1035779864342082,1.9526999999999999,1,1.9526999999999999,6.0,inf
873,1,-0.06071873423123291,0.6654827152056884,0.1035779864342082,1.9526999999999999,1,1.9526999999999999,6.0,inf
873,2,-0.06071873423123291,0.6654827152056884,0.1035779864342082,1.9526999999999999,1,1.9526999999999999,6.0,inf
873,3,-0.06071873423123291,0.6654827152056884,0.1035779864342082,1.9526999999999999,1,1.9526999999999999,6.0,inf
873,4,-0.06071873423123291,0.6654827152056884,0.1035779864342082,1.9526999999999999,1,1.9526999999999999,6.0,inf
873,5,-0.06071873423123291,0.6654827152056884,0.1035779864342082,1.9526999999999999,1,1.9526999999999999,6.0,inf
874,0,-0.33729479824787156,0.9327896704158788,0.1474828263484762,1.2026999999999999,1,1.2026999999999999,6.0,inf
874,1,-0.33729479824787156,0.9327896704158788,0.1474828263484762,1.2026999999999999,1,1.2026999999999999,6.0,inf
874,2,-0.33729479824787156,0.9327896704158788,0.1474828263484762,1.2026999999999999,1,1.2026999999999999,6.0,inf
874,3,-0.33729479824787156,0.9327896704158788,0.1474828263484762,1.2026999999999999,1,1.2026999999999999,6.0,inf
874,4,-0.33729479824787156,0.9327896704158788,0.1474828263484762,1.2026999999999999,1,1.2026999999999999,6.0,inf
874,5,-0.33729479824787156,0.9327896704158788,0.1474828263484762,1.2026999999999999,1,1.2026999999999999,6.0,inf
875,0,-0.8960448116472085,-0.7739671004323107,-0.08242461812800478,1.4546999999999999,1,1.4546999999999999,6.0,inf
875,1,-0.8960448116472085,-0.7739671004323107,-0.08242461812800478,1.4546999999999999,1,1.4546999999999999,6.0,inf
875,2,-0.8960448116472085,-0.7739671004323107,-0.08242461812800478,1.4546999999999999,1,1.4546999999999999,6.0,inf
875,3,-0.8960448116472085,-0.7739671004323107,-0.08242461812800478,1.4546999999999999,1,1.4546999999999999,6.0,inf
875,4,-0.8960448116472085,-0.7739671004323107,-0.08242461812800478,1.4546999999999999,1,1.4546999999999999,6.0,inf
875,5,-0.8960448116472085,-0.7739671004323107,-0.08242461812800478,1.4546999999999999,1,1.4546999999999999,6.0,inf
876,0,-0.2601027073703666,-0.8744556735475449,-0.4550434305695512,5.2128,1,5.2128,6.0,inf
876,1,-0.2601027073703666,-0.8744556735475449,-0.4550434305695512,5.2128,1,5.2128,6.0,inf
876,2,-0.2601027073703666,-0.8744556735475449,-0.4550434305695512,5.2128,1,5.2128,6.0,inf
876,3,-0.2601027073703666,-0.8744556735475449,-0.4550434305695512,5.2128,1,5.2128,6.0,inf
876,4,-0.2601027073703666,-0.8744556735475449,-0.4550434305695512,5.2128,1,5.2128,6.0,inf
876,5,-0.2601027073703666,-0.8744556735475449,-0.4550434305695512,5.2128,1,5.2128,6.0,inf
877,0,0.19667910406011455,-0.30407146837414534,-0.0742816291142561,3.3674999999999997,1,3.3674999999999997,6.0,inf
877,1,0.19667910406011455,-0.30407146837414534,-0.0742816291142561,3.3674999999999997,1,3.3674999999999997,6.0,inf
877,2,0.19667910406011455,-0.30407146837414534,-0.0742816291142561,3.3674999999999997,1,3.3674999999999997,6.0,inf
877,3,0.19667910406011455,-0.30407146837414534,-0.0742816291142561,3.3674999999999997,1,3.3674999999999997,6.0,inf
877,4,0.19667910406011455,-0.30407146837414534,-0.0742816291142561,3.3674999999999997,1,3.3674999999999997,6.0,inf
877,5,0.19667910406011455,-0.30407146837414534,-0.0742816291142561,3.3674999999999997,1,3.3674999999999997,6.0,inf
878,0,0.17340027786186304,0.47040517252700137,1.3320201241076206,1.4513999999999998,1,1.4513999999999998,6.0,inf
878,1,0.17340027786186304,0.47040517252700137,1.3320201241076206,1.4513999999999998,1,1.4513999999999998,6.0,inf
878,2,0.17340027786186304,0.47040517252700137,1.3320201241076206,1.4513999999999998,1,1.4513999999999998,6.0,inf
878,3,0.17340027786186304,0.47040517252700137,1.3320201241076206,1.4513999999999998,1,1.4513999999999998,6.0,inf
878,4,0.17340027786186304,0.47040517252700137,1.3320201241076206,1.4513999999999998,1,1.4513999999999998,6.0,inf
878,5,0.17340027786186304,0.47040517252700137,1.3320201241076206,1.4513999999999998,1,1.4513999999999998,6.0,inf
879,0,-0.7591236584901419,-0.5864339963620171,0.7548709860926479,4.246499999999999,1,4.246499999999999,6.0,inf
879,1,-0.7591236584901419,-0.5864339963620171,0.7548709860926479,4.246499999999999,1,4.246499999999999,6.0,inf
879,2,-0.7591236584901419,-0.5864339963620171,0.7548709860926479,4.246499999999999,1,4.246499999999999,6.0,inf
879,3,-0.7591236584901419,-0.5864339963620171,0.7548709860926479,4.246499999999999,1,4.246499999999999,6.0,inf
879,4,-0.7591236584901419,-0.5864339963620171,0.7548709860926479,4.246499999999999,1,4.246499999999999,6.0,inf
879,5,-0.7591236584901419,-0.5864339963620171,0.7548709860926479,4.246499999999999,1,4.246499999999999,6.0,inf
880,0,0.5331943535735874,0.7680500661618693,-0.4459804554402986,2.2449,1,2.2449,6.0,inf
880,1,0.5331943535735874,0.7680500661618693,-0.4459804554402986,2.2449,1,2.2449,6.0,inf
880,2,0.5331943535735874,0.7680500661618693,-0.4459804554402986,2.2449,1,2.2449,6.0,inf
880,3,0.5331943535735874,0.7680500661618693,-0.4459804554402986,2.2449,1,2.2449,6.0,inf
880,4,0.5331943535735874,0.7680500661618693,-0.4459804554402986,2.2449,1,2.2449,6.0,inf
880,5,0.5331943535735874,0.7680500661618693,-0.4459804554402986,2.2449,1,2.2449,6.0,inf
881,0,0.8598836707369426,1.0623521626215495,1.0144377602554135,0.9899999999999999,1,0.9899999999999999,6.0,inf
881,1,0.8598836707369426,1.0623521626215495,1.0144377602554135,0.9899999999999999,1,0.9899999999999999,6.0,inf
881,2,0.8598836707369426,1.0623521626215495,1.0144377602554135,0.9899999999999999,1,0.9899999999999999,6.0,inf
881,3,0.8598836707369426,1.0623521626215495,1.0144377602554135,0.9899999999999999,1,0.9899999999999999,6.0,inf
881,4,0.8598836707369426,1.0623521626215495,1.0144377602554135,0.9899999999999999,1,0.9899999999999999,6.0,inf
881,5,0.8598836707369426,1.0623521626215495,1.0144377602554135,0.9899999999999999,1,0.9899999999999999,6.0,inf
882,0,-0.17156967851545113,1.8409368032581876,0.11057472291747006,2.0747999999999998,1,2.0747999999999998,6.0,inf
882,1,-0.17156967851545113,1.8409368032581876,0.11057472291747006,2.0747999999999998,1,2.0747999999999998,6.0,inf
882,2,-0.17156967851545113,1.8409368032581876,0.11057472291747006,2.0747999999999998,1,2.0747999999999998,6.0,inf
882,3,-0.17156967851545113,1.8409368032581876,0.11057472291747006,2.0747999999999998,1,2.0747999999999998,6.0,inf
882,4,-0.17156967851545113,1.8409368032581876,0.11057472291747006,2.0747999999999998,1,2.0747999999999998,6.0,inf
882,5,-0.17156967851545113,1.8409368032581876,0.11057472291747006,2.0747999999999998,1,2.0747999999999998,6.0,inf
883,0,-0.4442229867932309,0.5039737956033906,-0.005538272311769196,2.6226,1,2.6226,6.0,inf
883,1,-0.4442229867932309,0.5039737956033906,-0.005538272311769196,2.6226,1,2.6226,6.0,inf
883,2,-0.4442229867932309,0.5039737956033906,-0.005538272311769196,2.6226,1,2.6226,6.0,inf
883,3,-0.4442229867932309,0.5039737956033906,-0.005538272311769196,2.6226,1,2.6226,6.0,inf
883,4,-0.4442229867932309,0.5039737956033906,-0.005538272311769196,2.6226,1,2.6226,6.0,inf
883,5,-0.4442229867932309,0.5039737956033906,-0.005538272311769196,2.6226,1,2.6226,6.0,inf
884,0,-0.3799415844703464,-0.27954788228616867,0.7593236399243627,3.1685999999999996,1,3.1685999999999996,6.0,inf
884,1,-0.3799415844703464,-0.27954788228616867,0.7593236399243627,3.1685999999999996,1,3.1685999999999996,6.0,inf
884,2,-0.3799415844703464,-0.27954788228616867,0.7593236399243627,3.1685999999999996,1,3.1685999999999996,6.0,inf
884,3,-0.3799415844703464,-0.27954788228616867,0.7593236399243627,3.1685999999999996,1,3.1685999999999996,6.0,inf
884,4,-0.3799415844703464,-0.27954788228616867,0.7593236399243627,3.1685999999999996,1,3.1685999999999996,6.0,inf
884,5,-0.3799415844703464,-0.27954788228616867,0.7593236399243627,3.1685999999999996,1,3.1685999999999996,6.0,inf
885,0,-0.3230581746601799,0.37484544539356207,0.8186714213506749,3.4886999999999997,1,3.4886999999999997,6.0,inf
885,1,-0.3230581746601799,0.37484544539356207,0.8186714213506749,3.4886999999999997,1,3.4886999999999997,6.0,inf
885,2,-0.3230581746601799,0.37484544539356207,0.8186714213506749,3.4886999999999997,1,3.4886999999999997,6.0,inf
885,3,-0.3230581746601799,0.37484544539356207,0.8186714213506749,3.4886999999999997,1,3.4886999999999997,6.0,inf
885,4,-0.3230581746601799,0.37484544539356207,0.8186714213506749,3.4886999999999997,1,3.4886999999999997,6.0,inf
885,5,-0.3230581746601799,0.37484544539356207,0.8186714213506749,3.4886999999999997,1,3.4886999999999997,6.0,inf
886,0,-0.46982192833051517,-0.747136109725161,-0.4822464924406673,3.2567999999999997,1,3.2567999999999997,6.0,inf
886,1,-0.46982192833051517,-0.747136109725161,-0.4822464924406673,3.2567999999999997,1,3.2567999999999997,6.0,inf
886,2,-0.46982192833051517,-0.747136109725161,-0.4822464924406673,3.2567999999999997,1,3.2567999999999997,6.0,inf
886,3,-0.46982192833051517,-0.747136109725161,-0.4822464924406673,3.2567999999999997,1,3.2567999999999997,6.0,inf
886,4,-0.46982192833051517,-0.747136109725161,-0.4822464924406673,3.2567999999999997,1,3.2567999999999997,6.0,inf
886,5,-0.46982192833051517,-0.747136109725161,-0.4822464924406673,3.2567999999999997,1,3.2567999999999997,6.0,inf
887,0,1.2418614107951909,0.24083877517131197,-1.2570877866298447,1.8764999999999998,1,1.8764999999999998,6.0,inf
887,1,1.2418614107951909,0.24083877517131197,-1.2570877866298447,1.8764999999999998,1,1.8764999999999998,6.0,inf
887,2,1.2418614107951909,0.24083877517131197,-1.2570877866298447,1.8764999999999998,1,1.8764999999999998,6.0,inf
887,3,1.2418614107951909,0.24083877517131197,-1.2570877866298447,1.8764999999999998,1,1.8764999999999998,6.0,inf
887,4,1.2418614107951909,0.24083877517131197,-1.2570877866298447,1.8764999999999998,1,1.8764999999999998,6.0,inf
887,5,1.2418614107951909,0.24083877517131197,-1.2570877866298447,1.8764999999999998,1,1.8764999999999998,6.0,inf
888,0,0.7705654155262006,-0.4439715633927895,-0.9089169561007535,5.074199999999999,1,5.074199999999999,6.0,inf
888,1,0.7705654155262006,-0.4439715633927895,-0.9089169561007535,5.074199999999999,1,5.074199999999999,6.0,inf
888,2,0.7705654155262006,-0.4439715633927895,-0.9089169561007535,5.074199999999999,1,5.074199999999999,6.0,inf
888,3,0.7705654155262006,-0.4439715633927895,-0.9089169561007535,5.074199999999999,1,5.074199999999999,6.0,inf
888,4,0.7705654155262006,-0.4439715633927895,-0.9089169561007535,5.074199999999999,1,5.074199999999999,6.0,inf
888,5,0.7705654155262006,-0.4439715633927895,-0.9089169561007535,5.074199999999999,1,5.074199999999999,6.0,inf
889,0,-0.440271742077107,0.535519745301879,-1.073884550501364,2.0141999999999998,1,2.0141999999999998,6.0,inf
889,1,-0.440271742077107,0.535519745301879,-1.073884550501364,2.0141999999999998,1,2.0141999999999998,6.0,inf
889,2,-0.440271742077107,0.535519745301879,-1.073884550501364,2.0141999999999998,1,2.0141999999999998,6.0,inf
889,3,-0.440271742077107,0.535519745301879,-1.073884550501364,2.0141999999999998,1,2.0141999999999998,6.0,inf
889,4,-0.440271742077107,0.535519745301879,-1.073884550501364,2.0141999999999998,1,2.0141999999999998,6.0,inf
889,5,-0.440271742077107,0.535519745301879,-1.073884550501364,2.0141999999999998,1,2.0141999999999998,6.0,inf
890,0,0.8060683684925418,-0.8198080857775037,0.7446996732474267,1.6949999999999998,1,1.6949999999999998,6.0,inf
890,1,0.8060683684925418,-0.8198080857775037,0.7446996732474267,1.6949999999999998,1,1.6949999999999998,6.0,inf
890,2,0.8060683684925418,-0.8198080857775037,0.7446996732474267,1.6949999999999998,1,1.6949999999999998,6.0,inf
890,3,0.8060683684925418,-0.8198080857775037,0.7446996732474267,1.6949999999999998,1,1.6949999999999998,6.0,inf
890,4,0.8060683684925418,-0.8198080857775037,0.7446996732474267,1.6949999999999998,1,1.6949999999999998,6.0,inf
890,5,0.8060683684925418,-0.8198080857775037,0.7446996732474267,1.6949999999999998,1,1.6949999999999998,6.0,inf
891,0,-0.839331734528723,-0.631598251114822,-0.706844730318066,6.0,0,6.513599999999999,6.0,inf
891,1,-0.839331734528723,-0.631598251114822,-0.706844730318066,6.0,0,6.513599999999999,6.0,inf
891,2,-0.839331734528723,-0.631598251114822,-0.706844730318066,6.0,0,6.513599999999999,6.0,inf
891,3,-0.839331734528723,-0.631598251114822,-0.706844730318066,6.0,0,6.513599999999999,6.0,inf
891,4,-0.839331734528723,-0.631598251114822,-0.706844730318066,6.0,0,6.513599999999999,6.0,inf
891,5,-0.839331734528723,-0.631598251114822,-0.706844730318066,6.0,0,6.513599999999999,6.0,inf
892,0,0.2359144683170643,-0.6306180065025058,1.3915229724079836,2.0570999999999997,1,2.0570999999999997,6.0,inf
892,1,0.2359144683170643,-0.6306180065025058,1.3915229724079836,2.0570999999999997,1,2.0570999999999997,6.0,inf
892,2,0.2359144683170643,-0.6306180065025058,1.3915229724079836,2.0570999999999997,1,2.0570999999999997,6.0,inf
892,3,0.2359144683170643,-0.6306180065025058,1.3915229724079836,2.0570999999999997,1,2.0570999999999997,6.0,inf
892,4,0.2359144683170643,-0.6306180065025058,1.3915229724079836,2.0570999999999997,1,2.0570999999999997,6.0,inf
892,5,0.2359144683170643,-0.6306180065025058,1.3915229724079836,2.0570999999999997,1,2.0570999999999997,6.0,inf
893,0,0.37086744719589365,-0.7566634117763862,0.9877167973562797,2.3268,1,2.3268,6.0,inf
893,1,0.37086744719589365,-0.7566634117763862,0.9877167973562797,2.3268,1,2.3268,6.0,inf
893,2,0.37086744719589365,-0.7566634117763862,0.9877167973562797,2.3268,1,2.3268,6.0,inf
893,3,0.37086744719589365,-0.7566634117763862,0.9877167973562797,2.3268,1,2.3268,6.0,inf
893,4,0.37086744719589365,-0.7566634117763862,0.9877167973562797,2.3268,1,2.3268,6.0,inf
893,5,0.37086744719589365,-0.7566634117763862,0.9877167973562797,2.3268,1,2.3268,6.0,inf
894,0,0.31289105018385593,1.4312438281400308,-0.858031012626356,2.1894,1,2.1894,6.0,inf
894,1,0.31289105018385593,1.4312438281400308,-0.858031012626356,2.1894,1,2.1894,6.0,inf
894,2,0.31289105018385593,1.4312438281400308,-0.858031012626356,2.1894,1,2.1894,6.0,inf
894,3,0.31289105018385593,1.4312438281400308,-0.858031012626356,2.1894,1,2.1894,6.0,inf
894,4,0.31289105018385593,1.4312438281400308,-0.858031012626356,2.1894,1,2.1894,6.0,inf
894,5,0.31289105018385593,1.4312438281400308,-0.858031012626356,2.1894,1,2.1894,6.0,inf
895,0,-0.8887029018917536,-0.42622608649693355,0.3773087809020346,4.0581,1,4.0581,6.0,inf
895,1,-0.8887029018917536,-0.42622608649693355,0.3773087809020346,4.0581,1,4.0581,6.0,inf
895,2,-0.8887029018917536,-0.42622608649693355,0.3773087809020346,4.0581,1,4.0581,6.0,inf
895,3,-0.8887029018917536,-0.42622608649693355,0.3773087809020346,4.0581,1,4.0581,6.0,inf
895,4,-0.8887029018917536,-0.42622608649693355,0.3773087809020346,4.0581,1,4.0581,6.0,inf
895,5,-0.8887029018917536,-0.42622608649693355,0.3773087809020346,4.0581,1,4.0581,6.0,inf
896,0,-1.4771100485663338,1.9907471679421964,1.448614604716257,1.2789,1,1.2789,6.0,inf
896,1,-1.4771100485663338,1.9907471679421964,1.448614604716257,1.2789,1,1.2789,6.0,inf
896,2,-1.4771100485663338,1.9907471679421964,1.448614604716257,1.2789,1,1.2789,6.0,inf
896,3,-1.4771100485663338,1.9907471679421964,1.448614604716257,1.2789,1,1.2789,6.0,inf
896,4,-1.4771100485663338,1.9907471679421964,1.448614604716257,1.2789,1,1.2789,6.0,inf
896,5,-1.4771100485663338,1.9907471679421964,1.448614604716257,1.2789,1,1.2789,6.0,inf
897,0,0.06030388266213468,0.062393824037987676,1.0797884957291257,1.3646999999999998,1,1.3646999999999998,6.0,inf
897,1,0.06030388266213468,0.062393824037987676,1.0797884957291257,1.3646999999999998,1,1.3646999999999998,6.0,inf
897,2,0.06030388266213468,0.062393824037987676,1.0797884957291257,1.3646999999999998,1,1.3646999999999998,6.0,inf
897,3,0.06030388266213468,0.062393824037987676,1.0797884957291257,1.3646999999999998,1,1.3646999999999998,6.0,inf
897,4,0.06030388266213468,0.062393824037987676,1.0797884957291257,1.3646999999999998,1,1.3646999999999998,6.0,inf
897,5,0.06030388266213468,0.062393824037987676,1.0797884957291257,1.3646999999999998,1,1.3646999999999998,6.0,inf
898,0,-0.3887799990651052,-2.167769100955852,2.0812693626050662,2.4221999999999997,1,2.4221999999999997,6.0,inf
898,1,-0.3887799990651052,-2.167769100955852,2.0812693626050662,2.4221999999999997,1,2.4221999999999997,6.0,inf
898,2,-0.3887799990651052,-2.167769100955852,2.0812693626050662,2.4221999999999997,1,2.4221999999999997,6.0,inf
898,3,-0.3887799990651052,-2.167769100955852,2.0812693626050662,2.4221999999999997,1,2.4221999999999997,6.0,inf
898,4,-0.3887799990651052,-2.167769100955852,2.0812693626050662,2.4221999999999997,1,2.4221999999999997,6.0,inf
898,5,-0.3887799990651052,-2.167769100955852,2.0812693626050662,2.4221999999999997,1,2.4221999999999997,6.0,inf
899,0,-1.5112118665722618,-1.1335613793992303,-0.7450290338495927,6.0,0,8.0001,6.0,inf
899,1,-1.5112118665722618,-1.1335613793992303,-0.7450290338495927,6.0,0,8.0001,6.0,inf
899,2,-1.5112118665722618,-1.1335613793992303,-0.7450290338495927,6.0,0,8.0001,6.0,inf
899,3,-1.5112118665722618,-1.1335613793992303,-0.7450290338495927,6.0,0,8.0001,6.0,inf
899,4,-1.5112118665722618,-1.1335613793992303,-0.7450290338495927,6.0,0,8.0001,6.0,inf
899,5,-1.5112118665722618,-1.1335613793992303,-0.7450290338495927,6.0,0,8.0001,6.0,inf
900,0,0.9668274340360906,-0.7508488242254804,-0.8251752848048959,3.4854,1,3.4854,6.0,inf
900,1,0.9668274340360906,-0.7508488242254804,-0.8251752848048959,3.4854,1,3.4854,6.0,inf
900,2,0.9668274340360906,-0.7508488242254804,-0.8251752848048959,3.4854,1,3.4854,6.0,inf
900,3,0.9668274340360906,-0.7508488242254804,-0.8251752848048959,3.4854,1,3.4854,6.0,inf
900,4,0.9668274340360906,-0.7508488242254804,-0.8251752848048959,3.4854,1,3.4854,6.0,inf
900,5,0.9668274340360906,-0.7508488242254804,-0.8251752848048959,3.4854,1,3.4854,6.0,inf
901,0,1.0091690491060807,0.8006157404864211,-2.0594556781460107,2.4909,1,2.4909,6.0,inf
901,1,1.0091690491060807,0.8006157404864211,-2.0594556781460107,2.4909,1,2.4909,6.0,inf
901,2,1.0091690491060807,0.8006157404864211,-2.0594556781460107,2.4909,1,2.4909,6.0,inf
901,3,1.0091690491060807,0.8006157404864211,-2.0594556781460107,2.4909,1,2.4909,6.0,inf
901,4,1.0091690491060807,0.8006157404864211,-2.0594556781460107,2.4909,1,2.4909,6.0,inf
901,5,1.0091690491060807,0.8006157404864211,-2.0594556781460107,2.4909,1,2.4909,6.0,inf
902,0,1.2062641751644465,1.633077974986889,-1.200950187496969,2.2346999999999997,1,2.2346999999999997,6.0,inf
902,1,1.2062641751644465,1.633077974986889,-1.200950187496969,2.2346999999999997,1,2.2346999999999997,6.0,inf
902,2,1.2062641751644465,1.633077974986889,-1.200950187496969,2.2346999999999997,1,2.2346999999999997,6.0,inf
902,3,1.2062641751644465,1.633077974986889,-1.200950187496969,2.2346999999999997,1,2.2346999999999997,6.0,inf
902,4,1.2062641751644465,1.633077974986889,-1.200950187496969,2.2346999999999997,1,2.2346999999999997,6.0,inf
902,5,1.2062641751644465,1.633077974986889,-1.200950187496969,2.2346999999999997,1,2.2346999999999997,6.0,inf
903,0,-0.2519598555402466,0.7899819556759545,0.2293284967846532,2.0139,1,2.0139,6.0,inf
903,1,-0.2519598555402466,0.7899819556759545,0.2293284967846532,2.0139,1,2.0139,6.0,inf
903,2,-0.2519598555402466,0.7899819556759545,0.2293284967846532,2.0139,1,2.0139,6.0,inf
903,3,-0.2519598555402466,0.7899819556759545,0.2293284967846532,2.0139,1,2.0139,6.0,inf
903,4,-0.2519598555402466,0.7899819556759545,0.2293284967846532,2.0139,1,2.0139,6.0,inf
903,5,-0.2519598555402466,0.7899819556759545,0.2293284967846532,2.0139,1,2.0139,6.0,inf
904,0,0.30298683943582444,1.0869636506888432,1.535868540380002,1.2522,1,1.2522,6.0,inf
904,1,0.30298683943582444,1.0869636506888432,1.535868540380002,1.2522,1,1.2522,6.0,inf
904,2,0.30298683943582444,1.0869636506888432,1.535868540380002,1.2522,1,1.2522,6.0,inf
904,3,0.30298683943582444,1.0869636506888432,1.535868540380002,1.2522,1,1.2522,6.0,inf
904,4,0.30298683943582444,1.0869636506888432,1.535868540380002,1.2522,1,1.2522,6.0,inf
904,5,0.30298683943582444,1.0869636506888432,1.535868540380002,1.2522,1,1.2522,6.0,inf
905,0,0.1367134556699088,-0.4717200366835407,-1.0295361137581724,3.3920999999999997,1,3.3920999999999997,6.0,inf
905,1,0.1367134556699088,-0.4717200366835407,-1.0295361137581724,3.3920999999999997,1,3.3920999999999997,6.0,inf
905,2,0.1367134556699088,-0.4717200366835407,-1.0295361137581724,3.3920999999999997,1,3.3920999999999997,6.0,inf
905,3,0.1367134556699088,-0.4717200366835407,-1.0295361137581724,3.3920999999999997,1,3.3920999999999997,6.0,inf
905,4,0.1367134556699088,-0.4717200366835407,-1.0295361137581724,3.3920999999999997,1,3.3920999999999997,6.0,inf
905,5,0.1367134556699088,-0.4717200366835407,-1.0295361137581724,3.3920999999999997,1,3.3920999999999997,6.0,inf
906,0,0.1637438773980129,-1.248155882847122,-0.5815521425707169,4.4592,1,4.4592,6.0,inf
906,1,0.1637438773980129,-1.248155882847122,-0.5815521425707169,4.4592,1,4.4592,6.0,inf
906,2,0.1637438773980129,-1.248155882847122,-0.5815521425707169,4.4592,1,4.4592,6.0,inf
906,3,0.1637438773980129,-1.248155882847122,-0.5815521425707169,4.4592,1,4.4592,6.0,inf
906,4,0.1637438773980129,-1.248155882847122,-0.5815521425707169,4.4592,1,4.4592,6.0,inf
906,5,0.1637438773980129,-1.248155882847122,-0.5815521425707169,4.4592,1,4.4592,6.0,inf
907,0,0.7107209022306104,-0.5155693211404616,0.3758535713371958,1.3100999999999998,1,1.3100999999999998,6.0,inf
907,1,0.7107209022306104,-0.5155693211404616,0.3758535713371958,1.3100999999999998,1,1.3100999999999998,6.0,inf
907,2,0.7107209022306104,-0.5155693211404616,0.3758535713371958,1.3100999999999998,1,1.3100999999999998,6.0,inf
907,3,0.7107209022306104,-0.5155693211404616,0.3758535713371958,1.3100999999999998,1,1.3100999999999998,6.0,inf
907,4,0.7107209022306104,-0.5155693211404616,0.3758535713371958,1.3100999999999998,1,1.3100999999999998,6.0,inf
907,5,0.7107209022306104,-0.5155693211404616,0.3758535713371958,1.3100999999999998,1,1.3100999999999998,6.0,inf
908,0,-0.1366657516895015,-0.009096589482121463,-1.2127623947347939,6.0,0,6.7482,6.0,inf
908,1,-0.1366657516895015,-0.009096589482121463,-1.2127623947347939,6.0,0,6.7482,6.0,inf
908,2,-0.1366657516895015,-0.009096589482121463,-1.2127623947347939,6.0,0,6.7482,6.0,inf
908,3,-0.1366657516895015,-0.009096589482121463,-1.2127623947347939,6.0,0,6.7482,6.0,inf
908,4,-0.1366657516895015,-0.009096589482121463,-1.2127623947347939,6.0,0,6.7482,6.0,inf
908,5,-0.1366657516895015,-0.009096589482121463,-1.2127623947347939,6.0,0,6.7482,6.0,inf
909,0,-0.33968251001006444,0.6833729796059153,-1.6008022640984956,4.5999,1,4.5999,6.0,inf
909,1,-0.33968251001006444,0.6833729796059153,-1.6008022640984956,4.5999,1,4.5999,6.0,inf
909,2,-0.33968251001006444,0.6833729796059153,-1.6008022640984956,4.5999,1,4.5999,6.0,inf
909,3,-0.33968251001006444,0.6833729796059153,-1.6008022640984956,4.5999,1,4.5999,6.0,inf
909,4,-0.33968251001006444,0.6833729796059153,-1.6008022640984956,4.5999,1,4.5999,6.0,inf
909,5,-0.33968251001006444,0.6833729796059153,-1.6008022640984956,4.5999,1,4.5999,6.0,inf
910,0,0.13690569483533296,1.2323363796875975,0.7118421444923442,1.3703999999999998,1,1.3703999999999998,6.0,inf
910,1,0.13690569483533296,1.2323363796875975,0.7118421444923442,1.3703999999999998,1,1.3703999999999998,6.0,inf
910,2,0.13690569483533296,1.2323363796875975,0.7118421444923442,1.3703999999999998,1,1.3703999999999998,6.0,inf
910,3,0.13690569483533296,1.2323363796875975,0.7118421444923442,1.3703999999999998,1,1.3703999999999998,6.0,inf
910,4,0.13690569483533296,1.2323363796875975,0.7118421444923442,1.3703999999999998,1,1.3703999999999998,6.0,inf
910,5,0.13690569483533296,1.2323363796875975,0.7118421444923442,1.3703999999999998,1,1.3703999999999998,6.0,inf
911,0,-1.563890997808659,0.7342342244680747,-0.6250203055931118,3.7979999999999996,1,3.7979999999999996,6.0,inf
911,1,-1.563890997808659,0.7342342244680747,-0.6250203055931118,3.7979999999999996,1,3.7979999999999996,6.0,inf
911,2,-1.563890997808659,0.7342342244680747,-0.6250203055931118,3.7979999999999996,1,3.7979999999999996,6.0,inf
911,3,-1.563890997808659,0.7342342244680747,-0.6250203055931118,3.7979999999999996,1,3.7979999999999996,6.0,inf
911,4,-1.563890997808659,0.7342342244680747,-0.6250203055931118,3.7979999999999996,1,3.7979999999999996,6.0,inf
911,5,-1.563890997808659,0.7342342244680747,-0.6250203055931118,3.7979999999999996,1,3.7979999999999996,6.0,inf
912,0,-0.1588424815563605,2.4181680236948173,1.4964047063133734,0.48899999999999993,1,0.48899999999999993,6.0,inf
912,1,-0.1588424815563605,2.4181680236948173,1.4964047063133734,0.48899999999999993,1,0.48899999999999993,6.0,inf
912,2,-0.1588424815563605,2.4181680236948173,1.4964047063133734,0.48899999999999993,1,0.48899999999999993,6.0,inf
912,3,-0.1588424815563605,2.4181680236948173,1.4964047063133734,0.48899999999999993,1,0.48899999999999993,6.0,inf
912,4,-0.1588424815563605,2.4181680236948173,1.4964047063133734,0.48899999999999993,1,0.48899999999999993,6.0,inf
912,5,-0.1588424815563605,2.4181680236948173,1.4964047063133734,0.48899999999999993,1,0.48899999999999993,6.0,inf
913,0,0.08387500165784524,1.7891772397163486,0.3580832024161145,1.0167,1,1.0167,6.0,inf
913,1,0.08387500165784524,1.7891772397163486,0.3580832024161145,1.0167,1,1.0167,6.0,inf
913,2,0.08387500165784524,1.7891772397163486,0.3580832024161145,1.0167,1,1.0167,6.0,inf
913,3,0.08387500165784524,1.7891772397163486,0.3580832024161145,1.0167,1,1.0167,6.0,inf
913,4,0.08387500165784524,1.7891772397163486,0.3580832024161145,1.0167,1,1.0167,6.0,inf
913,5,0.08387500165784524,1.7891772397163486,0.3580832024161145,1.0167,1,1.0167,6.0,inf
914,0,-0.9934942805749185,-1.4383263233074153,0.1354427439454181,5.2932,1,5.2932,6.0,inf
914,1,-0.9934942805749185,-1.4383263233074153,0.1354427439454181,5.2932,1,5.2932,6.0,inf
914,2,-0.9934942805749185,-1.4383263233074153,0.1354427439454181,5.2932,1,5.2932,6.0,inf
914,3,-0.9934942805749185,-1.4383263233074153,0.1354427439454181,5.2932,1,5.2932,6.0,inf
914,4,-0.9934942805749185,-1.4383263233074153,0.1354427439454181,5.2932,1,5.2932,6.0,inf
914,5,-0.9934942805749185,-1.4383263233074153,0.1354427439454181,5.2932,1,5.2932,6.0,inf
915,0,-1.40000075037201,-1.043770275632883,-0.43902493683505595,6.0,0,8.0001,6.0,inf
915,1,-1.40000075037201,-1.043770275632883,-0.43902493683505595,6.0,0,8.0001,6.0,inf
915,2,-1.40000075037201,-1.043770275632883,-0.43902493683505595,6.0,0,8.0001,6.0,inf
915,3,-1.40000075037201,-1.043770275632883,-0.43902493683505595,6.0,0,8.0001,6.0,inf
915,4,-1.40000075037201,-1.043770275632883,-0.43902493683505595,6.0,0,8.0001,6.0,inf
915,5,-1.40000075037201,-1.043770275632883,-0.43902493683505595,6.0,0,8.0001,6.0,inf
916,0,0.7647053800892539,0.3762781052655616,-0.8557730813000217,0.45899999999999996,1,0.45899999999999996,6.0,inf
916,1,0.7647053800892539,0.3762781052655616,-0.8557730813000217,0.45899999999999996,1,0.45899999999999996,6.0,inf
916,2,0.7647053800892539,0.3762781052655616,-0.8557730813000217,0.45899999999999996,1,0.45899999999999996,6.0,inf
916,3,0.7647053800892539,0.3762781052655616,-0.8557730813000217,0.45899999999999996,1,0.45899999999999996,6.0,inf
916,4,0.7647053800892539,0.3762781052655616,-0.8557730813000217,0.45899999999999996,1,0.45899999999999996,6.0,inf
916,5,0.7647053800892539,0.3762781052655616,-0.8557730813000217,0.45899999999999996,1,0.45899999999999996,6.0,inf
917,0,-0.1962570521877092,1.056134693348097,0.2912469546189764,3.5313,1,3.5313,6.0,inf
917,1,-0.1962570521877092,1.056134693348097,0.2912469546189764,3.5313,1,3.5313,6.0,inf
917,2,-0.1962570521877092,1.056134693348097,0.2912469546189764,3.5313,1,3.5313,6.0,inf
917,3,-0.1962570521877092,1.056134693348097,0.2912469546189764,3.5313,1,3.5313,6.0,inf
917,4,-0.1962570521877092,1.056134693348097,0.2912469546189764,3.5313,1,3.5313,6.0,inf
917,5,-0.1962570521877092,1.056134693348097,0.2912469546189764,3.5313,1,3.5313,6.0,inf
918,0,0.19296768500614644,-1.1331340422128222,-0.6458935056953543,4.5036,1,4.5036,6.0,inf
918,1,0.19296768500614644,-1.1331340422128222,-0.6458935056953543,4.5036,1,4.5036,6.0,inf
918,2,0.19296768500614644,-1.1331340422128222,-0.6458935056953543,4.5036,1,4.5036,6.0,inf
918,3,0.19296768500614644,-1.1331340422128222,-0.6458935056953543,4.5036,1,4.5036,6.0,inf
918,4,0.19296768500614644,-1.1331340422128222,-0.6458935056953543,4.5036,1,4.5036,6.0,inf
918,5,0.19296768500614644,-1.1331340422128222,-0.6458935056953543,4.5036,1,4.5036,6.0,inf
919,0,-0.1762329882983297,-1.006104954617048,0.4727998190500855,4.525499999999999,1,4.525499999999999,6.0,inf
919,1,-0.1762329882983297,-1.006104954617048,0.4727998190500855,4.525499999999999,1,4.525499999999999,6.0,inf
919,2,-0.1762329882983297,-1.006104954617048,0.4727998190500855,4.525499999999999,1,4.525499999999999,6.0,inf
919,3,-0.1762329882983297,-1.006104954617048,0.4727998190500855,4.525499999999999,1,4.525499999999999,6.0,inf
919,4,-0.1762329882983297,-1.006104954617048,0.4727998190500855,4.525499999999999,1,4.525499999999999,6.0,inf
919,5,-0.1762329882983297,-1.006104954617048,0.4727998190500855,4.525499999999999,1,4.525499999999999,6.0,inf
920,0,2.2941383071641175,1.381423974738166,-0.6242858860678513,1.3026,1,1.3026,6.0,inf
920,1,2.2941383071641175,1.381423974738166,-0.6242858860678513,1.3026,1,1.3026,6.0,inf
920,2,2.2941383071641175,1.381423974738166,-0.6242858860678513,1.3026,1,1.3026,6.0,inf
920,3,2.2941383071641175,1.381423974738166,-0.6242858860678513,1.3026,1,1.3026,6.0,inf
920,4,2.2941383071641175,1.381423974738166,-0.6242858860678513,1.3026,1,1.3026,6.0,inf
920,5,2.2941383071641175,1.381423974738166,-0.6242858860678513,1.3026,1,1.3026,6.0,inf
921,0,0.8040557424008199,-0.6999187920109937,-0.012824064313605067,3.3026999999999997,1,3.3026999999999997,6.0,inf
921,1,0.8040557424008199,-0.6999187920109937,-0.012824064313605067,3.3026999999999997,1,3.3026999999999997,6.0,inf
921,2,0.8040557424008199,-0.6999187920109937,-0.012824064313605067,3.3026999999999997,1,3.3026999999999997,6.0,inf
921,3,0.8040557424008199,-0.6999187920109937,-0.012824064313605067,3.3026999999999997,1,3.3026999999999997,6.0,inf
921,4,0.8040557424008199,-0.6999187920109937,-0.012824064313605067,3.3026999999999997,1,3.3026999999999997,6.0,inf
921,5,0.8040557424008199,-0.6999187920109937,-0.012824064313605067,3.3026999999999997,1,3.3026999999999997,6.0,inf
922,0,-0.4685792867117792,1.6924498521807756,0.7715781421110576,0.0003,1,0.0003,6.0,inf
922,1,-0.4685792867117792,1.6924498521807756,0.7715781421110576,0.0003,1,0.0003,6.0,inf
922,2,-0.4685792867117792,1.6924498521807756,0.7715781421110576,0.0003,1,0.0003,6.0,inf
922,3,-0.4685792867117792,1.6924498521807756,0.7715781421110576,0.0003,1,0.0003,6.0,inf
922,4,-0.4685792867117792,1.6924498521807756,0.7715781421110576,0.0003,1,0.0003,6.0,inf
922,5,-0.4685792867117792,1.6924498521807756,0.7715781421110576,0.0003,1,0.0003,6.0,inf
923,0,0.034272575655258194,-0.7942991748909626,-1.4694650176811241,5.1659999999999995,1,5.1659999999999995,6.0,inf
923,1,0.034272575655258194,-0.7942991748909626,-1.4694650176811241,5.1659999999999995,1,5.1659999999999995,6.0,inf
923,2,0.034272575655258194,-0.7942991748909626,-1.4694650176811241,5.1659999999999995,1,5.1659999999999995,6.0,inf
923,3,0.034272575655258194,-0.7942991748909626,-1.4694650176811241,5.1659999999999995,1,5.1659999999999995,6.0,inf
923,4,0.034272575655258194,-0.7942991748909626,-1.4694650176811241,5.1659999999999995,1,5.1659999999999995,6.0,inf
923,5,0.034272575655258194,-0.7942991748909626,-1.4694650176811241,5.1659999999999995,1,5.1659999999999995,6.0,inf
924,0,-0.11795461477728873,1.0217618617404742,-0.284596854618934,0.0003,1,0.0003,6.0,inf
924,1,-0.11795461477728873,1.0217618617404742,-0.284596854618934,0.0003,1,0.0003,6.0,inf
924,2,-0.11795461477728873,1.0217618617404742,-0.284596854618934,0.0003,1,0.0003,6.0,inf
924,3,-0.11795461477728873,1.0217618617404742,-0.284596854618934,0.0003,1,0.0003,6.0,inf
924,4,-0.11795461477728873,1.0217618617404742,-0.284596854618934,0.0003,1,0.0003,6.0,inf
924,5,-0.11795461477728873,1.0217618617404742,-0.284596854618934,0.0003,1,0.0003,6.0,inf
925,0,-2.6621235069754188,0.01796149979317229,-0.2208174716892637,6.0,0,8.0001,6.0,inf
925,1,-2.6621235069754188,0.01796149979317229,-0.2208174716892637,6.0,0,8.0001,6.0,inf
925,2,-2.6621235069754188,0.01796149979317229,-0.2208174716892637,6.0,0,8.0001,6.0,inf
925,3,-2.6621235069754188,0.01796149979317229,-0.2208174716892637,6.0,0,8.0001,6.0,inf
925,4,-2.6621235069754188,0.01796149979317229,-0.2208174716892637,6.0,0,8.0001,6.0,inf
925,5,-2.6621235069754188,0.01796149979317229,-0.2208174716892637,6.0,0,8.0001,6.0,inf
926,0,0.6631951998447874,0.10777927962957994,0.362042799227499,2.0766,1,2.0766,6.0,inf
926,1,0.6631951998447874,0.10777927962957994,0.362042799227499,2.0766,1,2.0766,6.0,inf
926,2,0.6631951998447874,0.10777927962957994,0.362042799227499,2.0766,1,2.0766,6.0,inf
926,3,0.6631951998447874,0.10777927962957994,0.362042799227499,2.0766,1,2.0766,6.0,inf
926,4,0.6631951998447874,0.10777927962957994,0.362042799227499,2.0766,1,2.0766,6.0,inf
926,5,0.6631951998447874,0.10777927962957994,0.362042799227499,2.0766,1,2.0766,6.0,inf
927,0,1.0824018805889066,2.6591400385272426,-0.29025404769221663,0.423,1,0.423,6.0,inf
927,1,1.0824018805889066,2.6591400385272426,-0.29025404769221663,0.423,1,0.423,6.0,inf
927,2,1.0824018805889066,2.6591400385272426,-0.29025404769221663,0.423,1,0.423,6.0,inf
927,3,1.0824018805889066,2.6591400385272426,-0.29025404769221663,0.423,1,0.423,6.0,inf
927,4,1.0824018805889066,2.6591400385272426,-0.29025404769221663,0.423,1,0.423,6.0,inf
927,5,1.0824018805889066,2.6591400385272426,-0.29025404769221663,0.423,1,0.423,6.0,inf
928,0,-0.913664280744302,-3.082048851569722,-2.046268499893848,6.0,0,8.0001,6.0,inf
928,1,-0.913664280744302,-3.082048851569722,-2.046268499893848,6.0,0,8.0001,6.0,inf
928,2,-0.913664280744302,-3.082048851569722,-2.046268499893848,6.0,0,8.0001,6.0,inf
928,3,-0.913664280744302,-3.082048851569722,-2.046268499893848,6.0,0,8.0001,6.0,inf
928,4,-0.913664280744302,-3.082048851569722,-2.046268499893848,6.0,0,8.0001,6.0,inf
928,5,-0.913664280744302,-3.082048851569722,-2.046268499893848,6.0,0,8.0001,6.0,inf
929,0,-1.9557791838683072,0.04440758311029281,0.4487902104364785,0.8285999999999999,1,0.8285999999999999,6.0,inf
929,1,-1.9557791838683072,0.04440758311029281,0.4487902104364785,0.8285999999999999,1,0.8285999999999999,6.0,inf
929,2,-1.9557791838683072,0.04440758311029281,0.4487902104364785,0.8285999999999999,1,0.8285999999999999,6.0,inf
929,3,-1.9557791838683072,0.04440758311029281,0.4487902104364785,0.8285999999999999,1,0.8285999999999999,6.0,inf
929,4,-1.9557791838683072,0.04440758311029281,0.4487902104364785,0.8285999999999999,1,0.8285999999999999,6.0,inf
929,5,-1.9557791838683072,0.04440758311029281,0.4487902104364785,0.8285999999999999,1,0.8285999999999999,6.0,inf
930,0,0.6128817451146668,-1.4867325170447003,-2.39119148791996,6.0,0,7.2879,6.0,inf
930,1,0.6128817451146668,-1.4867325170447003,-2.39119148791996,6.0,0,7.2879,6.0,inf
930,2,0.6128817451146668,-1.4867325170447003,-2.39119148791996,6.0,0,7.2879,6.0,inf
930,3,0.6128817451146668,-1.4867325170447003,-2.39119148791996,6.0,0,7.2879,6.0,inf
930,4,0.6128817451146668,-1.4867325170447003,-2.39119148791996,6.0,0,7.2879,6.0,inf
930,5,0.6128817451146668,-1.4867325170447003,-2.39119148791996,6.0,0,7.2879,6.0,inf
931,0,0.3926989465913944,0.4462348101756755,0.5197357195500415,1.0626,1,1.0626,6.0,inf
931,1,0.3926989465913944,0.4462348101756755,0.5197357195500415,1.0626,1,1.0626,6.0,inf
931,2,0.3926989465913944,0.4462348101756755,0.5197357195500415,1.0626,1,1.0626,6.0,inf
931,3,0.3926989465913944,0.4462348101756755,0.5197357195500415,1.0626,1,1.0626,6.0,inf
931,4,0.3926989465913944,0.4462348101756755,0.5197357195500415,1.0626,1,1.0626,6.0,inf
931,5,0.3926989465913944,0.4462348101756755,0.5197357195500415,1.0626,1,1.0626,6.0,inf
932,0,0.5778226326428983,1.1035052414368585,-0.0023026029549859453,0.9482999999999999,1,0.9482999999999999,6.0,inf
932,1,0.5778226326428983,1.1035052414368585,-0.0023026029549859453,0.9482999999999999,1,0.9482999999999999,6.0,inf
932,2,0.5778226326428983,1.1035052414368585,-0.0023026029549859453,0.9482999999999999,1,0.9482999999999999,6.0,inf
932,3,0.5778226326428983,1.1035052414368585,-0.0023026029549859453,0.9482999999999999,1,0.9482999999999999,6.0,inf
932,4,0.5778226326428983,1.1035052414368585,-0.0023026029549859453,0.9482999999999999,1,0.9482999999999999,6.0,inf
932,5,0.5778226326428983,1.1035052414368585,-0.0023026029549859453,0.9482999999999999,1,0.9482999999999999,6.0,inf
933,0,1.8698488657197323,-0.9721763696824339,1.6091767118126548,1.0125,1,1.0125,6.0,inf
933,1,1.8698488657197323,-0.9721763696824339,1.6091767118126548,1.0125,1,1.0125,6.0,inf
933,2,1.8698488657197323,-0.9721763696824339,1.6091767118126548,1.0125,1,1.0125,6.0,inf
933,3,1.8698488657197323,-0.9721763696824339,1.6091767118126548,1.0125,1,1.0125,6.0,inf
933,4,1.8698488657197323,-0.9721763696824339,1.6091767118126548,1.0125,1,1.0125,6.0,inf
933,5,1.8698488657197323,-0.9721763696824339,1.6091767118126548,1.0125,1,1.0125,6.0,inf
934,0,-0.4314042851158849,0.018528036642326176,0.4722072172337164,3.6314999999999995,1,3.6314999999999995,6.0,inf
934,1,-0.4314042851158849,0.018528036642326176,0.4722072172337164,3.6314999999999995,1,3.6314999999999995,6.0,inf
934,2,-0.4314042851158849,0.018528036642326176,0.4722072172337164,3.6314999999999995,1,3.6314999999999995,6.0,inf
934,3,-0.4314042851158849,0.018528036642326176,0.4722072172337164,3.6314999999999995,1,3.6314999999999995,6.0,inf
934,4,-0.4314042851158849,0.018528036642326176,0.4722072172337164,3.6314999999999995,1,3.6314999999999995,6.0,inf
934,5,-0.4314042851158849,0.018528036642326176,0.4722072172337164,3.6314999999999995,1,3.6314999999999995,6.0,inf
935,0,1.8299430635290637,1.0032889891876322,1.532824981019697,0.9878999999999999,1,0.9878999999999999,6.0,inf
935,1,1.8299430635290637,1.0032889891876322,1.532824981019697,0.9878999999999999,1,0.9878999999999999,6.0,inf
935,2,1.8299430635290637,1.0032889891876322,1.532824981019697,0.9878999999999999,1,0.9878999999999999,6.0,inf
935,3,1.8299430635290637,1.0032889891876322,1.532824981019697,0.9878999999999999,1,0.9878999999999999,6.0,inf
935,4,1.8299430635290637,1.0032889891876322,1.532824981019697,0.9878999999999999,1,0.9878999999999999,6.0,inf
935,5,1.8299430635290637,1.0032889891876322,1.532824981019697,0.9878999999999999,1,0.9878999999999999,6.0,inf
936,0,0.14667752752424176,0.37388158298526625,-0.8723621128332051,1.9697999999999998,1,1.9697999999999998,6.0,inf
936,1,0.14667752752424176,0.37388158298526625,-0.8723621128332051,1.9697999999999998,1,1.9697999999999998,6.0,inf
936,2,0.14667752752424176,0.37388158298526625,-0.8723621128332051,1.9697999999999998,1,1.9697999999999998,6.0,inf
936,3,0.14667752752424176,0.37388158298526625,-0.8723621128332051,1.9697999999999998,1,1.9697999999999998,6.0,inf
936,4,0.14667752752424176,0.37388158298526625,-0.8723621128332051,1.9697999999999998,1,1.9697999999999998,6.0,inf
936,5,0.14667752752424176,0.37388158298526625,-0.8723621128332051,1.9697999999999998,1,1.9697999999999998,6.0,inf
937,0,0.4087697753695809,0.349704162835947,0.9937973247177252,1.3074,1,1.3074,6.0,inf
937,1,0.4087697753695809,0.349704162835947,0.9937973247177252,1.3074,1,1.3074,6.0,inf
937,2,0.4087697753695809,0.349704162835947,0.9937973247177252,1.3074,1,1.3074,6.0,inf
937,3,0.4087697753695809,0.349704162835947,0.9937973247177252,1.3074,1,1.3074,6.0,inf
937,4,0.4087697753695809,0.349704162835947,0.9937973247177252,1.3074,1,1.3074,6.0,inf
937,5,0.4087697753695809,0.349704162835947,0.9937973247177252,1.3074,1,1.3074,6.0,inf
938,0,0.23771149594546143,0.015467211916408173,-1.9510519140651343,6.0,0,6.0245999999999995,6.0,inf
938,1,0.23771149594546143,0.015467211916408173,-1.9510519140651343,6.0,0,6.0245999999999995,6.0,inf
938,2,0.23771149594546143,0.015467211916408173,-1.9510519140651343,6.0,0,6.0245999999999995,6.0,inf
938,3,0.23771149594546143,0.015467211916408173,-1.9510519140651343,6.0,0,6.0245999999999995,6.0,inf
938,4,0.23771149594546143,0.015467211916408173,-1.9510519140651343,6.0,0,6.0245999999999995,6.0,inf
938,5,0.23771149594546143,0.015467211916408173,-1.9510519140651343,6.0,0,6.0245999999999995,6.0,inf
939,0,-0.14826867567040683,0.01926887066540399,-2.530599087502545,4.1109,1,4.1109,6.0,inf
939,1,-0.14826867567040683,0.01926887066540399,-2.530599087502545,4.1109,1,4.1109,6.0,inf
939,2,-0.14826867567040683,0.01926887066540399,-2.530599087502545,4.1109,1,4.1109,6.0,inf
939,3,-0.14826867567040683,0.01926887066540399,-2.530599087502545,4.1109,1,4.1109,6.0,inf
939,4,-0.14826867567040683,0.01926887066540399,-2.530599087502545,4.1109,1,4.1109,6.0,inf
939,5,-0.14826867567040683,0.01926887066540399,-2.530599087502545,4.1109,1,4.1109,6.0,inf
940,0,1.6012919846055986,0.03794823705639406,1.9471000964265281,1.0323,1,1.0323,6.0,inf
940,1,1.6012919846055986,0.03794823705639406,1.9471000964265281,1.0323,1,1.0323,6.0,inf
940,2,1.6012919846055986,0.03794823705639406,1.9471000964265281,1.0323,1,1.0323,6.0,inf
940,3,1.6012919846055986,0.03794823705639406,1.9471000964265281,1.0323,1,1.0323,6.0,inf
940,4,1.6012919846055986,0.03794823705639406,1.9471000964265281,1.0323,1,1.0323,6.0,inf
940,5,1.6012919846055986,0.03794823705639406,1.9471000964265281,1.0323,1,1.0323,6.0,inf
941,0,-0.6407412920348665,0.36228877692722194,-0.497026658571998,3.9305999999999996,1,3.9305999999999996,6.0,inf
941,1,-0.6407412920348665,0.36228877692722194,-0.497026658571998,3.9305999999999996,1,3.9305999999999996,6.0,inf
941,2,-0.6407412920348665,0.36228877692722194,-0.497026658571998,3.9305999999999996,1,3.9305999999999996,6.0,inf
941,3,-0.6407412920348665,0.36228877692722194,-0.497026658571998,3.9305999999999996,1,3.9305999999999996,6.0,inf
941,4,-0.6407412920348665,0.36228877692722194,-0.497026658571998,3.9305999999999996,1,3.9305999999999996,6.0,inf
941,5,-0.6407412920348665,0.36228877692722194,-0.497026658571998,3.9305999999999996,1,3.9305999999999996,6.0,inf
942,0,-0.0009768371770733973,-0.22568331950628748,-0.12293135801600721,3.4254,1,3.4254,6.0,inf
942,1,-0.0009768371770733973,-0.22568331950628748,-0.12293135801600721,3.4254,1,3.4254,6.0,inf
942,2,-0.0009768371770733973,-0.22568331950628748,-0.12293135801600721,3.4254,1,3.4254,6.0,inf
942,3,-0.0009768371770733973,-0.22568331950628748,-0.12293135801600721,3.4254,1,3.4254,6.0,inf
942,4,-0.0009768371770733973,-0.22568331950628748,-0.12293135801600721,3.4254,1,3.4254,6.0,inf
942,5,-0.0009768371770733973,-0.22568331950628748,-0.12293135801600721,3.4254,1,3.4254,6.0,inf
943,0,-0.6092193168593188,-1.0578613832991601,0.379499038925596,5.8458,1,5.8458,6.0,inf
943,1,-0.6092193168593188,-1.0578613832991601,0.379499038925596,5.8458,1,5.8458,6.0,inf
943,2,-0.6092193168593188,-1.0578613832991601,0.379499038925596,5.8458,1,5.8458,6.0,inf
943,3,-0.6092193168593188,-1.0578613832991601,0.379499038925596,5.8458,1,5.8458,6.0,inf
943,4,-0.6092193168593188,-1.0578613832991601,0.379499038925596,5.8458,1,5.8458,6.0,inf
943,5,-0.6092193168593188,-1.0578613832991601,0.379499038925596,5.8458,1,5.8458,6.0,inf
944,0,0.3988060308158233,0.2558860968333205,2.3682094475442965,1.1324999999999998,1,1.1324999999999998,6.0,inf
944,1,0.3988060308158233,0.2558860968333205,2.3682094475442965,1.1324999999999998,1,1.1324999999999998,6.0,inf
944,2,0.3988060308158233,0.2558860968333205,2.3682094475442965,1.1324999999999998,1,1.1324999999999998,6.0,inf
944,3,0.3988060308158233,0.2558860968333205,2.3682094475442965,1.1324999999999998,1,1.1324999999999998,6.0,inf
944,4,0.3988060308158233,0.2558860968333205,2.3682094475442965,1.1324999999999998,1,1.1324999999999998,6.0,inf
944,5,0.3988060308158233,0.2558860968333205,2.3682094475442965,1.1324999999999998,1,1.1324999999999998,6.0,inf
945,0,-1.2211624694060124,0.2070546676097941,-1.1933513335404853,4.431,1,4.431,6.0,inf
945,1,-1.2211624694060124,0.2070546676097941,-1.1933513335404853,4.431,1,4.431,6.0,inf
945,2,-1.2211624694060124,0.2070546676097941,-1.1933513335404853,4.431,1,4.431,6.0,inf
945,3,-1.2211624694060124,0.2070546676097941,-1.1933513335404853,4.431,1,4.431,6.0,inf
945,4,-1.2211624694060124,0.2070546676097941,-1.1933513335404853,4.431,1,4.431,6.0,inf
945,5,-1.2211624694060124,0.2070546676097941,-1.1933513335404853,4.431,1,4.431,6.0,inf
946,0,-0.6518957693533278,0.12458809579192923,0.005083018093340291,3.921,1,3.921,6.0,inf
946,1,-0.6518957693533278,0.12458809579192923,0.005083018093340291,3.921,1,3.921,6.0,inf
946,2,-0.6518957693533278,0.12458809579192923,0.005083018093340291,3.921,1,3.921,6.0,inf
946,3,-0.6518957693533278,0.12458809579192923,0.005083018093340291,3.921,1,3.921,6.0,inf
946,4,-0.6518957693533278,0.12458809579192923,0.005083018093340291,3.921,1,3.921,6.0,inf
946,5,-0.6518957693533278,0.12458809579192923,0.005083018093340291,3.921,1,3.921,6.0,inf
947,0,1.534984296528042,1.4481541127986564,-1.036880488692372,2.1429,1,2.1429,6.0,inf
947,1,1.534984296528042,1.4481541127986564,-1.036880488692372,2.1429,1,2.1429,6.0,inf
947,2,1.534984296528042,1.4481541127986564,-1.036880488692372,2.1429,1,2.1429,6.0,inf
947,3,1.534984296528042,1.4481541127986564,-1.036880488692372,2.1429,1,2.1429,6.0,inf
947,4,1.534984296528042,1.4481541127986564,-1.036880488692372,2.1429,1,2.1429,6.0,inf
947,5,1.534984296528042,1.4481541127986564,-1.036880488692372,2.1429,1,2.1429,6.0,inf
948,0,-0.1592681087087708,-1.103726572168187,-0.1676716245492082,2.0703,1,2.0703,6.0,inf
948,1,-0.1592681087087708,-1.103726572168187,-0.1676716245492082,2.0703,1,2.0703,6.0,inf
948,2,-0.1592681087087708,-1.103726572168187,-0.1676716245492082,2.0703,1,2.0703,6.0,inf
948,3,-0.1592681087087708,-1.103726572168187,-0.1676716245492082,2.0703,1,2.0703,6.0,inf
948,4,-0.1592681087087708,-1.103726572168187,-0.1676716245492082,2.0703,1,2.0703,6.0,inf
948,5,-0.1592681087087708,-1.103726572168187,-0.1676716245492082,2.0703,1,2.0703,6.0,inf
949,0,1.4501667935428952,0.26840271422739514,1.2643991887449813,1.1595,1,1.1595,6.0,inf
949,1,1.4501667935428952,0.26840271422739514,1.2643991887449813,1.1595,1,1.1595,6.0,inf
949,2,1.4501667935428952,0.26840271422739514,1.2643991887449813,1.1595,1,1.1595,6.0,inf
949,3,1.4501667935428952,0.26840271422739514,1.2643991887449813,1.1595,1,1.1595,6.0,inf
949,4,1.4501667935428952,0.26840271422739514,1.2643991887449813,1.1595,1,1.1595,6.0,inf
949,5,1.4501667935428952,0.26840271422739514,1.2643991887449813,1.1595,1,1.1595,6.0,inf
950,0,-1.0045881991805345,-0.1039970383551033,0.14944506687767814,3.8651999999999997,1,3.8651999999999997,6.0,inf
950,1,-1.0045881991805345,-0.1039970383551033,0.14944506687767814,3.8651999999999997,1,3.8651999999999997,6.0,inf
950,2,-1.0045881991805345,-0.1039970383551033,0.14944506687767814,3.8651999999999997,1,3.8651999999999997,6.0,inf
950,3,-1.0045881991805345,-0.1039970383551033,0.14944506687767814,3.8651999999999997,1,3.8651999999999997,6.0,inf
950,4,-1.0045881991805345,-0.1039970383551033,0.14944506687767814,3.8651999999999997,1,3.8651999999999997,6.0,inf
950,5,-1.0045881991805345,-0.1039970383551033,0.14944506687767814,3.8651999999999997,1,3.8651999999999997,6.0,inf
951,0,-0.581183983126494,0.19826863269870962,-1.095490499184833,2.3322,1,2.3322,6.0,inf
951,1,-0.581183983126494,0.19826863269870962,-1.095490499184833,2.3322,1,2.3322,6.0,inf
951,2,-0.581183983126494,0.19826863269870962,-1.095490499184833,2.3322,1,2.3322,6.0,inf
951,3,-0.581183983126494,0.19826863269870962,-1.095490499184833,2.3322,1,2.3322,6.0,inf
951,4,-0.581183983126494,0.19826863269870962,-1.095490499184833,2.3322,1,2.3322,6.0,inf
951,5,-0.581183983126494,0.19826863269870962,-1.095490499184833,2.3322,1,2.3322,6.0,inf
952,0,2.203871900887465,0.24261184762584237,0.08499923351725719,1.4844,1,1.4844,6.0,inf
952,1,2.203871900887465,0.24261184762584237,0.08499923351725719,1.4844,1,1.4844,6.0,inf
952,2,2.203871900887465,0.24261184762584237,0.08499923351725719,1.4844,1,1.4844,6.0,inf
952,3,2.203871900887465,0.24261184762584237,0.08499923351725719,1.4844,1,1.4844,6.0,inf
952,4,2.203871900887465,0.24261184762584237,0.08499923351725719,1.4844,1,1.4844,6.0,inf
952,5,2.203871900887465,0.24261184762584237,0.08499923351725719,1.4844,1,1.4844,6.0,inf
953,0,1.4721927679040605,0.17819680746494337,0.9738671194366708,1.0689,1,1.0689,6.0,inf
953,1,1.4721927679040605,0.17819680746494337,0.9738671194366708,1.0689,1,1.0689,6.0,inf
953,2,1.4721927679040605,0.17819680746494337,0.9738671194366708,1.0689,1,1.0689,6.0,inf
953,3,1.4721927679040605,0.17819680746494337,0.9738671194366708,1.0689,1,1.0689,6.0,inf
953,4,1.4721927679040605,0.17819680746494337,0.9738671194366708,1.0689,1,1.0689,6.0,inf
953,5,1.4721927679040605,0.17819680746494337,0.9738671194366708,1.0689,1,1.0689,6.0,inf
954,0,0.8871536342898103,0.4701949518029709,1.1570587249663382,1.1687999999999998,1,1.1687999999999998,6.0,inf
954,1,0.8871536342898103,0.4701949518029709,1.1570587249663382,1.1687999999999998,1,1.1687999999999998,6.0,inf
954,2,0.8871536342898103,0.4701949518029709,1.1570587249663382,1.1687999999999998,1,1.1687999999999998,6.0,inf
954,3,0.8871536342898103,0.4701949518029709,1.1570587249663382,1.1687999999999998,1,1.1687999999999998,6.0,inf
954,4,0.8871536342898103,0.4701949518029709,1.1570587249663382,1.1687999999999998,1,1.1687999999999998,6.0,inf
954,5,0.8871536342898103,0.4701949518029709,1.1570587249663382,1.1687999999999998,1,1.1687999999999998,6.0,inf
955,0,0.5923163732429472,1.3391460812040956,-0.2339175306299862,1.8798,1,1.8798,6.0,inf
955,1,0.5923163732429472,1.3391460812040956,-0.2339175306299862,1.8798,1,1.8798,6.0,inf
955,2,0.5923163732429472,1.3391460812040956,-0.2339175306299862,1.8798,1,1.8798,6.0,inf
955,3,0.5923163732429472,1.3391460812040956,-0.2339175306299862,1.8798,1,1.8798,6.0,inf
955,4,0.5923163732429472,1.3391460812040956,-0.2339175306299862,1.8798,1,1.8798,6.0,inf
955,5,0.5923163732429472,1.3391460812040956,-0.2339175306299862,1.8798,1,1.8798,6.0,inf
956,0,0.09968610800134443,-0.2751724062323632,1.1476679249129917,2.3348999999999998,1,2.3348999999999998,6.0,inf
956,1,0.09968610800134443,-0.2751724062323632,1.1476679249129917,2.3348999999999998,1,2.3348999999999998,6.0,inf
956,2,0.09968610800134443,-0.2751724062323632,1.1476679249129917,2.3348999999999998,1,2.3348999999999998,6.0,inf
956,3,0.09968610800134443,-0.2751724062323632,1.1476679249129917,2.3348999999999998,1,2.3348999999999998,6.0,inf
956,4,0.09968610800134443,-0.2751724062323632,1.1476679249129917,2.3348999999999998,1,2.3348999999999998,6.0,inf
956,5,0.09968610800134443,-0.2751724062323632,1.1476679249129917,2.3348999999999998,1,2.3348999999999998,6.0,inf
957,0,0.12889059127065539,0.1010929815199156,0.8538851289768102,1.0823999999999998,1,1.0823999999999998,6.0,inf
957,1,0.12889059127065539,0.1010929815199156,0.8538851289768102,1.0823999999999998,1,1.0823999999999998,6.0,inf
957,2,0.12889059127065539,0.1010929815199156,0.8538851289768102,1.0823999999999998,1,1.0823999999999998,6.0,inf
957,3,0.12889059127065539,0.1010929815199156,0.8538851289768102,1.0823999999999998,1,1.0823999999999998,6.0,inf
957,4,0.12889059127065539,0.1010929815199156,0.8538851289768102,1.0823999999999998,1,1.0823999999999998,6.0,inf
957,5,0.12889059127065539,0.1010929815199156,0.8538851289768102,1.0823999999999998,1,1.0823999999999998,6.0,inf
958,0,1.8905728296569608,-1.1660860765401666,0.435044134114518,1.5191999999999999,1,1.5191999999999999,6.0,inf
958,1,1.8905728296569608,-1.1660860765401666,0.435044134114518,1.5191999999999999,1,1.5191999999999999,6.0,inf
958,2,1.8905728296569608,-1.1660860765401666,0.435044134114518,1.5191999999999999,1,1.5191999999999999,6.0,inf
958,3,1.8905728296569608,-1.1660860765401666,0.435044134114518,1.5191999999999999,1,1.5191999999999999,6.0,inf
958,4,1.8905728296569608,-1.1660860765401666,0.435044134114518,1.5191999999999999,1,1.5191999999999999,6.0,inf
958,5,1.8905728296569608,-1.1660860765401666,0.435044134114518,1.5191999999999999,1,1.5191999999999999,6.0,inf
959,0,-0.2401469724145539,0.36380194113550474,-0.3553791473065197,2.1395999999999997,1,2.1395999999999997,6.0,inf
959,1,-0.2401469724145539,0.36380194113550474,-0.3553791473065197,2.1395999999999997,1,2.1395999999999997,6.0,inf
959,2,-0.2401469724145539,0.36380194113550474,-0.3553791473065197,2.1395999999999997,1,2.1395999999999997,6.0,inf
959,3,-0.2401469724145539,0.36380194113550474,-0.3553791473065197,2.1395999999999997,1,2.1395999999999997,6.0,inf
959,4,-0.2401469724145539,0.36380194113550474,-0.3553791473065197,2.1395999999999997,1,2.1395999999999997,6.0,inf
959,5,-0.2401469724145539,0.36380194113550474,-0.3553791473065197,2.1395999999999997,1,2.1395999999999997,6.0,inf
960,0,1.1215395731456945,-0.6074308866022147,1.433518180351947,1.0496999999999999,1,1.0496999999999999,6.0,inf
960,1,1.1215395731456945,-0.6074308866022147,1.433518180351947,1.0496999999999999,1,1.0496999999999999,6.0,inf
960,2,1.1215395731456945,-0.6074308866022147,1.433518180351947,1.0496999999999999,1,1.0496999999999999,6.0,inf
960,3,1.1215395731456945,-0.6074308866022147,1.433518180351947,1.0496999999999999,1,1.0496999999999999,6.0,inf
960,4,1.1215395731456945,-0.6074308866022147,1.433518180351947,1.0496999999999999,1,1.0496999999999999,6.0,inf
960,5,1.1215395731456945,-0.6074308866022147,1.433518180351947,1.0496999999999999,1,1.0496999999999999,6.0,inf
961,0,-1.5669276845971258,-1.4799609304847314,0.6673133956161403,6.0,0,6.272099999999999,6.0,inf
961,1,-1.5669276845971258,-1.4799609304847314,0.6673133956161403,6.0,0,6.272099999999999,6.0,inf
961,2,-1.5669276845971258,-1.4799609304847314,0.6673133956161403,6.0,0,6.272099999999999,6.0,inf
961,3,-1.5669276845971258,-1.4799609304847314,0.6673133956161403,6.0,0,6.272099999999999,6.0,inf
961,4,-1.5669276845971258,-1.4799609304847314,0.6673133956161403,6.0,0,6.272099999999999,6.0,inf
961,5,-1.5669276845971258,-1.4799609304847314,0.6673133956161403,6.0,0,6.272099999999999,6.0,inf
962,0,-0.3060830726211636,-1.092876432106607,1.402827243232624,2.2074,1,2.2074,6.0,inf
962,1,-0.3060830726211636,-1.092876432106607,1.402827243232624,2.2074,1,2.2074,6.0,inf
962,2,-0.3060830726211636,-1.092876432106607,1.402827243232624,2.2074,1,2.2074,6.0,inf
962,3,-0.3060830726211636,-1.092876432106607,1.402827243232624,2.2074,1,2.2074,6.0,inf
962,4,-0.3060830726211636,-1.092876432106607,1.402827243232624,2.2074,1,2.2074,6.0,inf
962,5,-0.3060830726211636,-1.092876432106607,1.402827243232624,2.2074,1,2.2074,6.0,inf
963,0,-0.4241910176526364,2.018592295835562,0.8890054812640964,1.2057,1,1.2057,6.0,inf
963,1,-0.4241910176526364,2.018592295835562,0.8890054812640964,1.2057,1,1.2057,6.0,inf
963,2,-0.4241910176526364,2.018592295835562,0.8890054812640964,1.2057,1,1.2057,6.0,inf
963,3,-0.4241910176526364,2.018592295835562,0.8890054812640964,1.2057,1,1.2057,6.0,inf
963,4,-0.4241910176526364,2.018592295835562,0.8890054812640964,1.2057,1,1.2057,6.0,inf
963,5,-0.4241910176526364,2.018592295835562,0.8890054812640964,1.2057,1,1.2057,6.0,inf
964,0,-0.8963170239028946,0.9802037965712045,2.512074021199341,1.1133,1,1.1133,6.0,inf
964,1,-0.8963170239028946,0.9802037965712045,2.512074021199341,1.1133,1,1.1133,6.0,inf
964,2,-0.8963170239028946,0.9802037965712045,2.512074021199341,1.1133,1,1.1133,6.0,inf
964,3,-0.8963170239028946,0.9802037965712045,2.512074021199341,1.1133,1,1.1133,6.0,inf
964,4,-0.8963170239028946,0.9802037965712045,2.512074021199341,1.1133,1,1.1133,6.0,inf
964,5,-0.8963170239028946,0.9802037965712045,2.512074021199341,1.1133,1,1.1133,6.0,inf
965,0,-0.3700370387122961,0.8394750325831458,0.39016191293486974,1.9166999999999998,1,1.9166999999999998,6.0,inf
965,1,-0.3700370387122961,0.8394750325831458,0.39016191293486974,1.9166999999999998,1,1.9166999999999998,6.0,inf
965,2,-0.3700370387122961,0.8394750325831458,0.39016191293486974,1.9166999999999998,1,1.9166999999999998,6.0,inf
965,3,-0.3700370387122961,0.8394750325831458,0.39016191293486974,1.9166999999999998,1,1.9166999999999998,6.0,inf
965,4,-0.3700370387122961,0.8394750325831458,0.39016191293486974,1.9166999999999998,1,1.9166999999999998,6.0,inf
965,5,-0.3700370387122961,0.8394750325831458,0.39016191293486974,1.9166999999999998,1,1.9166999999999998,6.0,inf
966,0,-0.665162639211121,0.9541655001703493,-0.2949042234947314,1.6617,1,1.6617,6.0,inf
966,1,-0.665162639211121,0.9541655001703493,-0.2949042234947314,1.6617,1,1.6617,6.0,inf
966,2,-0.665162639211121,0.9541655001703493,-0.2949042234947314,1.6617,1,1.6617,6.0,inf
966,3,-0.665162639211121,0.9541655001703493,-0.2949042234947314,1.6617,1,1.6617,6.0,inf
966,4,-0.665162639211121,0.9541655001703493,-0.2949042234947314,1.6617,1,1.6617,6.0,inf
966,5,-0.665162639211121,0.9541655001703493,-0.2949042234947314,1.6617,1,1.6617,6.0,inf
967,0,-1.3492738202152574,1.2112251443649422,-1.3376094065330764,3.8492999999999995,1,3.8492999999999995,6.0,inf
967,1,-1.3492738202152574,1.2112251443649422,-1.3376094065330764,3.8492999999999995,1,3.8492999999999995,6.0,inf
967,2,-1.3492738202152574,1.2112251443649422,-1.3376094065330764,3.8492999999999995,1,3.8492999999999995,6.0,inf
967,3,-1.3492738202152574,1.2112251443649422,-1.3376094065330764,3.8492999999999995,1,3.8492999999999995,6.0,inf
967,4,-1.3492738202152574,1.2112251443649422,-1.3376094065330764,3.8492999999999995,1,3.8492999999999995,6.0,inf
967,5,-1.3492738202152574,1.2112251443649422,-1.3376094065330764,3.8492999999999995,1,3.8492999999999995,6.0,inf
968,0,-0.2736962629201144,2.1553116641534986,1.173171788913643,0.8951999999999999,1,0.8951999999999999,6.0,inf
968,1,-0.2736962629201144,2.1553116641534986,1.173171788913643,0.8951999999999999,1,0.8951999999999999,6.0,inf
968,2,-0.2736962629201144,2.1553116641534986,1.173171788913643,0.8951999999999999,1,0.8951999999999999,6.0,inf
968,3,-0.2736962629201144,2.1553116641534986,1.173171788913643,0.8951999999999999,1,0.8951999999999999,6.0,inf
968,4,-0.2736962629201144,2.1553116641534986,1.173171788913643,0.8951999999999999,1,0.8951999999999999,6.0,inf
968,5,-0.2736962629201144,2.1553116641534986,1.173171788913643,0.8951999999999999,1,0.8951999999999999,6.0,inf
969,0,-0.1551922727109549,0.06433726818451599,0.19585654370118916,4.529999999999999,1,4.529999999999999,6.0,inf
969,1,-0.1551922727109549,0.06433726818451599,0.19585654370118916,4.529999999999999,1,4.529999999999999,6.0,inf
969,2,-0.1551922727109549,0.06433726818451599,0.19585654370118916,4.529999999999999,1,4.529999999999999,6.0,inf
969,3,-0.1551922727109549,0.06433726818451599,0.19585654370118916,4.529999999999999,1,4.529999999999999,6.0,inf
969,4,-0.1551922727109549,0.06433726818451599,0.19585654370118916,4.529999999999999,1,4.529999999999999,6.0,inf
969,5,-0.1551922727109549,0.06433726818451599,0.19585654370118916,4.529999999999999,1,4.529999999999999,6.0,inf
970,0,0.3935829368026605,1.7876335084812853,0.1077791860181121,1.809,1,1.809,6.0,inf
970,1,0.3935829368026605,1.7876335084812853,0.1077791860181121,1.809,1,1.809,6.0,inf
970,2,0.3935829368026605,1.7876335084812853,0.1077791860181121,1.809,1,1.809,6.0,inf
970,3,0.3935829368026605,1.7876335084812853,0.1077791860181121,1.809,1,1.809,6.0,inf
970,4,0.3935829368026605,1.7876335084812853,0.1077791860181121,1.809,1,1.809,6.0,inf
970,5,0.3935829368026605,1.7876335084812853,0.1077791860181121,1.809,1,1.809,6.0,inf
971,0,0.5955006495111774,1.092231972675241,0.8214276755047301,1.0644,1,1.0644,6.0,inf
971,1,0.5955006495111774,1.092231972675241,0.8214276755047301,1.0644,1,1.0644,6.0,inf
971,2,0.5955006495111774,1.092231972675241,0.8214276755047301,1.0644,1,1.0644,6.0,inf
971,3,0.5955006495111774,1.092231972675241,0.8214276755047301,1.0644,1,1.0644,6.0,inf
971,4,0.5955006495111774,1.092231972675241,0.8214276755047301,1.0644,1,1.0644,6.0,inf
971,5,0.5955006495111774,1.092231972675241,0.8214276755047301,1.0644,1,1.0644,6.0,inf
972,0,0.9587310637613323,-0.4708202492487152,2.1244513842244173,1.6374,1,1.6374,6.0,inf
972,1,0.9587310637613323,-0.4708202492487152,2.1244513842244173,1.6374,1,1.6374,6.0,inf
972,2,0.9587310637613323,-0.4708202492487152,2.1244513842244173,1.6374,1,1.6374,6.0,inf
972,3,0.9587310637613323,-0.4708202492487152,2.1244513842244173,1.6374,1,1.6374,6.0,inf
972,4,0.9587310637613323,-0.4708202492487152,2.1244513842244173,1.6374,1,1.6374,6.0,inf
972,5,0.9587310637613323,-0.4708202492487152,2.1244513842244173,1.6374,1,1.6374,6.0,inf
973,0,0.18316118090929445,-0.5166760161322951,-0.20225639927913264,2.3055,1,2.3055,6.0,inf
973,1,0.18316118090929445,-0.5166760161322951,-0.20225639927913264,2.3055,1,2.3055,6.0,inf
973,2,0.18316118090929445,-0.5166760161322951,-0.20225639927913264,2.3055,1,2.3055,6.0,inf
973,3,0.18316118090929445,-0.5166760161322951,-0.20225639927913264,2.3055,1,2.3055,6.0,inf
973,4,0.18316118090929445,-0.5166760161322951,-0.20225639927913264,2.3055,1,2.3055,6.0,inf
973,5,0.18316118090929445,-0.5166760161322951,-0.20225639927913264,2.3055,1,2.3055,6.0,inf
974,0,-0.6776638059885471,0.2359163503516002,-0.5357422751053051,5.6526,1,5.6526,6.0,inf
974,1,-0.6776638059885471,0.2359163503516002,-0.5357422751053051,5.6526,1,5.6526,6.0,inf
974,2,-0.6776638059885471,0.2359163503516002,-0.5357422751053051,5.6526,1,5.6526,6.0,inf
974,3,-0.6776638059885471,0.2359163503516002,-0.5357422751053051,5.6526,1,5.6526,6.0,inf
974,4,-0.6776638059885471,0.2359163503516002,-0.5357422751053051,5.6526,1,5.6526,6.0,inf
974,5,-0.6776638059885471,0.2359163503516002,-0.5357422751053051,5.6526,1,5.6526,6.0,inf
975,0,0.06622732321226446,2.1977024843129858,-0.8787549489402956,1.1721,1,1.1721,6.0,inf
975,1,0.06622732321226446,2.1977024843129858,-0.8787549489402956,1.1721,1,1.1721,6.0,inf
975,2,0.06622732321226446,2.1977024843129858,-0.8787549489402956,1.1721,1,1.1721,6.0,inf
975,3,0.06622732321226446,2.1977024843129858,-0.8787549489402956,1.1721,1,1.1721,6.0,inf
975,4,0.06622732321226446,2.1977024843129858,-0.8787549489402956,1.1721,1,1.1721,6.0,inf
975,5,0.06622732321226446,2.1977024843129858,-0.8787549489402956,1.1721,1,1.1721,6.0,inf
976,0,0.0577848441259408,-1.3691151140042095,1.1230851737664405,3.2384999999999997,1,3.2384999999999997,6.0,inf
976,1,0.0577848441259408,-1.3691151140042095,1.1230851737664405,3.2384999999999997,1,3.2384999999999997,6.0,inf
976,2,0.0577848441259408,-1.3691151140042095,1.1230851737664405,3.2384999999999997,1,3.2384999999999997,6.0,inf
976,3,0.0577848441259408,-1.3691151140042095,1.1230851737664405,3.2384999999999997,1,3.2384999999999997,6.0,inf
976,4,0.0577848441259408,-1.3691151140042095,1.1230851737664405,3.2384999999999997,1,3.2384999999999997,6.0,inf
976,5,0.0577848441259408,-1.3691151140042095,1.1230851737664405,3.2384999999999997,1,3.2384999999999997,6.0,inf
977,0,1.9422799168415903,1.1938704035365537,-1.1158151120687614,2.1407999999999996,1,2.1407999999999996,6.0,inf
977,1,1.9422799168415903,1.1938704035365537,-1.1158151120687614,2.1407999999999996,1,2.1407999999999996,6.0,inf
977,2,1.9422799168415903,1.1938704035365537,-1.1158151120687614,2.1407999999999996,1,2.1407999999999996,6.0,inf
977,3,1.9422799168415903,1.1938704035365537,-1.1158151120687614,2.1407999999999996,1,2.1407999999999996,6.0,inf
977,4,1.9422799168415903,1.1938704035365537,-1.1158151120687614,2.1407999999999996,1,2.1407999999999996,6.0,inf
977,5,1.9422799168415903,1.1938704035365537,-1.1158151120687614,2.1407999999999996,1,2.1407999999999996,6.0,inf
978,0,-0.9774629527913395,-0.8513731725653464,-2.191968844809475,6.0,0,8.0001,6.0,inf
978,1,-0.9774629527913395,-0.8513731725653464,-2.191968844809475,6.0,0,8.0001,6.0,inf
978,2,-0.9774629527913395,-0.8513731725653464,-2.191968844809475,6.0,0,8.0001,6.0,inf
978,3,-0.9774629527913395,-0.8513731725653464,-2.191968844809475,6.0,0,8.0001,6.0,inf
978,4,-0.9774629527913395,-0.8513731725653464,-2.191968844809475,6.0,0,8.0001,6.0,inf
978,5,-0.9774629527913395,-0.8513731725653464,-2.191968844809475,6.0,0,8.0001,6.0,inf
979,0,0.6590302504421819,0.7738718796156909,1.3840045211420144,1.4925,1,1.4925,6.0,inf
979,1,0.6590302504421819,0.7738718796156909,1.3840045211420144,1.4925,1,1.4925,6.0,inf
979,2,0.6590302504421819,0.7738718796156909,1.3840045211420144,1.4925,1,1.4925,6.0,inf
979,3,0.6590302504421819,0.7738718796156909,1.3840045211420144,1.4925,1,1.4925,6.0,inf
979,4,0.6590302504421819,0.7738718796156909,1.3840045211420144,1.4925,1,1.4925,6.0,inf
979,5,0.6590302504421819,0.7738718796156909,1.3840045211420144,1.4925,1,1.4925,6.0,inf
980,0,-0.026050606918632292,-1.7123619564629493,-0.0343196936624963,2.0637,1,2.0637,6.0,inf
980,1,-0.026050606918632292,-1.7123619564629493,-0.0343196936624963,2.0637,1,2.0637,6.0,inf
980,2,-0.026050606918632292,-1.7123619564629493,-0.0343196936624963,2.0637,1,2.0637,6.0,inf
980,3,-0.026050606918632292,-1.7123619564629493,-0.0343196936624963,2.0637,1,2.0637,6.0,inf
980,4,-0.026050606918632292,-1.7123619564629493,-0.0343196936624963,2.0637,1,2.0637,6.0,inf
980,5,-0.026050606918632292,-1.7123619564629493,-0.0343196936624963,2.0637,1,2.0637,6.0,inf
981,0,0.0011152134894203752,0.06498286754755359,-1.0936654539587034,1.5575999999999999,1,1.5575999999999999,6.0,inf
981,1,0.0011152134894203752,0.06498286754755359,-1.0936654539587034,1.5575999999999999,1,1.5575999999999999,6.0,inf
981,2,0.0011152134894203752,0.06498286754755359,-1.0936654539587034,1.5575999999999999,1,1.5575999999999999,6.0,inf
981,3,0.0011152134894203752,0.06498286754755359,-1.0936654539587034,1.5575999999999999,1,1.5575999999999999,6.0,inf
981,4,0.0011152134894203752,0.06498286754755359,-1.0936654539587034,1.5575999999999999,1,1.5575999999999999,6.0,inf
981,5,0.0011152134894203752,0.06498286754755359,-1.0936654539587034,1.5575999999999999,1,1.5575999999999999,6.0,inf
982,0,-0.5576636712856813,-0.3088784435603946,0.8293053283147418,3.8468999999999998,1,3.8468999999999998,6.0,inf
982,1,-0.5576636712856813,-0.3088784435603946,0.8293053283147418,3.8468999999999998,1,3.8468999999999998,6.0,inf
982,2,-0.5576636712856813,-0.3088784435603946,0.8293053283147418,3.8468999999999998,1,3.8468999999999998,6.0,inf
982,3,-0.5576636712856813,-0.3088784435603946,0.8293053283147418,3.8468999999999998,1,3.8468999999999998,6.0,inf
982,4,-0.5576636712856813,-0.3088784435603946,0.8293053283147418,3.8468999999999998,1,3.8468999999999998,6.0,inf
982,5,-0.5576636712856813,-0.3088784435603946,0.8293053283147418,3.8468999999999998,1,3.8468999999999998,6.0,inf
983,0,0.23219041632027398,-1.9378642632955825,-1.3611377186207783,4.590599999999999,1,4.590599999999999,6.0,inf
983,1,0.23219041632027398,-1.9378642632955825,-1.3611377186207783,4.590599999999999,1,4.590599999999999,6.0,inf
983,2,0.23219041632027398,-1.9378642632955825,-1.3611377186207783,4.590599999999999,1,4.590599999999999,6.0,inf
983,3,0.23219041632027398,-1.9378642632955825,-1.3611377186207783,4.590599999999999,1,4.590599999999999,6.0,inf
983,4,0.23219041632027398,-1.9378642632955825,-1.3611377186207783,4.590599999999999,1,4.590599999999999,6.0,inf
983,5,0.23219041632027398,-1.9378642632955825,-1.3611377186207783,4.590599999999999,1,4.590599999999999,6.0,inf
984,0,0.11626034242416877,-0.6230671028396716,-0.10388231146935503,2.5850999999999997,1,2.5850999999999997,6.0,inf
984,1,0.11626034242416877,-0.6230671028396716,-0.10388231146935503,2.5850999999999997,1,2.5850999999999997,6.0,inf
984,2,0.11626034242416877,-0.6230671028396716,-0.10388231146935503,2.5850999999999997,1,2.5850999999999997,6.0,inf
984,3,0.11626034242416877,-0.6230671028396716,-0.10388231146935503,2.5850999999999997,1,2.5850999999999997,6.0,inf
984,4,0.11626034242416877,-0.6230671028396716,-0.10388231146935503,2.5850999999999997,1,2.5850999999999997,6.0,inf
984,5,0.11626034242416877,-0.6230671028396716,-0.10388231146935503,2.5850999999999997,1,2.5850999999999997,6.0,inf
985,0,2.2916603119203023,-2.4887590447942567,-0.8326766671363198,3.312,1,3.312,6.0,inf
985,1,2.2916603119203023,-2.4887590447942567,-0.8326766671363198,3.312,1,3.312,6.0,inf
985,2,2.2916603119203023,-2.4887590447942567,-0.8326766671363198,3.312,1,3.312,6.0,inf
985,3,2.2916603119203023,-2.4887590447942567,-0.8326766671363198,3.312,1,3.312,6.0,inf
985,4,2.2916603119203023,-2.4887590447942567,-0.8326766671363198,3.312,1,3.312,6.0,inf
985,5,2.2916603119203023,-2.4887590447942567,-0.8326766671363198,3.312,1,3.312,6.0,inf
986,0,0.811351669249523,0.841978183538989,-0.20976588699393942,2.6544,1,2.6544,6.0,inf
986,1,0.811351669249523,0.841978183538989,-0.20976588699393942,2.6544,1,2.6544,6.0,inf
986,2,0.811351669249523,0.841978183538989,-0.20976588699393942,2.6544,1,2.6544,6.0,inf
986,3,0.811351669249523,0.841978183538989,-0.20976588699393942,2.6544,1,2.6544,6.0,inf
986,4,0.811351669249523,0.841978183538989,-0.20976588699393942,2.6544,1,2.6544,6.0,inf
986,5,0.811351669249523,0.841978183538989,-0.20976588699393942,2.6544,1,2.6544,6.0,inf
987,0,-0.42840051802115253,-1.210226581309265,-1.6043424163180346,4.2623999999999995,1,4.2623999999999995,6.0,inf
987,1,-0.42840051802115253,-1.210226581309265,-1.6043424163180346,4.2623999999999995,1,4.2623999999999995,6.0,inf
987,2,-0.42840051802115253,-1.210226581309265,-1.6043424163180346,4.2623999999999995,1,4.2623999999999995,6.0,inf
987,3,-0.42840051802115253,-1.210226581309265,-1.6043424163180346,4.2623999999999995,1,4.2623999999999995,6.0,inf
987,4,-0.42840051802115253,-1.210226581309265,-1.6043424163180346,4.2623999999999995,1,4.2623999999999995,6.0,inf
987,5,-0.42840051802115253,-1.210226581309265,-1.6043424163180346,4.2623999999999995,1,4.2623999999999995,6.0,inf
988,0,1.1954050360599207,0.6436363788393507,0.6908968177333519,1.5233999999999999,1,1.5233999999999999,6.0,inf
988,1,1.1954050360599207,0.6436363788393507,0.6908968177333519,1.5233999999999999,1,1.5233999999999999,6.0,inf
988,2,1.1954050360599207,0.6436363788393507,0.6908968177333519,1.5233999999999999,1,1.5233999999999999,6.0,inf
988,3,1.1954050360599207,0.6436363788393507,0.6908968177333519,1.5233999999999999,1,1.5233999999999999,6.0,inf
988,4,1.1954050360599207,0.6436363788393507,0.6908968177333519,1.5233999999999999,1,1.5233999999999999,6.0,inf
988,5,1.1954050360599207,0.6436363788393507,0.6908968177333519,1.5233999999999999,1,1.5233999999999999,6.0,inf
989,0,-0.36009390734222135,0.21973251490997442,-1.568607254339311,6.0,0,8.0001,6.0,inf
989,1,-0.36009390734222135,0.21973251490997442,-1.568607254339311,6.0,0,8.0001,6.0,inf
989,2,-0.36009390734222135,0.21973251490997442,-1.568607254339311,6.0,0,8.0001,6.0,inf
989,3,-0.36009390734222135,0.21973251490997442,-1.568607254339311,6.0,0,8.0001,6.0,inf
989,4,-0.36009390734222135,0.21973251490997442,-1.568607254339311,6.0,0,8.0001,6.0,inf
989,5,-0.36009390734222135,0.21973251490997442,-1.568607254339311,6.0,0,8.0001,6.0,inf
990,0,-0.09046855819696256,-1.4321495683938996,-0.04855743293395623,4.7478,1,4.7478,6.0,inf
990,1,-0.09046855819696256,-1.4321495683938996,-0.04855743293395623,4.7478,1,4.7478,6.0,inf
990,2,-0.09046855819696256,-1.4321495683938996,-0.04855743293395623,4.7478,1,4.7478,6.0,inf
990,3,-0.09046855819696256,-1.4321495683938996,-0.04855743293395623,4.7478,1,4.7478,6.0,inf
990,4,-0.09046855819696256,-1.4321495683938996,-0.04855743293395623,4.7478,1,4.7478,6.0,inf
990,5,-0.09046855819696256,-1.4321495683938996,-0.04855743293395623,4.7478,1,4.7478,6.0,inf
991,0,-0.01047452778911732,-0.9993283022051552,-1.43352263154826,5.2604999999999995,1,5.2604999999999995,6.0,inf
991,1,-0.01047452778911732,-0.9993283022051552,-1.43352263154826,5.2604999999999995,1,5.2604999999999995,6.0,inf
991,2,-0.01047452778911732,-0.9993283022051552,-1.43352263154826,5.2604999999999995,1,5.2604999999999995,6.0,inf
991,3,-0.01047452778911732,-0.9993283022051552,-1.43352263154826,5.2604999999999995,1,5.2604999999999995,6.0,inf
991,4,-0.01047452778911732,-0.9993283022051552,-1.43352263154826,5.2604999999999995,1,5.2604999999999995,6.0,inf
991,5,-0.01047452778911732,-0.9993283022051552,-1.43352263154826,5.2604999999999995,1,5.2604999999999995,6.0,inf
992,0,-1.311503791731609,1.8550131398100262,-0.4271470259664744,1.4922,1,1.4922,6.0,inf
992,1,-1.311503791731609,1.8550131398100262,-0.4271470259664744,1.4922,1,1.4922,6.0,inf
992,2,-1.311503791731609,1.8550131398100262,-0.4271470259664744,1.4922,1,1.4922,6.0,inf
992,3,-1.311503791731609,1.8550131398100262,-0.4271470259664744,1.4922,1,1.4922,6.0,inf
992,4,-1.311503791731609,1.8550131398100262,-0.4271470259664744,1.4922,1,1.4922,6.0,inf
992,5,-1.311503791731609,1.8550131398100262,-0.4271470259664744,1.4922,1,1.4922,6.0,inf
993,0,-0.9814404272041692,0.7591065911462829,0.4444385988852158,2.9385,1,2.9385,6.0,inf
993,1,-0.9814404272041692,0.7591065911462829,0.4444385988852158,2.9385,1,2.9385,6.0,inf
993,2,-0.9814404272041692,0.7591065911462829,0.4444385988852158,2.9385,1,2.9385,6.0,inf
993,3,-0.9814404272041692,0.7591065911462829,0.4444385988852158,2.9385,1,2.9385,6.0,inf
993,4,-0.9814404272041692,0.7591065911462829,0.4444385988852158,2.9385,1,2.9385,6.0,inf
993,5,-0.9814404272041692,0.7591065911462829,0.4444385988852158,2.9385,1,2.9385,6.0,inf
994,0,1.4118504782147134,-0.7604331810341741,-0.6775885261905413,3.0566999999999998,1,3.0566999999999998,6.0,inf
994,1,1.4118504782147134,-0.7604331810341741,-0.6775885261905413,3.0566999999999998,1,3.0566999999999998,6.0,inf
994,2,1.4118504782147134,-0.7604331810341741,-0.6775885261905413,3.0566999999999998,1,3.0566999999999998,6.0,inf
994,3,1.4118504782147134,-0.7604331810341741,-0.6775885261905413,3.0566999999999998,1,3.0566999999999998,6.0,inf
994,4,1.4118504782147134,-0.7604331810341741,-0.6775885261905413,3.0566999999999998,1,3.0566999999999998,6.0,inf
994,5,1.4118504782147134,-0.7604331810341741,-0.6775885261905413,3.0566999999999998,1,3.0566999999999998,6.0,inf
995,0,-0.1481106723447656,-1.377643397572206,2.344858895865133,1.1796,1,1.1796,6.0,inf
995,1,-0.1481106723447656,-1.377643397572206,2.344858895865133,1.1796,1,1.1796,6.0,inf
995,2,-0.1481106723447656,-1.377643397572206,2.344858895865133,1.1796,1,1.1796,6.0,inf
995,3,-0.1481106723447656,-1.377643397572206,2.344858895865133,1.1796,1,1.1796,6.0,inf
995,4,-0.1481106723447656,-1.377643397572206,2.344858895865133,1.1796,1,1.1796,6.0,inf
995,5,-0.1481106723447656,-1.377643397572206,2.344858895865133,1.1796,1,1.1796,6.0,inf
996,0,-1.6347647553094817,-0.10609470286977504,-0.38180153135200845,6.0,0,6.734699999999999,6.0,inf
996,1,-1.6347647553094817,-0.10609470286977504,-0.38180153135200845,6.0,0,6.734699999999999,6.0,inf
996,2,-1.6347647553094817,-0.10609470286977504,-0.38180153135200845,6.0,0,6.734699999999999,6.0,inf
996,3,-1.6347647553094817,-0.10609470286977504,-0.38180153135200845,6.0,0,6.734699999999999,6.0,inf
996,4,-1.6347647553094817,-0.10609470286977504,-0.38180153135200845,6.0,0,6.734699999999999,6.0,inf
996,5,-1.6347647553094817,-0.10609470286977504,-0.38180153135200845,6.0,0,6.734699999999999,6.0,inf
997,0,0.5002832484352969,0.2687580012475419,1.0565095033947343,1.7025,1,1.7025,6.0,inf
997,1,0.5002832484352969,0.2687580012475419,1.0565095033947343,1.7025,1,1.7025,6.0,inf
997,2,0.5002832484352969,0.2687580012475419,1.0565095033947343,1.7025,1,1.7025,6.0,inf
997,3,0.5002832484352969,0.2687580012475419,1.0565095033947343,1.7025,1,1.7025,6.0,inf
997,4,0.5002832484352969,0.2687580012475419,1.0565095033947343,1.7025,1,1.7025,6.0,inf
997,5,0.5002832484352969,0.2687580012475419,1.0565095033947343,1.7025,1,1.7025,6.0,inf
998,0,0.12385589807954978,0.558680551231229,-0.18781878885090256,2.7756,1,2.7756,6.0,inf
998,1,0.12385589807954978,0.558680551231229,-0.18781878885090256,2.7756,1,2.7756,6.0,inf
998,2,0.12385589807954978,0.558680551231229,-0.18781878885090256,2.7756,1,2.7756,6.0,inf
998,3,0.12385589807954978,0.558680551231229,-0.18781878885090256,2.7756,1,2.7756,6.0,inf
998,4,0.12385589807954978,0.558680551231229,-0.18781878885090256,2.7756,1,2.7756,6.0,inf
998,5,0.12385589807954978,0.558680551231229,-0.18781878885090256,2.7756,1,2.7756,6.0,inf
999,0,-1.6393428505213028,0.4812173989719046,-1.093071273765355,6.0,0,6.9411,6.0,inf
999,1,-1.6393428505213028,0.4812173989719046,-1.093071273765355,6.0,0,6.9411,6.0,inf
999,2,-1.6393428505213028,0.4812173989719046,-1.093071273765355,6.0,0,6.9411,6.0,inf
999,3,-1.6393428505213028,0.4812173989719046,-1.093071273765355,6.0,0,6.9411,6.0,inf
999,4,-1.6393428505213028,0.4812173989719046,-1.093071273765355,6.0,0,6.9411,6.0,inf
999,5,-1.6393428505213028,0.4812173989719046,-1.093071273765355,6.0,0,6.9411,6.0,inf
