id,k,x1,x2,x3,time,event,time_true,c1,c2
0,0,1.7281628659899761,1.201791916080068,0.06941896772042135,0.8831999999999999,1,0.8831999999999999,6.0,inf
0,1,1.7281628659899761,1.201791916080068,0.06941896772042135,0.8831999999999999,1,0.8831999999999999,6.0,inf
0,2,1.7281628659899761,1.201791916080068,0.06941896772042135,0.8831999999999999,1,0.8831999999999999,6.0,inf
0,3,1.7281628659899761,1.201791916080068,0.06941896772042135,0.8831999999999999,1,0.8831999999999999,6.0,inf
0,4,1.7281628659899761,1.201791916080068,0.06941896772042135,0.8831999999999999,1,0.8831999999999999,6.0,inf
0,5,1.7281628659899761,1.201791916080068,0.06941896772042135,0.8831999999999999,1,0.8831999999999999,6.0,inf
1,0,1.026976132488117,-0.6397990847341122,-0.6694548722446452,1.9739999999999998,1,1.9739999999999998,6.0,inf
1,1,1.026976132488117,-0.6397990847341122,-0.6694548722446452,1.9739999999999998,1,1.9739999999999998,6.0,inf
1,2,1.026976132488117,-0.6397990847341122,-0.6694548722446452,1.9739999999999998,1,1.9739999999999998,6.0,inf
1,3,1.026976132488117,-0.6397990847341122,-0.6694548722446452,1.9739999999999998,1,1.9739999999999998,6.0,inf
1,4,1.026976132488117,-0.6397990847341122,-0.6694548722446452,1.9739999999999998,1,1.9739999999999998,6.0,inf
1,5,1.026976132488117,-0.6397990847341122,-0.6694548722446452,1.9739999999999998,1,1.9739999999999998,6.0,inf
2,0,1.1084058894750186,-1.3324479571295733,0.3164341950376146,2.0967,1,2.0967,6.0,inf
2,1,1.1084058894750186,-1.3324479571295733,0.3164341950376146,2.0967,1,2.0967,6.0,inf
2,2,1.1084058894750186,-1.3324479571295733,0.3164341950376146,2.0967,1,2.0967,6.0,inf
2,3,1.1084058894750186,-1.3324479571295733,0.3164341950376146,2.0967,1,2.0967,6.0,inf
2,4,1.1084058894750186,-1.3324479571295733,0.3164341950376146,2.0967,1,2.0967,6.0,inf
2,5,1.1084058894750186,-1.3324479571295733,0.3164341950376146,2.0967,1,2.0967,6.0,inf
3,0,-0.9711915471433624,-0.611732930256781,-0.07488704520763685,2.9717999999999996,1,2.9717999999999996,6.0,inf
3,1,-0.9711915471433624,-0.611732930256781,-0.07488704520763685,2.9717999999999996,1,2.9717999999999996,6.0,inf
3,2,-0.9711915471433624,-0.611732930256781,-0.07488704520763685,2.9717999999999996,1,2.9717999999999996,6.0,inf
3,3,-0.9711915471433624,-0.611732930256781,-0.07488704520763685,2.9717999999999996,1,2.9717999999999996,6.0,inf
3,4,-0.9711915471433624,-0.611732930256781,-0.07488704520763685,2.9717999999999996,1,2.9717999999999996,6.0,inf
3,5,-0.9711915471433624,-0.611732930256781,-0.07488704520763685,2.9717999999999996,1,2.9717999999999996,6.0,inf
4,0,-0.6038962890051985,-0.25284284559717235,-0.03860175380871928,5.178599999999999,1,5.178599999999999,6.0,inf
4,1,-0.6038962890051985,-0.25284284559717235,-0.03860175380871928,5.178599999999999,1,5.178599999999999,6.0,inf
4,2,-0.6038962890051985,-0.25284284559717235,-0.03860175380871928,5.178599999999999,1,5.178599999999999,6.0,inf
4,3,-0.6038962890051985,-0.25284284559717235,-0.03860175380871928,5.178599999999999,1,5.178599999999999,6.0,inf
4,4,-0.6038962890051985,-0.25284284559717235,-0.03860175380871928,5.178599999999999,1,5.178599999999999,6.0,inf
4,5,-0.6038962890051985,-0.25284284559717235,-0.03860175380871928,5.178599999999999,1,5.178599999999999,6.0,inf
5,0,-0.759326022030765,-0.017299389285252858,0.8382183145104053,1.6419,1,1.6419,6.0,inf
5,1,-0.759326022030765,-0.017299389285252858,0.8382183145104053,1.6419,1,1.6419,6.0,inf
5,2,-0.759326022030765,-0.017299389285252858,0.8382183145104053,1.6419,1,1.6419,6.0,inf
5,3,-0.759326022030765,-0.017299389285252858,0.8382183145104053,1.6419,1,1.6419,6.0,inf
5,4,-0.759326022030765,-0.017299389285252858,0.8382183145104053,1.6419,1,1.6419,6.0,inf
5,5,-0.759326022030765,-0.017299389285252858,0.8382183145104053,1.6419,1,1.6419,6.0,inf
6,0,-1.7068652532259347,-0.8030598727656936,0.7940195951122919,5.2287,1,5.2287,6.0,inf
6,1,-1.7068652532259347,-0.8030598727656936,0.7940195951122919,5.2287,1,5.2287,6.0,inf
6,2,-1.7068652532259347,-0.8030598727656936,0.7940195951122919,5.2287,1,5.2287,6.0,inf
6,3,-1.7068652532259347,-0.8030598727656936,0.7940195951122919,5.2287,1,5.2287,6.0,inf
6,4,-1.7068652532259347,-0.8030598727656936,0.7940195951122919,5.2287,1,5.2287,6.0,inf
6,5,-1.7068652532259347,-0.8030598727656936,0.7940195951122919,5.2287,1,5.2287,6.0,inf
7,0,-0.41456197716781745,0.836508554311122,-0.4752807055848107,3.4812,1,3.4812,6.0,inf
7,1,-0.41456197716781745,0.836508554311122,-0.4752807055848107,3.4812,1,3.4812,6.0,inf
7,2,-0.41456197716781745,0.836508554311122,-0.4752807055848107,3.4812,1,3.4812,6.0,inf
7,3,-0.41456197716781745,0.836508554311122,-0.4752807055848107,3.4812,1,3.4812,6.0,inf
7,4,-0.41456197716781745,0.836508554311122,-0.4752807055848107,3.4812,1,3.4812,6.0,inf
7,5,-0.41456197716781745,0.836508554311122,-0.4752807055848107,3.4812,1,3.4812,6.0,inf
8,0,0.8649999662502129,-0.3478741613646387,-0.46760452867584695,2.9942999999999995,1,2.9942999999999995,6.0,inf
8,1,0.8649999662502129,-0.3478741613646387,-0.46760452867584695,2.9942999999999995,1,2.9942999999999995,6.0,inf
8,2,0.8649999662502129,-0.3478741613646387,-0.46760452867584695,2.9942999999999995,1,2.9942999999999995,6.0,inf
8,3,0.8649999662502129,-0.3478741613646387,-0.46760452867584695,2.9942999999999995,1,2.9942999999999995,6.0,inf
8,4,0.8649999662502129,-0.3478741613646387,-0.46760452867584695,2.9942999999999995,1,2.9942999999999995,6.0,inf
8,5,0.8649999662502129,-0.3478741613646387,-0.46760452867584695,2.9942999999999995,1,2.9942999999999995,6.0,inf
9,0,0.1907893280919773,2.2606993288948827,1.2023558738854614,0.5783999999999999,1,0.5783999999999999,6.0,inf
9,1,0.1907893280919773,2.2606993288948827,1.2023558738854614,0.5783999999999999,1,0.5783999999999999,6.0,inf
9,2,0.1907893280919773,2.2606993288948827,1.2023558738854614,0.5783999999999999,1,0.5783999999999999,6.0,inf
9,3,0.1907893280919773,2.2606993288948827,1.2023558738854614,0.5783999999999999,1,0.5783999999999999,6.0,inf
9,4,0.1907893280919773,2.2606993288948827,1.2023558738854614,0.5783999999999999,1,0.5783999999999999,6.0,inf
9,5,0.1907893280919773,2.2606993288948827,1.2023558738854614,0.5783999999999999,1,0.5783999999999999,6.0,inf
10,0,-0.21903157315207303,0.6473282565549133,-0.6437513556328857,3.8309999999999995,1,3.8309999999999995,6.0,inf
10,1,-0.21903157315207303,0.6473282565549133,-0.6437513556328857,3.8309999999999995,1,3.8309999999999995,6.0,inf
10,2,-0.21903157315207303,0.6473282565549133,-0.6437513556328857,3.8309999999999995,1,3.8309999999999995,6.0,inf
10,3,-0.21903157315207303,0.6473282565549133,-0.6437513556328857,3.8309999999999995,1,3.8309999999999995,6.0,inf
10,4,-0.21903157315207303,0.6473282565549133,-0.6437513556328857,3.8309999999999995,1,3.8309999999999995,6.0,inf
10,5,-0.21903157315207303,0.6473282565549133,-0.6437513556328857,3.8309999999999995,1,3.8309999999999995,6.0,inf
11,0,-1.543663827797233,1.1431092604536672,-1.006307302057032,6.0,0,8.0001,6.0,inf
11,1,-1.543663827797233,1.1431092604536672,-1.006307302057032,6.0,0,8.0001,6.0,inf
11,2,-1.543663827797233,1.1431092604536672,-1.006307302057032,6.0,0,8.0001,6.0,inf
11,3,-1.543663827797233,1.1431092604536672,-1.006307302057032,6.0,0,8.0001,6.0,inf
11,4,-1.543663827797233,1.1431092604536672,-1.006307302057032,6.0,0,8.0001,6.0,inf
11,5,-1.543663827797233,1.1431092604536672,-1.006307302057032,6.0,0,8.0001,6.0,inf
12,0,1.8427534299217718,0.8388974388130633,0.7892753885187395,1.1418,1,1.1418,6.0,inf
12,1,1.8427534299217718,0.8388974388130633,0.7892753885187395,1.1418,1,1.1418,6.0,inf
12,2,1.8427534299217718,0.8388974388130633,0.7892753885187395,1.1418,1,1.1418,6.0,inf
12,3,1.8427534299217718,0.8388974388130633,0.7892753885187395,1.1418,1,1.1418,6.0,inf
12,4,1.8427534299217718,0.8388974388130633,0.7892753885187395,1.1418,1,1.1418,6.0,inf
12,5,1.8427534299217718,0.8388974388130633,0.7892753885187395,1.1418,1,1.1418,6.0,inf
13,0,-1.4766527952086317,1.1037651350450084,-0.7086036313249523,6.0,0,7.6587,6.0,inf
13,1,-1.4766527952086317,1.1037651350450084,-0.7086036313249523,6.0,0,7.6587,6.0,inf
13,2,-1.4766527952086317,1.1037651350450084,-0.7086036313249523,6.0,0,7.6587,6.0,inf
13,3,-1.4766527952086317,1.1037651350450084,-0.7086036313249523,6.0,0,7.6587,6.0,inf
13,4,-1.4766527952086317,1.1037651350450084,-0.7086036313249523,6.0,0,7.6587,6.0,inf
13,5,-1.4766527952086317,1.1037651350450084,-0.7086036313249523,6.0,0,7.6587,6.0,inf
14,0,1.1324578179684137,0.4930713953194626,-0.14117501658222226,2.0319,1,2.0319,6.0,inf
14,1,1.1324578179684137,0.4930713953194626,-0.14117501658222226,2.0319,1,2.0319,6.0,inf
14,2,1.1324578179684137,0.4930713953194626,-0.14117501658222226,2.0319,1,2.0319,6.0,inf
14,3,1.1324578179684137,0.4930713953194626,-0.14117501658222226,2.0319,1,2.0319,6.0,inf
14,4,1.1324578179684137,0.4930713953194626,-0.14117501658222226,2.0319,1,2.0319,6.0,inf
14,5,1.1324578179684137,0.4930713953194626,-0.14117501658222226,2.0319,1,2.0319,6.0,inf
15,0,-0.8171580898360277,0.8288522572058331,1.0747848307109442,1.1901,1,1.1901,6.0,inf
15,1,-0.8171580898360277,0.8288522572058331,1.0747848307109442,1.1901,1,1.1901,6.0,inf
15,2,-0.8171580898360277,0.8288522572058331,1.0747848307109442,1.1901,1,1.1901,6.0,inf
15,3,-0.8171580898360277,0.8288522572058331,1.0747848307109442,1.1901,1,1.1901,6.0,inf
15,4,-0.8171580898360277,0.8288522572058331,1.0747848307109442,1.1901,1,1.1901,6.0,inf
15,5,-0.8171580898360277,0.8288522572058331,1.0747848307109442,1.1901,1,1.1901,6.0,inf
16,0,0.16262787020944391,-0.6775187466134747,-0.2939042692079888,4.0743,1,4.0743,6.0,inf
16,1,0.16262787020944391,-0.6775187466134747,-0.2939042692079888,4.0743,1,4.0743,6.0,inf
16,2,0.16262787020944391,-0.6775187466134747,-0.2939042692079888,4.0743,1,4.0743,6.0,inf
16,3,0.16262787020944391,-0.6775187466134747,-0.2939042692079888,4.0743,1,4.0743,6.0,inf
16,4,0.16262787020944391,-0.6775187466134747,-0.2939042692079888,4.0743,1,4.0743,6.0,inf
16,5,0.16262787020944391,-0.6775187466134747,-0.2939042692079888,4.0743,1,4.0743,6.0,inf
17,0,0.10182349444870405,0.9255926077169545,-0.9076351703207151,2.5484999999999998,1,2.5484999999999998,6.0,inf
17,1,0.10182349444870405,0.9255926077169545,-0.9076351703207151,2.5484999999999998,1,2.5484999999999998,6.0,inf
17,2,0.10182349444870405,0.9255926077169545,-0.9076351703207151,2.5484999999999998,1,2.5484999999999998,6.0,inf
17,3,0.10182349444870405,0.9255926077169545,-0.9076351703207151,2.5484999999999998,1,2.5484999999999998,6.0,inf
17,4,0.10182349444870405,0.9255926077169545,-0.9076351703207151,2.5484999999999998,1,2.5484999999999998,6.0,inf
17,5,0.10182349444870405,0.9255926077169545,-0.9076351703207151,2.5484999999999998,1,2.5484999999999998,6.0,inf
18,0,-0.8472500459548993,-0.4761236513139911,-0.6507354310235972,6.0,0,8.0001,6.0,inf
18,1,-0.8472500459548993,-0.4761236513139911,-0.6507354310235972,6.0,0,8.0001,6.0,inf
18,2,-0.8472500459548993,-0.4761236513139911,-0.6507354310235972,6.0,0,8.0001,6.0,inf
18,3,-0.8472500459548993,-0.4761236513139911,-0.6507354310235972,6.0,0,8.0001,6.0,inf
18,4,-0.8472500459548993,-0.4761236513139911,-0.6507354310235972,6.0,0,8.0001,6.0,inf
18,5,-0.8472500459548993,-0.4761236513139911,-0.6507354310235972,6.0,0,8.0001,6.0,inf
19,0,-0.6847348763585995,1.103910890785877,0.7413448950749979,1.5362999999999998,1,1.5362999999999998,6.0,inf
19,1,-0.6847348763585995,1.103910890785877,0.7413448950749979,1.5362999999999998,1,1.5362999999999998,6.0,inf
19,2,-0.6847348763585995,1.103910890785877,0.7413448950749979,1.5362999999999998,1,1.5362999999999998,6.0,inf
19,3,-0.6847348763585995,1.103910890785877,0.7413448950749979,1.5362999999999998,1,1.5362999999999998,6.0,inf
19,4,-0.6847348763585995,1.103910890785877,0.7413448950749979,1.5362999999999998,1,1.5362999999999998,6.0,inf
19,5,-0.6847348763585995,1.103910890785877,0.7413448950749979,1.5362999999999998,1,1.5362999999999998,6.0,inf
20,0,-1.5797125488708754,-1.213700403261021,-1.3125550257567284,6.0,0,8.0001,6.0,inf
20,1,-1.5797125488708754,-1.213700403261021,-1.3125550257567284,6.0,0,8.0001,6.0,inf
20,2,-1.5797125488708754,-1.213700403261021,-1.3125550257567284,6.0,0,8.0001,6.0,inf
20,3,-1.5797125488708754,-1.213700403261021,-1.3125550257567284,6.0,0,8.0001,6.0,inf
20,4,-1.5797125488708754,-1.213700403261021,-1.3125550257567284,6.0,0,8.0001,6.0,inf
20,5,-1.5797125488708754,-1.213700403261021,-1.3125550257567284,6.0,0,8.0001,6.0,inf
21,0,-1.012470963135523,1.203193330434912,-1.9576855053490028,3.5273999999999996,1,3.5273999999999996,6.0,inf
21,1,-1.012470963135523,1.203193330434912,-1.9576855053490028,3.5273999999999996,1,3.5273999999999996,6.0,inf
21,2,-1.012470963135523,1.203193330434912,-1.9576855053490028,3.5273999999999996,1,3.5273999999999996,6.0,inf
21,3,-1.012470963135523,1.203193330434912,-1.9576855053490028,3.5273999999999996,1,3.5273999999999996,6.0,inf
21,4,-1.012470963135523,1.203193330434912,-1.9576855053490028,3.5273999999999996,1,3.5273999999999996,6.0,inf
21,5,-1.012470963135523,1.203193330434912,-1.9576855053490028,3.5273999999999996,1,3.5273999999999996,6.0,inf
22,0,-0.11333519755570007,-1.0090638833672865,-1.160802761443188,5.6133,1,5.6133,6.0,inf
22,1,-0.11333519755570007,-1.0090638833672865,-1.160802761443188,5.6133,1,5.6133,6.0,inf
22,2,-0.11333519755570007,-1.0090638833672865,-1.160802761443188,5.6133,1,5.6133,6.0,inf
22,3,-0.11333519755570007,-1.0090638833672865,-1.160802761443188,5.6133,1,5.6133,6.0,inf
22,4,-0.11333519755570007,-1.0090638833672865,-1.160802761443188,5.6133,1,5.6133,6.0,inf
22,5,-0.11333519755570007,-1.0090638833672865,-1.160802761443188,5.6133,1,5.6133,6.0,inf
23,0,0.029359697997096257,0.1696307699747962,-0.6374763128378693,3.8808,1,3.8808,6.0,inf
23,1,0.029359697997096257,0.1696307699747962,-0.6374763128378693,3.8808,1,3.8808,6.0,inf
23,2,0.029359697997096257,0.1696307699747962,-0.6374763128378693,3.8808,1,3.8808,6.0,inf
23,3,0.029359697997096257,0.1696307699747962,-0.6374763128378693,3.8808,1,3.8808,6.0,inf
23,4,0.029359697997096257,0.1696307699747962,-0.6374763128378693,3.8808,1,3.8808,6.0,inf
23,5,0.029359697997096257,0.1696307699747962,-0.6374763128378693,3.8808,1,3.8808,6.0,inf
24,0,0.6775102836698135,-0.1981213870892059,1.1898364111552224,1.2483,1,1.2483,6.0,inf
24,1,0.6775102836698135,-0.1981213870892059,1.1898364111552224,1.2483,1,1.2483,6.0,inf
24,2,0.6775102836698135,-0.1981213870892059,1.1898364111552224,1.2483,1,1.2483,6.0,inf
24,3,0.6775102836698135,-0.1981213870892059,1.1898364111552224,1.2483,1,1.2483,6.0,inf
24,4,0.6775102836698135,-0.1981213870892059,1.1898364111552224,1.2483,1,1.2483,6.0,inf
24,5,0.6775102836698135,-0.1981213870892059,1.1898364111552224,1.2483,1,1.2483,6.0,inf
25,0,1.3191036041314108,-1.600538033121877,0.8418298074065147,2.2983,1,2.2983,6.0,inf
25,1,1.3191036041314108,-1.600538033121877,0.8418298074065147,2.2983,1,2.2983,6.0,inf
25,2,1.3191036041314108,-1.600538033121877,0.8418298074065147,2.2983,1,2.2983,6.0,inf
25,3,1.3191036041314108,-1.600538033121877,0.8418298074065147,2.2983,1,2.2983,6.0,inf
25,4,1.3191036041314108,-1.600538033121877,0.8418298074065147,2.2983,1,2.2983,6.0,inf
25,5,1.3191036041314108,-1.600538033121877,0.8418298074065147,2.2983,1,2.2983,6.0,inf
26,0,-2.048114935790045,-0.8985336766865581,-0.784345693698861,6.0,0,8.0001,6.0,inf
26,1,-2.048114935790045,-0.8985336766865581,-0.784345693698861,6.0,0,8.0001,6.0,inf
26,2,-2.048114935790045,-0.8985336766865581,-0.784345693698861,6.0,0,8.0001,6.0,inf
26,3,-2.048114935790045,-0.8985336766865581,-0.784345693698861,6.0,0,8.0001,6.0,inf
26,4,-2.048114935790045,-0.8985336766865581,-0.784345693698861,6.0,0,8.0001,6.0,inf
26,5,-2.048114935790045,-0.8985336766865581,-0.784345693698861,6.0,0,8.0001,6.0,inf
27,0,-0.2826370627176228,0.6229257688247738,2.337412501661003,1.1175,1,1.1175,6.0,inf
27,1,-0.2826370627176228,0.6229257688247738,2.337412501661003,1.1175,1,1.1175,6.0,inf
27,2,-0.2826370627176228,0.6229257688247738,2.337412501661003,1.1175,1,1.1175,6.0,inf
27,3,-0.2826370627176228,0.6229257688247738,2.337412501661003,1.1175,1,1.1175,6.0,inf
27,4,-0.2826370627176228,0.6229257688247738,2.337412501661003,1.1175,1,1.1175,6.0,inf
27,5,-0.2826370627176228,0.6229257688247738,2.337412501661003,1.1175,1,1.1175,6.0,inf
28,0,-0.19215311010836028,0.21958676699701973,-0.6646621118201841,3.9566999999999997,1,3.9566999999999997,6.0,inf
28,1,-0.19215311010836028,0.21958676699701973,-0.6646621118201841,3.9566999999999997,1,3.9566999999999997,6.0,inf
28,2,-0.19215311010836028,0.21958676699701973,-0.6646621118201841,3.9566999999999997,1,3.9566999999999997,6.0,inf
28,3,-0.19215311010836028,0.21958676699701973,-0.6646621118201841,3.9566999999999997,1,3.9566999999999997,6.0,inf
28,4,-0.19215311010836028,0.21958676699701973,-0.6646621118201841,3.9566999999999997,1,3.9566999999999997,6.0,inf
28,5,-0.19215311010836028,0.21958676699701973,-0.6646621118201841,3.9566999999999997,1,3.9566999999999997,6.0,inf
29,0,2.1806130127620196,0.9739416321494712,0.010228153001644556,1.4936999999999998,1,1.4936999999999998,6.0,inf
29,1,2.1806130127620196,0.9739416321494712,0.010228153001644556,1.4936999999999998,1,1.4936999999999998,6.0,inf
29,2,2.1806130127620196,0.9739416321494712,0.010228153001644556,1.4936999999999998,1,1.4936999999999998,6.0,inf
29,3,2.1806130127620196,0.9739416321494712,0.010228153001644556,1.4936999999999998,1,1.4936999999999998,6.0,inf
29,4,2.1806130127620196,0.9739416321494712,0.010228153001644556,1.4936999999999998,1,1.4936999999999998,6.0,inf
29,5,2.1806130127620196,0.9739416321494712,0.010228153001644556,1.4936999999999998,1,1.4936999999999998,6.0,inf
30,0,-0.36715041690745565,-1.1483967622479239,-0.817345364431194,1.7375999999999998,1,1.7375999999999998,6.0,inf
30,1,-0.36715041690745565,-1.1483967622479239,-0.817345364431194,1.7375999999999998,1,1.7375999999999998,6.0,inf
30,2,-0.36715041690745565,-1.1483967622479239,-0.817345364431194,1.7375999999999998,1,1.7375999999999998,6.0,inf
30,3,-0.36715041690745565,-1.1483967622479239,-0.817345364431194,1.7375999999999998,1,1.7375999999999998,6.0,inf
30,4,-0.36715041690745565,-1.1483967622479239,-0.817345364431194,1.7375999999999998,1,1.7375999999999998,6.0,inf
30,5,-0.36715041690745565,-1.1483967622479239,-0.817345364431194,1.7375999999999998,1,1.7375999999999998,6.0,inf
31,0,0.32282492110495176,0.41029661439166015,-1.197647077986838,3.0524999999999998,1,3.0524999999999998,6.0,inf
31,1,0.32282492110495176,0.41029661439166015,-1.197647077986838,3.0524999999999998,1,3.0524999999999998,6.0,inf
31,2,0.32282492110495176,0.41029661439166015,-1.197647077986838,3.0524999999999998,1,3.0524999999999998,6.0,inf
31,3,0.32282492110495176,0.41029661439166015,-1.197647077986838,3.0524999999999998,1,3.0524999999999998,6.0,inf
31,4,0.32282492110495176,0.41029661439166015,-1.197647077986838,3.0524999999999998,1,3.0524999999999998,6.0,inf
31,5,0.32282492110495176,0.41029661439166015,-1.197647077986838,3.0524999999999998,1,3.0524999999999998,6.0,inf
32,0,0.861086734658921,-0.3316158158777017,1.5250473696567386,1.0332,1,1.0332,6.0,inf
32,1,0.861086734658921,-0.3316158158777017,1.5250473696567386,1.0332,1,1.0332,6.0,inf
32,2,0.861086734658921,-0.3316158158777017,1.5250473696567386,1.0332,1,1.0332,6.0,inf
32,3,0.861086734658921,-0.3316158158777017,1.5250473696567386,1.0332,1,1.0332,6.0,inf
32,4,0.861086734658921,-0.3316158158777017,1.5250473696567386,1.0332,1,1.0332,6.0,inf
32,5,0.861086734658921,-0.3316158158777017,1.5250473696567386,1.0332,1,1.0332,6.0,inf
33,0,0.056897580525521095,1.0418064383845118,-1.0791418578648602,3.0698999999999996,1,3.0698999999999996,6.0,inf
33,1,0.056897580525521095,1.0418064383845118,-1.0791418578648602,3.0698999999999996,1,3.0698999999999996,6.0,inf
33,2,0.056897580525521095,1.0418064383845118,-1.0791418578648602,3.0698999999999996,1,3.0698999999999996,6.0,inf
33,3,0.056897580525521095,1.0418064383845118,-1.0791418578648602,3.0698999999999996,1,3.0698999999999996,6.0,inf
33,4,0.056897580525521095,1.0418064383845118,-1.0791418578648602,3.0698999999999996,1,3.0698999999999996,6.0,inf
33,5,0.056897580525521095,1.0418064383845118,-1.0791418578648602,3.0698999999999996,1,3.0698999999999996,6.0,inf
34,0,-0.7951724620431778,-0.12656313144882897,2.270654312792638,1.0431,1,1.0431,6.0,inf
34,1,-0.7951724620431778,-0.12656313144882897,2.270654312792638,1.0431,1,1.0431,6.0,inf
34,2,-0.7951724620431778,-0.12656313144882897,2.270654312792638,1.0431,1,1.0431,6.0,inf
34,3,-0.7951724620431778,-0.12656313144882897,2.270654312792638,1.0431,1,1.0431,6.0,inf
34,4,-0.7951724620431778,-0.12656313144882897,2.270654312792638,1.0431,1,1.0431,6.0,inf
34,5,-0.7951724620431778,-0.12656313144882897,2.270654312792638,1.0431,1,1.0431,6.0,inf
35,0,-0.10786402372924264,1.61646381750934,0.5663375945507999,0.9911999999999999,1,0.9911999999999999,6.0,inf
35,1,-0.10786402372924264,1.61646381750934,0.5663375945507999,0.9911999999999999,1,0.9911999999999999,6.0,inf
35,2,-0.10786402372924264,1.61646381750934,0.5663375945507999,0.9911999999999999,1,0.9911999999999999,6.0,inf
35,3,-0.10786402372924264,1.61646381750934,0.5663375945507999,0.9911999999999999,1,0.9911999999999999,6.0,inf
35,4,-0.10786402372924264,1.61646381750934,0.5663375945507999,0.9911999999999999,1,0.9911999999999999,6.0,inf
35,5,-0.10786402372924264,1.61646381750934,0.5663375945507999,0.9911999999999999,1,0.9911999999999999,6.0,inf
36,0,0.4453774690670131,0.4686716647301204,0.004822329197798632,2.0427,1,2.0427,6.0,inf
36,1,0.4453774690670131,0.4686716647301204,0.004822329197798632,2.0427,1,2.0427,6.0,inf
36,2,0.4453774690670131,0.4686716647301204,0.004822329197798632,2.0427,1,2.0427,6.0,inf
36,3,0.4453774690670131,0.4686716647301204,0.004822329197798632,2.0427,1,2.0427,6.0,inf
36,4,0.4453774690670131,0.4686716647301204,0.004822329197798632,2.0427,1,2.0427,6.0,inf
36,5,0.4453774690670131,0.4686716647301204,0.004822329197798632,2.0427,1,2.0427,6.0,inf
37,0,-0.08274507163422262,-0.1272491634100303,0.8833175540017016,2.2152,1,2.2152,6.0,inf
37,1,-0.08274507163422262,-0.1272491634100303,0.8833175540017016,2.2152,1,2.2152,6.0,inf
37,2,-0.08274507163422262,-0.1272491634100303,0.8833175540017016,2.2152,1,2.2152,6.0,inf
37,3,-0.08274507163422262,-0.1272491634100303,0.8833175540017016,2.2152,1,2.2152,6.0,inf
37,4,-0.08274507163422262,-0.1272491634100303,0.8833175540017016,2.2152,1,2.2152,6.0,inf
37,5,-0.08274507163422262,-0.1272491634100303,0.8833175540017016,2.2152,1,2.2152,6.0,inf
38,0,-1.0790194674056541,-0.8801888871788657,1.3806919429435747,2.5355999999999996,1,2.5355999999999996,6.0,inf
38,1,-1.0790194674056541,-0.8801888871788657,1.3806919429435747,2.5355999999999996,1,2.5355999999999996,6.0,inf
38,2,-1.0790194674056541,-0.8801888871788657,1.3806919429435747,2.5355999999999996,1,2.5355999999999996,6.0,inf
38,3,-1.0790194674056541,-0.8801888871788657,1.3806919429435747,2.5355999999999996,1,2.5355999999999996,6.0,inf
38,4,-1.0790194674056541,-0.8801888871788657,1.3806919429435747,2.5355999999999996,1,2.5355999999999996,6.0,inf
38,5,-1.0790194674056541,-0.8801888871788657,1.3806919429435747,2.5355999999999996,1,2.5355999999999996,6.0,inf
39,0,1.0289811542525642,-1.2307882449012257,-0.7529013664211552,0.5295,1,0.5295,6.0,inf
39,1,1.0289811542525642,-1.2307882449012257,-0.7529013664211552,0.5295,1,0.5295,6.0,inf
39,2,1.0289811542525642,-1.2307882449012257,-0.7529013664211552,0.5295,1,0.5295,6.0,inf
39,3,1.0289811542525642,-1.2307882449012257,-0.7529013664211552,0.5295,1,0.5295,6.0,inf
39,4,1.0289811542525642,-1.2307882449012257,-0.7529013664211552,0.5295,1,0.5295,6.0,inf
39,5,1.0289811542525642,-1.2307882449012257,-0.7529013664211552,0.5295,1,0.5295,6.0,inf
40,0,-0.5325308221604399,2.014117961447375,-0.49835810564806104,1.1844,1,1.1844,6.0,inf
40,1,-0.5325308221604399,2.014117961447375,-0.49835810564806104,1.1844,1,1.1844,6.0,inf
40,2,-0.5325308221604399,2.014117961447375,-0.49835810564806104,1.1844,1,1.1844,6.0,inf
40,3,-0.5325308221604399,2.014117961447375,-0.49835810564806104,1.1844,1,1.1844,6.0,inf
40,4,-0.5325308221604399,2.014117961447375,-0.49835810564806104,1.1844,1,1.1844,6.0,inf
40,5,-0.5325308221604399,2.014117961447375,-0.49835810564806104,1.1844,1,1.1844,6.0,inf
41,0,0.757259755909347,-0.33634635485448516,-0.8937683890428586,1.6617,1,1.6617,6.0,inf
41,1,0.757259755909347,-0.33634635485448516,-0.8937683890428586,1.6617,1,1.6617,6.0,inf
41,2,0.757259755909347,-0.33634635485448516,-0.8937683890428586,1.6617,1,1.6617,6.0,inf
41,3,0.757259755909347,-0.33634635485448516,-0.8937683890428586,1.6617,1,1.6617,6.0,inf
41,4,0.757259755909347,-0.33634635485448516,-0.8937683890428586,1.6617,1,1.6617,6.0,inf
41,5,0.757259755909347,-0.33634635485448516,-0.8937683890428586,1.6617,1,1.6617,6.0,inf
42,0,-0.4708571715251636,-0.5285967744941563,-1.3771810106474383,6.0,0,6.9624,6.0,inf
42,1,-0.4708571715251636,-0.5285967744941563,-1.3771810106474383,6.0,0,6.9624,6.0,inf
42,2,-0.4708571715251636,-0.5285967744941563,-1.3771810106474383,6.0,0,6.9624,6.0,inf
42,3,-0.4708571715251636,-0.5285967744941563,-1.3771810106474383,6.0,0,6.9624,6.0,inf
42,4,-0.4708571715251636,-0.5285967744941563,-1.3771810106474383,6.0,0,6.9624,6.0,inf
42,5,-0.4708571715251636,-0.5285967744941563,-1.3771810106474383,6.0,0,6.9624,6.0,inf
43,0,2.261421941587132,0.9154967345209036,-0.36439523596910145,1.0514999999999999,1,1.0514999999999999,6.0,inf
43,1,2.261421941587132,0.9154967345209036,-0.36439523596910145,1.0514999999999999,1,1.0514999999999999,6.0,inf
43,2,2.261421941587132,0.9154967345209036,-0.36439523596910145,1.0514999999999999,1,1.0514999999999999,6.0,inf
43,3,2.261421941587132,0.9154967345209036,-0.36439523596910145,1.0514999999999999,1,1.0514999999999999,6.0,inf
43,4,2.261421941587132,0.9154967345209036,-0.36439523596910145,1.0514999999999999,1,1.0514999999999999,6.0,inf
43,5,2.261421941587132,0.9154967345209036,-0.36439523596910145,1.0514999999999999,1,1.0514999999999999,6.0,inf
44,0,0.5562676598250152,1.2628994735372743,1.8573268008478643,0.8081999999999999,1,0.8081999999999999,6.0,inf
44,1,0.5562676598250152,1.2628994735372743,1.8573268008478643,0.8081999999999999,1,0.8081999999999999,6.0,inf
44,2,0.5562676598250152,1.2628994735372743,1.8573268008478643,0.8081999999999999,1,0.8081999999999999,6.0,inf
44,3,0.5562676598250152,1.2628994735372743,1.8573268008478643,0.8081999999999999,1,0.8081999999999999,6.0,inf
44,4,0.5562676598250152,1.2628994735372743,1.8573268008478643,0.8081999999999999,1,0.8081999999999999,6.0,inf
44,5,0.5562676598250152,1.2628994735372743,1.8573268008478643,0.8081999999999999,1,0.8081999999999999,6.0,inf
45,0,-0.6260861987760078,1.3535333533837912,-0.8185444627900045,1.6304999999999998,1,1.6304999999999998,6.0,inf
45,1,-0.6260861987760078,1.3535333533837912,-0.8185444627900045,1.6304999999999998,1,1.6304999999999998,6.0,inf
45,2,-0.6260861987760078,1.3535333533837912,-0.8185444627900045,1.6304999999999998,1,1.6304999999999998,6.0,inf
45,3,-0.6260861987760078,1.3535333533837912,-0.8185444627900045,1.6304999999999998,1,1.6304999999999998,6.0,inf
45,4,-0.6260861987760078,1.3535333533837912,-0.8185444627900045,1.6304999999999998,1,1.6304999999999998,6.0,inf
45,5,-0.6260861987760078,1.3535333533837912,-0.8185444627900045,1.6304999999999998,1,1.6304999999999998,6.0,inf
46,0,0.5887836704185545,-0.19875090037538312,-1.7667255435694762,3.057,1,3.057,6.0,inf
46,1,0.5887836704185545,-0.19875090037538312,-1.7667255435694762,3.057,1,3.057,6.0,inf
46,2,0.5887836704185545,-0.19875090037538312,-1.7667255435694762,3.057,1,3.057,6.0,inf
46,3,0.5887836704185545,-0.19875090037538312,-1.7667255435694762,3.057,1,3.057,6.0,inf
46,4,0.5887836704185545,-0.19875090037538312,-1.7667255435694762,3.057,1,3.057,6.0,inf
46,5,0.5887836704185545,-0.19875090037538312,-1.7667255435694762,3.057,1,3.057,6.0,inf
47,0,0.36081818565993173,-0.7264687856457316,-0.27388219318210916,3.2060999999999997,1,3.2060999999999997,6.0,inf
47,1,0.36081818565993173,-0.7264687856457316,-0.27388219318210916,3.2060999999999997,1,3.2060999999999997,6.0,inf
47,2,0.36081818565993173,-0.7264687856457316,-0.27388219318210916,3.2060999999999997,1,3.2060999999999997,6.0,inf
47,3,0.36081818565993173,-0.7264687856457316,-0.27388219318210916,3.2060999999999997,1,3.2060999999999997,6.0,inf
47,4,0.36081818565993173,-0.7264687856457316,-0.27388219318210916,3.2060999999999997,1,3.2060999999999997,6.0,inf
47,5,0.36081818565993173,-0.7264687856457316,-0.27388219318210916,3.2060999999999997,1,3.2060999999999997,6.0,inf
48,0,-1.7939547846950996,-0.7289010080968271,1.8717483382131461,1.8890999999999998,1,1.8890999999999998,6.0,inf
48,1,-1.7939547846950996,-0.7289010080968271,1.8717483382131461,1.8890999999999998,1,1.8890999999999998,6.0,inf
48,2,-1.7939547846950996,-0.7289010080968271,1.8717483382131461,1.8890999999999998,1,1.8890999999999998,6.0,inf
48,3,-1.7939547846950996,-0.7289010080968271,1.8717483382131461,1.8890999999999998,1,1.8890999999999998,6.0,inf
48,4,-1.7939547846950996,-0.7289010080968271,1.8717483382131461,1.8890999999999998,1,1.8890999999999998,6.0,inf
48,5,-1.7939547846950996,-0.7289010080968271,1.8717483382131461,1.8890999999999998,1,1.8890999999999998,6.0,inf
49,0,-0.9651937550309696,0.35190160913220103,-0.9608703185978106,3.3015,1,3.3015,6.0,inf
49,1,-0.9651937550309696,0.35190160913220103,-0.9608703185978106,3.3015,1,3.3015,6.0,inf
49,2,-0.9651937550309696,0.35190160913220103,-0.9608703185978106,3.3015,1,3.3015,6.0,inf
49,3,-0.9651937550309696,0.35190160913220103,-0.9608703185978106,3.3015,1,3.3015,6.0,inf
49,4,-0.9651937550309696,0.35190160913220103,-0.9608703185978106,3.3015,1,3.3015,6.0,inf
49,5,-0.9651937550309696,0.35190160913220103,-0.9608703185978106,3.3015,1,3.3015,6.0,inf
50,0,0.7968142488711217,0.3926480403077617,-0.056091650615614184,2.4156,1,2.4156,6.0,inf
50,1,0.7968142488711217,0.3926480403077617,-0.056091650615614184,2.4156,1,2.4156,6.0,inf
50,2,0.7968142488711217,0.3926480403077617,-0.056091650615614184,2.4156,1,2.4156,6.0,inf
50,3,0.7968142488711217,0.3926480403077617,-0.056091650615614184,2.4156,1,2.4156,6.0,inf
50,4,0.7968142488711217,0.3926480403077617,-0.056091650615614184,2.4156,1,2.4156,6.0,inf
50,5,0.7968142488711217,0.3926480403077617,-0.056091650615614184,2.4156,1,2.4156,6.0,inf
51,0,-2.156183201437304,-0.4180546436834356,-1.279435779006769,6.0,0,8.0001,6.0,inf
51,1,-2.156183201437304,-0.4180546436834356,-1.279435779006769,6.0,0,8.0001,6.0,inf
51,2,-2.156183201437304,-0.4180546436834356,-1.279435779006769,6.0,0,8.0001,6.0,inf
51,3,-2.156183201437304,-0.4180546436834356,-1.279435779006769,6.0,0,8.0001,6.0,inf
51,4,-2.156183201437304,-0.4180546436834356,-1.279435779006769,6.0,0,8.0001,6.0,inf
51,5,-2.156183201437304,-0.4180546436834356,-1.279435779006769,6.0,0,8.0001,6.0,inf
52,0,1.4740653233257701,0.19272634184595958,0.26660697439914277,1.8707999999999998,1,1.8707999999999998,6.0,inf
52,1,1.4740653233257701,0.19272634184595958,0.26660697439914277,1.8707999999999998,1,1.8707999999999998,6.0,inf
52,2,1.4740653233257701,0.19272634184595958,0.26660697439914277,1.8707999999999998,1,1.8707999999999998,6.0,inf
52,3,1.4740653233257701,0.19272634184595958,0.26660697439914277,1.8707999999999998,1,1.8707999999999998,6.0,inf
52,4,1.4740653233257701,0.19272634184595958,0.26660697439914277,1.8707999999999998,1,1.8707999999999998,6.0,inf
52,5,1.4740653233257701,0.19272634184595958,0.26660697439914277,1.8707999999999998,1,1.8707999999999998,6.0,inf
53,0,1.0693906917492382,0.7295384873538965,1.7132242443774737,1.1622,1,1.1622,6.0,inf
53,1,1.0693906917492382,0.7295384873538965,1.7132242443774737,1.1622,1,1.1622,6.0,inf
53,2,1.0693906917492382,0.7295384873538965,1.7132242443774737,1.1622,1,1.1622,6.0,inf
53,3,1.0693906917492382,0.7295384873538965,1.7132242443774737,1.1622,1,1.1622,6.0,inf
53,4,1.0693906917492382,0.7295384873538965,1.7132242443774737,1.1622,1,1.1622,6.0,inf
53,5,1.0693906917492382,0.7295384873538965,1.7132242443774737,1.1622,1,1.1622,6.0,inf
54,0,0.5128813452748455,-0.5702522843099368,1.9793086797643549,1.242,1,1.242,6.0,inf
54,1,0.5128813452748455,-0.5702522843099368,1.9793086797643549,1.242,1,1.242,6.0,inf
54,2,0.5128813452748455,-0.5702522843099368,1.9793086797643549,1.242,1,1.242,6.0,inf
54,3,0.5128813452748455,-0.5702522843099368,1.9793086797643549,1.242,1,1.242,6.0,inf
54,4,0.5128813452748455,-0.5702522843099368,1.9793086797643549,1.242,1,1.242,6.0,inf
54,5,0.5128813452748455,-0.5702522843099368,1.9793086797643549,1.242,1,1.242,6.0,inf
55,0,1.0539510981866267,0.8647278620775208,0.169592018389481,1.0272,1,1.0272,6.0,inf
55,1,1.0539510981866267,0.8647278620775208,0.169592018389481,1.0272,1,1.0272,6.0,inf
55,2,1.0539510981866267,0.8647278620775208,0.169592018389481,1.0272,1,1.0272,6.0,inf
55,3,1.0539510981866267,0.8647278620775208,0.169592018389481,1.0272,1,1.0272,6.0,inf
55,4,1.0539510981866267,0.8647278620775208,0.169592018389481,1.0272,1,1.0272,6.0,inf
55,5,1.0539510981866267,0.8647278620775208,0.169592018389481,1.0272,1,1.0272,6.0,inf
56,0,-0.37919221325685165,-0.029419982765309115,-1.023282494096505,0.8664,1,0.8664,6.0,inf
56,1,-0.37919221325685165,-0.029419982765309115,-1.023282494096505,0.8664,1,0.8664,6.0,inf
56,2,-0.37919221325685165,-0.029419982765309115,-1.023282494096505,0.8664,1,0.8664,6.0,inf
56,3,-0.37919221325685165,-0.029419982765309115,-1.023282494096505,0.8664,1,0.8664,6.0,inf
56,4,-0.37919221325685165,-0.029419982765309115,-1.023282494096505,0.8664,1,0.8664,6.0,inf
56,5,-0.37919221325685165,-0.029419982765309115,-1.023282494096505,0.8664,1,0.8664,6.0,inf
57,0,-0.7420086393697325,0.015982564938132722,-0.7694409841331141,5.725499999999999,1,5.725499999999999,6.0,inf
57,1,-0.7420086393697325,0.015982564938132722,-0.7694409841331141,5.725499999999999,1,5.725499999999999,6.0,inf
57,2,-0.7420086393697325,0.015982564938132722,-0.7694409841331141,5.725499999999999,1,5.725499999999999,6.0,inf
57,3,-0.7420086393697325,0.015982564938132722,-0.7694409841331141,5.725499999999999,1,5.725499999999999,6.0,inf
57,4,-0.7420086393697325,0.015982564938132722,-0.7694409841331141,5.725499999999999,1,5.725499999999999,6.0,inf
57,5,-0.7420086393697325,0.015982564938132722,-0.7694409841331141,5.725499999999999,1,5.725499999999999,6.0,inf
58,0,0.18461276299289525,-0.5183544848696389,-0.7110288309214202,5.7573,1,5.7573,6.0,inf
58,1,0.18461276299289525,-0.5183544848696389,-0.7110288309214202,5.7573,1,5.7573,6.0,inf
58,2,0.18461276299289525,-0.5183544848696389,-0.7110288309214202,5.7573,1,5.7573,6.0,inf
58,3,0.18461276299289525,-0.5183544848696389,-0.7110288309214202,5.7573,1,5.7573,6.0,inf
58,4,0.18461276299289525,-0.5183544848696389,-0.7110288309214202,5.7573,1,5.7573,6.0,inf
58,5,0.18461276299289525,-0.5183544848696389,-0.7110288309214202,5.7573,1,5.7573,6.0,inf
59,0,1.2570789434957303,-0.23718931990822245,-1.021330050229983,2.6954999999999996,1,2.6954999999999996,6.0,inf
59,1,1.2570789434957303,-0.23718931990822245,-1.021330050229983,2.6954999999999996,1,2.6954999999999996,6.0,inf
59,2,1.2570789434957303,-0.23718931990822245,-1.021330050229983,2.6954999999999996,1,2.6954999999999996,6.0,inf
59,3,1.2570789434957303,-0.23718931990822245,-1.021330050229983,2.6954999999999996,1,2.6954999999999996,6.0,inf
59,4,1.2570789434957303,-0.23718931990822245,-1.021330050229983,2.6954999999999996,1,2.6954999999999996,6.0,inf
59,5,1.2570789434957303,-0.23718931990822245,-1.021330050229983,2.6954999999999996,1,2.6954999999999996,6.0,inf
60,0,0.056750638229039266,1.272710679005573,0.07057941178877258,2.0345999999999997,1,2.0345999999999997,6.0,inf
60,1,0.056750638229039266,1.272710679005573,0.07057941178877258,2.0345999999999997,1,2.0345999999999997,6.0,inf
60,2,0.056750638229039266,1.272710679005573,0.07057941178877258,2.0345999999999997,1,2.0345999999999997,6.0,inf
60,3,0.056750638229039266,1.272710679005573,0.07057941178877258,2.0345999999999997,1,2.0345999999999997,6.0,inf
60,4,0.056750638229039266,1.272710679005573,0.07057941178877258,2.0345999999999997,1,2.0345999999999997,6.0,inf
60,5,0.056750638229039266,1.272710679005573,0.07057941178877258,2.0345999999999997,1,2.0345999999999997,6.0,inf
61,0,-1.3353874126599234,-0.16456569890741535,0.09811954383269542,4.0686,1,4.0686,6.0,inf
61,1,-1.3353874126599234,-0.16456569890741535,0.09811954383269542,4.0686,1,4.0686,6.0,inf
61,2,-1.3353874126599234,-0.16456569890741535,0.09811954383269542,4.0686,1,4.0686,6.0,inf
61,3,-1.3353874126599234,-0.16456569890741535,0.09811954383269542,4.0686,1,4.0686,6.0,inf
61,4,-1.3353874126599234,-0.16456569890741535,0.09811954383269542,4.0686,1,4.0686,6.0,inf
61,5,-1.3353874126599234,-0.16456569890741535,0.09811954383269542,4.0686,1,4.0686,6.0,inf
62,0,-0.511243254342019,1.329584267386016,-0.7404865932153165,1.6949999999999998,1,1.6949999999999998,6.0,inf
62,1,-0.511243254342019,1.329584267386016,-0.7404865932153165,1.6949999999999998,1,1.6949999999999998,6.0,inf
62,2,-0.511243254342019,1.329584267386016,-0.7404865932153165,1.6949999999999998,1,1.6949999999999998,6.0,inf
62,3,-0.511243254342019,1.329584267386016,-0.7404865932153165,1.6949999999999998,1,1.6949999999999998,6.0,inf
62,4,-0.511243254342019,1.329584267386016,-0.7404865932153165,1.6949999999999998,1,1.6949999999999998,6.0,inf
62,5,-0.511243254342019,1.329584267386016,-0.7404865932153165,1.6949999999999998,1,1.6949999999999998,6.0,inf
63,0,0.6770436686301933,0.2622270780479136,1.6568936848998945,1.0373999999999999,1,1.0373999999999999,6.0,inf
63,1,0.6770436686301933,0.2622270780479136,1.6568936848998945,1.0373999999999999,1,1.0373999999999999,6.0,inf
63,2,0.6770436686301933,0.2622270780479136,1.6568936848998945,1.0373999999999999,1,1.0373999999999999,6.0,inf
63,3,0.6770436686301933,0.2622270780479136,1.6568936848998945,1.0373999999999999,1,1.0373999999999999,6.0,inf
63,4,0.6770436686301933,0.2622270780479136,1.6568936848998945,1.0373999999999999,1,1.0373999999999999,6.0,inf
63,5,0.6770436686301933,0.2622270780479136,1.6568936848998945,1.0373999999999999,1,1.0373999999999999,6.0,inf
64,0,-2.103809435910262,0.864244888456498,1.7124553943113008,1.7453999999999998,1,1.7453999999999998,6.0,inf
64,1,-2.103809435910262,0.864244888456498,1.7124553943113008,1.7453999999999998,1,1.7453999999999998,6.0,inf
64,2,-2.103809435910262,0.864244888456498,1.7124553943113008,1.7453999999999998,1,1.7453999999999998,6.0,inf
64,3,-2.103809435910262,0.864244888456498,1.7124553943113008,1.7453999999999998,1,1.7453999999999998,6.0,inf
64,4,-2.103809435910262,0.864244888456498,1.7124553943113008,1.7453999999999998,1,1.7453999999999998,6.0,inf
64,5,-2.103809435910262,0.864244888456498,1.7124553943113008,1.7453999999999998,1,1.7453999999999998,6.0,inf
65,0,1.9368434885300634,-1.1665846540523788,-0.43616170920448616,2.4252,1,2.4252,6.0,inf
65,1,1.9368434885300634,-1.1665846540523788,-0.43616170920448616,2.4252,1,2.4252,6.0,inf
65,2,1.9368434885300634,-1.1665846540523788,-0.43616170920448616,2.4252,1,2.4252,6.0,inf
65,3,1.9368434885300634,-1.1665846540523788,-0.43616170920448616,2.4252,1,2.4252,6.0,inf
65,4,1.9368434885300634,-1.1665846540523788,-0.43616170920448616,2.4252,1,2.4252,6.0,inf
65,5,1.9368434885300634,-1.1665846540523788,-0.43616170920448616,2.4252,1,2.4252,6.0,inf
66,0,-0.29728071019522984,1.6812057477714801,-0.2462931136247573,0.3606,1,0.3606,6.0,inf
66,1,-0.29728071019522984,1.6812057477714801,-0.2462931136247573,0.3606,1,0.3606,6.0,inf
66,2,-0.29728071019522984,1.6812057477714801,-0.2462931136247573,0.3606,1,0.3606,6.0,inf
66,3,-0.29728071019522984,1.6812057477714801,-0.2462931136247573,0.3606,1,0.3606,6.0,inf
66,4,-0.29728071019522984,1.6812057477714801,-0.2462931136247573,0.3606,1,0.3606,6.0,inf
66,5,-0.29728071019522984,1.6812057477714801,-0.2462931136247573,0.3606,1,0.3606,6.0,inf
67,0,0.8770915862733941,0.2850645236039676,0.5065551769638078,1.4132999999999998,1,1.4132999999999998,6.0,inf
67,1,0.8770915862733941,0.2850645236039676,0.5065551769638078,1.4132999999999998,1,1.4132999999999998,6.0,inf
67,2,0.8770915862733941,0.2850645236039676,0.5065551769638078,1.4132999999999998,1,1.4132999999999998,6.0,inf
67,3,0.8770915862733941,0.2850645236039676,0.5065551769638078,1.4132999999999998,1,1.4132999999999998,6.0,inf
67,4,0.8770915862733941,0.2850645236039676,0.5065551769638078,1.4132999999999998,1,1.4132999999999998,6.0,inf
67,5,0.8770915862733941,0.2850645236039676,0.5065551769638078,1.4132999999999998,1,1.4132999999999998,6.0,inf
68,0,1.7468092934510724,-0.6950290984718134,-0.2444043867707458,1.1958,1,1.1958,6.0,inf
68,1,1.7468092934510724,-0.6950290984718134,-0.2444043867707458,1.1958,1,1.1958,6.0,inf
68,2,1.7468092934510724,-0.6950290984718134,-0.2444043867707458,1.1958,1,1.1958,6.0,inf
68,3,1.7468092934510724,-0.6950290984718134,-0.2444043867707458,1.1958,1,1.1958,6.0,inf
68,4,1.7468092934510724,-0.6950290984718134,-0.2444043867707458,1.1958,1,1.1958,6.0,inf
68,5,1.7468092934510724,-0.6950290984718134,-0.2444043867707458,1.1958,1,1.1958,6.0,inf
69,0,0.28651462377743875,0.22667797983151874,-0.48323711421851595,3.0869999999999997,1,3.0869999999999997,6.0,inf
69,1,0.28651462377743875,0.22667797983151874,-0.48323711421851595,3.0869999999999997,1,3.0869999999999997,6.0,inf
69,2,0.28651462377743875,0.22667797983151874,-0.48323711421851595,3.0869999999999997,1,3.0869999999999997,6.0,inf
69,3,0.28651462377743875,0.22667797983151874,-0.48323711421851595,3.0869999999999997,1,3.0869999999999997,6.0,inf
69,4,0.28651462377743875,0.22667797983151874,-0.48323711421851595,3.0869999999999997,1,3.0869999999999997,6.0,inf
69,5,0.28651462377743875,0.22667797983151874,-0.48323711421851595,3.0869999999999997,1,3.0869999999999997,6.0,inf
70,0,-0.812328432088107,2.2636107190014005,0.8626836995639732,1.0695,1,1.0695,6.0,inf
70,1,-0.812328432088107,2.2636107190014005,0.8626836995639732,1.0695,1,1.0695,6.0,inf
70,2,-0.812328432088107,2.2636107190014005,0.8626836995639732,1.0695,1,1.0695,6.0,inf
70,3,-0.812328432088107,2.2636107190014005,0.8626836995639732,1.0695,1,1.0695,6.0,inf
70,4,-0.812328432088107,2.2636107190014005,0.8626836995639732,1.0695,1,1.0695,6.0,inf
70,5,-0.812328432088107,2.2636107190014005,0.8626836995639732,1.0695,1,1.0695,6.0,inf
71,0,0.09315242212605906,0.19921974852338767,-1.3323317025631551,5.092199999999999,1,5.092199999999999,6.0,inf
71,1,0.09315242212605906,0.19921974852338767,-1.3323317025631551,5.092199999999999,1,5.092199999999999,6.0,inf
71,2,0.09315242212605906,0.19921974852338767,-1.3323317025631551,5.092199999999999,1,5.092199999999999,6.0,inf
71,3,0.09315242212605906,0.19921974852338767,-1.3323317025631551,5.092199999999999,1,5.092199999999999,6.0,inf
71,4,0.09315242212605906,0.19921974852338767,-1.3323317025631551,5.092199999999999,1,5.092199999999999,6.0,inf
71,5,0.09315242212605906,0.19921974852338767,-1.3323317025631551,5.092199999999999,1,5.092199999999999,6.0,inf
72,0,-0.2527016122494783,0.6721996029460788,-1.79023782642762,6.0,0,6.600599999999999,6.0,inf
72,1,-0.2527016122494783,0.6721996029460788,-1.79023782642762,6.0,0,6.600599999999999,6.0,inf
72,2,-0.2527016122494783,0.6721996029460788,-1.79023782642762,6.0,0,6.600599999999999,6.0,inf
72,3,-0.2527016122494783,0.6721996029460788,-1.79023782642762,6.0,0,6.600599999999999,6.0,inf
72,4,-0.2527016122494783,0.6721996029460788,-1.79023782642762,6.0,0,6.600599999999999,6.0,inf
72,5,-0.2527016122494783,0.6721996029460788,-1.79023782642762,6.0,0,6.600599999999999,6.0,inf
73,0,-0.08664899335085731,0.46607673061113675,-0.5929896619431909,4.0908,1,4.0908,6.0,inf
73,1,-0.08664899335085731,0.46607673061113675,-0.5929896619431909,4.0908,1,4.0908,6.0,inf
73,2,-0.08664899335085731,0.46607673061113675,-0.5929896619431909,4.0908,1,4.0908,6.0,inf
73,3,-0.08664899335085731,0.46607673061113675,-0.5929896619431909,4.0908,1,4.0908,6.0,inf
73,4,-0.08664899335085731,0.46607673061113675,-0.5929896619431909,4.0908,1,4.0908,6.0,inf
73,5,-0.08664899335085731,0.46607673061113675,-0.5929896619431909,4.0908,1,4.0908,6.0,inf
74,0,1.1328299031822762,-0.47204150166827874,0.15694933793560514,2.3718,1,2.3718,6.0,inf
74,1,1.1328299031822762,-0.47204150166827874,0.15694933793560514,2.3718,1,2.3718,6.0,inf
74,2,1.1328299031822762,-0.47204150166827874,0.15694933793560514,2.3718,1,2.3718,6.0,inf
74,3,1.1328299031822762,-0.47204150166827874,0.15694933793560514,2.3718,1,2.3718,6.0,inf
74,4,1.1328299031822762,-0.47204150166827874,0.15694933793560514,2.3718,1,2.3718,6.0,inf
74,5,1.1328299031822762,-0.47204150166827874,0.15694933793560514,2.3718,1,2.3718,6.0,inf
75,0,0.3780081254593607,1.2413106363971638,0.2976507713328647,1.6514999999999997,1,1.6514999999999997,6.0,inf
75,1,0.3780081254593607,1.2413106363971638,0.2976507713328647,1.6514999999999997,1,1.6514999999999997,6.0,inf
75,2,0.3780081254593607,1.2413106363971638,0.2976507713328647,1.6514999999999997,1,1.6514999999999997,6.0,inf
75,3,0.3780081254593607,1.2413106363971638,0.2976507713328647,1.6514999999999997,1,1.6514999999999997,6.0,inf
75,4,0.3780081254593607,1.2413106363971638,0.2976507713328647,1.6514999999999997,1,1.6514999999999997,6.0,inf
75,5,0.3780081254593607,1.2413106363971638,0.2976507713328647,1.6514999999999997,1,1.6514999999999997,6.0,inf
76,0,0.021713634208947025,-1.285987689863154,-2.714605594842584,6.0,0,7.080299999999999,6.0,inf
76,1,0.021713634208947025,-1.285987689863154,-2.714605594842584,6.0,0,7.080299999999999,6.0,inf
76,2,0.021713634208947025,-1.285987689863154,-2.714605594842584,6.0,0,7.080299999999999,6.0,inf
76,3,0.021713634208947025,-1.285987689863154,-2.714605594842584,6.0,0,7.080299999999999,6.0,inf
76,4,0.021713634208947025,-1.285987689863154,-2.714605594842584,6.0,0,7.080299999999999,6.0,inf
76,5,0.021713634208947025,-1.285987689863154,-2.714605594842584,6.0,0,7.080299999999999,6.0,inf
77,0,0.7797487119937271,0.4778187894287418,2.200841249044764,1.1564999999999999,1,1.1564999999999999,6.0,inf
77,1,0.7797487119937271,0.4778187894287418,2.200841249044764,1.1564999999999999,1,1.1564999999999999,6.0,inf
77,2,0.7797487119937271,0.4778187894287418,2.200841249044764,1.1564999999999999,1,1.1564999999999999,6.0,inf
77,3,0.7797487119937271,0.4778187894287418,2.200841249044764,1.1564999999999999,1,1.1564999999999999,6.0,inf
77,4,0.7797487119937271,0.4778187894287418,2.200841249044764,1.1564999999999999,1,1.1564999999999999,6.0,inf
77,5,0.7797487119937271,0.4778187894287418,2.200841249044764,1.1564999999999999,1,1.1564999999999999,6.0,inf
78,0,0.5752426199106666,-1.5518717037189433,-0.2962031309823148,2.4564,1,2.4564,6.0,inf
78,1,0.5752426199106666,-1.5518717037189433,-0.2962031309823148,2.4564,1,2.4564,6.0,inf
78,2,0.5752426199106666,-1.5518717037189433,-0.2962031309823148,2.4564,1,2.4564,6.0,inf
78,3,0.5752426199106666,-1.5518717037189433,-0.2962031309823148,2.4564,1,2.4564,6.0,inf
78,4,0.5752426199106666,-1.5518717037189433,-0.2962031309823148,2.4564,1,2.4564,6.0,inf
78,5,0.5752426199106666,-1.5518717037189433,-0.2962031309823148,2.4564,1,2.4564,6.0,inf
79,0,-0.5556097853407944,0.6265566555387205,1.7568224965416928,1.0496999999999999,1,1.0496999999999999,6.0,inf
79,1,-0.5556097853407944,0.6265566555387205,1.7568224965416928,1.0496999999999999,1,1.0496999999999999,6.0,inf
79,2,-0.5556097853407944,0.6265566555387205,1.7568224965416928,1.0496999999999999,1,1.0496999999999999,6.0,inf
79,3,-0.5556097853407944,0.6265566555387205,1.7568224965416928,1.0496999999999999,1,1.0496999999999999,6.0,inf
79,4,-0.5556097853407944,0.6265566555387205,1.7568224965416928,1.0496999999999999,1,1.0496999999999999,6.0,inf
79,5,-0.5556097853407944,0.6265566555387205,1.7568224965416928,1.0496999999999999,1,1.0496999999999999,6.0,inf
80,0,1.0026524932572294,-0.9840553091715779,1.8444981239807727,1.2669,1,1.2669,6.0,inf
80,1,1.0026524932572294,-0.9840553091715779,1.8444981239807727,1.2669,1,1.2669,6.0,inf
80,2,1.0026524932572294,-0.9840553091715779,1.8444981239807727,1.2669,1,1.2669,6.0,inf
80,3,1.0026524932572294,-0.9840553091715779,1.8444981239807727,1.2669,1,1.2669,6.0,inf
80,4,1.0026524932572294,-0.9840553091715779,1.8444981239807727,1.2669,1,1.2669,6.0,inf
80,5,1.0026524932572294,-0.9840553091715779,1.8444981239807727,1.2669,1,1.2669,6.0,inf
81,0,-1.9330274548921653,-1.6454268884899643,-1.2556178709363401,6.0,0,8.0001,6.0,inf
81,1,-1.9330274548921653,-1.6454268884899643,-1.2556178709363401,6.0,0,8.0001,6.0,inf
81,2,-1.9330274548921653,-1.6454268884899643,-1.2556178709363401,6.0,0,8.0001,6.0,inf
81,3,-1.9330274548921653,-1.6454268884899643,-1.2556178709363401,6.0,0,8.0001,6.0,inf
81,4,-1.9330274548921653,-1.6454268884899643,-1.2556178709363401,6.0,0,8.0001,6.0,inf
81,5,-1.9330274548921653,-1.6454268884899643,-1.2556178709363401,6.0,0,8.0001,6.0,inf
82,0,-1.0893024469391634,-1.0386923093507658,-0.48610031777130314,6.0,0,8.0001,6.0,inf
82,1,-1.0893024469391634,-1.0386923093507658,-0.48610031777130314,6.0,0,8.0001,6.0,inf
82,2,-1.0893024469391634,-1.0386923093507658,-0.48610031777130314,6.0,0,8.0001,6.0,inf
82,3,-1.0893024469391634,-1.0386923093507658,-0.48610031777130314,6.0,0,8.0001,6.0,inf
82,4,-1.0893024469391634,-1.0386923093507658,-0.48610031777130314,6.0,0,8.0001,6.0,inf
82,5,-1.0893024469391634,-1.0386923093507658,-0.48610031777130314,6.0,0,8.0001,6.0,inf
83,0,0.02015231594975201,0.3088752250516085,0.3422403841135074,2.6372999999999998,1,2.6372999999999998,6.0,inf
83,1,0.02015231594975201,0.3088752250516085,0.3422403841135074,2.6372999999999998,1,2.6372999999999998,6.0,inf
83,2,0.02015231594975201,0.3088752250516085,0.3422403841135074,2.6372999999999998,1,2.6372999999999998,6.0,inf
83,3,0.02015231594975201,0.3088752250516085,0.3422403841135074,2.6372999999999998,1,2.6372999999999998,6.0,inf
83,4,0.02015231594975201,0.3088752250516085,0.3422403841135074,2.6372999999999998,1,2.6372999999999998,6.0,inf
83,5,0.02015231594975201,0.3088752250516085,0.3422403841135074,2.6372999999999998,1,2.6372999999999998,6.0,inf
84,0,-1.1400317807524272,0.4495206488477483,-0.3759975403687133,5.675699999999999,1,5.675699999999999,6.0,inf
84,1,-1.1400317807524272,0.4495206488477483,-0.3759975403687133,5.675699999999999,1,5.675699999999999,6.0,inf
84,2,-1.1400317807524272,0.4495206488477483,-0.3759975403687133,5.675699999999999,1,5.675699999999999,6.0,inf
84,3,-1.1400317807524272,0.4495206488477483,-0.3759975403687133,5.675699999999999,1,5.675699999999999,6.0,inf
84,4,-1.1400317807524272,0.4495206488477483,-0.3759975403687133,5.675699999999999,1,5.675699999999999,6.0,inf
84,5,-1.1400317807524272,0.4495206488477483,-0.3759975403687133,5.675699999999999,1,5.675699999999999,6.0,inf
85,0,-0.7086056264586745,1.035412931610722,-1.7536697815693283,6.0,0,6.5405999999999995,6.0,inf
85,1,-0.7086056264586745,1.035412931610722,-1.7536697815693283,6.0,0,6.5405999999999995,6.0,inf
85,2,-0.7086056264586745,1.035412931610722,-1.7536697815693283,6.0,0,6.5405999999999995,6.0,inf
85,3,-0.7086056264586745,1.035412931610722,-1.7536697815693283,6.0,0,6.5405999999999995,6.0,inf
85,4,-0.7086056264586745,1.035412931610722,-1.7536697815693283,6.0,0,6.5405999999999995,6.0,inf
85,5,-0.7086056264586745,1.035412931610722,-1.7536697815693283,6.0,0,6.5405999999999995,6.0,inf
86,0,-0.4447080074825056,-2.298490866097683,-0.3380858948344385,4.5443999999999996,1,4.5443999999999996,6.0,inf
86,1,-0.4447080074825056,-2.298490866097683,-0.3380858948344385,4.5443999999999996,1,4.5443999999999996,6.0,inf
86,2,-0.4447080074825056,-2.298490866097683,-0.3380858948344385,4.5443999999999996,1,4.5443999999999996,6.0,inf
86,3,-0.4447080074825056,-2.298490866097683,-0.3380858948344385,4.5443999999999996,1,4.5443999999999996,6.0,inf
86,4,-0.4447080074825056,-2.298490866097683,-0.3380858948344385,4.5443999999999996,1,4.5443999999999996,6.0,inf
86,5,-0.4447080074825056,-2.298490866097683,-0.3380858948344385,4.5443999999999996,1,4.5443999999999996,6.0,inf
87,0,-0.08376107475362211,0.12996929469241003,0.7067142903441097,1.5228,1,1.5228,6.0,inf
87,1,-0.08376107475362211,0.12996929469241003,0.7067142903441097,1.5228,1,1.5228,6.0,inf
87,2,-0.08376107475362211,0.12996929469241003,0.7067142903441097,1.5228,1,1.5228,6.0,inf
87,3,-0.08376107475362211,0.12996929469241003,0.7067142903441097,1.5228,1,1.5228,6.0,inf
87,4,-0.08376107475362211,0.12996929469241003,0.7067142903441097,1.5228,1,1.5228,6.0,inf
87,5,-0.08376107475362211,0.12996929469241003,0.7067142903441097,1.5228,1,1.5228,6.0,inf
88,0,0.17811734678456403,-0.1643897535450247,0.6152155641536589,2.0418,1,2.0418,6.0,inf
88,1,0.17811734678456403,-0.1643897535450247,0.6152155641536589,2.0418,1,2.0418,6.0,inf
88,2,0.17811734678456403,-0.1643897535450247,0.6152155641536589,2.0418,1,2.0418,6.0,inf
88,3,0.17811734678456403,-0.1643897535450247,0.6152155641536589,2.0418,1,2.0418,6.0,inf
88,4,0.17811734678456403,-0.1643897535450247,0.6152155641536589,2.0418,1,2.0418,6.0,inf
88,5,0.17811734678456403,-0.1643897535450247,0.6152155641536589,2.0418,1,2.0418,6.0,inf
89,0,-0.5905597322927616,0.782682068945764,-0.5678724668057963,4.4906999999999995,1,4.4906999999999995,6.0,inf
89,1,-0.5905597322927616,0.782682068945764,-0.5678724668057963,4.4906999999999995,1,4.4906999999999995,6.0,inf
89,2,-0.5905597322927616,0.782682068945764,-0.5678724668057963,4.4906999999999995,1,4.4906999999999995,6.0,inf
89,3,-0.5905597322927616,0.782682068945764,-0.5678724668057963,4.4906999999999995,1,4.4906999999999995,6.0,inf
89,4,-0.5905597322927616,0.782682068945764,-0.5678724668057963,4.4906999999999995,1,4.4906999999999995,6.0,inf
89,5,-0.5905597322927616,0.782682068945764,-0.5678724668057963,4.4906999999999995,1,4.4906999999999995,6.0,inf
90,0,-0.8768321024982142,0.7082485875508981,0.10894731720821908,1.1877,1,1.1877,6.0,inf
90,1,-0.8768321024982142,0.7082485875508981,0.10894731720821908,1.1877,1,1.1877,6.0,inf
90,2,-0.8768321024982142,0.7082485875508981,0.10894731720821908,1.1877,1,1.1877,6.0,inf
90,3,-0.8768321024982142,0.7082485875508981,0.10894731720821908,1.1877,1,1.1877,6.0,inf
90,4,-0.8768321024982142,0.7082485875508981,0.10894731720821908,1.1877,1,1.1877,6.0,inf
90,5,-0.8768321024982142,0.7082485875508981,0.10894731720821908,1.1877,1,1.1877,6.0,inf
91,0,-0.2608795678724465,0.6134979562492949,0.9824970226584913,1.1003999999999998,1,1.1003999999999998,6.0,inf
91,1,-0.2608795678724465,0.6134979562492949,0.9824970226584913,1.1003999999999998,1,1.1003999999999998,6.0,inf
91,2,-0.2608795678724465,0.6134979562492949,0.9824970226584913,1.1003999999999998,1,1.1003999999999998,6.0,inf
91,3,-0.2608795678724465,0.6134979562492949,0.9824970226584913,1.1003999999999998,1,1.1003999999999998,6.0,inf
91,4,-0.2608795678724465,0.6134979562492949,0.9824970226584913,1.1003999999999998,1,1.1003999999999998,6.0,inf
91,5,-0.2608795678724465,0.6134979562492949,0.9824970226584913,1.1003999999999998,1,1.1003999999999998,6.0,inf
92,0,1.7748313890402725,0.4030525318056725,0.78287529914347,0.6018,1,0.6018,6.0,inf
92,1,1.7748313890402725,0.4030525318056725,0.78287529914347,0.6018,1,0.6018,6.0,inf
92,2,1.7748313890402725,0.4030525318056725,0.78287529914347,0.6018,1,0.6018,6.0,inf
92,3,1.7748313890402725,0.4030525318056725,0.78287529914347,0.6018,1,0.6018,6.0,inf
92,4,1.7748313890402725,0.4030525318056725,0.78287529914347,0.6018,1,0.6018,6.0,inf
92,5,1.7748313890402725,0.4030525318056725,0.78287529914347,0.6018,1,0.6018,6.0,inf
93,0,-0.8584457027887189,-0.14635912450081967,-0.02295330107421408,4.6224,1,4.6224,6.0,inf
93,1,-0.8584457027887189,-0.14635912450081967,-0.02295330107421408,4.6224,1,4.6224,6.0,inf
93,2,-0.8584457027887189,-0.14635912450081967,-0.02295330107421408,4.6224,1,4.6224,6.0,inf
93,3,-0.8584457027887189,-0.14635912450081967,-0.02295330107421408,4.6224,1,4.6224,6.0,inf
93,4,-0.8584457027887189,-0.14635912450081967,-0.02295330107421408,4.6224,1,4.6224,6.0,inf
93,5,-0.8584457027887189,-0.14635912450081967,-0.02295330107421408,4.6224,1,4.6224,6.0,inf
94,0,0.13407505637057335,-0.39993854575856863,-0.04824131043665435,2.3327999999999998,1,2.3327999999999998,6.0,inf
94,1,0.13407505637057335,-0.39993854575856863,-0.04824131043665435,2.3327999999999998,1,2.3327999999999998,6.0,inf
94,2,0.13407505637057335,-0.39993854575856863,-0.04824131043665435,2.3327999999999998,1,2.3327999999999998,6.0,inf
94,3,0.13407505637057335,-0.39993854575856863,-0.04824131043665435,2.3327999999999998,1,2.3327999999999998,6.0,inf
94,4,0.13407505637057335,-0.39993854575856863,-0.04824131043665435,2.3327999999999998,1,2.3327999999999998,6.0,inf
94,5,0.13407505637057335,-0.39993854575856863,-0.04824131043665435,2.3327999999999998,1,2.3327999999999998,6.0,inf
95,0,-2.3590680521656706,-0.3766771466808381,0.031112544428640188,6.0,0,8.0001,6.0,inf
95,1,-2.3590680521656706,-0.3766771466808381,0.031112544428640188,6.0,0,8.0001,6.0,inf
95,2,-2.3590680521656706,-0.3766771466808381,0.031112544428640188,6.0,0,8.0001,6.0,inf
95,3,-2.3590680521656706,-0.3766771466808381,0.031112544428640188,6.0,0,8.0001,6.0,inf
95,4,-2.3590680521656706,-0.3766771466808381,0.031112544428640188,6.0,0,8.0001,6.0,inf
95,5,-2.3590680521656706,-0.3766771466808381,0.031112544428640188,6.0,0,8.0001,6.0,inf
96,0,-0.20873045838420012,-0.44931014865152535,-0.9503786049517924,0.47219999999999995,1,0.47219999999999995,6.0,inf
96,1,-0.20873045838420012,-0.44931014865152535,-0.9503786049517924,0.47219999999999995,1,0.47219999999999995,6.0,inf
96,2,-0.20873045838420012,-0.44931014865152535,-0.9503786049517924,0.47219999999999995,1,0.47219999999999995,6.0,inf
96,3,-0.20873045838420012,-0.44931014865152535,-0.9503786049517924,0.47219999999999995,1,0.47219999999999995,6.0,inf
96,4,-0.20873045838420012,-0.44931014865152535,-0.9503786049517924,0.47219999999999995,1,0.47219999999999995,6.0,inf
96,5,-0.20873045838420012,-0.44931014865152535,-0.9503786049517924,0.47219999999999995,1,0.47219999999999995,6.0,inf
97,0,-0.629673474032868,0.38703989425009766,0.14542826344805618,2.1599999999999997,1,2.1599999999999997,6.0,inf
97,1,-0.629673474032868,0.38703989425009766,0.14542826344805618,2.1599999999999997,1,2.1599999999999997,6.0,inf
97,2,-0.629673474032868,0.38703989425009766,0.14542826344805618,2.1599999999999997,1,2.1599999999999997,6.0,inf
97,3,-0.629673474032868,0.38703989425009766,0.14542826344805618,2.1599999999999997,1,2.1599999999999997,6.0,inf
97,4,-0.629673474032868,0.38703989425009766,0.14542826344805618,2.1599999999999997,1,2.1599999999999997,6.0,inf
97,5,-0.629673474032868,0.38703989425009766,0.14542826344805618,2.1599999999999997,1,2.1599999999999997,6.0,inf
98,0,-1.0185388555504973,0.23147679227695994,0.08541974378824645,4.707299999999999,1,4.707299999999999,6.0,inf
98,1,-1.0185388555504973,0.23147679227695994,0.08541974378824645,4.707299999999999,1,4.707299999999999,6.0,inf
98,2,-1.0185388555504973,0.23147679227695994,0.08541974378824645,4.707299999999999,1,4.707299999999999,6.0,inf
98,3,-1.0185388555504973,0.23147679227695994,0.08541974378824645,4.707299999999999,1,4.707299999999999,6.0,inf
98,4,-1.0185388555504973,0.23147679227695994,0.08541974378824645,4.707299999999999,1,4.707299999999999,6.0,inf
98,5,-1.0185388555504973,0.23147679227695994,0.08541974378824645,4.707299999999999,1,4.707299999999999,6.0,inf
99,0,0.9452784914041119,-1.0786975342622953,-0.18130049065156248,2.2962,1,2.2962,6.0,inf
99,1,0.9452784914041119,-1.0786975342622953,-0.18130049065156248,2.2962,1,2.2962,6.0,inf
99,2,0.9452784914041119,-1.0786975342622953,-0.18130049065156248,2.2962,1,2.2962,6.0,inf
99,3,0.9452784914041119,-1.0786975342622953,-0.18130049065156248,2.2962,1,2.2962,6.0,inf
99,4,0.9452784914041119,-1.0786975342622953,-0.18130049065156248,2.2962,1,2.2962,6.0,inf
99,5,0.9452784914041119,-1.0786975342622953,-0.18130049065156248,2.2962,1,2.2962,6.0,inf
100,0,-0.027782153538304096,-0.8352865525209847,-0.7229754885556129,6.0,0,6.458699999999999,6.0,inf
100,1,-0.027782153538304096,-0.8352865525209847,-0.7229754885556129,6.0,0,6.458699999999999,6.0,inf
100,2,-0.027782153538304096,-0.8352865525209847,-0.7229754885556129,6.0,0,6.458699999999999,6.0,inf
100,3,-0.027782153538304096,-0.8352865525209847,-0.7229754885556129,6.0,0,6.458699999999999,6.0,inf
100,4,-0.027782153538304096,-0.8352865525209847,-0.7229754885556129,6.0,0,6.458699999999999,6.0,inf
100,5,-0.027782153538304096,-0.8352865525209847,-0.7229754885556129,6.0,0,6.458699999999999,6.0,inf
101,0,-0.2932561145635365,1.5739253610570694,-0.41944001095584466,1.2836999999999998,1,1.2836999999999998,6.0,inf
101,1,-0.2932561145635365,1.5739253610570694,-0.41944001095584466,1.2836999999999998,1,1.2836999999999998,6.0,inf
101,2,-0.2932561145635365,1.5739253610570694,-0.41944001095584466,1.2836999999999998,1,1.2836999999999998,6.0,inf
101,3,-0.2932561145635365,1.5739253610570694,-0.41944001095584466,1.2836999999999998,1,1.2836999999999998,6.0,inf
101,4,-0.2932561145635365,1.5739253610570694,-0.41944001095584466,1.2836999999999998,1,1.2836999999999998,6.0,inf
101,5,-0.2932561145635365,1.5739253610570694,-0.41944001095584466,1.2836999999999998,1,1.2836999999999998,6.0,inf
102,0,-0.6673264626947422,-0.18048396569068376,0.26348408338556506,1.5194999999999999,1,1.5194999999999999,6.0,inf
102,1,-0.6673264626947422,-0.18048396569068376,0.26348408338556506,1.5194999999999999,1,1.5194999999999999,6.0,inf
102,2,-0.6673264626947422,-0.18048396569068376,0.26348408338556506,1.5194999999999999,1,1.5194999999999999,6.0,inf
102,3,-0.6673264626947422,-0.18048396569068376,0.26348408338556506,1.5194999999999999,1,1.5194999999999999,6.0,inf
102,4,-0.6673264626947422,-0.18048396569068376,0.26348408338556506,1.5194999999999999,1,1.5194999999999999,6.0,inf
102,5,-0.6673264626947422,-0.18048396569068376,0.26348408338556506,1.5194999999999999,1,1.5194999999999999,6.0,inf
103,0,-0.7324871446469375,-0.5231657881801846,-0.9513989003975387,6.0,0,6.9281999999999995,6.0,inf
103,1,-0.7324871446469375,-0.5231657881801846,-0.9513989003975387,6.0,0,6.9281999999999995,6.0,inf
103,2,-0.7324871446469375,-0.5231657881801846,-0.9513989003975387,6.0,0,6.9281999999999995,6.0,inf
103,3,-0.7324871446469375,-0.5231657881801846,-0.9513989003975387,6.0,0,6.9281999999999995,6.0,inf
103,4,-0.7324871446469375,-0.5231657881801846,-0.9513989003975387,6.0,0,6.9281999999999995,6.0,inf
103,5,-0.7324871446469375,-0.5231657881801846,-0.9513989003975387,6.0,0,6.9281999999999995,6.0,inf
104,0,-0.7524368308597642,-0.0008349922969046226,1.2477707479333529,4.152299999999999,1,4.152299999999999,6.0,inf
104,1,-0.7524368308597642,-0.0008349922969046226,1.2477707479333529,4.152299999999999,1,4.152299999999999,6.0,inf
104,2,-0.7524368308597642,-0.0008349922969046226,1.2477707479333529,4.152299999999999,1,4.152299999999999,6.0,inf
104,3,-0.7524368308597642,-0.0008349922969046226,1.2477707479333529,4.152299999999999,1,4.152299999999999,6.0,inf
104,4,-0.7524368308597642,-0.0008349922969046226,1.2477707479333529,4.152299999999999,1,4.152299999999999,6.0,inf
104,5,-0.7524368308597642,-0.0008349922969046226,1.2477707479333529,4.152299999999999,1,4.152299999999999,6.0,inf
105,0,0.9169998024670701,-0.49059254189682633,-0.46799193752627777,2.8025999999999995,1,2.8025999999999995,6.0,inf
105,1,0.9169998024670701,-0.49059254189682633,-0.46799193752627777,2.8025999999999995,1,2.8025999999999995,6.0,inf
105,2,0.9169998024670701,-0.49059254189682633,-0.46799193752627777,2.8025999999999995,1,2.8025999999999995,6.0,inf
105,3,0.9169998024670701,-0.49059254189682633,-0.46799193752627777,2.8025999999999995,1,2.8025999999999995,6.0,inf
105,4,0.9169998024670701,-0.49059254189682633,-0.46799193752627777,2.8025999999999995,1,2.8025999999999995,6.0,inf
105,5,0.9169998024670701,-0.49059254189682633,-0.46799193752627777,2.8025999999999995,1,2.8025999999999995,6.0,inf
106,0,1.0523584091318154,-1.4714542483268462,-0.8639653477193349,4.0245,1,4.0245,6.0,inf
106,1,1.0523584091318154,-1.4714542483268462,-0.8639653477193349,4.0245,1,4.0245,6.0,inf
106,2,1.0523584091318154,-1.4714542483268462,-0.8639653477193349,4.0245,1,4.0245,6.0,inf
106,3,1.0523584091318154,-1.4714542483268462,-0.8639653477193349,4.0245,1,4.0245,6.0,inf
106,4,1.0523584091318154,-1.4714542483268462,-0.8639653477193349,4.0245,1,4.0245,6.0,inf
106,5,1.0523584091318154,-1.4714542483268462,-0.8639653477193349,4.0245,1,4.0245,6.0,inf
107,0,-1.666299743811228,1.1141893783948313,-0.3591133201598052,6.0,0,8.0001,6.0,inf
107,1,-1.666299743811228,1.1141893783948313,-0.3591133201598052,6.0,0,8.0001,6.0,inf
107,2,-1.666299743811228,1.1141893783948313,-0.3591133201598052,6.0,0,8.0001,6.0,inf
107,3,-1.666299743811228,1.1141893783948313,-0.3591133201598052,6.0,0,8.0001,6.0,inf
107,4,-1.666299743811228,1.1141893783948313,-0.3591133201598052,6.0,0,8.0001,6.0,inf
107,5,-1.666299743811228,1.1141893783948313,-0.3591133201598052,6.0,0,8.0001,6.0,inf
108,0,0.30401938309274623,0.8216967158017836,0.31945874536803287,0.9230999999999999,1,0.9230999999999999,6.0,inf
108,1,0.30401938309274623,0.8216967158017836,0.31945874536803287,0.9230999999999999,1,0.9230999999999999,6.0,inf
108,2,0.30401938309274623,0.8216967158017836,0.31945874536803287,0.9230999999999999,1,0.9230999999999999,6.0,inf
108,3,0.30401938309274623,0.8216967158017836,0.31945874536803287,0.9230999999999999,1,0.9230999999999999,6.0,inf
108,4,0.30401938309274623,0.8216967158017836,0.31945874536803287,0.9230999999999999,1,0.9230999999999999,6.0,inf
108,5,0.30401938309274623,0.8216967158017836,0.31945874536803287,0.9230999999999999,1,0.9230999999999999,6.0,inf
109,0,1.1090095205868908,0.2147657003187097,1.329349806027369,1.2165,1,1.2165,6.0,inf
109,1,1.1090095205868908,0.2147657003187097,1.329349806027369,1.2165,1,1.2165,6.0,inf
109,2,1.1090095205868908,0.2147657003187097,1.329349806027369,1.2165,1,1.2165,6.0,inf
109,3,1.1090095205868908,0.2147657003187097,1.329349806027369,1.2165,1,1.2165,6.0,inf
109,4,1.1090095205868908,0.2147657003187097,1.329349806027369,1.2165,1,1.2165,6.0,inf
109,5,1.1090095205868908,0.2147657003187097,1.329349806027369,1.2165,1,1.2165,6.0,inf
110,0,-0.18932449662795914,0.949023072431285,-0.7140790193394824,3.1386,1,3.1386,6.0,inf
110,1,-0.18932449662795914,0.949023072431285,-0.7140790193394824,3.1386,1,3.1386,6.0,inf
110,2,-0.18932449662795914,0.949023072431285,-0.7140790193394824,3.1386,1,3.1386,6.0,inf
110,3,-0.18932449662795914,0.949023072431285,-0.7140790193394824,3.1386,1,3.1386,6.0,inf
110,4,-0.18932449662795914,0.949023072431285,-0.7140790193394824,3.1386,1,3.1386,6.0,inf
110,5,-0.18932449662795914,0.949023072431285,-0.7140790193394824,3.1386,1,3.1386,6.0,inf
111,0,-0.9250773029281714,-2.08441377164088,0.2774434136800658,3.0837,1,3.0837,6.0,inf
111,1,-0.9250773029281714,-2.08441377164088,0.2774434136800658,3.0837,1,3.0837,6.0,inf
111,2,-0.9250773029281714,-2.08441377164088,0.2774434136800658,3.0837,1,3.0837,6.0,inf
111,3,-0.9250773029281714,-2.08441377164088,0.2774434136800658,3.0837,1,3.0837,6.0,inf
111,4,-0.9250773029281714,-2.08441377164088,0.2774434136800658,3.0837,1,3.0837,6.0,inf
111,5,-0.9250773029281714,-2.08441377164088,0.2774434136800658,3.0837,1,3.0837,6.0,inf
112,0,0.04979482420435431,0.2964923755187607,0.47778823056218345,1.4327999999999999,1,1.4327999999999999,6.0,inf
112,1,0.04979482420435431,0.2964923755187607,0.47778823056218345,1.4327999999999999,1,1.4327999999999999,6.0,inf
112,2,0.04979482420435431,0.2964923755187607,0.47778823056218345,1.4327999999999999,1,1.4327999999999999,6.0,inf
112,3,0.04979482420435431,0.2964923755187607,0.47778823056218345,1.4327999999999999,1,1.4327999999999999,6.0,inf
112,4,0.04979482420435431,0.2964923755187607,0.47778823056218345,1.4327999999999999,1,1.4327999999999999,6.0,inf
112,5,0.04979482420435431,0.2964923755187607,0.47778823056218345,1.4327999999999999,1,1.4327999999999999,6.0,inf
113,0,0.8878947654234062,1.5068600931641245,-0.6054738885351303,1.4343,1,1.4343,6.0,inf
113,1,0.8878947654234062,1.5068600931641245,-0.6054738885351303,1.4343,1,1.4343,6.0,inf
113,2,0.8878947654234062,1.5068600931641245,-0.6054738885351303,1.4343,1,1.4343,6.0,inf
113,3,0.8878947654234062,1.5068600931641245,-0.6054738885351303,1.4343,1,1.4343,6.0,inf
113,4,0.8878947654234062,1.5068600931641245,-0.6054738885351303,1.4343,1,1.4343,6.0,inf
113,5,0.8878947654234062,1.5068600931641245,-0.6054738885351303,1.4343,1,1.4343,6.0,inf
114,0,-0.7215822228600676,0.2445285810898043,0.18349486065713805,6.0,0,7.205099999999999,6.0,inf
114,1,-0.7215822228600676,0.2445285810898043,0.18349486065713805,6.0,0,7.205099999999999,6.0,inf
114,2,-0.7215822228600676,0.2445285810898043,0.18349486065713805,6.0,0,7.205099999999999,6.0,inf
114,3,-0.7215822228600676,0.2445285810898043,0.18349486065713805,6.0,0,7.205099999999999,6.0,inf
114,4,-0.7215822228600676,0.2445285810898043,0.18349486065713805,6.0,0,7.205099999999999,6.0,inf
114,5,-0.7215822228600676,0.2445285810898043,0.18349486065713805,6.0,0,7.205099999999999,6.0,inf
115,0,-0.8628924862329889,0.7356276951965391,1.7317066755112787,1.3449,1,1.3449,6.0,inf
115,1,-0.8628924862329889,0.7356276951965391,1.7317066755112787,1.3449,1,1.3449,6.0,inf
115,2,-0.8628924862329889,0.7356276951965391,1.7317066755112787,1.3449,1,1.3449,6.0,inf
115,3,-0.8628924862329889,0.7356276951965391,1.7317066755112787,1.3449,1,1.3449,6.0,inf
115,4,-0.8628924862329889,0.7356276951965391,1.7317066755112787,1.3449,1,1.3449,6.0,inf
115,5,-0.8628924862329889,0.7356276951965391,1.7317066755112787,1.3449,1,1.3449,6.0,inf
116,0,1.1378289595956028,0.5221279425696828,0.1929953249336456,0.8660999999999999,1,0.8660999999999999,6.0,inf
116,1,1.1378289595956028,0.5221279425696828,0.1929953249336456,0.8660999999999999,1,0.8660999999999999,6.0,inf
116,2,1.1378289595956028,0.5221279425696828,0.1929953249336456,0.8660999999999999,1,0.8660999999999999,6.0,inf
116,3,1.1378289595956028,0.5221279425696828,0.1929953249336456,0.8660999999999999,1,0.8660999999999999,6.0,inf
116,4,1.1378289595956028,0.5221279425696828,0.1929953249336456,0.8660999999999999,1,0.8660999999999999,6.0,inf
116,5,1.1378289595956028,0.5221279425696828,0.1929953249336456,0.8660999999999999,1,0.8660999999999999,6.0,inf
117,0,-0.13232569113288117,0.8674654459371376,-0.6156117175368464,3.6875999999999998,1,3.6875999999999998,6.0,inf
117,1,-0.13232569113288117,0.8674654459371376,-0.6156117175368464,3.6875999999999998,1,3.6875999999999998,6.0,inf
117,2,-0.13232569113288117,0.8674654459371376,-0.6156117175368464,3.6875999999999998,1,3.6875999999999998,6.0,inf
117,3,-0.13232569113288117,0.8674654459371376,-0.6156117175368464,3.6875999999999998,1,3.6875999999999998,6.0,inf
117,4,-0.13232569113288117,0.8674654459371376,-0.6156117175368464,3.6875999999999998,1,3.6875999999999998,6.0,inf
117,5,-0.13232569113288117,0.8674654459371376,-0.6156117175368464,3.6875999999999998,1,3.6875999999999998,6.0,inf
118,0,-1.7107226930574697,0.6847103013418183,-1.4494428345225625,6.0,0,8.0001,6.0,inf
118,1,-1.7107226930574697,0.6847103013418183,-1.4494428345225625,6.0,0,8.0001,6.0,inf
118,2,-1.7107226930574697,0.6847103013418183,-1.4494428345225625,6.0,0,8.0001,6.0,inf
118,3,-1.7107226930574697,0.6847103013418183,-1.4494428345225625,6.0,0,8.0001,6.0,inf
118,4,-1.7107226930574697,0.6847103013418183,-1.4494428345225625,6.0,0,8.0001,6.0,inf
118,5,-1.7107226930574697,0.6847103013418183,-1.4494428345225625,6.0,0,8.0001,6.0,inf
119,0,-1.1564086437926133,-0.7966097665395273,-0.7258595521400324,4.919099999999999,1,4.919099999999999,6.0,inf
119,1,-1.1564086437926133,-0.7966097665395273,-0.7258595521400324,4.919099999999999,1,4.919099999999999,6.0,inf
119,2,-1.1564086437926133,-0.7966097665395273,-0.7258595521400324,4.919099999999999,1,4.919099999999999,6.0,inf
119,3,-1.1564086437926133,-0.7966097665395273,-0.7258595521400324,4.919099999999999,1,4.919099999999999,6.0,inf
119,4,-1.1564086437926133,-0.7966097665395273,-0.7258595521400324,4.919099999999999,1,4.919099999999999,6.0,inf
119,5,-1.1564086437926133,-0.7966097665395273,-0.7258595521400324,4.919099999999999,1,4.919099999999999,6.0,inf
120,0,-1.0592363970418648,-1.5040774693334904,0.8809082738552184,6.0,0,7.473599999999999,6.0,inf
120,1,-1.0592363970418648,-1.5040774693334904,0.8809082738552184,6.0,0,7.473599999999999,6.0,inf
120,2,-1.0592363970418648,-1.5040774693334904,0.8809082738552184,6.0,0,7.473599999999999,6.0,inf
120,3,-1.0592363970418648,-1.5040774693334904,0.8809082738552184,6.0,0,7.473599999999999,6.0,inf
120,4,-1.0592363970418648,-1.5040774693334904,0.8809082738552184,6.0,0,7.473599999999999,6.0,inf
120,5,-1.0592363970418648,-1.5040774693334904,0.8809082738552184,6.0,0,7.473599999999999,6.0,inf
121,0,0.8899565800104345,0.0485746084577175,-0.6583054513811198,1.7168999999999999,1,1.7168999999999999,6.0,inf
121,1,0.8899565800104345,0.0485746084577175,-0.6583054513811198,1.7168999999999999,1,1.7168999999999999,6.0,inf
121,2,0.8899565800104345,0.0485746084577175,-0.6583054513811198,1.7168999999999999,1,1.7168999999999999,6.0,inf
121,3,0.8899565800104345,0.0485746084577175,-0.6583054513811198,1.7168999999999999,1,1.7168999999999999,6.0,inf
121,4,0.8899565800104345,0.0485746084577175,-0.6583054513811198,1.7168999999999999,1,1.7168999999999999,6.0,inf
121,5,0.8899565800104345,0.0485746084577175,-0.6583054513811198,1.7168999999999999,1,1.7168999999999999,6.0,inf
122,0,0.8997213217801916,1.0518448898027721,-1.5651331236969697,0.7401,1,0.7401,6.0,inf
122,1,0.8997213217801916,1.0518448898027721,-1.5651331236969697,0.7401,1,0.7401,6.0,inf
122,2,0.8997213217801916,1.0518448898027721,-1.5651331236969697,0.7401,1,0.7401,6.0,inf
122,3,0.8997213217801916,1.0518448898027721,-1.5651331236969697,0.7401,1,0.7401,6.0,inf
122,4,0.8997213217801916,1.0518448898027721,-1.5651331236969697,0.7401,1,0.7401,6.0,inf
122,5,0.8997213217801916,1.0518448898027721,-1.5651331236969697,0.7401,1,0.7401,6.0,inf
123,0,-0.1927255199821122,1.0183797609650636,2.1336763246970154,1.0896,1,1.0896,6.0,inf
123,1,-0.1927255199821122,1.0183797609650636,2.1336763246970154,1.0896,1,1.0896,6.0,inf
123,2,-0.1927255199821122,1.0183797609650636,2.1336763246970154,1.0896,1,1.0896,6.0,inf
123,3,-0.1927255199821122,1.0183797609650636,2.1336763246970154,1.0896,1,1.0896,6.0,inf
123,4,-0.1927255199821122,1.0183797609650636,2.1336763246970154,1.0896,1,1.0896,6.0,inf
123,5,-0.1927255199821122,1.0183797609650636,2.1336763246970154,1.0896,1,1.0896,6.0,inf
124,0,0.8342812417760476,-0.9630473403251382,2.1198352420808053,1.4238,1,1.4238,6.0,inf
124,1,0.8342812417760476,-0.9630473403251382,2.1198352420808053,1.4238,1,1.4238,6.0,inf
124,2,0.8342812417760476,-0.9630473403251382,2.1198352420808053,1.4238,1,1.4238,6.0,inf
124,3,0.8342812417760476,-0.9630473403251382,2.1198352420808053,1.4238,1,1.4238,6.0,inf
124,4,0.8342812417760476,-0.9630473403251382,2.1198352420808053,1.4238,1,1.4238,6.0,inf
124,5,0.8342812417760476,-0.9630473403251382,2.1198352420808053,1.4238,1,1.4238,6.0,inf
125,0,-0.35436615617186945,-0.7885890949527977,0.9361028364294591,3.3830999999999998,1,3.3830999999999998,6.0,inf
125,1,-0.35436615617186945,-0.7885890949527977,0.9361028364294591,3.3830999999999998,1,3.3830999999999998,6.0,inf
125,2,-0.35436615617186945,-0.7885890949527977,0.9361028364294591,3.3830999999999998,1,3.3830999999999998,6.0,inf
125,3,-0.35436615617186945,-0.7885890949527977,0.9361028364294591,3.3830999999999998,1,3.3830999999999998,6.0,inf
125,4,-0.35436615617186945,-0.7885890949527977,0.9361028364294591,3.3830999999999998,1,3.3830999999999998,6.0,inf
125,5,-0.35436615617186945,-0.7885890949527977,0.9361028364294591,3.3830999999999998,1,3.3830999999999998,6.0,inf
126,0,0.36586277733999795,-2.0068111848954984,-0.0345936898817907,4.363499999999999,1,4.363499999999999,6.0,inf
126,1,0.36586277733999795,-2.0068111848954984,-0.0345936898817907,4.363499999999999,1,4.363499999999999,6.0,inf
126,2,0.36586277733999795,-2.0068111848954984,-0.0345936898817907,4.363499999999999,1,4.363499999999999,6.0,inf
126,3,0.36586277733999795,-2.0068111848954984,-0.0345936898817907,4.363499999999999,1,4.363499999999999,6.0,inf
126,4,0.36586277733999795,-2.0068111848954984,-0.0345936898817907,4.363499999999999,1,4.363499999999999,6.0,inf
126,5,0.36586277733999795,-2.0068111848954984,-0.0345936898817907,4.363499999999999,1,4.363499999999999,6.0,inf
127,0,1.6014710822426677,1.5279742568601162,-0.27297262701354474,1.6583999999999999,1,1.6583999999999999,6.0,inf
127,1,1.6014710822426677,1.5279742568601162,-0.27297262701354474,1.6583999999999999,1,1.6583999999999999,6.0,inf
127,2,1.6014710822426677,1.5279742568601162,-0.27297262701354474,1.6583999999999999,1,1.6583999999999999,6.0,inf
127,3,1.6014710822426677,1.5279742568601162,-0.27297262701354474,1.6583999999999999,1,1.6583999999999999,6.0,inf
127,4,1.6014710822426677,1.5279742568601162,-0.27297262701354474,1.6583999999999999,1,1.6583999999999999,6.0,inf
127,5,1.6014710822426677,1.5279742568601162,-0.27297262701354474,1.6583999999999999,1,1.6583999999999999,6.0,inf
128,0,-1.1870962100229216,-0.05365744810036887,1.6601659690486434,1.0413,1,1.0413,6.0,inf
128,1,-1.1870962100229216,-0.05365744810036887,1.6601659690486434,1.0413,1,1.0413,6.0,inf
128,2,-1.1870962100229216,-0.05365744810036887,1.6601659690486434,1.0413,1,1.0413,6.0,inf
128,3,-1.1870962100229216,-0.05365744810036887,1.6601659690486434,1.0413,1,1.0413,6.0,inf
128,4,-1.1870962100229216,-0.05365744810036887,1.6601659690486434,1.0413,1,1.0413,6.0,inf
128,5,-1.1870962100229216,-0.05365744810036887,1.6601659690486434,1.0413,1,1.0413,6.0,inf
129,0,-0.9054136986780761,0.2501056547556494,2.083440583718269,1.0253999999999999,1,1.0253999999999999,6.0,inf
129,1,-0.9054136986780761,0.2501056547556494,2.083440583718269,1.0253999999999999,1,1.0253999999999999,6.0,inf
129,2,-0.9054136986780761,0.2501056547556494,2.083440583718269,1.0253999999999999,1,1.0253999999999999,6.0,inf
129,3,-0.9054136986780761,0.2501056547556494,2.083440583718269,1.0253999999999999,1,1.0253999999999999,6.0,inf
129,4,-0.9054136986780761,0.2501056547556494,2.083440583718269,1.0253999999999999,1,1.0253999999999999,6.0,inf
129,5,-0.9054136986780761,0.2501056547556494,2.083440583718269,1.0253999999999999,1,1.0253999999999999,6.0,inf
130,0,1.554733126677391,-0.2646605101756842,-1.1747300818049626,2.484,1,2.484,6.0,inf
130,1,1.554733126677391,-0.2646605101756842,-1.1747300818049626,2.484,1,2.484,6.0,inf
130,2,1.554733126677391,-0.2646605101756842,-1.1747300818049626,2.484,1,2.484,6.0,inf
130,3,1.554733126677391,-0.2646605101756842,-1.1747300818049626,2.484,1,2.484,6.0,inf
130,4,1.554733126677391,-0.2646605101756842,-1.1747300818049626,2.484,1,2.484,6.0,inf
130,5,1.554733126677391,-0.2646605101756842,-1.1747300818049626,2.484,1,2.484,6.0,inf
131,0,0.6285873018172582,-0.810569518351087,1.4574902482455774,1.9364999999999999,1,1.9364999999999999,6.0,inf
131,1,0.6285873018172582,-0.810569518351087,1.4574902482455774,1.9364999999999999,1,1.9364999999999999,6.0,inf
131,2,0.6285873018172582,-0.810569518351087,1.4574902482455774,1.9364999999999999,1,1.9364999999999999,6.0,inf
131,3,0.6285873018172582,-0.810569518351087,1.4574902482455774,1.9364999999999999,1,1.9364999999999999,6.0,inf
131,4,0.6285873018172582,-0.810569518351087,1.4574902482455774,1.9364999999999999,1,1.9364999999999999,6.0,inf
131,5,0.6285873018172582,-0.810569518351087,1.4574902482455774,1.9364999999999999,1,1.9364999999999999,6.0,inf
132,0,1.5521034523890167,1.7166425672548498,0.07007058664098853,0.7001999999999999,1,0.7001999999999999,6.0,inf
132,1,1.5521034523890167,1.7166425672548498,0.07007058664098853,0.7001999999999999,1,0.7001999999999999,6.0,inf
132,2,1.5521034523890167,1.7166425672548498,0.07007058664098853,0.7001999999999999,1,0.7001999999999999,6.0,inf
132,3,1.5521034523890167,1.7166425672548498,0.07007058664098853,0.7001999999999999,1,0.7001999999999999,6.0,inf
132,4,1.5521034523890167,1.7166425672548498,0.07007058664098853,0.7001999999999999,1,0.7001999999999999,6.0,inf
132,5,1.5521034523890167,1.7166425672548498,0.07007058664098853,0.7001999999999999,1,0.7001999999999999,6.0,inf
133,0,-0.6422705781728857,2.0037598726792156,0.7847287375452869,1.2264,1,1.2264,6.0,inf
133,1,-0.6422705781728857,2.0037598726792156,0.7847287375452869,1.2264,1,1.2264,6.0,inf
133,2,-0.6422705781728857,2.0037598726792156,0.7847287375452869,1.2264,1,1.2264,6.0,inf
133,3,-0.6422705781728857,2.0037598726792156,0.7847287375452869,1.2264,1,1.2264,6.0,inf
133,4,-0.6422705781728857,2.0037598726792156,0.7847287375452869,1.2264,1,1.2264,6.0,inf
133,5,-0.6422705781728857,2.0037598726792156,0.7847287375452869,1.2264,1,1.2264,6.0,inf
134,0,-1.571076080011914,1.3872484717747566,-0.8230221490069898,3.2508,1,3.2508,6.0,inf
134,1,-1.571076080011914,1.3872484717747566,-0.8230221490069898,3.2508,1,3.2508,6.0,inf
134,2,-1.571076080011914,1.3872484717747566,-0.8230221490069898,3.2508,1,3.2508,6.0,inf
134,3,-1.571076080011914,1.3872484717747566,-0.8230221490069898,3.2508,1,3.2508,6.0,inf
134,4,-1.571076080011914,1.3872484717747566,-0.8230221490069898,3.2508,1,3.2508,6.0,inf
134,5,-1.571076080011914,1.3872484717747566,-0.8230221490069898,3.2508,1,3.2508,6.0,inf
135,0,1.3487677750031084,1.064041096511887,2.4023814467603914,1.0149,1,1.0149,6.0,inf
135,1,1.3487677750031084,1.064041096511887,2.4023814467603914,1.0149,1,1.0149,6.0,inf
135,2,1.3487677750031084,1.064041096511887,2.4023814467603914,1.0149,1,1.0149,6.0,inf
135,3,1.3487677750031084,1.064041096511887,2.4023814467603914,1.0149,1,1.0149,6.0,inf
135,4,1.3487677750031084,1.064041096511887,2.4023814467603914,1.0149,1,1.0149,6.0,inf
135,5,1.3487677750031084,1.064041096511887,2.4023814467603914,1.0149,1,1.0149,6.0,inf
136,0,-0.3543999150308482,-1.1040211820079244,-0.46134163252382004,3.9530999999999996,1,3.9530999999999996,6.0,inf
136,1,-0.3543999150308482,-1.1040211820079244,-0.46134163252382004,3.9530999999999996,1,3.9530999999999996,6.0,inf
136,2,-0.3543999150308482,-1.1040211820079244,-0.46134163252382004,3.9530999999999996,1,3.9530999999999996,6.0,inf
136,3,-0.3543999150308482,-1.1040211820079244,-0.46134163252382004,3.9530999999999996,1,3.9530999999999996,6.0,inf
136,4,-0.3543999150308482,-1.1040211820079244,-0.46134163252382004,3.9530999999999996,1,3.9530999999999996,6.0,inf
136,5,-0.3543999150308482,-1.1040211820079244,-0.46134163252382004,3.9530999999999996,1,3.9530999999999996,6.0,inf
137,0,-1.148392126431934,0.9762583821408995,-0.22543743001094155,1.2170999999999998,1,1.2170999999999998,6.0,inf
137,1,-1.148392126431934,0.9762583821408995,-0.22543743001094155,1.2170999999999998,1,1.2170999999999998,6.0,inf
137,2,-1.148392126431934,0.9762583821408995,-0.22543743001094155,1.2170999999999998,1,1.2170999999999998,6.0,inf
137,3,-1.148392126431934,0.9762583821408995,-0.22543743001094155,1.2170999999999998,1,1.2170999999999998,6.0,inf
137,4,-1.148392126431934,0.9762583821408995,-0.22543743001094155,1.2170999999999998,1,1.2170999999999998,6.0,inf
137,5,-1.148392126431934,0.9762583821408995,-0.22543743001094155,1.2170999999999998,1,1.2170999999999998,6.0,inf
138,0,-0.9015272290278556,1.831891473877383,-1.0418300684151671,1.7231999999999998,1,1.7231999999999998,6.0,inf
138,1,-0.9015272290278556,1.831891473877383,-1.0418300684151671,1.7231999999999998,1,1.7231999999999998,6.0,inf
138,2,-0.9015272290278556,1.831891473877383,-1.0418300684151671,1.7231999999999998,1,1.7231999999999998,6.0,inf
138,3,-0.9015272290278556,1.831891473877383,-1.0418300684151671,1.7231999999999998,1,1.7231999999999998,6.0,inf
138,4,-0.9015272290278556,1.831891473877383,-1.0418300684151671,1.7231999999999998,1,1.7231999999999998,6.0,inf
138,5,-0.9015272290278556,1.831891473877383,-1.0418300684151671,1.7231999999999998,1,1.7231999999999998,6.0,inf
139,0,1.6460964344859272,0.10633187186379812,0.506115231081071,0.8720999999999999,1,0.8720999999999999,6.0,inf
139,1,1.6460964344859272,0.10633187186379812,0.506115231081071,0.8720999999999999,1,0.8720999999999999,6.0,inf
139,2,1.6460964344859272,0.10633187186379812,0.506115231081071,0.8720999999999999,1,0.8720999999999999,6.0,inf
139,3,1.6460964344859272,0.10633187186379812,0.506115231081071,0.8720999999999999,1,0.8720999999999999,6.0,inf
139,4,1.6460964344859272,0.10633187186379812,0.506115231081071,0.8720999999999999,1,0.8720999999999999,6.0,inf
139,5,1.6460964344859272,0.10633187186379812,0.506115231081071,0.8720999999999999,1,0.8720999999999999,6.0,inf
140,0,1.1500432936032652,-0.5666209957122075,0.8381653613194565,1.9989,1,1.9989,6.0,inf
140,1,1.1500432936032652,-0.5666209957122075,0.8381653613194565,1.9989,1,1.9989,6.0,inf
140,2,1.1500432936032652,-0.5666209957122075,0.8381653613194565,1.9989,1,1.9989,6.0,inf
140,3,1.1500432936032652,-0.5666209957122075,0.8381653613194565,1.9989,1,1.9989,6.0,inf
140,4,1.1500432936032652,-0.5666209957122075,0.8381653613194565,1.9989,1,1.9989,6.0,inf
140,5,1.1500432936032652,-0.5666209957122075,0.8381653613194565,1.9989,1,1.9989,6.0,inf
141,0,-2.5827849015335027,0.0841012626946257,-0.4661323045012916,1.3499999999999999,1,1.3499999999999999,6.0,inf
141,1,-2.5827849015335027,0.0841012626946257,-0.4661323045012916,1.3499999999999999,1,1.3499999999999999,6.0,inf
141,2,-2.5827849015335027,0.0841012626946257,-0.4661323045012916,1.3499999999999999,1,1.3499999999999999,6.0,inf
141,3,-2.5827849015335027,0.0841012626946257,-0.4661323045012916,1.3499999999999999,1,1.3499999999999999,6.0,inf
141,4,-2.5827849015335027,0.0841012626946257,-0.4661323045012916,1.3499999999999999,1,1.3499999999999999,6.0,inf
141,5,-2.5827849015335027,0.0841012626946257,-0.4661323045012916,1.3499999999999999,1,1.3499999999999999,6.0,inf
142,0,0.3883723594123174,-0.5006485629445999,-2.5056986494784605,4.1274,1,4.1274,6.0,inf
142,1,0.3883723594123174,-0.5006485629445999,-2.5056986494784605,4.1274,1,4.1274,6.0,inf
142,2,0.3883723594123174,-0.5006485629445999,-2.5056986494784605,4.1274,1,4.1274,6.0,inf
142,3,0.3883723594123174,-0.5006485629445999,-2.5056986494784605,4.1274,1,4.1274,6.0,inf
142,4,0.3883723594123174,-0.5006485629445999,-2.5056986494784605,4.1274,1,4.1274,6.0,inf
142,5,0.3883723594123174,-0.5006485629445999,-2.5056986494784605,4.1274,1,4.1274,6.0,inf
143,0,1.346675785702454,0.5203028947023142,-0.5480859613626321,2.0183999999999997,1,2.0183999999999997,6.0,inf
143,1,1.346675785702454,0.5203028947023142,-0.5480859613626321,2.0183999999999997,1,2.0183999999999997,6.0,inf
143,2,1.346675785702454,0.5203028947023142,-0.5480859613626321,2.0183999999999997,1,2.0183999999999997,6.0,inf
143,3,1.346675785702454,0.5203028947023142,-0.5480859613626321,2.0183999999999997,1,2.0183999999999997,6.0,inf
143,4,1.346675785702454,0.5203028947023142,-0.5480859613626321,2.0183999999999997,1,2.0183999999999997,6.0,inf
143,5,1.346675785702454,0.5203028947023142,-0.5480859613626321,2.0183999999999997,1,2.0183999999999997,6.0,inf
144,0,0.7813262962924689,1.019740449353315,0.5291317801629083,1.1723999999999999,1,1.1723999999999999,6.0,inf
144,1,0.7813262962924689,1.019740449353315,0.5291317801629083,1.1723999999999999,1,1.1723999999999999,6.0,inf
144,2,0.7813262962924689,1.019740449353315,0.5291317801629083,1.1723999999999999,1,1.1723999999999999,6.0,inf
144,3,0.7813262962924689,1.019740449353315,0.5291317801629083,1.1723999999999999,1,1.1723999999999999,6.0,inf
144,4,0.7813262962924689,1.019740449353315,0.5291317801629083,1.1723999999999999,1,1.1723999999999999,6.0,inf
144,5,0.7813262962924689,1.019740449353315,0.5291317801629083,1.1723999999999999,1,1.1723999999999999,6.0,inf
145,0,-0.28676579959314913,0.9518386822457418,-3.209107992417784,3.9395999999999995,1,3.9395999999999995,6.0,inf
145,1,-0.28676579959314913,0.9518386822457418,-3.209107992417784,3.9395999999999995,1,3.9395999999999995,6.0,inf
145,2,-0.28676579959314913,0.9518386822457418,-3.209107992417784,3.9395999999999995,1,3.9395999999999995,6.0,inf
145,3,-0.28676579959314913,0.9518386822457418,-3.209107992417784,3.9395999999999995,1,3.9395999999999995,6.0,inf
145,4,-0.28676579959314913,0.9518386822457418,-3.209107992417784,3.9395999999999995,1,3.9395999999999995,6.0,inf
145,5,-0.28676579959314913,0.9518386822457418,-3.209107992417784,3.9395999999999995,1,3.9395999999999995,6.0,inf
146,0,-0.713919231597476,0.5392506266187413,0.5395031907056237,5.2604999999999995,1,5.2604999999999995,6.0,inf
146,1,-0.713919231597476,0.5392506266187413,0.5395031907056237,5.2604999999999995,1,5.2604999999999995,6.0,inf
146,2,-0.713919231597476,0.5392506266187413,0.5395031907056237,5.2604999999999995,1,5.2604999999999995,6.0,inf
146,3,-0.713919231597476,0.5392506266187413,0.5395031907056237,5.2604999999999995,1,5.2604999999999995,6.0,inf
146,4,-0.713919231597476,0.5392506266187413,0.5395031907056237,5.2604999999999995,1,5.2604999999999995,6.0,inf
146,5,-0.713919231597476,0.5392506266187413,0.5395031907056237,5.2604999999999995,1,5.2604999999999995,6.0,inf
147,0,1.2472195565631883,0.023021828868631442,0.05311912161582677,2.1239999999999997,1,2.1239999999999997,6.0,inf
147,1,1.2472195565631883,0.023021828868631442,0.05311912161582677,2.1239999999999997,1,2.1239999999999997,6.0,inf
147,2,1.2472195565631883,0.023021828868631442,0.05311912161582677,2.1239999999999997,1,2.1239999999999997,6.0,inf
147,3,1.2472195565631883,0.023021828868631442,0.05311912161582677,2.1239999999999997,1,2.1239999999999997,6.0,inf
147,4,1.2472195565631883,0.023021828868631442,0.05311912161582677,2.1239999999999997,1,2.1239999999999997,6.0,inf
147,5,1.2472195565631883,0.023021828868631442,0.05311912161582677,2.1239999999999997,1,2.1239999999999997,6.0,inf
148,0,1.384541769736946,-0.10036042080339327,0.8664794597281048,0.9935999999999999,1,0.9935999999999999,6.0,inf
148,1,1.384541769736946,-0.10036042080339327,0.8664794597281048,0.9935999999999999,1,0.9935999999999999,6.0,inf
148,2,1.384541769736946,-0.10036042080339327,0.8664794597281048,0.9935999999999999,1,0.9935999999999999,6.0,inf
148,3,1.384541769736946,-0.10036042080339327,0.8664794597281048,0.9935999999999999,1,0.9935999999999999,6.0,inf
148,4,1.384541769736946,-0.10036042080339327,0.8664794597281048,0.9935999999999999,1,0.9935999999999999,6.0,inf
148,5,1.384541769736946,-0.10036042080339327,0.8664794597281048,0.9935999999999999,1,0.9935999999999999,6.0,inf
149,0,-1.0409584948151647,1.8225638171661527,0.7582783013813814,1.3868999999999998,1,1.3868999999999998,6.0,inf
149,1,-1.0409584948151647,1.8225638171661527,0.7582783013813814,1.3868999999999998,1,1.3868999999999998,6.0,inf
149,2,-1.0409584948151647,1.8225638171661527,0.7582783013813814,1.3868999999999998,1,1.3868999999999998,6.0,inf
149,3,-1.0409584948151647,1.8225638171661527,0.7582783013813814,1.3868999999999998,1,1.3868999999999998,6.0,inf
149,4,-1.0409584948151647,1.8225638171661527,0.7582783013813814,1.3868999999999998,1,1.3868999999999998,6.0,inf
149,5,-1.0409584948151647,1.8225638171661527,0.7582783013813814,1.3868999999999998,1,1.3868999999999998,6.0,inf
150,0,-0.9684001194031546,-0.1543884060045117,-0.26042392941951675,5.0508,1,5.0508,6.0,inf
150,1,-0.9684001194031546,-0.1543884060045117,-0.26042392941951675,5.0508,1,5.0508,6.0,inf
150,2,-0.9684001194031546,-0.1543884060045117,-0.26042392941951675,5.0508,1,5.0508,6.0,inf
150,3,-0.9684001194031546,-0.1543884060045117,-0.26042392941951675,5.0508,1,5.0508,6.0,inf
150,4,-0.9684001194031546,-0.1543884060045117,-0.26042392941951675,5.0508,1,5.0508,6.0,inf
150,5,-0.9684001194031546,-0.1543884060045117,-0.26042392941951675,5.0508,1,5.0508,6.0,inf
151,0,1.0180732624014444,1.870821699570157,0.19981575661726417,1.1451,1,1.1451,6.0,inf
151,1,1.0180732624014444,1.870821699570157,0.19981575661726417,1.1451,1,1.1451,6.0,inf
151,2,1.0180732624014444,1.870821699570157,0.19981575661726417,1.1451,1,1.1451,6.0,inf
151,3,1.0180732624014444,1.870821699570157,0.19981575661726417,1.1451,1,1.1451,6.0,inf
151,4,1.0180732624014444,1.870821699570157,0.19981575661726417,1.1451,1,1.1451,6.0,inf
151,5,1.0180732624014444,1.870821699570157,0.19981575661726417,1.1451,1,1.1451,6.0,inf
152,0,-0.08989325834567488,1.150649847046767,0.7954447818736152,1.4837999999999998,1,1.4837999999999998,6.0,inf
152,1,-0.08989325834567488,1.150649847046767,0.7954447818736152,1.4837999999999998,1,1.4837999999999998,6.0,inf
152,2,-0.08989325834567488,1.150649847046767,0.7954447818736152,1.4837999999999998,1,1.4837999999999998,6.0,inf
152,3,-0.08989325834567488,1.150649847046767,0.7954447818736152,1.4837999999999998,1,1.4837999999999998,6.0,inf
152,4,-0.08989325834567488,1.150649847046767,0.7954447818736152,1.4837999999999998,1,1.4837999999999998,6.0,inf
152,5,-0.08989325834567488,1.150649847046767,0.7954447818736152,1.4837999999999998,1,1.4837999999999998,6.0,inf
153,0,1.2299568902661315,-1.9178816583356262,-0.5259058318755153,2.9132999999999996,1,2.9132999999999996,6.0,inf
153,1,1.2299568902661315,-1.9178816583356262,-0.5259058318755153,2.9132999999999996,1,2.9132999999999996,6.0,inf
153,2,1.2299568902661315,-1.9178816583356262,-0.5259058318755153,2.9132999999999996,1,2.9132999999999996,6.0,inf
153,3,1.2299568902661315,-1.9178816583356262,-0.5259058318755153,2.9132999999999996,1,2.9132999999999996,6.0,inf
153,4,1.2299568902661315,-1.9178816583356262,-0.5259058318755153,2.9132999999999996,1,2.9132999999999996,6.0,inf
153,5,1.2299568902661315,-1.9178816583356262,-0.5259058318755153,2.9132999999999996,1,2.9132999999999996,6.0,inf
154,0,1.2770242750499345,-0.3084938440131127,0.0949641121927834,2.0816999999999997,1,2.0816999999999997,6.0,inf
154,1,1.2770242750499345,-0.3084938440131127,0.0949641121927834,2.0816999999999997,1,2.0816999999999997,6.0,inf
154,2,1.2770242750499345,-0.3084938440131127,0.0949641121927834,2.0816999999999997,1,2.0816999999999997,6.0,inf
154,3,1.2770242750499345,-0.3084938440131127,0.0949641121927834,2.0816999999999997,1,2.0816999999999997,6.0,inf
154,4,1.2770242750499345,-0.3084938440131127,0.0949641121927834,2.0816999999999997,1,2.0816999999999997,6.0,inf
154,5,1.2770242750499345,-0.3084938440131127,0.0949641121927834,2.0816999999999997,1,2.0816999999999997,6.0,inf
155,0,0.06800562182280664,-0.9473922625674434,-0.832533552382625,4.1388,1,4.1388,6.0,inf
155,1,0.06800562182280664,-0.9473922625674434,-0.832533552382625,4.1388,1,4.1388,6.0,inf
155,2,0.06800562182280664,-0.9473922625674434,-0.832533552382625,4.1388,1,4.1388,6.0,inf
155,3,0.06800562182280664,-0.9473922625674434,-0.832533552382625,4.1388,1,4.1388,6.0,inf
155,4,0.06800562182280664,-0.9473922625674434,-0.832533552382625,4.1388,1,4.1388,6.0,inf
155,5,0.06800562182280664,-0.9473922625674434,-0.832533552382625,4.1388,1,4.1388,6.0,inf
156,0,-0.8119217251454661,-2.3794392005101592,-0.7910139069253914,6.0,0,7.486199999999999,6.0,inf
156,1,-0.8119217251454661,-2.3794392005101592,-0.7910139069253914,6.0,0,7.486199999999999,6.0,inf
156,2,-0.8119217251454661,-2.3794392005101592,-0.7910139069253914,6.0,0,7.486199999999999,6.0,inf
156,3,-0.8119217251454661,-2.3794392005101592,-0.7910139069253914,6.0,0,7.486199999999999,6.0,inf
156,4,-0.8119217251454661,-2.3794392005101592,-0.7910139069253914,6.0,0,7.486199999999999,6.0,inf
156,5,-0.8119217251454661,-2.3794392005101592,-0.7910139069253914,6.0,0,7.486199999999999,6.0,inf
157,0,-0.01363207070462774,-0.6627949429993477,-2.1459698837804626,6.0,0,6.327299999999999,6.0,inf
157,1,-0.01363207070462774,-0.6627949429993477,-2.1459698837804626,6.0,0,6.327299999999999,6.0,inf
157,2,-0.01363207070462774,-0.6627949429993477,-2.1459698837804626,6.0,0,6.327299999999999,6.0,inf
157,3,-0.01363207070462774,-0.6627949429993477,-2.1459698837804626,6.0,0,6.327299999999999,6.0,inf
157,4,-0.01363207070462774,-0.6627949429993477,-2.1459698837804626,6.0,0,6.327299999999999,6.0,inf
157,5,-0.01363207070462774,-0.6627949429993477,-2.1459698837804626,6.0,0,6.327299999999999,6.0,inf
158,0,-1.4974486709268056,1.074667125552208,0.3588414761224627,1.5824999999999998,1,1.5824999999999998,6.0,inf
158,1,-1.4974486709268056,1.074667125552208,0.3588414761224627,1.5824999999999998,1,1.5824999999999998,6.0,inf
158,2,-1.4974486709268056,1.074667125552208,0.3588414761224627,1.5824999999999998,1,1.5824999999999998,6.0,inf
158,3,-1.4974486709268056,1.074667125552208,0.3588414761224627,1.5824999999999998,1,1.5824999999999998,6.0,inf
158,4,-1.4974486709268056,1.074667125552208,0.3588414761224627,1.5824999999999998,1,1.5824999999999998,6.0,inf
158,5,-1.4974486709268056,1.074667125552208,0.3588414761224627,1.5824999999999998,1,1.5824999999999998,6.0,inf
159,0,-0.6113277687466682,-0.5797470859034934,1.2576957590675706,1.0245,1,1.0245,6.0,inf
159,1,-0.6113277687466682,-0.5797470859034934,1.2576957590675706,1.0245,1,1.0245,6.0,inf
159,2,-0.6113277687466682,-0.5797470859034934,1.2576957590675706,1.0245,1,1.0245,6.0,inf
159,3,-0.6113277687466682,-0.5797470859034934,1.2576957590675706,1.0245,1,1.0245,6.0,inf
159,4,-0.6113277687466682,-0.5797470859034934,1.2576957590675706,1.0245,1,1.0245,6.0,inf
159,5,-0.6113277687466682,-0.5797470859034934,1.2576957590675706,1.0245,1,1.0245,6.0,inf
160,0,-0.46312437842414667,-1.8021538890926834,0.566821660919859,1.9163999999999999,1,1.9163999999999999,6.0,inf
160,1,-0.46312437842414667,-1.8021538890926834,0.566821660919859,1.9163999999999999,1,1.9163999999999999,6.0,inf
160,2,-0.46312437842414667,-1.8021538890926834,0.566821660919859,1.9163999999999999,1,1.9163999999999999,6.0,inf
160,3,-0.46312437842414667,-1.8021538890926834,0.566821660919859,1.9163999999999999,1,1.9163999999999999,6.0,inf
160,4,-0.46312437842414667,-1.8021538890926834,0.566821660919859,1.9163999999999999,1,1.9163999999999999,6.0,inf
160,5,-0.46312437842414667,-1.8021538890926834,0.566821660919859,1.9163999999999999,1,1.9163999999999999,6.0,inf
161,0,-0.1101886099486388,0.17884146538273984,0.5491211221022058,1.6673999999999998,1,1.6673999999999998,6.0,inf
161,1,-0.1101886099486388,0.17884146538273984,0.5491211221022058,1.6673999999999998,1,1.6673999999999998,6.0,inf
161,2,-0.1101886099486388,0.17884146538273984,0.5491211221022058,1.6673999999999998,1,1.6673999999999998,6.0,inf
161,3,-0.1101886099486388,0.17884146538273984,0.5491211221022058,1.6673999999999998,1,1.6673999999999998,6.0,inf
161,4,-0.1101886099486388,0.17884146538273984,0.5491211221022058,1.6673999999999998,1,1.6673999999999998,6.0,inf
161,5,-0.1101886099486388,0.17884146538273984,0.5491211221022058,1.6673999999999998,1,1.6673999999999998,6.0,inf
162,0,1.5534042128132015,-0.420271418946571,0.8974617690277322,1.3797,1,1.3797,6.0,inf
162,1,1.5534042128132015,-0.420271418946571,0.8974617690277322,1.3797,1,1.3797,6.0,inf
162,2,1.5534042128132015,-0.420271418946571,0.8974617690277322,1.3797,1,1.3797,6.0,inf
162,3,1.5534042128132015,-0.420271418946571,0.8974617690277322,1.3797,1,1.3797,6.0,inf
162,4,1.5534042128132015,-0.420271418946571,0.8974617690277322,1.3797,1,1.3797,6.0,inf
162,5,1.5534042128132015,-0.420271418946571,0.8974617690277322,1.3797,1,1.3797,6.0,inf
163,0,-0.5533823674813473,0.8340940100249278,0.3519545797056706,1.686,1,1.686,6.0,inf
163,1,-0.5533823674813473,0.8340940100249278,0.3519545797056706,1.686,1,1.686,6.0,inf
163,2,-0.5533823674813473,0.8340940100249278,0.3519545797056706,1.686,1,1.686,6.0,inf
163,3,-0.5533823674813473,0.8340940100249278,0.3519545797056706,1.686,1,1.686,6.0,inf
163,4,-0.5533823674813473,0.8340940100249278,0.3519545797056706,1.686,1,1.686,6.0,inf
163,5,-0.5533823674813473,0.8340940100249278,0.3519545797056706,1.686,1,1.686,6.0,inf
164,0,-0.08317585622106755,2.4464324138612707,-0.5383048012252483,0.9053999999999999,1,0.9053999999999999,6.0,inf
164,1,-0.08317585622106755,2.4464324138612707,-0.5383048012252483,0.9053999999999999,1,0.9053999999999999,6.0,inf
164,2,-0.08317585622106755,2.4464324138612707,-0.5383048012252483,0.9053999999999999,1,0.9053999999999999,6.0,inf
164,3,-0.08317585622106755,2.4464324138612707,-0.5383048012252483,0.9053999999999999,1,0.9053999999999999,6.0,inf
164,4,-0.08317585622106755,2.4464324138612707,-0.5383048012252483,0.9053999999999999,1,0.9053999999999999,6.0,inf
164,5,-0.08317585622106755,2.4464324138612707,-0.5383048012252483,0.9053999999999999,1,0.9053999999999999,6.0,inf
165,0,0.4210343146572744,-0.252802579899708,-0.44351328666915546,1.8743999999999998,1,1.8743999999999998,6.0,inf
165,1,0.4210343146572744,-0.252802579899708,-0.44351328666915546,1.8743999999999998,1,1.8743999999999998,6.0,inf
165,2,0.4210343146572744,-0.252802579899708,-0.44351328666915546,1.8743999999999998,1,1.8743999999999998,6.0,inf
165,3,0.4210343146572744,-0.252802579899708,-0.44351328666915546,1.8743999999999998,1,1.8743999999999998,6.0,inf
165,4,0.4210343146572744,-0.252802579899708,-0.44351328666915546,1.8743999999999998,1,1.8743999999999998,6.0,inf
165,5,0.4210343146572744,-0.252802579899708,-0.44351328666915546,1.8743999999999998,1,1.8743999999999998,6.0,inf
166,0,0.4900709754653156,1.7833242234241682,0.5374549638941964,0.9128999999999999,1,0.9128999999999999,6.0,inf
166,1,0.4900709754653156,1.7833242234241682,0.5374549638941964,0.9128999999999999,1,0.9128999999999999,6.0,inf
166,2,0.4900709754653156,1.7833242234241682,0.5374549638941964,0.9128999999999999,1,0.9128999999999999,6.0,inf
166,3,0.4900709754653156,1.7833242234241682,0.5374549638941964,0.9128999999999999,1,0.9128999999999999,6.0,inf
166,4,0.4900709754653156,1.7833242234241682,0.5374549638941964,0.9128999999999999,1,0.9128999999999999,6.0,inf
166,5,0.4900709754653156,1.7833242234241682,0.5374549638941964,0.9128999999999999,1,0.9128999999999999,6.0,inf
167,0,0.21497986206041322,0.38392937401652594,0.35553524579431545,1.0386,1,1.0386,6.0,inf
167,1,0.21497986206041322,0.38392937401652594,0.35553524579431545,1.0386,1,1.0386,6.0,inf
167,2,0.21497986206041322,0.38392937401652594,0.35553524579431545,1.0386,1,1.0386,6.0,inf
167,3,0.21497986206041322,0.38392937401652594,0.35553524579431545,1.0386,1,1.0386,6.0,inf
167,4,0.21497986206041322,0.38392937401652594,0.35553524579431545,1.0386,1,1.0386,6.0,inf
167,5,0.21497986206041322,0.38392937401652594,0.35553524579431545,1.0386,1,1.0386,6.0,inf
168,0,-1.3443072633909308,-1.18937928758319,-2.206183014239396,6.0,0,8.0001,6.0,inf
168,1,-1.3443072633909308,-1.18937928758319,-2.206183014239396,6.0,0,8.0001,6.0,inf
168,2,-1.3443072633909308,-1.18937928758319,-2.206183014239396,6.0,0,8.0001,6.0,inf
168,3,-1.3443072633909308,-1.18937928758319,-2.206183014239396,6.0,0,8.0001,6.0,inf
168,4,-1.3443072633909308,-1.18937928758319,-2.206183014239396,6.0,0,8.0001,6.0,inf
168,5,-1.3443072633909308,-1.18937928758319,-2.206183014239396,6.0,0,8.0001,6.0,inf
169,0,1.5808138891004644,-0.10442275068148354,-1.451872889135255,0.8795999999999999,1,0.8795999999999999,6.0,inf
169,1,1.5808138891004644,-0.10442275068148354,-1.451872889135255,0.8795999999999999,1,0.8795999999999999,6.0,inf
169,2,1.5808138891004644,-0.10442275068148354,-1.451872889135255,0.8795999999999999,1,0.8795999999999999,6.0,inf
169,3,1.5808138891004644,-0.10442275068148354,-1.451872889135255,0.8795999999999999,1,0.8795999999999999,6.0,inf
169,4,1.5808138891004644,-0.10442275068148354,-1.451872889135255,0.8795999999999999,1,0.8795999999999999,6.0,inf
169,5,1.5808138891004644,-0.10442275068148354,-1.451872889135255,0.8795999999999999,1,0.8795999999999999,6.0,inf
170,0,-0.07965351753899343,1.6809929567560182,0.2071189529774558,2.0993999999999997,1,2.0993999999999997,6.0,inf
170,1,-0.07965351753899343,1.6809929567560182,0.2071189529774558,2.0993999999999997,1,2.0993999999999997,6.0,inf
170,2,-0.07965351753899343,1.6809929567560182,0.2071189529774558,2.0993999999999997,1,2.0993999999999997,6.0,inf
170,3,-0.07965351753899343,1.6809929567560182,0.2071189529774558,2.0993999999999997,1,2.0993999999999997,6.0,inf
170,4,-0.07965351753899343,1.6809929567560182,0.2071189529774558,2.0993999999999997,1,2.0993999999999997,6.0,inf
170,5,-0.07965351753899343,1.6809929567560182,0.2071189529774558,2.0993999999999997,1,2.0993999999999997,6.0,inf
171,0,-1.1987899232876498,-1.8603832677030372,1.6083474443885684,5.9091,1,5.9091,6.0,inf
171,1,-1.1987899232876498,-1.8603832677030372,1.6083474443885684,5.9091,1,5.9091,6.0,inf
171,2,-1.1987899232876498,-1.8603832677030372,1.6083474443885684,5.9091,1,5.9091,6.0,inf
171,3,-1.1987899232876498,-1.8603832677030372,1.6083474443885684,5.9091,1,5.9091,6.0,inf
171,4,-1.1987899232876498,-1.8603832677030372,1.6083474443885684,5.9091,1,5.9091,6.0,inf
171,5,-1.1987899232876498,-1.8603832677030372,1.6083474443885684,5.9091,1,5.9091,6.0,inf
172,0,-0.8465105584600742,0.03624898022639456,-0.29714444515319416,3.3287999999999998,1,3.3287999999999998,6.0,inf
172,1,-0.8465105584600742,0.03624898022639456,-0.29714444515319416,3.3287999999999998,1,3.3287999999999998,6.0,inf
172,2,-0.8465105584600742,0.03624898022639456,-0.29714444515319416,3.3287999999999998,1,3.3287999999999998,6.0,inf
172,3,-0.8465105584600742,0.03624898022639456,-0.29714444515319416,3.3287999999999998,1,3.3287999999999998,6.0,inf
172,4,-0.8465105584600742,0.03624898022639456,-0.29714444515319416,3.3287999999999998,1,3.3287999999999998,6.0,inf
172,5,-0.8465105584600742,0.03624898022639456,-0.29714444515319416,3.3287999999999998,1,3.3287999999999998,6.0,inf
173,0,-0.574767472426315,0.18225432648740567,0.47807072330347056,1.0866,1,1.0866,6.0,inf
173,1,-0.574767472426315,0.18225432648740567,0.47807072330347056,1.0866,1,1.0866,6.0,inf
173,2,-0.574767472426315,0.18225432648740567,0.47807072330347056,1.0866,1,1.0866,6.0,inf
173,3,-0.574767472426315,0.18225432648740567,0.47807072330347056,1.0866,1,1.0866,6.0,inf
173,4,-0.574767472426315,0.18225432648740567,0.47807072330347056,1.0866,1,1.0866,6.0,inf
173,5,-0.574767472426315,0.18225432648740567,0.47807072330347056,1.0866,1,1.0866,6.0,inf
174,0,0.42954145832330115,-0.5701403139589554,2.0684475281940506,1.1925,1,1.1925,6.0,inf
174,1,0.42954145832330115,-0.5701403139589554,2.0684475281940506,1.1925,1,1.1925,6.0,inf
174,2,0.42954145832330115,-0.5701403139589554,2.0684475281940506,1.1925,1,1.1925,6.0,inf
174,3,0.42954145832330115,-0.5701403139589554,2.0684475281940506,1.1925,1,1.1925,6.0,inf
174,4,0.42954145832330115,-0.5701403139589554,2.0684475281940506,1.1925,1,1.1925,6.0,inf
174,5,0.42954145832330115,-0.5701403139589554,2.0684475281940506,1.1925,1,1.1925,6.0,inf
175,0,-1.017396116548891,0.4195967822471019,-1.7335010903544368,3.6102,1,3.6102,6.0,inf
175,1,-1.017396116548891,0.4195967822471019,-1.7335010903544368,3.6102,1,3.6102,6.0,inf
175,2,-1.017396116548891,0.4195967822471019,-1.7335010903544368,3.6102,1,3.6102,6.0,inf
175,3,-1.017396116548891,0.4195967822471019,-1.7335010903544368,3.6102,1,3.6102,6.0,inf
175,4,-1.017396116548891,0.4195967822471019,-1.7335010903544368,3.6102,1,3.6102,6.0,inf
175,5,-1.017396116548891,0.4195967822471019,-1.7335010903544368,3.6102,1,3.6102,6.0,inf
176,0,0.18563446712905252,-1.594082173971603,2.439708129396305,1.9584,1,1.9584,6.0,inf
176,1,0.18563446712905252,-1.594082173971603,2.439708129396305,1.9584,1,1.9584,6.0,inf
176,2,0.18563446712905252,-1.594082173971603,2.439708129396305,1.9584,1,1.9584,6.0,inf
176,3,0.18563446712905252,-1.594082173971603,2.439708129396305,1.9584,1,1.9584,6.0,inf
176,4,0.18563446712905252,-1.594082173971603,2.439708129396305,1.9584,1,1.9584,6.0,inf
176,5,0.18563446712905252,-1.594082173971603,2.439708129396305,1.9584,1,1.9584,6.0,inf
177,0,0.22507867678637947,-0.2849184623914785,-0.2197116366488671,1.1807999999999998,1,1.1807999999999998,6.0,inf
177,1,0.22507867678637947,-0.2849184623914785,-0.2197116366488671,1.1807999999999998,1,1.1807999999999998,6.0,inf
177,2,0.22507867678637947,-0.2849184623914785,-0.2197116366488671,1.1807999999999998,1,1.1807999999999998,6.0,inf
177,3,0.22507867678637947,-0.2849184623914785,-0.2197116366488671,1.1807999999999998,1,1.1807999999999998,6.0,inf
177,4,0.22507867678637947,-0.2849184623914785,-0.2197116366488671,1.1807999999999998,1,1.1807999999999998,6.0,inf
177,5,0.22507867678637947,-0.2849184623914785,-0.2197116366488671,1.1807999999999998,1,1.1807999999999998,6.0,inf
178,0,2.080184865084663,-0.4682281250691436,-0.17737279438291978,2.0202,1,2.0202,6.0,inf
178,1,2.080184865084663,-0.4682281250691436,-0.17737279438291978,2.0202,1,2.0202,6.0,inf
178,2,2.080184865084663,-0.4682281250691436,-0.17737279438291978,2.0202,1,2.0202,6.0,inf
178,3,2.080184865084663,-0.4682281250691436,-0.17737279438291978,2.0202,1,2.0202,6.0,inf
178,4,2.080184865084663,-0.4682281250691436,-0.17737279438291978,2.0202,1,2.0202,6.0,inf
178,5,2.080184865084663,-0.4682281250691436,-0.17737279438291978,2.0202,1,2.0202,6.0,inf
179,0,0.08484870127491155,-1.9223209802056993,-0.002647730150157366,4.4703,1,4.4703,6.0,inf
179,1,0.08484870127491155,-1.9223209802056993,-0.002647730150157366,4.4703,1,4.4703,6.0,inf
179,2,0.08484870127491155,-1.9223209802056993,-0.002647730150157366,4.4703,1,4.4703,6.0,inf
179,3,0.08484870127491155,-1.9223209802056993,-0.002647730150157366,4.4703,1,4.4703,6.0,inf
179,4,0.08484870127491155,-1.9223209802056993,-0.002647730150157366,4.4703,1,4.4703,6.0,inf
179,5,0.08484870127491155,-1.9223209802056993,-0.002647730150157366,4.4703,1,4.4703,6.0,inf
180,0,-1.810934724710571,-1.2453136789891983,-1.8341350207596174,6.0,0,8.0001,6.0,inf
180,1,-1.810934724710571,-1.2453136789891983,-1.8341350207596174,6.0,0,8.0001,6.0,inf
180,2,-1.810934724710571,-1.2453136789891983,-1.8341350207596174,6.0,0,8.0001,6.0,inf
180,3,-1.810934724710571,-1.2453136789891983,-1.8341350207596174,6.0,0,8.0001,6.0,inf
180,4,-1.810934724710571,-1.2453136789891983,-1.8341350207596174,6.0,0,8.0001,6.0,inf
180,5,-1.810934724710571,-1.2453136789891983,-1.8341350207596174,6.0,0,8.0001,6.0,inf
181,0,0.39158816784136186,-1.2922832953234509,1.1543218623718565,2.7104999999999997,1,2.7104999999999997,6.0,inf
181,1,0.39158816784136186,-1.2922832953234509,1.1543218623718565,2.7104999999999997,1,2.7104999999999997,6.0,inf
181,2,0.39158816784136186,-1.2922832953234509,1.1543218623718565,2.7104999999999997,1,2.7104999999999997,6.0,inf
181,3,0.39158816784136186,-1.2922832953234509,1.1543218623718565,2.7104999999999997,1,2.7104999999999997,6.0,inf
181,4,0.39158816784136186,-1.2922832953234509,1.1543218623718565,2.7104999999999997,1,2.7104999999999997,6.0,inf
181,5,0.39158816784136186,-1.2922832953234509,1.1543218623718565,2.7104999999999997,1,2.7104999999999997,6.0,inf
182,0,-1.6408262657947081,-1.8907352953776333,0.05030963925767581,4.6323,1,4.6323,6.0,inf
182,1,-1.6408262657947081,-1.8907352953776333,0.05030963925767581,4.6323,1,4.6323,6.0,inf
182,2,-1.6408262657947081,-1.8907352953776333,0.05030963925767581,4.6323,1,4.6323,6.0,inf
182,3,-1.6408262657947081,-1.8907352953776333,0.05030963925767581,4.6323,1,4.6323,6.0,inf
182,4,-1.6408262657947081,-1.8907352953776333,0.05030963925767581,4.6323,1,4.6323,6.0,inf
182,5,-1.6408262657947081,-1.8907352953776333,0.05030963925767581,4.6323,1,4.6323,6.0,inf
183,0,-0.410795229463739,-0.04831647978870754,-0.03434114809236864,5.438999999999999,1,5.438999999999999,6.0,inf
183,1,-0.410795229463739,-0.04831647978870754,-0.03434114809236864,5.438999999999999,1,5.438999999999999,6.0,inf
183,2,-0.410795229463739,-0.04831647978870754,-0.03434114809236864,5.438999999999999,1,5.438999999999999,6.0,inf
183,3,-0.410795229463739,-0.04831647978870754,-0.03434114809236864,5.438999999999999,1,5.438999999999999,6.0,inf
183,4,-0.410795229463739,-0.04831647978870754,-0.03434114809236864,5.438999999999999,1,5.438999999999999,6.0,inf
183,5,-0.410795229463739,-0.04831647978870754,-0.03434114809236864,5.438999999999999,1,5.438999999999999,6.0,inf
184,0,-0.2832909448159005,-1.1548888725334288,1.9987496654460848,1.5662999999999998,1,1.5662999999999998,6.0,inf
184,1,-0.2832909448159005,-1.1548888725334288,1.9987496654460848,1.5662999999999998,1,1.5662999999999998,6.0,inf
184,2,-0.2832909448159005,-1.1548888725334288,1.9987496654460848,1.5662999999999998,1,1.5662999999999998,6.0,inf
184,3,-0.2832909448159005,-1.1548888725334288,1.9987496654460848,1.5662999999999998,1,1.5662999999999998,6.0,inf
184,4,-0.2832909448159005,-1.1548888725334288,1.9987496654460848,1.5662999999999998,1,1.5662999999999998,6.0,inf
184,5,-0.2832909448159005,-1.1548888725334288,1.9987496654460848,1.5662999999999998,1,1.5662999999999998,6.0,inf
185,0,1.282266245861458,-0.6534396037144433,-0.26251200974264904,2.2340999999999998,1,2.2340999999999998,6.0,inf
185,1,1.282266245861458,-0.6534396037144433,-0.26251200974264904,2.2340999999999998,1,2.2340999999999998,6.0,inf
185,2,1.282266245861458,-0.6534396037144433,-0.26251200974264904,2.2340999999999998,1,2.2340999999999998,6.0,inf
185,3,1.282266245861458,-0.6534396037144433,-0.26251200974264904,2.2340999999999998,1,2.2340999999999998,6.0,inf
185,4,1.282266245861458,-0.6534396037144433,-0.26251200974264904,2.2340999999999998,1,2.2340999999999998,6.0,inf
185,5,1.282266245861458,-0.6534396037144433,-0.26251200974264904,2.2340999999999998,1,2.2340999999999998,6.0,inf
186,0,-1.0576021667833793,-0.14253509851169535,0.2894059744745393,4.811999999999999,1,4.811999999999999,6.0,inf
186,1,-1.0576021667833793,-0.14253509851169535,0.2894059744745393,4.811999999999999,1,4.811999999999999,6.0,inf
186,2,-1.0576021667833793,-0.14253509851169535,0.2894059744745393,4.811999999999999,1,4.811999999999999,6.0,inf
186,3,-1.0576021667833793,-0.14253509851169535,0.2894059744745393,4.811999999999999,1,4.811999999999999,6.0,inf
186,4,-1.0576021667833793,-0.14253509851169535,0.2894059744745393,4.811999999999999,1,4.811999999999999,6.0,inf
186,5,-1.0576021667833793,-0.14253509851169535,0.2894059744745393,4.811999999999999,1,4.811999999999999,6.0,inf
187,0,-1.9883678044464235,1.0606838632727915,1.352634306028898,1.2951,1,1.2951,6.0,inf
187,1,-1.9883678044464235,1.0606838632727915,1.352634306028898,1.2951,1,1.2951,6.0,inf
187,2,-1.9883678044464235,1.0606838632727915,1.352634306028898,1.2951,1,1.2951,6.0,inf
187,3,-1.9883678044464235,1.0606838632727915,1.352634306028898,1.2951,1,1.2951,6.0,inf
187,4,-1.9883678044464235,1.0606838632727915,1.352634306028898,1.2951,1,1.2951,6.0,inf
187,5,-1.9883678044464235,1.0606838632727915,1.352634306028898,1.2951,1,1.2951,6.0,inf
188,0,0.5749740563553672,-1.1937940728172578,-1.0733697175647283,3.1910999999999996,1,3.1910999999999996,6.0,inf
188,1,0.5749740563553672,-1.1937940728172578,-1.0733697175647283,3.1910999999999996,1,3.1910999999999996,6.0,inf
188,2,0.5749740563553672,-1.1937940728172578,-1.0733697175647283,3.1910999999999996,1,3.1910999999999996,6.0,inf
188,3,0.5749740563553672,-1.1937940728172578,-1.0733697175647283,3.1910999999999996,1,3.1910999999999996,6.0,inf
188,4,0.5749740563553672,-1.1937940728172578,-1.0733697175647283,3.1910999999999996,1,3.1910999999999996,6.0,inf
188,5,0.5749740563553672,-1.1937940728172578,-1.0733697175647283,3.1910999999999996,1,3.1910999999999996,6.0,inf
189,0,-1.0248585803095103,1.1755710274440123,-1.015654772595624,4.9944,1,4.9944,6.0,inf
189,1,-1.0248585803095103,1.1755710274440123,-1.015654772595624,4.9944,1,4.9944,6.0,inf
189,2,-1.0248585803095103,1.1755710274440123,-1.015654772595624,4.9944,1,4.9944,6.0,inf
189,3,-1.0248585803095103,1.1755710274440123,-1.015654772595624,4.9944,1,4.9944,6.0,inf
189,4,-1.0248585803095103,1.1755710274440123,-1.015654772595624,4.9944,1,4.9944,6.0,inf
189,5,-1.0248585803095103,1.1755710274440123,-1.015654772595624,4.9944,1,4.9944,6.0,inf
190,0,1.1867802124244249,-0.4364042007921628,-0.36137327834119054,3.3998999999999997,1,3.3998999999999997,6.0,inf
190,1,1.1867802124244249,-0.4364042007921628,-0.36137327834119054,3.3998999999999997,1,3.3998999999999997,6.0,inf
190,2,1.1867802124244249,-0.4364042007921628,-0.36137327834119054,3.3998999999999997,1,3.3998999999999997,6.0,inf
190,3,1.1867802124244249,-0.4364042007921628,-0.36137327834119054,3.3998999999999997,1,3.3998999999999997,6.0,inf
190,4,1.1867802124244249,-0.4364042007921628,-0.36137327834119054,3.3998999999999997,1,3.3998999999999997,6.0,inf
190,5,1.1867802124244249,-0.4364042007921628,-0.36137327834119054,3.3998999999999997,1,3.3998999999999997,6.0,inf
191,0,0.0361212889505363,-1.1114223446628808,-0.34837592623951397,3.5799,1,3.5799,6.0,inf
191,1,0.0361212889505363,-1.1114223446628808,-0.34837592623951397,3.5799,1,3.5799,6.0,inf
191,2,0.0361212889505363,-1.1114223446628808,-0.34837592623951397,3.5799,1,3.5799,6.0,inf
191,3,0.0361212889505363,-1.1114223446628808,-0.34837592623951397,3.5799,1,3.5799,6.0,inf
191,4,0.0361212889505363,-1.1114223446628808,-0.34837592623951397,3.5799,1,3.5799,6.0,inf
191,5,0.0361212889505363,-1.1114223446628808,-0.34837592623951397,3.5799,1,3.5799,6.0,inf
192,0,0.333322801435047,1.2878390080756996,0.4439557096296388,2.0511,1,2.0511,6.0,inf
192,1,0.333322801435047,1.2878390080756996,0.4439557096296388,2.0511,1,2.0511,6.0,inf
192,2,0.333322801435047,1.2878390080756996,0.4439557096296388,2.0511,1,2.0511,6.0,inf
192,3,0.333322801435047,1.2878390080756996,0.4439557096296388,2.0511,1,2.0511,6.0,inf
192,4,0.333322801435047,1.2878390080756996,0.4439557096296388,2.0511,1,2.0511,6.0,inf
192,5,0.333322801435047,1.2878390080756996,0.4439557096296388,2.0511,1,2.0511,6.0,inf
193,0,0.46158589046735143,0.011046005589758545,0.09994314574736239,1.8824999999999998,1,1.8824999999999998,6.0,inf
193,1,0.46158589046735143,0.011046005589758545,0.09994314574736239,1.8824999999999998,1,1.8824999999999998,6.0,inf
193,2,0.46158589046735143,0.011046005589758545,0.09994314574736239,1.8824999999999998,1,1.8824999999999998,6.0,inf
193,3,0.46158589046735143,0.011046005589758545,0.09994314574736239,1.8824999999999998,1,1.8824999999999998,6.0,inf
193,4,0.46158589046735143,0.011046005589758545,0.09994314574736239,1.8824999999999998,1,1.8824999999999998,6.0,inf
193,5,0.46158589046735143,0.011046005589758545,0.09994314574736239,1.8824999999999998,1,1.8824999999999998,6.0,inf
194,0,0.3009471651089513,-0.8911975490800544,0.21750424730020892,2.5212,1,2.5212,6.0,inf
194,1,0.3009471651089513,-0.8911975490800544,0.21750424730020892,2.5212,1,2.5212,6.0,inf
194,2,0.3009471651089513,-0.8911975490800544,0.21750424730020892,2.5212,1,2.5212,6.0,inf
194,3,0.3009471651089513,-0.8911975490800544,0.21750424730020892,2.5212,1,2.5212,6.0,inf
194,4,0.3009471651089513,-0.8911975490800544,0.21750424730020892,2.5212,1,2.5212,6.0,inf
194,5,0.3009471651089513,-0.8911975490800544,0.21750424730020892,2.5212,1,2.5212,6.0,inf
195,0,-0.1509574987360673,0.711507030673924,1.7461850500335752,1.3335,1,1.3335,6.0,inf
195,1,-0.1509574987360673,0.711507030673924,1.7461850500335752,1.3335,1,1.3335,6.0,inf
195,2,-0.1509574987360673,0.711507030673924,1.7461850500335752,1.3335,1,1.3335,6.0,inf
195,3,-0.1509574987360673,0.711507030673924,1.7461850500335752,1.3335,1,1.3335,6.0,inf
195,4,-0.1509574987360673,0.711507030673924,1.7461850500335752,1.3335,1,1.3335,6.0,inf
195,5,-0.1509574987360673,0.711507030673924,1.7461850500335752,1.3335,1,1.3335,6.0,inf
196,0,-0.20592642175648482,-0.5898140444865333,0.9702622613993047,1.815,1,1.815,6.0,inf
196,1,-0.20592642175648482,-0.5898140444865333,0.9702622613993047,1.815,1,1.815,6.0,inf
196,2,-0.20592642175648482,-0.5898140444865333,0.9702622613993047,1.815,1,1.815,6.0,inf
196,3,-0.20592642175648482,-0.5898140444865333,0.9702622613993047,1.815,1,1.815,6.0,inf
196,4,-0.20592642175648482,-0.5898140444865333,0.9702622613993047,1.815,1,1.815,6.0,inf
196,5,-0.20592642175648482,-0.5898140444865333,0.9702622613993047,1.815,1,1.815,6.0,inf
197,0,1.8281796926298512,0.2130987033091553,0.46544966914815705,2.0330999999999997,1,2.0330999999999997,6.0,inf
197,1,1.8281796926298512,0.2130987033091553,0.46544966914815705,2.0330999999999997,1,2.0330999999999997,6.0,inf
197,2,1.8281796926298512,0.2130987033091553,0.46544966914815705,2.0330999999999997,1,2.0330999999999997,6.0,inf
197,3,1.8281796926298512,0.2130987033091553,0.46544966914815705,2.0330999999999997,1,2.0330999999999997,6.0,inf
197,4,1.8281796926298512,0.2130987033091553,0.46544966914815705,2.0330999999999997,1,2.0330999999999997,6.0,inf
197,5,1.8281796926298512,0.2130987033091553,0.46544966914815705,2.0330999999999997,1,2.0330999999999997,6.0,inf
198,0,1.2113452420373676,-0.6422197461985806,2.2145761262399164,1.1316,1,1.1316,6.0,inf
198,1,1.2113452420373676,-0.6422197461985806,2.2145761262399164,1.1316,1,1.1316,6.0,inf
198,2,1.2113452420373676,-0.6422197461985806,2.2145761262399164,1.1316,1,1.1316,6.0,inf
198,3,1.2113452420373676,-0.6422197461985806,2.2145761262399164,1.1316,1,1.1316,6.0,inf
198,4,1.2113452420373676,-0.6422197461985806,2.2145761262399164,1.1316,1,1.1316,6.0,inf
198,5,1.2113452420373676,-0.6422197461985806,2.2145761262399164,1.1316,1,1.1316,6.0,inf
199,0,-0.6128882476992873,-0.3421010303583895,1.0711680432673045,0.8132999999999999,1,0.8132999999999999,6.0,inf
199,1,-0.6128882476992873,-0.3421010303583895,1.0711680432673045,0.8132999999999999,1,0.8132999999999999,6.0,inf
199,2,-0.6128882476992873,-0.3421010303583895,1.0711680432673045,0.8132999999999999,1,0.8132999999999999,6.0,inf
199,3,-0.6128882476992873,-0.3421010303583895,1.0711680432673045,0.8132999999999999,1,0.8132999999999999,6.0,inf
199,4,-0.6128882476992873,-0.3421010303583895,1.0711680432673045,0.8132999999999999,1,0.8132999999999999,6.0,inf
199,5,-0.6128882476992873,-0.3421010303583895,1.0711680432673045,0.8132999999999999,1,0.8132999999999999,6.0,inf
200,0,2.015607761327427,-0.6940609565049148,0.9015053874426624,1.2852,1,1.2852,6.0,inf
200,1,2.015607761327427,-0.6940609565049148,0.9015053874426624,1.2852,1,1.2852,6.0,inf
200,2,2.015607761327427,-0.6940609565049148,0.9015053874426624,1.2852,1,1.2852,6.0,inf
200,3,2.015607761327427,-0.6940609565049148,0.9015053874426624,1.2852,1,1.2852,6.0,inf
200,4,2.015607761327427,-0.6940609565049148,0.9015053874426624,1.2852,1,1.2852,6.0,inf
200,5,2.015607761327427,-0.6940609565049148,0.9015053874426624,1.2852,1,1.2852,6.0,inf
201,0,-0.12192595863734394,-1.8625780991306904,0.48448632218248733,4.6457999999999995,1,4.6457999999999995,6.0,inf
201,1,-0.12192595863734394,-1.8625780991306904,0.48448632218248733,4.6457999999999995,1,4.6457999999999995,6.0,inf
201,2,-0.12192595863734394,-1.8625780991306904,0.48448632218248733,4.6457999999999995,1,4.6457999999999995,6.0,inf
201,3,-0.12192595863734394,-1.8625780991306904,0.48448632218248733,4.6457999999999995,1,4.6457999999999995,6.0,inf
201,4,-0.12192595863734394,-1.8625780991306904,0.48448632218248733,4.6457999999999995,1,4.6457999999999995,6.0,inf
201,5,-0.12192595863734394,-1.8625780991306904,0.48448632218248733,4.6457999999999995,1,4.6457999999999995,6.0,inf
202,0,0.10311174727091203,-2.8665011338728976,0.26076239244545346,4.102799999999999,1,4.102799999999999,6.0,inf
202,1,0.10311174727091203,-2.8665011338728976,0.26076239244545346,4.102799999999999,1,4.102799999999999,6.0,inf
202,2,0.10311174727091203,-2.8665011338728976,0.26076239244545346,4.102799999999999,1,4.102799999999999,6.0,inf
202,3,0.10311174727091203,-2.8665011338728976,0.26076239244545346,4.102799999999999,1,4.102799999999999,6.0,inf
202,4,0.10311174727091203,-2.8665011338728976,0.26076239244545346,4.102799999999999,1,4.102799999999999,6.0,inf
202,5,0.10311174727091203,-2.8665011338728976,0.26076239244545346,4.102799999999999,1,4.102799999999999,6.0,inf
203,0,0.8721781543645385,0.1428110258956148,-0.13728518634499692,1.68,1,1.68,6.0,inf
203,1,0.8721781543645385,0.1428110258956148,-0.13728518634499692,1.68,1,1.68,6.0,inf
203,2,0.8721781543645385,0.1428110258956148,-0.13728518634499692,1.68,1,1.68,6.0,inf
203,3,0.8721781543645385,0.1428110258956148,-0.13728518634499692,1.68,1,1.68,6.0,inf
203,4,0.8721781543645385,0.1428110258956148,-0.13728518634499692,1.68,1,1.68,6.0,inf
203,5,0.8721781543645385,0.1428110258956148,-0.13728518634499692,1.68,1,1.68,6.0,inf
204,0,-0.9827729599207706,0.20250242731010593,0.39634641632910494,1.3886999999999998,1,1.3886999999999998,6.0,inf
204,1,-0.9827729599207706,0.20250242731010593,0.39634641632910494,1.3886999999999998,1,1.3886999999999998,6.0,inf
204,2,-0.9827729599207706,0.20250242731010593,0.39634641632910494,1.3886999999999998,1,1.3886999999999998,6.0,inf
204,3,-0.9827729599207706,0.20250242731010593,0.39634641632910494,1.3886999999999998,1,1.3886999999999998,6.0,inf
204,4,-0.9827729599207706,0.20250242731010593,0.39634641632910494,1.3886999999999998,1,1.3886999999999998,6.0,inf
204,5,-0.9827729599207706,0.20250242731010593,0.39634641632910494,1.3886999999999998,1,1.3886999999999998,6.0,inf
205,0,0.06437838555951612,-0.3455180386255754,0.7824488025087563,3.7460999999999998,1,3.7460999999999998,6.0,inf
205,1,0.06437838555951612,-0.3455180386255754,0.7824488025087563,3.7460999999999998,1,3.7460999999999998,6.0,inf
205,2,0.06437838555951612,-0.3455180386255754,0.7824488025087563,3.7460999999999998,1,3.7460999999999998,6.0,inf
205,3,0.06437838555951612,-0.3455180386255754,0.7824488025087563,3.7460999999999998,1,3.7460999999999998,6.0,inf
205,4,0.06437838555951612,-0.3455180386255754,0.7824488025087563,3.7460999999999998,1,3.7460999999999998,6.0,inf
205,5,0.06437838555951612,-0.3455180386255754,0.7824488025087563,3.7460999999999998,1,3.7460999999999998,6.0,inf
206,0,-0.700989340347108,-0.6404744033577329,1.3163625323359436,2.9939999999999998,1,2.9939999999999998,6.0,inf
206,1,-0.700989340347108,-0.6404744033577329,1.3163625323359436,2.9939999999999998,1,2.9939999999999998,6.0,inf
206,2,-0.700989340347108,-0.6404744033577329,1.3163625323359436,2.9939999999999998,1,2.9939999999999998,6.0,inf
206,3,-0.700989340347108,-0.6404744033577329,1.3163625323359436,2.9939999999999998,1,2.9939999999999998,6.0,inf
206,4,-0.700989340347108,-0.6404744033577329,1.3163625323359436,2.9939999999999998,1,2.9939999999999998,6.0,inf
206,5,-0.700989340347108,-0.6404744033577329,1.3163625323359436,2.9939999999999998,1,2.9939999999999998,6.0,inf
207,0,0.3350444649755809,0.25470541655830814,-1.218838434195554,3.0875999999999997,1,3.0875999999999997,6.0,inf
207,1,0.3350444649755809,0.25470541655830814,-1.218838434195554,3.0875999999999997,1,3.0875999999999997,6.0,inf
207,2,0.3350444649755809,0.25470541655830814,-1.218838434195554,3.0875999999999997,1,3.0875999999999997,6.0,inf
207,3,0.3350444649755809,0.25470541655830814,-1.218838434195554,3.0875999999999997,1,3.0875999999999997,6.0,inf
207,4,0.3350444649755809,0.25470541655830814,-1.218838434195554,3.0875999999999997,1,3.0875999999999997,6.0,inf
207,5,0.3350444649755809,0.25470541655830814,-1.218838434195554,3.0875999999999997,1,3.0875999999999997,6.0,inf
208,0,0.674148980361423,0.7834657195131234,-0.864981307014684,2.1414,1,2.1414,6.0,inf
208,1,0.674148980361423,0.7834657195131234,-0.864981307014684,2.1414,1,2.1414,6.0,inf
208,2,0.674148980361423,0.7834657195131234,-0.864981307014684,2.1414,1,2.1414,6.0,inf
208,3,0.674148980361423,0.7834657195131234,-0.864981307014684,2.1414,1,2.1414,6.0,inf
208,4,0.674148980361423,0.7834657195131234,-0.864981307014684,2.1414,1,2.1414,6.0,inf
208,5,0.674148980361423,0.7834657195131234,-0.864981307014684,2.1414,1,2.1414,6.0,inf
209,0,-0.9059774005511527,-1.6582248856473265,0.8323726853516555,1.7495999999999998,1,1.7495999999999998,6.0,inf
209,1,-0.9059774005511527,-1.6582248856473265,0.8323726853516555,1.7495999999999998,1,1.7495999999999998,6.0,inf
209,2,-0.9059774005511527,-1.6582248856473265,0.8323726853516555,1.7495999999999998,1,1.7495999999999998,6.0,inf
209,3,-0.9059774005511527,-1.6582248856473265,0.8323726853516555,1.7495999999999998,1,1.7495999999999998,6.0,inf
209,4,-0.9059774005511527,-1.6582248856473265,0.8323726853516555,1.7495999999999998,1,1.7495999999999998,6.0,inf
209,5,-0.9059774005511527,-1.6582248856473265,0.8323726853516555,1.7495999999999998,1,1.7495999999999998,6.0,inf
210,0,-0.8706608711148264,-0.006088079207967291,-0.23228271057441036,3.4913999999999996,1,3.4913999999999996,6.0,inf
210,1,-0.8706608711148264,-0.006088079207967291,-0.23228271057441036,3.4913999999999996,1,3.4913999999999996,6.0,inf
210,2,-0.8706608711148264,-0.006088079207967291,-0.23228271057441036,3.4913999999999996,1,3.4913999999999996,6.0,inf
210,3,-0.8706608711148264,-0.006088079207967291,-0.23228271057441036,3.4913999999999996,1,3.4913999999999996,6.0,inf
210,4,-0.8706608711148264,-0.006088079207967291,-0.23228271057441036,3.4913999999999996,1,3.4913999999999996,6.0,inf
210,5,-0.8706608711148264,-0.006088079207967291,-0.23228271057441036,3.4913999999999996,1,3.4913999999999996,6.0,inf
211,0,1.2419265557140697,-0.02032488084788461,-0.2373925100382895,3.0288,1,3.0288,6.0,inf
211,1,1.2419265557140697,-0.02032488084788461,-0.2373925100382895,3.0288,1,3.0288,6.0,inf
211,2,1.2419265557140697,-0.02032488084788461,-0.2373925100382895,3.0288,1,3.0288,6.0,inf
211,3,1.2419265557140697,-0.02032488084788461,-0.2373925100382895,3.0288,1,3.0288,6.0,inf
211,4,1.2419265557140697,-0.02032488084788461,-0.2373925100382895,3.0288,1,3.0288,6.0,inf
211,5,1.2419265557140697,-0.02032488084788461,-0.2373925100382895,3.0288,1,3.0288,6.0,inf
212,0,-0.8585886229497505,-0.851013447759442,2.0961462132001363,1.8356999999999999,1,1.8356999999999999,6.0,inf
212,1,-0.8585886229497505,-0.851013447759442,2.0961462132001363,1.8356999999999999,1,1.8356999999999999,6.0,inf
212,2,-0.8585886229497505,-0.851013447759442,2.0961462132001363,1.8356999999999999,1,1.8356999999999999,6.0,inf
212,3,-0.8585886229497505,-0.851013447759442,2.0961462132001363,1.8356999999999999,1,1.8356999999999999,6.0,inf
212,4,-0.8585886229497505,-0.851013447759442,2.0961462132001363,1.8356999999999999,1,1.8356999999999999,6.0,inf
212,5,-0.8585886229497505,-0.851013447759442,2.0961462132001363,1.8356999999999999,1,1.8356999999999999,6.0,inf
213,0,1.4843790955348084,2.0753803214141184,-0.5181688363609523,0.6389999999999999,1,0.6389999999999999,6.0,inf
213,1,1.4843790955348084,2.0753803214141184,-0.5181688363609523,0.6389999999999999,1,0.6389999999999999,6.0,inf
213,2,1.4843790955348084,2.0753803214141184,-0.5181688363609523,0.6389999999999999,1,0.6389999999999999,6.0,inf
213,3,1.4843790955348084,2.0753803214141184,-0.5181688363609523,0.6389999999999999,1,0.6389999999999999,6.0,inf
213,4,1.4843790955348084,2.0753803214141184,-0.5181688363609523,0.6389999999999999,1,0.6389999999999999,6.0,inf
213,5,1.4843790955348084,2.0753803214141184,-0.5181688363609523,0.6389999999999999,1,0.6389999999999999,6.0,inf
214,0,-0.4002589564527743,0.40941121657762103,0.1309437277477182,1.2765,1,1.2765,6.0,inf
214,1,-0.4002589564527743,0.40941121657762103,0.1309437277477182,1.2765,1,1.2765,6.0,inf
214,2,-0.4002589564527743,0.40941121657762103,0.1309437277477182,1.2765,1,1.2765,6.0,inf
214,3,-0.4002589564527743,0.40941121657762103,0.1309437277477182,1.2765,1,1.2765,6.0,inf
214,4,-0.4002589564527743,0.40941121657762103,0.1309437277477182,1.2765,1,1.2765,6.0,inf
214,5,-0.4002589564527743,0.40941121657762103,0.1309437277477182,1.2765,1,1.2765,6.0,inf
215,0,0.18568615934973642,1.6610022340954824,-1.3300454421547006,2.5073999999999996,1,2.5073999999999996,6.0,inf
215,1,0.18568615934973642,1.6610022340954824,-1.3300454421547006,2.5073999999999996,1,2.5073999999999996,6.0,inf
215,2,0.18568615934973642,1.6610022340954824,-1.3300454421547006,2.5073999999999996,1,2.5073999999999996,6.0,inf
215,3,0.18568615934973642,1.6610022340954824,-1.3300454421547006,2.5073999999999996,1,2.5073999999999996,6.0,inf
215,4,0.18568615934973642,1.6610022340954824,-1.3300454421547006,2.5073999999999996,1,2.5073999999999996,6.0,inf
215,5,0.18568615934973642,1.6610022340954824,-1.3300454421547006,2.5073999999999996,1,2.5073999999999996,6.0,inf
216,0,0.4893859897075639,-1.5024759808249808,3.1296404902980037,1.2092999999999998,1,1.2092999999999998,6.0,inf
216,1,0.4893859897075639,-1.5024759808249808,3.1296404902980037,1.2092999999999998,1,1.2092999999999998,6.0,inf
216,2,0.4893859897075639,-1.5024759808249808,3.1296404902980037,1.2092999999999998,1,1.2092999999999998,6.0,inf
216,3,0.4893859897075639,-1.5024759808249808,3.1296404902980037,1.2092999999999998,1,1.2092999999999998,6.0,inf
216,4,0.4893859897075639,-1.5024759808249808,3.1296404902980037,1.2092999999999998,1,1.2092999999999998,6.0,inf
216,5,0.4893859897075639,-1.5024759808249808,3.1296404902980037,1.2092999999999998,1,1.2092999999999998,6.0,inf
217,0,-0.2873106963272887,0.49333194281414733,-2.8894874908195947,6.0,0,7.565999999999999,6.0,inf
217,1,-0.2873106963272887,0.49333194281414733,-2.8894874908195947,6.0,0,7.565999999999999,6.0,inf
217,2,-0.2873106963272887,0.49333194281414733,-2.8894874908195947,6.0,0,7.565999999999999,6.0,inf
217,3,-0.2873106963272887,0.49333194281414733,-2.8894874908195947,6.0,0,7.565999999999999,6.0,inf
217,4,-0.2873106963272887,0.49333194281414733,-2.8894874908195947,6.0,0,7.565999999999999,6.0,inf
217,5,-0.2873106963272887,0.49333194281414733,-2.8894874908195947,6.0,0,7.565999999999999,6.0,inf
218,0,0.41274457370424994,0.31892789554365947,-1.8145834174652329,3.4697999999999998,1,3.4697999999999998,6.0,inf
218,1,0.41274457370424994,0.31892789554365947,-1.8145834174652329,3.4697999999999998,1,3.4697999999999998,6.0,inf
218,2,0.41274457370424994,0.31892789554365947,-1.8145834174652329,3.4697999999999998,1,3.4697999999999998,6.0,inf
218,3,0.41274457370424994,0.31892789554365947,-1.8145834174652329,3.4697999999999998,1,3.4697999999999998,6.0,inf
218,4,0.41274457370424994,0.31892789554365947,-1.8145834174652329,3.4697999999999998,1,3.4697999999999998,6.0,inf
218,5,0.41274457370424994,0.31892789554365947,-1.8145834174652329,3.4697999999999998,1,3.4697999999999998,6.0,inf
219,0,-1.723018639999083,-0.5701931727236036,-1.948091410504429,6.0,0,8.0001,6.0,inf
219,1,-1.723018639999083,-0.5701931727236036,-1.948091410504429,6.0,0,8.0001,6.0,inf
219,2,-1.723018639999083,-0.5701931727236036,-1.948091410504429,6.0,0,8.0001,6.0,inf
219,3,-1.723018639999083,-0.5701931727236036,-1.948091410504429,6.0,0,8.0001,6.0,inf
219,4,-1.723018639999083,-0.5701931727236036,-1.948091410504429,6.0,0,8.0001,6.0,inf
219,5,-1.723018639999083,-0.5701931727236036,-1.948091410504429,6.0,0,8.0001,6.0,inf
220,0,-0.6730221316747924,-0.24893292053526297,-0.38041465258494306,5.5668,1,5.5668,6.0,inf
220,1,-0.6730221316747924,-0.24893292053526297,-0.38041465258494306,5.5668,1,5.5668,6.0,inf
220,2,-0.6730221316747924,-0.24893292053526297,-0.38041465258494306,5.5668,1,5.5668,6.0,inf
220,3,-0.6730221316747924,-0.24893292053526297,-0.38041465258494306,5.5668,1,5.5668,6.0,inf
220,4,-0.6730221316747924,-0.24893292053526297,-0.38041465258494306,5.5668,1,5.5668,6.0,inf
220,5,-0.6730221316747924,-0.24893292053526297,-0.38041465258494306,5.5668,1,5.5668,6.0,inf
221,0,-2.547446587728542,0.6383982621950891,0.3827234682503277,6.0,0,8.0001,6.0,inf
221,1,-2.547446587728542,0.6383982621950891,0.3827234682503277,6.0,0,8.0001,6.0,inf
221,2,-2.547446587728542,0.6383982621950891,0.3827234682503277,6.0,0,8.0001,6.0,inf
221,3,-2.547446587728542,0.6383982621950891,0.3827234682503277,6.0,0,8.0001,6.0,inf
221,4,-2.547446587728542,0.6383982621950891,0.3827234682503277,6.0,0,8.0001,6.0,inf
221,5,-2.547446587728542,0.6383982621950891,0.3827234682503277,6.0,0,8.0001,6.0,inf
222,0,0.29011217667156664,-0.6067314743144419,-0.5896408032098547,5.3172,1,5.3172,6.0,inf
222,1,0.29011217667156664,-0.6067314743144419,-0.5896408032098547,5.3172,1,5.3172,6.0,inf
222,2,0.29011217667156664,-0.6067314743144419,-0.5896408032098547,5.3172,1,5.3172,6.0,inf
222,3,0.29011217667156664,-0.6067314743144419,-0.5896408032098547,5.3172,1,5.3172,6.0,inf
222,4,0.29011217667156664,-0.6067314743144419,-0.5896408032098547,5.3172,1,5.3172,6.0,inf
222,5,0.29011217667156664,-0.6067314743144419,-0.5896408032098547,5.3172,1,5.3172,6.0,inf
223,0,-1.2134861428485961,-1.3856934606550955,0.39578307210714486,1.7372999999999998,1,1.7372999999999998,6.0,inf
223,1,-1.2134861428485961,-1.3856934606550955,0.39578307210714486,1.7372999999999998,1,1.7372999999999998,6.0,inf
223,2,-1.2134861428485961,-1.3856934606550955,0.39578307210714486,1.7372999999999998,1,1.7372999999999998,6.0,inf
223,3,-1.2134861428485961,-1.3856934606550955,0.39578307210714486,1.7372999999999998,1,1.7372999999999998,6.0,inf
223,4,-1.2134861428485961,-1.3856934606550955,0.39578307210714486,1.7372999999999998,1,1.7372999999999998,6.0,inf
223,5,-1.2134861428485961,-1.3856934606550955,0.39578307210714486,1.7372999999999998,1,1.7372999999999998,6.0,inf
224,0,0.1307636382583237,0.10072812744018418,0.2584562537063446,2.6081999999999996,1,2.6081999999999996,6.0,inf
224,1,0.1307636382583237,0.10072812744018418,0.2584562537063446,2.6081999999999996,1,2.6081999999999996,6.0,inf
224,2,0.1307636382583237,0.10072812744018418,0.2584562537063446,2.6081999999999996,1,2.6081999999999996,6.0,inf
224,3,0.1307636382583237,0.10072812744018418,0.2584562537063446,2.6081999999999996,1,2.6081999999999996,6.0,inf
224,4,0.1307636382583237,0.10072812744018418,0.2584562537063446,2.6081999999999996,1,2.6081999999999996,6.0,inf
224,5,0.1307636382583237,0.10072812744018418,0.2584562537063446,2.6081999999999996,1,2.6081999999999996,6.0,inf
225,0,0.6384949676002677,-0.2186998227482007,-0.3071084495895259,2.3324999999999996,1,2.3324999999999996,6.0,inf
225,1,0.6384949676002677,-0.2186998227482007,-0.3071084495895259,2.3324999999999996,1,2.3324999999999996,6.0,inf
225,2,0.6384949676002677,-0.2186998227482007,-0.3071084495895259,2.3324999999999996,1,2.3324999999999996,6.0,inf
225,3,0.6384949676002677,-0.2186998227482007,-0.3071084495895259,2.3324999999999996,1,2.3324999999999996,6.0,inf
225,4,0.6384949676002677,-0.2186998227482007,-0.3071084495895259,2.3324999999999996,1,2.3324999999999996,6.0,inf
225,5,0.6384949676002677,-0.2186998227482007,-0.3071084495895259,2.3324999999999996,1,2.3324999999999996,6.0,inf
226,0,0.7092994313388865,-0.13503763053247464,-0.1763691946870476,2.9919,1,2.9919,6.0,inf
226,1,0.7092994313388865,-0.13503763053247464,-0.1763691946870476,2.9919,1,2.9919,6.0,inf
226,2,0.7092994313388865,-0.13503763053247464,-0.1763691946870476,2.9919,1,2.9919,6.0,inf
226,3,0.7092994313388865,-0.13503763053247464,-0.1763691946870476,2.9919,1,2.9919,6.0,inf
226,4,0.7092994313388865,-0.13503763053247464,-0.1763691946870476,2.9919,1,2.9919,6.0,inf
226,5,0.7092994313388865,-0.13503763053247464,-0.1763691946870476,2.9919,1,2.9919,6.0,inf
227,0,0.06213563124638826,-0.5322870943623355,-0.4187057911053352,3.1391999999999998,1,3.1391999999999998,6.0,inf
227,1,0.06213563124638826,-0.5322870943623355,-0.4187057911053352,3.1391999999999998,1,3.1391999999999998,6.0,inf
227,2,0.06213563124638826,-0.5322870943623355,-0.4187057911053352,3.1391999999999998,1,3.1391999999999998,6.0,inf
227,3,0.06213563124638826,-0.5322870943623355,-0.4187057911053352,3.1391999999999998,1,3.1391999999999998,6.0,inf
227,4,0.06213563124638826,-0.5322870943623355,-0.4187057911053352,3.1391999999999998,1,3.1391999999999998,6.0,inf
227,5,0.06213563124638826,-0.5322870943623355,-0.4187057911053352,3.1391999999999998,1,3.1391999999999998,6.0,inf
228,0,0.11794633708785222,0.3173725969160829,-0.5977709728946375,3.522,1,3.522,6.0,inf
228,1,0.11794633708785222,0.3173725969160829,-0.5977709728946375,3.522,1,3.522,6.0,inf
228,2,0.11794633708785222,0.3173725969160829,-0.5977709728946375,3.522,1,3.522,6.0,inf
228,3,0.11794633708785222,0.3173725969160829,-0.5977709728946375,3.522,1,3.522,6.0,inf
228,4,0.11794633708785222,0.3173725969160829,-0.5977709728946375,3.522,1,3.522,6.0,inf
228,5,0.11794633708785222,0.3173725969160829,-0.5977709728946375,3.522,1,3.522,6.0,inf
229,0,1.305285167432036,0.6399650469126407,-0.7156131091453634,2.4164999999999996,1,2.4164999999999996,6.0,inf
229,1,1.305285167432036,0.6399650469126407,-0.7156131091453634,2.4164999999999996,1,2.4164999999999996,6.0,inf
229,2,1.305285167432036,0.6399650469126407,-0.7156131091453634,2.4164999999999996,1,2.4164999999999996,6.0,inf
229,3,1.305285167432036,0.6399650469126407,-0.7156131091453634,2.4164999999999996,1,2.4164999999999996,6.0,inf
229,4,1.305285167432036,0.6399650469126407,-0.7156131091453634,2.4164999999999996,1,2.4164999999999996,6.0,inf
229,5,1.305285167432036,0.6399650469126407,-0.7156131091453634,2.4164999999999996,1,2.4164999999999996,6.0,inf
230,0,0.5537322640074983,1.5873100283350534,1.5983843775679514,1.0115999999999998,1,1.0115999999999998,6.0,inf
230,1,0.5537322640074983,1.5873100283350534,1.5983843775679514,1.0115999999999998,1,1.0115999999999998,6.0,inf
230,2,0.5537322640074983,1.5873100283350534,1.5983843775679514,1.0115999999999998,1,1.0115999999999998,6.0,inf
230,3,0.5537322640074983,1.5873100283350534,1.5983843775679514,1.0115999999999998,1,1.0115999999999998,6.0,inf
230,4,0.5537322640074983,1.5873100283350534,1.5983843775679514,1.0115999999999998,1,1.0115999999999998,6.0,inf
230,5,0.5537322640074983,1.5873100283350534,1.5983843775679514,1.0115999999999998,1,1.0115999999999998,6.0,inf
231,0,-0.2754268960438226,0.011169938226306748,0.9747609183597317,1.4351999999999998,1,1.4351999999999998,6.0,inf
231,1,-0.2754268960438226,0.011169938226306748,0.9747609183597317,1.4351999999999998,1,1.4351999999999998,6.0,inf
231,2,-0.2754268960438226,0.011169938226306748,0.9747609183597317,1.4351999999999998,1,1.4351999999999998,6.0,inf
231,3,-0.2754268960438226,0.011169938226306748,0.9747609183597317,1.4351999999999998,1,1.4351999999999998,6.0,inf
231,4,-0.2754268960438226,0.011169938226306748,0.9747609183597317,1.4351999999999998,1,1.4351999999999998,6.0,inf
231,5,-0.2754268960438226,0.011169938226306748,0.9747609183597317,1.4351999999999998,1,1.4351999999999998,6.0,inf
232,0,0.8743189762950095,0.048211454545042984,-0.31720015651816735,2.2178999999999998,1,2.2178999999999998,6.0,inf
232,1,0.8743189762950095,0.048211454545042984,-0.31720015651816735,2.2178999999999998,1,2.2178999999999998,6.0,inf
232,2,0.8743189762950095,0.048211454545042984,-0.31720015651816735,2.2178999999999998,1,2.2178999999999998,6.0,inf
232,3,0.8743189762950095,0.048211454545042984,-0.31720015651816735,2.2178999999999998,1,2.2178999999999998,6.0,inf
232,4,0.8743189762950095,0.048211454545042984,-0.31720015651816735,2.2178999999999998,1,2.2178999999999998,6.0,inf
232,5,0.8743189762950095,0.048211454545042984,-0.31720015651816735,2.2178999999999998,1,2.2178999999999998,6.0,inf
233,0,-0.5702931004986163,-0.00926920520661413,0.41386603667582095,3.8528999999999995,1,3.8528999999999995,6.0,inf
233,1,-0.5702931004986163,-0.00926920520661413,0.41386603667582095,3.8528999999999995,1,3.8528999999999995,6.0,inf
233,2,-0.5702931004986163,-0.00926920520661413,0.41386603667582095,3.8528999999999995,1,3.8528999999999995,6.0,inf
233,3,-0.5702931004986163,-0.00926920520661413,0.41386603667582095,3.8528999999999995,1,3.8528999999999995,6.0,inf
233,4,-0.5702931004986163,-0.00926920520661413,0.41386603667582095,3.8528999999999995,1,3.8528999999999995,6.0,inf
233,5,-0.5702931004986163,-0.00926920520661413,0.41386603667582095,3.8528999999999995,1,3.8528999999999995,6.0,inf
234,0,0.23108004727211684,-0.8512847960470921,0.33385371884740933,2.2809,1,2.2809,6.0,inf
234,1,0.23108004727211684,-0.8512847960470921,0.33385371884740933,2.2809,1,2.2809,6.0,inf
234,2,0.23108004727211684,-0.8512847960470921,0.33385371884740933,2.2809,1,2.2809,6.0,inf
234,3,0.23108004727211684,-0.8512847960470921,0.33385371884740933,2.2809,1,2.2809,6.0,inf
234,4,0.23108004727211684,-0.8512847960470921,0.33385371884740933,2.2809,1,2.2809,6.0,inf
234,5,0.23108004727211684,-0.8512847960470921,0.33385371884740933,2.2809,1,2.2809,6.0,inf
235,0,-0.6818993566271884,-0.263160921431165,1.0250801852845781,2.3657999999999997,1,2.3657999999999997,6.0,inf
235,1,-0.6818993566271884,-0.263160921431165,1.0250801852845781,2.3657999999999997,1,2.3657999999999997,6.0,inf
235,2,-0.6818993566271884,-0.263160921431165,1.0250801852845781,2.3657999999999997,1,2.3657999999999997,6.0,inf
235,3,-0.6818993566271884,-0.263160921431165,1.0250801852845781,2.3657999999999997,1,2.3657999999999997,6.0,inf
235,4,-0.6818993566271884,-0.263160921431165,1.0250801852845781,2.3657999999999997,1,2.3657999999999997,6.0,inf
235,5,-0.6818993566271884,-0.263160921431165,1.0250801852845781,2.3657999999999997,1,2.3657999999999997,6.0,inf
236,0,-0.30891757173188494,-1.1095631607712537,0.10944511129951838,4.3023,1,4.3023,6.0,inf
236,1,-0.30891757173188494,-1.1095631607712537,0.10944511129951838,4.3023,1,4.3023,6.0,inf
236,2,-0.30891757173188494,-1.1095631607712537,0.10944511129951838,4.3023,1,4.3023,6.0,inf
236,3,-0.30891757173188494,-1.1095631607712537,0.10944511129951838,4.3023,1,4.3023,6.0,inf
236,4,-0.30891757173188494,-1.1095631607712537,0.10944511129951838,4.3023,1,4.3023,6.0,inf
236,5,-0.30891757173188494,-1.1095631607712537,0.10944511129951838,4.3023,1,4.3023,6.0,inf
237,0,-0.08789473948242935,-0.5810257796652217,0.39593441467868096,4.3206,1,4.3206,6.0,inf
237,1,-0.08789473948242935,-0.5810257796652217,0.39593441467868096,4.3206,1,4.3206,6.0,inf
237,2,-0.08789473948242935,-0.5810257796652217,0.39593441467868096,4.3206,1,4.3206,6.0,inf
237,3,-0.08789473948242935,-0.5810257796652217,0.39593441467868096,4.3206,1,4.3206,6.0,inf
237,4,-0.08789473948242935,-0.5810257796652217,0.39593441467868096,4.3206,1,4.3206,6.0,inf
237,5,-0.08789473948242935,-0.5810257796652217,0.39593441467868096,4.3206,1,4.3206,6.0,inf
238,0,-0.012107303770825128,-0.8741875031065091,-1.0018792155293847,5.145899999999999,1,5.145899999999999,6.0,inf
238,1,-0.012107303770825128,-0.8741875031065091,-1.0018792155293847,5.145899999999999,1,5.145899999999999,6.0,inf
238,2,-0.012107303770825128,-0.8741875031065091,-1.0018792155293847,5.145899999999999,1,5.145899999999999,6.0,inf
238,3,-0.012107303770825128,-0.8741875031065091,-1.0018792155293847,5.145899999999999,1,5.145899999999999,6.0,inf
238,4,-0.012107303770825128,-0.8741875031065091,-1.0018792155293847,5.145899999999999,1,5.145899999999999,6.0,inf
238,5,-0.012107303770825128,-0.8741875031065091,-1.0018792155293847,5.145899999999999,1,5.145899999999999,6.0,inf
239,0,-1.8552641170328577,-1.6980497074379897,-0.5770646085604645,6.0,0,8.0001,6.0,inf
239,1,-1.8552641170328577,-1.6980497074379897,-0.5770646085604645,6.0,0,8.0001,6.0,inf
239,2,-1.8552641170328577,-1.6980497074379897,-0.5770646085604645,6.0,0,8.0001,6.0,inf
239,3,-1.8552641170328577,-1.6980497074379897,-0.5770646085604645,6.0,0,8.0001,6.0,inf
239,4,-1.8552641170328577,-1.6980497074379897,-0.5770646085604645,6.0,0,8.0001,6.0,inf
239,5,-1.8552641170328577,-1.6980497074379897,-0.5770646085604645,6.0,0,8.0001,6.0,inf
240,0,-1.0257885159873716,-0.05812257512519466,0.9496267655066155,4.4315999999999995,1,4.4315999999999995,6.0,inf
240,1,-1.0257885159873716,-0.05812257512519466,0.9496267655066155,4.4315999999999995,1,4.4315999999999995,6.0,inf
240,2,-1.0257885159873716,-0.05812257512519466,0.9496267655066155,4.4315999999999995,1,4.4315999999999995,6.0,inf
240,3,-1.0257885159873716,-0.05812257512519466,0.9496267655066155,4.4315999999999995,1,4.4315999999999995,6.0,inf
240,4,-1.0257885159873716,-0.05812257512519466,0.9496267655066155,4.4315999999999995,1,4.4315999999999995,6.0,inf
240,5,-1.0257885159873716,-0.05812257512519466,0.9496267655066155,4.4315999999999995,1,4.4315999999999995,6.0,inf
241,0,-0.5499325998509739,-0.7532004425049212,0.5472558791800319,3.8114999999999997,1,3.8114999999999997,6.0,inf
241,1,-0.5499325998509739,-0.7532004425049212,0.5472558791800319,3.8114999999999997,1,3.8114999999999997,6.0,inf
241,2,-0.5499325998509739,-0.7532004425049212,0.5472558791800319,3.8114999999999997,1,3.8114999999999997,6.0,inf
241,3,-0.5499325998509739,-0.7532004425049212,0.5472558791800319,3.8114999999999997,1,3.8114999999999997,6.0,inf
241,4,-0.5499325998509739,-0.7532004425049212,0.5472558791800319,3.8114999999999997,1,3.8114999999999997,6.0,inf
241,5,-0.5499325998509739,-0.7532004425049212,0.5472558791800319,3.8114999999999997,1,3.8114999999999997,6.0,inf
242,0,0.15505806553417895,0.46057794683290093,-1.925968034061721,4.173,1,4.173,6.0,inf
242,1,0.15505806553417895,0.46057794683290093,-1.925968034061721,4.173,1,4.173,6.0,inf
242,2,0.15505806553417895,0.46057794683290093,-1.925968034061721,4.173,1,4.173,6.0,inf
242,3,0.15505806553417895,0.46057794683290093,-1.925968034061721,4.173,1,4.173,6.0,inf
242,4,0.15505806553417895,0.46057794683290093,-1.925968034061721,4.173,1,4.173,6.0,inf
242,5,0.15505806553417895,0.46057794683290093,-1.925968034061721,4.173,1,4.173,6.0,inf
243,0,0.2535359801139787,0.5817956199305341,-1.002797110739942,2.6382,1,2.6382,6.0,inf
243,1,0.2535359801139787,0.5817956199305341,-1.002797110739942,2.6382,1,2.6382,6.0,inf
243,2,0.2535359801139787,0.5817956199305341,-1.002797110739942,2.6382,1,2.6382,6.0,inf
243,3,0.2535359801139787,0.5817956199305341,-1.002797110739942,2.6382,1,2.6382,6.0,inf
243,4,0.2535359801139787,0.5817956199305341,-1.002797110739942,2.6382,1,2.6382,6.0,inf
243,5,0.2535359801139787,0.5817956199305341,-1.002797110739942,2.6382,1,2.6382,6.0,inf
244,0,-1.6684687329262113,0.7434302705607441,-0.210269596070535,1.9746,1,1.9746,6.0,inf
244,1,-1.6684687329262113,0.7434302705607441,-0.210269596070535,1.9746,1,1.9746,6.0,inf
244,2,-1.6684687329262113,0.7434302705607441,-0.210269596070535,1.9746,1,1.9746,6.0,inf
244,3,-1.6684687329262113,0.7434302705607441,-0.210269596070535,1.9746,1,1.9746,6.0,inf
244,4,-1.6684687329262113,0.7434302705607441,-0.210269596070535,1.9746,1,1.9746,6.0,inf
244,5,-1.6684687329262113,0.7434302705607441,-0.210269596070535,1.9746,1,1.9746,6.0,inf
245,0,-1.0616423854465902,0.0028294496070569376,-0.9694208977463309,6.0,0,8.0001,6.0,inf
245,1,-1.0616423854465902,0.0028294496070569376,-0.9694208977463309,6.0,0,8.0001,6.0,inf
245,2,-1.0616423854465902,0.0028294496070569376,-0.9694208977463309,6.0,0,8.0001,6.0,inf
245,3,-1.0616423854465902,0.0028294496070569376,-0.9694208977463309,6.0,0,8.0001,6.0,inf
245,4,-1.0616423854465902,0.0028294496070569376,-0.9694208977463309,6.0,0,8.0001,6.0,inf
245,5,-1.0616423854465902,0.0028294496070569376,-0.9694208977463309,6.0,0,8.0001,6.0,inf
246,0,-0.20726976444635342,-0.8617632635429163,-0.5810029259149128,4.1270999999999995,1,4.1270999999999995,6.0,inf
246,1,-0.20726976444635342,-0.8617632635429163,-0.5810029259149128,4.1270999999999995,1,4.1270999999999995,6.0,inf
246,2,-0.20726976444635342,-0.8617632635429163,-0.5810029259149128,4.1270999999999995,1,4.1270999999999995,6.0,inf
246,3,-0.20726976444635342,-0.8617632635429163,-0.5810029259149128,4.1270999999999995,1,4.1270999999999995,6.0,inf
246,4,-0.20726976444635342,-0.8617632635429163,-0.5810029259149128,4.1270999999999995,1,4.1270999999999995,6.0,inf
246,5,-0.20726976444635342,-0.8617632635429163,-0.5810029259149128,4.1270999999999995,1,4.1270999999999995,6.0,inf
247,0,-1.0685847242010584,-0.1530845739113935,-0.19436959779831572,6.0,0,6.7623,6.0,inf
247,1,-1.0685847242010584,-0.1530845739113935,-0.19436959779831572,6.0,0,6.7623,6.0,inf
247,2,-1.0685847242010584,-0.1530845739113935,-0.19436959779831572,6.0,0,6.7623,6.0,inf
247,3,-1.0685847242010584,-0.1530845739113935,-0.19436959779831572,6.0,0,6.7623,6.0,inf
247,4,-1.0685847242010584,-0.1530845739113935,-0.19436959779831572,6.0,0,6.7623,6.0,inf
247,5,-1.0685847242010584,-0.1530845739113935,-0.19436959779831572,6.0,0,6.7623,6.0,inf
248,0,-0.42797466052724786,-1.0533036991752682,-0.7682983402778375,4.2051,1,4.2051,6.0,inf
248,1,-0.42797466052724786,-1.0533036991752682,-0.7682983402778375,4.2051,1,4.2051,6.0,inf
248,2,-0.42797466052724786,-1.0533036991752682,-0.7682983402778375,4.2051,1,4.2051,6.0,inf
248,3,-0.42797466052724786,-1.0533036991752682,-0.7682983402778375,4.2051,1,4.2051,6.0,inf
248,4,-0.42797466052724786,-1.0533036991752682,-0.7682983402778375,4.2051,1,4.2051,6.0,inf
248,5,-0.42797466052724786,-1.0533036991752682,-0.7682983402778375,4.2051,1,4.2051,6.0,inf
249,0,-0.14625073597639976,-0.6403123468556043,-0.6768534654609134,2.1936,1,2.1936,6.0,inf
249,1,-0.14625073597639976,-0.6403123468556043,-0.6768534654609134,2.1936,1,2.1936,6.0,inf
249,2,-0.14625073597639976,-0.6403123468556043,-0.6768534654609134,2.1936,1,2.1936,6.0,inf
249,3,-0.14625073597639976,-0.6403123468556043,-0.6768534654609134,2.1936,1,2.1936,6.0,inf
249,4,-0.14625073597639976,-0.6403123468556043,-0.6768534654609134,2.1936,1,2.1936,6.0,inf
249,5,-0.14625073597639976,-0.6403123468556043,-0.6768534654609134,2.1936,1,2.1936,6.0,inf
250,0,0.16374504257737507,1.040962474586859,0.6152895986448584,1.4615999999999998,1,1.4615999999999998,6.0,inf
250,1,0.16374504257737507,1.040962474586859,0.6152895986448584,1.4615999999999998,1,1.4615999999999998,6.0,inf
250,2,0.16374504257737507,1.040962474586859,0.6152895986448584,1.4615999999999998,1,1.4615999999999998,6.0,inf
250,3,0.16374504257737507,1.040962474586859,0.6152895986448584,1.4615999999999998,1,1.4615999999999998,6.0,inf
250,4,0.16374504257737507,1.040962474586859,0.6152895986448584,1.4615999999999998,1,1.4615999999999998,6.0,inf
250,5,0.16374504257737507,1.040962474586859,0.6152895986448584,1.4615999999999998,1,1.4615999999999998,6.0,inf
251,0,2.888735099319404,0.5890015349546389,-1.3715846393409314,2.0724,1,2.0724,6.0,inf
251,1,2.888735099319404,0.5890015349546389,-1.3715846393409314,2.0724,1,2.0724,6.0,inf
251,2,2.888735099319404,0.5890015349546389,-1.3715846393409314,2.0724,1,2.0724,6.0,inf
251,3,2.888735099319404,0.5890015349546389,-1.3715846393409314,2.0724,1,2.0724,6.0,inf
251,4,2.888735099319404,0.5890015349546389,-1.3715846393409314,2.0724,1,2.0724,6.0,inf
251,5,2.888735099319404,0.5890015349546389,-1.3715846393409314,2.0724,1,2.0724,6.0,inf
252,0,-0.2553882244342235,0.7428766915322015,1.6362316665658099,1.0485,1,1.0485,6.0,inf
252,1,-0.2553882244342235,0.7428766915322015,1.6362316665658099,1.0485,1,1.0485,6.0,inf
252,2,-0.2553882244342235,0.7428766915322015,1.6362316665658099,1.0485,1,1.0485,6.0,inf
252,3,-0.2553882244342235,0.7428766915322015,1.6362316665658099,1.0485,1,1.0485,6.0,inf
252,4,-0.2553882244342235,0.7428766915322015,1.6362316665658099,1.0485,1,1.0485,6.0,inf
252,5,-0.2553882244342235,0.7428766915322015,1.6362316665658099,1.0485,1,1.0485,6.0,inf
253,0,1.5426775532977905,1.1720770633668354,1.687679971449427,1.0569,1,1.0569,6.0,inf
253,1,1.5426775532977905,1.1720770633668354,1.687679971449427,1.0569,1,1.0569,6.0,inf
253,2,1.5426775532977905,1.1720770633668354,1.687679971449427,1.0569,1,1.0569,6.0,inf
253,3,1.5426775532977905,1.1720770633668354,1.687679971449427,1.0569,1,1.0569,6.0,inf
253,4,1.5426775532977905,1.1720770633668354,1.687679971449427,1.0569,1,1.0569,6.0,inf
253,5,1.5426775532977905,1.1720770633668354,1.687679971449427,1.0569,1,1.0569,6.0,inf
254,0,-1.3527051180694951,0.3716767130739864,-1.0510467289155747,6.0,0,8.0001,6.0,inf
254,1,-1.3527051180694951,0.3716767130739864,-1.0510467289155747,6.0,0,8.0001,6.0,inf
254,2,-1.3527051180694951,0.3716767130739864,-1.0510467289155747,6.0,0,8.0001,6.0,inf
254,3,-1.3527051180694951,0.3716767130739864,-1.0510467289155747,6.0,0,8.0001,6.0,inf
254,4,-1.3527051180694951,0.3716767130739864,-1.0510467289155747,6.0,0,8.0001,6.0,inf
254,5,-1.3527051180694951,0.3716767130739864,-1.0510467289155747,6.0,0,8.0001,6.0,inf
255,0,1.0078409203859808,0.4471352123392468,-1.1920539004008746,3.1988999999999996,1,3.1988999999999996,6.0,inf
255,1,1.0078409203859808,0.4471352123392468,-1.1920539004008746,3.1988999999999996,1,3.1988999999999996,6.0,inf
255,2,1.0078409203859808,0.4471352123392468,-1.1920539004008746,3.1988999999999996,1,3.1988999999999996,6.0,inf
255,3,1.0078409203859808,0.4471352123392468,-1.1920539004008746,3.1988999999999996,1,3.1988999999999996,6.0,inf
255,4,1.0078409203859808,0.4471352123392468,-1.1920539004008746,3.1988999999999996,1,3.1988999999999996,6.0,inf
255,5,1.0078409203859808,0.4471352123392468,-1.1920539004008746,3.1988999999999996,1,3.1988999999999996,6.0,inf
256,0,-1.080531332771354,-1.6421532269390546,-0.6510899231453944,0.9903,1,0.9903,6.0,inf
256,1,-1.080531332771354,-1.6421532269390546,-0.6510899231453944,0.9903,1,0.9903,6.0,inf
256,2,-1.080531332771354,-1.6421532269390546,-0.6510899231453944,0.9903,1,0.9903,6.0,inf
256,3,-1.080531332771354,-1.6421532269390546,-0.6510899231453944,0.9903,1,0.9903,6.0,inf
256,4,-1.080531332771354,-1.6421532269390546,-0.6510899231453944,0.9903,1,0.9903,6.0,inf
256,5,-1.080531332771354,-1.6421532269390546,-0.6510899231453944,0.9903,1,0.9903,6.0,inf
257,0,-0.5568269798979611,-0.7452579152597371,0.23295546742435894,3.6906,1,3.6906,6.0,inf
257,1,-0.5568269798979611,-0.7452579152597371,0.23295546742435894,3.6906,1,3.6906,6.0,inf
257,2,-0.5568269798979611,-0.7452579152597371,0.23295546742435894,3.6906,1,3.6906,6.0,inf
257,3,-0.5568269798979611,-0.7452579152597371,0.23295546742435894,3.6906,1,3.6906,6.0,inf
257,4,-0.5568269798979611,-0.7452579152597371,0.23295546742435894,3.6906,1,3.6906,6.0,inf
257,5,-0.5568269798979611,-0.7452579152597371,0.23295546742435894,3.6906,1,3.6906,6.0,inf
258,0,-0.3700657936426376,-0.825317380440539,1.1149559941198457,2.3579999999999997,1,2.3579999999999997,6.0,inf
258,1,-0.3700657936426376,-0.825317380440539,1.1149559941198457,2.3579999999999997,1,2.3579999999999997,6.0,inf
258,2,-0.3700657936426376,-0.825317380440539,1.1149559941198457,2.3579999999999997,1,2.3579999999999997,6.0,inf
258,3,-0.3700657936426376,-0.825317380440539,1.1149559941198457,2.3579999999999997,1,2.3579999999999997,6.0,inf
258,4,-0.3700657936426376,-0.825317380440539,1.1149559941198457,2.3579999999999997,1,2.3579999999999997,6.0,inf
258,5,-0.3700657936426376,-0.825317380440539,1.1149559941198457,2.3579999999999997,1,2.3579999999999997,6.0,inf
259,0,0.8546566157126351,-0.312629492472209,0.2379254470857332,2.1563999999999997,1,2.1563999999999997,6.0,inf
259,1,0.8546566157126351,-0.312629492472209,0.2379254470857332,2.1563999999999997,1,2.1563999999999997,6.0,inf
259,2,0.8546566157126351,-0.312629492472209,0.2379254470857332,2.1563999999999997,1,2.1563999999999997,6.0,inf
259,3,0.8546566157126351,-0.312629492472209,0.2379254470857332,2.1563999999999997,1,2.1563999999999997,6.0,inf
259,4,0.8546566157126351,-0.312629492472209,0.2379254470857332,2.1563999999999997,1,2.1563999999999997,6.0,inf
259,5,0.8546566157126351,-0.312629492472209,0.2379254470857332,2.1563999999999997,1,2.1563999999999997,6.0,inf
260,0,-0.05772862247537434,-1.1001361965088727,1.5188808317306872,2.4099,1,2.4099,6.0,inf
260,1,-0.05772862247537434,-1.1001361965088727,1.5188808317306872,2.4099,1,2.4099,6.0,inf
260,2,-0.05772862247537434,-1.1001361965088727,1.5188808317306872,2.4099,1,2.4099,6.0,inf
260,3,-0.05772862247537434,-1.1001361965088727,1.5188808317306872,2.4099,1,2.4099,6.0,inf
260,4,-0.05772862247537434,-1.1001361965088727,1.5188808317306872,2.4099,1,2.4099,6.0,inf
260,5,-0.05772862247537434,-1.1001361965088727,1.5188808317306872,2.4099,1,2.4099,6.0,inf
261,0,0.4690872773225388,-0.5540966040651248,1.506893939525967,1.6754999999999998,1,1.6754999999999998,6.0,inf
261,1,0.4690872773225388,-0.5540966040651248,1.506893939525967,1.6754999999999998,1,1.6754999999999998,6.0,inf
261,2,0.4690872773225388,-0.5540966040651248,1.506893939525967,1.6754999999999998,1,1.6754999999999998,6.0,inf
261,3,0.4690872773225388,-0.5540966040651248,1.506893939525967,1.6754999999999998,1,1.6754999999999998,6.0,inf
261,4,0.4690872773225388,-0.5540966040651248,1.506893939525967,1.6754999999999998,1,1.6754999999999998,6.0,inf
261,5,0.4690872773225388,-0.5540966040651248,1.506893939525967,1.6754999999999998,1,1.6754999999999998,6.0,inf
262,0,-1.4388073875744516,-0.6993582203588661,-0.4437235437011129,6.0,0,7.1796,6.0,inf
262,1,-1.4388073875744516,-0.6993582203588661,-0.4437235437011129,6.0,0,7.1796,6.0,inf
262,2,-1.4388073875744516,-0.6993582203588661,-0.4437235437011129,6.0,0,7.1796,6.0,inf
262,3,-1.4388073875744516,-0.6993582203588661,-0.4437235437011129,6.0,0,7.1796,6.0,inf
262,4,-1.4388073875744516,-0.6993582203588661,-0.4437235437011129,6.0,0,7.1796,6.0,inf
262,5,-1.4388073875744516,-0.6993582203588661,-0.4437235437011129,6.0,0,7.1796,6.0,inf
263,0,0.6606264918508254,0.7908635257435396,0.5148314033665939,1.3875,1,1.3875,6.0,inf
263,1,0.6606264918508254,0.7908635257435396,0.5148314033665939,1.3875,1,1.3875,6.0,inf
263,2,0.6606264918508254,0.7908635257435396,0.5148314033665939,1.3875,1,1.3875,6.0,inf
263,3,0.6606264918508254,0.7908635257435396,0.5148314033665939,1.3875,1,1.3875,6.0,inf
263,4,0.6606264918508254,0.7908635257435396,0.5148314033665939,1.3875,1,1.3875,6.0,inf
263,5,0.6606264918508254,0.7908635257435396,0.5148314033665939,1.3875,1,1.3875,6.0,inf
264,0,1.3605271673133486,1.6259105375359617,0.647504222473987,1.1570999999999998,1,1.1570999999999998,6.0,inf
264,1,1.3605271673133486,1.6259105375359617,0.647504222473987,1.1570999999999998,1,1.1570999999999998,6.0,inf
264,2,1.3605271673133486,1.6259105375359617,0.647504222473987,1.1570999999999998,1,1.1570999999999998,6.0,inf
264,3,1.3605271673133486,1.6259105375359617,0.647504222473987,1.1570999999999998,1,1.1570999999999998,6.0,inf
264,4,1.3605271673133486,1.6259105375359617,0.647504222473987,1.1570999999999998,1,1.1570999999999998,6.0,inf
264,5,1.3605271673133486,1.6259105375359617,0.647504222473987,1.1570999999999998,1,1.1570999999999998,6.0,inf
265,0,-1.0651961903243616,0.017336671144459283,0.12743184951083578,3.7343999999999995,1,3.7343999999999995,6.0,inf
265,1,-1.0651961903243616,0.017336671144459283,0.12743184951083578,3.7343999999999995,1,3.7343999999999995,6.0,inf
265,2,-1.0651961903243616,0.017336671144459283,0.12743184951083578,3.7343999999999995,1,3.7343999999999995,6.0,inf
265,3,-1.0651961903243616,0.017336671144459283,0.12743184951083578,3.7343999999999995,1,3.7343999999999995,6.0,inf
265,4,-1.0651961903243616,0.017336671144459283,0.12743184951083578,3.7343999999999995,1,3.7343999999999995,6.0,inf
265,5,-1.0651961903243616,0.017336671144459283,0.12743184951083578,3.7343999999999995,1,3.7343999999999995,6.0,inf
266,0,0.4353274394520284,-1.2256490866671295,-0.10167569576669097,4.0512,1,4.0512,6.0,inf
266,1,0.4353274394520284,-1.2256490866671295,-0.10167569576669097,4.0512,1,4.0512,6.0,inf
266,2,0.4353274394520284,-1.2256490866671295,-0.10167569576669097,4.0512,1,4.0512,6.0,inf
266,3,0.4353274394520284,-1.2256490866671295,-0.10167569576669097,4.0512,1,4.0512,6.0,inf
266,4,0.4353274394520284,-1.2256490866671295,-0.10167569576669097,4.0512,1,4.0512,6.0,inf
266,5,0.4353274394520284,-1.2256490866671295,-0.10167569576669097,4.0512,1,4.0512,6.0,inf
267,0,1.4160140118242175,-0.604913330526675,-1.3175206920891769,3.0401999999999996,1,3.0401999999999996,6.0,inf
267,1,1.4160140118242175,-0.604913330526675,-1.3175206920891769,3.0401999999999996,1,3.0401999999999996,6.0,inf
267,2,1.4160140118242175,-0.604913330526675,-1.3175206920891769,3.0401999999999996,1,3.0401999999999996,6.0,inf
267,3,1.4160140118242175,-0.604913330526675,-1.3175206920891769,3.0401999999999996,1,3.0401999999999996,6.0,inf
267,4,1.4160140118242175,-0.604913330526675,-1.3175206920891769,3.0401999999999996,1,3.0401999999999996,6.0,inf
267,5,1.4160140118242175,-0.604913330526675,-1.3175206920891769,3.0401999999999996,1,3.0401999999999996,6.0,inf
268,0,-0.7690535476920453,0.2399130749632884,-1.4526668483960135,4.9635,1,4.9635,6.0,inf
268,1,-0.7690535476920453,0.2399130749632884,-1.4526668483960135,4.9635,1,4.9635,6.0,inf
268,2,-0.7690535476920453,0.2399130749632884,-1.4526668483960135,4.9635,1,4.9635,6.0,inf
268,3,-0.7690535476920453,0.2399130749632884,-1.4526668483960135,4.9635,1,4.9635,6.0,inf
268,4,-0.7690535476920453,0.2399130749632884,-1.4526668483960135,4.9635,1,4.9635,6.0,inf
268,5,-0.7690535476920453,0.2399130749632884,-1.4526668483960135,4.9635,1,4.9635,6.0,inf
269,0,0.8389435852865357,1.8021118651521315,-0.8295276435178615,0.7520999999999999,1,0.7520999999999999,6.0,inf
269,1,0.8389435852865357,1.8021118651521315,-0.8295276435178615,0.7520999999999999,1,0.7520999999999999,6.0,inf
269,2,0.8389435852865357,1.8021118651521315,-0.8295276435178615,0.7520999999999999,1,0.7520999999999999,6.0,inf
269,3,0.8389435852865357,1.8021118651521315,-0.8295276435178615,0.7520999999999999,1,0.7520999999999999,6.0,inf
269,4,0.8389435852865357,1.8021118651521315,-0.8295276435178615,0.7520999999999999,1,0.7520999999999999,6.0,inf
269,5,0.8389435852865357,1.8021118651521315,-0.8295276435178615,0.7520999999999999,1,0.7520999999999999,6.0,inf
270,0,0.328145125293198,0.4808452399768126,1.004972290966215,1.257,1,1.257,6.0,inf
270,1,0.328145125293198,0.4808452399768126,1.004972290966215,1.257,1,1.257,6.0,inf
270,2,0.328145125293198,0.4808452399768126,1.004972290966215,1.257,1,1.257,6.0,inf
270,3,0.328145125293198,0.4808452399768126,1.004972290966215,1.257,1,1.257,6.0,inf
270,4,0.328145125293198,0.4808452399768126,1.004972290966215,1.257,1,1.257,6.0,inf
270,5,0.328145125293198,0.4808452399768126,1.004972290966215,1.257,1,1.257,6.0,inf
271,0,-0.5482889202346368,0.2565876138435289,0.6837704253716974,0.5117999999999999,1,0.5117999999999999,6.0,inf
271,1,-0.5482889202346368,0.2565876138435289,0.6837704253716974,0.5117999999999999,1,0.5117999999999999,6.0,inf
271,2,-0.5482889202346368,0.2565876138435289,0.6837704253716974,0.5117999999999999,1,0.5117999999999999,6.0,inf
271,3,-0.5482889202346368,0.2565876138435289,0.6837704253716974,0.5117999999999999,1,0.5117999999999999,6.0,inf
271,4,-0.5482889202346368,0.2565876138435289,0.6837704253716974,0.5117999999999999,1,0.5117999999999999,6.0,inf
271,5,-0.5482889202346368,0.2565876138435289,0.6837704253716974,0.5117999999999999,1,0.5117999999999999,6.0,inf
272,0,-0.3929601794438887,0.051149796795687735,-1.7655492305270952,5.507999999999999,1,5.507999999999999,6.0,inf
272,1,-0.3929601794438887,0.051149796795687735,-1.7655492305270952,5.507999999999999,1,5.507999999999999,6.0,inf
272,2,-0.3929601794438887,0.051149796795687735,-1.7655492305270952,5.507999999999999,1,5.507999999999999,6.0,inf
272,3,-0.3929601794438887,0.051149796795687735,-1.7655492305270952,5.507999999999999,1,5.507999999999999,6.0,inf
272,4,-0.3929601794438887,0.051149796795687735,-1.7655492305270952,5.507999999999999,1,5.507999999999999,6.0,inf
272,5,-0.3929601794438887,0.051149796795687735,-1.7655492305270952,5.507999999999999,1,5.507999999999999,6.0,inf
273,0,0.2865784877919489,1.5198772922026176,-1.14660477689451,2.5871999999999997,1,2.5871999999999997,6.0,inf
273,1,0.2865784877919489,1.5198772922026176,-1.14660477689451,2.5871999999999997,1,2.5871999999999997,6.0,inf
273,2,0.2865784877919489,1.5198772922026176,-1.14660477689451,2.5871999999999997,1,2.5871999999999997,6.0,inf
273,3,0.2865784877919489,1.5198772922026176,-1.14660477689451,2.5871999999999997,1,2.5871999999999997,6.0,inf
273,4,0.2865784877919489,1.5198772922026176,-1.14660477689451,2.5871999999999997,1,2.5871999999999997,6.0,inf
273,5,0.2865784877919489,1.5198772922026176,-1.14660477689451,2.5871999999999997,1,2.5871999999999997,6.0,inf
274,0,-0.07633643285163126,1.3090095232773475,-0.6414018122592173,1.398,1,1.398,6.0,inf
274,1,-0.07633643285163126,1.3090095232773475,-0.6414018122592173,1.398,1,1.398,6.0,inf
274,2,-0.07633643285163126,1.3090095232773475,-0.6414018122592173,1.398,1,1.398,6.0,inf
274,3,-0.07633643285163126,1.3090095232773475,-0.6414018122592173,1.398,1,1.398,6.0,inf
274,4,-0.07633643285163126,1.3090095232773475,-0.6414018122592173,1.398,1,1.398,6.0,inf
274,5,-0.07633643285163126,1.3090095232773475,-0.6414018122592173,1.398,1,1.398,6.0,inf
275,0,1.2757667945831075,-1.6986987140963432,2.0772981198589453,2.1818999999999997,1,2.1818999999999997,6.0,inf
275,1,1.2757667945831075,-1.6986987140963432,2.0772981198589453,2.1818999999999997,1,2.1818999999999997,6.0,inf
275,2,1.2757667945831075,-1.6986987140963432,2.0772981198589453,2.1818999999999997,1,2.1818999999999997,6.0,inf
275,3,1.2757667945831075,-1.6986987140963432,2.0772981198589453,2.1818999999999997,1,2.1818999999999997,6.0,inf
275,4,1.2757667945831075,-1.6986987140963432,2.0772981198589453,2.1818999999999997,1,2.1818999999999997,6.0,inf
275,5,1.2757667945831075,-1.6986987140963432,2.0772981198589453,2.1818999999999997,1,2.1818999999999997,6.0,inf
276,0,0.010895647811841718,-0.4572222538634486,0.7244793073168194,1.8572999999999997,1,1.8572999999999997,6.0,inf
276,1,0.010895647811841718,-0.4572222538634486,0.7244793073168194,1.8572999999999997,1,1.8572999999999997,6.0,inf
276,2,0.010895647811841718,-0.4572222538634486,0.7244793073168194,1.8572999999999997,1,1.8572999999999997,6.0,inf
276,3,0.010895647811841718,-0.4572222538634486,0.7244793073168194,1.8572999999999997,1,1.8572999999999997,6.0,inf
276,4,0.010895647811841718,-0.4572222538634486,0.7244793073168194,1.8572999999999997,1,1.8572999999999997,6.0,inf
276,5,0.010895647811841718,-0.4572222538634486,0.7244793073168194,1.8572999999999997,1,1.8572999999999997,6.0,inf
277,0,-0.2516326184171291,0.32741499436313043,-0.5528597747158298,3.8547,1,3.8547,6.0,inf
277,1,-0.2516326184171291,0.32741499436313043,-0.5528597747158298,3.8547,1,3.8547,6.0,inf
277,2,-0.2516326184171291,0.32741499436313043,-0.5528597747158298,3.8547,1,3.8547,6.0,inf
277,3,-0.2516326184171291,0.32741499436313043,-0.5528597747158298,3.8547,1,3.8547,6.0,inf
277,4,-0.2516326184171291,0.32741499436313043,-0.5528597747158298,3.8547,1,3.8547,6.0,inf
277,5,-0.2516326184171291,0.32741499436313043,-0.5528597747158298,3.8547,1,3.8547,6.0,inf
278,0,-1.0600554207946487,1.7453252258108183,-0.08384232460836134,1.6262999999999999,1,1.6262999999999999,6.0,inf
278,1,-1.0600554207946487,1.7453252258108183,-0.08384232460836134,1.6262999999999999,1,1.6262999999999999,6.0,inf
278,2,-1.0600554207946487,1.7453252258108183,-0.08384232460836134,1.6262999999999999,1,1.6262999999999999,6.0,inf
278,3,-1.0600554207946487,1.7453252258108183,-0.08384232460836134,1.6262999999999999,1,1.6262999999999999,6.0,inf
278,4,-1.0600554207946487,1.7453252258108183,-0.08384232460836134,1.6262999999999999,1,1.6262999999999999,6.0,inf
278,5,-1.0600554207946487,1.7453252258108183,-0.08384232460836134,1.6262999999999999,1,1.6262999999999999,6.0,inf
279,0,0.2856914183230141,0.013489896730207002,-0.5173404920430883,2.4825,1,2.4825,6.0,inf
279,1,0.2856914183230141,0.013489896730207002,-0.5173404920430883,2.4825,1,2.4825,6.0,inf
279,2,0.2856914183230141,0.013489896730207002,-0.5173404920430883,2.4825,1,2.4825,6.0,inf
279,3,0.2856914183230141,0.013489896730207002,-0.5173404920430883,2.4825,1,2.4825,6.0,inf
279,4,0.2856914183230141,0.013489896730207002,-0.5173404920430883,2.4825,1,2.4825,6.0,inf
279,5,0.2856914183230141,0.013489896730207002,-0.5173404920430883,2.4825,1,2.4825,6.0,inf
280,0,-0.6587818574919163,-0.3747868924676623,-0.13519002302451866,3.7562999999999995,1,3.7562999999999995,6.0,inf
280,1,-0.6587818574919163,-0.3747868924676623,-0.13519002302451866,3.7562999999999995,1,3.7562999999999995,6.0,inf
280,2,-0.6587818574919163,-0.3747868924676623,-0.13519002302451866,3.7562999999999995,1,3.7562999999999995,6.0,inf
280,3,-0.6587818574919163,-0.3747868924676623,-0.13519002302451866,3.7562999999999995,1,3.7562999999999995,6.0,inf
280,4,-0.6587818574919163,-0.3747868924676623,-0.13519002302451866,3.7562999999999995,1,3.7562999999999995,6.0,inf
280,5,-0.6587818574919163,-0.3747868924676623,-0.13519002302451866,3.7562999999999995,1,3.7562999999999995,6.0,inf
281,0,-1.8633271136722471,-1.2559595578217266,-1.2226475977505735,6.0,0,8.0001,6.0,inf
281,1,-1.8633271136722471,-1.2559595578217266,-1.2226475977505735,6.0,0,8.0001,6.0,inf
281,2,-1.8633271136722471,-1.2559595578217266,-1.2226475977505735,6.0,0,8.0001,6.0,inf
281,3,-1.8633271136722471,-1.2559595578217266,-1.2226475977505735,6.0,0,8.0001,6.0,inf
281,4,-1.8633271136722471,-1.2559595578217266,-1.2226475977505735,6.0,0,8.0001,6.0,inf
281,5,-1.8633271136722471,-1.2559595578217266,-1.2226475977505735,6.0,0,8.0001,6.0,inf
282,0,2.6496144147185436,-0.9276666600041993,0.10043448686277757,2.0538,1,2.0538,6.0,inf
282,1,2.6496144147185436,-0.9276666600041993,0.10043448686277757,2.0538,1,2.0538,6.0,inf
282,2,2.6496144147185436,-0.9276666600041993,0.10043448686277757,2.0538,1,2.0538,6.0,inf
282,3,2.6496144147185436,-0.9276666600041993,0.10043448686277757,2.0538,1,2.0538,6.0,inf
282,4,2.6496144147185436,-0.9276666600041993,0.10043448686277757,2.0538,1,2.0538,6.0,inf
282,5,2.6496144147185436,-0.9276666600041993,0.10043448686277757,2.0538,1,2.0538,6.0,inf
283,0,1.4047215416812293,-0.4668184420660785,-0.7555210891811258,0.9863999999999999,1,0.9863999999999999,6.0,inf
283,1,1.4047215416812293,-0.4668184420660785,-0.7555210891811258,0.9863999999999999,1,0.9863999999999999,6.0,inf
283,2,1.4047215416812293,-0.4668184420660785,-0.7555210891811258,0.9863999999999999,1,0.9863999999999999,6.0,inf
283,3,1.4047215416812293,-0.4668184420660785,-0.7555210891811258,0.9863999999999999,1,0.9863999999999999,6.0,inf
283,4,1.4047215416812293,-0.4668184420660785,-0.7555210891811258,0.9863999999999999,1,0.9863999999999999,6.0,inf
283,5,1.4047215416812293,-0.4668184420660785,-0.7555210891811258,0.9863999999999999,1,0.9863999999999999,6.0,inf
284,0,1.1058218665755035,-1.3713739612171638,-0.7692752371998581,4.0142999999999995,1,4.0142999999999995,6.0,inf
284,1,1.1058218665755035,-1.3713739612171638,-0.7692752371998581,4.0142999999999995,1,4.0142999999999995,6.0,inf
284,2,1.1058218665755035,-1.3713739612171638,-0.7692752371998581,4.0142999999999995,1,4.0142999999999995,6.0,inf
284,3,1.1058218665755035,-1.3713739612171638,-0.7692752371998581,4.0142999999999995,1,4.0142999999999995,6.0,inf
284,4,1.1058218665755035,-1.3713739612171638,-0.7692752371998581,4.0142999999999995,1,4.0142999999999995,6.0,inf
284,5,1.1058218665755035,-1.3713739612171638,-0.7692752371998581,4.0142999999999995,1,4.0142999999999995,6.0,inf
285,0,-1.0336040004270326,0.0730617558116998,0.22573614602215664,4.4979,1,4.4979,6.0,inf
285,1,-1.0336040004270326,0.0730617558116998,0.22573614602215664,4.4979,1,4.4979,6.0,inf
285,2,-1.0336040004270326,0.0730617558116998,0.22573614602215664,4.4979,1,4.4979,6.0,inf
285,3,-1.0336040004270326,0.0730617558116998,0.22573614602215664,4.4979,1,4.4979,6.0,inf
285,4,-1.0336040004270326,0.0730617558116998,0.22573614602215664,4.4979,1,4.4979,6.0,inf
285,5,-1.0336040004270326,0.0730617558116998,0.22573614602215664,4.4979,1,4.4979,6.0,inf
286,0,0.5097339171639248,-1.1651656369028967,-0.8154154008399382,5.034,1,5.034,6.0,inf
286,1,0.5097339171639248,-1.1651656369028967,-0.8154154008399382,5.034,1,5.034,6.0,inf
286,2,0.5097339171639248,-1.1651656369028967,-0.8154154008399382,5.034,1,5.034,6.0,inf
286,3,0.5097339171639248,-1.1651656369028967,-0.8154154008399382,5.034,1,5.034,6.0,inf
286,4,0.5097339171639248,-1.1651656369028967,-0.8154154008399382,5.034,1,5.034,6.0,inf
286,5,0.5097339171639248,-1.1651656369028967,-0.8154154008399382,5.034,1,5.034,6.0,inf
287,0,0.4274676788425587,0.8733673954790767,0.34111218063607845,1.476,1,1.476,6.0,inf
287,1,0.4274676788425587,0.8733673954790767,0.34111218063607845,1.476,1,1.476,6.0,inf
287,2,0.4274676788425587,0.8733673954790767,0.34111218063607845,1.476,1,1.476,6.0,inf
287,3,0.4274676788425587,0.8733673954790767,0.34111218063607845,1.476,1,1.476,6.0,inf
287,4,0.4274676788425587,0.8733673954790767,0.34111218063607845,1.476,1,1.476,6.0,inf
287,5,0.4274676788425587,0.8733673954790767,0.34111218063607845,1.476,1,1.476,6.0,inf
288,0,0.8916821119513338,-0.4858034050322701,-0.627330943455642,3.5279999999999996,1,3.5279999999999996,6.0,inf
288,1,0.8916821119513338,-0.4858034050322701,-0.627330943455642,3.5279999999999996,1,3.5279999999999996,6.0,inf
288,2,0.8916821119513338,-0.4858034050322701,-0.627330943455642,3.5279999999999996,1,3.5279999999999996,6.0,inf
288,3,0.8916821119513338,-0.4858034050322701,-0.627330943455642,3.5279999999999996,1,3.5279999999999996,6.0,inf
288,4,0.8916821119513338,-0.4858034050322701,-0.627330943455642,3.5279999999999996,1,3.5279999999999996,6.0,inf
288,5,0.8916821119513338,-0.4858034050322701,-0.627330943455642,3.5279999999999996,1,3.5279999999999996,6.0,inf
289,0,-0.8603302137739697,0.08085649394656508,1.6531458552437113,1.5479999999999998,1,1.5479999999999998,6.0,inf
289,1,-0.8603302137739697,0.08085649394656508,1.6531458552437113,1.5479999999999998,1,1.5479999999999998,6.0,inf
289,2,-0.8603302137739697,0.08085649394656508,1.6531458552437113,1.5479999999999998,1,1.5479999999999998,6.0,inf
289,3,-0.8603302137739697,0.08085649394656508,1.6531458552437113,1.5479999999999998,1,1.5479999999999998,6.0,inf
289,4,-0.8603302137739697,0.08085649394656508,1.6531458552437113,1.5479999999999998,1,1.5479999999999998,6.0,inf
289,5,-0.8603302137739697,0.08085649394656508,1.6531458552437113,1.5479999999999998,1,1.5479999999999998,6.0,inf
290,0,-0.012272788840898021,-1.5619425655515267,-0.7573671032552292,6.0,0,6.036599999999999,6.0,inf
290,1,-0.012272788840898021,-1.5619425655515267,-0.7573671032552292,6.0,0,6.036599999999999,6.0,inf
290,2,-0.012272788840898021,-1.5619425655515267,-0.7573671032552292,6.0,0,6.036599999999999,6.0,inf
290,3,-0.012272788840898021,-1.5619425655515267,-0.7573671032552292,6.0,0,6.036599999999999,6.0,inf
290,4,-0.012272788840898021,-1.5619425655515267,-0.7573671032552292,6.0,0,6.036599999999999,6.0,inf
290,5,-0.012272788840898021,-1.5619425655515267,-0.7573671032552292,6.0,0,6.036599999999999,6.0,inf
291,0,0.8432951846854404,1.6402051162939801,-2.4011197777633524,3.4361999999999995,1,3.4361999999999995,6.0,inf
291,1,0.8432951846854404,1.6402051162939801,-2.4011197777633524,3.4361999999999995,1,3.4361999999999995,6.0,inf
291,2,0.8432951846854404,1.6402051162939801,-2.4011197777633524,3.4361999999999995,1,3.4361999999999995,6.0,inf
291,3,0.8432951846854404,1.6402051162939801,-2.4011197777633524,3.4361999999999995,1,3.4361999999999995,6.0,inf
291,4,0.8432951846854404,1.6402051162939801,-2.4011197777633524,3.4361999999999995,1,3.4361999999999995,6.0,inf
291,5,0.8432951846854404,1.6402051162939801,-2.4011197777633524,3.4361999999999995,1,3.4361999999999995,6.0,inf
292,0,-0.3096219161854701,-0.8755902023458051,-1.4422998854333464,6.0,0,6.803699999999999,6.0,inf
292,1,-0.3096219161854701,-0.8755902023458051,-1.4422998854333464,6.0,0,6.803699999999999,6.0,inf
292,2,-0.3096219161854701,-0.8755902023458051,-1.4422998854333464,6.0,0,6.803699999999999,6.0,inf
292,3,-0.3096219161854701,-0.8755902023458051,-1.4422998854333464,6.0,0,6.803699999999999,6.0,inf
292,4,-0.3096219161854701,-0.8755902023458051,-1.4422998854333464,6.0,0,6.803699999999999,6.0,inf
292,5,-0.3096219161854701,-0.8755902023458051,-1.4422998854333464,6.0,0,6.803699999999999,6.0,inf
293,0,0.11487589736021486,2.0791706099367206,0.04697569667458317,0.8558999999999999,1,0.8558999999999999,6.0,inf
293,1,0.11487589736021486,2.0791706099367206,0.04697569667458317,0.8558999999999999,1,0.8558999999999999,6.0,inf
293,2,0.11487589736021486,2.0791706099367206,0.04697569667458317,0.8558999999999999,1,0.8558999999999999,6.0,inf
293,3,0.11487589736021486,2.0791706099367206,0.04697569667458317,0.8558999999999999,1,0.8558999999999999,6.0,inf
293,4,0.11487589736021486,2.0791706099367206,0.04697569667458317,0.8558999999999999,1,0.8558999999999999,6.0,inf
293,5,0.11487589736021486,2.0791706099367206,0.04697569667458317,0.8558999999999999,1,0.8558999999999999,6.0,inf
294,0,-1.284785797058314,-0.8241227391956555,-0.7530140457475184,6.0,0,8.0001,6.0,inf
294,1,-1.284785797058314,-0.8241227391956555,-0.7530140457475184,6.0,0,8.0001,6.0,inf
294,2,-1.284785797058314,-0.8241227391956555,-0.7530140457475184,6.0,0,8.0001,6.0,inf
294,3,-1.284785797058314,-0.8241227391956555,-0.7530140457475184,6.0,0,8.0001,6.0,inf
294,4,-1.284785797058314,-0.8241227391956555,-0.7530140457475184,6.0,0,8.0001,6.0,inf
294,5,-1.284785797058314,-0.8241227391956555,-0.7530140457475184,6.0,0,8.0001,6.0,inf
295,0,-0.1270488343810904,1.0097084950313797,-0.975057250807588,3.4635,1,3.4635,6.0,inf
295,1,-0.1270488343810904,1.0097084950313797,-0.975057250807588,3.4635,1,3.4635,6.0,inf
295,2,-0.1270488343810904,1.0097084950313797,-0.975057250807588,3.4635,1,3.4635,6.0,inf
295,3,-0.1270488343810904,1.0097084950313797,-0.975057250807588,3.4635,1,3.4635,6.0,inf
295,4,-0.1270488343810904,1.0097084950313797,-0.975057250807588,3.4635,1,3.4635,6.0,inf
295,5,-0.1270488343810904,1.0097084950313797,-0.975057250807588,3.4635,1,3.4635,6.0,inf
296,0,-0.448463806327509,0.3057163827672802,0.7119155410745612,1.9130999999999998,1,1.9130999999999998,6.0,inf
296,1,-0.448463806327509,0.3057163827672802,0.7119155410745612,1.9130999999999998,1,1.9130999999999998,6.0,inf
296,2,-0.448463806327509,0.3057163827672802,0.7119155410745612,1.9130999999999998,1,1.9130999999999998,6.0,inf
296,3,-0.448463806327509,0.3057163827672802,0.7119155410745612,1.9130999999999998,1,1.9130999999999998,6.0,inf
296,4,-0.448463806327509,0.3057163827672802,0.7119155410745612,1.9130999999999998,1,1.9130999999999998,6.0,inf
296,5,-0.448463806327509,0.3057163827672802,0.7119155410745612,1.9130999999999998,1,1.9130999999999998,6.0,inf
297,0,1.911798819622705,0.5975688173619398,-0.952694078378541,2.1614999999999998,1,2.1614999999999998,6.0,inf
297,1,1.911798819622705,0.5975688173619398,-0.952694078378541,2.1614999999999998,1,2.1614999999999998,6.0,inf
297,2,1.911798819622705,0.5975688173619398,-0.952694078378541,2.1614999999999998,1,2.1614999999999998,6.0,inf
297,3,1.911798819622705,0.5975688173619398,-0.952694078378541,2.1614999999999998,1,2.1614999999999998,6.0,inf
297,4,1.911798819622705,0.5975688173619398,-0.952694078378541,2.1614999999999998,1,2.1614999999999998,6.0,inf
297,5,1.911798819622705,0.5975688173619398,-0.952694078378541,2.1614999999999998,1,2.1614999999999998,6.0,inf
298,0,0.5203681314964672,-0.8839036315678913,1.7444122701642244,1.4795999999999998,1,1.4795999999999998,6.0,inf
298,1,0.5203681314964672,-0.8839036315678913,1.7444122701642244,1.4795999999999998,1,1.4795999999999998,6.0,inf
298,2,0.5203681314964672,-0.8839036315678913,1.7444122701642244,1.4795999999999998,1,1.4795999999999998,6.0,inf
298,3,0.5203681314964672,-0.8839036315678913,1.7444122701642244,1.4795999999999998,1,1.4795999999999998,6.0,inf
298,4,0.5203681314964672,-0.8839036315678913,1.7444122701642244,1.4795999999999998,1,1.4795999999999998,6.0,inf
298,5,0.5203681314964672,-0.8839036315678913,1.7444122701642244,1.4795999999999998,1,1.4795999999999998,6.0,inf
299,0,1.0214870245009682,2.162862464448741,-0.35410346684687166,0.7926,1,0.7926,6.0,inf
299,1,1.0214870245009682,2.162862464448741,-0.35410346684687166,0.7926,1,0.7926,6.0,inf
299,2,1.0214870245009682,2.162862464448741,-0.35410346684687166,0.7926,1,0.7926,6.0,inf
299,3,1.0214870245009682,2.162862464448741,-0.35410346684687166,0.7926,1,0.7926,6.0,inf
299,4,1.0214870245009682,2.162862464448741,-0.35410346684687166,0.7926,1,0.7926,6.0,inf
299,5,1.0214870245009682,2.162862464448741,-0.35410346684687166,0.7926,1,0.7926,6.0,inf
300,0,0.8365502327166315,-0.1073900558854387,-0.30910486462408016,2.1729,1,2.1729,6.0,inf
300,1,0.8365502327166315,-0.1073900558854387,-0.30910486462408016,2.1729,1,2.1729,6.0,inf
300,2,0.8365502327166315,-0.1073900558854387,-0.30910486462408016,2.1729,1,2.1729,6.0,inf
300,3,0.8365502327166315,-0.1073900558854387,-0.30910486462408016,2.1729,1,2.1729,6.0,inf
300,4,0.8365502327166315,-0.1073900558854387,-0.30910486462408016,2.1729,1,2.1729,6.0,inf
300,5,0.8365502327166315,-0.1073900558854387,-0.30910486462408016,2.1729,1,2.1729,6.0,inf
301,0,1.101135165359718,-0.4565349288456672,0.17084447436066674,1.3719,1,1.3719,6.0,inf
301,1,1.101135165359718,-0.4565349288456672,0.17084447436066674,1.3719,1,1.3719,6.0,inf
301,2,1.101135165359718,-0.4565349288456672,0.17084447436066674,1.3719,1,1.3719,6.0,inf
301,3,1.101135165359718,-0.4565349288456672,0.17084447436066674,1.3719,1,1.3719,6.0,inf
301,4,1.101135165359718,-0.4565349288456672,0.17084447436066674,1.3719,1,1.3719,6.0,inf
301,5,1.101135165359718,-0.4565349288456672,0.17084447436066674,1.3719,1,1.3719,6.0,inf
302,0,1.0548193141900741,-0.7168500775106222,-1.0476298817960155,4.091399999999999,1,4.091399999999999,6.0,inf
302,1,1.0548193141900741,-0.7168500775106222,-1.0476298817960155,4.091399999999999,1,4.091399999999999,6.0,inf
302,2,1.0548193141900741,-0.7168500775106222,-1.0476298817960155,4.091399999999999,1,4.091399999999999,6.0,inf
302,3,1.0548193141900741,-0.7168500775106222,-1.0476298817960155,4.091399999999999,1,4.091399999999999,6.0,inf
302,4,1.0548193141900741,-0.7168500775106222,-1.0476298817960155,4.091399999999999,1,4.091399999999999,6.0,inf
302,5,1.0548193141900741,-0.7168500775106222,-1.0476298817960155,4.091399999999999,1,4.091399999999999,6.0,inf
303,0,-0.7462178003014233,-1.47102316140191,1.1116341405338412,3.7385999999999995,1,3.7385999999999995,6.0,inf
303,1,-0.7462178003014233,-1.47102316140191,1.1116341405338412,3.7385999999999995,1,3.7385999999999995,6.0,inf
303,2,-0.7462178003014233,-1.47102316140191,1.1116341405338412,3.7385999999999995,1,3.7385999999999995,6.0,inf
303,3,-0.7462178003014233,-1.47102316140191,1.1116341405338412,3.7385999999999995,1,3.7385999999999995,6.0,inf
303,4,-0.7462178003014233,-1.47102316140191,1.1116341405338412,3.7385999999999995,1,3.7385999999999995,6.0,inf
303,5,-0.7462178003014233,-1.47102316140191,1.1116341405338412,3.7385999999999995,1,3.7385999999999995,6.0,inf
304,0,0.15904212392324676,-0.6468024483276217,-0.2526399639300413,1.4993999999999998,1,1.4993999999999998,6.0,inf
304,1,0.15904212392324676,-0.6468024483276217,-0.2526399639300413,1.4993999999999998,1,1.4993999999999998,6.0,inf
304,2,0.15904212392324676,-0.6468024483276217,-0.2526399639300413,1.4993999999999998,1,1.4993999999999998,6.0,inf
304,3,0.15904212392324676,-0.6468024483276217,-0.2526399639300413,1.4993999999999998,1,1.4993999999999998,6.0,inf
304,4,0.15904212392324676,-0.6468024483276217,-0.2526399639300413,1.4993999999999998,1,1.4993999999999998,6.0,inf
304,5,0.15904212392324676,-0.6468024483276217,-0.2526399639300413,1.4993999999999998,1,1.4993999999999998,6.0,inf
305,0,1.4575956808544823,0.01804528041446169,0.6007423338813419,1.0094999999999998,1,1.0094999999999998,6.0,inf
305,1,1.4575956808544823,0.01804528041446169,0.6007423338813419,1.0094999999999998,1,1.0094999999999998,6.0,inf
305,2,1.4575956808544823,0.01804528041446169,0.6007423338813419,1.0094999999999998,1,1.0094999999999998,6.0,inf
305,3,1.4575956808544823,0.01804528041446169,0.6007423338813419,1.0094999999999998,1,1.0094999999999998,6.0,inf
305,4,1.4575956808544823,0.01804528041446169,0.6007423338813419,1.0094999999999998,1,1.0094999999999998,6.0,inf
305,5,1.4575956808544823,0.01804528041446169,0.6007423338813419,1.0094999999999998,1,1.0094999999999998,6.0,inf
306,0,0.42356039803027734,0.5833499865656326,0.001264356960251563,0.6192,1,0.6192,6.0,inf
306,1,0.42356039803027734,0.5833499865656326,0.001264356960251563,0.6192,1,0.6192,6.0,inf
306,2,0.42356039803027734,0.5833499865656326,0.001264356960251563,0.6192,1,0.6192,6.0,inf
306,3,0.42356039803027734,0.5833499865656326,0.001264356960251563,0.6192,1,0.6192,6.0,inf
306,4,0.42356039803027734,0.5833499865656326,0.001264356960251563,0.6192,1,0.6192,6.0,inf
306,5,0.42356039803027734,0.5833499865656326,0.001264356960251563,0.6192,1,0.6192,6.0,inf
307,0,0.1605672714311285,2.3584295868300025,0.7907616840686473,0.597,1,0.597,6.0,inf
307,1,0.1605672714311285,2.3584295868300025,0.7907616840686473,0.597,1,0.597,6.0,inf
307,2,0.1605672714311285,2.3584295868300025,0.7907616840686473,0.597,1,0.597,6.0,inf
307,3,0.1605672714311285,2.3584295868300025,0.7907616840686473,0.597,1,0.597,6.0,inf
307,4,0.1605672714311285,2.3584295868300025,0.7907616840686473,0.597,1,0.597,6.0,inf
307,5,0.1605672714311285,2.3584295868300025,0.7907616840686473,0.597,1,0.597,6.0,inf
308,0,-1.3829553971521806,0.32400241614616765,1.4058978553343329,2.6201999999999996,1,2.6201999999999996,6.0,inf
308,1,-1.3829553971521806,0.32400241614616765,1.4058978553343329,2.6201999999999996,1,2.6201999999999996,6.0,inf
308,2,-1.3829553971521806,0.32400241614616765,1.4058978553343329,2.6201999999999996,1,2.6201999999999996,6.0,inf
308,3,-1.3829553971521806,0.32400241614616765,1.4058978553343329,2.6201999999999996,1,2.6201999999999996,6.0,inf
308,4,-1.3829553971521806,0.32400241614616765,1.4058978553343329,2.6201999999999996,1,2.6201999999999996,6.0,inf
308,5,-1.3829553971521806,0.32400241614616765,1.4058978553343329,2.6201999999999996,1,2.6201999999999996,6.0,inf
309,0,-0.34906388709311514,0.3868497224328883,0.2431793461923802,3.0732,1,3.0732,6.0,inf
309,1,-0.34906388709311514,0.3868497224328883,0.2431793461923802,3.0732,1,3.0732,6.0,inf
309,2,-0.34906388709311514,0.3868497224328883,0.2431793461923802,3.0732,1,3.0732,6.0,inf
309,3,-0.34906388709311514,0.3868497224328883,0.2431793461923802,3.0732,1,3.0732,6.0,inf
309,4,-0.34906388709311514,0.3868497224328883,0.2431793461923802,3.0732,1,3.0732,6.0,inf
309,5,-0.34906388709311514,0.3868497224328883,0.2431793461923802,3.0732,1,3.0732,6.0,inf
310,0,-0.6935720181236956,-0.1517171389542404,0.6784917802440903,0.6275999999999999,1,0.6275999999999999,6.0,inf
310,1,-0.6935720181236956,-0.1517171389542404,0.6784917802440903,0.6275999999999999,1,0.6275999999999999,6.0,inf
310,2,-0.6935720181236956,-0.1517171389542404,0.6784917802440903,0.6275999999999999,1,0.6275999999999999,6.0,inf
310,3,-0.6935720181236956,-0.1517171389542404,0.6784917802440903,0.6275999999999999,1,0.6275999999999999,6.0,inf
310,4,-0.6935720181236956,-0.1517171389542404,0.6784917802440903,0.6275999999999999,1,0.6275999999999999,6.0,inf
310,5,-0.6935720181236956,-0.1517171389542404,0.6784917802440903,0.6275999999999999,1,0.6275999999999999,6.0,inf
311,0,1.820215212172357,0.7156331685404822,-0.10437401251182218,1.2792,1,1.2792,6.0,inf
311,1,1.820215212172357,0.7156331685404822,-0.10437401251182218,1.2792,1,1.2792,6.0,inf
311,2,1.820215212172357,0.7156331685404822,-0.10437401251182218,1.2792,1,1.2792,6.0,inf
311,3,1.820215212172357,0.7156331685404822,-0.10437401251182218,1.2792,1,1.2792,6.0,inf
311,4,1.820215212172357,0.7156331685404822,-0.10437401251182218,1.2792,1,1.2792,6.0,inf
311,5,1.820215212172357,0.7156331685404822,-0.10437401251182218,1.2792,1,1.2792,6.0,inf
312,0,-1.881436104430728,-0.6858232523005688,1.4966426616933077,3.5378999999999996,1,3.5378999999999996,6.0,inf
312,1,-1.881436104430728,-0.6858232523005688,1.4966426616933077,3.5378999999999996,1,3.5378999999999996,6.0,inf
312,2,-1.881436104430728,-0.6858232523005688,1.4966426616933077,3.5378999999999996,1,3.5378999999999996,6.0,inf
312,3,-1.881436104430728,-0.6858232523005688,1.4966426616933077,3.5378999999999996,1,3.5378999999999996,6.0,inf
312,4,-1.881436104430728,-0.6858232523005688,1.4966426616933077,3.5378999999999996,1,3.5378999999999996,6.0,inf
312,5,-1.881436104430728,-0.6858232523005688,1.4966426616933077,3.5378999999999996,1,3.5378999999999996,6.0,inf
313,0,1.0207369337850634,-1.2561457375201992,1.7432720105984871,2.0606999999999998,1,2.0606999999999998,6.0,inf
313,1,1.0207369337850634,-1.2561457375201992,1.7432720105984871,2.0606999999999998,1,2.0606999999999998,6.0,inf
313,2,1.0207369337850634,-1.2561457375201992,1.7432720105984871,2.0606999999999998,1,2.0606999999999998,6.0,inf
313,3,1.0207369337850634,-1.2561457375201992,1.7432720105984871,2.0606999999999998,1,2.0606999999999998,6.0,inf
313,4,1.0207369337850634,-1.2561457375201992,1.7432720105984871,2.0606999999999998,1,2.0606999999999998,6.0,inf
313,5,1.0207369337850634,-1.2561457375201992,1.7432720105984871,2.0606999999999998,1,2.0606999999999998,6.0,inf
314,0,-0.5236666961719545,-1.4266555290065706,-1.0569562487723876,6.0,0,7.3104,6.0,inf
314,1,-0.5236666961719545,-1.4266555290065706,-1.0569562487723876,6.0,0,7.3104,6.0,inf
314,2,-0.5236666961719545,-1.4266555290065706,-1.0569562487723876,6.0,0,7.3104,6.0,inf
314,3,-0.5236666961719545,-1.4266555290065706,-1.0569562487723876,6.0,0,7.3104,6.0,inf
314,4,-0.5236666961719545,-1.4266555290065706,-1.0569562487723876,6.0,0,7.3104,6.0,inf
314,5,-0.5236666961719545,-1.4266555290065706,-1.0569562487723876,6.0,0,7.3104,6.0,inf
315,0,-1.0717765114648803,0.013185448179793956,-0.8164164245391384,6.0,0,7.004999999999999,6.0,inf
315,1,-1.0717765114648803,0.013185448179793956,-0.8164164245391384,6.0,0,7.004999999999999,6.0,inf
315,2,-1.0717765114648803,0.013185448179793956,-0.8164164245391384,6.0,0,7.004999999999999,6.0,inf
315,3,-1.0717765114648803,0.013185448179793956,-0.8164164245391384,6.0,0,7.004999999999999,6.0,inf
315,4,-1.0717765114648803,0.013185448179793956,-0.8164164245391384,6.0,0,7.004999999999999,6.0,inf
315,5,-1.0717765114648803,0.013185448179793956,-0.8164164245391384,6.0,0,7.004999999999999,6.0,inf
316,0,1.0566274647604217,0.34467398497834606,-0.09868435400728506,2.2872,1,2.2872,6.0,inf
316,1,1.0566274647604217,0.34467398497834606,-0.09868435400728506,2.2872,1,2.2872,6.0,inf
316,2,1.0566274647604217,0.34467398497834606,-0.09868435400728506,2.2872,1,2.2872,6.0,inf
316,3,1.0566274647604217,0.34467398497834606,-0.09868435400728506,2.2872,1,2.2872,6.0,inf
316,4,1.0566274647604217,0.34467398497834606,-0.09868435400728506,2.2872,1,2.2872,6.0,inf
316,5,1.0566274647604217,0.34467398497834606,-0.09868435400728506,2.2872,1,2.2872,6.0,inf
317,0,1.3305718464960254,-0.7251694581813632,-0.9544061948902332,2.3594999999999997,1,2.3594999999999997,6.0,inf
317,1,1.3305718464960254,-0.7251694581813632,-0.9544061948902332,2.3594999999999997,1,2.3594999999999997,6.0,inf
317,2,1.3305718464960254,-0.7251694581813632,-0.9544061948902332,2.3594999999999997,1,2.3594999999999997,6.0,inf
317,3,1.3305718464960254,-0.7251694581813632,-0.9544061948902332,2.3594999999999997,1,2.3594999999999997,6.0,inf
317,4,1.3305718464960254,-0.7251694581813632,-0.9544061948902332,2.3594999999999997,1,2.3594999999999997,6.0,inf
317,5,1.3305718464960254,-0.7251694581813632,-0.9544061948902332,2.3594999999999997,1,2.3594999999999997,6.0,inf
318,0,0.3699344216376484,0.034575219714248866,0.04312236955299139,2.1126,1,2.1126,6.0,inf
318,1,0.3699344216376484,0.034575219714248866,0.04312236955299139,2.1126,1,2.1126,6.0,inf
318,2,0.3699344216376484,0.034575219714248866,0.04312236955299139,2.1126,1,2.1126,6.0,inf
318,3,0.3699344216376484,0.034575219714248866,0.04312236955299139,2.1126,1,2.1126,6.0,inf
318,4,0.3699344216376484,0.034575219714248866,0.04312236955299139,2.1126,1,2.1126,6.0,inf
318,5,0.3699344216376484,0.034575219714248866,0.04312236955299139,2.1126,1,2.1126,6.0,inf
319,0,-0.30062621042079,-0.17107376272506958,0.31506120992771347,4.0233,1,4.0233,6.0,inf
319,1,-0.30062621042079,-0.17107376272506958,0.31506120992771347,4.0233,1,4.0233,6.0,inf
319,2,-0.30062621042079,-0.17107376272506958,0.31506120992771347,4.0233,1,4.0233,6.0,inf
319,3,-0.30062621042079,-0.17107376272506958,0.31506120992771347,4.0233,1,4.0233,6.0,inf
319,4,-0.30062621042079,-0.17107376272506958,0.31506120992771347,4.0233,1,4.0233,6.0,inf
319,5,-0.30062621042079,-0.17107376272506958,0.31506120992771347,4.0233,1,4.0233,6.0,inf
320,0,0.4379426848234069,-1.6198873247106051,0.9954802669239511,4.246499999999999,1,4.246499999999999,6.0,inf
320,1,0.4379426848234069,-1.6198873247106051,0.9954802669239511,4.246499999999999,1,4.246499999999999,6.0,inf
320,2,0.4379426848234069,-1.6198873247106051,0.9954802669239511,4.246499999999999,1,4.246499999999999,6.0,inf
320,3,0.4379426848234069,-1.6198873247106051,0.9954802669239511,4.246499999999999,1,4.246499999999999,6.0,inf
320,4,0.4379426848234069,-1.6198873247106051,0.9954802669239511,4.246499999999999,1,4.246499999999999,6.0,inf
320,5,0.4379426848234069,-1.6198873247106051,0.9954802669239511,4.246499999999999,1,4.246499999999999,6.0,inf
321,0,0.19338343420532925,-1.070457735627242,-1.0712672625522204,3.4229999999999996,1,3.4229999999999996,6.0,inf
321,1,0.19338343420532925,-1.070457735627242,-1.0712672625522204,3.4229999999999996,1,3.4229999999999996,6.0,inf
321,2,0.19338343420532925,-1.070457735627242,-1.0712672625522204,3.4229999999999996,1,3.4229999999999996,6.0,inf
321,3,0.19338343420532925,-1.070457735627242,-1.0712672625522204,3.4229999999999996,1,3.4229999999999996,6.0,inf
321,4,0.19338343420532925,-1.070457735627242,-1.0712672625522204,3.4229999999999996,1,3.4229999999999996,6.0,inf
321,5,0.19338343420532925,-1.070457735627242,-1.0712672625522204,3.4229999999999996,1,3.4229999999999996,6.0,inf
322,0,-0.01919703499298125,1.7305417934821565,1.812551183013601,1.137,1,1.137,6.0,inf
322,1,-0.01919703499298125,1.7305417934821565,1.812551183013601,1.137,1,1.137,6.0,inf
322,2,-0.01919703499298125,1.7305417934821565,1.812551183013601,1.137,1,1.137,6.0,inf
322,3,-0.01919703499298125,1.7305417934821565,1.812551183013601,1.137,1,1.137,6.0,inf
322,4,-0.01919703499298125,1.7305417934821565,1.812551183013601,1.137,1,1.137,6.0,inf
322,5,-0.01919703499298125,1.7305417934821565,1.812551183013601,1.137,1,1.137,6.0,inf
323,0,-1.0489094616996224,0.441709460195305,1.8154361534208927,1.7237999999999998,1,1.7237999999999998,6.0,inf
323,1,-1.0489094616996224,0.441709460195305,1.8154361534208927,1.7237999999999998,1,1.7237999999999998,6.0,inf
323,2,-1.0489094616996224,0.441709460195305,1.8154361534208927,1.7237999999999998,1,1.7237999999999998,6.0,inf
323,3,-1.0489094616996224,0.441709460195305,1.8154361534208927,1.7237999999999998,1,1.7237999999999998,6.0,inf
323,4,-1.0489094616996224,0.441709460195305,1.8154361534208927,1.7237999999999998,1,1.7237999999999998,6.0,inf
323,5,-1.0489094616996224,0.441709460195305,1.8154361534208927,1.7237999999999998,1,1.7237999999999998,6.0,inf
324,0,-1.1182756899910982,-0.9750793656764115,0.41687808499531026,2.4398999999999997,1,2.4398999999999997,6.0,inf
324,1,-1.1182756899910982,-0.9750793656764115,0.41687808499531026,2.4398999999999997,1,2.4398999999999997,6.0,inf
324,2,-1.1182756899910982,-0.9750793656764115,0.41687808499531026,2.4398999999999997,1,2.4398999999999997,6.0,inf
324,3,-1.1182756899910982,-0.9750793656764115,0.41687808499531026,2.4398999999999997,1,2.4398999999999997,6.0,inf
324,4,-1.1182756899910982,-0.9750793656764115,0.41687808499531026,2.4398999999999997,1,2.4398999999999997,6.0,inf
324,5,-1.1182756899910982,-0.9750793656764115,0.41687808499531026,2.4398999999999997,1,2.4398999999999997,6.0,inf
325,0,1.7630583682592702,-1.8201788483776171,-0.9240818968051877,3.1961999999999997,1,3.1961999999999997,6.0,inf
325,1,1.7630583682592702,-1.8201788483776171,-0.9240818968051877,3.1961999999999997,1,3.1961999999999997,6.0,inf
325,2,1.7630583682592702,-1.8201788483776171,-0.9240818968051877,3.1961999999999997,1,3.1961999999999997,6.0,inf
325,3,1.7630583682592702,-1.8201788483776171,-0.9240818968051877,3.1961999999999997,1,3.1961999999999997,6.0,inf
325,4,1.7630583682592702,-1.8201788483776171,-0.9240818968051877,3.1961999999999997,1,3.1961999999999997,6.0,inf
325,5,1.7630583682592702,-1.8201788483776171,-0.9240818968051877,3.1961999999999997,1,3.1961999999999997,6.0,inf
326,0,0.08262145465247474,-0.47165102641241063,-1.2999449787276287,4.042199999999999,1,4.042199999999999,6.0,inf
326,1,0.08262145465247474,-0.47165102641241063,-1.2999449787276287,4.042199999999999,1,4.042199999999999,6.0,inf
326,2,0.08262145465247474,-0.47165102641241063,-1.2999449787276287,4.042199999999999,1,4.042199999999999,6.0,inf
326,3,0.08262145465247474,-0.47165102641241063,-1.2999449787276287,4.042199999999999,1,4.042199999999999,6.0,inf
326,4,0.08262145465247474,-0.47165102641241063,-1.2999449787276287,4.042199999999999,1,4.042199999999999,6.0,inf
326,5,0.08262145465247474,-0.47165102641241063,-1.2999449787276287,4.042199999999999,1,4.042199999999999,6.0,inf
327,0,2.5645689221651637,0.38094011437382974,0.2862750267551024,1.5288,1,1.5288,6.0,inf
327,1,2.5645689221651637,0.38094011437382974,0.2862750267551024,1.5288,1,1.5288,6.0,inf
327,2,2.5645689221651637,0.38094011437382974,0.2862750267551024,1.5288,1,1.5288,6.0,inf
327,3,2.5645689221651637,0.38094011437382974,0.2862750267551024,1.5288,1,1.5288,6.0,inf
327,4,2.5645689221651637,0.38094011437382974,0.2862750267551024,1.5288,1,1.5288,6.0,inf
327,5,2.5645689221651637,0.38094011437382974,0.2862750267551024,1.5288,1,1.5288,6.0,inf
328,0,1.5112563184085228,-0.4101606792663255,-0.23869187856971333,2.1102,1,2.1102,6.0,inf
328,1,1.5112563184085228,-0.4101606792663255,-0.23869187856971333,2.1102,1,2.1102,6.0,inf
328,2,1.5112563184085228,-0.4101606792663255,-0.23869187856971333,2.1102,1,2.1102,6.0,inf
328,3,1.5112563184085228,-0.4101606792663255,-0.23869187856971333,2.1102,1,2.1102,6.0,inf
328,4,1.5112563184085228,-0.4101606792663255,-0.23869187856971333,2.1102,1,2.1102,6.0,inf
328,5,1.5112563184085228,-0.4101606792663255,-0.23869187856971333,2.1102,1,2.1102,6.0,inf
329,0,-2.1233515073163645,0.9430793022125815,1.3270467494104792,1.8296999999999999,1,1.8296999999999999,6.0,inf
329,1,-2.1233515073163645,0.9430793022125815,1.3270467494104792,1.8296999999999999,1,1.8296999999999999,6.0,inf
329,2,-2.1233515073163645,0.9430793022125815,1.3270467494104792,1.8296999999999999,1,1.8296999999999999,6.0,inf
329,3,-2.1233515073163645,0.9430793022125815,1.3270467494104792,1.8296999999999999,1,1.8296999999999999,6.0,inf
329,4,-2.1233515073163645,0.9430793022125815,1.3270467494104792,1.8296999999999999,1,1.8296999999999999,6.0,inf
329,5,-2.1233515073163645,0.9430793022125815,1.3270467494104792,1.8296999999999999,1,1.8296999999999999,6.0,inf
330,0,2.788305846552331,0.9685800842631945,-1.0455695819752846,0.954,1,0.954,6.0,inf
330,1,2.788305846552331,0.9685800842631945,-1.0455695819752846,0.954,1,0.954,6.0,inf
330,2,2.788305846552331,0.9685800842631945,-1.0455695819752846,0.954,1,0.954,6.0,inf
330,3,2.788305846552331,0.9685800842631945,-1.0455695819752846,0.954,1,0.954,6.0,inf
330,4,2.788305846552331,0.9685800842631945,-1.0455695819752846,0.954,1,0.954,6.0,inf
330,5,2.788305846552331,0.9685800842631945,-1.0455695819752846,0.954,1,0.954,6.0,inf
331,0,0.4812003581559157,-0.8571896879045701,-0.38712567636113665,4.283099999999999,1,4.283099999999999,6.0,inf
331,1,0.4812003581559157,-0.8571896879045701,-0.38712567636113665,4.283099999999999,1,4.283099999999999,6.0,inf
331,2,0.4812003581559157,-0.8571896879045701,-0.38712567636113665,4.283099999999999,1,4.283099999999999,6.0,inf
331,3,0.4812003581559157,-0.8571896879045701,-0.38712567636113665,4.283099999999999,1,4.283099999999999,6.0,inf
331,4,0.4812003581559157,-0.8571896879045701,-0.38712567636113665,4.283099999999999,1,4.283099999999999,6.0,inf
331,5,0.4812003581559157,-0.8571896879045701,-0.38712567636113665,4.283099999999999,1,4.283099999999999,6.0,inf
332,0,-0.6429233249632038,-0.4936006023958934,0.09567008779426835,4.7646,1,4.7646,6.0,inf
332,1,-0.6429233249632038,-0.4936006023958934,0.09567008779426835,4.7646,1,4.7646,6.0,inf
332,2,-0.6429233249632038,-0.4936006023958934,0.09567008779426835,4.7646,1,4.7646,6.0,inf
332,3,-0.6429233249632038,-0.4936006023958934,0.09567008779426835,4.7646,1,4.7646,6.0,inf
332,4,-0.6429233249632038,-0.4936006023958934,0.09567008779426835,4.7646,1,4.7646,6.0,inf
332,5,-0.6429233249632038,-0.4936006023958934,0.09567008779426835,4.7646,1,4.7646,6.0,inf
333,0,-0.8954017621394033,0.7578813741155098,0.9154105020170404,1.7318999999999998,1,1.7318999999999998,6.0,inf
333,1,-0.8954017621394033,0.7578813741155098,0.9154105020170404,1.7318999999999998,1,1.7318999999999998,6.0,inf
333,2,-0.8954017621394033,0.7578813741155098,0.9154105020170404,1.7318999999999998,1,1.7318999999999998,6.0,inf
333,3,-0.8954017621394033,0.7578813741155098,0.9154105020170404,1.7318999999999998,1,1.7318999999999998,6.0,inf
333,4,-0.8954017621394033,0.7578813741155098,0.9154105020170404,1.7318999999999998,1,1.7318999999999998,6.0,inf
333,5,-0.8954017621394033,0.7578813741155098,0.9154105020170404,1.7318999999999998,1,1.7318999999999998,6.0,inf
334,0,0.5769726480853674,-0.8964524975312125,0.05447801580611579,2.2878,1,2.2878,6.0,inf
334,1,0.5769726480853674,-0.8964524975312125,0.05447801580611579,2.2878,1,2.2878,6.0,inf
334,2,0.5769726480853674,-0.8964524975312125,0.05447801580611579,2.2878,1,2.2878,6.0,inf
334,3,0.5769726480853674,-0.8964524975312125,0.05447801580611579,2.2878,1,2.2878,6.0,inf
334,4,0.5769726480853674,-0.8964524975312125,0.05447801580611579,2.2878,1,2.2878,6.0,inf
334,5,0.5769726480853674,-0.8964524975312125,0.05447801580611579,2.2878,1,2.2878,6.0,inf
335,0,-0.8175079259079098,0.3973363027422814,-0.8225069807453145,3.9221999999999997,1,3.9221999999999997,6.0,inf
335,1,-0.8175079259079098,0.3973363027422814,-0.8225069807453145,3.9221999999999997,1,3.9221999999999997,6.0,inf
335,2,-0.8175079259079098,0.3973363027422814,-0.8225069807453145,3.9221999999999997,1,3.9221999999999997,6.0,inf
335,3,-0.8175079259079098,0.3973363027422814,-0.8225069807453145,3.9221999999999997,1,3.9221999999999997,6.0,inf
335,4,-0.8175079259079098,0.3973363027422814,-0.8225069807453145,3.9221999999999997,1,3.9221999999999997,6.0,inf
335,5,-0.8175079259079098,0.3973363027422814,-0.8225069807453145,3.9221999999999997,1,3.9221999999999997,6.0,inf
336,0,1.5953420071953055,-0.16761913913591794,0.058230858140486,2.0652,1,2.0652,6.0,inf
336,1,1.5953420071953055,-0.16761913913591794,0.058230858140486,2.0652,1,2.0652,6.0,inf
336,2,1.5953420071953055,-0.16761913913591794,0.058230858140486,2.0652,1,2.0652,6.0,inf
336,3,1.5953420071953055,-0.16761913913591794,0.058230858140486,2.0652,1,2.0652,6.0,inf
336,4,1.5953420071953055,-0.16761913913591794,0.058230858140486,2.0652,1,2.0652,6.0,inf
336,5,1.5953420071953055,-0.16761913913591794,0.058230858140486,2.0652,1,2.0652,6.0,inf
337,0,-1.228377881896871,1.0854712297654106,-1.193519432988146,3.0875999999999997,1,3.0875999999999997,6.0,inf
337,1,-1.228377881896871,1.0854712297654106,-1.193519432988146,3.0875999999999997,1,3.0875999999999997,6.0,inf
337,2,-1.228377881896871,1.0854712297654106,-1.193519432988146,3.0875999999999997,1,3.0875999999999997,6.0,inf
337,3,-1.228377881896871,1.0854712297654106,-1.193519432988146,3.0875999999999997,1,3.0875999999999997,6.0,inf
337,4,-1.228377881896871,1.0854712297654106,-1.193519432988146,3.0875999999999997,1,3.0875999999999997,6.0,inf
337,5,-1.228377881896871,1.0854712297654106,-1.193519432988146,3.0875999999999997,1,3.0875999999999997,6.0,inf
338,0,0.5448230661439232,-0.1328927434435101,0.20581322506691482,2.1719999999999997,1,2.1719999999999997,6.0,inf
338,1,0.5448230661439232,-0.1328927434435101,0.20581322506691482,2.1719999999999997,1,2.1719999999999997,6.0,inf
338,2,0.5448230661439232,-0.1328927434435101,0.20581322506691482,2.1719999999999997,1,2.1719999999999997,6.0,inf
338,3,0.5448230661439232,-0.1328927434435101,0.20581322506691482,2.1719999999999997,1,2.1719999999999997,6.0,inf
338,4,0.5448230661439232,-0.1328927434435101,0.20581322506691482,2.1719999999999997,1,2.1719999999999997,6.0,inf
338,5,0.5448230661439232,-0.1328927434435101,0.20581322506691482,2.1719999999999997,1,2.1719999999999997,6.0,inf
339,0,-0.5507459958117568,0.3438688333377268,0.290271608399426,1.4826,1,1.4826,6.0,inf
339,1,-0.5507459958117568,0.3438688333377268,0.290271608399426,1.4826,1,1.4826,6.0,inf
339,2,-0.5507459958117568,0.3438688333377268,0.290271608399426,1.4826,1,1.4826,6.0,inf
339,3,-0.5507459958117568,0.3438688333377268,0.290271608399426,1.4826,1,1.4826,6.0,inf
339,4,-0.5507459958117568,0.3438688333377268,0.290271608399426,1.4826,1,1.4826,6.0,inf
339,5,-0.5507459958117568,0.3438688333377268,0.290271608399426,1.4826,1,1.4826,6.0,inf
340,0,-1.3661469134680126,-0.8694376333690647,0.8400756058089808,5.036099999999999,1,5.036099999999999,6.0,inf
340,1,-1.3661469134680126,-0.8694376333690647,0.8400756058089808,5.036099999999999,1,5.036099999999999,6.0,inf
340,2,-1.3661469134680126,-0.8694376333690647,0.8400756058089808,5.036099999999999,1,5.036099999999999,6.0,inf
340,3,-1.3661469134680126,-0.8694376333690647,0.8400756058089808,5.036099999999999,1,5.036099999999999,6.0,inf
340,4,-1.3661469134680126,-0.8694376333690647,0.8400756058089808,5.036099999999999,1,5.036099999999999,6.0,inf
340,5,-1.3661469134680126,-0.8694376333690647,0.8400756058089808,5.036099999999999,1,5.036099999999999,6.0,inf
341,0,0.17048485201625094,0.6830565315922088,-0.1583449381188059,1.5105,1,1.5105,6.0,inf
341,1,0.17048485201625094,0.6830565315922088,-0.1583449381188059,1.5105,1,1.5105,6.0,inf
341,2,0.17048485201625094,0.6830565315922088,-0.1583449381188059,1.5105,1,1.5105,6.0,inf
341,3,0.17048485201625094,0.6830565315922088,-0.1583449381188059,1.5105,1,1.5105,6.0,inf
341,4,0.17048485201625094,0.6830565315922088,-0.1583449381188059,1.5105,1,1.5105,6.0,inf
341,5,0.17048485201625094,0.6830565315922088,-0.1583449381188059,1.5105,1,1.5105,6.0,inf
342,0,-0.656296240466522,-0.2414135479366927,0.7553641957357867,6.0,0,6.3953999999999995,6.0,inf
342,1,-0.656296240466522,-0.2414135479366927,0.7553641957357867,6.0,0,6.3953999999999995,6.0,inf
342,2,-0.656296240466522,-0.2414135479366927,0.7553641957357867,6.0,0,6.3953999999999995,6.0,inf
342,3,-0.656296240466522,-0.2414135479366927,0.7553641957357867,6.0,0,6.3953999999999995,6.0,inf
342,4,-0.656296240466522,-0.2414135479366927,0.7553641957357867,6.0,0,6.3953999999999995,6.0,inf
342,5,-0.656296240466522,-0.2414135479366927,0.7553641957357867,6.0,0,6.3953999999999995,6.0,inf
343,0,0.22171290852922276,-1.0229470832652605,1.2471583668994823,1.7318999999999998,1,1.7318999999999998,6.0,inf
343,1,0.22171290852922276,-1.0229470832652605,1.2471583668994823,1.7318999999999998,1,1.7318999999999998,6.0,inf
343,2,0.22171290852922276,-1.0229470832652605,1.2471583668994823,1.7318999999999998,1,1.7318999999999998,6.0,inf
343,3,0.22171290852922276,-1.0229470832652605,1.2471583668994823,1.7318999999999998,1,1.7318999999999998,6.0,inf
343,4,0.22171290852922276,-1.0229470832652605,1.2471583668994823,1.7318999999999998,1,1.7318999999999998,6.0,inf
343,5,0.22171290852922276,-1.0229470832652605,1.2471583668994823,1.7318999999999998,1,1.7318999999999998,6.0,inf
344,0,0.2900883237912427,0.2554175462814593,-1.1729797558775263,2.8284,1,2.8284,6.0,inf
344,1,0.2900883237912427,0.2554175462814593,-1.1729797558775263,2.8284,1,2.8284,6.0,inf
344,2,0.2900883237912427,0.2554175462814593,-1.1729797558775263,2.8284,1,2.8284,6.0,inf
344,3,0.2900883237912427,0.2554175462814593,-1.1729797558775263,2.8284,1,2.8284,6.0,inf
344,4,0.2900883237912427,0.2554175462814593,-1.1729797558775263,2.8284,1,2.8284,6.0,inf
344,5,0.2900883237912427,0.2554175462814593,-1.1729797558775263,2.8284,1,2.8284,6.0,inf
345,0,1.2596856029450132,1.3045747670694987,-0.8359457513362596,0.6282,1,0.6282,6.0,inf
345,1,1.2596856029450132,1.3045747670694987,-0.8359457513362596,0.6282,1,0.6282,6.0,inf
345,2,1.2596856029450132,1.3045747670694987,-0.8359457513362596,0.6282,1,0.6282,6.0,inf
345,3,1.2596856029450132,1.3045747670694987,-0.8359457513362596,0.6282,1,0.6282,6.0,inf
345,4,1.2596856029450132,1.3045747670694987,-0.8359457513362596,0.6282,1,0.6282,6.0,inf
345,5,1.2596856029450132,1.3045747670694987,-0.8359457513362596,0.6282,1,0.6282,6.0,inf
346,0,-0.5144077730913876,0.07016667293356393,-1.209888822184199,5.7135,1,5.7135,6.0,inf
346,1,-0.5144077730913876,0.07016667293356393,-1.209888822184199,5.7135,1,5.7135,6.0,inf
346,2,-0.5144077730913876,0.07016667293356393,-1.209888822184199,5.7135,1,5.7135,6.0,inf
346,3,-0.5144077730913876,0.07016667293356393,-1.209888822184199,5.7135,1,5.7135,6.0,inf
346,4,-0.5144077730913876,0.07016667293356393,-1.209888822184199,5.7135,1,5.7135,6.0,inf
346,5,-0.5144077730913876,0.07016667293356393,-1.209888822184199,5.7135,1,5.7135,6.0,inf
347,0,1.5833271273632894,-0.9601755024347491,-0.6211873563666365,2.5338,1,2.5338,6.0,inf
347,1,1.5833271273632894,-0.9601755024347491,-0.6211873563666365,2.5338,1,2.5338,6.0,inf
347,2,1.5833271273632894,-0.9601755024347491,-0.6211873563666365,2.5338,1,2.5338,6.0,inf
347,3,1.5833271273632894,-0.9601755024347491,-0.6211873563666365,2.5338,1,2.5338,6.0,inf
347,4,1.5833271273632894,-0.9601755024347491,-0.6211873563666365,2.5338,1,2.5338,6.0,inf
347,5,1.5833271273632894,-0.9601755024347491,-0.6211873563666365,2.5338,1,2.5338,6.0,inf
348,0,1.9868980650878245,0.5461225032265435,-1.852787426665711,2.5839,1,2.5839,6.0,inf
348,1,1.9868980650878245,0.5461225032265435,-1.852787426665711,2.5839,1,2.5839,6.0,inf
348,2,1.9868980650878245,0.5461225032265435,-1.852787426665711,2.5839,1,2.5839,6.0,inf
348,3,1.9868980650878245,0.5461225032265435,-1.852787426665711,2.5839,1,2.5839,6.0,inf
348,4,1.9868980650878245,0.5461225032265435,-1.852787426665711,2.5839,1,2.5839,6.0,inf
348,5,1.9868980650878245,0.5461225032265435,-1.852787426665711,2.5839,1,2.5839,6.0,inf
349,0,-1.23840391727563,0.7273413834444393,-1.2565108197255412,4.2417,1,4.2417,6.0,inf
349,1,-1.23840391727563,0.7273413834444393,-1.2565108197255412,4.2417,1,4.2417,6.0,inf
349,2,-1.23840391727563,0.7273413834444393,-1.2565108197255412,4.2417,1,4.2417,6.0,inf
349,3,-1.23840391727563,0.7273413834444393,-1.2565108197255412,4.2417,1,4.2417,6.0,inf
349,4,-1.23840391727563,0.7273413834444393,-1.2565108197255412,4.2417,1,4.2417,6.0,inf
349,5,-1.23840391727563,0.7273413834444393,-1.2565108197255412,4.2417,1,4.2417,6.0,inf
350,0,-0.090021697757054,1.082585628081682,0.8208263377785066,1.3068,1,1.3068,6.0,inf
350,1,-0.090021697757054,1.082585628081682,0.8208263377785066,1.3068,1,1.3068,6.0,inf
350,2,-0.090021697757054,1.082585628081682,0.8208263377785066,1.3068,1,1.3068,6.0,inf
350,3,-0.090021697757054,1.082585628081682,0.8208263377785066,1.3068,1,1.3068,6.0,inf
350,4,-0.090021697757054,1.082585628081682,0.8208263377785066,1.3068,1,1.3068,6.0,inf
350,5,-0.090021697757054,1.082585628081682,0.8208263377785066,1.3068,1,1.3068,6.0,inf
351,0,0.5460521945841095,-0.10916337357524834,-0.8683894868444301,2.9046,1,2.9046,6.0,inf
351,1,0.5460521945841095,-0.10916337357524834,-0.8683894868444301,2.9046,1,2.9046,6.0,inf
351,2,0.5460521945841095,-0.10916337357524834,-0.8683894868444301,2.9046,1,2.9046,6.0,inf
351,3,0.5460521945841095,-0.10916337357524834,-0.8683894868444301,2.9046,1,2.9046,6.0,inf
351,4,0.5460521945841095,-0.10916337357524834,-0.8683894868444301,2.9046,1,2.9046,6.0,inf
351,5,0.5460521945841095,-0.10916337357524834,-0.8683894868444301,2.9046,1,2.9046,6.0,inf
352,0,-0.7357422789190615,-0.25176710563222027,0.3543553957045521,2.6123999999999996,1,2.6123999999999996,6.0,inf
352,1,-0.7357422789190615,-0.25176710563222027,0.3543553957045521,2.6123999999999996,1,2.6123999999999996,6.0,inf
352,2,-0.7357422789190615,-0.25176710563222027,0.3543553957045521,2.6123999999999996,1,2.6123999999999996,6.0,inf
352,3,-0.7357422789190615,-0.25176710563222027,0.3543553957045521,2.6123999999999996,1,2.6123999999999996,6.0,inf
352,4,-0.7357422789190615,-0.25176710563222027,0.3543553957045521,2.6123999999999996,1,2.6123999999999996,6.0,inf
352,5,-0.7357422789190615,-0.25176710563222027,0.3543553957045521,2.6123999999999996,1,2.6123999999999996,6.0,inf
353,0,0.6212474136630514,-0.6010862574007161,0.6305183530303354,2.0513999999999997,1,2.0513999999999997,6.0,inf
353,1,0.6212474136630514,-0.6010862574007161,0.6305183530303354,2.0513999999999997,1,2.0513999999999997,6.0,inf
353,2,0.6212474136630514,-0.6010862574007161,0.6305183530303354,2.0513999999999997,1,2.0513999999999997,6.0,inf
353,3,0.6212474136630514,-0.6010862574007161,0.6305183530303354,2.0513999999999997,1,2.0513999999999997,6.0,inf
353,4,0.6212474136630514,-0.6010862574007161,0.6305183530303354,2.0513999999999997,1,2.0513999999999997,6.0,inf
353,5,0.6212474136630514,-0.6010862574007161,0.6305183530303354,2.0513999999999997,1,2.0513999999999997,6.0,inf
354,0,-0.6405776646140644,-0.2709159544780288,-0.7040862121156655,4.5465,1,4.5465,6.0,inf
354,1,-0.6405776646140644,-0.2709159544780288,-0.7040862121156655,4.5465,1,4.5465,6.0,inf
354,2,-0.6405776646140644,-0.2709159544780288,-0.7040862121156655,4.5465,1,4.5465,6.0,inf
354,3,-0.6405776646140644,-0.2709159544780288,-0.7040862121156655,4.5465,1,4.5465,6.0,inf
354,4,-0.6405776646140644,-0.2709159544780288,-0.7040862121156655,4.5465,1,4.5465,6.0,inf
354,5,-0.6405776646140644,-0.2709159544780288,-0.7040862121156655,4.5465,1,4.5465,6.0,inf
355,0,0.16935382545335886,0.2570614532906213,-1.3558990581198616,2.4486,1,2.4486,6.0,inf
355,1,0.16935382545335886,0.2570614532906213,-1.3558990581198616,2.4486,1,2.4486,6.0,inf
355,2,0.16935382545335886,0.2570614532906213,-1.3558990581198616,2.4486,1,2.4486,6.0,inf
355,3,0.16935382545335886,0.2570614532906213,-1.3558990581198616,2.4486,1,2.4486,6.0,inf
355,4,0.16935382545335886,0.2570614532906213,-1.3558990581198616,2.4486,1,2.4486,6.0,inf
355,5,0.16935382545335886,0.2570614532906213,-1.3558990581198616,2.4486,1,2.4486,6.0,inf
356,0,0.9676798282069082,0.6371094435430256,-0.01229437862480836,1.1196,1,1.1196,6.0,inf
356,1,0.9676798282069082,0.6371094435430256,-0.01229437862480836,1.1196,1,1.1196,6.0,inf
356,2,0.9676798282069082,0.6371094435430256,-0.01229437862480836,1.1196,1,1.1196,6.0,inf
356,3,0.9676798282069082,0.6371094435430256,-0.01229437862480836,1.1196,1,1.1196,6.0,inf
356,4,0.9676798282069082,0.6371094435430256,-0.01229437862480836,1.1196,1,1.1196,6.0,inf
356,5,0.9676798282069082,0.6371094435430256,-0.01229437862480836,1.1196,1,1.1196,6.0,inf
357,0,0.6390317662407591,-1.6480349153284777,-0.2434046398610042,4.286099999999999,1,4.286099999999999,6.0,inf
357,1,0.6390317662407591,-1.6480349153284777,-0.2434046398610042,4.286099999999999,1,4.286099999999999,6.0,inf
357,2,0.6390317662407591,-1.6480349153284777,-0.2434046398610042,4.286099999999999,1,4.286099999999999,6.0,inf
357,3,0.6390317662407591,-1.6480349153284777,-0.2434046398610042,4.286099999999999,1,4.286099999999999,6.0,inf
357,4,0.6390317662407591,-1.6480349153284777,-0.2434046398610042,4.286099999999999,1,4.286099999999999,6.0,inf
357,5,0.6390317662407591,-1.6480349153284777,-0.2434046398610042,4.286099999999999,1,4.286099999999999,6.0,inf
358,0,0.387245996138796,-1.6581958256845684,0.04621547967181619,4.1688,1,4.1688,6.0,inf
358,1,0.387245996138796,-1.6581958256845684,0.04621547967181619,4.1688,1,4.1688,6.0,inf
358,2,0.387245996138796,-1.6581958256845684,0.04621547967181619,4.1688,1,4.1688,6.0,inf
358,3,0.387245996138796,-1.6581958256845684,0.04621547967181619,4.1688,1,4.1688,6.0,inf
358,4,0.387245996138796,-1.6581958256845684,0.04621547967181619,4.1688,1,4.1688,6.0,inf
358,5,0.387245996138796,-1.6581958256845684,0.04621547967181619,4.1688,1,4.1688,6.0,inf
359,0,0.6653860412097045,1.4189393541902018,2.301958900343869,0.4296,1,0.4296,6.0,inf
359,1,0.6653860412097045,1.4189393541902018,2.301958900343869,0.4296,1,0.4296,6.0,inf
359,2,0.6653860412097045,1.4189393541902018,2.301958900343869,0.4296,1,0.4296,6.0,inf
359,3,0.6653860412097045,1.4189393541902018,2.301958900343869,0.4296,1,0.4296,6.0,inf
359,4,0.6653860412097045,1.4189393541902018,2.301958900343869,0.4296,1,0.4296,6.0,inf
359,5,0.6653860412097045,1.4189393541902018,2.301958900343869,0.4296,1,0.4296,6.0,inf
360,0,0.23432119349901587,0.25937407473188107,-1.6621092287832335,5.8377,1,5.8377,6.0,inf
360,1,0.23432119349901587,0.25937407473188107,-1.6621092287832335,5.8377,1,5.8377,6.0,inf
360,2,0.23432119349901587,0.25937407473188107,-1.6621092287832335,5.8377,1,5.8377,6.0,inf
360,3,0.23432119349901587,0.25937407473188107,-1.6621092287832335,5.8377,1,5.8377,6.0,inf
360,4,0.23432119349901587,0.25937407473188107,-1.6621092287832335,5.8377,1,5.8377,6.0,inf
360,5,0.23432119349901587,0.25937407473188107,-1.6621092287832335,5.8377,1,5.8377,6.0,inf
361,0,-1.175147128403566,1.3456563272475501,-0.5843564925181036,3.1142999999999996,1,3.1142999999999996,6.0,inf
361,1,-1.175147128403566,1.3456563272475501,-0.5843564925181036,3.1142999999999996,1,3.1142999999999996,6.0,inf
361,2,-1.175147128403566,1.3456563272475501,-0.5843564925181036,3.1142999999999996,1,3.1142999999999996,6.0,inf
361,3,-1.175147128403566,1.3456563272475501,-0.5843564925181036,3.1142999999999996,1,3.1142999999999996,6.0,inf
361,4,-1.175147128403566,1.3456563272475501,-0.5843564925181036,3.1142999999999996,1,3.1142999999999996,6.0,inf
361,5,-1.175147128403566,1.3456563272475501,-0.5843564925181036,3.1142999999999996,1,3.1142999999999996,6.0,inf
362,0,0.6361149605960524,1.2072337372556041,-0.15739026493316527,0.9608999999999999,1,0.9608999999999999,6.0,inf
362,1,0.6361149605960524,1.2072337372556041,-0.15739026493316527,0.9608999999999999,1,0.9608999999999999,6.0,inf
362,2,0.6361149605960524,1.2072337372556041,-0.15739026493316527,0.9608999999999999,1,0.9608999999999999,6.0,inf
362,3,0.6361149605960524,1.2072337372556041,-0.15739026493316527,0.9608999999999999,1,0.9608999999999999,6.0,inf
362,4,0.6361149605960524,1.2072337372556041,-0.15739026493316527,0.9608999999999999,1,0.9608999999999999,6.0,inf
362,5,0.6361149605960524,1.2072337372556041,-0.15739026493316527,0.9608999999999999,1,0.9608999999999999,6.0,inf
363,0,-0.44724997721723536,-0.9085937501882326,1.5948806375359645,2.526,1,2.526,6.0,inf
363,1,-0.44724997721723536,-0.9085937501882326,1.5948806375359645,2.526,1,2.526,6.0,inf
363,2,-0.44724997721723536,-0.9085937501882326,1.5948806375359645,2.526,1,2.526,6.0,inf
363,3,-0.44724997721723536,-0.9085937501882326,1.5948806375359645,2.526,1,2.526,6.0,inf
363,4,-0.44724997721723536,-0.9085937501882326,1.5948806375359645,2.526,1,2.526,6.0,inf
363,5,-0.44724997721723536,-0.9085937501882326,1.5948806375359645,2.526,1,2.526,6.0,inf
364,0,-0.5681435691023804,1.2831904018178864,0.025497075191361004,2.8476,1,2.8476,6.0,inf
364,1,-0.5681435691023804,1.2831904018178864,0.025497075191361004,2.8476,1,2.8476,6.0,inf
364,2,-0.5681435691023804,1.2831904018178864,0.025497075191361004,2.8476,1,2.8476,6.0,inf
364,3,-0.5681435691023804,1.2831904018178864,0.025497075191361004,2.8476,1,2.8476,6.0,inf
364,4,-0.5681435691023804,1.2831904018178864,0.025497075191361004,2.8476,1,2.8476,6.0,inf
364,5,-0.5681435691023804,1.2831904018178864,0.025497075191361004,2.8476,1,2.8476,6.0,inf
365,0,-1.7638257795906571,1.2650510326141966,0.41899954733876454,3.4673999999999996,1,3.4673999999999996,6.0,inf
365,1,-1.7638257795906571,1.2650510326141966,0.41899954733876454,3.4673999999999996,1,3.4673999999999996,6.0,inf
365,2,-1.7638257795906571,1.2650510326141966,0.41899954733876454,3.4673999999999996,1,3.4673999999999996,6.0,inf
365,3,-1.7638257795906571,1.2650510326141966,0.41899954733876454,3.4673999999999996,1,3.4673999999999996,6.0,inf
365,4,-1.7638257795906571,1.2650510326141966,0.41899954733876454,3.4673999999999996,1,3.4673999999999996,6.0,inf
365,5,-1.7638257795906571,1.2650510326141966,0.41899954733876454,3.4673999999999996,1,3.4673999999999996,6.0,inf
366,0,-0.8119165392941814,-1.7691647314735266,-0.028326689231106025,6.0,0,6.595199999999999,6.0,inf
366,1,-0.8119165392941814,-1.7691647314735266,-0.028326689231106025,6.0,0,6.595199999999999,6.0,inf
366,2,-0.8119165392941814,-1.7691647314735266,-0.028326689231106025,6.0,0,6.595199999999999,6.0,inf
366,3,-0.8119165392941814,-1.7691647314735266,-0.028326689231106025,6.0,0,6.595199999999999,6.0,inf
366,4,-0.8119165392941814,-1.7691647314735266,-0.028326689231106025,6.0,0,6.595199999999999,6.0,inf
366,5,-0.8119165392941814,-1.7691647314735266,-0.028326689231106025,6.0,0,6.595199999999999,6.0,inf
367,0,0.546209831911739,1.6006222144102822,-1.327452629301737,2.5115999999999996,1,2.5115999999999996,6.0,inf
367,1,0.546209831911739,1.6006222144102822,-1.327452629301737,2.5115999999999996,1,2.5115999999999996,6.0,inf
367,2,0.546209831911739,1.6006222144102822,-1.327452629301737,2.5115999999999996,1,2.5115999999999996,6.0,inf
367,3,0.546209831911739,1.6006222144102822,-1.327452629301737,2.5115999999999996,1,2.5115999999999996,6.0,inf
367,4,0.546209831911739,1.6006222144102822,-1.327452629301737,2.5115999999999996,1,2.5115999999999996,6.0,inf
367,5,0.546209831911739,1.6006222144102822,-1.327452629301737,2.5115999999999996,1,2.5115999999999996,6.0,inf
368,0,0.7365360328373766,0.8582514142547233,-0.44165628835522264,1.4132999999999998,1,1.4132999999999998,6.0,inf
368,1,0.7365360328373766,0.8582514142547233,-0.44165628835522264,1.4132999999999998,1,1.4132999999999998,6.0,inf
368,2,0.7365360328373766,0.8582514142547233,-0.44165628835522264,1.4132999999999998,1,1.4132999999999998,6.0,inf
368,3,0.7365360328373766,0.8582514142547233,-0.44165628835522264,1.4132999999999998,1,1.4132999999999998,6.0,inf
368,4,0.7365360328373766,0.8582514142547233,-0.44165628835522264,1.4132999999999998,1,1.4132999999999998,6.0,inf
368,5,0.7365360328373766,0.8582514142547233,-0.44165628835522264,1.4132999999999998,1,1.4132999999999998,6.0,inf
369,0,1.479792719799702,0.5786962647742006,0.26066612275060635,1.4745,1,1.4745,6.0,inf
369,1,1.479792719799702,0.5786962647742006,0.26066612275060635,1.4745,1,1.4745,6.0,inf
369,2,1.479792719799702,0.5786962647742006,0.26066612275060635,1.4745,1,1.4745,6.0,inf
369,3,1.479792719799702,0.5786962647742006,0.26066612275060635,1.4745,1,1.4745,6.0,inf
369,4,1.479792719799702,0.5786962647742006,0.26066612275060635,1.4745,1,1.4745,6.0,inf
369,5,1.479792719799702,0.5786962647742006,0.26066612275060635,1.4745,1,1.4745,6.0,inf
370,0,0.07009566290590458,0.7611204238483114,-0.21275668530645042,1.4097,1,1.4097,6.0,inf
370,1,0.07009566290590458,0.7611204238483114,-0.21275668530645042,1.4097,1,1.4097,6.0,inf
370,2,0.07009566290590458,0.7611204238483114,-0.21275668530645042,1.4097,1,1.4097,6.0,inf
370,3,0.07009566290590458,0.7611204238483114,-0.21275668530645042,1.4097,1,1.4097,6.0,inf
370,4,0.07009566290590458,0.7611204238483114,-0.21275668530645042,1.4097,1,1.4097,6.0,inf
370,5,0.07009566290590458,0.7611204238483114,-0.21275668530645042,1.4097,1,1.4097,6.0,inf
371,0,0.6745815576823165,-0.07340512380411421,-0.8865063989424236,3.4319999999999995,1,3.4319999999999995,6.0,inf
371,1,0.6745815576823165,-0.07340512380411421,-0.8865063989424236,3.4319999999999995,1,3.4319999999999995,6.0,inf
371,2,0.6745815576823165,-0.07340512380411421,-0.8865063989424236,3.4319999999999995,1,3.4319999999999995,6.0,inf
371,3,0.6745815576823165,-0.07340512380411421,-0.8865063989424236,3.4319999999999995,1,3.4319999999999995,6.0,inf
371,4,0.6745815576823165,-0.07340512380411421,-0.8865063989424236,3.4319999999999995,1,3.4319999999999995,6.0,inf
371,5,0.6745815576823165,-0.07340512380411421,-0.8865063989424236,3.4319999999999995,1,3.4319999999999995,6.0,inf
372,0,1.5308380435216098,0.5629025847528518,0.6054104316439024,1.5795,1,1.5795,6.0,inf
372,1,1.5308380435216098,0.5629025847528518,0.6054104316439024,1.5795,1,1.5795,6.0,inf
372,2,1.5308380435216098,0.5629025847528518,0.6054104316439024,1.5795,1,1.5795,6.0,inf
372,3,1.5308380435216098,0.5629025847528518,0.6054104316439024,1.5795,1,1.5795,6.0,inf
372,4,1.5308380435216098,0.5629025847528518,0.6054104316439024,1.5795,1,1.5795,6.0,inf
372,5,1.5308380435216098,0.5629025847528518,0.6054104316439024,1.5795,1,1.5795,6.0,inf
373,0,0.6492876450071963,-0.42071936353066236,2.609502696320378,1.5395999999999999,1,1.5395999999999999,6.0,inf
373,1,0.6492876450071963,-0.42071936353066236,2.609502696320378,1.5395999999999999,1,1.5395999999999999,6.0,inf
373,2,0.6492876450071963,-0.42071936353066236,2.609502696320378,1.5395999999999999,1,1.5395999999999999,6.0,inf
373,3,0.6492876450071963,-0.42071936353066236,2.609502696320378,1.5395999999999999,1,1.5395999999999999,6.0,inf
373,4,0.6492876450071963,-0.42071936353066236,2.609502696320378,1.5395999999999999,1,1.5395999999999999,6.0,inf
373,5,0.6492876450071963,-0.42071936353066236,2.609502696320378,1.5395999999999999,1,1.5395999999999999,6.0,inf
374,0,0.11648904191133358,1.2134884387751488,-1.4461285995491022,1.5471,1,1.5471,6.0,inf
374,1,0.11648904191133358,1.2134884387751488,-1.4461285995491022,1.5471,1,1.5471,6.0,inf
374,2,0.11648904191133358,1.2134884387751488,-1.4461285995491022,1.5471,1,1.5471,6.0,inf
374,3,0.11648904191133358,1.2134884387751488,-1.4461285995491022,1.5471,1,1.5471,6.0,inf
374,4,0.11648904191133358,1.2134884387751488,-1.4461285995491022,1.5471,1,1.5471,6.0,inf
374,5,0.11648904191133358,1.2134884387751488,-1.4461285995491022,1.5471,1,1.5471,6.0,inf
375,0,-1.8152503995007248,-0.5264252900565847,-0.9686638252023442,6.0,0,8.0001,6.0,inf
375,1,-1.8152503995007248,-0.5264252900565847,-0.9686638252023442,6.0,0,8.0001,6.0,inf
375,2,-1.8152503995007248,-0.5264252900565847,-0.9686638252023442,6.0,0,8.0001,6.0,inf
375,3,-1.8152503995007248,-0.5264252900565847,-0.9686638252023442,6.0,0,8.0001,6.0,inf
375,4,-1.8152503995007248,-0.5264252900565847,-0.9686638252023442,6.0,0,8.0001,6.0,inf
375,5,-1.8152503995007248,-0.5264252900565847,-0.9686638252023442,6.0,0,8.0001,6.0,inf
376,0,1.0289404916923184,-0.5234153364572288,-0.765590055480266,3.4553999999999996,1,3.4553999999999996,6.0,inf
376,1,1.0289404916923184,-0.5234153364572288,-0.765590055480266,3.4553999999999996,1,3.4553999999999996,6.0,inf
376,2,1.0289404916923184,-0.5234153364572288,-0.765590055480266,3.4553999999999996,1,3.4553999999999996,6.0,inf
376,3,1.0289404916923184,-0.5234153364572288,-0.765590055480266,3.4553999999999996,1,3.4553999999999996,6.0,inf
376,4,1.0289404916923184,-0.5234153364572288,-0.765590055480266,3.4553999999999996,1,3.4553999999999996,6.0,inf
376,5,1.0289404916923184,-0.5234153364572288,-0.765590055480266,3.4553999999999996,1,3.4553999999999996,6.0,inf
377,0,0.6859177577267158,1.2625770810074193,-1.2209551488567914,0.8169,1,0.8169,6.0,inf
377,1,0.6859177577267158,1.2625770810074193,-1.2209551488567914,0.8169,1,0.8169,6.0,inf
377,2,0.6859177577267158,1.2625770810074193,-1.2209551488567914,0.8169,1,0.8169,6.0,inf
377,3,0.6859177577267158,1.2625770810074193,-1.2209551488567914,0.8169,1,0.8169,6.0,inf
377,4,0.6859177577267158,1.2625770810074193,-1.2209551488567914,0.8169,1,0.8169,6.0,inf
377,5,0.6859177577267158,1.2625770810074193,-1.2209551488567914,0.8169,1,0.8169,6.0,inf
378,0,1.7869791334344223,0.525980452785009,2.057233102784978,1.0499999999999998,1,1.0499999999999998,6.0,inf
378,1,1.7869791334344223,0.525980452785009,2.057233102784978,1.0499999999999998,1,1.0499999999999998,6.0,inf
378,2,1.7869791334344223,0.525980452785009,2.057233102784978,1.0499999999999998,1,1.0499999999999998,6.0,inf
378,3,1.7869791334344223,0.525980452785009,2.057233102784978,1.0499999999999998,1,1.0499999999999998,6.0,inf
378,4,1.7869791334344223,0.525980452785009,2.057233102784978,1.0499999999999998,1,1.0499999999999998,6.0,inf
378,5,1.7869791334344223,0.525980452785009,2.057233102784978,1.0499999999999998,1,1.0499999999999998,6.0,inf
379,0,0.646658646781369,-1.2784633923033721,1.0102747398591108,1.6698,1,1.6698,6.0,inf
379,1,0.646658646781369,-1.2784633923033721,1.0102747398591108,1.6698,1,1.6698,6.0,inf
379,2,0.646658646781369,-1.2784633923033721,1.0102747398591108,1.6698,1,1.6698,6.0,inf
379,3,0.646658646781369,-1.2784633923033721,1.0102747398591108,1.6698,1,1.6698,6.0,inf
379,4,0.646658646781369,-1.2784633923033721,1.0102747398591108,1.6698,1,1.6698,6.0,inf
379,5,0.646658646781369,-1.2784633923033721,1.0102747398591108,1.6698,1,1.6698,6.0,inf
380,0,-0.08655936762587105,0.7933391484565447,0.8018188294168871,1.2684,1,1.2684,6.0,inf
380,1,-0.08655936762587105,0.7933391484565447,0.8018188294168871,1.2684,1,1.2684,6.0,inf
380,2,-0.08655936762587105,0.7933391484565447,0.8018188294168871,1.2684,1,1.2684,6.0,inf
380,3,-0.08655936762587105,0.7933391484565447,0.8018188294168871,1.2684,1,1.2684,6.0,inf
380,4,-0.08655936762587105,0.7933391484565447,0.8018188294168871,1.2684,1,1.2684,6.0,inf
380,5,-0.08655936762587105,0.7933391484565447,0.8018188294168871,1.2684,1,1.2684,6.0,inf
381,0,0.7722096604706886,-0.9560440290327679,0.0689520581072197,2.061,1,2.061,6.0,inf
381,1,0.7722096604706886,-0.9560440290327679,0.0689520581072197,2.061,1,2.061,6.0,inf
381,2,0.7722096604706886,-0.9560440290327679,0.0689520581072197,2.061,1,2.061,6.0,inf
381,3,0.7722096604706886,-0.9560440290327679,0.0689520581072197,2.061,1,2.061,6.0,inf
381,4,0.7722096604706886,-0.9560440290327679,0.0689520581072197,2.061,1,2.061,6.0,inf
381,5,0.7722096604706886,-0.9560440290327679,0.0689520581072197,2.061,1,2.061,6.0,inf
382,0,0.4668748235970252,1.5037495869413664,-0.6667488155125157,0.9152999999999999,1,0.9152999999999999,6.0,inf
382,1,0.4668748235970252,1.5037495869413664,-0.6667488155125157,0.9152999999999999,1,0.9152999999999999,6.0,inf
382,2,0.4668748235970252,1.5037495869413664,-0.6667488155125157,0.9152999999999999,1,0.9152999999999999,6.0,inf
382,3,0.4668748235970252,1.5037495869413664,-0.6667488155125157,0.9152999999999999,1,0.9152999999999999,6.0,inf
382,4,0.4668748235970252,1.5037495869413664,-0.6667488155125157,0.9152999999999999,1,0.9152999999999999,6.0,inf
382,5,0.4668748235970252,1.5037495869413664,-0.6667488155125157,0.9152999999999999,1,0.9152999999999999,6.0,inf
383,0,-0.1940974033835074,0.1550689655405748,0.8513412142240672,1.9184999999999999,1,1.9184999999999999,6.0,inf
383,1,-0.1940974033835074,0.1550689655405748,0.8513412142240672,1.9184999999999999,1,1.9184999999999999,6.0,inf
383,2,-0.1940974033835074,0.1550689655405748,0.8513412142240672,1.9184999999999999,1,1.9184999999999999,6.0,inf
383,3,-0.1940974033835074,0.1550689655405748,0.8513412142240672,1.9184999999999999,1,1.9184999999999999,6.0,inf
383,4,-0.1940974033835074,0.1550689655405748,0.8513412142240672,1.9184999999999999,1,1.9184999999999999,6.0,inf
383,5,-0.1940974033835074,0.1550689655405748,0.8513412142240672,1.9184999999999999,1,1.9184999999999999,6.0,inf
384,0,0.5628885011632432,0.8604598802690715,0.2410664998360783,1.6262999999999999,1,1.6262999999999999,6.0,inf
384,1,0.5628885011632432,0.8604598802690715,0.2410664998360783,1.6262999999999999,1,1.6262999999999999,6.0,inf
384,2,0.5628885011632432,0.8604598802690715,0.2410664998360783,1.6262999999999999,1,1.6262999999999999,6.0,inf
384,3,0.5628885011632432,0.8604598802690715,0.2410664998360783,1.6262999999999999,1,1.6262999999999999,6.0,inf
384,4,0.5628885011632432,0.8604598802690715,0.2410664998360783,1.6262999999999999,1,1.6262999999999999,6.0,inf
384,5,0.5628885011632432,0.8604598802690715,0.2410664998360783,1.6262999999999999,1,1.6262999999999999,6.0,inf
385,0,-0.07589583806421311,-0.7834433868664211,-0.10895334070285573,3.4940999999999995,1,3.4940999999999995,6.0,inf
385,1,-0.07589583806421311,-0.7834433868664211,-0.10895334070285573,3.4940999999999995,1,3.4940999999999995,6.0,inf
385,2,-0.07589583806421311,-0.7834433868664211,-0.10895334070285573,3.4940999999999995,1,3.4940999999999995,6.0,inf
385,3,-0.07589583806421311,-0.7834433868664211,-0.10895334070285573,3.4940999999999995,1,3.4940999999999995,6.0,inf
385,4,-0.07589583806421311,-0.7834433868664211,-0.10895334070285573,3.4940999999999995,1,3.4940999999999995,6.0,inf
385,5,-0.07589583806421311,-0.7834433868664211,-0.10895334070285573,3.4940999999999995,1,3.4940999999999995,6.0,inf
386,0,1.1860552016472494,-0.3592257125623137,1.074076797072512,1.236,1,1.236,6.0,inf
386,1,1.1860552016472494,-0.3592257125623137,1.074076797072512,1.236,1,1.236,6.0,inf
386,2,1.1860552016472494,-0.3592257125623137,1.074076797072512,1.236,1,1.236,6.0,inf
386,3,1.1860552016472494,-0.3592257125623137,1.074076797072512,1.236,1,1.236,6.0,inf
386,4,1.1860552016472494,-0.3592257125623137,1.074076797072512,1.236,1,1.236,6.0,inf
386,5,1.1860552016472494,-0.3592257125623137,1.074076797072512,1.236,1,1.236,6.0,inf
387,0,-0.8349253514515744,-0.24490924708435963,1.5295644060847746,2.7192,1,2.7192,6.0,inf
387,1,-0.8349253514515744,-0.24490924708435963,1.5295644060847746,2.7192,1,2.7192,6.0,inf
387,2,-0.8349253514515744,-0.24490924708435963,1.5295644060847746,2.7192,1,2.7192,6.0,inf
387,3,-0.8349253514515744,-0.24490924708435963,1.5295644060847746,2.7192,1,2.7192,6.0,inf
387,4,-0.8349253514515744,-0.24490924708435963,1.5295644060847746,2.7192,1,2.7192,6.0,inf
387,5,-0.8349253514515744,-0.24490924708435963,1.5295644060847746,2.7192,1,2.7192,6.0,inf
388,0,-0.3946798871272814,-0.6104968088610092,-0.9996745293614561,5.4140999999999995,1,5.4140999999999995,6.0,inf
388,1,-0.3946798871272814,-0.6104968088610092,-0.9996745293614561,5.4140999999999995,1,5.4140999999999995,6.0,inf
388,2,-0.3946798871272814,-0.6104968088610092,-0.9996745293614561,5.4140999999999995,1,5.4140999999999995,6.0,inf
388,3,-0.3946798871272814,-0.6104968088610092,-0.9996745293614561,5.4140999999999995,1,5.4140999999999995,6.0,inf
388,4,-0.3946798871272814,-0.6104968088610092,-0.9996745293614561,5.4140999999999995,1,5.4140999999999995,6.0,inf
388,5,-0.3946798871272814,-0.6104968088610092,-0.9996745293614561,5.4140999999999995,1,5.4140999999999995,6.0,inf
389,0,1.1449040975471372,-0.3779972496633283,1.7025149010621623,1.1679,1,1.1679,6.0,inf
389,1,1.1449040975471372,-0.3779972496633283,1.7025149010621623,1.1679,1,1.1679,6.0,inf
389,2,1.1449040975471372,-0.3779972496633283,1.7025149010621623,1.1679,1,1.1679,6.0,inf
389,3,1.1449040975471372,-0.3779972496633283,1.7025149010621623,1.1679,1,1.1679,6.0,inf
389,4,1.1449040975471372,-0.3779972496633283,1.7025149010621623,1.1679,1,1.1679,6.0,inf
389,5,1.1449040975471372,-0.3779972496633283,1.7025149010621623,1.1679,1,1.1679,6.0,inf
390,0,0.08468397414261912,0.43752384538282835,-2.178932768695864,0.7785,1,0.7785,6.0,inf
390,1,0.08468397414261912,0.43752384538282835,-2.178932768695864,0.7785,1,0.7785,6.0,inf
390,2,0.08468397414261912,0.43752384538282835,-2.178932768695864,0.7785,1,0.7785,6.0,inf
390,3,0.08468397414261912,0.43752384538282835,-2.178932768695864,0.7785,1,0.7785,6.0,inf
390,4,0.08468397414261912,0.43752384538282835,-2.178932768695864,0.7785,1,0.7785,6.0,inf
390,5,0.08468397414261912,0.43752384538282835,-2.178932768695864,0.7785,1,0.7785,6.0,inf
391,0,0.8381725021094839,-0.2786755893814545,0.8602498458904967,2.2923,1,2.2923,6.0,inf
391,1,0.8381725021094839,-0.2786755893814545,0.8602498458904967,2.2923,1,2.2923,6.0,inf
391,2,0.8381725021094839,-0.2786755893814545,0.8602498458904967,2.2923,1,2.2923,6.0,inf
391,3,0.8381725021094839,-0.2786755893814545,0.8602498458904967,2.2923,1,2.2923,6.0,inf
391,4,0.8381725021094839,-0.2786755893814545,0.8602498458904967,2.2923,1,2.2923,6.0,inf
391,5,0.8381725021094839,-0.2786755893814545,0.8602498458904967,2.2923,1,2.2923,6.0,inf
392,0,-1.5662110013052495,0.45463822906401835,1.4923575743072288,1.0995,1,1.0995,6.0,inf
392,1,-1.5662110013052495,0.45463822906401835,1.4923575743072288,1.0995,1,1.0995,6.0,inf
392,2,-1.5662110013052495,0.45463822906401835,1.4923575743072288,1.0995,1,1.0995,6.0,inf
392,3,-1.5662110013052495,0.45463822906401835,1.4923575743072288,1.0995,1,1.0995,6.0,inf
392,4,-1.5662110013052495,0.45463822906401835,1.4923575743072288,1.0995,1,1.0995,6.0,inf
392,5,-1.5662110013052495,0.45463822906401835,1.4923575743072288,1.0995,1,1.0995,6.0,inf
393,0,-1.5379337383310676,0.08867106684403342,0.2526912295823855,6.0,0,8.0001,6.0,inf
393,1,-1.5379337383310676,0.08867106684403342,0.2526912295823855,6.0,0,8.0001,6.0,inf
393,2,-1.5379337383310676,0.08867106684403342,0.2526912295823855,6.0,0,8.0001,6.0,inf
393,3,-1.5379337383310676,0.08867106684403342,0.2526912295823855,6.0,0,8.0001,6.0,inf
393,4,-1.5379337383310676,0.08867106684403342,0.2526912295823855,6.0,0,8.0001,6.0,inf
393,5,-1.5379337383310676,0.08867106684403342,0.2526912295823855,6.0,0,8.0001,6.0,inf
394,0,0.4882955728712097,0.9675326257567826,0.6537604777631376,1.38,1,1.38,6.0,inf
394,1,0.4882955728712097,0.9675326257567826,0.6537604777631376,1.38,1,1.38,6.0,inf
394,2,0.4882955728712097,0.9675326257567826,0.6537604777631376,1.38,1,1.38,6.0,inf
394,3,0.4882955728712097,0.9675326257567826,0.6537604777631376,1.38,1,1.38,6.0,inf
394,4,0.4882955728712097,0.9675326257567826,0.6537604777631376,1.38,1,1.38,6.0,inf
394,5,0.4882955728712097,0.9675326257567826,0.6537604777631376,1.38,1,1.38,6.0,inf
395,0,2.617756921206844,0.9553018902199464,1.717872426329461,1.014,1,1.014,6.0,inf
395,1,2.617756921206844,0.9553018902199464,1.717872426329461,1.014,1,1.014,6.0,inf
395,2,2.617756921206844,0.9553018902199464,1.717872426329461,1.014,1,1.014,6.0,inf
395,3,2.617756921206844,0.9553018902199464,1.717872426329461,1.014,1,1.014,6.0,inf
395,4,2.617756921206844,0.9553018902199464,1.717872426329461,1.014,1,1.014,6.0,inf
395,5,2.617756921206844,0.9553018902199464,1.717872426329461,1.014,1,1.014,6.0,inf
396,0,-0.6618228814996588,-0.4721025440359994,-1.6778168345289084,5.1372,1,5.1372,6.0,inf
396,1,-0.6618228814996588,-0.4721025440359994,-1.6778168345289084,5.1372,1,5.1372,6.0,inf
396,2,-0.6618228814996588,-0.4721025440359994,-1.6778168345289084,5.1372,1,5.1372,6.0,inf
396,3,-0.6618228814996588,-0.4721025440359994,-1.6778168345289084,5.1372,1,5.1372,6.0,inf
396,4,-0.6618228814996588,-0.4721025440359994,-1.6778168345289084,5.1372,1,5.1372,6.0,inf
396,5,-0.6618228814996588,-0.4721025440359994,-1.6778168345289084,5.1372,1,5.1372,6.0,inf
397,0,-0.23386530251783538,0.10784027098424027,1.5893161505938365,1.9871999999999999,1,1.9871999999999999,6.0,inf
397,1,-0.23386530251783538,0.10784027098424027,1.5893161505938365,1.9871999999999999,1,1.9871999999999999,6.0,inf
397,2,-0.23386530251783538,0.10784027098424027,1.5893161505938365,1.9871999999999999,1,1.9871999999999999,6.0,inf
397,3,-0.23386530251783538,0.10784027098424027,1.5893161505938365,1.9871999999999999,1,1.9871999999999999,6.0,inf
397,4,-0.23386530251783538,0.10784027098424027,1.5893161505938365,1.9871999999999999,1,1.9871999999999999,6.0,inf
397,5,-0.23386530251783538,0.10784027098424027,1.5893161505938365,1.9871999999999999,1,1.9871999999999999,6.0,inf
398,0,-0.19801914717458508,0.9835398977710806,0.4401104089004642,1.7816999999999998,1,1.7816999999999998,6.0,inf
398,1,-0.19801914717458508,0.9835398977710806,0.4401104089004642,1.7816999999999998,1,1.7816999999999998,6.0,inf
398,2,-0.19801914717458508,0.9835398977710806,0.4401104089004642,1.7816999999999998,1,1.7816999999999998,6.0,inf
398,3,-0.19801914717458508,0.9835398977710806,0.4401104089004642,1.7816999999999998,1,1.7816999999999998,6.0,inf
398,4,-0.19801914717458508,0.9835398977710806,0.4401104089004642,1.7816999999999998,1,1.7816999999999998,6.0,inf
398,5,-0.19801914717458508,0.9835398977710806,0.4401104089004642,1.7816999999999998,1,1.7816999999999998,6.0,inf
399,0,-0.18451236824265516,-0.5313906740919832,1.0327588348736834,1.2891,1,1.2891,6.0,inf
399,1,-0.18451236824265516,-0.5313906740919832,1.0327588348736834,1.2891,1,1.2891,6.0,inf
399,2,-0.18451236824265516,-0.5313906740919832,1.0327588348736834,1.2891,1,1.2891,6.0,inf
399,3,-0.18451236824265516,-0.5313906740919832,1.0327588348736834,1.2891,1,1.2891,6.0,inf
399,4,-0.18451236824265516,-0.5313906740919832,1.0327588348736834,1.2891,1,1.2891,6.0,inf
399,5,-0.18451236824265516,-0.5313906740919832,1.0327588348736834,1.2891,1,1.2891,6.0,inf
400,0,0.1090198265775276,-0.5468417606141871,-1.047343822556741,5.732399999999999,1,5.732399999999999,6.0,inf
400,1,0.1090198265775276,-0.5468417606141871,-1.047343822556741,5.732399999999999,1,5.732399999999999,6.0,inf
400,2,0.1090198265775276,-0.5468417606141871,-1.047343822556741,5.732399999999999,1,5.732399999999999,6.0,inf
400,3,0.1090198265775276,-0.5468417606141871,-1.047343822556741,5.732399999999999,1,5.732399999999999,6.0,inf
400,4,0.1090198265775276,-0.5468417606141871,-1.047343822556741,5.732399999999999,1,5.732399999999999,6.0,inf
400,5,0.1090198265775276,-0.5468417606141871,-1.047343822556741,5.732399999999999,1,5.732399999999999,6.0,inf
401,0,0.049498885003285746,0.009924066052691536,-0.1504769066483251,3.1403999999999996,1,3.1403999999999996,6.0,inf
401,1,0.049498885003285746,0.009924066052691536,-0.1504769066483251,3.1403999999999996,1,3.1403999999999996,6.0,inf
401,2,0.049498885003285746,0.009924066052691536,-0.1504769066483251,3.1403999999999996,1,3.1403999999999996,6.0,inf
401,3,0.049498885003285746,0.009924066052691536,-0.1504769066483251,3.1403999999999996,1,3.1403999999999996,6.0,inf
401,4,0.049498885003285746,0.009924066052691536,-0.1504769066483251,3.1403999999999996,1,3.1403999999999996,6.0,inf
401,5,0.049498885003285746,0.009924066052691536,-0.1504769066483251,3.1403999999999996,1,3.1403999999999996,6.0,inf
402,0,-0.6042415897013079,0.73151303063042,0.8935882367740984,3.8286,1,3.8286,6.0,inf
402,1,-0.6042415897013079,0.73151303063042,0.8935882367740984,3.8286,1,3.8286,6.0,inf
402,2,-0.6042415897013079,0.73151303063042,0.8935882367740984,3.8286,1,3.8286,6.0,inf
402,3,-0.6042415897013079,0.73151303063042,0.8935882367740984,3.8286,1,3.8286,6.0,inf
402,4,-0.6042415897013079,0.73151303063042,0.8935882367740984,3.8286,1,3.8286,6.0,inf
402,5,-0.6042415897013079,0.73151303063042,0.8935882367740984,3.8286,1,3.8286,6.0,inf
403,0,-0.27302551858471774,-0.24777879209695128,0.7370699845725471,3.7922999999999996,1,3.7922999999999996,6.0,inf
403,1,-0.27302551858471774,-0.24777879209695128,0.7370699845725471,3.7922999999999996,1,3.7922999999999996,6.0,inf
403,2,-0.27302551858471774,-0.24777879209695128,0.7370699845725471,3.7922999999999996,1,3.7922999999999996,6.0,inf
403,3,-0.27302551858471774,-0.24777879209695128,0.7370699845725471,3.7922999999999996,1,3.7922999999999996,6.0,inf
403,4,-0.27302551858471774,-0.24777879209695128,0.7370699845725471,3.7922999999999996,1,3.7922999999999996,6.0,inf
403,5,-0.27302551858471774,-0.24777879209695128,0.7370699845725471,3.7922999999999996,1,3.7922999999999996,6.0,inf
404,0,-1.0987071433857079,-1.0469014803536123,-0.9696943533619313,6.0,0,7.066199999999999,6.0,inf
404,1,-1.0987071433857079,-1.0469014803536123,-0.9696943533619313,6.0,0,7.066199999999999,6.0,inf
404,2,-1.0987071433857079,-1.0469014803536123,-0.9696943533619313,6.0,0,7.066199999999999,6.0,inf
404,3,-1.0987071433857079,-1.0469014803536123,-0.9696943533619313,6.0,0,7.066199999999999,6.0,inf
404,4,-1.0987071433857079,-1.0469014803536123,-0.9696943533619313,6.0,0,7.066199999999999,6.0,inf
404,5,-1.0987071433857079,-1.0469014803536123,-0.9696943533619313,6.0,0,7.066199999999999,6.0,inf
405,0,0.2415491078349508,-0.13145565084403507,0.5368405027012277,2.1504,1,2.1504,6.0,inf
405,1,0.2415491078349508,-0.13145565084403507,0.5368405027012277,2.1504,1,2.1504,6.0,inf
405,2,0.2415491078349508,-0.13145565084403507,0.5368405027012277,2.1504,1,2.1504,6.0,inf
405,3,0.2415491078349508,-0.13145565084403507,0.5368405027012277,2.1504,1,2.1504,6.0,inf
405,4,0.2415491078349508,-0.13145565084403507,0.5368405027012277,2.1504,1,2.1504,6.0,inf
405,5,0.2415491078349508,-0.13145565084403507,0.5368405027012277,2.1504,1,2.1504,6.0,inf
406,0,-0.6971513553496093,0.9396326406388772,0.022271629082112058,1.4447999999999999,1,1.4447999999999999,6.0,inf
406,1,-0.6971513553496093,0.9396326406388772,0.022271629082112058,1.4447999999999999,1,1.4447999999999999,6.0,inf
406,2,-0.6971513553496093,0.9396326406388772,0.022271629082112058,1.4447999999999999,1,1.4447999999999999,6.0,inf
406,3,-0.6971513553496093,0.9396326406388772,0.022271629082112058,1.4447999999999999,1,1.4447999999999999,6.0,inf
406,4,-0.6971513553496093,0.9396326406388772,0.022271629082112058,1.4447999999999999,1,1.4447999999999999,6.0,inf
406,5,-0.6971513553496093,0.9396326406388772,0.022271629082112058,1.4447999999999999,1,1.4447999999999999,6.0,inf
407,0,1.192769507358704,-0.7390686066762876,0.5765837643898333,1.1835,1,1.1835,6.0,inf
407,1,1.192769507358704,-0.7390686066762876,0.5765837643898333,1.1835,1,1.1835,6.0,inf
407,2,1.192769507358704,-0.7390686066762876,0.5765837643898333,1.1835,1,1.1835,6.0,inf
407,3,1.192769507358704,-0.7390686066762876,0.5765837643898333,1.1835,1,1.1835,6.0,inf
407,4,1.192769507358704,-0.7390686066762876,0.5765837643898333,1.1835,1,1.1835,6.0,inf
407,5,1.192769507358704,-0.7390686066762876,0.5765837643898333,1.1835,1,1.1835,6.0,inf
408,0,-1.7991230084578576,-0.5559078770986596,2.026063084070205,1.6916999999999998,1,1.6916999999999998,6.0,inf
408,1,-1.7991230084578576,-0.5559078770986596,2.026063084070205,1.6916999999999998,1,1.6916999999999998,6.0,inf
408,2,-1.7991230084578576,-0.5559078770986596,2.026063084070205,1.6916999999999998,1,1.6916999999999998,6.0,inf
408,3,-1.7991230084578576,-0.5559078770986596,2.026063084070205,1.6916999999999998,1,1.6916999999999998,6.0,inf
408,4,-1.7991230084578576,-0.5559078770986596,2.026063084070205,1.6916999999999998,1,1.6916999999999998,6.0,inf
408,5,-1.7991230084578576,-0.5559078770986596,2.026063084070205,1.6916999999999998,1,1.6916999999999998,6.0,inf
409,0,0.31760364395437657,-1.2802891309084712,1.8399392579783187,1.3178999999999998,1,1.3178999999999998,6.0,inf
409,1,0.31760364395437657,-1.2802891309084712,1.8399392579783187,1.3178999999999998,1,1.3178999999999998,6.0,inf
409,2,0.31760364395437657,-1.2802891309084712,1.8399392579783187,1.3178999999999998,1,1.3178999999999998,6.0,inf
409,3,0.31760364395437657,-1.2802891309084712,1.8399392579783187,1.3178999999999998,1,1.3178999999999998,6.0,inf
409,4,0.31760364395437657,-1.2802891309084712,1.8399392579783187,1.3178999999999998,1,1.3178999999999998,6.0,inf
409,5,0.31760364395437657,-1.2802891309084712,1.8399392579783187,1.3178999999999998,1,1.3178999999999998,6.0,inf
410,0,-0.5487827550452273,-0.3481759745566889,0.5883029865670668,4.4159999999999995,1,4.4159999999999995,6.0,inf
410,1,-0.5487827550452273,-0.3481759745566889,0.5883029865670668,4.4159999999999995,1,4.4159999999999995,6.0,inf
410,2,-0.5487827550452273,-0.3481759745566889,0.5883029865670668,4.4159999999999995,1,4.4159999999999995,6.0,inf
410,3,-0.5487827550452273,-0.3481759745566889,0.5883029865670668,4.4159999999999995,1,4.4159999999999995,6.0,inf
410,4,-0.5487827550452273,-0.3481759745566889,0.5883029865670668,4.4159999999999995,1,4.4159999999999995,6.0,inf
410,5,-0.5487827550452273,-0.3481759745566889,0.5883029865670668,4.4159999999999995,1,4.4159999999999995,6.0,inf
411,0,0.5371692601409636,1.604882448187286,-1.2662910136937389,1.9235999999999998,1,1.9235999999999998,6.0,inf
411,1,0.5371692601409636,1.604882448187286,-1.2662910136937389,1.9235999999999998,1,1.9235999999999998,6.0,inf
411,2,0.5371692601409636,1.604882448187286,-1.2662910136937389,1.9235999999999998,1,1.9235999999999998,6.0,inf
411,3,0.5371692601409636,1.604882448187286,-1.2662910136937389,1.9235999999999998,1,1.9235999999999998,6.0,inf
411,4,0.5371692601409636,1.604882448187286,-1.2662910136937389,1.9235999999999998,1,1.9235999999999998,6.0,inf
411,5,0.5371692601409636,1.604882448187286,-1.2662910136937389,1.9235999999999998,1,1.9235999999999998,6.0,inf
412,0,-0.2886370331553325,0.8665884697837122,-0.802473769428442,4.446599999999999,1,4.446599999999999,6.0,inf
412,1,-0.2886370331553325,0.8665884697837122,-0.802473769428442,4.446599999999999,1,4.446599999999999,6.0,inf
412,2,-0.2886370331553325,0.8665884697837122,-0.802473769428442,4.446599999999999,1,4.446599999999999,6.0,inf
412,3,-0.2886370331553325,0.8665884697837122,-0.802473769428442,4.446599999999999,1,4.446599999999999,6.0,inf
412,4,-0.2886370331553325,0.8665884697837122,-0.802473769428442,4.446599999999999,1,4.446599999999999,6.0,inf
412,5,-0.2886370331553325,0.8665884697837122,-0.802473769428442,4.446599999999999,1,4.446599999999999,6.0,inf
413,0,1.2275254842232979,0.8714955732886503,1.578101127149655,1.2752999999999999,1,1.2752999999999999,6.0,inf
413,1,1.2275254842232979,0.8714955732886503,1.578101127149655,1.2752999999999999,1,1.2752999999999999,6.0,inf
413,2,1.2275254842232979,0.8714955732886503,1.578101127149655,1.2752999999999999,1,1.2752999999999999,6.0,inf
413,3,1.2275254842232979,0.8714955732886503,1.578101127149655,1.2752999999999999,1,1.2752999999999999,6.0,inf
413,4,1.2275254842232979,0.8714955732886503,1.578101127149655,1.2752999999999999,1,1.2752999999999999,6.0,inf
413,5,1.2275254842232979,0.8714955732886503,1.578101127149655,1.2752999999999999,1,1.2752999999999999,6.0,inf
414,0,-0.9055411045566264,-0.9668061236088029,0.0769352607259841,6.0,0,6.5123999999999995,6.0,inf
414,1,-0.9055411045566264,-0.9668061236088029,0.0769352607259841,6.0,0,6.5123999999999995,6.0,inf
414,2,-0.9055411045566264,-0.9668061236088029,0.0769352607259841,6.0,0,6.5123999999999995,6.0,inf
414,3,-0.9055411045566264,-0.9668061236088029,0.0769352607259841,6.0,0,6.5123999999999995,6.0,inf
414,4,-0.9055411045566264,-0.9668061236088029,0.0769352607259841,6.0,0,6.5123999999999995,6.0,inf
414,5,-0.9055411045566264,-0.9668061236088029,0.0769352607259841,6.0,0,6.5123999999999995,6.0,inf
415,0,-0.9644756931523364,0.8077189737575254,-0.5108930686061343,2.3943,1,2.3943,6.0,inf
415,1,-0.9644756931523364,0.8077189737575254,-0.5108930686061343,2.3943,1,2.3943,6.0,inf
415,2,-0.9644756931523364,0.8077189737575254,-0.5108930686061343,2.3943,1,2.3943,6.0,inf
415,3,-0.9644756931523364,0.8077189737575254,-0.5108930686061343,2.3943,1,2.3943,6.0,inf
415,4,-0.9644756931523364,0.8077189737575254,-0.5108930686061343,2.3943,1,2.3943,6.0,inf
415,5,-0.9644756931523364,0.8077189737575254,-0.5108930686061343,2.3943,1,2.3943,6.0,inf
416,0,-0.06986657482224007,-1.819731702726029,0.141329242327432,4.414199999999999,1,4.414199999999999,6.0,inf
416,1,-0.06986657482224007,-1.819731702726029,0.141329242327432,4.414199999999999,1,4.414199999999999,6.0,inf
416,2,-0.06986657482224007,-1.819731702726029,0.141329242327432,4.414199999999999,1,4.414199999999999,6.0,inf
416,3,-0.06986657482224007,-1.819731702726029,0.141329242327432,4.414199999999999,1,4.414199999999999,6.0,inf
416,4,-0.06986657482224007,-1.819731702726029,0.141329242327432,4.414199999999999,1,4.414199999999999,6.0,inf
416,5,-0.06986657482224007,-1.819731702726029,0.141329242327432,4.414199999999999,1,4.414199999999999,6.0,inf
417,0,-1.0318112894132498,1.1431615795978585,0.6469768635449256,3.0062999999999995,1,3.0062999999999995,6.0,inf
417,1,-1.0318112894132498,1.1431615795978585,0.6469768635449256,3.0062999999999995,1,3.0062999999999995,6.0,inf
417,2,-1.0318112894132498,1.1431615795978585,0.6469768635449256,3.0062999999999995,1,3.0062999999999995,6.0,inf
417,3,-1.0318112894132498,1.1431615795978585,0.6469768635449256,3.0062999999999995,1,3.0062999999999995,6.0,inf
417,4,-1.0318112894132498,1.1431615795978585,0.6469768635449256,3.0062999999999995,1,3.0062999999999995,6.0,inf
417,5,-1.0318112894132498,1.1431615795978585,0.6469768635449256,3.0062999999999995,1,3.0062999999999995,6.0,inf
418,0,0.7261666145146833,-0.22777510435308831,-1.78335714706742,3.1748999999999996,1,3.1748999999999996,6.0,inf
418,1,0.7261666145146833,-0.22777510435308831,-1.78335714706742,3.1748999999999996,1,3.1748999999999996,6.0,inf
418,2,0.7261666145146833,-0.22777510435308831,-1.78335714706742,3.1748999999999996,1,3.1748999999999996,6.0,inf
418,3,0.7261666145146833,-0.22777510435308831,-1.78335714706742,3.1748999999999996,1,3.1748999999999996,6.0,inf
418,4,0.7261666145146833,-0.22777510435308831,-1.78335714706742,3.1748999999999996,1,3.1748999999999996,6.0,inf
418,5,0.7261666145146833,-0.22777510435308831,-1.78335714706742,3.1748999999999996,1,3.1748999999999996,6.0,inf
419,0,1.516849924295882,-0.6159816746786132,2.15316555851937,1.0947,1,1.0947,6.0,inf
419,1,1.516849924295882,-0.6159816746786132,2.15316555851937,1.0947,1,1.0947,6.0,inf
419,2,1.516849924295882,-0.6159816746786132,2.15316555851937,1.0947,1,1.0947,6.0,inf
419,3,1.516849924295882,-0.6159816746786132,2.15316555851937,1.0947,1,1.0947,6.0,inf
419,4,1.516849924295882,-0.6159816746786132,2.15316555851937,1.0947,1,1.0947,6.0,inf
419,5,1.516849924295882,-0.6159816746786132,2.15316555851937,1.0947,1,1.0947,6.0,inf
420,0,2.015284441288678,0.6214099387874399,0.4283199402100876,1.9271999999999998,1,1.9271999999999998,6.0,inf
420,1,2.015284441288678,0.6214099387874399,0.4283199402100876,1.9271999999999998,1,1.9271999999999998,6.0,inf
420,2,2.015284441288678,0.6214099387874399,0.4283199402100876,1.9271999999999998,1,1.9271999999999998,6.0,inf
420,3,2.015284441288678,0.6214099387874399,0.4283199402100876,1.9271999999999998,1,1.9271999999999998,6.0,inf
420,4,2.015284441288678,0.6214099387874399,0.4283199402100876,1.9271999999999998,1,1.9271999999999998,6.0,inf
420,5,2.015284441288678,0.6214099387874399,0.4283199402100876,1.9271999999999998,1,1.9271999999999998,6.0,inf
421,0,1.1736104837694703,-0.4212610032412729,0.48934070987401485,1.2518999999999998,1,1.2518999999999998,6.0,inf
421,1,1.1736104837694703,-0.4212610032412729,0.48934070987401485,1.2518999999999998,1,1.2518999999999998,6.0,inf
421,2,1.1736104837694703,-0.4212610032412729,0.48934070987401485,1.2518999999999998,1,1.2518999999999998,6.0,inf
421,3,1.1736104837694703,-0.4212610032412729,0.48934070987401485,1.2518999999999998,1,1.2518999999999998,6.0,inf
421,4,1.1736104837694703,-0.4212610032412729,0.48934070987401485,1.2518999999999998,1,1.2518999999999998,6.0,inf
421,5,1.1736104837694703,-0.4212610032412729,0.48934070987401485,1.2518999999999998,1,1.2518999999999998,6.0,inf
422,0,0.29298060781660124,-0.02415552991305388,1.786903846541478,1.6769999999999998,1,1.6769999999999998,6.0,inf
422,1,0.29298060781660124,-0.02415552991305388,1.786903846541478,1.6769999999999998,1,1.6769999999999998,6.0,inf
422,2,0.29298060781660124,-0.02415552991305388,1.786903846541478,1.6769999999999998,1,1.6769999999999998,6.0,inf
422,3,0.29298060781660124,-0.02415552991305388,1.786903846541478,1.6769999999999998,1,1.6769999999999998,6.0,inf
422,4,0.29298060781660124,-0.02415552991305388,1.786903846541478,1.6769999999999998,1,1.6769999999999998,6.0,inf
422,5,0.29298060781660124,-0.02415552991305388,1.786903846541478,1.6769999999999998,1,1.6769999999999998,6.0,inf
423,0,-0.1680995009802605,0.2686289952360153,0.006437751688648588,2.7239999999999998,1,2.7239999999999998,6.0,inf
423,1,-0.1680995009802605,0.2686289952360153,0.006437751688648588,2.7239999999999998,1,2.7239999999999998,6.0,inf
423,2,-0.1680995009802605,0.2686289952360153,0.006437751688648588,2.7239999999999998,1,2.7239999999999998,6.0,inf
423,3,-0.1680995009802605,0.2686289952360153,0.006437751688648588,2.7239999999999998,1,2.7239999999999998,6.0,inf
423,4,-0.1680995009802605,0.2686289952360153,0.006437751688648588,2.7239999999999998,1,2.7239999999999998,6.0,inf
423,5,-0.1680995009802605,0.2686289952360153,0.006437751688648588,2.7239999999999998,1,2.7239999999999998,6.0,inf
424,0,1.2069206637954355,-0.852980519603024,-0.9777925223963025,3.6531,1,3.6531,6.0,inf
424,1,1.2069206637954355,-0.852980519603024,-0.9777925223963025,3.6531,1,3.6531,6.0,inf
424,2,1.2069206637954355,-0.852980519603024,-0.9777925223963025,3.6531,1,3.6531,6.0,inf
424,3,1.2069206637954355,-0.852980519603024,-0.9777925223963025,3.6531,1,3.6531,6.0,inf
424,4,1.2069206637954355,-0.852980519603024,-0.9777925223963025,3.6531,1,3.6531,6.0,inf
424,5,1.2069206637954355,-0.852980519603024,-0.9777925223963025,3.6531,1,3.6531,6.0,inf
425,0,-0.3781339525726365,-0.2907784276020226,0.16811449466713702,4.3167,1,4.3167,6.0,inf
425,1,-0.3781339525726365,-0.2907784276020226,0.16811449466713702,4.3167,1,4.3167,6.0,inf
425,2,-0.3781339525726365,-0.2907784276020226,0.16811449466713702,4.3167,1,4.3167,6.0,inf
425,3,-0.3781339525726365,-0.2907784276020226,0.16811449466713702,4.3167,1,4.3167,6.0,inf
425,4,-0.3781339525726365,-0.2907784276020226,0.16811449466713702,4.3167,1,4.3167,6.0,inf
425,5,-0.3781339525726365,-0.2907784276020226,0.16811449466713702,4.3167,1,4.3167,6.0,inf
426,0,0.3719536346382331,0.2004077792619581,1.2729951557943602,1.041,1,1.041,6.0,inf
426,1,0.3719536346382331,0.2004077792619581,1.2729951557943602,1.041,1,1.041,6.0,inf
426,2,0.3719536346382331,0.2004077792619581,1.2729951557943602,1.041,1,1.041,6.0,inf
426,3,0.3719536346382331,0.2004077792619581,1.2729951557943602,1.041,1,1.041,6.0,inf
426,4,0.3719536346382331,0.2004077792619581,1.2729951557943602,1.041,1,1.041,6.0,inf
426,5,0.3719536346382331,0.2004077792619581,1.2729951557943602,1.041,1,1.041,6.0,inf
427,0,-0.6777663999004674,1.7136270863691725,-0.40320725520185274,2.529,1,2.529,6.0,inf
427,1,-0.6777663999004674,1.7136270863691725,-0.40320725520185274,2.529,1,2.529,6.0,inf
427,2,-0.6777663999004674,1.7136270863691725,-0.40320725520185274,2.529,1,2.529,6.0,inf
427,3,-0.6777663999004674,1.7136270863691725,-0.40320725520185274,2.529,1,2.529,6.0,inf
427,4,-0.6777663999004674,1.7136270863691725,-0.40320725520185274,2.529,1,2.529,6.0,inf
427,5,-0.6777663999004674,1.7136270863691725,-0.40320725520185274,2.529,1,2.529,6.0,inf
428,0,-0.4469946728696135,0.8785754429916418,-0.5381504147516448,4.3938,1,4.3938,6.0,inf
428,1,-0.4469946728696135,0.8785754429916418,-0.5381504147516448,4.3938,1,4.3938,6.0,inf
428,2,-0.4469946728696135,0.8785754429916418,-0.5381504147516448,4.3938,1,4.3938,6.0,inf
428,3,-0.4469946728696135,0.8785754429916418,-0.5381504147516448,4.3938,1,4.3938,6.0,inf
428,4,-0.4469946728696135,0.8785754429916418,-0.5381504147516448,4.3938,1,4.3938,6.0,inf
428,5,-0.4469946728696135,0.8785754429916418,-0.5381504147516448,4.3938,1,4.3938,6.0,inf
429,0,0.04392701127025813,-0.6993423304375713,-0.4406272860816074,3.3621,1,3.3621,6.0,inf
429,1,0.04392701127025813,-0.6993423304375713,-0.4406272860816074,3.3621,1,3.3621,6.0,inf
429,2,0.04392701127025813,-0.6993423304375713,-0.4406272860816074,3.3621,1,3.3621,6.0,inf
429,3,0.04392701127025813,-0.6993423304375713,-0.4406272860816074,3.3621,1,3.3621,6.0,inf
429,4,0.04392701127025813,-0.6993423304375713,-0.4406272860816074,3.3621,1,3.3621,6.0,inf
429,5,0.04392701127025813,-0.6993423304375713,-0.4406272860816074,3.3621,1,3.3621,6.0,inf
430,0,0.08389217640960374,-1.2468665817977704,1.4298045847382446,0.0003,1,0.0003,6.0,inf
430,1,0.08389217640960374,-1.2468665817977704,1.4298045847382446,0.0003,1,0.0003,6.0,inf
430,2,0.08389217640960374,-1.2468665817977704,1.4298045847382446,0.0003,1,0.0003,6.0,inf
430,3,0.08389217640960374,-1.2468665817977704,1.4298045847382446,0.0003,1,0.0003,6.0,inf
430,4,0.08389217640960374,-1.2468665817977704,1.4298045847382446,0.0003,1,0.0003,6.0,inf
430,5,0.08389217640960374,-1.2468665817977704,1.4298045847382446,0.0003,1,0.0003,6.0,inf
431,0,2.319719469028651,0.47466193757371317,1.1100582189629125,0.8229,1,0.8229,6.0,inf
431,1,2.319719469028651,0.47466193757371317,1.1100582189629125,0.8229,1,0.8229,6.0,inf
431,2,2.319719469028651,0.47466193757371317,1.1100582189629125,0.8229,1,0.8229,6.0,inf
431,3,2.319719469028651,0.47466193757371317,1.1100582189629125,0.8229,1,0.8229,6.0,inf
431,4,2.319719469028651,0.47466193757371317,1.1100582189629125,0.8229,1,0.8229,6.0,inf
431,5,2.319719469028651,0.47466193757371317,1.1100582189629125,0.8229,1,0.8229,6.0,inf
432,0,1.1220086504747857,-0.4641649944614479,-0.8817507193927022,2.8491,1,2.8491,6.0,inf
432,1,1.1220086504747857,-0.4641649944614479,-0.8817507193927022,2.8491,1,2.8491,6.0,inf
432,2,1.1220086504747857,-0.4641649944614479,-0.8817507193927022,2.8491,1,2.8491,6.0,inf
432,3,1.1220086504747857,-0.4641649944614479,-0.8817507193927022,2.8491,1,2.8491,6.0,inf
432,4,1.1220086504747857,-0.4641649944614479,-0.8817507193927022,2.8491,1,2.8491,6.0,inf
432,5,1.1220086504747857,-0.4641649944614479,-0.8817507193927022,2.8491,1,2.8491,6.0,inf
433,0,0.5435736682801809,-1.0187397887986096,-0.022748720799493364,4.018199999999999,1,4.018199999999999,6.0,inf
433,1,0.5435736682801809,-1.0187397887986096,-0.022748720799493364,4.018199999999999,1,4.018199999999999,6.0,inf
433,2,0.5435736682801809,-1.0187397887986096,-0.022748720799493364,4.018199999999999,1,4.018199999999999,6.0,inf
433,3,0.5435736682801809,-1.0187397887986096,-0.022748720799493364,4.018199999999999,1,4.018199999999999,6.0,inf
433,4,0.5435736682801809,-1.0187397887986096,-0.022748720799493364,4.018199999999999,1,4.018199999999999,6.0,inf
433,5,0.5435736682801809,-1.0187397887986096,-0.022748720799493364,4.018199999999999,1,4.018199999999999,6.0,inf
434,0,-1.0195544854637724,-1.0220111682233817,-0.9260781731694171,6.0,0,6.5988,6.0,inf
434,1,-1.0195544854637724,-1.0220111682233817,-0.9260781731694171,6.0,0,6.5988,6.0,inf
434,2,-1.0195544854637724,-1.0220111682233817,-0.9260781731694171,6.0,0,6.5988,6.0,inf
434,3,-1.0195544854637724,-1.0220111682233817,-0.9260781731694171,6.0,0,6.5988,6.0,inf
434,4,-1.0195544854637724,-1.0220111682233817,-0.9260781731694171,6.0,0,6.5988,6.0,inf
434,5,-1.0195544854637724,-1.0220111682233817,-0.9260781731694171,6.0,0,6.5988,6.0,inf
435,0,1.7826136463445639,-0.9014696700010009,0.6608044872012233,2.1071999999999997,1,2.1071999999999997,6.0,inf
435,1,1.7826136463445639,-0.9014696700010009,0.6608044872012233,2.1071999999999997,1,2.1071999999999997,6.0,inf
435,2,1.7826136463445639,-0.9014696700010009,0.6608044872012233,2.1071999999999997,1,2.1071999999999997,6.0,inf
435,3,1.7826136463445639,-0.9014696700010009,0.6608044872012233,2.1071999999999997,1,2.1071999999999997,6.0,inf
435,4,1.7826136463445639,-0.9014696700010009,0.6608044872012233,2.1071999999999997,1,2.1071999999999997,6.0,inf
435,5,1.7826136463445639,-0.9014696700010009,0.6608044872012233,2.1071999999999997,1,2.1071999999999997,6.0,inf
436,0,-1.3429385611883182,0.5170910284682917,0.7710408207366903,1.9493999999999998,1,1.9493999999999998,6.0,inf
436,1,-1.3429385611883182,0.5170910284682917,0.7710408207366903,1.9493999999999998,1,1.9493999999999998,6.0,inf
436,2,-1.3429385611883182,0.5170910284682917,0.7710408207366903,1.9493999999999998,1,1.9493999999999998,6.0,inf
436,3,-1.3429385611883182,0.5170910284682917,0.7710408207366903,1.9493999999999998,1,1.9493999999999998,6.0,inf
436,4,-1.3429385611883182,0.5170910284682917,0.7710408207366903,1.9493999999999998,1,1.9493999999999998,6.0,inf
436,5,-1.3429385611883182,0.5170910284682917,0.7710408207366903,1.9493999999999998,1,1.9493999999999998,6.0,inf
437,0,-0.16112603360499414,0.27624530295947036,1.214020316929063,1.5588,1,1.5588,6.0,inf
437,1,-0.16112603360499414,0.27624530295947036,1.214020316929063,1.5588,1,1.5588,6.0,inf
437,2,-0.16112603360499414,0.27624530295947036,1.214020316929063,1.5588,1,1.5588,6.0,inf
437,3,-0.16112603360499414,0.27624530295947036,1.214020316929063,1.5588,1,1.5588,6.0,inf
437,4,-0.16112603360499414,0.27624530295947036,1.214020316929063,1.5588,1,1.5588,6.0,inf
437,5,-0.16112603360499414,0.27624530295947036,1.214020316929063,1.5588,1,1.5588,6.0,inf
438,0,1.3497578496049716,0.018719779139239816,0.170392627270003,1.3779,1,1.3779,6.0,inf
438,1,1.3497578496049716,0.018719779139239816,0.170392627270003,1.3779,1,1.3779,6.0,inf
438,2,1.3497578496049716,0.018719779139239816,0.170392627270003,1.3779,1,1.3779,6.0,inf
438,3,1.3497578496049716,0.018719779139239816,0.170392627270003,1.3779,1,1.3779,6.0,inf
438,4,1.3497578496049716,0.018719779139239816,0.170392627270003,1.3779,1,1.3779,6.0,inf
438,5,1.3497578496049716,0.018719779139239816,0.170392627270003,1.3779,1,1.3779,6.0,inf
439,0,-0.47107415321317236,0.4897168049243483,0.18640268055036993,3.8750999999999998,1,3.8750999999999998,6.0,inf
439,1,-0.47107415321317236,0.4897168049243483,0.18640268055036993,3.8750999999999998,1,3.8750999999999998,6.0,inf
439,2,-0.47107415321317236,0.4897168049243483,0.18640268055036993,3.8750999999999998,1,3.8750999999999998,6.0,inf
439,3,-0.47107415321317236,0.4897168049243483,0.18640268055036993,3.8750999999999998,1,3.8750999999999998,6.0,inf
439,4,-0.47107415321317236,0.4897168049243483,0.18640268055036993,3.8750999999999998,1,3.8750999999999998,6.0,inf
439,5,-0.47107415321317236,0.4897168049243483,0.18640268055036993,3.8750999999999998,1,3.8750999999999998,6.0,inf
440,0,1.3007465641832399,1.9002901503944796,0.7320853938612079,1.1348999999999998,1,1.1348999999999998,6.0,inf
440,1,1.3007465641832399,1.9002901503944796,0.7320853938612079,1.1348999999999998,1,1.1348999999999998,6.0,inf
440,2,1.3007465641832399,1.9002901503944796,0.7320853938612079,1.1348999999999998,1,1.1348999999999998,6.0,inf
440,3,1.3007465641832399,1.9002901503944796,0.7320853938612079,1.1348999999999998,1,1.1348999999999998,6.0,inf
440,4,1.3007465641832399,1.9002901503944796,0.7320853938612079,1.1348999999999998,1,1.1348999999999998,6.0,inf
440,5,1.3007465641832399,1.9002901503944796,0.7320853938612079,1.1348999999999998,1,1.1348999999999998,6.0,inf
441,0,0.34927660207495437,-2.8896427130014106,1.3174245446947994,3.8745,1,3.8745,6.0,inf
441,1,0.34927660207495437,-2.8896427130014106,1.3174245446947994,3.8745,1,3.8745,6.0,inf
441,2,0.34927660207495437,-2.8896427130014106,1.3174245446947994,3.8745,1,3.8745,6.0,inf
441,3,0.34927660207495437,-2.8896427130014106,1.3174245446947994,3.8745,1,3.8745,6.0,inf
441,4,0.34927660207495437,-2.8896427130014106,1.3174245446947994,3.8745,1,3.8745,6.0,inf
441,5,0.34927660207495437,-2.8896427130014106,1.3174245446947994,3.8745,1,3.8745,6.0,inf
442,0,0.017070008217221225,-1.324538498877835,-0.3867900024216714,4.4247,1,4.4247,6.0,inf
442,1,0.017070008217221225,-1.324538498877835,-0.3867900024216714,4.4247,1,4.4247,6.0,inf
442,2,0.017070008217221225,-1.324538498877835,-0.3867900024216714,4.4247,1,4.4247,6.0,inf
442,3,0.017070008217221225,-1.324538498877835,-0.3867900024216714,4.4247,1,4.4247,6.0,inf
442,4,0.017070008217221225,-1.324538498877835,-0.3867900024216714,4.4247,1,4.4247,6.0,inf
442,5,0.017070008217221225,-1.324538498877835,-0.3867900024216714,4.4247,1,4.4247,6.0,inf
443,0,-0.393265691912103,-0.13337650126733078,-0.5665516616215557,1.5743999999999998,1,1.5743999999999998,6.0,inf
443,1,-0.393265691912103,-0.13337650126733078,-0.5665516616215557,1.5743999999999998,1,1.5743999999999998,6.0,inf
443,2,-0.393265691912103,-0.13337650126733078,-0.5665516616215557,1.5743999999999998,1,1.5743999999999998,6.0,inf
443,3,-0.393265691912103,-0.13337650126733078,-0.5665516616215557,1.5743999999999998,1,1.5743999999999998,6.0,inf
443,4,-0.393265691912103,-0.13337650126733078,-0.5665516616215557,1.5743999999999998,1,1.5743999999999998,6.0,inf
443,5,-0.393265691912103,-0.13337650126733078,-0.5665516616215557,1.5743999999999998,1,1.5743999999999998,6.0,inf
444,0,-0.6293394823923223,-0.5229181484945684,0.6168420062297338,1.7471999999999999,1,1.7471999999999999,6.0,inf
444,1,-0.6293394823923223,-0.5229181484945684,0.6168420062297338,1.7471999999999999,1,1.7471999999999999,6.0,inf
444,2,-0.6293394823923223,-0.5229181484945684,0.6168420062297338,1.7471999999999999,1,1.7471999999999999,6.0,inf
444,3,-0.6293394823923223,-0.5229181484945684,0.6168420062297338,1.7471999999999999,1,1.7471999999999999,6.0,inf
444,4,-0.6293394823923223,-0.5229181484945684,0.6168420062297338,1.7471999999999999,1,1.7471999999999999,6.0,inf
444,5,-0.6293394823923223,-0.5229181484945684,0.6168420062297338,1.7471999999999999,1,1.7471999999999999,6.0,inf
445,0,-0.9885334930197694,-0.3399735654849678,0.2790634368609918,2.0054999999999996,1,2.0054999999999996,6.0,inf
445,1,-0.9885334930197694,-0.3399735654849678,0.2790634368609918,2.0054999999999996,1,2.0054999999999996,6.0,inf
445,2,-0.9885334930197694,-0.3399735654849678,0.2790634368609918,2.0054999999999996,1,2.0054999999999996,6.0,inf
445,3,-0.9885334930197694,-0.3399735654849678,0.2790634368609918,2.0054999999999996,1,2.0054999999999996,6.0,inf
445,4,-0.9885334930197694,-0.3399735654849678,0.2790634368609918,2.0054999999999996,1,2.0054999999999996,6.0,inf
445,5,-0.9885334930197694,-0.3399735654849678,0.2790634368609918,2.0054999999999996,1,2.0054999999999996,6.0,inf
446,0,-1.4079887577984442,1.6561619800033631,1.1192239449072703,1.3682999999999998,1,1.3682999999999998,6.0,inf
446,1,-1.4079887577984442,1.6561619800033631,1.1192239449072703,1.3682999999999998,1,1.3682999999999998,6.0,inf
446,2,-1.4079887577984442,1.6561619800033631,1.1192239449072703,1.3682999999999998,1,1.3682999999999998,6.0,inf
446,3,-1.4079887577984442,1.6561619800033631,1.1192239449072703,1.3682999999999998,1,1.3682999999999998,6.0,inf
446,4,-1.4079887577984442,1.6561619800033631,1.1192239449072703,1.3682999999999998,1,1.3682999999999998,6.0,inf
446,5,-1.4079887577984442,1.6561619800033631,1.1192239449072703,1.3682999999999998,1,1.3682999999999998,6.0,inf
447,0,1.3706595025716355,-0.7937512214488023,0.019431310108904833,2.1344999999999996,1,2.1344999999999996,6.0,inf
447,1,1.3706595025716355,-0.7937512214488023,0.019431310108904833,2.1344999999999996,1,2.1344999999999996,6.0,inf
447,2,1.3706595025716355,-0.7937512214488023,0.019431310108904833,2.1344999999999996,1,2.1344999999999996,6.0,inf
447,3,1.3706595025716355,-0.7937512214488023,0.019431310108904833,2.1344999999999996,1,2.1344999999999996,6.0,inf
447,4,1.3706595025716355,-0.7937512214488023,0.019431310108904833,2.1344999999999996,1,2.1344999999999996,6.0,inf
447,5,1.3706595025716355,-0.7937512214488023,0.019431310108904833,2.1344999999999996,1,2.1344999999999996,6.0,inf
448,0,-0.23215035343951418,-0.49241087104013787,1.5095732030747064,1.257,1,1.257,6.0,inf
448,1,-0.23215035343951418,-0.49241087104013787,1.5095732030747064,1.257,1,1.257,6.0,inf
448,2,-0.23215035343951418,-0.49241087104013787,1.5095732030747064,1.257,1,1.257,6.0,inf
448,3,-0.23215035343951418,-0.49241087104013787,1.5095732030747064,1.257,1,1.257,6.0,inf
448,4,-0.23215035343951418,-0.49241087104013787,1.5095732030747064,1.257,1,1.257,6.0,inf
448,5,-0.23215035343951418,-0.49241087104013787,1.5095732030747064,1.257,1,1.257,6.0,inf
449,0,-0.5715975933634242,0.42745830682201513,2.2828468429475253,1.0143,1,1.0143,6.0,inf
449,1,-0.5715975933634242,0.42745830682201513,2.2828468429475253,1.0143,1,1.0143,6.0,inf
449,2,-0.5715975933634242,0.42745830682201513,2.2828468429475253,1.0143,1,1.0143,6.0,inf
449,3,-0.5715975933634242,0.42745830682201513,2.2828468429475253,1.0143,1,1.0143,6.0,inf
449,4,-0.5715975933634242,0.42745830682201513,2.2828468429475253,1.0143,1,1.0143,6.0,inf
449,5,-0.5715975933634242,0.42745830682201513,2.2828468429475253,1.0143,1,1.0143,6.0,inf
450,0,1.486123674655829,-0.755232719951582,0.43893831297167873,2.2116,1,2.2116,6.0,inf
450,1,1.486123674655829,-0.755232719951582,0.43893831297167873,2.2116,1,2.2116,6.0,inf
450,2,1.486123674655829,-0.755232719951582,0.43893831297167873,2.2116,1,2.2116,6.0,inf
450,3,1.486123674655829,-0.755232719951582,0.43893831297167873,2.2116,1,2.2116,6.0,inf
450,4,1.486123674655829,-0.755232719951582,0.43893831297167873,2.2116,1,2.2116,6.0,inf
450,5,1.486123674655829,-0.755232719951582,0.43893831297167873,2.2116,1,2.2116,6.0,inf
451,0,-0.8244487542598806,0.8493654250024548,0.7382264314491477,1.1864999999999999,1,1.1864999999999999,6.0,inf
451,1,-0.8244487542598806,0.8493654250024548,0.7382264314491477,1.1864999999999999,1,1.1864999999999999,6.0,inf
451,2,-0.8244487542598806,0.8493654250024548,0.7382264314491477,1.1864999999999999,1,1.1864999999999999,6.0,inf
451,3,-0.8244487542598806,0.8493654250024548,0.7382264314491477,1.1864999999999999,1,1.1864999999999999,6.0,inf
451,4,-0.8244487542598806,0.8493654250024548,0.7382264314491477,1.1864999999999999,1,1.1864999999999999,6.0,inf
451,5,-0.8244487542598806,0.8493654250024548,0.7382264314491477,1.1864999999999999,1,1.1864999999999999,6.0,inf
452,0,1.109703317935193,-0.3529457710462715,1.3433916989387975,2.0187,1,2.0187,6.0,inf
452,1,1.109703317935193,-0.3529457710462715,1.3433916989387975,2.0187,1,2.0187,6.0,inf
452,2,1.109703317935193,-0.3529457710462715,1.3433916989387975,2.0187,1,2.0187,6.0,inf
452,3,1.109703317935193,-0.3529457710462715,1.3433916989387975,2.0187,1,2.0187,6.0,inf
452,4,1.109703317935193,-0.3529457710462715,1.3433916989387975,2.0187,1,2.0187,6.0,inf
452,5,1.109703317935193,-0.3529457710462715,1.3433916989387975,2.0187,1,2.0187,6.0,inf
453,0,-0.1603317798185671,-0.6641135466996122,0.2518098759325376,3.8724,1,3.8724,6.0,inf
453,1,-0.1603317798185671,-0.6641135466996122,0.2518098759325376,3.8724,1,3.8724,6.0,inf
453,2,-0.1603317798185671,-0.6641135466996122,0.2518098759325376,3.8724,1,3.8724,6.0,inf
453,3,-0.1603317798185671,-0.6641135466996122,0.2518098759325376,3.8724,1,3.8724,6.0,inf
453,4,-0.1603317798185671,-0.6641135466996122,0.2518098759325376,3.8724,1,3.8724,6.0,inf
453,5,-0.1603317798185671,-0.6641135466996122,0.2518098759325376,3.8724,1,3.8724,6.0,inf
454,0,1.832352920778813,0.839504179830875,-1.9279748799291652,2.3621999999999996,1,2.3621999999999996,6.0,inf
454,1,1.832352920778813,0.839504179830875,-1.9279748799291652,2.3621999999999996,1,2.3621999999999996,6.0,inf
454,2,1.832352920778813,0.839504179830875,-1.9279748799291652,2.3621999999999996,1,2.3621999999999996,6.0,inf
454,3,1.832352920778813,0.839504179830875,-1.9279748799291652,2.3621999999999996,1,2.3621999999999996,6.0,inf
454,4,1.832352920778813,0.839504179830875,-1.9279748799291652,2.3621999999999996,1,2.3621999999999996,6.0,inf
454,5,1.832352920778813,0.839504179830875,-1.9279748799291652,2.3621999999999996,1,2.3621999999999996,6.0,inf
455,0,0.4186748831206723,-0.6631784653280275,1.6493199070767728,1.2849,1,1.2849,6.0,inf
455,1,0.4186748831206723,-0.6631784653280275,1.6493199070767728,1.2849,1,1.2849,6.0,inf
455,2,0.4186748831206723,-0.6631784653280275,1.6493199070767728,1.2849,1,1.2849,6.0,inf
455,3,0.4186748831206723,-0.6631784653280275,1.6493199070767728,1.2849,1,1.2849,6.0,inf
455,4,0.4186748831206723,-0.6631784653280275,1.6493199070767728,1.2849,1,1.2849,6.0,inf
455,5,0.4186748831206723,-0.6631784653280275,1.6493199070767728,1.2849,1,1.2849,6.0,inf
456,0,-1.0889084283874069,1.18527518632689,-0.8119882549272249,6.0,0,8.0001,6.0,inf
456,1,-1.0889084283874069,1.18527518632689,-0.8119882549272249,6.0,0,8.0001,6.0,inf
456,2,-1.0889084283874069,1.18527518632689,-0.8119882549272249,6.0,0,8.0001,6.0,inf
456,3,-1.0889084283874069,1.18527518632689,-0.8119882549272249,6.0,0,8.0001,6.0,inf
456,4,-1.0889084283874069,1.18527518632689,-0.8119882549272249,6.0,0,8.0001,6.0,inf
456,5,-1.0889084283874069,1.18527518632689,-0.8119882549272249,6.0,0,8.0001,6.0,inf
457,0,-1.9071847133725233,-0.32578852934258745,-1.6258119967879932,6.0,0,8.0001,6.0,inf
457,1,-1.9071847133725233,-0.32578852934258745,-1.6258119967879932,6.0,0,8.0001,6.0,inf
457,2,-1.9071847133725233,-0.32578852934258745,-1.6258119967879932,6.0,0,8.0001,6.0,inf
457,3,-1.9071847133725233,-0.32578852934258745,-1.6258119967879932,6.0,0,8.0001,6.0,inf
457,4,-1.9071847133725233,-0.32578852934258745,-1.6258119967879932,6.0,0,8.0001,6.0,inf
457,5,-1.9071847133725233,-0.32578852934258745,-1.6258119967879932,6.0,0,8.0001,6.0,inf
458,0,-1.5729007849949912,0.3161569801936044,0.48446606913061346,4.147799999999999,1,4.147799999999999,6.0,inf
458,1,-1.5729007849949912,0.3161569801936044,0.48446606913061346,4.147799999999999,1,4.147799999999999,6.0,inf
458,2,-1.5729007849949912,0.3161569801936044,0.48446606913061346,4.147799999999999,1,4.147799999999999,6.0,inf
458,3,-1.5729007849949912,0.3161569801936044,0.48446606913061346,4.147799999999999,1,4.147799999999999,6.0,inf
458,4,-1.5729007849949912,0.3161569801936044,0.48446606913061346,4.147799999999999,1,4.147799999999999,6.0,inf
458,5,-1.5729007849949912,0.3161569801936044,0.48446606913061346,4.147799999999999,1,4.147799999999999,6.0,inf
459,0,-0.8202157159557161,-0.6838170625072514,-0.46296586264884987,6.0,0,8.0001,6.0,inf
459,1,-0.8202157159557161,-0.6838170625072514,-0.46296586264884987,6.0,0,8.0001,6.0,inf
459,2,-0.8202157159557161,-0.6838170625072514,-0.46296586264884987,6.0,0,8.0001,6.0,inf
459,3,-0.8202157159557161,-0.6838170625072514,-0.46296586264884987,6.0,0,8.0001,6.0,inf
459,4,-0.8202157159557161,-0.6838170625072514,-0.46296586264884987,6.0,0,8.0001,6.0,inf
459,5,-0.8202157159557161,-0.6838170625072514,-0.46296586264884987,6.0,0,8.0001,6.0,inf
460,0,1.004065096102552,0.07443009524304245,-0.12762087492591956,2.2236,1,2.2236,6.0,inf
460,1,1.004065096102552,0.07443009524304245,-0.12762087492591956,2.2236,1,2.2236,6.0,inf
460,2,1.004065096102552,0.07443009524304245,-0.12762087492591956,2.2236,1,2.2236,6.0,inf
460,3,1.004065096102552,0.07443009524304245,-0.12762087492591956,2.2236,1,2.2236,6.0,inf
460,4,1.004065096102552,0.07443009524304245,-0.12762087492591956,2.2236,1,2.2236,6.0,inf
460,5,1.004065096102552,0.07443009524304245,-0.12762087492591956,2.2236,1,2.2236,6.0,inf
461,0,1.1711703408206955,0.5337834229851176,-0.17158762098771652,2.1626999999999996,1,2.1626999999999996,6.0,inf
461,1,1.1711703408206955,0.5337834229851176,-0.17158762098771652,2.1626999999999996,1,2.1626999999999996,6.0,inf
461,2,1.1711703408206955,0.5337834229851176,-0.17158762098771652,2.1626999999999996,1,2.1626999999999996,6.0,inf
461,3,1.1711703408206955,0.5337834229851176,-0.17158762098771652,2.1626999999999996,1,2.1626999999999996,6.0,inf
461,4,1.1711703408206955,0.5337834229851176,-0.17158762098771652,2.1626999999999996,1,2.1626999999999996,6.0,inf
461,5,1.1711703408206955,0.5337834229851176,-0.17158762098771652,2.1626999999999996,1,2.1626999999999996,6.0,inf
462,0,0.005939487026989785,0.7070162407173519,0.14355523493279726,1.8245999999999998,1,1.8245999999999998,6.0,inf
462,1,0.005939487026989785,0.7070162407173519,0.14355523493279726,1.8245999999999998,1,1.8245999999999998,6.0,inf
462,2,0.005939487026989785,0.7070162407173519,0.14355523493279726,1.8245999999999998,1,1.8245999999999998,6.0,inf
462,3,0.005939487026989785,0.7070162407173519,0.14355523493279726,1.8245999999999998,1,1.8245999999999998,6.0,inf
462,4,0.005939487026989785,0.7070162407173519,0.14355523493279726,1.8245999999999998,1,1.8245999999999998,6.0,inf
462,5,0.005939487026989785,0.7070162407173519,0.14355523493279726,1.8245999999999998,1,1.8245999999999998,6.0,inf
463,0,-0.9114976133150343,0.11121025930103856,0.7665090167754741,2.7620999999999998,1,2.7620999999999998,6.0,inf
463,1,-0.9114976133150343,0.11121025930103856,0.7665090167754741,2.7620999999999998,1,2.7620999999999998,6.0,inf
463,2,-0.9114976133150343,0.11121025930103856,0.7665090167754741,2.7620999999999998,1,2.7620999999999998,6.0,inf
463,3,-0.9114976133150343,0.11121025930103856,0.7665090167754741,2.7620999999999998,1,2.7620999999999998,6.0,inf
463,4,-0.9114976133150343,0.11121025930103856,0.7665090167754741,2.7620999999999998,1,2.7620999999999998,6.0,inf
463,5,-0.9114976133150343,0.11121025930103856,0.7665090167754741,2.7620999999999998,1,2.7620999999999998,6.0,inf
464,0,0.7200612815127208,-2.1651041287432613,-1.9909618089921512,4.7219999999999995,1,4.7219999999999995,6.0,inf
464,1,0.7200612815127208,-2.1651041287432613,-1.9909618089921512,4.7219999999999995,1,4.7219999999999995,6.0,inf
464,2,0.7200612815127208,-2.1651041287432613,-1.9909618089921512,4.7219999999999995,1,4.7219999999999995,6.0,inf
464,3,0.7200612815127208,-2.1651041287432613,-1.9909618089921512,4.7219999999999995,1,4.7219999999999995,6.0,inf
464,4,0.7200612815127208,-2.1651041287432613,-1.9909618089921512,4.7219999999999995,1,4.7219999999999995,6.0,inf
464,5,0.7200612815127208,-2.1651041287432613,-1.9909618089921512,4.7219999999999995,1,4.7219999999999995,6.0,inf
465,0,-0.6126801344206647,-0.1788107815333291,-1.8656719895858287,6.0,0,6.541199999999999,6.0,inf
465,1,-0.6126801344206647,-0.1788107815333291,-1.8656719895858287,6.0,0,6.541199999999999,6.0,inf
465,2,-0.6126801344206647,-0.1788107815333291,-1.8656719895858287,6.0,0,6.541199999999999,6.0,inf
465,3,-0.6126801344206647,-0.1788107815333291,-1.8656719895858287,6.0,0,6.541199999999999,6.0,inf
465,4,-0.6126801344206647,-0.1788107815333291,-1.8656719895858287,6.0,0,6.541199999999999,6.0,inf
465,5,-0.6126801344206647,-0.1788107815333291,-1.8656719895858287,6.0,0,6.541199999999999,6.0,inf
466,0,-0.5694629316972557,0.18069420800944963,1.910642050290273,1.2687,1,1.2687,6.0,inf
466,1,-0.5694629316972557,0.18069420800944963,1.910642050290273,1.2687,1,1.2687,6.0,inf
466,2,-0.5694629316972557,0.18069420800944963,1.910642050290273,1.2687,1,1.2687,6.0,inf
466,3,-0.5694629316972557,0.18069420800944963,1.910642050290273,1.2687,1,1.2687,6.0,inf
466,4,-0.5694629316972557,0.18069420800944963,1.910642050290273,1.2687,1,1.2687,6.0,inf
466,5,-0.5694629316972557,0.18069420800944963,1.910642050290273,1.2687,1,1.2687,6.0,inf
467,0,-0.20112628141778557,1.9097701230659367,-0.9579980748768913,2.5029,1,2.5029,6.0,inf
467,1,-0.20112628141778557,1.9097701230659367,-0.9579980748768913,2.5029,1,2.5029,6.0,inf
467,2,-0.20112628141778557,1.9097701230659367,-0.9579980748768913,2.5029,1,2.5029,6.0,inf
467,3,-0.20112628141778557,1.9097701230659367,-0.9579980748768913,2.5029,1,2.5029,6.0,inf
467,4,-0.20112628141778557,1.9097701230659367,-0.9579980748768913,2.5029,1,2.5029,6.0,inf
467,5,-0.20112628141778557,1.9097701230659367,-0.9579980748768913,2.5029,1,2.5029,6.0,inf
468,0,0.6700157169295973,0.5336737822827383,1.6310200582257395,1.7234999999999998,1,1.7234999999999998,6.0,inf
468,1,0.6700157169295973,0.5336737822827383,1.6310200582257395,1.7234999999999998,1,1.7234999999999998,6.0,inf
468,2,0.6700157169295973,0.5336737822827383,1.6310200582257395,1.7234999999999998,1,1.7234999999999998,6.0,inf
468,3,0.6700157169295973,0.5336737822827383,1.6310200582257395,1.7234999999999998,1,1.7234999999999998,6.0,inf
468,4,0.6700157169295973,0.5336737822827383,1.6310200582257395,1.7234999999999998,1,1.7234999999999998,6.0,inf
468,5,0.6700157169295973,0.5336737822827383,1.6310200582257395,1.7234999999999998,1,1.7234999999999998,6.0,inf
469,0,-0.07178038541002342,-0.8161744798933509,1.415958524189674,1.5059999999999998,1,1.5059999999999998,6.0,inf
469,1,-0.07178038541002342,-0.8161744798933509,1.415958524189674,1.5059999999999998,1,1.5059999999999998,6.0,inf
469,2,-0.07178038541002342,-0.8161744798933509,1.415958524189674,1.5059999999999998,1,1.5059999999999998,6.0,inf
469,3,-0.07178038541002342,-0.8161744798933509,1.415958524189674,1.5059999999999998,1,1.5059999999999998,6.0,inf
469,4,-0.07178038541002342,-0.8161744798933509,1.415958524189674,1.5059999999999998,1,1.5059999999999998,6.0,inf
469,5,-0.07178038541002342,-0.8161744798933509,1.415958524189674,1.5059999999999998,1,1.5059999999999998,6.0,inf
470,0,-1.1584448953280433,-0.01751117598833821,1.1505784565602188,2.5469999999999997,1,2.5469999999999997,6.0,inf
470,1,-1.1584448953280433,-0.01751117598833821,1.1505784565602188,2.5469999999999997,1,2.5469999999999997,6.0,inf
470,2,-1.1584448953280433,-0.01751117598833821,1.1505784565602188,2.5469999999999997,1,2.5469999999999997,6.0,inf
470,3,-1.1584448953280433,-0.01751117598833821,1.1505784565602188,2.5469999999999997,1,2.5469999999999997,6.0,inf
470,4,-1.1584448953280433,-0.01751117598833821,1.1505784565602188,2.5469999999999997,1,2.5469999999999997,6.0,inf
470,5,-1.1584448953280433,-0.01751117598833821,1.1505784565602188,2.5469999999999997,1,2.5469999999999997,6.0,inf
471,0,-0.7992803438363677,-0.43619607126192766,-0.6300915525967201,6.0,0,7.2185999999999995,6.0,inf
471,1,-0.7992803438363677,-0.43619607126192766,-0.6300915525967201,6.0,0,7.2185999999999995,6.0,inf
471,2,-0.7992803438363677,-0.43619607126192766,-0.6300915525967201,6.0,0,7.2185999999999995,6.0,inf
471,3,-0.7992803438363677,-0.43619607126192766,-0.6300915525967201,6.0,0,7.2185999999999995,6.0,inf
471,4,-0.7992803438363677,-0.43619607126192766,-0.6300915525967201,6.0,0,7.2185999999999995,6.0,inf
471,5,-0.7992803438363677,-0.43619607126192766,-0.6300915525967201,6.0,0,7.2185999999999995,6.0,inf
472,0,-0.8024518028876385,0.6985991590694982,0.24395315810170057,1.8054,1,1.8054,6.0,inf
472,1,-0.8024518028876385,0.6985991590694982,0.24395315810170057,1.8054,1,1.8054,6.0,inf
472,2,-0.8024518028876385,0.6985991590694982,0.24395315810170057,1.8054,1,1.8054,6.0,inf
472,3,-0.8024518028876385,0.6985991590694982,0.24395315810170057,1.8054,1,1.8054,6.0,inf
472,4,-0.8024518028876385,0.6985991590694982,0.24395315810170057,1.8054,1,1.8054,6.0,inf
472,5,-0.8024518028876385,0.6985991590694982,0.24395315810170057,1.8054,1,1.8054,6.0,inf
473,0,0.9332815943279441,-0.4286346052578953,-0.14296181854004308,3.0254999999999996,1,3.0254999999999996,6.0,inf
473,1,0.9332815943279441,-0.4286346052578953,-0.14296181854004308,3.0254999999999996,1,3.0254999999999996,6.0,inf
473,2,0.9332815943279441,-0.4286346052578953,-0.14296181854004308,3.0254999999999996,1,3.0254999999999996,6.0,inf
473,3,0.9332815943279441,-0.4286346052578953,-0.14296181854004308,3.0254999999999996,1,3.0254999999999996,6.0,inf
473,4,0.9332815943279441,-0.4286346052578953,-0.14296181854004308,3.0254999999999996,1,3.0254999999999996,6.0,inf
473,5,0.9332815943279441,-0.4286346052578953,-0.14296181854004308,3.0254999999999996,1,3.0254999999999996,6.0,inf
474,0,0.7590265346694128,1.3458703889990178,0.884809279045828,1.0752,1,1.0752,6.0,inf
474,1,0.7590265346694128,1.3458703889990178,0.884809279045828,1.0752,1,1.0752,6.0,inf
474,2,0.7590265346694128,1.3458703889990178,0.884809279045828,1.0752,1,1.0752,6.0,inf
474,3,0.7590265346694128,1.3458703889990178,0.884809279045828,1.0752,1,1.0752,6.0,inf
474,4,0.7590265346694128,1.3458703889990178,0.884809279045828,1.0752,1,1.0752,6.0,inf
474,5,0.7590265346694128,1.3458703889990178,0.884809279045828,1.0752,1,1.0752,6.0,inf
475,0,-1.6623541035125866,0.2145363253877943,-1.800927599080918,6.0,0,8.0001,6.0,inf
475,1,-1.6623541035125866,0.2145363253877943,-1.800927599080918,6.0,0,8.0001,6.0,inf
475,2,-1.6623541035125866,0.2145363253877943,-1.800927599080918,6.0,0,8.0001,6.0,inf
475,3,-1.6623541035125866,0.2145363253877943,-1.800927599080918,6.0,0,8.0001,6.0,inf
475,4,-1.6623541035125866,0.2145363253877943,-1.800927599080918,6.0,0,8.0001,6.0,inf
475,5,-1.6623541035125866,0.2145363253877943,-1.800927599080918,6.0,0,8.0001,6.0,inf
476,0,1.4729563156653862,-0.06530625708563055,0.13330501940055633,2.2148999999999996,1,2.2148999999999996,6.0,inf
476,1,1.4729563156653862,-0.06530625708563055,0.13330501940055633,2.2148999999999996,1,2.2148999999999996,6.0,inf
476,2,1.4729563156653862,-0.06530625708563055,0.13330501940055633,2.2148999999999996,1,2.2148999999999996,6.0,inf
476,3,1.4729563156653862,-0.06530625708563055,0.13330501940055633,2.2148999999999996,1,2.2148999999999996,6.0,inf
476,4,1.4729563156653862,-0.06530625708563055,0.13330501940055633,2.2148999999999996,1,2.2148999999999996,6.0,inf
476,5,1.4729563156653862,-0.06530625708563055,0.13330501940055633,2.2148999999999996,1,2.2148999999999996,6.0,inf
477,0,-0.4761247762224886,-0.34940150344866394,1.078649258895582,3.1715999999999998,1,3.1715999999999998,6.0,inf
477,1,-0.4761247762224886,-0.34940150344866394,1.078649258895582,3.1715999999999998,1,3.1715999999999998,6.0,inf
477,2,-0.4761247762224886,-0.34940150344866394,1.078649258895582,3.1715999999999998,1,3.1715999999999998,6.0,inf
477,3,-0.4761247762224886,-0.34940150344866394,1.078649258895582,3.1715999999999998,1,3.1715999999999998,6.0,inf
477,4,-0.4761247762224886,-0.34940150344866394,1.078649258895582,3.1715999999999998,1,3.1715999999999998,6.0,inf
477,5,-0.4761247762224886,-0.34940150344866394,1.078649258895582,3.1715999999999998,1,3.1715999999999998,6.0,inf
478,0,-0.8904798588268603,2.1181437770404004,-0.324000053168807,2.9825999999999997,1,2.9825999999999997,6.0,inf
478,1,-0.8904798588268603,2.1181437770404004,-0.324000053168807,2.9825999999999997,1,2.9825999999999997,6.0,inf
478,2,-0.8904798588268603,2.1181437770404004,-0.324000053168807,2.9825999999999997,1,2.9825999999999997,6.0,inf
478,3,-0.8904798588268603,2.1181437770404004,-0.324000053168807,2.9825999999999997,1,2.9825999999999997,6.0,inf
478,4,-0.8904798588268603,2.1181437770404004,-0.324000053168807,2.9825999999999997,1,2.9825999999999997,6.0,inf
478,5,-0.8904798588268603,2.1181437770404004,-0.324000053168807,2.9825999999999997,1,2.9825999999999997,6.0,inf
479,0,0.16005465435336136,0.3511960111173022,-0.5476399068022751,3.0803999999999996,1,3.0803999999999996,6.0,inf
479,1,0.16005465435336136,0.3511960111173022,-0.5476399068022751,3.0803999999999996,1,3.0803999999999996,6.0,inf
479,2,0.16005465435336136,0.3511960111173022,-0.5476399068022751,3.0803999999999996,1,3.0803999999999996,6.0,inf
479,3,0.16005465435336136,0.3511960111173022,-0.5476399068022751,3.0803999999999996,1,3.0803999999999996,6.0,inf
479,4,0.16005465435336136,0.3511960111173022,-0.5476399068022751,3.0803999999999996,1,3.0803999999999996,6.0,inf
479,5,0.16005465435336136,0.3511960111173022,-0.5476399068022751,3.0803999999999996,1,3.0803999999999996,6.0,inf
480,0,-0.14421786410302492,1.9022791475643743,0.7176074568270951,1.0436999999999999,1,1.0436999999999999,6.0,inf
480,1,-0.14421786410302492,1.9022791475643743,0.7176074568270951,1.0436999999999999,1,1.0436999999999999,6.0,inf
480,2,-0.14421786410302492,1.9022791475643743,0.7176074568270951,1.0436999999999999,1,1.0436999999999999,6.0,inf
480,3,-0.14421786410302492,1.9022791475643743,0.7176074568270951,1.0436999999999999,1,1.0436999999999999,6.0,inf
480,4,-0.14421786410302492,1.9022791475643743,0.7176074568270951,1.0436999999999999,1,1.0436999999999999,6.0,inf
480,5,-0.14421786410302492,1.9022791475643743,0.7176074568270951,1.0436999999999999,1,1.0436999999999999,6.0,inf
481,0,-0.18070733376705106,0.5468485644699986,-0.5063212534730589,2.2035,1,2.2035,6.0,inf
481,1,-0.18070733376705106,0.5468485644699986,-0.5063212534730589,2.2035,1,2.2035,6.0,inf
481,2,-0.18070733376705106,0.5468485644699986,-0.5063212534730589,2.2035,1,2.2035,6.0,inf
481,3,-0.18070733376705106,0.5468485644699986,-0.5063212534730589,2.2035,1,2.2035,6.0,inf
481,4,-0.18070733376705106,0.5468485644699986,-0.5063212534730589,2.2035,1,2.2035,6.0,inf
481,5,-0.18070733376705106,0.5468485644699986,-0.5063212534730589,2.2035,1,2.2035,6.0,inf
482,0,-0.46866974721816707,-0.33244218904612693,-0.28353823873992307,3.5096999999999996,1,3.5096999999999996,6.0,inf
482,1,-0.46866974721816707,-0.33244218904612693,-0.28353823873992307,3.5096999999999996,1,3.5096999999999996,6.0,inf
482,2,-0.46866974721816707,-0.33244218904612693,-0.28353823873992307,3.5096999999999996,1,3.5096999999999996,6.0,inf
482,3,-0.46866974721816707,-0.33244218904612693,-0.28353823873992307,3.5096999999999996,1,3.5096999999999996,6.0,inf
482,4,-0.46866974721816707,-0.33244218904612693,-0.28353823873992307,3.5096999999999996,1,3.5096999999999996,6.0,inf
482,5,-0.46866974721816707,-0.33244218904612693,-0.28353823873992307,3.5096999999999996,1,3.5096999999999996,6.0,inf
483,0,0.4325334821911047,-0.8136535840153285,-0.21024196786300448,4.394399999999999,1,4.394399999999999,6.0,inf
483,1,0.4325334821911047,-0.8136535840153285,-0.21024196786300448,4.394399999999999,1,4.394399999999999,6.0,inf
483,2,0.4325334821911047,-0.8136535840153285,-0.21024196786300448,4.394399999999999,1,4.394399999999999,6.0,inf
483,3,0.4325334821911047,-0.8136535840153285,-0.21024196786300448,4.394399999999999,1,4.394399999999999,6.0,inf
483,4,0.4325334821911047,-0.8136535840153285,-0.21024196786300448,4.394399999999999,1,4.394399999999999,6.0,inf
483,5,0.4325334821911047,-0.8136535840153285,-0.21024196786300448,4.394399999999999,1,4.394399999999999,6.0,inf
484,0,0.4935651280297413,-0.1213581479138692,1.0214575948368692,1.1366999999999998,1,1.1366999999999998,6.0,inf
484,1,0.4935651280297413,-0.1213581479138692,1.0214575948368692,1.1366999999999998,1,1.1366999999999998,6.0,inf
484,2,0.4935651280297413,-0.1213581479138692,1.0214575948368692,1.1366999999999998,1,1.1366999999999998,6.0,inf
484,3,0.4935651280297413,-0.1213581479138692,1.0214575948368692,1.1366999999999998,1,1.1366999999999998,6.0,inf
484,4,0.4935651280297413,-0.1213581479138692,1.0214575948368692,1.1366999999999998,1,1.1366999999999998,6.0,inf
484,5,0.4935651280297413,-0.1213581479138692,1.0214575948368692,1.1366999999999998,1,1.1366999999999998,6.0,inf
485,0,1.7203289636543124,-0.4210979919122328,1.4063453699554185,1.1744999999999999,1,1.1744999999999999,6.0,inf
485,1,1.7203289636543124,-0.4210979919122328,1.4063453699554185,1.1744999999999999,1,1.1744999999999999,6.0,inf
485,2,1.7203289636543124,-0.4210979919122328,1.4063453699554185,1.1744999999999999,1,1.1744999999999999,6.0,inf
485,3,1.7203289636543124,-0.4210979919122328,1.4063453699554185,1.1744999999999999,1,1.1744999999999999,6.0,inf
485,4,1.7203289636543124,-0.4210979919122328,1.4063453699554185,1.1744999999999999,1,1.1744999999999999,6.0,inf
485,5,1.7203289636543124,-0.4210979919122328,1.4063453699554185,1.1744999999999999,1,1.1744999999999999,6.0,inf
486,0,-2.560247776039091,0.7601723366979616,0.5008370886225816,3.6933,1,3.6933,6.0,inf
486,1,-2.560247776039091,0.7601723366979616,0.5008370886225816,3.6933,1,3.6933,6.0,inf
486,2,-2.560247776039091,0.7601723366979616,0.5008370886225816,3.6933,1,3.6933,6.0,inf
486,3,-2.560247776039091,0.7601723366979616,0.5008370886225816,3.6933,1,3.6933,6.0,inf
486,4,-2.560247776039091,0.7601723366979616,0.5008370886225816,3.6933,1,3.6933,6.0,inf
486,5,-2.560247776039091,0.7601723366979616,0.5008370886225816,3.6933,1,3.6933,6.0,inf
487,0,-0.5723564406541264,1.5321230934960326,-0.22289644127181282,1.9991999999999999,1,1.9991999999999999,6.0,inf
487,1,-0.5723564406541264,1.5321230934960326,-0.22289644127181282,1.9991999999999999,1,1.9991999999999999,6.0,inf
487,2,-0.5723564406541264,1.5321230934960326,-0.22289644127181282,1.9991999999999999,1,1.9991999999999999,6.0,inf
487,3,-0.5723564406541264,1.5321230934960326,-0.22289644127181282,1.9991999999999999,1,1.9991999999999999,6.0,inf
487,4,-0.5723564406541264,1.5321230934960326,-0.22289644127181282,1.9991999999999999,1,1.9991999999999999,6.0,inf
487,5,-0.5723564406541264,1.5321230934960326,-0.22289644127181282,1.9991999999999999,1,1.9991999999999999,6.0,inf
488,0,1.1250137603235153,0.18345236945742172,-1.5084564346244709,3.1287,1,3.1287,6.0,inf
488,1,1.1250137603235153,0.18345236945742172,-1.5084564346244709,3.1287,1,3.1287,6.0,inf
488,2,1.1250137603235153,0.18345236945742172,-1.5084564346244709,3.1287,1,3.1287,6.0,inf
488,3,1.1250137603235153,0.18345236945742172,-1.5084564346244709,3.1287,1,3.1287,6.0,inf
488,4,1.1250137603235153,0.18345236945742172,-1.5084564346244709,3.1287,1,3.1287,6.0,inf
488,5,1.1250137603235153,0.18345236945742172,-1.5084564346244709,3.1287,1,3.1287,6.0,inf
489,0,0.7863649786007918,-0.1288833790151137,0.690387514485138,2.0105999999999997,1,2.0105999999999997,6.0,inf
489,1,0.7863649786007918,-0.1288833790151137,0.690387514485138,2.0105999999999997,1,2.0105999999999997,6.0,inf
489,2,0.7863649786007918,-0.1288833790151137,0.690387514485138,2.0105999999999997,1,2.0105999999999997,6.0,inf
489,3,0.7863649786007918,-0.1288833790151137,0.690387514485138,2.0105999999999997,1,2.0105999999999997,6.0,inf
489,4,0.7863649786007918,-0.1288833790151137,0.690387514485138,2.0105999999999997,1,2.0105999999999997,6.0,inf
489,5,0.7863649786007918,-0.1288833790151137,0.690387514485138,2.0105999999999997,1,2.0105999999999997,6.0,inf
490,0,1.5239074290240373,0.08674537961685416,-1.3579235954618998,2.5088999999999997,1,2.5088999999999997,6.0,inf
490,1,1.5239074290240373,0.08674537961685416,-1.3579235954618998,2.5088999999999997,1,2.5088999999999997,6.0,inf
490,2,1.5239074290240373,0.08674537961685416,-1.3579235954618998,2.5088999999999997,1,2.5088999999999997,6.0,inf
490,3,1.5239074290240373,0.08674537961685416,-1.3579235954618998,2.5088999999999997,1,2.5088999999999997,6.0,inf
490,4,1.5239074290240373,0.08674537961685416,-1.3579235954618998,2.5088999999999997,1,2.5088999999999997,6.0,inf
490,5,1.5239074290240373,0.08674537961685416,-1.3579235954618998,2.5088999999999997,1,2.5088999999999997,6.0,inf
491,0,1.6775921815821986,-0.678390450326133,0.6187146575634307,2.0115,1,2.0115,6.0,inf
491,1,1.6775921815821986,-0.678390450326133,0.6187146575634307,2.0115,1,2.0115,6.0,inf
491,2,1.6775921815821986,-0.678390450326133,0.6187146575634307,2.0115,1,2.0115,6.0,inf
491,3,1.6775921815821986,-0.678390450326133,0.6187146575634307,2.0115,1,2.0115,6.0,inf
491,4,1.6775921815821986,-0.678390450326133,0.6187146575634307,2.0115,1,2.0115,6.0,inf
491,5,1.6775921815821986,-0.678390450326133,0.6187146575634307,2.0115,1,2.0115,6.0,inf
492,0,1.781545874233303,0.28803972821254015,-0.9894083939314721,2.1647999999999996,1,2.1647999999999996,6.0,inf
492,1,1.781545874233303,0.28803972821254015,-0.9894083939314721,2.1647999999999996,1,2.1647999999999996,6.0,inf
492,2,1.781545874233303,0.28803972821254015,-0.9894083939314721,2.1647999999999996,1,2.1647999999999996,6.0,inf
492,3,1.781545874233303,0.28803972821254015,-0.9894083939314721,2.1647999999999996,1,2.1647999999999996,6.0,inf
492,4,1.781545874233303,0.28803972821254015,-0.9894083939314721,2.1647999999999996,1,2.1647999999999996,6.0,inf
492,5,1.781545874233303,0.28803972821254015,-0.9894083939314721,2.1647999999999996,1,2.1647999999999996,6.0,inf
493,0,-0.6860679804639093,1.1885411511645065,-0.6338876483023291,1.4213999999999998,1,1.4213999999999998,6.0,inf
493,1,-0.6860679804639093,1.1885411511645065,-0.6338876483023291,1.4213999999999998,1,1.4213999999999998,6.0,inf
493,2,-0.6860679804639093,1.1885411511645065,-0.6338876483023291,1.4213999999999998,1,1.4213999999999998,6.0,inf
493,3,-0.6860679804639093,1.1885411511645065,-0.6338876483023291,1.4213999999999998,1,1.4213999999999998,6.0,inf
493,4,-0.6860679804639093,1.1885411511645065,-0.6338876483023291,1.4213999999999998,1,1.4213999999999998,6.0,inf
493,5,-0.6860679804639093,1.1885411511645065,-0.6338876483023291,1.4213999999999998,1,1.4213999999999998,6.0,inf
494,0,-0.6870576460619354,0.19194527923106613,-0.398409837529012,4.198499999999999,1,4.198499999999999,6.0,inf
494,1,-0.6870576460619354,0.19194527923106613,-0.398409837529012,4.198499999999999,1,4.198499999999999,6.0,inf
494,2,-0.6870576460619354,0.19194527923106613,-0.398409837529012,4.198499999999999,1,4.198499999999999,6.0,inf
494,3,-0.6870576460619354,0.19194527923106613,-0.398409837529012,4.198499999999999,1,4.198499999999999,6.0,inf
494,4,-0.6870576460619354,0.19194527923106613,-0.398409837529012,4.198499999999999,1,4.198499999999999,6.0,inf
494,5,-0.6870576460619354,0.19194527923106613,-0.398409837529012,4.198499999999999,1,4.198499999999999,6.0,inf
495,0,-0.6948861996127896,0.6643753445944778,1.4283394354865457,1.5293999999999999,1,1.5293999999999999,6.0,inf
495,1,-0.6948861996127896,0.6643753445944778,1.4283394354865457,1.5293999999999999,1,1.5293999999999999,6.0,inf
495,2,-0.6948861996127896,0.6643753445944778,1.4283394354865457,1.5293999999999999,1,1.5293999999999999,6.0,inf
495,3,-0.6948861996127896,0.6643753445944778,1.4283394354865457,1.5293999999999999,1,1.5293999999999999,6.0,inf
495,4,-0.6948861996127896,0.6643753445944778,1.4283394354865457,1.5293999999999999,1,1.5293999999999999,6.0,inf
495,5,-0.6948861996127896,0.6643753445944778,1.4283394354865457,1.5293999999999999,1,1.5293999999999999,6.0,inf
496,0,-1.2588916765710891,0.0067976600962289255,-0.9438212137967139,5.5641,1,5.5641,6.0,inf
496,1,-1.2588916765710891,0.0067976600962289255,-0.9438212137967139,5.5641,1,5.5641,6.0,inf
496,2,-1.2588916765710891,0.0067976600962289255,-0.9438212137967139,5.5641,1,5.5641,6.0,inf
496,3,-1.2588916765710891,0.0067976600962289255,-0.9438212137967139,5.5641,1,5.5641,6.0,inf
496,4,-1.2588916765710891,0.0067976600962289255,-0.9438212137967139,5.5641,1,5.5641,6.0,inf
496,5,-1.2588916765710891,0.0067976600962289255,-0.9438212137967139,5.5641,1,5.5641,6.0,inf
497,0,-1.1273875444332715,-0.9398044051599713,-0.8213714482644934,4.9079999999999995,1,4.9079999999999995,6.0,inf
497,1,-1.1273875444332715,-0.9398044051599713,-0.8213714482644934,4.9079999999999995,1,4.9079999999999995,6.0,inf
497,2,-1.1273875444332715,-0.9398044051599713,-0.8213714482644934,4.9079999999999995,1,4.9079999999999995,6.0,inf
497,3,-1.1273875444332715,-0.9398044051599713,-0.8213714482644934,4.9079999999999995,1,4.9079999999999995,6.0,inf
497,4,-1.1273875444332715,-0.9398044051599713,-0.8213714482644934,4.9079999999999995,1,4.9079999999999995,6.0,inf
497,5,-1.1273875444332715,-0.9398044051599713,-0.8213714482644934,4.9079999999999995,1,4.9079999999999995,6.0,inf
498,0,-1.103573765594011,0.9815884990005902,-1.0483481858978636,6.0,0,8.0001,6.0,inf
498,1,-1.103573765594011,0.9815884990005902,-1.0483481858978636,6.0,0,8.0001,6.0,inf
498,2,-1.103573765594011,0.9815884990005902,-1.0483481858978636,6.0,0,8.0001,6.0,inf
498,3,-1.103573765594011,0.9815884990005902,-1.0483481858978636,6.0,0,8.0001,6.0,inf
498,4,-1.103573765594011,0.9815884990005902,-1.0483481858978636,6.0,0,8.0001,6.0,inf
498,5,-1.103573765594011,0.9815884990005902,-1.0483481858978636,6.0,0,8.0001,6.0,inf
499,0,-0.15337991104554224,0.15607286234039977,-1.0298298957320366,6.0,0,6.162299999999999,6.0,inf
499,1,-0.15337991104554224,0.15607286234039977,-1.0298298957320366,6.0,0,6.162299999999999,6.0,inf
499,2,-0.15337991104554224,0.15607286234039977,-1.0298298957320366,6.0,0,6.162299999999999,6.0,inf
499,3,-0.15337991104554224,0.15607286234039977,-1.0298298957320366,6.0,0,6.162299999999999,6.0,inf
499,4,-0.15337991104554224,0.15607286234039977,-1.0298298957320366,6.0,0,6.162299999999999,6.0,inf
499,5,-0.15337991104554224,0.15607286234039977,-1.0298298957320366,6.0,0,6.162299999999999,6.0,inf
500,0,-0.11621796861149467,-0.8296027423092964,0.2147280573657337,2.4219,1,2.4219,6.0,inf
500,1,-0.11621796861149467,-0.8296027423092964,0.2147280573657337,2.4219,1,2.4219,6.0,inf
500,2,-0.11621796861149467,-0.8296027423092964,0.2147280573657337,2.4219,1,2.4219,6.0,inf
500,3,-0.11621796861149467,-0.8296027423092964,0.2147280573657337,2.4219,1,2.4219,6.0,inf
500,4,-0.11621796861149467,-0.8296027423092964,0.2147280573657337,2.4219,1,2.4219,6.0,inf
500,5,-0.11621796861149467,-0.8296027423092964,0.2147280573657337,2.4219,1,2.4219,6.0,inf
501,0,-1.3103892052967536,0.08128443985537448,-1.0935360700954373,3.8777999999999997,1,3.8777999999999997,6.0,inf
501,1,-1.3103892052967536,0.08128443985537448,-1.0935360700954373,3.8777999999999997,1,3.8777999999999997,6.0,inf
501,2,-1.3103892052967536,0.08128443985537448,-1.0935360700954373,3.8777999999999997,1,3.8777999999999997,6.0,inf
501,3,-1.3103892052967536,0.08128443985537448,-1.0935360700954373,3.8777999999999997,1,3.8777999999999997,6.0,inf
501,4,-1.3103892052967536,0.08128443985537448,-1.0935360700954373,3.8777999999999997,1,3.8777999999999997,6.0,inf
501,5,-1.3103892052967536,0.08128443985537448,-1.0935360700954373,3.8777999999999997,1,3.8777999999999997,6.0,inf
502,0,-1.1829650107952714,0.40468492744341816,0.5408359893511063,1.8401999999999998,1,1.8401999999999998,6.0,inf
502,1,-1.1829650107952714,0.40468492744341816,0.5408359893511063,1.8401999999999998,1,1.8401999999999998,6.0,inf
502,2,-1.1829650107952714,0.40468492744341816,0.5408359893511063,1.8401999999999998,1,1.8401999999999998,6.0,inf
502,3,-1.1829650107952714,0.40468492744341816,0.5408359893511063,1.8401999999999998,1,1.8401999999999998,6.0,inf
502,4,-1.1829650107952714,0.40468492744341816,0.5408359893511063,1.8401999999999998,1,1.8401999999999998,6.0,inf
502,5,-1.1829650107952714,0.40468492744341816,0.5408359893511063,1.8401999999999998,1,1.8401999999999998,6.0,inf
503,0,-0.08112852181880684,0.7890851089372621,0.17646516131336212,1.7954999999999999,1,1.7954999999999999,6.0,inf
503,1,-0.08112852181880684,0.7890851089372621,0.17646516131336212,1.7954999999999999,1,1.7954999999999999,6.0,inf
503,2,-0.08112852181880684,0.7890851089372621,0.17646516131336212,1.7954999999999999,1,1.7954999999999999,6.0,inf
503,3,-0.08112852181880684,0.7890851089372621,0.17646516131336212,1.7954999999999999,1,1.7954999999999999,6.0,inf
503,4,-0.08112852181880684,0.7890851089372621,0.17646516131336212,1.7954999999999999,1,1.7954999999999999,6.0,inf
503,5,-0.08112852181880684,0.7890851089372621,0.17646516131336212,1.7954999999999999,1,1.7954999999999999,6.0,inf
504,0,-0.9907492529260128,0.859454756513357,0.9061534518197663,1.8101999999999998,1,1.8101999999999998,6.0,inf
504,1,-0.9907492529260128,0.859454756513357,0.9061534518197663,1.8101999999999998,1,1.8101999999999998,6.0,inf
504,2,-0.9907492529260128,0.859454756513357,0.9061534518197663,1.8101999999999998,1,1.8101999999999998,6.0,inf
504,3,-0.9907492529260128,0.859454756513357,0.9061534518197663,1.8101999999999998,1,1.8101999999999998,6.0,inf
504,4,-0.9907492529260128,0.859454756513357,0.9061534518197663,1.8101999999999998,1,1.8101999999999998,6.0,inf
504,5,-0.9907492529260128,0.859454756513357,0.9061534518197663,1.8101999999999998,1,1.8101999999999998,6.0,inf
505,0,-0.4331971150436138,-1.2251185301142737,0.47268069104215715,3.9875999999999996,1,3.9875999999999996,6.0,inf
505,1,-0.4331971150436138,-1.2251185301142737,0.47268069104215715,3.9875999999999996,1,3.9875999999999996,6.0,inf
505,2,-0.4331971150436138,-1.2251185301142737,0.47268069104215715,3.9875999999999996,1,3.9875999999999996,6.0,inf
505,3,-0.4331971150436138,-1.2251185301142737,0.47268069104215715,3.9875999999999996,1,3.9875999999999996,6.0,inf
505,4,-0.4331971150436138,-1.2251185301142737,0.47268069104215715,3.9875999999999996,1,3.9875999999999996,6.0,inf
505,5,-0.4331971150436138,-1.2251185301142737,0.47268069104215715,3.9875999999999996,1,3.9875999999999996,6.0,inf
506,0,-0.43836218478876804,-0.24376881217787527,-0.4518593785013645,6.0,0,6.1998,6.0,inf
506,1,-0.43836218478876804,-0.24376881217787527,-0.4518593785013645,6.0,0,6.1998,6.0,inf
506,2,-0.43836218478876804,-0.24376881217787527,-0.4518593785013645,6.0,0,6.1998,6.0,inf
506,3,-0.43836218478876804,-0.24376881217787527,-0.4518593785013645,6.0,0,6.1998,6.0,inf
506,4,-0.43836218478876804,-0.24376881217787527,-0.4518593785013645,6.0,0,6.1998,6.0,inf
506,5,-0.43836218478876804,-0.24376881217787527,-0.4518593785013645,6.0,0,6.1998,6.0,inf
507,0,0.9313199857910471,1.5730965259291565,0.3672622051911348,1.4985,1,1.4985,6.0,inf
507,1,0.9313199857910471,1.5730965259291565,0.3672622051911348,1.4985,1,1.4985,6.0,inf
507,2,0.9313199857910471,1.5730965259291565,0.3672622051911348,1.4985,1,1.4985,6.0,inf
507,3,0.9313199857910471,1.5730965259291565,0.3672622051911348,1.4985,1,1.4985,6.0,inf
507,4,0.9313199857910471,1.5730965259291565,0.3672622051911348,1.4985,1,1.4985,6.0,inf
507,5,0.9313199857910471,1.5730965259291565,0.3672622051911348,1.4985,1,1.4985,6.0,inf
508,0,-0.4940823336247,1.531340521330311,0.0987704559319181,1.1838,1,1.1838,6.0,inf
508,1,-0.4940823336247,1.531340521330311,0.0987704559319181,1.1838,1,1.1838,6.0,inf
508,2,-0.4940823336247,1.531340521330311,0.0987704559319181,1.1838,1,1.1838,6.0,inf
508,3,-0.4940823336247,1.531340521330311,0.0987704559319181,1.1838,1,1.1838,6.0,inf
508,4,-0.4940823336247,1.531340521330311,0.0987704559319181,1.1838,1,1.1838,6.0,inf
508,5,-0.4940823336247,1.531340521330311,0.0987704559319181,1.1838,1,1.1838,6.0,inf
509,0,0.08797905509107655,0.007726446630307857,-0.25551265504870874,3.0117,1,3.0117,6.0,inf
509,1,0.08797905509107655,0.007726446630307857,-0.25551265504870874,3.0117,1,3.0117,6.0,inf
509,2,0.08797905509107655,0.007726446630307857,-0.25551265504870874,3.0117,1,3.0117,6.0,inf
509,3,0.08797905509107655,0.007726446630307857,-0.25551265504870874,3.0117,1,3.0117,6.0,inf
509,4,0.08797905509107655,0.007726446630307857,-0.25551265504870874,3.0117,1,3.0117,6.0,inf
509,5,0.08797905509107655,0.007726446630307857,-0.25551265504870874,3.0117,1,3.0117,6.0,inf
510,0,-0.20826826109564764,0.7308013187938496,-0.3641003108009254,2.5704,1,2.5704,6.0,inf
510,1,-0.20826826109564764,0.7308013187938496,-0.3641003108009254,2.5704,1,2.5704,6.0,inf
510,2,-0.20826826109564764,0.7308013187938496,-0.3641003108009254,2.5704,1,2.5704,6.0,inf
510,3,-0.20826826109564764,0.7308013187938496,-0.3641003108009254,2.5704,1,2.5704,6.0,inf
510,4,-0.20826826109564764,0.7308013187938496,-0.3641003108009254,2.5704,1,2.5704,6.0,inf
510,5,-0.20826826109564764,0.7308013187938496,-0.3641003108009254,2.5704,1,2.5704,6.0,inf
511,0,0.8702997184163515,0.35597870878167776,-1.9538280341902006,2.5227,1,2.5227,6.0,inf
511,1,0.8702997184163515,0.35597870878167776,-1.9538280341902006,2.5227,1,2.5227,6.0,inf
511,2,0.8702997184163515,0.35597870878167776,-1.9538280341902006,2.5227,1,2.5227,6.0,inf
511,3,0.8702997184163515,0.35597870878167776,-1.9538280341902006,2.5227,1,2.5227,6.0,inf
511,4,0.8702997184163515,0.35597870878167776,-1.9538280341902006,2.5227,1,2.5227,6.0,inf
511,5,0.8702997184163515,0.35597870878167776,-1.9538280341902006,2.5227,1,2.5227,6.0,inf
512,0,1.1246831677499265,-0.6086574623187242,-0.6979011493248557,2.1668999999999996,1,2.1668999999999996,6.0,inf
512,1,1.1246831677499265,-0.6086574623187242,-0.6979011493248557,2.1668999999999996,1,2.1668999999999996,6.0,inf
512,2,1.1246831677499265,-0.6086574623187242,-0.6979011493248557,2.1668999999999996,1,2.1668999999999996,6.0,inf
512,3,1.1246831677499265,-0.6086574623187242,-0.6979011493248557,2.1668999999999996,1,2.1668999999999996,6.0,inf
512,4,1.1246831677499265,-0.6086574623187242,-0.6979011493248557,2.1668999999999996,1,2.1668999999999996,6.0,inf
512,5,1.1246831677499265,-0.6086574623187242,-0.6979011493248557,2.1668999999999996,1,2.1668999999999996,6.0,inf
513,0,-0.7979259652457832,0.27926819657452434,0.8900461964904404,5.1525,1,5.1525,6.0,inf
513,1,-0.7979259652457832,0.27926819657452434,0.8900461964904404,5.1525,1,5.1525,6.0,inf
513,2,-0.7979259652457832,0.27926819657452434,0.8900461964904404,5.1525,1,5.1525,6.0,inf
513,3,-0.7979259652457832,0.27926819657452434,0.8900461964904404,5.1525,1,5.1525,6.0,inf
513,4,-0.7979259652457832,0.27926819657452434,0.8900461964904404,5.1525,1,5.1525,6.0,inf
513,5,-0.7979259652457832,0.27926819657452434,0.8900461964904404,5.1525,1,5.1525,6.0,inf
514,0,-0.10185875181482229,-0.5866740002710399,0.550027442823428,4.1118,1,4.1118,6.0,inf
514,1,-0.10185875181482229,-0.5866740002710399,0.550027442823428,4.1118,1,4.1118,6.0,inf
514,2,-0.10185875181482229,-0.5866740002710399,0.550027442823428,4.1118,1,4.1118,6.0,inf
514,3,-0.10185875181482229,-0.5866740002710399,0.550027442823428,4.1118,1,4.1118,6.0,inf
514,4,-0.10185875181482229,-0.5866740002710399,0.550027442823428,4.1118,1,4.1118,6.0,inf
514,5,-0.10185875181482229,-0.5866740002710399,0.550027442823428,4.1118,1,4.1118,6.0,inf
515,0,0.27631004687158284,0.24734015990246014,1.1841934058221546,1.2285,1,1.2285,6.0,inf
515,1,0.27631004687158284,0.24734015990246014,1.1841934058221546,1.2285,1,1.2285,6.0,inf
515,2,0.27631004687158284,0.24734015990246014,1.1841934058221546,1.2285,1,1.2285,6.0,inf
515,3,0.27631004687158284,0.24734015990246014,1.1841934058221546,1.2285,1,1.2285,6.0,inf
515,4,0.27631004687158284,0.24734015990246014,1.1841934058221546,1.2285,1,1.2285,6.0,inf
515,5,0.27631004687158284,0.24734015990246014,1.1841934058221546,1.2285,1,1.2285,6.0,inf
516,0,1.5532632312972416,-1.942009943421379,0.4336934187968596,2.6382,1,2.6382,6.0,inf
516,1,1.5532632312972416,-1.942009943421379,0.4336934187968596,2.6382,1,2.6382,6.0,inf
516,2,1.5532632312972416,-1.942009943421379,0.4336934187968596,2.6382,1,2.6382,6.0,inf
516,3,1.5532632312972416,-1.942009943421379,0.4336934187968596,2.6382,1,2.6382,6.0,inf
516,4,1.5532632312972416,-1.942009943421379,0.4336934187968596,2.6382,1,2.6382,6.0,inf
516,5,1.5532632312972416,-1.942009943421379,0.4336934187968596,2.6382,1,2.6382,6.0,inf
517,0,-1.299508092037393,1.6987758617003013,-1.8360505238210014,6.0,0,8.0001,6.0,inf
517,1,-1.299508092037393,1.6987758617003013,-1.8360505238210014,6.0,0,8.0001,6.0,inf
517,2,-1.299508092037393,1.6987758617003013,-1.8360505238210014,6.0,0,8.0001,6.0,inf
517,3,-1.299508092037393,1.6987758617003013,-1.8360505238210014,6.0,0,8.0001,6.0,inf
517,4,-1.299508092037393,1.6987758617003013,-1.8360505238210014,6.0,0,8.0001,6.0,inf
517,5,-1.299508092037393,1.6987758617003013,-1.8360505238210014,6.0,0,8.0001,6.0,inf
518,0,1.1092411661166692,1.09210050386297,0.9324096569956104,1.2473999999999998,1,1.2473999999999998,6.0,inf
518,1,1.1092411661166692,1.09210050386297,0.9324096569956104,1.2473999999999998,1,1.2473999999999998,6.0,inf
518,2,1.1092411661166692,1.09210050386297,0.9324096569956104,1.2473999999999998,1,1.2473999999999998,6.0,inf
518,3,1.1092411661166692,1.09210050386297,0.9324096569956104,1.2473999999999998,1,1.2473999999999998,6.0,inf
518,4,1.1092411661166692,1.09210050386297,0.9324096569956104,1.2473999999999998,1,1.2473999999999998,6.0,inf
518,5,1.1092411661166692,1.09210050386297,0.9324096569956104,1.2473999999999998,1,1.2473999999999998,6.0,inf
519,0,0.15072760683284722,0.44422541938800686,-0.5887142746326799,4.3104,1,4.3104,6.0,inf
519,1,0.15072760683284722,0.44422541938800686,-0.5887142746326799,4.3104,1,4.3104,6.0,inf
519,2,0.15072760683284722,0.44422541938800686,-0.5887142746326799,4.3104,1,4.3104,6.0,inf
519,3,0.15072760683284722,0.44422541938800686,-0.5887142746326799,4.3104,1,4.3104,6.0,inf
519,4,0.15072760683284722,0.44422541938800686,-0.5887142746326799,4.3104,1,4.3104,6.0,inf
519,5,0.15072760683284722,0.44422541938800686,-0.5887142746326799,4.3104,1,4.3104,6.0,inf
520,0,-0.00270819028575419,-1.2626048897107933,-0.43636325548584504,1.0431,1,1.0431,6.0,inf
520,1,-0.00270819028575419,-1.2626048897107933,-0.43636325548584504,1.0431,1,1.0431,6.0,inf
520,2,-0.00270819028575419,-1.2626048897107933,-0.43636325548584504,1.0431,1,1.0431,6.0,inf
520,3,-0.00270819028575419,-1.2626048897107933,-0.43636325548584504,1.0431,1,1.0431,6.0,inf
520,4,-0.00270819028575419,-1.2626048897107933,-0.43636325548584504,1.0431,1,1.0431,6.0,inf
520,5,-0.00270819028575419,-1.2626048897107933,-0.43636325548584504,1.0431,1,1.0431,6.0,inf
521,0,1.6323329123310635,-1.2622997951084314,-0.5901408734376355,2.2304999999999997,1,2.2304999999999997,6.0,inf
521,1,1.6323329123310635,-1.2622997951084314,-0.5901408734376355,2.2304999999999997,1,2.2304999999999997,6.0,inf
521,2,1.6323329123310635,-1.2622997951084314,-0.5901408734376355,2.2304999999999997,1,2.2304999999999997,6.0,inf
521,3,1.6323329123310635,-1.2622997951084314,-0.5901408734376355,2.2304999999999997,1,2.2304999999999997,6.0,inf
521,4,1.6323329123310635,-1.2622997951084314,-0.5901408734376355,2.2304999999999997,1,2.2304999999999997,6.0,inf
521,5,1.6323329123310635,-1.2622997951084314,-0.5901408734376355,2.2304999999999997,1,2.2304999999999997,6.0,inf
522,0,-0.7158182498418749,1.3604953315965245,0.5917974956329544,1.4150999999999998,1,1.4150999999999998,6.0,inf
522,1,-0.7158182498418749,1.3604953315965245,0.5917974956329544,1.4150999999999998,1,1.4150999999999998,6.0,inf
522,2,-0.7158182498418749,1.3604953315965245,0.5917974956329544,1.4150999999999998,1,1.4150999999999998,6.0,inf
522,3,-0.7158182498418749,1.3604953315965245,0.5917974956329544,1.4150999999999998,1,1.4150999999999998,6.0,inf
522,4,-0.7158182498418749,1.3604953315965245,0.5917974956329544,1.4150999999999998,1,1.4150999999999998,6.0,inf
522,5,-0.7158182498418749,1.3604953315965245,0.5917974956329544,1.4150999999999998,1,1.4150999999999998,6.0,inf
523,0,0.8574221981953093,-0.6578433111242193,-0.002664797937246936,2.4678,1,2.4678,6.0,inf
523,1,0.8574221981953093,-0.6578433111242193,-0.002664797937246936,2.4678,1,2.4678,6.0,inf
523,2,0.8574221981953093,-0.6578433111242193,-0.002664797937246936,2.4678,1,2.4678,6.0,inf
523,3,0.8574221981953093,-0.6578433111242193,-0.002664797937246936,2.4678,1,2.4678,6.0,inf
523,4,0.8574221981953093,-0.6578433111242193,-0.002664797937246936,2.4678,1,2.4678,6.0,inf
523,5,0.8574221981953093,-0.6578433111242193,-0.002664797937246936,2.4678,1,2.4678,6.0,inf
524,0,-0.1537704156034185,-0.47266133104945063,-1.0516374430549902,5.1045,1,5.1045,6.0,inf
524,1,-0.1537704156034185,-0.47266133104945063,-1.0516374430549902,5.1045,1,5.1045,6.0,inf
524,2,-0.1537704156034185,-0.47266133104945063,-1.0516374430549902,5.1045,1,5.1045,6.0,inf
524,3,-0.1537704156034185,-0.47266133104945063,-1.0516374430549902,5.1045,1,5.1045,6.0,inf
524,4,-0.1537704156034185,-0.47266133104945063,-1.0516374430549902,5.1045,1,5.1045,6.0,inf
524,5,-0.1537704156034185,-0.47266133104945063,-1.0516374430549902,5.1045,1,5.1045,6.0,inf
525,0,1.4096162170159552,-0.7803905719867312,-1.2799401723737813,4.0149,1,4.0149,6.0,inf
525,1,1.4096162170159552,-0.7803905719867312,-1.2799401723737813,4.0149,1,4.0149,6.0,inf
525,2,1.4096162170159552,-0.7803905719867312,-1.2799401723737813,4.0149,1,4.0149,6.0,inf
525,3,1.4096162170159552,-0.7803905719867312,-1.2799401723737813,4.0149,1,4.0149,6.0,inf
525,4,1.4096162170159552,-0.7803905719867312,-1.2799401723737813,4.0149,1,4.0149,6.0,inf
525,5,1.4096162170159552,-0.7803905719867312,-1.2799401723737813,4.0149,1,4.0149,6.0,inf
526,0,1.3085652528221268,-0.02858020019639993,-0.31367297377776415,2.3958,1,2.3958,6.0,inf
526,1,1.3085652528221268,-0.02858020019639993,-0.31367297377776415,2.3958,1,2.3958,6.0,inf
526,2,1.3085652528221268,-0.02858020019639993,-0.31367297377776415,2.3958,1,2.3958,6.0,inf
526,3,1.3085652528221268,-0.02858020019639993,-0.31367297377776415,2.3958,1,2.3958,6.0,inf
526,4,1.3085652528221268,-0.02858020019639993,-0.31367297377776415,2.3958,1,2.3958,6.0,inf
526,5,1.3085652528221268,-0.02858020019639993,-0.31367297377776415,2.3958,1,2.3958,6.0,inf
527,0,0.33764711601019265,0.020077480189423992,-1.7090108434926807,4.8770999999999995,1,4.8770999999999995,6.0,inf
527,1,0.33764711601019265,0.020077480189423992,-1.7090108434926807,4.8770999999999995,1,4.8770999999999995,6.0,inf
527,2,0.33764711601019265,0.020077480189423992,-1.7090108434926807,4.8770999999999995,1,4.8770999999999995,6.0,inf
527,3,0.33764711601019265,0.020077480189423992,-1.7090108434926807,4.8770999999999995,1,4.8770999999999995,6.0,inf
527,4,0.33764711601019265,0.020077480189423992,-1.7090108434926807,4.8770999999999995,1,4.8770999999999995,6.0,inf
527,5,0.33764711601019265,0.020077480189423992,-1.7090108434926807,4.8770999999999995,1,4.8770999999999995,6.0,inf
528,0,-1.353931545734212,1.0326038818673138,0.5633640514292761,1.8806999999999998,1,1.8806999999999998,6.0,inf
528,1,-1.353931545734212,1.0326038818673138,0.5633640514292761,1.8806999999999998,1,1.8806999999999998,6.0,inf
528,2,-1.353931545734212,1.0326038818673138,0.5633640514292761,1.8806999999999998,1,1.8806999999999998,6.0,inf
528,3,-1.353931545734212,1.0326038818673138,0.5633640514292761,1.8806999999999998,1,1.8806999999999998,6.0,inf
528,4,-1.353931545734212,1.0326038818673138,0.5633640514292761,1.8806999999999998,1,1.8806999999999998,6.0,inf
528,5,-1.353931545734212,1.0326038818673138,0.5633640514292761,1.8806999999999998,1,1.8806999999999998,6.0,inf
529,0,0.1766108358137381,-0.124628502851563,0.8844107546326874,1.341,1,1.341,6.0,inf
529,1,0.1766108358137381,-0.124628502851563,0.8844107546326874,1.341,1,1.341,6.0,inf
529,2,0.1766108358137381,-0.124628502851563,0.8844107546326874,1.341,1,1.341,6.0,inf
529,3,0.1766108358137381,-0.124628502851563,0.8844107546326874,1.341,1,1.341,6.0,inf
529,4,0.1766108358137381,-0.124628502851563,0.8844107546326874,1.341,1,1.341,6.0,inf
529,5,0.1766108358137381,-0.124628502851563,0.8844107546326874,1.341,1,1.341,6.0,inf
530,0,-0.9467969474245383,1.9711340867025549,-0.9912288607822546,1.5098999999999998,1,1.5098999999999998,6.0,inf
530,1,-0.9467969474245383,1.9711340867025549,-0.9912288607822546,1.5098999999999998,1,1.5098999999999998,6.0,inf
530,2,-0.9467969474245383,1.9711340867025549,-0.9912288607822546,1.5098999999999998,1,1.5098999999999998,6.0,inf
530,3,-0.9467969474245383,1.9711340867025549,-0.9912288607822546,1.5098999999999998,1,1.5098999999999998,6.0,inf
530,4,-0.9467969474245383,1.9711340867025549,-0.9912288607822546,1.5098999999999998,1,1.5098999999999998,6.0,inf
530,5,-0.9467969474245383,1.9711340867025549,-0.9912288607822546,1.5098999999999998,1,1.5098999999999998,6.0,inf
531,0,1.263493348898939,-0.41178147669021714,1.3553378640201614,0.7367999999999999,1,0.7367999999999999,6.0,inf
531,1,1.263493348898939,-0.41178147669021714,1.3553378640201614,0.7367999999999999,1,0.7367999999999999,6.0,inf
531,2,1.263493348898939,-0.41178147669021714,1.3553378640201614,0.7367999999999999,1,0.7367999999999999,6.0,inf
531,3,1.263493348898939,-0.41178147669021714,1.3553378640201614,0.7367999999999999,1,0.7367999999999999,6.0,inf
531,4,1.263493348898939,-0.41178147669021714,1.3553378640201614,0.7367999999999999,1,0.7367999999999999,6.0,inf
531,5,1.263493348898939,-0.41178147669021714,1.3553378640201614,0.7367999999999999,1,0.7367999999999999,6.0,inf
532,0,0.5946800966887539,-1.277306199833242,0.38367621733558827,2.2523999999999997,1,2.2523999999999997,6.0,inf
532,1,0.5946800966887539,-1.277306199833242,0.38367621733558827,2.2523999999999997,1,2.2523999999999997,6.0,inf
532,2,0.5946800966887539,-1.277306199833242,0.38367621733558827,2.2523999999999997,1,2.2523999999999997,6.0,inf
532,3,0.5946800966887539,-1.277306199833242,0.38367621733558827,2.2523999999999997,1,2.2523999999999997,6.0,inf
532,4,0.5946800966887539,-1.277306199833242,0.38367621733558827,2.2523999999999997,1,2.2523999999999997,6.0,inf
532,5,0.5946800966887539,-1.277306199833242,0.38367621733558827,2.2523999999999997,1,2.2523999999999997,6.0,inf
533,0,-0.13735684041847288,-1.202388827673762,-1.5226850222391999,5.078099999999999,1,5.078099999999999,6.0,inf
533,1,-0.13735684041847288,-1.202388827673762,-1.5226850222391999,5.078099999999999,1,5.078099999999999,6.0,inf
533,2,-0.13735684041847288,-1.202388827673762,-1.5226850222391999,5.078099999999999,1,5.078099999999999,6.0,inf
533,3,-0.13735684041847288,-1.202388827673762,-1.5226850222391999,5.078099999999999,1,5.078099999999999,6.0,inf
533,4,-0.13735684041847288,-1.202388827673762,-1.5226850222391999,5.078099999999999,1,5.078099999999999,6.0,inf
533,5,-0.13735684041847288,-1.202388827673762,-1.5226850222391999,5.078099999999999,1,5.078099999999999,6.0,inf
534,0,-0.6849930958538217,-0.12137668248459883,-0.15214295492604313,0.9584999999999999,1,0.9584999999999999,6.0,inf
534,1,-0.6849930958538217,-0.12137668248459883,-0.15214295492604313,0.9584999999999999,1,0.9584999999999999,6.0,inf
534,2,-0.6849930958538217,-0.12137668248459883,-0.15214295492604313,0.9584999999999999,1,0.9584999999999999,6.0,inf
534,3,-0.6849930958538217,-0.12137668248459883,-0.15214295492604313,0.9584999999999999,1,0.9584999999999999,6.0,inf
534,4,-0.6849930958538217,-0.12137668248459883,-0.15214295492604313,0.9584999999999999,1,0.9584999999999999,6.0,inf
534,5,-0.6849930958538217,-0.12137668248459883,-0.15214295492604313,0.9584999999999999,1,0.9584999999999999,6.0,inf
535,0,0.6259645781007305,0.3294409399312461,0.45621343021188276,0.5963999999999999,1,0.5963999999999999,6.0,inf
535,1,0.6259645781007305,0.3294409399312461,0.45621343021188276,0.5963999999999999,1,0.5963999999999999,6.0,inf
535,2,0.6259645781007305,0.3294409399312461,0.45621343021188276,0.5963999999999999,1,0.5963999999999999,6.0,inf
535,3,0.6259645781007305,0.3294409399312461,0.45621343021188276,0.5963999999999999,1,0.5963999999999999,6.0,inf
535,4,0.6259645781007305,0.3294409399312461,0.45621343021188276,0.5963999999999999,1,0.5963999999999999,6.0,inf
535,5,0.6259645781007305,0.3294409399312461,0.45621343021188276,0.5963999999999999,1,0.5963999999999999,6.0,inf
536,0,-0.4541431855333088,1.1571556390579565,-1.2675839756059664,0.8216999999999999,1,0.8216999999999999,6.0,inf
536,1,-0.4541431855333088,1.1571556390579565,-1.2675839756059664,0.8216999999999999,1,0.8216999999999999,6.0,inf
536,2,-0.4541431855333088,1.1571556390579565,-1.2675839756059664,0.8216999999999999,1,0.8216999999999999,6.0,inf
536,3,-0.4541431855333088,1.1571556390579565,-1.2675839756059664,0.8216999999999999,1,0.8216999999999999,6.0,inf
536,4,-0.4541431855333088,1.1571556390579565,-1.2675839756059664,0.8216999999999999,1,0.8216999999999999,6.0,inf
536,5,-0.4541431855333088,1.1571556390579565,-1.2675839756059664,0.8216999999999999,1,0.8216999999999999,6.0,inf
537,0,-0.1349741460583839,1.7861116339956264,-1.4743834351657543,2.1908999999999996,1,2.1908999999999996,6.0,inf
537,1,-0.1349741460583839,1.7861116339956264,-1.4743834351657543,2.1908999999999996,1,2.1908999999999996,6.0,inf
537,2,-0.1349741460583839,1.7861116339956264,-1.4743834351657543,2.1908999999999996,1,2.1908999999999996,6.0,inf
537,3,-0.1349741460583839,1.7861116339956264,-1.4743834351657543,2.1908999999999996,1,2.1908999999999996,6.0,inf
537,4,-0.1349741460583839,1.7861116339956264,-1.4743834351657543,2.1908999999999996,1,2.1908999999999996,6.0,inf
537,5,-0.1349741460583839,1.7861116339956264,-1.4743834351657543,2.1908999999999996,1,2.1908999999999996,6.0,inf
538,0,0.36956307979874037,0.361473424315206,0.25212244194127853,2.5869,1,2.5869,6.0,inf
538,1,0.36956307979874037,0.361473424315206,0.25212244194127853,2.5869,1,2.5869,6.0,inf
538,2,0.36956307979874037,0.361473424315206,0.25212244194127853,2.5869,1,2.5869,6.0,inf
538,3,0.36956307979874037,0.361473424315206,0.25212244194127853,2.5869,1,2.5869,6.0,inf
538,4,0.36956307979874037,0.361473424315206,0.25212244194127853,2.5869,1,2.5869,6.0,inf
538,5,0.36956307979874037,0.361473424315206,0.25212244194127853,2.5869,1,2.5869,6.0,inf
539,0,1.1800623509882244,0.38042646615091713,-0.07067047339770492,1.6664999999999999,1,1.6664999999999999,6.0,inf
539,1,1.1800623509882244,0.38042646615091713,-0.07067047339770492,1.6664999999999999,1,1.6664999999999999,6.0,inf
539,2,1.1800623509882244,0.38042646615091713,-0.07067047339770492,1.6664999999999999,1,1.6664999999999999,6.0,inf
539,3,1.1800623509882244,0.38042646615091713,-0.07067047339770492,1.6664999999999999,1,1.6664999999999999,6.0,inf
539,4,1.1800623509882244,0.38042646615091713,-0.07067047339770492,1.6664999999999999,1,1.6664999999999999,6.0,inf
539,5,1.1800623509882244,0.38042646615091713,-0.07067047339770492,1.6664999999999999,1,1.6664999999999999,6.0,inf
540,0,0.13407161473801105,0.6762022546188924,-0.08284245660384398,2.5940999999999996,1,2.5940999999999996,6.0,inf
540,1,0.13407161473801105,0.6762022546188924,-0.08284245660384398,2.5940999999999996,1,2.5940999999999996,6.0,inf
540,2,0.13407161473801105,0.6762022546188924,-0.08284245660384398,2.5940999999999996,1,2.5940999999999996,6.0,inf
540,3,0.13407161473801105,0.6762022546188924,-0.08284245660384398,2.5940999999999996,1,2.5940999999999996,6.0,inf
540,4,0.13407161473801105,0.6762022546188924,-0.08284245660384398,2.5940999999999996,1,2.5940999999999996,6.0,inf
540,5,0.13407161473801105,0.6762022546188924,-0.08284245660384398,2.5940999999999996,1,2.5940999999999996,6.0,inf
541,0,1.7860764393054294,0.6374017879823782,0.4596046332891427,1.4513999999999998,1,1.4513999999999998,6.0,inf
541,1,1.7860764393054294,0.6374017879823782,0.4596046332891427,1.4513999999999998,1,1.4513999999999998,6.0,inf
541,2,1.7860764393054294,0.6374017879823782,0.4596046332891427,1.4513999999999998,1,1.4513999999999998,6.0,inf
541,3,1.7860764393054294,0.6374017879823782,0.4596046332891427,1.4513999999999998,1,1.4513999999999998,6.0,inf
541,4,1.7860764393054294,0.6374017879823782,0.4596046332891427,1.4513999999999998,1,1.4513999999999998,6.0,inf
541,5,1.7860764393054294,0.6374017879823782,0.4596046332891427,1.4513999999999998,1,1.4513999999999998,6.0,inf
542,0,1.2087026753640246,0.5531376773939088,-0.3003300095041989,0.5292,1,0.5292,6.0,inf
542,1,1.2087026753640246,0.5531376773939088,-0.3003300095041989,0.5292,1,0.5292,6.0,inf
542,2,1.2087026753640246,0.5531376773939088,-0.3003300095041989,0.5292,1,0.5292,6.0,inf
542,3,1.2087026753640246,0.5531376773939088,-0.3003300095041989,0.5292,1,0.5292,6.0,inf
542,4,1.2087026753640246,0.5531376773939088,-0.3003300095041989,0.5292,1,0.5292,6.0,inf
542,5,1.2087026753640246,0.5531376773939088,-0.3003300095041989,0.5292,1,0.5292,6.0,inf
543,0,0.38161114661865225,-0.39966616976114905,-0.12572966112943523,1.8341999999999998,1,1.8341999999999998,6.0,inf
543,1,0.38161114661865225,-0.39966616976114905,-0.12572966112943523,1.8341999999999998,1,1.8341999999999998,6.0,inf
543,2,0.38161114661865225,-0.39966616976114905,-0.12572966112943523,1.8341999999999998,1,1.8341999999999998,6.0,inf
543,3,0.38161114661865225,-0.39966616976114905,-0.12572966112943523,1.8341999999999998,1,1.8341999999999998,6.0,inf
543,4,0.38161114661865225,-0.39966616976114905,-0.12572966112943523,1.8341999999999998,1,1.8341999999999998,6.0,inf
543,5,0.38161114661865225,-0.39966616976114905,-0.12572966112943523,1.8341999999999998,1,1.8341999999999998,6.0,inf
544,0,-1.268873870700409,2.4278746579938435,0.41320141545692474,0.6243,1,0.6243,6.0,inf
544,1,-1.268873870700409,2.4278746579938435,0.41320141545692474,0.6243,1,0.6243,6.0,inf
544,2,-1.268873870700409,2.4278746579938435,0.41320141545692474,0.6243,1,0.6243,6.0,inf
544,3,-1.268873870700409,2.4278746579938435,0.41320141545692474,0.6243,1,0.6243,6.0,inf
544,4,-1.268873870700409,2.4278746579938435,0.41320141545692474,0.6243,1,0.6243,6.0,inf
544,5,-1.268873870700409,2.4278746579938435,0.41320141545692474,0.6243,1,0.6243,6.0,inf
545,0,-0.23093334873331373,-0.3572926545711089,-1.107473690246756,5.6796,1,5.6796,6.0,inf
545,1,-0.23093334873331373,-0.3572926545711089,-1.107473690246756,5.6796,1,5.6796,6.0,inf
545,2,-0.23093334873331373,-0.3572926545711089,-1.107473690246756,5.6796,1,5.6796,6.0,inf
545,3,-0.23093334873331373,-0.3572926545711089,-1.107473690246756,5.6796,1,5.6796,6.0,inf
545,4,-0.23093334873331373,-0.3572926545711089,-1.107473690246756,5.6796,1,5.6796,6.0,inf
545,5,-0.23093334873331373,-0.3572926545711089,-1.107473690246756,5.6796,1,5.6796,6.0,inf
546,0,-0.34991470133801417,-0.5844484154823345,3.3285069575340422,1.1211,1,1.1211,6.0,inf
546,1,-0.34991470133801417,-0.5844484154823345,3.3285069575340422,1.1211,1,1.1211,6.0,inf
546,2,-0.34991470133801417,-0.5844484154823345,3.3285069575340422,1.1211,1,1.1211,6.0,inf
546,3,-0.34991470133801417,-0.5844484154823345,3.3285069575340422,1.1211,1,1.1211,6.0,inf
546,4,-0.34991470133801417,-0.5844484154823345,3.3285069575340422,1.1211,1,1.1211,6.0,inf
546,5,-0.34991470133801417,-0.5844484154823345,3.3285069575340422,1.1211,1,1.1211,6.0,inf
547,0,0.7218547637837227,1.6718628073138446,0.020858493002042323,1.2737999999999998,1,1.2737999999999998,6.0,inf
547,1,0.7218547637837227,1.6718628073138446,0.020858493002042323,1.2737999999999998,1,1.2737999999999998,6.0,inf
547,2,0.7218547637837227,1.6718628073138446,0.020858493002042323,1.2737999999999998,1,1.2737999999999998,6.0,inf
547,3,0.7218547637837227,1.6718628073138446,0.020858493002042323,1.2737999999999998,1,1.2737999999999998,6.0,inf
547,4,0.7218547637837227,1.6718628073138446,0.020858493002042323,1.2737999999999998,1,1.2737999999999998,6.0,inf
547,5,0.7218547637837227,1.6718628073138446,0.020858493002042323,1.2737999999999998,1,1.2737999999999998,6.0,inf
548,0,-2.572552255886333,-0.9620885396735845,-0.45442311980878214,0.8178,1,0.8178,6.0,inf
548,1,-2.572552255886333,-0.9620885396735845,-0.45442311980878214,0.8178,1,0.8178,6.0,inf
548,2,-2.572552255886333,-0.9620885396735845,-0.45442311980878214,0.8178,1,0.8178,6.0,inf
548,3,-2.572552255886333,-0.9620885396735845,-0.45442311980878214,0.8178,1,0.8178,6.0,inf
548,4,-2.572552255886333,-0.9620885396735845,-0.45442311980878214,0.8178,1,0.8178,6.0,inf
548,5,-2.572552255886333,-0.9620885396735845,-0.45442311980878214,0.8178,1,0.8178,6.0,inf
549,0,1.2317287940702661,-0.5406169631271188,-0.8568543804266605,1.9133999999999998,1,1.9133999999999998,6.0,inf
549,1,1.2317287940702661,-0.5406169631271188,-0.8568543804266605,1.9133999999999998,1,1.9133999999999998,6.0,inf
549,2,1.2317287940702661,-0.5406169631271188,-0.8568543804266605,1.9133999999999998,1,1.9133999999999998,6.0,inf
549,3,1.2317287940702661,-0.5406169631271188,-0.8568543804266605,1.9133999999999998,1,1.9133999999999998,6.0,inf
549,4,1.2317287940702661,-0.5406169631271188,-0.8568543804266605,1.9133999999999998,1,1.9133999999999998,6.0,inf
549,5,1.2317287940702661,-0.5406169631271188,-0.8568543804266605,1.9133999999999998,1,1.9133999999999998,6.0,inf
550,0,0.06569539339719795,0.14171032238921305,1.4021666584393178,1.2303,1,1.2303,6.0,inf
550,1,0.06569539339719795,0.14171032238921305,1.4021666584393178,1.2303,1,1.2303,6.0,inf
550,2,0.06569539339719795,0.14171032238921305,1.4021666584393178,1.2303,1,1.2303,6.0,inf
550,3,0.06569539339719795,0.14171032238921305,1.4021666584393178,1.2303,1,1.2303,6.0,inf
550,4,0.06569539339719795,0.14171032238921305,1.4021666584393178,1.2303,1,1.2303,6.0,inf
550,5,0.06569539339719795,0.14171032238921305,1.4021666584393178,1.2303,1,1.2303,6.0,inf
551,0,0.3091768932944923,0.6328700629798489,1.3143061173641617,0.8243999999999999,1,0.8243999999999999,6.0,inf
551,1,0.3091768932944923,0.6328700629798489,1.3143061173641617,0.8243999999999999,1,0.8243999999999999,6.0,inf
551,2,0.3091768932944923,0.6328700629798489,1.3143061173641617,0.8243999999999999,1,0.8243999999999999,6.0,inf
551,3,0.3091768932944923,0.6328700629798489,1.3143061173641617,0.8243999999999999,1,0.8243999999999999,6.0,inf
551,4,0.3091768932944923,0.6328700629798489,1.3143061173641617,0.8243999999999999,1,0.8243999999999999,6.0,inf
551,5,0.3091768932944923,0.6328700629798489,1.3143061173641617,0.8243999999999999,1,0.8243999999999999,6.0,inf
552,0,0.6327844003456617,1.469981379499782,0.15679975551884656,0.30479999999999996,1,0.30479999999999996,6.0,inf
552,1,0.6327844003456617,1.469981379499782,0.15679975551884656,0.30479999999999996,1,0.30479999999999996,6.0,inf
552,2,0.6327844003456617,1.469981379499782,0.15679975551884656,0.30479999999999996,1,0.30479999999999996,6.0,inf
552,3,0.6327844003456617,1.469981379499782,0.15679975551884656,0.30479999999999996,1,0.30479999999999996,6.0,inf
552,4,0.6327844003456617,1.469981379499782,0.15679975551884656,0.30479999999999996,1,0.30479999999999996,6.0,inf
552,5,0.6327844003456617,1.469981379499782,0.15679975551884656,0.30479999999999996,1,0.30479999999999996,6.0,inf
553,0,-1.5603795988944675,1.170843530729581,1.7483312000255327,1.2491999999999999,1,1.2491999999999999,6.0,inf
553,1,-1.5603795988944675,1.170843530729581,1.7483312000255327,1.2491999999999999,1,1.2491999999999999,6.0,inf
553,2,-1.5603795988944675,1.170843530729581,1.7483312000255327,1.2491999999999999,1,1.2491999999999999,6.0,inf
553,3,-1.5603795988944675,1.170843530729581,1.7483312000255327,1.2491999999999999,1,1.2491999999999999,6.0,inf
553,4,-1.5603795988944675,1.170843530729581,1.7483312000255327,1.2491999999999999,1,1.2491999999999999,6.0,inf
553,5,-1.5603795988944675,1.170843530729581,1.7483312000255327,1.2491999999999999,1,1.2491999999999999,6.0,inf
554,0,0.08843231851412409,0.9541967898509829,1.3537380504014271,1.1736,1,1.1736,6.0,inf
554,1,0.08843231851412409,0.9541967898509829,1.3537380504014271,1.1736,1,1.1736,6.0,inf
554,2,0.08843231851412409,0.9541967898509829,1.3537380504014271,1.1736,1,1.1736,6.0,inf
554,3,0.08843231851412409,0.9541967898509829,1.3537380504014271,1.1736,1,1.1736,6.0,inf
554,4,0.08843231851412409,0.9541967898509829,1.3537380504014271,1.1736,1,1.1736,6.0,inf
554,5,0.08843231851412409,0.9541967898509829,1.3537380504014271,1.1736,1,1.1736,6.0,inf
555,0,1.4756292002752593,1.549420744698684,-0.8830970412329109,2.2005,1,2.2005,6.0,inf
555,1,1.4756292002752593,1.549420744698684,-0.8830970412329109,2.2005,1,2.2005,6.0,inf
555,2,1.4756292002752593,1.549420744698684,-0.8830970412329109,2.2005,1,2.2005,6.0,inf
555,3,1.4756292002752593,1.549420744698684,-0.8830970412329109,2.2005,1,2.2005,6.0,inf
555,4,1.4756292002752593,1.549420744698684,-0.8830970412329109,2.2005,1,2.2005,6.0,inf
555,5,1.4756292002752593,1.549420744698684,-0.8830970412329109,2.2005,1,2.2005,6.0,inf
556,0,0.13393443099559,1.374196595038425,-1.2696746476415763,2.8785,1,2.8785,6.0,inf
556,1,0.13393443099559,1.374196595038425,-1.2696746476415763,2.8785,1,2.8785,6.0,inf
556,2,0.13393443099559,1.374196595038425,-1.2696746476415763,2.8785,1,2.8785,6.0,inf
556,3,0.13393443099559,1.374196595038425,-1.2696746476415763,2.8785,1,2.8785,6.0,inf
556,4,0.13393443099559,1.374196595038425,-1.2696746476415763,2.8785,1,2.8785,6.0,inf
556,5,0.13393443099559,1.374196595038425,-1.2696746476415763,2.8785,1,2.8785,6.0,inf
557,0,0.48539687496618966,0.9156473916787217,-0.10133607186380442,2.5376999999999996,1,2.5376999999999996,6.0,inf
557,1,0.48539687496618966,0.9156473916787217,-0.10133607186380442,2.5376999999999996,1,2.5376999999999996,6.0,inf
557,2,0.48539687496618966,0.9156473916787217,-0.10133607186380442,2.5376999999999996,1,2.5376999999999996,6.0,inf
557,3,0.48539687496618966,0.9156473916787217,-0.10133607186380442,2.5376999999999996,1,2.5376999999999996,6.0,inf
557,4,0.48539687496618966,0.9156473916787217,-0.10133607186380442,2.5376999999999996,1,2.5376999999999996,6.0,inf
557,5,0.48539687496618966,0.9156473916787217,-0.10133607186380442,2.5376999999999996,1,2.5376999999999996,6.0,inf
558,0,-0.5986131580640708,0.43928093655544115,0.6873672826134811,2.9867999999999997,1,2.9867999999999997,6.0,inf
558,1,-0.5986131580640708,0.43928093655544115,0.6873672826134811,2.9867999999999997,1,2.9867999999999997,6.0,inf
558,2,-0.5986131580640708,0.43928093655544115,0.6873672826134811,2.9867999999999997,1,2.9867999999999997,6.0,inf
558,3,-0.5986131580640708,0.43928093655544115,0.6873672826134811,2.9867999999999997,1,2.9867999999999997,6.0,inf
558,4,-0.5986131580640708,0.43928093655544115,0.6873672826134811,2.9867999999999997,1,2.9867999999999997,6.0,inf
558,5,-0.5986131580640708,0.43928093655544115,0.6873672826134811,2.9867999999999997,1,2.9867999999999997,6.0,inf
559,0,0.7352159123206976,-1.0321257285334784,-0.3996312917055525,2.3499,1,2.3499,6.0,inf
559,1,0.7352159123206976,-1.0321257285334784,-0.3996312917055525,2.3499,1,2.3499,6.0,inf
559,2,0.7352159123206976,-1.0321257285334784,-0.3996312917055525,2.3499,1,2.3499,6.0,inf
559,3,0.7352159123206976,-1.0321257285334784,-0.3996312917055525,2.3499,1,2.3499,6.0,inf
559,4,0.7352159123206976,-1.0321257285334784,-0.3996312917055525,2.3499,1,2.3499,6.0,inf
559,5,0.7352159123206976,-1.0321257285334784,-0.3996312917055525,2.3499,1,2.3499,6.0,inf
560,0,-0.5702635131173485,-0.12456468349183743,0.16129175673463142,3.0485999999999995,1,3.0485999999999995,6.0,inf
560,1,-0.5702635131173485,-0.12456468349183743,0.16129175673463142,3.0485999999999995,1,3.0485999999999995,6.0,inf
560,2,-0.5702635131173485,-0.12456468349183743,0.16129175673463142,3.0485999999999995,1,3.0485999999999995,6.0,inf
560,3,-0.5702635131173485,-0.12456468349183743,0.16129175673463142,3.0485999999999995,1,3.0485999999999995,6.0,inf
560,4,-0.5702635131173485,-0.12456468349183743,0.16129175673463142,3.0485999999999995,1,3.0485999999999995,6.0,inf
560,5,-0.5702635131173485,-0.12456468349183743,0.16129175673463142,3.0485999999999995,1,3.0485999999999995,6.0,inf
561,0,-0.0795612732474012,1.0787586750897564,-1.3288709839065027,3.3114,1,3.3114,6.0,inf
561,1,-0.0795612732474012,1.0787586750897564,-1.3288709839065027,3.3114,1,3.3114,6.0,inf
561,2,-0.0795612732474012,1.0787586750897564,-1.3288709839065027,3.3114,1,3.3114,6.0,inf
561,3,-0.0795612732474012,1.0787586750897564,-1.3288709839065027,3.3114,1,3.3114,6.0,inf
561,4,-0.0795612732474012,1.0787586750897564,-1.3288709839065027,3.3114,1,3.3114,6.0,inf
561,5,-0.0795612732474012,1.0787586750897564,-1.3288709839065027,3.3114,1,3.3114,6.0,inf
562,0,-0.9315548750137307,1.7446115968117826,0.6560849456315316,1.6544999999999999,1,1.6544999999999999,6.0,inf
562,1,-0.9315548750137307,1.7446115968117826,0.6560849456315316,1.6544999999999999,1,1.6544999999999999,6.0,inf
562,2,-0.9315548750137307,1.7446115968117826,0.6560849456315316,1.6544999999999999,1,1.6544999999999999,6.0,inf
562,3,-0.9315548750137307,1.7446115968117826,0.6560849456315316,1.6544999999999999,1,1.6544999999999999,6.0,inf
562,4,-0.9315548750137307,1.7446115968117826,0.6560849456315316,1.6544999999999999,1,1.6544999999999999,6.0,inf
562,5,-0.9315548750137307,1.7446115968117826,0.6560849456315316,1.6544999999999999,1,1.6544999999999999,6.0,inf
563,0,-0.5735388816587282,-1.929283529909818,-1.4457592040593508,5.708699999999999,1,5.708699999999999,6.0,inf
563,1,-0.5735388816587282,-1.929283529909818,-1.4457592040593508,5.708699999999999,1,5.708699999999999,6.0,inf
563,2,-0.5735388816587282,-1.929283529909818,-1.4457592040593508,5.708699999999999,1,5.708699999999999,6.0,inf
563,3,-0.5735388816587282,-1.929283529909818,-1.4457592040593508,5.708699999999999,1,5.708699999999999,6.0,inf
563,4,-0.5735388816587282,-1.929283529909818,-1.4457592040593508,5.708699999999999,1,5.708699999999999,6.0,inf
563,5,-0.5735388816587282,-1.929283529909818,-1.4457592040593508,5.708699999999999,1,5.708699999999999,6.0,inf
564,0,-1.6178036753573788,0.4648844658012651,-0.8894872060077215,6.0,0,7.2261,6.0,inf
564,1,-1.6178036753573788,0.4648844658012651,-0.8894872060077215,6.0,0,7.2261,6.0,inf
564,2,-1.6178036753573788,0.4648844658012651,-0.8894872060077215,6.0,0,7.2261,6.0,inf
564,3,-1.6178036753573788,0.4648844658012651,-0.8894872060077215,6.0,0,7.2261,6.0,inf
564,4,-1.6178036753573788,0.4648844658012651,-0.8894872060077215,6.0,0,7.2261,6.0,inf
564,5,-1.6178036753573788,0.4648844658012651,-0.8894872060077215,6.0,0,7.2261,6.0,inf
565,0,-1.570925540792945,-0.09472011031431991,0.16306301656529498,5.759099999999999,1,5.759099999999999,6.0,inf
565,1,-1.570925540792945,-0.09472011031431991,0.16306301656529498,5.759099999999999,1,5.759099999999999,6.0,inf
565,2,-1.570925540792945,-0.09472011031431991,0.16306301656529498,5.759099999999999,1,5.759099999999999,6.0,inf
565,3,-1.570925540792945,-0.09472011031431991,0.16306301656529498,5.759099999999999,1,5.759099999999999,6.0,inf
565,4,-1.570925540792945,-0.09472011031431991,0.16306301656529498,5.759099999999999,1,5.759099999999999,6.0,inf
565,5,-1.570925540792945,-0.09472011031431991,0.16306301656529498,5.759099999999999,1,5.759099999999999,6.0,inf
566,0,0.1469259571061969,1.089255676539829,1.6869942429012492,1.1814,1,1.1814,6.0,inf
566,1,0.1469259571061969,1.089255676539829,1.6869942429012492,1.1814,1,1.1814,6.0,inf
566,2,0.1469259571061969,1.089255676539829,1.6869942429012492,1.1814,1,1.1814,6.0,inf
566,3,0.1469259571061969,1.089255676539829,1.6869942429012492,1.1814,1,1.1814,6.0,inf
566,4,0.1469259571061969,1.089255676539829,1.6869942429012492,1.1814,1,1.1814,6.0,inf
566,5,0.1469259571061969,1.089255676539829,1.6869942429012492,1.1814,1,1.1814,6.0,inf
567,0,0.34954940544420937,-0.8025672967752058,0.2308158745493389,2.4303,1,2.4303,6.0,inf
567,1,0.34954940544420937,-0.8025672967752058,0.2308158745493389,2.4303,1,2.4303,6.0,inf
567,2,0.34954940544420937,-0.8025672967752058,0.2308158745493389,2.4303,1,2.4303,6.0,inf
567,3,0.34954940544420937,-0.8025672967752058,0.2308158745493389,2.4303,1,2.4303,6.0,inf
567,4,0.34954940544420937,-0.8025672967752058,0.2308158745493389,2.4303,1,2.4303,6.0,inf
567,5,0.34954940544420937,-0.8025672967752058,0.2308158745493389,2.4303,1,2.4303,6.0,inf
568,0,-0.07953939737917348,-1.189366341746141,0.969501437523857,2.2691999999999997,1,2.2691999999999997,6.0,inf
568,1,-0.07953939737917348,-1.189366341746141,0.969501437523857,2.2691999999999997,1,2.2691999999999997,6.0,inf
568,2,-0.07953939737917348,-1.189366341746141,0.969501437523857,2.2691999999999997,1,2.2691999999999997,6.0,inf
568,3,-0.07953939737917348,-1.189366341746141,0.969501437523857,2.2691999999999997,1,2.2691999999999997,6.0,inf
568,4,-0.07953939737917348,-1.189366341746141,0.969501437523857,2.2691999999999997,1,2.2691999999999997,6.0,inf
568,5,-0.07953939737917348,-1.189366341746141,0.969501437523857,2.2691999999999997,1,2.2691999999999997,6.0,inf
569,0,0.24581373962028485,1.7337660514113675,0.027911599065536707,1.2684,1,1.2684,6.0,inf
569,1,0.24581373962028485,1.7337660514113675,0.027911599065536707,1.2684,1,1.2684,6.0,inf
569,2,0.24581373962028485,1.7337660514113675,0.027911599065536707,1.2684,1,1.2684,6.0,inf
569,3,0.24581373962028485,1.7337660514113675,0.027911599065536707,1.2684,1,1.2684,6.0,inf
569,4,0.24581373962028485,1.7337660514113675,0.027911599065536707,1.2684,1,1.2684,6.0,inf
569,5,0.24581373962028485,1.7337660514113675,0.027911599065536707,1.2684,1,1.2684,6.0,inf
570,0,-0.28251372285871723,0.49202522232156876,-0.5855999345211627,0.8955,1,0.8955,6.0,inf
570,1,-0.28251372285871723,0.49202522232156876,-0.5855999345211627,0.8955,1,0.8955,6.0,inf
570,2,-0.28251372285871723,0.49202522232156876,-0.5855999345211627,0.8955,1,0.8955,6.0,inf
570,3,-0.28251372285871723,0.49202522232156876,-0.5855999345211627,0.8955,1,0.8955,6.0,inf
570,4,-0.28251372285871723,0.49202522232156876,-0.5855999345211627,0.8955,1,0.8955,6.0,inf
570,5,-0.28251372285871723,0.49202522232156876,-0.5855999345211627,0.8955,1,0.8955,6.0,inf
571,0,-1.4126696858954915,0.35806008151655455,0.8899785005544388,1.002,1,1.002,6.0,inf
571,1,-1.4126696858954915,0.35806008151655455,0.8899785005544388,1.002,1,1.002,6.0,inf
571,2,-1.4126696858954915,0.35806008151655455,0.8899785005544388,1.002,1,1.002,6.0,inf
571,3,-1.4126696858954915,0.35806008151655455,0.8899785005544388,1.002,1,1.002,6.0,inf
571,4,-1.4126696858954915,0.35806008151655455,0.8899785005544388,1.002,1,1.002,6.0,inf
571,5,-1.4126696858954915,0.35806008151655455,0.8899785005544388,1.002,1,1.002,6.0,inf
572,0,1.3122838192910455,0.6425812707492972,-0.12362375656505499,0.9494999999999999,1,0.9494999999999999,6.0,inf
572,1,1.3122838192910455,0.6425812707492972,-0.12362375656505499,0.9494999999999999,1,0.9494999999999999,6.0,inf
572,2,1.3122838192910455,0.6425812707492972,-0.12362375656505499,0.9494999999999999,1,0.9494999999999999,6.0,inf
572,3,1.3122838192910455,0.6425812707492972,-0.12362375656505499,0.9494999999999999,1,0.9494999999999999,6.0,inf
572,4,1.3122838192910455,0.6425812707492972,-0.12362375656505499,0.9494999999999999,1,0.9494999999999999,6.0,inf
572,5,1.3122838192910455,0.6425812707492972,-0.12362375656505499,0.9494999999999999,1,0.9494999999999999,6.0,inf
573,0,1.023066020760457,1.3168686004897767,-2.504250697536561,2.7020999999999997,1,2.7020999999999997,6.0,inf
573,1,1.023066020760457,1.3168686004897767,-2.504250697536561,2.7020999999999997,1,2.7020999999999997,6.0,inf
573,2,1.023066020760457,1.3168686004897767,-2.504250697536561,2.7020999999999997,1,2.7020999999999997,6.0,inf
573,3,1.023066020760457,1.3168686004897767,-2.504250697536561,2.7020999999999997,1,2.7020999999999997,6.0,inf
573,4,1.023066020760457,1.3168686004897767,-2.504250697536561,2.7020999999999997,1,2.7020999999999997,6.0,inf
573,5,1.023066020760457,1.3168686004897767,-2.504250697536561,2.7020999999999997,1,2.7020999999999997,6.0,inf
574,0,1.4583229993719946,0.20487905944671145,-2.051340766000586,3.4875,1,3.4875,6.0,inf
574,1,1.4583229993719946,0.20487905944671145,-2.051340766000586,3.4875,1,3.4875,6.0,inf
574,2,1.4583229993719946,0.20487905944671145,-2.051340766000586,3.4875,1,3.4875,6.0,inf
574,3,1.4583229993719946,0.20487905944671145,-2.051340766000586,3.4875,1,3.4875,6.0,inf
574,4,1.4583229993719946,0.20487905944671145,-2.051340766000586,3.4875,1,3.4875,6.0,inf
574,5,1.4583229993719946,0.20487905944671145,-2.051340766000586,3.4875,1,3.4875,6.0,inf
575,0,-0.14849974689653264,0.6597115114271446,-0.0705531936822236,1.4111999999999998,1,1.4111999999999998,6.0,inf
575,1,-0.14849974689653264,0.6597115114271446,-0.0705531936822236,1.4111999999999998,1,1.4111999999999998,6.0,inf
575,2,-0.14849974689653264,0.6597115114271446,-0.0705531936822236,1.4111999999999998,1,1.4111999999999998,6.0,inf
575,3,-0.14849974689653264,0.6597115114271446,-0.0705531936822236,1.4111999999999998,1,1.4111999999999998,6.0,inf
575,4,-0.14849974689653264,0.6597115114271446,-0.0705531936822236,1.4111999999999998,1,1.4111999999999998,6.0,inf
575,5,-0.14849974689653264,0.6597115114271446,-0.0705531936822236,1.4111999999999998,1,1.4111999999999998,6.0,inf
576,0,-0.6821751353223775,-0.34533866227344656,-1.3676687792271975,6.0,0,7.729799999999999,6.0,inf
576,1,-0.6821751353223775,-0.34533866227344656,-1.3676687792271975,6.0,0,7.729799999999999,6.0,inf
576,2,-0.6821751353223775,-0.34533866227344656,-1.3676687792271975,6.0,0,7.729799999999999,6.0,inf
576,3,-0.6821751353223775,-0.34533866227344656,-1.3676687792271975,6.0,0,7.729799999999999,6.0,inf
576,4,-0.6821751353223775,-0.34533866227344656,-1.3676687792271975,6.0,0,7.729799999999999,6.0,inf
576,5,-0.6821751353223775,-0.34533866227344656,-1.3676687792271975,6.0,0,7.729799999999999,6.0,inf
577,0,-1.0858517340346825,0.8263480044080401,-0.5090693823257725,4.9262999999999995,1,4.9262999999999995,6.0,inf
577,1,-1.0858517340346825,0.8263480044080401,-0.5090693823257725,4.9262999999999995,1,4.9262999999999995,6.0,inf
577,2,-1.0858517340346825,0.8263480044080401,-0.5090693823257725,4.9262999999999995,1,4.9262999999999995,6.0,inf
577,3,-1.0858517340346825,0.8263480044080401,-0.5090693823257725,4.9262999999999995,1,4.9262999999999995,6.0,inf
577,4,-1.0858517340346825,0.8263480044080401,-0.5090693823257725,4.9262999999999995,1,4.9262999999999995,6.0,inf
577,5,-1.0858517340346825,0.8263480044080401,-0.5090693823257725,4.9262999999999995,1,4.9262999999999995,6.0,inf
578,0,2.2702128720942665,0.9417896399084896,0.47773849871432833,0.7406999999999999,1,0.7406999999999999,6.0,inf
578,1,2.2702128720942665,0.9417896399084896,0.47773849871432833,0.7406999999999999,1,0.7406999999999999,6.0,inf
578,2,2.2702128720942665,0.9417896399084896,0.47773849871432833,0.7406999999999999,1,0.7406999999999999,6.0,inf
578,3,2.2702128720942665,0.9417896399084896,0.47773849871432833,0.7406999999999999,1,0.7406999999999999,6.0,inf
578,4,2.2702128720942665,0.9417896399084896,0.47773849871432833,0.7406999999999999,1,0.7406999999999999,6.0,inf
578,5,2.2702128720942665,0.9417896399084896,0.47773849871432833,0.7406999999999999,1,0.7406999999999999,6.0,inf
579,0,0.42935846954060974,1.215889984636964,-2.4026349252584045,4.9464,1,4.9464,6.0,inf
579,1,0.42935846954060974,1.215889984636964,-2.4026349252584045,4.9464,1,4.9464,6.0,inf
579,2,0.42935846954060974,1.215889984636964,-2.4026349252584045,4.9464,1,4.9464,6.0,inf
579,3,0.42935846954060974,1.215889984636964,-2.4026349252584045,4.9464,1,4.9464,6.0,inf
579,4,0.42935846954060974,1.215889984636964,-2.4026349252584045,4.9464,1,4.9464,6.0,inf
579,5,0.42935846954060974,1.215889984636964,-2.4026349252584045,4.9464,1,4.9464,6.0,inf
580,0,-0.3797263661891508,-0.3524664367941377,-0.6252578679494536,3.7701,1,3.7701,6.0,inf
580,1,-0.3797263661891508,-0.3524664367941377,-0.6252578679494536,3.7701,1,3.7701,6.0,inf
580,2,-0.3797263661891508,-0.3524664367941377,-0.6252578679494536,3.7701,1,3.7701,6.0,inf
580,3,-0.3797263661891508,-0.3524664367941377,-0.6252578679494536,3.7701,1,3.7701,6.0,inf
580,4,-0.3797263661891508,-0.3524664367941377,-0.6252578679494536,3.7701,1,3.7701,6.0,inf
580,5,-0.3797263661891508,-0.3524664367941377,-0.6252578679494536,3.7701,1,3.7701,6.0,inf
581,0,-1.2286977484991581,0.2849230952352833,-0.4678343299926927,6.0,0,6.308699999999999,6.0,inf
581,1,-1.2286977484991581,0.2849230952352833,-0.4678343299926927,6.0,0,6.308699999999999,6.0,inf
581,2,-1.2286977484991581,0.2849230952352833,-0.4678343299926927,6.0,0,6.308699999999999,6.0,inf
581,3,-1.2286977484991581,0.2849230952352833,-0.4678343299926927,6.0,0,6.308699999999999,6.0,inf
581,4,-1.2286977484991581,0.2849230952352833,-0.4678343299926927,6.0,0,6.308699999999999,6.0,inf
581,5,-1.2286977484991581,0.2849230952352833,-0.4678343299926927,6.0,0,6.308699999999999,6.0,inf
582,0,1.0517841694232373,1.415049306794918,-0.8172119032271979,2.0726999999999998,1,2.0726999999999998,6.0,inf
582,1,1.0517841694232373,1.415049306794918,-0.8172119032271979,2.0726999999999998,1,2.0726999999999998,6.0,inf
582,2,1.0517841694232373,1.415049306794918,-0.8172119032271979,2.0726999999999998,1,2.0726999999999998,6.0,inf
582,3,1.0517841694232373,1.415049306794918,-0.8172119032271979,2.0726999999999998,1,2.0726999999999998,6.0,inf
582,4,1.0517841694232373,1.415049306794918,-0.8172119032271979,2.0726999999999998,1,2.0726999999999998,6.0,inf
582,5,1.0517841694232373,1.415049306794918,-0.8172119032271979,2.0726999999999998,1,2.0726999999999998,6.0,inf
583,0,1.3979232784386246,0.21643581772097478,-0.5268399337493092,2.0985,1,2.0985,6.0,inf
583,1,1.3979232784386246,0.21643581772097478,-0.5268399337493092,2.0985,1,2.0985,6.0,inf
583,2,1.3979232784386246,0.21643581772097478,-0.5268399337493092,2.0985,1,2.0985,6.0,inf
583,3,1.3979232784386246,0.21643581772097478,-0.5268399337493092,2.0985,1,2.0985,6.0,inf
583,4,1.3979232784386246,0.21643581772097478,-0.5268399337493092,2.0985,1,2.0985,6.0,inf
583,5,1.3979232784386246,0.21643581772097478,-0.5268399337493092,2.0985,1,2.0985,6.0,inf
584,0,0.4704962187818668,0.3431312553756559,-0.3860304209682056,1.4204999999999999,1,1.4204999999999999,6.0,inf
584,1,0.4704962187818668,0.3431312553756559,-0.3860304209682056,1.4204999999999999,1,1.4204999999999999,6.0,inf
584,2,0.4704962187818668,0.3431312553756559,-0.3860304209682056,1.4204999999999999,1,1.4204999999999999,6.0,inf
584,3,0.4704962187818668,0.3431312553756559,-0.3860304209682056,1.4204999999999999,1,1.4204999999999999,6.0,inf
584,4,0.4704962187818668,0.3431312553756559,-0.3860304209682056,1.4204999999999999,1,1.4204999999999999,6.0,inf
584,5,0.4704962187818668,0.3431312553756559,-0.3860304209682056,1.4204999999999999,1,1.4204999999999999,6.0,inf
585,0,-2.0697341086463754,0.6509842780846476,0.17567877880885635,6.0,0,8.0001,6.0,inf
585,1,-2.0697341086463754,0.6509842780846476,0.17567877880885635,6.0,0,8.0001,6.0,inf
585,2,-2.0697341086463754,0.6509842780846476,0.17567877880885635,6.0,0,8.0001,6.0,inf
585,3,-2.0697341086463754,0.6509842780846476,0.17567877880885635,6.0,0,8.0001,6.0,inf
585,4,-2.0697341086463754,0.6509842780846476,0.17567877880885635,6.0,0,8.0001,6.0,inf
585,5,-2.0697341086463754,0.6509842780846476,0.17567877880885635,6.0,0,8.0001,6.0,inf
586,0,-0.6111889453751825,0.4494554669086637,1.4753084963527068,1.1715,1,1.1715,6.0,inf
586,1,-0.6111889453751825,0.4494554669086637,1.4753084963527068,1.1715,1,1.1715,6.0,inf
586,2,-0.6111889453751825,0.4494554669086637,1.4753084963527068,1.1715,1,1.1715,6.0,inf
586,3,-0.6111889453751825,0.4494554669086637,1.4753084963527068,1.1715,1,1.1715,6.0,inf
586,4,-0.6111889453751825,0.4494554669086637,1.4753084963527068,1.1715,1,1.1715,6.0,inf
586,5,-0.6111889453751825,0.4494554669086637,1.4753084963527068,1.1715,1,1.1715,6.0,inf
587,0,-0.06545300289179908,0.7391957929161781,-0.6962857958590506,0.7392,1,0.7392,6.0,inf
587,1,-0.06545300289179908,0.7391957929161781,-0.6962857958590506,0.7392,1,0.7392,6.0,inf
587,2,-0.06545300289179908,0.7391957929161781,-0.6962857958590506,0.7392,1,0.7392,6.0,inf
587,3,-0.06545300289179908,0.7391957929161781,-0.6962857958590506,0.7392,1,0.7392,6.0,inf
587,4,-0.06545300289179908,0.7391957929161781,-0.6962857958590506,0.7392,1,0.7392,6.0,inf
587,5,-0.06545300289179908,0.7391957929161781,-0.6962857958590506,0.7392,1,0.7392,6.0,inf
588,0,0.4749557759773485,-0.2755492603584227,-0.002705018700452364,1.6709999999999998,1,1.6709999999999998,6.0,inf
588,1,0.4749557759773485,-0.2755492603584227,-0.002705018700452364,1.6709999999999998,1,1.6709999999999998,6.0,inf
588,2,0.4749557759773485,-0.2755492603584227,-0.002705018700452364,1.6709999999999998,1,1.6709999999999998,6.0,inf
588,3,0.4749557759773485,-0.2755492603584227,-0.002705018700452364,1.6709999999999998,1,1.6709999999999998,6.0,inf
588,4,0.4749557759773485,-0.2755492603584227,-0.002705018700452364,1.6709999999999998,1,1.6709999999999998,6.0,inf
588,5,0.4749557759773485,-0.2755492603584227,-0.002705018700452364,1.6709999999999998,1,1.6709999999999998,6.0,inf
589,0,0.03295820035305606,0.23937803853445971,0.6917631357047543,2.7020999999999997,1,2.7020999999999997,6.0,inf
589,1,0.03295820035305606,0.23937803853445971,0.6917631357047543,2.7020999999999997,1,2.7020999999999997,6.0,inf
589,2,0.03295820035305606,0.23937803853445971,0.6917631357047543,2.7020999999999997,1,2.7020999999999997,6.0,inf
589,3,0.03295820035305606,0.23937803853445971,0.6917631357047543,2.7020999999999997,1,2.7020999999999997,6.0,inf
589,4,0.03295820035305606,0.23937803853445971,0.6917631357047543,2.7020999999999997,1,2.7020999999999997,6.0,inf
589,5,0.03295820035305606,0.23937803853445971,0.6917631357047543,2.7020999999999997,1,2.7020999999999997,6.0,inf
590,0,0.433812043058158,1.6539585980341613,-2.823838572004076,3.3701999999999996,1,3.3701999999999996,6.0,inf
590,1,0.433812043058158,1.6539585980341613,-2.823838572004076,3.3701999999999996,1,3.3701999999999996,6.0,inf
590,2,0.433812043058158,1.6539585980341613,-2.823838572004076,3.3701999999999996,1,3.3701999999999996,6.0,inf
590,3,0.433812043058158,1.6539585980341613,-2.823838572004076,3.3701999999999996,1,3.3701999999999996,6.0,inf
590,4,0.433812043058158,1.6539585980341613,-2.823838572004076,3.3701999999999996,1,3.3701999999999996,6.0,inf
590,5,0.433812043058158,1.6539585980341613,-2.823838572004076,3.3701999999999996,1,3.3701999999999996,6.0,inf
591,0,0.9833979350216656,-0.23227302076278625,0.22098488263936766,1.0428,1,1.0428,6.0,inf
591,1,0.9833979350216656,-0.23227302076278625,0.22098488263936766,1.0428,1,1.0428,6.0,inf
591,2,0.9833979350216656,-0.23227302076278625,0.22098488263936766,1.0428,1,1.0428,6.0,inf
591,3,0.9833979350216656,-0.23227302076278625,0.22098488263936766,1.0428,1,1.0428,6.0,inf
591,4,0.9833979350216656,-0.23227302076278625,0.22098488263936766,1.0428,1,1.0428,6.0,inf
591,5,0.9833979350216656,-0.23227302076278625,0.22098488263936766,1.0428,1,1.0428,6.0,inf
592,0,-0.8446874569238408,-0.1037720546457453,0.15130067088867988,1.6698,1,1.6698,6.0,inf
592,1,-0.8446874569238408,-0.1037720546457453,0.15130067088867988,1.6698,1,1.6698,6.0,inf
592,2,-0.8446874569238408,-0.1037720546457453,0.15130067088867988,1.6698,1,1.6698,6.0,inf
592,3,-0.8446874569238408,-0.1037720546457453,0.15130067088867988,1.6698,1,1.6698,6.0,inf
592,4,-0.8446874569238408,-0.1037720546457453,0.15130067088867988,1.6698,1,1.6698,6.0,inf
592,5,-0.8446874569238408,-0.1037720546457453,0.15130067088867988,1.6698,1,1.6698,6.0,inf
593,0,0.21346322313939292,0.33996481474219836,-0.5394992811475606,2.259,1,2.259,6.0,inf
593,1,0.21346322313939292,0.33996481474219836,-0.5394992811475606,2.259,1,2.259,6.0,inf
593,2,0.21346322313939292,0.33996481474219836,-0.5394992811475606,2.259,1,2.259,6.0,inf
593,3,0.21346322313939292,0.33996481474219836,-0.5394992811475606,2.259,1,2.259,6.0,inf
593,4,0.21346322313939292,0.33996481474219836,-0.5394992811475606,2.259,1,2.259,6.0,inf
593,5,0.21346322313939292,0.33996481474219836,-0.5394992811475606,2.259,1,2.259,6.0,inf
594,0,-0.40689640156394197,-0.9225934912608519,1.2768989961053077,2.6525999999999996,1,2.6525999999999996,6.0,inf
594,1,-0.40689640156394197,-0.9225934912608519,1.2768989961053077,2.6525999999999996,1,2.6525999999999996,6.0,inf
594,2,-0.40689640156394197,-0.9225934912608519,1.2768989961053077,2.6525999999999996,1,2.6525999999999996,6.0,inf
594,3,-0.40689640156394197,-0.9225934912608519,1.2768989961053077,2.6525999999999996,1,2.6525999999999996,6.0,inf
594,4,-0.40689640156394197,-0.9225934912608519,1.2768989961053077,2.6525999999999996,1,2.6525999999999996,6.0,inf
594,5,-0.40689640156394197,-0.9225934912608519,1.2768989961053077,2.6525999999999996,1,2.6525999999999996,6.0,inf
595,0,0.15802798740737667,0.9597250388299619,-0.8473317269066128,2.0766,1,2.0766,6.0,inf
595,1,0.15802798740737667,0.9597250388299619,-0.8473317269066128,2.0766,1,2.0766,6.0,inf
595,2,0.15802798740737667,0.9597250388299619,-0.8473317269066128,2.0766,1,2.0766,6.0,inf
595,3,0.15802798740737667,0.9597250388299619,-0.8473317269066128,2.0766,1,2.0766,6.0,inf
595,4,0.15802798740737667,0.9597250388299619,-0.8473317269066128,2.0766,1,2.0766,6.0,inf
595,5,0.15802798740737667,0.9597250388299619,-0.8473317269066128,2.0766,1,2.0766,6.0,inf
596,0,1.1979351416428345,-0.524138406164809,-0.7695765856801893,2.9057999999999997,1,2.9057999999999997,6.0,inf
596,1,1.1979351416428345,-0.524138406164809,-0.7695765856801893,2.9057999999999997,1,2.9057999999999997,6.0,inf
596,2,1.1979351416428345,-0.524138406164809,-0.7695765856801893,2.9057999999999997,1,2.9057999999999997,6.0,inf
596,3,1.1979351416428345,-0.524138406164809,-0.7695765856801893,2.9057999999999997,1,2.9057999999999997,6.0,inf
596,4,1.1979351416428345,-0.524138406164809,-0.7695765856801893,2.9057999999999997,1,2.9057999999999997,6.0,inf
596,5,1.1979351416428345,-0.524138406164809,-0.7695765856801893,2.9057999999999997,1,2.9057999999999997,6.0,inf
597,0,-0.13491563088170586,0.003731937359035248,-0.41911399653551573,0.8606999999999999,1,0.8606999999999999,6.0,inf
597,1,-0.13491563088170586,0.003731937359035248,-0.41911399653551573,0.8606999999999999,1,0.8606999999999999,6.0,inf
597,2,-0.13491563088170586,0.003731937359035248,-0.41911399653551573,0.8606999999999999,1,0.8606999999999999,6.0,inf
597,3,-0.13491563088170586,0.003731937359035248,-0.41911399653551573,0.8606999999999999,1,0.8606999999999999,6.0,inf
597,4,-0.13491563088170586,0.003731937359035248,-0.41911399653551573,0.8606999999999999,1,0.8606999999999999,6.0,inf
597,5,-0.13491563088170586,0.003731937359035248,-0.41911399653551573,0.8606999999999999,1,0.8606999999999999,6.0,inf
598,0,0.10307727998789888,1.0011908256895137,-0.7220989253937188,0.9746999999999999,1,0.9746999999999999,6.0,inf
598,1,0.10307727998789888,1.0011908256895137,-0.7220989253937188,0.9746999999999999,1,0.9746999999999999,6.0,inf
598,2,0.10307727998789888,1.0011908256895137,-0.7220989253937188,0.9746999999999999,1,0.9746999999999999,6.0,inf
598,3,0.10307727998789888,1.0011908256895137,-0.7220989253937188,0.9746999999999999,1,0.9746999999999999,6.0,inf
598,4,0.10307727998789888,1.0011908256895137,-0.7220989253937188,0.9746999999999999,1,0.9746999999999999,6.0,inf
598,5,0.10307727998789888,1.0011908256895137,-0.7220989253937188,0.9746999999999999,1,0.9746999999999999,6.0,inf
599,0,-0.8837177410486529,1.4854842971208273,-0.129347835870806,2.4911999999999996,1,2.4911999999999996,6.0,inf
599,1,-0.8837177410486529,1.4854842971208273,-0.129347835870806,2.4911999999999996,1,2.4911999999999996,6.0,inf
599,2,-0.8837177410486529,1.4854842971208273,-0.129347835870806,2.4911999999999996,1,2.4911999999999996,6.0,inf
599,3,-0.8837177410486529,1.4854842971208273,-0.129347835870806,2.4911999999999996,1,2.4911999999999996,6.0,inf
599,4,-0.8837177410486529,1.4854842971208273,-0.129347835870806,2.4911999999999996,1,2.4911999999999996,6.0,inf
599,5,-0.8837177410486529,1.4854842971208273,-0.129347835870806,2.4911999999999996,1,2.4911999999999996,6.0,inf
600,0,1.1130051880373495,-0.32971225117461284,0.197540392454446,2.1288,1,2.1288,6.0,inf
600,1,1.1130051880373495,-0.32971225117461284,0.197540392454446,2.1288,1,2.1288,6.0,inf
600,2,1.1130051880373495,-0.32971225117461284,0.197540392454446,2.1288,1,2.1288,6.0,inf
600,3,1.1130051880373495,-0.32971225117461284,0.197540392454446,2.1288,1,2.1288,6.0,inf
600,4,1.1130051880373495,-0.32971225117461284,0.197540392454446,2.1288,1,2.1288,6.0,inf
600,5,1.1130051880373495,-0.32971225117461284,0.197540392454446,2.1288,1,2.1288,6.0,inf
601,0,-0.23307824744801373,0.8438146379934637,0.36001933972784195,2.0780999999999996,1,2.0780999999999996,6.0,inf
601,1,-0.23307824744801373,0.8438146379934637,0.36001933972784195,2.0780999999999996,1,2.0780999999999996,6.0,inf
601,2,-0.23307824744801373,0.8438146379934637,0.36001933972784195,2.0780999999999996,1,2.0780999999999996,6.0,inf
601,3,-0.23307824744801373,0.8438146379934637,0.36001933972784195,2.0780999999999996,1,2.0780999999999996,6.0,inf
601,4,-0.23307824744801373,0.8438146379934637,0.36001933972784195,2.0780999999999996,1,2.0780999999999996,6.0,inf
601,5,-0.23307824744801373,0.8438146379934637,0.36001933972784195,2.0780999999999996,1,2.0780999999999996,6.0,inf
602,0,0.25127931178432256,0.9654907874293255,1.3572579641743816,0.5103,1,0.5103,6.0,inf
602,1,0.25127931178432256,0.9654907874293255,1.3572579641743816,0.5103,1,0.5103,6.0,inf
602,2,0.25127931178432256,0.9654907874293255,1.3572579641743816,0.5103,1,0.5103,6.0,inf
602,3,0.25127931178432256,0.9654907874293255,1.3572579641743816,0.5103,1,0.5103,6.0,inf
602,4,0.25127931178432256,0.9654907874293255,1.3572579641743816,0.5103,1,0.5103,6.0,inf
602,5,0.25127931178432256,0.9654907874293255,1.3572579641743816,0.5103,1,0.5103,6.0,inf
603,0,-0.25538545602089824,1.0559461428581993,-0.10206364530399374,2.5572,1,2.5572,6.0,inf
603,1,-0.25538545602089824,1.0559461428581993,-0.10206364530399374,2.5572,1,2.5572,6.0,inf
603,2,-0.25538545602089824,1.0559461428581993,-0.10206364530399374,2.5572,1,2.5572,6.0,inf
603,3,-0.25538545602089824,1.0559461428581993,-0.10206364530399374,2.5572,1,2.5572,6.0,inf
603,4,-0.25538545602089824,1.0559461428581993,-0.10206364530399374,2.5572,1,2.5572,6.0,inf
603,5,-0.25538545602089824,1.0559461428581993,-0.10206364530399374,2.5572,1,2.5572,6.0,inf
604,0,-0.013444916876325886,-0.3542602854483314,-0.7550367012784434,4.3446,1,4.3446,6.0,inf
604,1,-0.013444916876325886,-0.3542602854483314,-0.7550367012784434,4.3446,1,4.3446,6.0,inf
604,2,-0.013444916876325886,-0.3542602854483314,-0.7550367012784434,4.3446,1,4.3446,6.0,inf
604,3,-0.013444916876325886,-0.3542602854483314,-0.7550367012784434,4.3446,1,4.3446,6.0,inf
604,4,-0.013444916876325886,-0.3542602854483314,-0.7550367012784434,4.3446,1,4.3446,6.0,inf
604,5,-0.013444916876325886,-0.3542602854483314,-0.7550367012784434,4.3446,1,4.3446,6.0,inf
605,0,1.5912942540304484,0.9031672583701784,-0.22206628293947225,1.7498999999999998,1,1.7498999999999998,6.0,inf
605,1,1.5912942540304484,0.9031672583701784,-0.22206628293947225,1.7498999999999998,1,1.7498999999999998,6.0,inf
605,2,1.5912942540304484,0.9031672583701784,-0.22206628293947225,1.7498999999999998,1,1.7498999999999998,6.0,inf
605,3,1.5912942540304484,0.9031672583701784,-0.22206628293947225,1.7498999999999998,1,1.7498999999999998,6.0,inf
605,4,1.5912942540304484,0.9031672583701784,-0.22206628293947225,1.7498999999999998,1,1.7498999999999998,6.0,inf
605,5,1.5912942540304484,0.9031672583701784,-0.22206628293947225,1.7498999999999998,1,1.7498999999999998,6.0,inf
606,0,-0.09320416524091192,-0.45253318952949273,0.8536724976762253,4.1025,1,4.1025,6.0,inf
606,1,-0.09320416524091192,-0.45253318952949273,0.8536724976762253,4.1025,1,4.1025,6.0,inf
606,2,-0.09320416524091192,-0.45253318952949273,0.8536724976762253,4.1025,1,4.1025,6.0,inf
606,3,-0.09320416524091192,-0.45253318952949273,0.8536724976762253,4.1025,1,4.1025,6.0,inf
606,4,-0.09320416524091192,-0.45253318952949273,0.8536724976762253,4.1025,1,4.1025,6.0,inf
606,5,-0.09320416524091192,-0.45253318952949273,0.8536724976762253,4.1025,1,4.1025,6.0,inf
607,0,1.7072560925517901,-1.3770811458995673,0.17599509206563183,1.0569,1,1.0569,6.0,inf
607,1,1.7072560925517901,-1.3770811458995673,0.17599509206563183,1.0569,1,1.0569,6.0,inf
607,2,1.7072560925517901,-1.3770811458995673,0.17599509206563183,1.0569,1,1.0569,6.0,inf
607,3,1.7072560925517901,-1.3770811458995673,0.17599509206563183,1.0569,1,1.0569,6.0,inf
607,4,1.7072560925517901,-1.3770811458995673,0.17599509206563183,1.0569,1,1.0569,6.0,inf
607,5,1.7072560925517901,-1.3770811458995673,0.17599509206563183,1.0569,1,1.0569,6.0,inf
608,0,0.44003216343934387,0.8839056733770511,0.609851705888619,1.5131999999999999,1,1.5131999999999999,6.0,inf
608,1,0.44003216343934387,0.8839056733770511,0.609851705888619,1.5131999999999999,1,1.5131999999999999,6.0,inf
608,2,0.44003216343934387,0.8839056733770511,0.609851705888619,1.5131999999999999,1,1.5131999999999999,6.0,inf
608,3,0.44003216343934387,0.8839056733770511,0.609851705888619,1.5131999999999999,1,1.5131999999999999,6.0,inf
608,4,0.44003216343934387,0.8839056733770511,0.609851705888619,1.5131999999999999,1,1.5131999999999999,6.0,inf
608,5,0.44003216343934387,0.8839056733770511,0.609851705888619,1.5131999999999999,1,1.5131999999999999,6.0,inf
609,0,2.1185655153304905,-1.2274023220984696,-0.14923391244635836,2.9187,1,2.9187,6.0,inf
609,1,2.1185655153304905,-1.2274023220984696,-0.14923391244635836,2.9187,1,2.9187,6.0,inf
609,2,2.1185655153304905,-1.2274023220984696,-0.14923391244635836,2.9187,1,2.9187,6.0,inf
609,3,2.1185655153304905,-1.2274023220984696,-0.14923391244635836,2.9187,1,2.9187,6.0,inf
609,4,2.1185655153304905,-1.2274023220984696,-0.14923391244635836,2.9187,1,2.9187,6.0,inf
609,5,2.1185655153304905,-1.2274023220984696,-0.14923391244635836,2.9187,1,2.9187,6.0,inf
610,0,-0.5105415079947724,-2.0480760302638252,-1.7768320242818532,6.0,0,7.207199999999999,6.0,inf
610,1,-0.5105415079947724,-2.0480760302638252,-1.7768320242818532,6.0,0,7.207199999999999,6.0,inf
610,2,-0.5105415079947724,-2.0480760302638252,-1.7768320242818532,6.0,0,7.207199999999999,6.0,inf
610,3,-0.5105415079947724,-2.0480760302638252,-1.7768320242818532,6.0,0,7.207199999999999,6.0,inf
610,4,-0.5105415079947724,-2.0480760302638252,-1.7768320242818532,6.0,0,7.207199999999999,6.0,inf
610,5,-0.5105415079947724,-2.0480760302638252,-1.7768320242818532,6.0,0,7.207199999999999,6.0,inf
611,0,-0.8893729638063654,-0.5784940969820443,-0.30788542157198484,6.0,0,6.7032,6.0,inf
611,1,-0.8893729638063654,-0.5784940969820443,-0.30788542157198484,6.0,0,6.7032,6.0,inf
611,2,-0.8893729638063654,-0.5784940969820443,-0.30788542157198484,6.0,0,6.7032,6.0,inf
611,3,-0.8893729638063654,-0.5784940969820443,-0.30788542157198484,6.0,0,6.7032,6.0,inf
611,4,-0.8893729638063654,-0.5784940969820443,-0.30788542157198484,6.0,0,6.7032,6.0,inf
611,5,-0.8893729638063654,-0.5784940969820443,-0.30788542157198484,6.0,0,6.7032,6.0,inf
612,0,1.006621878676082,0.07249568882642855,-1.5501026479798539,2.1605999999999996,1,2.1605999999999996,6.0,inf
612,1,1.006621878676082,0.07249568882642855,-1.5501026479798539,2.1605999999999996,1,2.1605999999999996,6.0,inf
612,2,1.006621878676082,0.07249568882642855,-1.5501026479798539,2.1605999999999996,1,2.1605999999999996,6.0,inf
612,3,1.006621878676082,0.07249568882642855,-1.5501026479798539,2.1605999999999996,1,2.1605999999999996,6.0,inf
612,4,1.006621878676082,0.07249568882642855,-1.5501026479798539,2.1605999999999996,1,2.1605999999999996,6.0,inf
612,5,1.006621878676082,0.07249568882642855,-1.5501026479798539,2.1605999999999996,1,2.1605999999999996,6.0,inf
613,0,-1.3037289739271827,0.09125973089236937,0.8691329760211935,0.7943999999999999,1,0.7943999999999999,6.0,inf
613,1,-1.3037289739271827,0.09125973089236937,0.8691329760211935,0.7943999999999999,1,0.7943999999999999,6.0,inf
613,2,-1.3037289739271827,0.09125973089236937,0.8691329760211935,0.7943999999999999,1,0.7943999999999999,6.0,inf
613,3,-1.3037289739271827,0.09125973089236937,0.8691329760211935,0.7943999999999999,1,0.7943999999999999,6.0,inf
613,4,-1.3037289739271827,0.09125973089236937,0.8691329760211935,0.7943999999999999,1,0.7943999999999999,6.0,inf
613,5,-1.3037289739271827,0.09125973089236937,0.8691329760211935,0.7943999999999999,1,0.7943999999999999,6.0,inf
614,0,-0.064299596601486,-0.5559273879350402,-1.0619685959033336,6.0,0,7.1061,6.0,inf
614,1,-0.064299596601486,-0.5559273879350402,-1.0619685959033336,6.0,0,7.1061,6.0,inf
614,2,-0.064299596601486,-0.5559273879350402,-1.0619685959033336,6.0,0,7.1061,6.0,inf
614,3,-0.064299596601486,-0.5559273879350402,-1.0619685959033336,6.0,0,7.1061,6.0,inf
614,4,-0.064299596601486,-0.5559273879350402,-1.0619685959033336,6.0,0,7.1061,6.0,inf
614,5,-0.064299596601486,-0.5559273879350402,-1.0619685959033336,6.0,0,7.1061,6.0,inf
615,0,-1.5254641444799215,-0.19314621334508542,-0.9786465333245652,6.0,0,8.0001,6.0,inf
615,1,-1.5254641444799215,-0.19314621334508542,-0.9786465333245652,6.0,0,8.0001,6.0,inf
615,2,-1.5254641444799215,-0.19314621334508542,-0.9786465333245652,6.0,0,8.0001,6.0,inf
615,3,-1.5254641444799215,-0.19314621334508542,-0.9786465333245652,6.0,0,8.0001,6.0,inf
615,4,-1.5254641444799215,-0.19314621334508542,-0.9786465333245652,6.0,0,8.0001,6.0,inf
615,5,-1.5254641444799215,-0.19314621334508542,-0.9786465333245652,6.0,0,8.0001,6.0,inf
616,0,0.4339648763191829,-0.03895833319928662,0.34376765722861735,1.1613,1,1.1613,6.0,inf
616,1,0.4339648763191829,-0.03895833319928662,0.34376765722861735,1.1613,1,1.1613,6.0,inf
616,2,0.4339648763191829,-0.03895833319928662,0.34376765722861735,1.1613,1,1.1613,6.0,inf
616,3,0.4339648763191829,-0.03895833319928662,0.34376765722861735,1.1613,1,1.1613,6.0,inf
616,4,0.4339648763191829,-0.03895833319928662,0.34376765722861735,1.1613,1,1.1613,6.0,inf
616,5,0.4339648763191829,-0.03895833319928662,0.34376765722861735,1.1613,1,1.1613,6.0,inf
617,0,0.3025889303317851,0.11503958104986975,-0.7804762628276116,1.8837,1,1.8837,6.0,inf
617,1,0.3025889303317851,0.11503958104986975,-0.7804762628276116,1.8837,1,1.8837,6.0,inf
617,2,0.3025889303317851,0.11503958104986975,-0.7804762628276116,1.8837,1,1.8837,6.0,inf
617,3,0.3025889303317851,0.11503958104986975,-0.7804762628276116,1.8837,1,1.8837,6.0,inf
617,4,0.3025889303317851,0.11503958104986975,-0.7804762628276116,1.8837,1,1.8837,6.0,inf
617,5,0.3025889303317851,0.11503958104986975,-0.7804762628276116,1.8837,1,1.8837,6.0,inf
618,0,1.3041570293316043,1.401094200481085,-0.34031712679203624,1.6730999999999998,1,1.6730999999999998,6.0,inf
618,1,1.3041570293316043,1.401094200481085,-0.34031712679203624,1.6730999999999998,1,1.6730999999999998,6.0,inf
618,2,1.3041570293316043,1.401094200481085,-0.34031712679203624,1.6730999999999998,1,1.6730999999999998,6.0,inf
618,3,1.3041570293316043,1.401094200481085,-0.34031712679203624,1.6730999999999998,1,1.6730999999999998,6.0,inf
618,4,1.3041570293316043,1.401094200481085,-0.34031712679203624,1.6730999999999998,1,1.6730999999999998,6.0,inf
618,5,1.3041570293316043,1.401094200481085,-0.34031712679203624,1.6730999999999998,1,1.6730999999999998,6.0,inf
619,0,0.3062537023145792,-0.8519234737414352,0.4874301291067868,0.4533,1,0.4533,6.0,inf
619,1,0.3062537023145792,-0.8519234737414352,0.4874301291067868,0.4533,1,0.4533,6.0,inf
619,2,0.3062537023145792,-0.8519234737414352,0.4874301291067868,0.4533,1,0.4533,6.0,inf
619,3,0.3062537023145792,-0.8519234737414352,0.4874301291067868,0.4533,1,0.4533,6.0,inf
619,4,0.3062537023145792,-0.8519234737414352,0.4874301291067868,0.4533,1,0.4533,6.0,inf
619,5,0.3062537023145792,-0.8519234737414352,0.4874301291067868,0.4533,1,0.4533,6.0,inf
620,0,0.6726928587806955,-1.0524996709554129,0.5788144501594072,2.2601999999999998,1,2.2601999999999998,6.0,inf
620,1,0.6726928587806955,-1.0524996709554129,0.5788144501594072,2.2601999999999998,1,2.2601999999999998,6.0,inf
620,2,0.6726928587806955,-1.0524996709554129,0.5788144501594072,2.2601999999999998,1,2.2601999999999998,6.0,inf
620,3,0.6726928587806955,-1.0524996709554129,0.5788144501594072,2.2601999999999998,1,2.2601999999999998,6.0,inf
620,4,0.6726928587806955,-1.0524996709554129,0.5788144501594072,2.2601999999999998,1,2.2601999999999998,6.0,inf
620,5,0.6726928587806955,-1.0524996709554129,0.5788144501594072,2.2601999999999998,1,2.2601999999999998,6.0,inf
621,0,-0.1884541141712222,0.6523754341456589,0.330894775766161,0.5679,1,0.5679,6.0,inf
621,1,-0.1884541141712222,0.6523754341456589,0.330894775766161,0.5679,1,0.5679,6.0,inf
621,2,-0.1884541141712222,0.6523754341456589,0.330894775766161,0.5679,1,0.5679,6.0,inf
621,3,-0.1884541141712222,0.6523754341456589,0.330894775766161,0.5679,1,0.5679,6.0,inf
621,4,-0.1884541141712222,0.6523754341456589,0.330894775766161,0.5679,1,0.5679,6.0,inf
621,5,-0.1884541141712222,0.6523754341456589,0.330894775766161,0.5679,1,0.5679,6.0,inf
622,0,0.5651165983062362,-0.7433593320837845,-1.276112914699865,3.6426,1,3.6426,6.0,inf
622,1,0.5651165983062362,-0.7433593320837845,-1.276112914699865,3.6426,1,3.6426,6.0,inf
622,2,0.5651165983062362,-0.7433593320837845,-1.276112914699865,3.6426,1,3.6426,6.0,inf
622,3,0.5651165983062362,-0.7433593320837845,-1.276112914699865,3.6426,1,3.6426,6.0,inf
622,4,0.5651165983062362,-0.7433593320837845,-1.276112914699865,3.6426,1,3.6426,6.0,inf
622,5,0.5651165983062362,-0.7433593320837845,-1.276112914699865,3.6426,1,3.6426,6.0,inf
623,0,1.5498832573672416,-0.9398864136534987,-0.8658818709998224,3.7131,1,3.7131,6.0,inf
623,1,1.5498832573672416,-0.9398864136534987,-0.8658818709998224,3.7131,1,3.7131,6.0,inf
623,2,1.5498832573672416,-0.9398864136534987,-0.8658818709998224,3.7131,1,3.7131,6.0,inf
623,3,1.5498832573672416,-0.9398864136534987,-0.8658818709998224,3.7131,1,3.7131,6.0,inf
623,4,1.5498832573672416,-0.9398864136534987,-0.8658818709998224,3.7131,1,3.7131,6.0,inf
623,5,1.5498832573672416,-0.9398864136534987,-0.8658818709998224,3.7131,1,3.7131,6.0,inf
624,0,-0.7596156498941822,0.6644023752050895,0.48597031552237974,0.7610999999999999,1,0.7610999999999999,6.0,inf
624,1,-0.7596156498941822,0.6644023752050895,0.48597031552237974,0.7610999999999999,1,0.7610999999999999,6.0,inf
624,2,-0.7596156498941822,0.6644023752050895,0.48597031552237974,0.7610999999999999,1,0.7610999999999999,6.0,inf
624,3,-0.7596156498941822,0.6644023752050895,0.48597031552237974,0.7610999999999999,1,0.7610999999999999,6.0,inf
624,4,-0.7596156498941822,0.6644023752050895,0.48597031552237974,0.7610999999999999,1,0.7610999999999999,6.0,inf
624,5,-0.7596156498941822,0.6644023752050895,0.48597031552237974,0.7610999999999999,1,0.7610999999999999,6.0,inf
625,0,-0.17434162462932154,-1.9536095372196731,-1.6368094717433308,4.1193,1,4.1193,6.0,inf
625,1,-0.17434162462932154,-1.9536095372196731,-1.6368094717433308,4.1193,1,4.1193,6.0,inf
625,2,-0.17434162462932154,-1.9536095372196731,-1.6368094717433308,4.1193,1,4.1193,6.0,inf
625,3,-0.17434162462932154,-1.9536095372196731,-1.6368094717433308,4.1193,1,4.1193,6.0,inf
625,4,-0.17434162462932154,-1.9536095372196731,-1.6368094717433308,4.1193,1,4.1193,6.0,inf
625,5,-0.17434162462932154,-1.9536095372196731,-1.6368094717433308,4.1193,1,4.1193,6.0,inf
626,0,-0.6590429147823889,-0.25460013092345046,-1.0854867452234378,6.0,0,6.7101,6.0,inf
626,1,-0.6590429147823889,-0.25460013092345046,-1.0854867452234378,6.0,0,6.7101,6.0,inf
626,2,-0.6590429147823889,-0.25460013092345046,-1.0854867452234378,6.0,0,6.7101,6.0,inf
626,3,-0.6590429147823889,-0.25460013092345046,-1.0854867452234378,6.0,0,6.7101,6.0,inf
626,4,-0.6590429147823889,-0.25460013092345046,-1.0854867452234378,6.0,0,6.7101,6.0,inf
626,5,-0.6590429147823889,-0.25460013092345046,-1.0854867452234378,6.0,0,6.7101,6.0,inf
627,0,-0.6670430901695319,0.2411807283096835,0.25184449553778804,5.0055,1,5.0055,6.0,inf
627,1,-0.6670430901695319,0.2411807283096835,0.25184449553778804,5.0055,1,5.0055,6.0,inf
627,2,-0.6670430901695319,0.2411807283096835,0.25184449553778804,5.0055,1,5.0055,6.0,inf
627,3,-0.6670430901695319,0.2411807283096835,0.25184449553778804,5.0055,1,5.0055,6.0,inf
627,4,-0.6670430901695319,0.2411807283096835,0.25184449553778804,5.0055,1,5.0055,6.0,inf
627,5,-0.6670430901695319,0.2411807283096835,0.25184449553778804,5.0055,1,5.0055,6.0,inf
628,0,1.1964923571176118,0.9829851689282113,-0.43816138242799063,2.2556999999999996,1,2.2556999999999996,6.0,inf
628,1,1.1964923571176118,0.9829851689282113,-0.43816138242799063,2.2556999999999996,1,2.2556999999999996,6.0,inf
628,2,1.1964923571176118,0.9829851689282113,-0.43816138242799063,2.2556999999999996,1,2.2556999999999996,6.0,inf
628,3,1.1964923571176118,0.9829851689282113,-0.43816138242799063,2.2556999999999996,1,2.2556999999999996,6.0,inf
628,4,1.1964923571176118,0.9829851689282113,-0.43816138242799063,2.2556999999999996,1,2.2556999999999996,6.0,inf
628,5,1.1964923571176118,0.9829851689282113,-0.43816138242799063,2.2556999999999996,1,2.2556999999999996,6.0,inf
629,0,-1.1527543375958236,-0.1827203681632791,-0.6526023969890213,6.0,0,6.012,6.0,inf
629,1,-1.1527543375958236,-0.1827203681632791,-0.6526023969890213,6.0,0,6.012,6.0,inf
629,2,-1.1527543375958236,-0.1827203681632791,-0.6526023969890213,6.0,0,6.012,6.0,inf
629,3,-1.1527543375958236,-0.1827203681632791,-0.6526023969890213,6.0,0,6.012,6.0,inf
629,4,-1.1527543375958236,-0.1827203681632791,-0.6526023969890213,6.0,0,6.012,6.0,inf
629,5,-1.1527543375958236,-0.1827203681632791,-0.6526023969890213,6.0,0,6.012,6.0,inf
630,0,1.278588453122662,-0.28686699742026023,0.2672560184175103,1.3925999999999998,1,1.3925999999999998,6.0,inf
630,1,1.278588453122662,-0.28686699742026023,0.2672560184175103,1.3925999999999998,1,1.3925999999999998,6.0,inf
630,2,1.278588453122662,-0.28686699742026023,0.2672560184175103,1.3925999999999998,1,1.3925999999999998,6.0,inf
630,3,1.278588453122662,-0.28686699742026023,0.2672560184175103,1.3925999999999998,1,1.3925999999999998,6.0,inf
630,4,1.278588453122662,-0.28686699742026023,0.2672560184175103,1.3925999999999998,1,1.3925999999999998,6.0,inf
630,5,1.278588453122662,-0.28686699742026023,0.2672560184175103,1.3925999999999998,1,1.3925999999999998,6.0,inf
631,0,-2.364529565393296,-1.5064709190395071,0.9808931957211184,6.0,0,8.0001,6.0,inf
631,1,-2.364529565393296,-1.5064709190395071,0.9808931957211184,6.0,0,8.0001,6.0,inf
631,2,-2.364529565393296,-1.5064709190395071,0.9808931957211184,6.0,0,8.0001,6.0,inf
631,3,-2.364529565393296,-1.5064709190395071,0.9808931957211184,6.0,0,8.0001,6.0,inf
631,4,-2.364529565393296,-1.5064709190395071,0.9808931957211184,6.0,0,8.0001,6.0,inf
631,5,-2.364529565393296,-1.5064709190395071,0.9808931957211184,6.0,0,8.0001,6.0,inf
632,0,1.5103226011690332,-1.0664257687610748,1.3780106922364372,1.2374999999999998,1,1.2374999999999998,6.0,inf
632,1,1.5103226011690332,-1.0664257687610748,1.3780106922364372,1.2374999999999998,1,1.2374999999999998,6.0,inf
632,2,1.5103226011690332,-1.0664257687610748,1.3780106922364372,1.2374999999999998,1,1.2374999999999998,6.0,inf
632,3,1.5103226011690332,-1.0664257687610748,1.3780106922364372,1.2374999999999998,1,1.2374999999999998,6.0,inf
632,4,1.5103226011690332,-1.0664257687610748,1.3780106922364372,1.2374999999999998,1,1.2374999999999998,6.0,inf
632,5,1.5103226011690332,-1.0664257687610748,1.3780106922364372,1.2374999999999998,1,1.2374999999999998,6.0,inf
633,0,-0.311867049999756,0.24080678168908193,0.45098314500061015,1.8495,1,1.8495,6.0,inf
633,1,-0.311867049999756,0.24080678168908193,0.45098314500061015,1.8495,1,1.8495,6.0,inf
633,2,-0.311867049999756,0.24080678168908193,0.45098314500061015,1.8495,1,1.8495,6.0,inf
633,3,-0.311867049999756,0.24080678168908193,0.45098314500061015,1.8495,1,1.8495,6.0,inf
633,4,-0.311867049999756,0.24080678168908193,0.45098314500061015,1.8495,1,1.8495,6.0,inf
633,5,-0.311867049999756,0.24080678168908193,0.45098314500061015,1.8495,1,1.8495,6.0,inf
634,0,-1.7210529169724926,-1.5248013022156763,-0.6219755823992572,6.0,0,8.0001,6.0,inf
634,1,-1.7210529169724926,-1.5248013022156763,-0.6219755823992572,6.0,0,8.0001,6.0,inf
634,2,-1.7210529169724926,-1.5248013022156763,-0.6219755823992572,6.0,0,8.0001,6.0,inf
634,3,-1.7210529169724926,-1.5248013022156763,-0.6219755823992572,6.0,0,8.0001,6.0,inf
634,4,-1.7210529169724926,-1.5248013022156763,-0.6219755823992572,6.0,0,8.0001,6.0,inf
634,5,-1.7210529169724926,-1.5248013022156763,-0.6219755823992572,6.0,0,8.0001,6.0,inf
635,0,0.29678779014090284,0.8427433616573681,-0.6276435159449503,3.4877999999999996,1,3.4877999999999996,6.0,inf
635,1,0.29678779014090284,0.8427433616573681,-0.6276435159449503,3.4877999999999996,1,3.4877999999999996,6.0,inf
635,2,0.29678779014090284,0.8427433616573681,-0.6276435159449503,3.4877999999999996,1,3.4877999999999996,6.0,inf
635,3,0.29678779014090284,0.8427433616573681,-0.6276435159449503,3.4877999999999996,1,3.4877999999999996,6.0,inf
635,4,0.29678779014090284,0.8427433616573681,-0.6276435159449503,3.4877999999999996,1,3.4877999999999996,6.0,inf
635,5,0.29678779014090284,0.8427433616573681,-0.6276435159449503,3.4877999999999996,1,3.4877999999999996,6.0,inf
636,0,0.5853686148867779,0.2288578298929878,-0.6442147687778204,2.0862,1,2.0862,6.0,inf
636,1,0.5853686148867779,0.2288578298929878,-0.6442147687778204,2.0862,1,2.0862,6.0,inf
636,2,0.5853686148867779,0.2288578298929878,-0.6442147687778204,2.0862,1,2.0862,6.0,inf
636,3,0.5853686148867779,0.2288578298929878,-0.6442147687778204,2.0862,1,2.0862,6.0,inf
636,4,0.5853686148867779,0.2288578298929878,-0.6442147687778204,2.0862,1,2.0862,6.0,inf
636,5,0.5853686148867779,0.2288578298929878,-0.6442147687778204,2.0862,1,2.0862,6.0,inf
637,0,-1.215310636873444,-0.011550352106912784,-0.46961779412224336,6.0,0,7.518299999999999,6.0,inf
637,1,-1.215310636873444,-0.011550352106912784,-0.46961779412224336,6.0,0,7.518299999999999,6.0,inf
637,2,-1.215310636873444,-0.011550352106912784,-0.46961779412224336,6.0,0,7.518299999999999,6.0,inf
637,3,-1.215310636873444,-0.011550352106912784,-0.46961779412224336,6.0,0,7.518299999999999,6.0,inf
637,4,-1.215310636873444,-0.011550352106912784,-0.46961779412224336,6.0,0,7.518299999999999,6.0,inf
637,5,-1.215310636873444,-0.011550352106912784,-0.46961779412224336,6.0,0,7.518299999999999,6.0,inf
638,0,-0.07698444136360226,-0.5317356522633268,-0.10794853902110806,3.7448999999999995,1,3.7448999999999995,6.0,inf
638,1,-0.07698444136360226,-0.5317356522633268,-0.10794853902110806,3.7448999999999995,1,3.7448999999999995,6.0,inf
638,2,-0.07698444136360226,-0.5317356522633268,-0.10794853902110806,3.7448999999999995,1,3.7448999999999995,6.0,inf
638,3,-0.07698444136360226,-0.5317356522633268,-0.10794853902110806,3.7448999999999995,1,3.7448999999999995,6.0,inf
638,4,-0.07698444136360226,-0.5317356522633268,-0.10794853902110806,3.7448999999999995,1,3.7448999999999995,6.0,inf
638,5,-0.07698444136360226,-0.5317356522633268,-0.10794853902110806,3.7448999999999995,1,3.7448999999999995,6.0,inf
639,0,0.032863748615074614,-0.17812702987021162,-1.7101066490244925,5.9193,1,5.9193,6.0,inf
639,1,0.032863748615074614,-0.17812702987021162,-1.7101066490244925,5.9193,1,5.9193,6.0,inf
639,2,0.032863748615074614,-0.17812702987021162,-1.7101066490244925,5.9193,1,5.9193,6.0,inf
639,3,0.032863748615074614,-0.17812702987021162,-1.7101066490244925,5.9193,1,5.9193,6.0,inf
639,4,0.032863748615074614,-0.17812702987021162,-1.7101066490244925,5.9193,1,5.9193,6.0,inf
639,5,0.032863748615074614,-0.17812702987021162,-1.7101066490244925,5.9193,1,5.9193,6.0,inf
640,0,-0.5035817791708562,-1.4109495169415032,-0.43541227223290757,5.0859,1,5.0859,6.0,inf
640,1,-0.5035817791708562,-1.4109495169415032,-0.43541227223290757,5.0859,1,5.0859,6.0,inf
640,2,-0.5035817791708562,-1.4109495169415032,-0.43541227223290757,5.0859,1,5.0859,6.0,inf
640,3,-0.5035817791708562,-1.4109495169415032,-0.43541227223290757,5.0859,1,5.0859,6.0,inf
640,4,-0.5035817791708562,-1.4109495169415032,-0.43541227223290757,5.0859,1,5.0859,6.0,inf
640,5,-0.5035817791708562,-1.4109495169415032,-0.43541227223290757,5.0859,1,5.0859,6.0,inf
641,0,-0.8358212136401129,2.2628477493698105,0.5615650023184054,0.9963,1,0.9963,6.0,inf
641,1,-0.8358212136401129,2.2628477493698105,0.5615650023184054,0.9963,1,0.9963,6.0,inf
641,2,-0.8358212136401129,2.2628477493698105,0.5615650023184054,0.9963,1,0.9963,6.0,inf
641,3,-0.8358212136401129,2.2628477493698105,0.5615650023184054,0.9963,1,0.9963,6.0,inf
641,4,-0.8358212136401129,2.2628477493698105,0.5615650023184054,0.9963,1,0.9963,6.0,inf
641,5,-0.8358212136401129,2.2628477493698105,0.5615650023184054,0.9963,1,0.9963,6.0,inf
642,0,1.3606917810380126,-0.33949831790630436,0.9828267458961164,1.8756,1,1.8756,6.0,inf
642,1,1.3606917810380126,-0.33949831790630436,0.9828267458961164,1.8756,1,1.8756,6.0,inf
642,2,1.3606917810380126,-0.33949831790630436,0.9828267458961164,1.8756,1,1.8756,6.0,inf
642,3,1.3606917810380126,-0.33949831790630436,0.9828267458961164,1.8756,1,1.8756,6.0,inf
642,4,1.3606917810380126,-0.33949831790630436,0.9828267458961164,1.8756,1,1.8756,6.0,inf
642,5,1.3606917810380126,-0.33949831790630436,0.9828267458961164,1.8756,1,1.8756,6.0,inf
643,0,0.7472831668574639,-0.9286015021409242,-0.016380670308103466,2.0336999999999996,1,2.0336999999999996,6.0,inf
643,1,0.7472831668574639,-0.9286015021409242,-0.016380670308103466,2.0336999999999996,1,2.0336999999999996,6.0,inf
643,2,0.7472831668574639,-0.9286015021409242,-0.016380670308103466,2.0336999999999996,1,2.0336999999999996,6.0,inf
643,3,0.7472831668574639,-0.9286015021409242,-0.016380670308103466,2.0336999999999996,1,2.0336999999999996,6.0,inf
643,4,0.7472831668574639,-0.9286015021409242,-0.016380670308103466,2.0336999999999996,1,2.0336999999999996,6.0,inf
643,5,0.7472831668574639,-0.9286015021409242,-0.016380670308103466,2.0336999999999996,1,2.0336999999999996,6.0,inf
644,0,0.19649523785236014,-2.334940766112983,-1.5134637273832907,6.0,0,8.0001,6.0,inf
644,1,0.19649523785236014,-2.334940766112983,-1.5134637273832907,6.0,0,8.0001,6.0,inf
644,2,0.19649523785236014,-2.334940766112983,-1.5134637273832907,6.0,0,8.0001,6.0,inf
644,3,0.19649523785236014,-2.334940766112983,-1.5134637273832907,6.0,0,8.0001,6.0,inf
644,4,0.19649523785236014,-2.334940766112983,-1.5134637273832907,6.0,0,8.0001,6.0,inf
644,5,0.19649523785236014,-2.334940766112983,-1.5134637273832907,6.0,0,8.0001,6.0,inf
645,0,2.1415294007289867,-0.23660084582938146,0.6748268965023441,2.0229,1,2.0229,6.0,inf
645,1,2.1415294007289867,-0.23660084582938146,0.6748268965023441,2.0229,1,2.0229,6.0,inf
645,2,2.1415294007289867,-0.23660084582938146,0.6748268965023441,2.0229,1,2.0229,6.0,inf
645,3,2.1415294007289867,-0.23660084582938146,0.6748268965023441,2.0229,1,2.0229,6.0,inf
645,4,2.1415294007289867,-0.23660084582938146,0.6748268965023441,2.0229,1,2.0229,6.0,inf
645,5,2.1415294007289867,-0.23660084582938146,0.6748268965023441,2.0229,1,2.0229,6.0,inf
646,0,-0.25553100169018733,0.8219945522064178,0.48919568197074864,1.2368999999999999,1,1.2368999999999999,6.0,inf
646,1,-0.25553100169018733,0.8219945522064178,0.48919568197074864,1.2368999999999999,1,1.2368999999999999,6.0,inf
646,2,-0.25553100169018733,0.8219945522064178,0.48919568197074864,1.2368999999999999,1,1.2368999999999999,6.0,inf
646,3,-0.25553100169018733,0.8219945522064178,0.48919568197074864,1.2368999999999999,1,1.2368999999999999,6.0,inf
646,4,-0.25553100169018733,0.8219945522064178,0.48919568197074864,1.2368999999999999,1,1.2368999999999999,6.0,inf
646,5,-0.25553100169018733,0.8219945522064178,0.48919568197074864,1.2368999999999999,1,1.2368999999999999,6.0,inf
647,0,-0.1939469006989936,0.8232698053427444,0.1756928030321534,1.6490999999999998,1,1.6490999999999998,6.0,inf
647,1,-0.1939469006989936,0.8232698053427444,0.1756928030321534,1.6490999999999998,1,1.6490999999999998,6.0,inf
647,2,-0.1939469006989936,0.8232698053427444,0.1756928030321534,1.6490999999999998,1,1.6490999999999998,6.0,inf
647,3,-0.1939469006989936,0.8232698053427444,0.1756928030321534,1.6490999999999998,1,1.6490999999999998,6.0,inf
647,4,-0.1939469006989936,0.8232698053427444,0.1756928030321534,1.6490999999999998,1,1.6490999999999998,6.0,inf
647,5,-0.1939469006989936,0.8232698053427444,0.1756928030321534,1.6490999999999998,1,1.6490999999999998,6.0,inf
648,0,-0.9434197513984216,-0.008458910656648885,2.195776712934496,1.0326,1,1.0326,6.0,inf
648,1,-0.9434197513984216,-0.008458910656648885,2.195776712934496,1.0326,1,1.0326,6.0,inf
648,2,-0.9434197513984216,-0.008458910656648885,2.195776712934496,1.0326,1,1.0326,6.0,inf
648,3,-0.9434197513984216,-0.008458910656648885,2.195776712934496,1.0326,1,1.0326,6.0,inf
648,4,-0.9434197513984216,-0.008458910656648885,2.195776712934496,1.0326,1,1.0326,6.0,inf
648,5,-0.9434197513984216,-0.008458910656648885,2.195776712934496,1.0326,1,1.0326,6.0,inf
649,0,-1.376476328611685,0.1437599590369393,2.1170132063019036,0.6548999999999999,1,0.6548999999999999,6.0,inf
649,1,-1.376476328611685,0.1437599590369393,2.1170132063019036,0.6548999999999999,1,0.6548999999999999,6.0,inf
649,2,-1.376476328611685,0.1437599590369393,2.1170132063019036,0.6548999999999999,1,0.6548999999999999,6.0,inf
649,3,-1.376476328611685,0.1437599590369393,2.1170132063019036,0.6548999999999999,1,0.6548999999999999,6.0,inf
649,4,-1.376476328611685,0.1437599590369393,2.1170132063019036,0.6548999999999999,1,0.6548999999999999,6.0,inf
649,5,-1.376476328611685,0.1437599590369393,2.1170132063019036,0.6548999999999999,1,0.6548999999999999,6.0,inf
650,0,-0.3572993979497968,-0.2130667663174159,-0.3305431079772359,3.6374999999999997,1,3.6374999999999997,6.0,inf
650,1,-0.3572993979497968,-0.2130667663174159,-0.3305431079772359,3.6374999999999997,1,3.6374999999999997,6.0,inf
650,2,-0.3572993979497968,-0.2130667663174159,-0.3305431079772359,3.6374999999999997,1,3.6374999999999997,6.0,inf
650,3,-0.3572993979497968,-0.2130667663174159,-0.3305431079772359,3.6374999999999997,1,3.6374999999999997,6.0,inf
650,4,-0.3572993979497968,-0.2130667663174159,-0.3305431079772359,3.6374999999999997,1,3.6374999999999997,6.0,inf
650,5,-0.3572993979497968,-0.2130667663174159,-0.3305431079772359,3.6374999999999997,1,3.6374999999999997,6.0,inf
651,0,-0.14534606456883772,1.0444230733526303,0.7664467033557728,1.1922,1,1.1922,6.0,inf
651,1,-0.14534606456883772,1.0444230733526303,0.7664467033557728,1.1922,1,1.1922,6.0,inf
651,2,-0.14534606456883772,1.0444230733526303,0.7664467033557728,1.1922,1,1.1922,6.0,inf
651,3,-0.14534606456883772,1.0444230733526303,0.7664467033557728,1.1922,1,1.1922,6.0,inf
651,4,-0.14534606456883772,1.0444230733526303,0.7664467033557728,1.1922,1,1.1922,6.0,inf
651,5,-0.14534606456883772,1.0444230733526303,0.7664467033557728,1.1922,1,1.1922,6.0,inf
652,0,-1.5998006416437547,0.8572064094323918,-0.18449601485168354,6.0,0,6.266399999999999,6.0,inf
652,1,-1.5998006416437547,0.8572064094323918,-0.18449601485168354,6.0,0,6.266399999999999,6.0,inf
652,2,-1.5998006416437547,0.8572064094323918,-0.18449601485168354,6.0,0,6.266399999999999,6.0,inf
652,3,-1.5998006416437547,0.8572064094323918,-0.18449601485168354,6.0,0,6.266399999999999,6.0,inf
652,4,-1.5998006416437547,0.8572064094323918,-0.18449601485168354,6.0,0,6.266399999999999,6.0,inf
652,5,-1.5998006416437547,0.8572064094323918,-0.18449601485168354,6.0,0,6.266399999999999,6.0,inf
653,0,0.2579444546978611,-0.0805215712721346,-1.3309775168153,1.7432999999999998,1,1.7432999999999998,6.0,inf
653,1,0.2579444546978611,-0.0805215712721346,-1.3309775168153,1.7432999999999998,1,1.7432999999999998,6.0,inf
653,2,0.2579444546978611,-0.0805215712721346,-1.3309775168153,1.7432999999999998,1,1.7432999999999998,6.0,inf
653,3,0.2579444546978611,-0.0805215712721346,-1.3309775168153,1.7432999999999998,1,1.7432999999999998,6.0,inf
653,4,0.2579444546978611,-0.0805215712721346,-1.3309775168153,1.7432999999999998,1,1.7432999999999998,6.0,inf
653,5,0.2579444546978611,-0.0805215712721346,-1.3309775168153,1.7432999999999998,1,1.7432999999999998,6.0,inf
654,0,-0.3894438537238003,-0.2752907851722195,1.6138414821793872,1.7072999999999998,1,1.7072999999999998,6.0,inf
654,1,-0.3894438537238003,-0.2752907851722195,1.6138414821793872,1.7072999999999998,1,1.7072999999999998,6.0,inf
654,2,-0.3894438537238003,-0.2752907851722195,1.6138414821793872,1.7072999999999998,1,1.7072999999999998,6.0,inf
654,3,-0.3894438537238003,-0.2752907851722195,1.6138414821793872,1.7072999999999998,1,1.7072999999999998,6.0,inf
654,4,-0.3894438537238003,-0.2752907851722195,1.6138414821793872,1.7072999999999998,1,1.7072999999999998,6.0,inf
654,5,-0.3894438537238003,-0.2752907851722195,1.6138414821793872,1.7072999999999998,1,1.7072999999999998,6.0,inf
655,0,-0.29671611778641405,0.24215383406120505,0.725427905207505,1.644,1,1.644,6.0,inf
655,1,-0.29671611778641405,0.24215383406120505,0.725427905207505,1.644,1,1.644,6.0,inf
655,2,-0.29671611778641405,0.24215383406120505,0.725427905207505,1.644,1,1.644,6.0,inf
655,3,-0.29671611778641405,0.24215383406120505,0.725427905207505,1.644,1,1.644,6.0,inf
655,4,-0.29671611778641405,0.24215383406120505,0.725427905207505,1.644,1,1.644,6.0,inf
655,5,-0.29671611778641405,0.24215383406120505,0.725427905207505,1.644,1,1.644,6.0,inf
656,0,-1.3782168243682045,1.042771171655041,0.5998503839472933,1.3016999999999999,1,1.3016999999999999,6.0,inf
656,1,-1.3782168243682045,1.042771171655041,0.5998503839472933,1.3016999999999999,1,1.3016999999999999,6.0,inf
656,2,-1.3782168243682045,1.042771171655041,0.5998503839472933,1.3016999999999999,1,1.3016999999999999,6.0,inf
656,3,-1.3782168243682045,1.042771171655041,0.5998503839472933,1.3016999999999999,1,1.3016999999999999,6.0,inf
656,4,-1.3782168243682045,1.042771171655041,0.5998503839472933,1.3016999999999999,1,1.3016999999999999,6.0,inf
656,5,-1.3782168243682045,1.042771171655041,0.5998503839472933,1.3016999999999999,1,1.3016999999999999,6.0,inf
657,0,0.060252145083830394,0.10643394036108035,-1.10910786666995,2.1818999999999997,1,2.1818999999999997,6.0,inf
657,1,0.060252145083830394,0.10643394036108035,-1.10910786666995,2.1818999999999997,1,2.1818999999999997,6.0,inf
657,2,0.060252145083830394,0.10643394036108035,-1.10910786666995,2.1818999999999997,1,2.1818999999999997,6.0,inf
657,3,0.060252145083830394,0.10643394036108035,-1.10910786666995,2.1818999999999997,1,2.1818999999999997,6.0,inf
657,4,0.060252145083830394,0.10643394036108035,-1.10910786666995,2.1818999999999997,1,2.1818999999999997,6.0,inf
657,5,0.060252145083830394,0.10643394036108035,-1.10910786666995,2.1818999999999997,1,2.1818999999999997,6.0,inf
658,0,0.5374401792417991,-0.10074953957174927,0.9032049731752283,1.2614999999999998,1,1.2614999999999998,6.0,inf
658,1,0.5374401792417991,-0.10074953957174927,0.9032049731752283,1.2614999999999998,1,1.2614999999999998,6.0,inf
658,2,0.5374401792417991,-0.10074953957174927,0.9032049731752283,1.2614999999999998,1,1.2614999999999998,6.0,inf
658,3,0.5374401792417991,-0.10074953957174927,0.9032049731752283,1.2614999999999998,1,1.2614999999999998,6.0,inf
658,4,0.5374401792417991,-0.10074953957174927,0.9032049731752283,1.2614999999999998,1,1.2614999999999998,6.0,inf
658,5,0.5374401792417991,-0.10074953957174927,0.9032049731752283,1.2614999999999998,1,1.2614999999999998,6.0,inf
659,0,0.5510912791893925,-0.1105461681335682,-0.010300430668660045,2.0309999999999997,1,2.0309999999999997,6.0,inf
659,1,0.5510912791893925,-0.1105461681335682,-0.010300430668660045,2.0309999999999997,1,2.0309999999999997,6.0,inf
659,2,0.5510912791893925,-0.1105461681335682,-0.010300430668660045,2.0309999999999997,1,2.0309999999999997,6.0,inf
659,3,0.5510912791893925,-0.1105461681335682,-0.010300430668660045,2.0309999999999997,1,2.0309999999999997,6.0,inf
659,4,0.5510912791893925,-0.1105461681335682,-0.010300430668660045,2.0309999999999997,1,2.0309999999999997,6.0,inf
659,5,0.5510912791893925,-0.1105461681335682,-0.010300430668660045,2.0309999999999997,1,2.0309999999999997,6.0,inf
660,0,0.5805909492103432,-0.2997843046410943,-1.2450414620651336,3.4709999999999996,1,3.4709999999999996,6.0,inf
660,1,0.5805909492103432,-0.2997843046410943,-1.2450414620651336,3.4709999999999996,1,3.4709999999999996,6.0,inf
660,2,0.5805909492103432,-0.2997843046410943,-1.2450414620651336,3.4709999999999996,1,3.4709999999999996,6.0,inf
660,3,0.5805909492103432,-0.2997843046410943,-1.2450414620651336,3.4709999999999996,1,3.4709999999999996,6.0,inf
660,4,0.5805909492103432,-0.2997843046410943,-1.2450414620651336,3.4709999999999996,1,3.4709999999999996,6.0,inf
660,5,0.5805909492103432,-0.2997843046410943,-1.2450414620651336,3.4709999999999996,1,3.4709999999999996,6.0,inf
661,0,0.7892151302876067,-0.17063383962061424,-0.3896154386653983,1.8362999999999998,1,1.8362999999999998,6.0,inf
661,1,0.7892151302876067,-0.17063383962061424,-0.3896154386653983,1.8362999999999998,1,1.8362999999999998,6.0,inf
661,2,0.7892151302876067,-0.17063383962061424,-0.3896154386653983,1.8362999999999998,1,1.8362999999999998,6.0,inf
661,3,0.7892151302876067,-0.17063383962061424,-0.3896154386653983,1.8362999999999998,1,1.8362999999999998,6.0,inf
661,4,0.7892151302876067,-0.17063383962061424,-0.3896154386653983,1.8362999999999998,1,1.8362999999999998,6.0,inf
661,5,0.7892151302876067,-0.17063383962061424,-0.3896154386653983,1.8362999999999998,1,1.8362999999999998,6.0,inf
662,0,0.3281761243507579,-0.9404977258727841,-1.1134886590148267,4.047899999999999,1,4.047899999999999,6.0,inf
662,1,0.3281761243507579,-0.9404977258727841,-1.1134886590148267,4.047899999999999,1,4.047899999999999,6.0,inf
662,2,0.3281761243507579,-0.9404977258727841,-1.1134886590148267,4.047899999999999,1,4.047899999999999,6.0,inf
662,3,0.3281761243507579,-0.9404977258727841,-1.1134886590148267,4.047899999999999,1,4.047899999999999,6.0,inf
662,4,0.3281761243507579,-0.9404977258727841,-1.1134886590148267,4.047899999999999,1,4.047899999999999,6.0,inf
662,5,0.3281761243507579,-0.9404977258727841,-1.1134886590148267,4.047899999999999,1,4.047899999999999,6.0,inf
663,0,-0.7926568480648057,0.660600529971358,0.39648881430272404,2.2293,1,2.2293,6.0,inf
663,1,-0.7926568480648057,0.660600529971358,0.39648881430272404,2.2293,1,2.2293,6.0,inf
663,2,-0.7926568480648057,0.660600529971358,0.39648881430272404,2.2293,1,2.2293,6.0,inf
663,3,-0.7926568480648057,0.660600529971358,0.39648881430272404,2.2293,1,2.2293,6.0,inf
663,4,-0.7926568480648057,0.660600529971358,0.39648881430272404,2.2293,1,2.2293,6.0,inf
663,5,-0.7926568480648057,0.660600529971358,0.39648881430272404,2.2293,1,2.2293,6.0,inf
664,0,-0.5733661780408392,0.8948312307651342,1.9384957145287276,1.2596999999999998,1,1.2596999999999998,6.0,inf
664,1,-0.5733661780408392,0.8948312307651342,1.9384957145287276,1.2596999999999998,1,1.2596999999999998,6.0,inf
664,2,-0.5733661780408392,0.8948312307651342,1.9384957145287276,1.2596999999999998,1,1.2596999999999998,6.0,inf
664,3,-0.5733661780408392,0.8948312307651342,1.9384957145287276,1.2596999999999998,1,1.2596999999999998,6.0,inf
664,4,-0.5733661780408392,0.8948312307651342,1.9384957145287276,1.2596999999999998,1,1.2596999999999998,6.0,inf
664,5,-0.5733661780408392,0.8948312307651342,1.9384957145287276,1.2596999999999998,1,1.2596999999999998,6.0,inf
665,0,-0.7972618541291852,-0.4835058803460583,-0.19076380389918401,2.892,1,2.892,6.0,inf
665,1,-0.7972618541291852,-0.4835058803460583,-0.19076380389918401,2.892,1,2.892,6.0,inf
665,2,-0.7972618541291852,-0.4835058803460583,-0.19076380389918401,2.892,1,2.892,6.0,inf
665,3,-0.7972618541291852,-0.4835058803460583,-0.19076380389918401,2.892,1,2.892,6.0,inf
665,4,-0.7972618541291852,-0.4835058803460583,-0.19076380389918401,2.892,1,2.892,6.0,inf
665,5,-0.7972618541291852,-0.4835058803460583,-0.19076380389918401,2.892,1,2.892,6.0,inf
666,0,-0.5765679520793981,-2.449792701706406,0.7688292503677775,4.4844,1,4.4844,6.0,inf
666,1,-0.5765679520793981,-2.449792701706406,0.7688292503677775,4.4844,1,4.4844,6.0,inf
666,2,-0.5765679520793981,-2.449792701706406,0.7688292503677775,4.4844,1,4.4844,6.0,inf
666,3,-0.5765679520793981,-2.449792701706406,0.7688292503677775,4.4844,1,4.4844,6.0,inf
666,4,-0.5765679520793981,-2.449792701706406,0.7688292503677775,4.4844,1,4.4844,6.0,inf
666,5,-0.5765679520793981,-2.449792701706406,0.7688292503677775,4.4844,1,4.4844,6.0,inf
667,0,-0.43586757968912054,0.6253857662116481,0.896940388308458,1.0827,1,1.0827,6.0,inf
667,1,-0.43586757968912054,0.6253857662116481,0.896940388308458,1.0827,1,1.0827,6.0,inf
667,2,-0.43586757968912054,0.6253857662116481,0.896940388308458,1.0827,1,1.0827,6.0,inf
667,3,-0.43586757968912054,0.6253857662116481,0.896940388308458,1.0827,1,1.0827,6.0,inf
667,4,-0.43586757968912054,0.6253857662116481,0.896940388308458,1.0827,1,1.0827,6.0,inf
667,5,-0.43586757968912054,0.6253857662116481,0.896940388308458,1.0827,1,1.0827,6.0,inf
668,0,0.20456971477110208,0.35219276890389317,-1.8909215545438052,3.6224999999999996,1,3.6224999999999996,6.0,inf
668,1,0.20456971477110208,0.35219276890389317,-1.8909215545438052,3.6224999999999996,1,3.6224999999999996,6.0,inf
668,2,0.20456971477110208,0.35219276890389317,-1.8909215545438052,3.6224999999999996,1,3.6224999999999996,6.0,inf
668,3,0.20456971477110208,0.35219276890389317,-1.8909215545438052,3.6224999999999996,1,3.6224999999999996,6.0,inf
668,4,0.20456971477110208,0.35219276890389317,-1.8909215545438052,3.6224999999999996,1,3.6224999999999996,6.0,inf
668,5,0.20456971477110208,0.35219276890389317,-1.8909215545438052,3.6224999999999996,1,3.6224999999999996,6.0,inf
669,0,2.840637490975247,0.801005998356502,1.3449721551092015,0.7217999999999999,1,0.7217999999999999,6.0,inf
669,1,2.840637490975247,0.801005998356502,1.3449721551092015,0.7217999999999999,1,0.7217999999999999,6.0,inf
669,2,2.840637490975247,0.801005998356502,1.3449721551092015,0.7217999999999999,1,0.7217999999999999,6.0,inf
669,3,2.840637490975247,0.801005998356502,1.3449721551092015,0.7217999999999999,1,0.7217999999999999,6.0,inf
669,4,2.840637490975247,0.801005998356502,1.3449721551092015,0.7217999999999999,1,0.7217999999999999,6.0,inf
669,5,2.840637490975247,0.801005998356502,1.3449721551092015,0.7217999999999999,1,0.7217999999999999,6.0,inf
670,0,0.3860822102393043,-0.4223155948206307,0.24618024687045775,3.6815999999999995,1,3.6815999999999995,6.0,inf
670,1,0.3860822102393043,-0.4223155948206307,0.24618024687045775,3.6815999999999995,1,3.6815999999999995,6.0,inf
670,2,0.3860822102393043,-0.4223155948206307,0.24618024687045775,3.6815999999999995,1,3.6815999999999995,6.0,inf
670,3,0.3860822102393043,-0.4223155948206307,0.24618024687045775,3.6815999999999995,1,3.6815999999999995,6.0,inf
670,4,0.3860822102393043,-0.4223155948206307,0.24618024687045775,3.6815999999999995,1,3.6815999999999995,6.0,inf
670,5,0.3860822102393043,-0.4223155948206307,0.24618024687045775,3.6815999999999995,1,3.6815999999999995,6.0,inf
671,0,-0.6216016668588026,-2.150535010392489,0.8800701133361845,5.5851,1,5.5851,6.0,inf
671,1,-0.6216016668588026,-2.150535010392489,0.8800701133361845,5.5851,1,5.5851,6.0,inf
671,2,-0.6216016668588026,-2.150535010392489,0.8800701133361845,5.5851,1,5.5851,6.0,inf
671,3,-0.6216016668588026,-2.150535010392489,0.8800701133361845,5.5851,1,5.5851,6.0,inf
671,4,-0.6216016668588026,-2.150535010392489,0.8800701133361845,5.5851,1,5.5851,6.0,inf
671,5,-0.6216016668588026,-2.150535010392489,0.8800701133361845,5.5851,1,5.5851,6.0,inf
672,0,-0.5761556398162173,-2.085209357053075,-2.466346750987709,5.2524,1,5.2524,6.0,inf
672,1,-0.5761556398162173,-2.085209357053075,-2.466346750987709,5.2524,1,5.2524,6.0,inf
672,2,-0.5761556398162173,-2.085209357053075,-2.466346750987709,5.2524,1,5.2524,6.0,inf
672,3,-0.5761556398162173,-2.085209357053075,-2.466346750987709,5.2524,1,5.2524,6.0,inf
672,4,-0.5761556398162173,-2.085209357053075,-2.466346750987709,5.2524,1,5.2524,6.0,inf
672,5,-0.5761556398162173,-2.085209357053075,-2.466346750987709,5.2524,1,5.2524,6.0,inf
673,0,-0.8637183481206472,1.1687704102962388,-1.346073681202739,4.278,1,4.278,6.0,inf
673,1,-0.8637183481206472,1.1687704102962388,-1.346073681202739,4.278,1,4.278,6.0,inf
673,2,-0.8637183481206472,1.1687704102962388,-1.346073681202739,4.278,1,4.278,6.0,inf
673,3,-0.8637183481206472,1.1687704102962388,-1.346073681202739,4.278,1,4.278,6.0,inf
673,4,-0.8637183481206472,1.1687704102962388,-1.346073681202739,4.278,1,4.278,6.0,inf
673,5,-0.8637183481206472,1.1687704102962388,-1.346073681202739,4.278,1,4.278,6.0,inf
674,0,1.255528907745471,-0.24383478510673626,-0.19231336858932807,1.8647999999999998,1,1.8647999999999998,6.0,inf
674,1,1.255528907745471,-0.24383478510673626,-0.19231336858932807,1.8647999999999998,1,1.8647999999999998,6.0,inf
674,2,1.255528907745471,-0.24383478510673626,-0.19231336858932807,1.8647999999999998,1,1.8647999999999998,6.0,inf
674,3,1.255528907745471,-0.24383478510673626,-0.19231336858932807,1.8647999999999998,1,1.8647999999999998,6.0,inf
674,4,1.255528907745471,-0.24383478510673626,-0.19231336858932807,1.8647999999999998,1,1.8647999999999998,6.0,inf
674,5,1.255528907745471,-0.24383478510673626,-0.19231336858932807,1.8647999999999998,1,1.8647999999999998,6.0,inf
675,0,0.2794402666125749,-1.2985251255704267,-0.6664399548455116,3.6572999999999998,1,3.6572999999999998,6.0,inf
675,1,0.2794402666125749,-1.2985251255704267,-0.6664399548455116,3.6572999999999998,1,3.6572999999999998,6.0,inf
675,2,0.2794402666125749,-1.2985251255704267,-0.6664399548455116,3.6572999999999998,1,3.6572999999999998,6.0,inf
675,3,0.2794402666125749,-1.2985251255704267,-0.6664399548455116,3.6572999999999998,1,3.6572999999999998,6.0,inf
675,4,0.2794402666125749,-1.2985251255704267,-0.6664399548455116,3.6572999999999998,1,3.6572999999999998,6.0,inf
675,5,0.2794402666125749,-1.2985251255704267,-0.6664399548455116,3.6572999999999998,1,3.6572999999999998,6.0,inf
676,0,-0.6266789148487033,0.6828656166719993,0.34982454284630043,1.5416999999999998,1,1.5416999999999998,6.0,inf
676,1,-0.6266789148487033,0.6828656166719993,0.34982454284630043,1.5416999999999998,1,1.5416999999999998,6.0,inf
676,2,-0.6266789148487033,0.6828656166719993,0.34982454284630043,1.5416999999999998,1,1.5416999999999998,6.0,inf
676,3,-0.6266789148487033,0.6828656166719993,0.34982454284630043,1.5416999999999998,1,1.5416999999999998,6.0,inf
676,4,-0.6266789148487033,0.6828656166719993,0.34982454284630043,1.5416999999999998,1,1.5416999999999998,6.0,inf
676,5,-0.6266789148487033,0.6828656166719993,0.34982454284630043,1.5416999999999998,1,1.5416999999999998,6.0,inf
677,0,0.8969142612092588,0.9613547133265655,0.6619446107753801,1.2423,1,1.2423,6.0,inf
677,1,0.8969142612092588,0.9613547133265655,0.6619446107753801,1.2423,1,1.2423,6.0,inf
677,2,0.8969142612092588,0.9613547133265655,0.6619446107753801,1.2423,1,1.2423,6.0,inf
677,3,0.8969142612092588,0.9613547133265655,0.6619446107753801,1.2423,1,1.2423,6.0,inf
677,4,0.8969142612092588,0.9613547133265655,0.6619446107753801,1.2423,1,1.2423,6.0,inf
677,5,0.8969142612092588,0.9613547133265655,0.6619446107753801,1.2423,1,1.2423,6.0,inf
678,0,-0.9712987668015636,-1.2087928191312565,0.10686944129821609,5.454,1,5.454,6.0,inf
678,1,-0.9712987668015636,-1.2087928191312565,0.10686944129821609,5.454,1,5.454,6.0,inf
678,2,-0.9712987668015636,-1.2087928191312565,0.10686944129821609,5.454,1,5.454,6.0,inf
678,3,-0.9712987668015636,-1.2087928191312565,0.10686944129821609,5.454,1,5.454,6.0,inf
678,4,-0.9712987668015636,-1.2087928191312565,0.10686944129821609,5.454,1,5.454,6.0,inf
678,5,-0.9712987668015636,-1.2087928191312565,0.10686944129821609,5.454,1,5.454,6.0,inf
679,0,1.0115773679102438,-0.4794609511290758,1.104772668635933,1.2128999999999999,1,1.2128999999999999,6.0,inf
679,1,1.0115773679102438,-0.4794609511290758,1.104772668635933,1.2128999999999999,1,1.2128999999999999,6.0,inf
679,2,1.0115773679102438,-0.4794609511290758,1.104772668635933,1.2128999999999999,1,1.2128999999999999,6.0,inf
679,3,1.0115773679102438,-0.4794609511290758,1.104772668635933,1.2128999999999999,1,1.2128999999999999,6.0,inf
679,4,1.0115773679102438,-0.4794609511290758,1.104772668635933,1.2128999999999999,1,1.2128999999999999,6.0,inf
679,5,1.0115773679102438,-0.4794609511290758,1.104772668635933,1.2128999999999999,1,1.2128999999999999,6.0,inf
680,0,-0.59563955455762,0.7076036778029456,0.1706216596549824,2.0366999999999997,1,2.0366999999999997,6.0,inf
680,1,-0.59563955455762,0.7076036778029456,0.1706216596549824,2.0366999999999997,1,2.0366999999999997,6.0,inf
680,2,-0.59563955455762,0.7076036778029456,0.1706216596549824,2.0366999999999997,1,2.0366999999999997,6.0,inf
680,3,-0.59563955455762,0.7076036778029456,0.1706216596549824,2.0366999999999997,1,2.0366999999999997,6.0,inf
680,4,-0.59563955455762,0.7076036778029456,0.1706216596549824,2.0366999999999997,1,2.0366999999999997,6.0,inf
680,5,-0.59563955455762,0.7076036778029456,0.1706216596549824,2.0366999999999997,1,2.0366999999999997,6.0,inf
681,0,0.5356770826672624,0.07414470119822425,0.30073856667274357,2.4596999999999998,1,2.4596999999999998,6.0,inf
681,1,0.5356770826672624,0.07414470119822425,0.30073856667274357,2.4596999999999998,1,2.4596999999999998,6.0,inf
681,2,0.5356770826672624,0.07414470119822425,0.30073856667274357,2.4596999999999998,1,2.4596999999999998,6.0,inf
681,3,0.5356770826672624,0.07414470119822425,0.30073856667274357,2.4596999999999998,1,2.4596999999999998,6.0,inf
681,4,0.5356770826672624,0.07414470119822425,0.30073856667274357,2.4596999999999998,1,2.4596999999999998,6.0,inf
681,5,0.5356770826672624,0.07414470119822425,0.30073856667274357,2.4596999999999998,1,2.4596999999999998,6.0,inf
682,0,0.13865004153443988,-0.8260796512831438,0.44177181337459487,2.658,1,2.658,6.0,inf
682,1,0.13865004153443988,-0.8260796512831438,0.44177181337459487,2.658,1,2.658,6.0,inf
682,2,0.13865004153443988,-0.8260796512831438,0.44177181337459487,2.658,1,2.658,6.0,inf
682,3,0.13865004153443988,-0.8260796512831438,0.44177181337459487,2.658,1,2.658,6.0,inf
682,4,0.13865004153443988,-0.8260796512831438,0.44177181337459487,2.658,1,2.658,6.0,inf
682,5,0.13865004153443988,-0.8260796512831438,0.44177181337459487,2.658,1,2.658,6.0,inf
683,0,-1.0986341108787827,0.06568151787386232,0.5074696813302397,6.0,0,6.1026,6.0,inf
683,1,-1.0986341108787827,0.06568151787386232,0.5074696813302397,6.0,0,6.1026,6.0,inf
683,2,-1.0986341108787827,0.06568151787386232,0.5074696813302397,6.0,0,6.1026,6.0,inf
683,3,-1.0986341108787827,0.06568151787386232,0.5074696813302397,6.0,0,6.1026,6.0,inf
683,4,-1.0986341108787827,0.06568151787386232,0.5074696813302397,6.0,0,6.1026,6.0,inf
683,5,-1.0986341108787827,0.06568151787386232,0.5074696813302397,6.0,0,6.1026,6.0,inf
684,0,0.9813306781625663,-3.2026910306404206,0.3039097453414034,2.4974999999999996,1,2.4974999999999996,6.0,inf
684,1,0.9813306781625663,-3.2026910306404206,0.3039097453414034,2.4974999999999996,1,2.4974999999999996,6.0,inf
684,2,0.9813306781625663,-3.2026910306404206,0.3039097453414034,2.4974999999999996,1,2.4974999999999996,6.0,inf
684,3,0.9813306781625663,-3.2026910306404206,0.3039097453414034,2.4974999999999996,1,2.4974999999999996,6.0,inf
684,4,0.9813306781625663,-3.2026910306404206,0.3039097453414034,2.4974999999999996,1,2.4974999999999996,6.0,inf
684,5,0.9813306781625663,-3.2026910306404206,0.3039097453414034,2.4974999999999996,1,2.4974999999999996,6.0,inf
685,0,-0.6433630149371389,-0.9533306821572072,-1.4060864142552865,4.4337,1,4.4337,6.0,inf
685,1,-0.6433630149371389,-0.9533306821572072,-1.4060864142552865,4.4337,1,4.4337,6.0,inf
685,2,-0.6433630149371389,-0.9533306821572072,-1.4060864142552865,4.4337,1,4.4337,6.0,inf
685,3,-0.6433630149371389,-0.9533306821572072,-1.4060864142552865,4.4337,1,4.4337,6.0,inf
685,4,-0.6433630149371389,-0.9533306821572072,-1.4060864142552865,4.4337,1,4.4337,6.0,inf
685,5,-0.6433630149371389,-0.9533306821572072,-1.4060864142552865,4.4337,1,4.4337,6.0,inf
686,0,0.026850591568796704,0.7804248092450076,0.598829621895945,2.3712,1,2.3712,6.0,inf
686,1,0.026850591568796704,0.7804248092450076,0.598829621895945,2.3712,1,2.3712,6.0,inf
686,2,0.026850591568796704,0.7804248092450076,0.598829621895945,2.3712,1,2.3712,6.0,inf
686,3,0.026850591568796704,0.7804248092450076,0.598829621895945,2.3712,1,2.3712,6.0,inf
686,4,0.026850591568796704,0.7804248092450076,0.598829621895945,2.3712,1,2.3712,6.0,inf
686,5,0.026850591568796704,0.7804248092450076,0.598829621895945,2.3712,1,2.3712,6.0,inf
687,0,-0.08853773636838255,-1.5044676697294537,-2.6368262080531606,6.0,0,8.0001,6.0,inf
687,1,-0.08853773636838255,-1.5044676697294537,-2.6368262080531606,6.0,0,8.0001,6.0,inf
687,2,-0.08853773636838255,-1.5044676697294537,-2.6368262080531606,6.0,0,8.0001,6.0,inf
687,3,-0.08853773636838255,-1.5044676697294537,-2.6368262080531606,6.0,0,8.0001,6.0,inf
687,4,-0.08853773636838255,-1.5044676697294537,-2.6368262080531606,6.0,0,8.0001,6.0,inf
687,5,-0.08853773636838255,-1.5044676697294537,-2.6368262080531606,6.0,0,8.0001,6.0,inf
688,0,0.4229675834819014,-0.49160095073161864,0.3055223558593585,1.9124999999999999,1,1.9124999999999999,6.0,inf
688,1,0.4229675834819014,-0.49160095073161864,0.3055223558593585,1.9124999999999999,1,1.9124999999999999,6.0,inf
688,2,0.4229675834819014,-0.49160095073161864,0.3055223558593585,1.9124999999999999,1,1.9124999999999999,6.0,inf
688,3,0.4229675834819014,-0.49160095073161864,0.3055223558593585,1.9124999999999999,1,1.9124999999999999,6.0,inf
688,4,0.4229675834819014,-0.49160095073161864,0.3055223558593585,1.9124999999999999,1,1.9124999999999999,6.0,inf
688,5,0.4229675834819014,-0.49160095073161864,0.3055223558593585,1.9124999999999999,1,1.9124999999999999,6.0,inf
689,0,0.32203765488665326,-1.0744114845820405,0.6344521114543983,2.5763999999999996,1,2.5763999999999996,6.0,inf
689,1,0.32203765488665326,-1.0744114845820405,0.6344521114543983,2.5763999999999996,1,2.5763999999999996,6.0,inf
689,2,0.32203765488665326,-1.0744114845820405,0.6344521114543983,2.5763999999999996,1,2.5763999999999996,6.0,inf
689,3,0.32203765488665326,-1.0744114845820405,0.6344521114543983,2.5763999999999996,1,2.5763999999999996,6.0,inf
689,4,0.32203765488665326,-1.0744114845820405,0.6344521114543983,2.5763999999999996,1,2.5763999999999996,6.0,inf
689,5,0.32203765488665326,-1.0744114845820405,0.6344521114543983,2.5763999999999996,1,2.5763999999999996,6.0,inf
690,0,-0.8905945630511569,-0.7372551267691482,-0.3816115579061976,4.7001,1,4.7001,6.0,inf
690,1,-0.8905945630511569,-0.7372551267691482,-0.3816115579061976,4.7001,1,4.7001,6.0,inf
690,2,-0.8905945630511569,-0.7372551267691482,-0.3816115579061976,4.7001,1,4.7001,6.0,inf
690,3,-0.8905945630511569,-0.7372551267691482,-0.3816115579061976,4.7001,1,4.7001,6.0,inf
690,4,-0.8905945630511569,-0.7372551267691482,-0.3816115579061976,4.7001,1,4.7001,6.0,inf
690,5,-0.8905945630511569,-0.7372551267691482,-0.3816115579061976,4.7001,1,4.7001,6.0,inf
691,0,0.6655080437132336,1.3824910554214112,0.33594614310653614,0.5015999999999999,1,0.5015999999999999,6.0,inf
691,1,0.6655080437132336,1.3824910554214112,0.33594614310653614,0.5015999999999999,1,0.5015999999999999,6.0,inf
691,2,0.6655080437132336,1.3824910554214112,0.33594614310653614,0.5015999999999999,1,0.5015999999999999,6.0,inf
691,3,0.6655080437132336,1.3824910554214112,0.33594614310653614,0.5015999999999999,1,0.5015999999999999,6.0,inf
691,4,0.6655080437132336,1.3824910554214112,0.33594614310653614,0.5015999999999999,1,0.5015999999999999,6.0,inf
691,5,0.6655080437132336,1.3824910554214112,0.33594614310653614,0.5015999999999999,1,0.5015999999999999,6.0,inf
692,0,-1.5310538469208825,-1.3569715189625555,-0.4579923401707449,6.0,0,8.0001,6.0,inf
692,1,-1.5310538469208825,-1.3569715189625555,-0.4579923401707449,6.0,0,8.0001,6.0,inf
692,2,-1.5310538469208825,-1.3569715189625555,-0.4579923401707449,6.0,0,8.0001,6.0,inf
692,3,-1.5310538469208825,-1.3569715189625555,-0.4579923401707449,6.0,0,8.0001,6.0,inf
692,4,-1.5310538469208825,-1.3569715189625555,-0.4579923401707449,6.0,0,8.0001,6.0,inf
692,5,-1.5310538469208825,-1.3569715189625555,-0.4579923401707449,6.0,0,8.0001,6.0,inf
693,0,-0.6003430487550806,-0.8057802985119956,-0.48971663166052265,4.986599999999999,1,4.986599999999999,6.0,inf
693,1,-0.6003430487550806,-0.8057802985119956,-0.48971663166052265,4.986599999999999,1,4.986599999999999,6.0,inf
693,2,-0.6003430487550806,-0.8057802985119956,-0.48971663166052265,4.986599999999999,1,4.986599999999999,6.0,inf
693,3,-0.6003430487550806,-0.8057802985119956,-0.48971663166052265,4.986599999999999,1,4.986599999999999,6.0,inf
693,4,-0.6003430487550806,-0.8057802985119956,-0.48971663166052265,4.986599999999999,1,4.986599999999999,6.0,inf
693,5,-0.6003430487550806,-0.8057802985119956,-0.48971663166052265,4.986599999999999,1,4.986599999999999,6.0,inf
694,0,0.8965211600447108,0.8943912118183891,-0.3525914947214776,1.4372999999999998,1,1.4372999999999998,6.0,inf
694,1,0.8965211600447108,0.8943912118183891,-0.3525914947214776,1.4372999999999998,1,1.4372999999999998,6.0,inf
694,2,0.8965211600447108,0.8943912118183891,-0.3525914947214776,1.4372999999999998,1,1.4372999999999998,6.0,inf
694,3,0.8965211600447108,0.8943912118183891,-0.3525914947214776,1.4372999999999998,1,1.4372999999999998,6.0,inf
694,4,0.8965211600447108,0.8943912118183891,-0.3525914947214776,1.4372999999999998,1,1.4372999999999998,6.0,inf
694,5,0.8965211600447108,0.8943912118183891,-0.3525914947214776,1.4372999999999998,1,1.4372999999999998,6.0,inf
695,0,-0.48380361951676526,2.147873316778692,-0.4221613554922912,1.3337999999999999,1,1.3337999999999999,6.0,inf
695,1,-0.48380361951676526,2.147873316778692,-0.4221613554922912,1.3337999999999999,1,1.3337999999999999,6.0,inf
695,2,-0.48380361951676526,2.147873316778692,-0.4221613554922912,1.3337999999999999,1,1.3337999999999999,6.0,inf
695,3,-0.48380361951676526,2.147873316778692,-0.4221613554922912,1.3337999999999999,1,1.3337999999999999,6.0,inf
695,4,-0.48380361951676526,2.147873316778692,-0.4221613554922912,1.3337999999999999,1,1.3337999999999999,6.0,inf
695,5,-0.48380361951676526,2.147873316778692,-0.4221613554922912,1.3337999999999999,1,1.3337999999999999,6.0,inf
696,0,-0.8892007404672746,-0.645281719593622,-0.8334320746774478,5.4951,1,5.4951,6.0,inf
696,1,-0.8892007404672746,-0.645281719593622,-0.8334320746774478,5.4951,1,5.4951,6.0,inf
696,2,-0.8892007404672746,-0.645281719593622,-0.8334320746774478,5.4951,1,5.4951,6.0,inf
696,3,-0.8892007404672746,-0.645281719593622,-0.8334320746774478,5.4951,1,5.4951,6.0,inf
696,4,-0.8892007404672746,-0.645281719593622,-0.8334320746774478,5.4951,1,5.4951,6.0,inf
696,5,-0.8892007404672746,-0.645281719593622,-0.8334320746774478,5.4951,1,5.4951,6.0,inf
697,0,0.07560454640658519,-0.8549685666567565,-0.538993705802249,3.4421999999999997,1,3.4421999999999997,6.0,inf
697,1,0.07560454640658519,-0.8549685666567565,-0.538993705802249,3.4421999999999997,1,3.4421999999999997,6.0,inf
697,2,0.07560454640658519,-0.8549685666567565,-0.538993705802249,3.4421999999999997,1,3.4421999999999997,6.0,inf
697,3,0.07560454640658519,-0.8549685666567565,-0.538993705802249,3.4421999999999997,1,3.4421999999999997,6.0,inf
697,4,0.07560454640658519,-0.8549685666567565,-0.538993705802249,3.4421999999999997,1,3.4421999999999997,6.0,inf
697,5,0.07560454640658519,-0.8549685666567565,-0.538993705802249,3.4421999999999997,1,3.4421999999999997,6.0,inf
698,0,0.40237135245380873,-0.7602660133675022,0.38152238937899413,1.3857,1,1.3857,6.0,inf
698,1,0.40237135245380873,-0.7602660133675022,0.38152238937899413,1.3857,1,1.3857,6.0,inf
698,2,0.40237135245380873,-0.7602660133675022,0.38152238937899413,1.3857,1,1.3857,6.0,inf
698,3,0.40237135245380873,-0.7602660133675022,0.38152238937899413,1.3857,1,1.3857,6.0,inf
698,4,0.40237135245380873,-0.7602660133675022,0.38152238937899413,1.3857,1,1.3857,6.0,inf
698,5,0.40237135245380873,-0.7602660133675022,0.38152238937899413,1.3857,1,1.3857,6.0,inf
699,0,0.7452624621403652,-0.7942043027666448,0.9270089302621475,1.2627,1,1.2627,6.0,inf
699,1,0.7452624621403652,-0.7942043027666448,0.9270089302621475,1.2627,1,1.2627,6.0,inf
699,2,0.7452624621403652,-0.7942043027666448,0.9270089302621475,1.2627,1,1.2627,6.0,inf
699,3,0.7452624621403652,-0.7942043027666448,0.9270089302621475,1.2627,1,1.2627,6.0,inf
699,4,0.7452624621403652,-0.7942043027666448,0.9270089302621475,1.2627,1,1.2627,6.0,inf
699,5,0.7452624621403652,-0.7942043027666448,0.9270089302621475,1.2627,1,1.2627,6.0,inf
700,0,0.6261166545972434,-2.028689275460055,1.2844137454988618,2.6157,1,2.6157,6.0,inf
700,1,0.6261166545972434,-2.028689275460055,1.2844137454988618,2.6157,1,2.6157,6.0,inf
700,2,0.6261166545972434,-2.028689275460055,1.2844137454988618,2.6157,1,2.6157,6.0,inf
700,3,0.6261166545972434,-2.028689275460055,1.2844137454988618,2.6157,1,2.6157,6.0,inf
700,4,0.6261166545972434,-2.028689275460055,1.2844137454988618,2.6157,1,2.6157,6.0,inf
700,5,0.6261166545972434,-2.028689275460055,1.2844137454988618,2.6157,1,2.6157,6.0,inf
701,0,-1.1904918720991189,-0.28876909382153426,-1.4269419479704304,6.0,0,8.0001,6.0,inf
701,1,-1.1904918720991189,-0.28876909382153426,-1.4269419479704304,6.0,0,8.0001,6.0,inf
701,2,-1.1904918720991189,-0.28876909382153426,-1.4269419479704304,6.0,0,8.0001,6.0,inf
701,3,-1.1904918720991189,-0.28876909382153426,-1.4269419479704304,6.0,0,8.0001,6.0,inf
701,4,-1.1904918720991189,-0.28876909382153426,-1.4269419479704304,6.0,0,8.0001,6.0,inf
701,5,-1.1904918720991189,-0.28876909382153426,-1.4269419479704304,6.0,0,8.0001,6.0,inf
702,0,-0.0938704678987599,0.9378420629459501,0.910683847897103,1.0781999999999998,1,1.0781999999999998,6.0,inf
702,1,-0.0938704678987599,0.9378420629459501,0.910683847897103,1.0781999999999998,1,1.0781999999999998,6.0,inf
702,2,-0.0938704678987599,0.9378420629459501,0.910683847897103,1.0781999999999998,1,1.0781999999999998,6.0,inf
702,3,-0.0938704678987599,0.9378420629459501,0.910683847897103,1.0781999999999998,1,1.0781999999999998,6.0,inf
702,4,-0.0938704678987599,0.9378420629459501,0.910683847897103,1.0781999999999998,1,1.0781999999999998,6.0,inf
702,5,-0.0938704678987599,0.9378420629459501,0.910683847897103,1.0781999999999998,1,1.0781999999999998,6.0,inf
703,0,0.6616200165016402,-0.5624721778834615,0.08667516482472441,3.0246,1,3.0246,6.0,inf
703,1,0.6616200165016402,-0.5624721778834615,0.08667516482472441,3.0246,1,3.0246,6.0,inf
703,2,0.6616200165016402,-0.5624721778834615,0.08667516482472441,3.0246,1,3.0246,6.0,inf
703,3,0.6616200165016402,-0.5624721778834615,0.08667516482472441,3.0246,1,3.0246,6.0,inf
703,4,0.6616200165016402,-0.5624721778834615,0.08667516482472441,3.0246,1,3.0246,6.0,inf
703,5,0.6616200165016402,-0.5624721778834615,0.08667516482472441,3.0246,1,3.0246,6.0,inf
704,0,1.6904693541165712,-0.5041861851095333,-0.6728158174133508,2.5302,1,2.5302,6.0,inf
704,1,1.6904693541165712,-0.5041861851095333,-0.6728158174133508,2.5302,1,2.5302,6.0,inf
704,2,1.6904693541165712,-0.5041861851095333,-0.6728158174133508,2.5302,1,2.5302,6.0,inf
704,3,1.6904693541165712,-0.5041861851095333,-0.6728158174133508,2.5302,1,2.5302,6.0,inf
704,4,1.6904693541165712,-0.5041861851095333,-0.6728158174133508,2.5302,1,2.5302,6.0,inf
704,5,1.6904693541165712,-0.5041861851095333,-0.6728158174133508,2.5302,1,2.5302,6.0,inf
705,0,0.10781613656505301,1.318420790374435,0.8074423744144315,0.9008999999999999,1,0.9008999999999999,6.0,inf
705,1,0.10781613656505301,1.318420790374435,0.8074423744144315,0.9008999999999999,1,0.9008999999999999,6.0,inf
705,2,0.10781613656505301,1.318420790374435,0.8074423744144315,0.9008999999999999,1,0.9008999999999999,6.0,inf
705,3,0.10781613656505301,1.318420790374435,0.8074423744144315,0.9008999999999999,1,0.9008999999999999,6.0,inf
705,4,0.10781613656505301,1.318420790374435,0.8074423744144315,0.9008999999999999,1,0.9008999999999999,6.0,inf
705,5,0.10781613656505301,1.318420790374435,0.8074423744144315,0.9008999999999999,1,0.9008999999999999,6.0,inf
706,0,-0.3345466441386145,0.43482168256774234,-0.9554336003217326,3.6197999999999997,1,3.6197999999999997,6.0,inf
706,1,-0.3345466441386145,0.43482168256774234,-0.9554336003217326,3.6197999999999997,1,3.6197999999999997,6.0,inf
706,2,-0.3345466441386145,0.43482168256774234,-0.9554336003217326,3.6197999999999997,1,3.6197999999999997,6.0,inf
706,3,-0.3345466441386145,0.43482168256774234,-0.9554336003217326,3.6197999999999997,1,3.6197999999999997,6.0,inf
706,4,-0.3345466441386145,0.43482168256774234,-0.9554336003217326,3.6197999999999997,1,3.6197999999999997,6.0,inf
706,5,-0.3345466441386145,0.43482168256774234,-0.9554336003217326,3.6197999999999997,1,3.6197999999999997,6.0,inf
707,0,-0.19843214115549207,-0.5882456336252098,-0.010293632858081686,2.7066,1,2.7066,6.0,inf
707,1,-0.19843214115549207,-0.5882456336252098,-0.010293632858081686,2.7066,1,2.7066,6.0,inf
707,2,-0.19843214115549207,-0.5882456336252098,-0.010293632858081686,2.7066,1,2.7066,6.0,inf
707,3,-0.19843214115549207,-0.5882456336252098,-0.010293632858081686,2.7066,1,2.7066,6.0,inf
707,4,-0.19843214115549207,-0.5882456336252098,-0.010293632858081686,2.7066,1,2.7066,6.0,inf
707,5,-0.19843214115549207,-0.5882456336252098,-0.010293632858081686,2.7066,1,2.7066,6.0,inf
708,0,-0.6044088486128526,1.1990294352007158,0.9079165465954706,1.7691,1,1.7691,6.0,inf
708,1,-0.6044088486128526,1.1990294352007158,0.9079165465954706,1.7691,1,1.7691,6.0,inf
708,2,-0.6044088486128526,1.1990294352007158,0.9079165465954706,1.7691,1,1.7691,6.0,inf
708,3,-0.6044088486128526,1.1990294352007158,0.9079165465954706,1.7691,1,1.7691,6.0,inf
708,4,-0.6044088486128526,1.1990294352007158,0.9079165465954706,1.7691,1,1.7691,6.0,inf
708,5,-0.6044088486128526,1.1990294352007158,0.9079165465954706,1.7691,1,1.7691,6.0,inf
709,0,0.2938753220514347,-1.0607852233793993,0.5734583547025314,2.0534999999999997,1,2.0534999999999997,6.0,inf
709,1,0.2938753220514347,-1.0607852233793993,0.5734583547025314,2.0534999999999997,1,2.0534999999999997,6.0,inf
709,2,0.2938753220514347,-1.0607852233793993,0.5734583547025314,2.0534999999999997,1,2.0534999999999997,6.0,inf
709,3,0.2938753220514347,-1.0607852233793993,0.5734583547025314,2.0534999999999997,1,2.0534999999999997,6.0,inf
709,4,0.2938753220514347,-1.0607852233793993,0.5734583547025314,2.0534999999999997,1,2.0534999999999997,6.0,inf
709,5,0.2938753220514347,-1.0607852233793993,0.5734583547025314,2.0534999999999997,1,2.0534999999999997,6.0,inf
710,0,0.3111801720432809,0.9903628252650634,0.5681633472741328,1.1684999999999999,1,1.1684999999999999,6.0,inf
710,1,0.3111801720432809,0.9903628252650634,0.5681633472741328,1.1684999999999999,1,1.1684999999999999,6.0,inf
710,2,0.3111801720432809,0.9903628252650634,0.5681633472741328,1.1684999999999999,1,1.1684999999999999,6.0,inf
710,3,0.3111801720432809,0.9903628252650634,0.5681633472741328,1.1684999999999999,1,1.1684999999999999,6.0,inf
710,4,0.3111801720432809,0.9903628252650634,0.5681633472741328,1.1684999999999999,1,1.1684999999999999,6.0,inf
710,5,0.3111801720432809,0.9903628252650634,0.5681633472741328,1.1684999999999999,1,1.1684999999999999,6.0,inf
711,0,-1.351297919003627,-0.8945520458000304,-0.3434876480913226,6.0,0,8.0001,6.0,inf
711,1,-1.351297919003627,-0.8945520458000304,-0.3434876480913226,6.0,0,8.0001,6.0,inf
711,2,-1.351297919003627,-0.8945520458000304,-0.3434876480913226,6.0,0,8.0001,6.0,inf
711,3,-1.351297919003627,-0.8945520458000304,-0.3434876480913226,6.0,0,8.0001,6.0,inf
711,4,-1.351297919003627,-0.8945520458000304,-0.3434876480913226,6.0,0,8.0001,6.0,inf
711,5,-1.351297919003627,-0.8945520458000304,-0.3434876480913226,6.0,0,8.0001,6.0,inf
712,0,-1.1422034263731735,-0.8379705389225844,1.224504048251356,1.9754999999999998,1,1.9754999999999998,6.0,inf
712,1,-1.1422034263731735,-0.8379705389225844,1.224504048251356,1.9754999999999998,1,1.9754999999999998,6.0,inf
712,2,-1.1422034263731735,-0.8379705389225844,1.224504048251356,1.9754999999999998,1,1.9754999999999998,6.0,inf
712,3,-1.1422034263731735,-0.8379705389225844,1.224504048251356,1.9754999999999998,1,1.9754999999999998,6.0,inf
712,4,-1.1422034263731735,-0.8379705389225844,1.224504048251356,1.9754999999999998,1,1.9754999999999998,6.0,inf
712,5,-1.1422034263731735,-0.8379705389225844,1.224504048251356,1.9754999999999998,1,1.9754999999999998,6.0,inf
713,0,-1.0844641977462512,-0.5515638826547556,1.0379998772413837,2.8949999999999996,1,2.8949999999999996,6.0,inf
713,1,-1.0844641977462512,-0.5515638826547556,1.0379998772413837,2.8949999999999996,1,2.8949999999999996,6.0,inf
713,2,-1.0844641977462512,-0.5515638826547556,1.0379998772413837,2.8949999999999996,1,2.8949999999999996,6.0,inf
713,3,-1.0844641977462512,-0.5515638826547556,1.0379998772413837,2.8949999999999996,1,2.8949999999999996,6.0,inf
713,4,-1.0844641977462512,-0.5515638826547556,1.0379998772413837,2.8949999999999996,1,2.8949999999999996,6.0,inf
713,5,-1.0844641977462512,-0.5515638826547556,1.0379998772413837,2.8949999999999996,1,2.8949999999999996,6.0,inf
714,0,1.756795084975832,0.9396733307971112,-1.7030046442090776,2.3522999999999996,1,2.3522999999999996,6.0,inf
714,1,1.756795084975832,0.9396733307971112,-1.7030046442090776,2.3522999999999996,1,2.3522999999999996,6.0,inf
714,2,1.756795084975832,0.9396733307971112,-1.7030046442090776,2.3522999999999996,1,2.3522999999999996,6.0,inf
714,3,1.756795084975832,0.9396733307971112,-1.7030046442090776,2.3522999999999996,1,2.3522999999999996,6.0,inf
714,4,1.756795084975832,0.9396733307971112,-1.7030046442090776,2.3522999999999996,1,2.3522999999999996,6.0,inf
714,5,1.756795084975832,0.9396733307971112,-1.7030046442090776,2.3522999999999996,1,2.3522999999999996,6.0,inf
715,0,-0.7579114268494961,1.377836167459866,-0.38403782955773713,1.9214999999999998,1,1.9214999999999998,6.0,inf
715,1,-0.7579114268494961,1.377836167459866,-0.38403782955773713,1.9214999999999998,1,1.9214999999999998,6.0,inf
715,2,-0.7579114268494961,1.377836167459866,-0.38403782955773713,1.9214999999999998,1,1.9214999999999998,6.0,inf
715,3,-0.7579114268494961,1.377836167459866,-0.38403782955773713,1.9214999999999998,1,1.9214999999999998,6.0,inf
715,4,-0.7579114268494961,1.377836167459866,-0.38403782955773713,1.9214999999999998,1,1.9214999999999998,6.0,inf
715,5,-0.7579114268494961,1.377836167459866,-0.38403782955773713,1.9214999999999998,1,1.9214999999999998,6.0,inf
716,0,-1.6253832339351175,-0.9978849156330815,-1.8156106841157216,6.0,0,8.0001,6.0,inf
716,1,-1.6253832339351175,-0.9978849156330815,-1.8156106841157216,6.0,0,8.0001,6.0,inf
716,2,-1.6253832339351175,-0.9978849156330815,-1.8156106841157216,6.0,0,8.0001,6.0,inf
716,3,-1.6253832339351175,-0.9978849156330815,-1.8156106841157216,6.0,0,8.0001,6.0,inf
716,4,-1.6253832339351175,-0.9978849156330815,-1.8156106841157216,6.0,0,8.0001,6.0,inf
716,5,-1.6253832339351175,-0.9978849156330815,-1.8156106841157216,6.0,0,8.0001,6.0,inf
717,0,1.0080969074643165,-0.4954732809140248,-2.1791193870864687,3.3023999999999996,1,3.3023999999999996,6.0,inf
717,1,1.0080969074643165,-0.4954732809140248,-2.1791193870864687,3.3023999999999996,1,3.3023999999999996,6.0,inf
717,2,1.0080969074643165,-0.4954732809140248,-2.1791193870864687,3.3023999999999996,1,3.3023999999999996,6.0,inf
717,3,1.0080969074643165,-0.4954732809140248,-2.1791193870864687,3.3023999999999996,1,3.3023999999999996,6.0,inf
717,4,1.0080969074643165,-0.4954732809140248,-2.1791193870864687,3.3023999999999996,1,3.3023999999999996,6.0,inf
717,5,1.0080969074643165,-0.4954732809140248,-2.1791193870864687,3.3023999999999996,1,3.3023999999999996,6.0,inf
718,0,-0.746839174714244,0.7734741997146712,-0.5598494164921834,6.0,0,7.1895,6.0,inf
718,1,-0.746839174714244,0.7734741997146712,-0.5598494164921834,6.0,0,7.1895,6.0,inf
718,2,-0.746839174714244,0.7734741997146712,-0.5598494164921834,6.0,0,7.1895,6.0,inf
718,3,-0.746839174714244,0.7734741997146712,-0.5598494164921834,6.0,0,7.1895,6.0,inf
718,4,-0.746839174714244,0.7734741997146712,-0.5598494164921834,6.0,0,7.1895,6.0,inf
718,5,-0.746839174714244,0.7734741997146712,-0.5598494164921834,6.0,0,7.1895,6.0,inf
719,0,0.4760565570579188,-0.7034069570848083,0.6102992608440289,2.481,1,2.481,6.0,inf
719,1,0.4760565570579188,-0.7034069570848083,0.6102992608440289,2.481,1,2.481,6.0,inf
719,2,0.4760565570579188,-0.7034069570848083,0.6102992608440289,2.481,1,2.481,6.0,inf
719,3,0.4760565570579188,-0.7034069570848083,0.6102992608440289,2.481,1,2.481,6.0,inf
719,4,0.4760565570579188,-0.7034069570848083,0.6102992608440289,2.481,1,2.481,6.0,inf
719,5,0.4760565570579188,-0.7034069570848083,0.6102992608440289,2.481,1,2.481,6.0,inf
720,0,-0.0698497932677256,-0.047751589051852304,-0.6628528370232619,5.0244,1,5.0244,6.0,inf
720,1,-0.0698497932677256,-0.047751589051852304,-0.6628528370232619,5.0244,1,5.0244,6.0,inf
720,2,-0.0698497932677256,-0.047751589051852304,-0.6628528370232619,5.0244,1,5.0244,6.0,inf
720,3,-0.0698497932677256,-0.047751589051852304,-0.6628528370232619,5.0244,1,5.0244,6.0,inf
720,4,-0.0698497932677256,-0.047751589051852304,-0.6628528370232619,5.0244,1,5.0244,6.0,inf
720,5,-0.0698497932677256,-0.047751589051852304,-0.6628528370232619,5.0244,1,5.0244,6.0,inf
721,0,-0.7651996418906675,1.3530780310353343,-0.10457473459367832,1.7255999999999998,1,1.7255999999999998,6.0,inf
721,1,-0.7651996418906675,1.3530780310353343,-0.10457473459367832,1.7255999999999998,1,1.7255999999999998,6.0,inf
721,2,-0.7651996418906675,1.3530780310353343,-0.10457473459367832,1.7255999999999998,1,1.7255999999999998,6.0,inf
721,3,-0.7651996418906675,1.3530780310353343,-0.10457473459367832,1.7255999999999998,1,1.7255999999999998,6.0,inf
721,4,-0.7651996418906675,1.3530780310353343,-0.10457473459367832,1.7255999999999998,1,1.7255999999999998,6.0,inf
721,5,-0.7651996418906675,1.3530780310353343,-0.10457473459367832,1.7255999999999998,1,1.7255999999999998,6.0,inf
722,0,0.7601719406071016,-0.695012172435081,-0.22646271641905902,1.9043999999999999,1,1.9043999999999999,6.0,inf
722,1,0.7601719406071016,-0.695012172435081,-0.22646271641905902,1.9043999999999999,1,1.9043999999999999,6.0,inf
722,2,0.7601719406071016,-0.695012172435081,-0.22646271641905902,1.9043999999999999,1,1.9043999999999999,6.0,inf
722,3,0.7601719406071016,-0.695012172435081,-0.22646271641905902,1.9043999999999999,1,1.9043999999999999,6.0,inf
722,4,0.7601719406071016,-0.695012172435081,-0.22646271641905902,1.9043999999999999,1,1.9043999999999999,6.0,inf
722,5,0.7601719406071016,-0.695012172435081,-0.22646271641905902,1.9043999999999999,1,1.9043999999999999,6.0,inf
723,0,-1.3419437435869899,-0.5800053980449814,-0.22742971334114975,3.1190999999999995,1,3.1190999999999995,6.0,inf
723,1,-1.3419437435869899,-0.5800053980449814,-0.22742971334114975,3.1190999999999995,1,3.1190999999999995,6.0,inf
723,2,-1.3419437435869899,-0.5800053980449814,-0.22742971334114975,3.1190999999999995,1,3.1190999999999995,6.0,inf
723,3,-1.3419437435869899,-0.5800053980449814,-0.22742971334114975,3.1190999999999995,1,3.1190999999999995,6.0,inf
723,4,-1.3419437435869899,-0.5800053980449814,-0.22742971334114975,3.1190999999999995,1,3.1190999999999995,6.0,inf
723,5,-1.3419437435869899,-0.5800053980449814,-0.22742971334114975,3.1190999999999995,1,3.1190999999999995,6.0,inf
724,0,0.06042459450491456,-2.1208774012042038,-0.49958645090907267,6.0,0,6.2379,6.0,inf
724,1,0.06042459450491456,-2.1208774012042038,-0.49958645090907267,6.0,0,6.2379,6.0,inf
724,2,0.06042459450491456,-2.1208774012042038,-0.49958645090907267,6.0,0,6.2379,6.0,inf
724,3,0.06042459450491456,-2.1208774012042038,-0.49958645090907267,6.0,0,6.2379,6.0,inf
724,4,0.06042459450491456,-2.1208774012042038,-0.49958645090907267,6.0,0,6.2379,6.0,inf
724,5,0.06042459450491456,-2.1208774012042038,-0.49958645090907267,6.0,0,6.2379,6.0,inf
725,0,0.34923546096557617,-0.7197463150328964,-0.388493332191258,4.1982,1,4.1982,6.0,inf
725,1,0.34923546096557617,-0.7197463150328964,-0.388493332191258,4.1982,1,4.1982,6.0,inf
725,2,0.34923546096557617,-0.7197463150328964,-0.388493332191258,4.1982,1,4.1982,6.0,inf
725,3,0.34923546096557617,-0.7197463150328964,-0.388493332191258,4.1982,1,4.1982,6.0,inf
725,4,0.34923546096557617,-0.7197463150328964,-0.388493332191258,4.1982,1,4.1982,6.0,inf
725,5,0.34923546096557617,-0.7197463150328964,-0.388493332191258,4.1982,1,4.1982,6.0,inf
726,0,0.11821637654881087,-0.752219472232357,1.7608330172993416,2.1999,1,2.1999,6.0,inf
726,1,0.11821637654881087,-0.752219472232357,1.7608330172993416,2.1999,1,2.1999,6.0,inf
726,2,0.11821637654881087,-0.752219472232357,1.7608330172993416,2.1999,1,2.1999,6.0,inf
726,3,0.11821637654881087,-0.752219472232357,1.7608330172993416,2.1999,1,2.1999,6.0,inf
726,4,0.11821637654881087,-0.752219472232357,1.7608330172993416,2.1999,1,2.1999,6.0,inf
726,5,0.11821637654881087,-0.752219472232357,1.7608330172993416,2.1999,1,2.1999,6.0,inf
727,0,2.309628865435687,-1.1784224610395286,0.7589372852897105,1.2708,1,1.2708,6.0,inf
727,1,2.309628865435687,-1.1784224610395286,0.7589372852897105,1.2708,1,1.2708,6.0,inf
727,2,2.309628865435687,-1.1784224610395286,0.7589372852897105,1.2708,1,1.2708,6.0,inf
727,3,2.309628865435687,-1.1784224610395286,0.7589372852897105,1.2708,1,1.2708,6.0,inf
727,4,2.309628865435687,-1.1784224610395286,0.7589372852897105,1.2708,1,1.2708,6.0,inf
727,5,2.309628865435687,-1.1784224610395286,0.7589372852897105,1.2708,1,1.2708,6.0,inf
728,0,1.281108991316584,0.20146112461927262,-0.8652001894780138,2.0439,1,2.0439,6.0,inf
728,1,1.281108991316584,0.20146112461927262,-0.8652001894780138,2.0439,1,2.0439,6.0,inf
728,2,1.281108991316584,0.20146112461927262,-0.8652001894780138,2.0439,1,2.0439,6.0,inf
728,3,1.281108991316584,0.20146112461927262,-0.8652001894780138,2.0439,1,2.0439,6.0,inf
728,4,1.281108991316584,0.20146112461927262,-0.8652001894780138,2.0439,1,2.0439,6.0,inf
728,5,1.281108991316584,0.20146112461927262,-0.8652001894780138,2.0439,1,2.0439,6.0,inf
729,0,-1.0477446312477703,0.21951060637190545,1.0389094573648103,3.5382,1,3.5382,6.0,inf
729,1,-1.0477446312477703,0.21951060637190545,1.0389094573648103,3.5382,1,3.5382,6.0,inf
729,2,-1.0477446312477703,0.21951060637190545,1.0389094573648103,3.5382,1,3.5382,6.0,inf
729,3,-1.0477446312477703,0.21951060637190545,1.0389094573648103,3.5382,1,3.5382,6.0,inf
729,4,-1.0477446312477703,0.21951060637190545,1.0389094573648103,3.5382,1,3.5382,6.0,inf
729,5,-1.0477446312477703,0.21951060637190545,1.0389094573648103,3.5382,1,3.5382,6.0,inf
730,0,-0.6068500198717447,0.4214817218344691,-1.232443707379399,6.0,0,7.055699999999999,6.0,inf
730,1,-0.6068500198717447,0.4214817218344691,-1.232443707379399,6.0,0,7.055699999999999,6.0,inf
730,2,-0.6068500198717447,0.4214817218344691,-1.232443707379399,6.0,0,7.055699999999999,6.0,inf
730,3,-0.6068500198717447,0.4214817218344691,-1.232443707379399,6.0,0,7.055699999999999,6.0,inf
730,4,-0.6068500198717447,0.4214817218344691,-1.232443707379399,6.0,0,7.055699999999999,6.0,inf
730,5,-0.6068500198717447,0.4214817218344691,-1.232443707379399,6.0,0,7.055699999999999,6.0,inf
731,0,-1.1135934863964763,-0.9367281083124738,-0.16939553048070624,6.0,0,6.466499999999999,6.0,inf
731,1,-1.1135934863964763,-0.9367281083124738,-0.16939553048070624,6.0,0,6.466499999999999,6.0,inf
731,2,-1.1135934863964763,-0.9367281083124738,-0.16939553048070624,6.0,0,6.466499999999999,6.0,inf
731,3,-1.1135934863964763,-0.9367281083124738,-0.16939553048070624,6.0,0,6.466499999999999,6.0,inf
731,4,-1.1135934863964763,-0.9367281083124738,-0.16939553048070624,6.0,0,6.466499999999999,6.0,inf
731,5,-1.1135934863964763,-0.9367281083124738,-0.16939553048070624,6.0,0,6.466499999999999,6.0,inf
732,0,0.36307375141494186,0.1705783795084432,0.38626208416667396,2.133,1,2.133,6.0,inf
732,1,0.36307375141494186,0.1705783795084432,0.38626208416667396,2.133,1,2.133,6.0,inf
732,2,0.36307375141494186,0.1705783795084432,0.38626208416667396,2.133,1,2.133,6.0,inf
732,3,0.36307375141494186,0.1705783795084432,0.38626208416667396,2.133,1,2.133,6.0,inf
732,4,0.36307375141494186,0.1705783795084432,0.38626208416667396,2.133,1,2.133,6.0,inf
732,5,0.36307375141494186,0.1705783795084432,0.38626208416667396,2.133,1,2.133,6.0,inf
733,0,-0.32403356049518567,-0.6540086284867501,-1.0952403800244928,3.8432999999999997,1,3.8432999999999997,6.0,inf
733,1,-0.32403356049518567,-0.6540086284867501,-1.0952403800244928,3.8432999999999997,1,3.8432999999999997,6.0,inf
733,2,-0.32403356049518567,-0.6540086284867501,-1.0952403800244928,3.8432999999999997,1,3.8432999999999997,6.0,inf
733,3,-0.32403356049518567,-0.6540086284867501,-1.0952403800244928,3.8432999999999997,1,3.8432999999999997,6.0,inf
733,4,-0.32403356049518567,-0.6540086284867501,-1.0952403800244928,3.8432999999999997,1,3.8432999999999997,6.0,inf
733,5,-0.32403356049518567,-0.6540086284867501,-1.0952403800244928,3.8432999999999997,1,3.8432999999999997,6.0,inf
734,0,-1.0374142704503921,0.46273110356720626,0.2296835344903036,2.7485999999999997,1,2.7485999999999997,6.0,inf
734,1,-1.0374142704503921,0.46273110356720626,0.2296835344903036,2.7485999999999997,1,2.7485999999999997,6.0,inf
734,2,-1.0374142704503921,0.46273110356720626,0.2296835344903036,2.7485999999999997,1,2.7485999999999997,6.0,inf
734,3,-1.0374142704503921,0.46273110356720626,0.2296835344903036,2.7485999999999997,1,2.7485999999999997,6.0,inf
734,4,-1.0374142704503921,0.46273110356720626,0.2296835344903036,2.7485999999999997,1,2.7485999999999997,6.0,inf
734,5,-1.0374142704503921,0.46273110356720626,0.2296835344903036,2.7485999999999997,1,2.7485999999999997,6.0,inf
735,0,0.5101145282211139,0.7114884622217121,-1.1082823626632228,2.2611,1,2.2611,6.0,inf
735,1,0.5101145282211139,0.7114884622217121,-1.1082823626632228,2.2611,1,2.2611,6.0,inf
735,2,0.5101145282211139,0.7114884622217121,-1.1082823626632228,2.2611,1,2.2611,6.0,inf
735,3,0.5101145282211139,0.7114884622217121,-1.1082823626632228,2.2611,1,2.2611,6.0,inf
735,4,0.5101145282211139,0.7114884622217121,-1.1082823626632228,2.2611,1,2.2611,6.0,inf
735,5,0.5101145282211139,0.7114884622217121,-1.1082823626632228,2.2611,1,2.2611,6.0,inf
736,0,-0.5373227965779181,-0.5491040103687962,-1.2329884585099824,4.5267,1,4.5267,6.0,inf
736,1,-0.5373227965779181,-0.5491040103687962,-1.2329884585099824,4.5267,1,4.5267,6.0,inf
736,2,-0.5373227965779181,-0.5491040103687962,-1.2329884585099824,4.5267,1,4.5267,6.0,inf
736,3,-0.5373227965779181,-0.5491040103687962,-1.2329884585099824,4.5267,1,4.5267,6.0,inf
736,4,-0.5373227965779181,-0.5491040103687962,-1.2329884585099824,4.5267,1,4.5267,6.0,inf
736,5,-0.5373227965779181,-0.5491040103687962,-1.2329884585099824,4.5267,1,4.5267,6.0,inf
737,0,0.6309038388481495,-0.5429479036485233,-1.3318740563297462,3.9189,1,3.9189,6.0,inf
737,1,0.6309038388481495,-0.5429479036485233,-1.3318740563297462,3.9189,1,3.9189,6.0,inf
737,2,0.6309038388481495,-0.5429479036485233,-1.3318740563297462,3.9189,1,3.9189,6.0,inf
737,3,0.6309038388481495,-0.5429479036485233,-1.3318740563297462,3.9189,1,3.9189,6.0,inf
737,4,0.6309038388481495,-0.5429479036485233,-1.3318740563297462,3.9189,1,3.9189,6.0,inf
737,5,0.6309038388481495,-0.5429479036485233,-1.3318740563297462,3.9189,1,3.9189,6.0,inf
738,0,0.588238448531221,0.19319412526718013,-0.47761674585541825,1.6709999999999998,1,1.6709999999999998,6.0,inf
738,1,0.588238448531221,0.19319412526718013,-0.47761674585541825,1.6709999999999998,1,1.6709999999999998,6.0,inf
738,2,0.588238448531221,0.19319412526718013,-0.47761674585541825,1.6709999999999998,1,1.6709999999999998,6.0,inf
738,3,0.588238448531221,0.19319412526718013,-0.47761674585541825,1.6709999999999998,1,1.6709999999999998,6.0,inf
738,4,0.588238448531221,0.19319412526718013,-0.47761674585541825,1.6709999999999998,1,1.6709999999999998,6.0,inf
738,5,0.588238448531221,0.19319412526718013,-0.47761674585541825,1.6709999999999998,1,1.6709999999999998,6.0,inf
739,0,-0.10439949247330224,2.199043945486811,-0.6477155826276315,0.33959999999999996,1,0.33959999999999996,6.0,inf
739,1,-0.10439949247330224,2.199043945486811,-0.6477155826276315,0.33959999999999996,1,0.33959999999999996,6.0,inf
739,2,-0.10439949247330224,2.199043945486811,-0.6477155826276315,0.33959999999999996,1,0.33959999999999996,6.0,inf
739,3,-0.10439949247330224,2.199043945486811,-0.6477155826276315,0.33959999999999996,1,0.33959999999999996,6.0,inf
739,4,-0.10439949247330224,2.199043945486811,-0.6477155826276315,0.33959999999999996,1,0.33959999999999996,6.0,inf
739,5,-0.10439949247330224,2.199043945486811,-0.6477155826276315,0.33959999999999996,1,0.33959999999999996,6.0,inf
740,0,-0.5175141848290946,0.525011807820818,1.1819401760710428,1.2719999999999998,1,1.2719999999999998,6.0,inf
740,1,-0.5175141848290946,0.525011807820818,1.1819401760710428,1.2719999999999998,1,1.2719999999999998,6.0,inf
740,2,-0.5175141848290946,0.525011807820818,1.1819401760710428,1.2719999999999998,1,1.2719999999999998,6.0,inf
740,3,-0.5175141848290946,0.525011807820818,1.1819401760710428,1.2719999999999998,1,1.2719999999999998,6.0,inf
740,4,-0.5175141848290946,0.525011807820818,1.1819401760710428,1.2719999999999998,1,1.2719999999999998,6.0,inf
740,5,-0.5175141848290946,0.525011807820818,1.1819401760710428,1.2719999999999998,1,1.2719999999999998,6.0,inf
741,0,0.41684810282591267,-0.6171596100832677,-1.2602847371466044,5.5995,1,5.5995,6.0,inf
741,1,0.41684810282591267,-0.6171596100832677,-1.2602847371466044,5.5995,1,5.5995,6.0,inf
741,2,0.41684810282591267,-0.6171596100832677,-1.2602847371466044,5.5995,1,5.5995,6.0,inf
741,3,0.41684810282591267,-0.6171596100832677,-1.2602847371466044,5.5995,1,5.5995,6.0,inf
741,4,0.41684810282591267,-0.6171596100832677,-1.2602847371466044,5.5995,1,5.5995,6.0,inf
741,5,0.41684810282591267,-0.6171596100832677,-1.2602847371466044,5.5995,1,5.5995,6.0,inf
742,0,-0.7543098890139198,1.313166969763155,-1.778554625978742,6.0,0,6.2345999999999995,6.0,inf
742,1,-0.7543098890139198,1.313166969763155,-1.778554625978742,6.0,0,6.2345999999999995,6.0,inf
742,2,-0.7543098890139198,1.313166969763155,-1.778554625978742,6.0,0,6.2345999999999995,6.0,inf
742,3,-0.7543098890139198,1.313166969763155,-1.778554625978742,6.0,0,6.2345999999999995,6.0,inf
742,4,-0.7543098890139198,1.313166969763155,-1.778554625978742,6.0,0,6.2345999999999995,6.0,inf
742,5,-0.7543098890139198,1.313166969763155,-1.778554625978742,6.0,0,6.2345999999999995,6.0,inf
743,0,0.012175549533056494,2.7640308817794073,-1.296700002950618,1.9514999999999998,1,1.9514999999999998,6.0,inf
743,1,0.012175549533056494,2.7640308817794073,-1.296700002950618,1.9514999999999998,1,1.9514999999999998,6.0,inf
743,2,0.012175549533056494,2.7640308817794073,-1.296700002950618,1.9514999999999998,1,1.9514999999999998,6.0,inf
743,3,0.012175549533056494,2.7640308817794073,-1.296700002950618,1.9514999999999998,1,1.9514999999999998,6.0,inf
743,4,0.012175549533056494,2.7640308817794073,-1.296700002950618,1.9514999999999998,1,1.9514999999999998,6.0,inf
743,5,0.012175549533056494,2.7640308817794073,-1.296700002950618,1.9514999999999998,1,1.9514999999999998,6.0,inf
744,0,-0.0723199409085459,-1.1010474554247185,-0.22896670366295604,6.0,0,6.438,6.0,inf
744,1,-0.0723199409085459,-1.1010474554247185,-0.22896670366295604,6.0,0,6.438,6.0,inf
744,2,-0.0723199409085459,-1.1010474554247185,-0.22896670366295604,6.0,0,6.438,6.0,inf
744,3,-0.0723199409085459,-1.1010474554247185,-0.22896670366295604,6.0,0,6.438,6.0,inf
744,4,-0.0723199409085459,-1.1010474554247185,-0.22896670366295604,6.0,0,6.438,6.0,inf
744,5,-0.0723199409085459,-1.1010474554247185,-0.22896670366295604,6.0,0,6.438,6.0,inf
745,0,0.04119247070882105,-1.356804480697701,-0.24767579853533933,4.7547,1,4.7547,6.0,inf
745,1,0.04119247070882105,-1.356804480697701,-0.24767579853533933,4.7547,1,4.7547,6.0,inf
745,2,0.04119247070882105,-1.356804480697701,-0.24767579853533933,4.7547,1,4.7547,6.0,inf
745,3,0.04119247070882105,-1.356804480697701,-0.24767579853533933,4.7547,1,4.7547,6.0,inf
745,4,0.04119247070882105,-1.356804480697701,-0.24767579853533933,4.7547,1,4.7547,6.0,inf
745,5,0.04119247070882105,-1.356804480697701,-0.24767579853533933,4.7547,1,4.7547,6.0,inf
746,0,0.11721031856037674,-1.1077009185169702,-0.008993713026878618,4.1037,1,4.1037,6.0,inf
746,1,0.11721031856037674,-1.1077009185169702,-0.008993713026878618,4.1037,1,4.1037,6.0,inf
746,2,0.11721031856037674,-1.1077009185169702,-0.008993713026878618,4.1037,1,4.1037,6.0,inf
746,3,0.11721031856037674,-1.1077009185169702,-0.008993713026878618,4.1037,1,4.1037,6.0,inf
746,4,0.11721031856037674,-1.1077009185169702,-0.008993713026878618,4.1037,1,4.1037,6.0,inf
746,5,0.11721031856037674,-1.1077009185169702,-0.008993713026878618,4.1037,1,4.1037,6.0,inf
747,0,-1.0300999548800895,-0.4241351822764264,0.45232624964290447,1.8380999999999998,1,1.8380999999999998,6.0,inf
747,1,-1.0300999548800895,-0.4241351822764264,0.45232624964290447,1.8380999999999998,1,1.8380999999999998,6.0,inf
747,2,-1.0300999548800895,-0.4241351822764264,0.45232624964290447,1.8380999999999998,1,1.8380999999999998,6.0,inf
747,3,-1.0300999548800895,-0.4241351822764264,0.45232624964290447,1.8380999999999998,1,1.8380999999999998,6.0,inf
747,4,-1.0300999548800895,-0.4241351822764264,0.45232624964290447,1.8380999999999998,1,1.8380999999999998,6.0,inf
747,5,-1.0300999548800895,-0.4241351822764264,0.45232624964290447,1.8380999999999998,1,1.8380999999999998,6.0,inf
748,0,0.20708644571825716,-0.26833974458810916,-1.2871506712550371,2.5946999999999996,1,2.5946999999999996,6.0,inf
748,1,0.20708644571825716,-0.26833974458810916,-1.2871506712550371,2.5946999999999996,1,2.5946999999999996,6.0,inf
748,2,0.20708644571825716,-0.26833974458810916,-1.2871506712550371,2.5946999999999996,1,2.5946999999999996,6.0,inf
748,3,0.20708644571825716,-0.26833974458810916,-1.2871506712550371,2.5946999999999996,1,2.5946999999999996,6.0,inf
748,4,0.20708644571825716,-0.26833974458810916,-1.2871506712550371,2.5946999999999996,1,2.5946999999999996,6.0,inf
748,5,0.20708644571825716,-0.26833974458810916,-1.2871506712550371,2.5946999999999996,1,2.5946999999999996,6.0,inf
749,0,-0.09398599482316183,-0.19959025356414067,-0.5387213976087075,4.2951,1,4.2951,6.0,inf
749,1,-0.09398599482316183,-0.19959025356414067,-0.5387213976087075,4.2951,1,4.2951,6.0,inf
749,2,-0.09398599482316183,-0.19959025356414067,-0.5387213976087075,4.2951,1,4.2951,6.0,inf
749,3,-0.09398599482316183,-0.19959025356414067,-0.5387213976087075,4.2951,1,4.2951,6.0,inf
749,4,-0.09398599482316183,-0.19959025356414067,-0.5387213976087075,4.2951,1,4.2951,6.0,inf
749,5,-0.09398599482316183,-0.19959025356414067,-0.5387213976087075,4.2951,1,4.2951,6.0,inf
750,0,0.10073209545451679,1.0689220229239598,0.013147006095031813,1.6787999999999998,1,1.6787999999999998,6.0,inf
750,1,0.10073209545451679,1.0689220229239598,0.013147006095031813,1.6787999999999998,1,1.6787999999999998,6.0,inf
750,2,0.10073209545451679,1.0689220229239598,0.013147006095031813,1.6787999999999998,1,1.6787999999999998,6.0,inf
750,3,0.10073209545451679,1.0689220229239598,0.013147006095031813,1.6787999999999998,1,1.6787999999999998,6.0,inf
750,4,0.10073209545451679,1.0689220229239598,0.013147006095031813,1.6787999999999998,1,1.6787999999999998,6.0,inf
750,5,0.10073209545451679,1.0689220229239598,0.013147006095031813,1.6787999999999998,1,1.6787999999999998,6.0,inf
751,0,-1.3512209277356082,-0.2859737556601061,0.428357138859479,5.5881,1,5.5881,6.0,inf
751,1,-1.3512209277356082,-0.2859737556601061,0.428357138859479,5.5881,1,5.5881,6.0,inf
751,2,-1.3512209277356082,-0.2859737556601061,0.428357138859479,5.5881,1,5.5881,6.0,inf
751,3,-1.3512209277356082,-0.2859737556601061,0.428357138859479,5.5881,1,5.5881,6.0,inf
751,4,-1.3512209277356082,-0.2859737556601061,0.428357138859479,5.5881,1,5.5881,6.0,inf
751,5,-1.3512209277356082,-0.2859737556601061,0.428357138859479,5.5881,1,5.5881,6.0,inf
752,0,-0.1788235600288252,-1.5538673938125915,0.1671314995523903,4.4436,1,4.4436,6.0,inf
752,1,-0.1788235600288252,-1.5538673938125915,0.1671314995523903,4.4436,1,4.4436,6.0,inf
752,2,-0.1788235600288252,-1.5538673938125915,0.1671314995523903,4.4436,1,4.4436,6.0,inf
752,3,-0.1788235600288252,-1.5538673938125915,0.1671314995523903,4.4436,1,4.4436,6.0,inf
752,4,-0.1788235600288252,-1.5538673938125915,0.1671314995523903,4.4436,1,4.4436,6.0,inf
752,5,-0.1788235600288252,-1.5538673938125915,0.1671314995523903,4.4436,1,4.4436,6.0,inf
753,0,-0.2116635603499067,-1.5714825697547044,0.588485187811528,2.5254,1,2.5254,6.0,inf
753,1,-0.2116635603499067,-1.5714825697547044,0.588485187811528,2.5254,1,2.5254,6.0,inf
753,2,-0.2116635603499067,-1.5714825697547044,0.588485187811528,2.5254,1,2.5254,6.0,inf
753,3,-0.2116635603499067,-1.5714825697547044,0.588485187811528,2.5254,1,2.5254,6.0,inf
753,4,-0.2116635603499067,-1.5714825697547044,0.588485187811528,2.5254,1,2.5254,6.0,inf
753,5,-0.2116635603499067,-1.5714825697547044,0.588485187811528,2.5254,1,2.5254,6.0,inf
754,0,0.4564941938362025,0.4515382532070373,-0.9271847163510438,1.8033,1,1.8033,6.0,inf
754,1,0.4564941938362025,0.4515382532070373,-0.9271847163510438,1.8033,1,1.8033,6.0,inf
754,2,0.4564941938362025,0.4515382532070373,-0.9271847163510438,1.8033,1,1.8033,6.0,inf
754,3,0.4564941938362025,0.4515382532070373,-0.9271847163510438,1.8033,1,1.8033,6.0,inf
754,4,0.4564941938362025,0.4515382532070373,-0.9271847163510438,1.8033,1,1.8033,6.0,inf
754,5,0.4564941938362025,0.4515382532070373,-0.9271847163510438,1.8033,1,1.8033,6.0,inf
755,0,-0.4084874570179544,-0.056978010535799026,1.959762022325587,1.4738999999999998,1,1.4738999999999998,6.0,inf
755,1,-0.4084874570179544,-0.056978010535799026,1.959762022325587,1.4738999999999998,1,1.4738999999999998,6.0,inf
755,2,-0.4084874570179544,-0.056978010535799026,1.959762022325587,1.4738999999999998,1,1.4738999999999998,6.0,inf
755,3,-0.4084874570179544,-0.056978010535799026,1.959762022325587,1.4738999999999998,1,1.4738999999999998,6.0,inf
755,4,-0.4084874570179544,-0.056978010535799026,1.959762022325587,1.4738999999999998,1,1.4738999999999998,6.0,inf
755,5,-0.4084874570179544,-0.056978010535799026,1.959762022325587,1.4738999999999998,1,1.4738999999999998,6.0,inf
756,0,0.14305877458075597,-2.1933024424969663,1.290989614783571,3.4370999999999996,1,3.4370999999999996,6.0,inf
756,1,0.14305877458075597,-2.1933024424969663,1.290989614783571,3.4370999999999996,1,3.4370999999999996,6.0,inf
756,2,0.14305877458075597,-2.1933024424969663,1.290989614783571,3.4370999999999996,1,3.4370999999999996,6.0,inf
756,3,0.14305877458075597,-2.1933024424969663,1.290989614783571,3.4370999999999996,1,3.4370999999999996,6.0,inf
756,4,0.14305877458075597,-2.1933024424969663,1.290989614783571,3.4370999999999996,1,3.4370999999999996,6.0,inf
756,5,0.14305877458075597,-2.1933024424969663,1.290989614783571,3.4370999999999996,1,3.4370999999999996,6.0,inf
757,0,0.712911356098571,-1.6568420165963227,0.9787575930760655,2.1723,1,2.1723,6.0,inf
757,1,0.712911356098571,-1.6568420165963227,0.9787575930760655,2.1723,1,2.1723,6.0,inf
757,2,0.712911356098571,-1.6568420165963227,0.9787575930760655,2.1723,1,2.1723,6.0,inf
757,3,0.712911356098571,-1.6568420165963227,0.9787575930760655,2.1723,1,2.1723,6.0,inf
757,4,0.712911356098571,-1.6568420165963227,0.9787575930760655,2.1723,1,2.1723,6.0,inf
757,5,0.712911356098571,-1.6568420165963227,0.9787575930760655,2.1723,1,2.1723,6.0,inf
758,0,0.2316936785677377,-0.06760925875421743,-0.16327521593471384,4.9581,1,4.9581,6.0,inf
758,1,0.2316936785677377,-0.06760925875421743,-0.16327521593471384,4.9581,1,4.9581,6.0,inf
758,2,0.2316936785677377,-0.06760925875421743,-0.16327521593471384,4.9581,1,4.9581,6.0,inf
758,3,0.2316936785677377,-0.06760925875421743,-0.16327521593471384,4.9581,1,4.9581,6.0,inf
758,4,0.2316936785677377,-0.06760925875421743,-0.16327521593471384,4.9581,1,4.9581,6.0,inf
758,5,0.2316936785677377,-0.06760925875421743,-0.16327521593471384,4.9581,1,4.9581,6.0,inf
759,0,-1.3485264484664523,-0.3770345183107856,-0.15116486550490757,6.0,0,6.4899,6.0,inf
759,1,-1.3485264484664523,-0.3770345183107856,-0.15116486550490757,6.0,0,6.4899,6.0,inf
759,2,-1.3485264484664523,-0.3770345183107856,-0.15116486550490757,6.0,0,6.4899,6.0,inf
759,3,-1.3485264484664523,-0.3770345183107856,-0.15116486550490757,6.0,0,6.4899,6.0,inf
759,4,-1.3485264484664523,-0.3770345183107856,-0.15116486550490757,6.0,0,6.4899,6.0,inf
759,5,-1.3485264484664523,-0.3770345183107856,-0.15116486550490757,6.0,0,6.4899,6.0,inf
760,0,1.8434978370666348,0.5582979647171492,-0.7677528281471875,0.6513,1,0.6513,6.0,inf
760,1,1.8434978370666348,0.5582979647171492,-0.7677528281471875,0.6513,1,0.6513,6.0,inf
760,2,1.8434978370666348,0.5582979647171492,-0.7677528281471875,0.6513,1,0.6513,6.0,inf
760,3,1.8434978370666348,0.5582979647171492,-0.7677528281471875,0.6513,1,0.6513,6.0,inf
760,4,1.8434978370666348,0.5582979647171492,-0.7677528281471875,0.6513,1,0.6513,6.0,inf
760,5,1.8434978370666348,0.5582979647171492,-0.7677528281471875,0.6513,1,0.6513,6.0,inf
761,0,0.05603651316192948,0.9837051307085279,-0.6852590383197902,2.3865,1,2.3865,6.0,inf
761,1,0.05603651316192948,0.9837051307085279,-0.6852590383197902,2.3865,1,2.3865,6.0,inf
761,2,0.05603651316192948,0.9837051307085279,-0.6852590383197902,2.3865,1,2.3865,6.0,inf
761,3,0.05603651316192948,0.9837051307085279,-0.6852590383197902,2.3865,1,2.3865,6.0,inf
761,4,0.05603651316192948,0.9837051307085279,-0.6852590383197902,2.3865,1,2.3865,6.0,inf
761,5,0.05603651316192948,0.9837051307085279,-0.6852590383197902,2.3865,1,2.3865,6.0,inf
762,0,0.834530230052565,2.0468183648756084,0.9875923447214875,1.1274,1,1.1274,6.0,inf
762,1,0.834530230052565,2.0468183648756084,0.9875923447214875,1.1274,1,1.1274,6.0,inf
762,2,0.834530230052565,2.0468183648756084,0.9875923447214875,1.1274,1,1.1274,6.0,inf
762,3,0.834530230052565,2.0468183648756084,0.9875923447214875,1.1274,1,1.1274,6.0,inf
762,4,0.834530230052565,2.0468183648756084,0.9875923447214875,1.1274,1,1.1274,6.0,inf
762,5,0.834530230052565,2.0468183648756084,0.9875923447214875,1.1274,1,1.1274,6.0,inf
763,0,-0.6304867598744528,0.5808360583221032,-0.013611814721234378,3.6761999999999997,1,3.6761999999999997,6.0,inf
763,1,-0.6304867598744528,0.5808360583221032,-0.013611814721234378,3.6761999999999997,1,3.6761999999999997,6.0,inf
763,2,-0.6304867598744528,0.5808360583221032,-0.013611814721234378,3.6761999999999997,1,3.6761999999999997,6.0,inf
763,3,-0.6304867598744528,0.5808360583221032,-0.013611814721234378,3.6761999999999997,1,3.6761999999999997,6.0,inf
763,4,-0.6304867598744528,0.5808360583221032,-0.013611814721234378,3.6761999999999997,1,3.6761999999999997,6.0,inf
763,5,-0.6304867598744528,0.5808360583221032,-0.013611814721234378,3.6761999999999997,1,3.6761999999999997,6.0,inf
764,0,0.9747465149407597,-0.5029397898720784,-0.12286138177889293,0.7790999999999999,1,0.7790999999999999,6.0,inf
764,1,0.9747465149407597,-0.5029397898720784,-0.12286138177889293,0.7790999999999999,1,0.7790999999999999,6.0,inf
764,2,0.9747465149407597,-0.5029397898720784,-0.12286138177889293,0.7790999999999999,1,0.7790999999999999,6.0,inf
764,3,0.9747465149407597,-0.5029397898720784,-0.12286138177889293,0.7790999999999999,1,0.7790999999999999,6.0,inf
764,4,0.9747465149407597,-0.5029397898720784,-0.12286138177889293,0.7790999999999999,1,0.7790999999999999,6.0,inf
764,5,0.9747465149407597,-0.5029397898720784,-0.12286138177889293,0.7790999999999999,1,0.7790999999999999,6.0,inf
765,0,-0.009184770832381051,-0.9402301117851728,0.5511290927845502,3.4166999999999996,1,3.4166999999999996,6.0,inf
765,1,-0.009184770832381051,-0.9402301117851728,0.5511290927845502,3.4166999999999996,1,3.4166999999999996,6.0,inf
765,2,-0.009184770832381051,-0.9402301117851728,0.5511290927845502,3.4166999999999996,1,3.4166999999999996,6.0,inf
765,3,-0.009184770832381051,-0.9402301117851728,0.5511290927845502,3.4166999999999996,1,3.4166999999999996,6.0,inf
765,4,-0.009184770832381051,-0.9402301117851728,0.5511290927845502,3.4166999999999996,1,3.4166999999999996,6.0,inf
765,5,-0.009184770832381051,-0.9402301117851728,0.5511290927845502,3.4166999999999996,1,3.4166999999999996,6.0,inf
766,0,0.19697464370033996,1.179504056655773,-0.045846172495111734,2.1014999999999997,1,2.1014999999999997,6.0,inf
766,1,0.19697464370033996,1.179504056655773,-0.045846172495111734,2.1014999999999997,1,2.1014999999999997,6.0,inf
766,2,0.19697464370033996,1.179504056655773,-0.045846172495111734,2.1014999999999997,1,2.1014999999999997,6.0,inf
766,3,0.19697464370033996,1.179504056655773,-0.045846172495111734,2.1014999999999997,1,2.1014999999999997,6.0,inf
766,4,0.19697464370033996,1.179504056655773,-0.045846172495111734,2.1014999999999997,1,2.1014999999999997,6.0,inf
766,5,0.19697464370033996,1.179504056655773,-0.045846172495111734,2.1014999999999997,1,2.1014999999999997,6.0,inf
767,0,-0.09969756159911554,-0.9229537082893412,-1.3429793117853746,2.9322,1,2.9322,6.0,inf
767,1,-0.09969756159911554,-0.9229537082893412,-1.3429793117853746,2.9322,1,2.9322,6.0,inf
767,2,-0.09969756159911554,-0.9229537082893412,-1.3429793117853746,2.9322,1,2.9322,6.0,inf
767,3,-0.09969756159911554,-0.9229537082893412,-1.3429793117853746,2.9322,1,2.9322,6.0,inf
767,4,-0.09969756159911554,-0.9229537082893412,-1.3429793117853746,2.9322,1,2.9322,6.0,inf
767,5,-0.09969756159911554,-0.9229537082893412,-1.3429793117853746,2.9322,1,2.9322,6.0,inf
768,0,-0.41075325807932567,-0.19206818355025562,-0.7785038896791436,3.4932,1,3.4932,6.0,inf
768,1,-0.41075325807932567,-0.19206818355025562,-0.7785038896791436,3.4932,1,3.4932,6.0,inf
768,2,-0.41075325807932567,-0.19206818355025562,-0.7785038896791436,3.4932,1,3.4932,6.0,inf
768,3,-0.41075325807932567,-0.19206818355025562,-0.7785038896791436,3.4932,1,3.4932,6.0,inf
768,4,-0.41075325807932567,-0.19206818355025562,-0.7785038896791436,3.4932,1,3.4932,6.0,inf
768,5,-0.41075325807932567,-0.19206818355025562,-0.7785038896791436,3.4932,1,3.4932,6.0,inf
769,0,0.0945429831071796,-1.9930865417119483,-0.10115130400912248,6.0,0,6.200699999999999,6.0,inf
769,1,0.0945429831071796,-1.9930865417119483,-0.10115130400912248,6.0,0,6.200699999999999,6.0,inf
769,2,0.0945429831071796,-1.9930865417119483,-0.10115130400912248,6.0,0,6.200699999999999,6.0,inf
769,3,0.0945429831071796,-1.9930865417119483,-0.10115130400912248,6.0,0,6.200699999999999,6.0,inf
769,4,0.0945429831071796,-1.9930865417119483,-0.10115130400912248,6.0,0,6.200699999999999,6.0,inf
769,5,0.0945429831071796,-1.9930865417119483,-0.10115130400912248,6.0,0,6.200699999999999,6.0,inf
770,0,0.6853319260343499,-1.8980684087014712,-0.5808153959838767,4.082999999999999,1,4.082999999999999,6.0,inf
770,1,0.6853319260343499,-1.8980684087014712,-0.5808153959838767,4.082999999999999,1,4.082999999999999,6.0,inf
770,2,0.6853319260343499,-1.8980684087014712,-0.5808153959838767,4.082999999999999,1,4.082999999999999,6.0,inf
770,3,0.6853319260343499,-1.8980684087014712,-0.5808153959838767,4.082999999999999,1,4.082999999999999,6.0,inf
770,4,0.6853319260343499,-1.8980684087014712,-0.5808153959838767,4.082999999999999,1,4.082999999999999,6.0,inf
770,5,0.6853319260343499,-1.8980684087014712,-0.5808153959838767,4.082999999999999,1,4.082999999999999,6.0,inf
771,0,0.8790305633269212,-0.8390912846712404,1.8324122948820991,1.6028999999999998,1,1.6028999999999998,6.0,inf
771,1,0.8790305633269212,-0.8390912846712404,1.8324122948820991,1.6028999999999998,1,1.6028999999999998,6.0,inf
771,2,0.8790305633269212,-0.8390912846712404,1.8324122948820991,1.6028999999999998,1,1.6028999999999998,6.0,inf
771,3,0.8790305633269212,-0.8390912846712404,1.8324122948820991,1.6028999999999998,1,1.6028999999999998,6.0,inf
771,4,0.8790305633269212,-0.8390912846712404,1.8324122948820991,1.6028999999999998,1,1.6028999999999998,6.0,inf
771,5,0.8790305633269212,-0.8390912846712404,1.8324122948820991,1.6028999999999998,1,1.6028999999999998,6.0,inf
772,0,-0.276217928459203,-0.6341765193760499,0.6406337371988227,1.7304,1,1.7304,6.0,inf
772,1,-0.276217928459203,-0.6341765193760499,0.6406337371988227,1.7304,1,1.7304,6.0,inf
772,2,-0.276217928459203,-0.6341765193760499,0.6406337371988227,1.7304,1,1.7304,6.0,inf
772,3,-0.276217928459203,-0.6341765193760499,0.6406337371988227,1.7304,1,1.7304,6.0,inf
772,4,-0.276217928459203,-0.6341765193760499,0.6406337371988227,1.7304,1,1.7304,6.0,inf
772,5,-0.276217928459203,-0.6341765193760499,0.6406337371988227,1.7304,1,1.7304,6.0,inf
773,0,0.06980132173647881,0.7772969421627169,-1.8590593980554084,4.427099999999999,1,4.427099999999999,6.0,inf
773,1,0.06980132173647881,0.7772969421627169,-1.8590593980554084,4.427099999999999,1,4.427099999999999,6.0,inf
773,2,0.06980132173647881,0.7772969421627169,-1.8590593980554084,4.427099999999999,1,4.427099999999999,6.0,inf
773,3,0.06980132173647881,0.7772969421627169,-1.8590593980554084,4.427099999999999,1,4.427099999999999,6.0,inf
773,4,0.06980132173647881,0.7772969421627169,-1.8590593980554084,4.427099999999999,1,4.427099999999999,6.0,inf
773,5,0.06980132173647881,0.7772969421627169,-1.8590593980554084,4.427099999999999,1,4.427099999999999,6.0,inf
774,0,0.5940287620358127,-1.1548608824133355,0.6302307266045198,2.9705999999999997,1,2.9705999999999997,6.0,inf
774,1,0.5940287620358127,-1.1548608824133355,0.6302307266045198,2.9705999999999997,1,2.9705999999999997,6.0,inf
774,2,0.5940287620358127,-1.1548608824133355,0.6302307266045198,2.9705999999999997,1,2.9705999999999997,6.0,inf
774,3,0.5940287620358127,-1.1548608824133355,0.6302307266045198,2.9705999999999997,1,2.9705999999999997,6.0,inf
774,4,0.5940287620358127,-1.1548608824133355,0.6302307266045198,2.9705999999999997,1,2.9705999999999997,6.0,inf
774,5,0.5940287620358127,-1.1548608824133355,0.6302307266045198,2.9705999999999997,1,2.9705999999999997,6.0,inf
775,0,-1.0047204322410257,0.9604844496073572,2.362762819344741,1.0827,1,1.0827,6.0,inf
775,1,-1.0047204322410257,0.9604844496073572,2.362762819344741,1.0827,1,1.0827,6.0,inf
775,2,-1.0047204322410257,0.9604844496073572,2.362762819344741,1.0827,1,1.0827,6.0,inf
775,3,-1.0047204322410257,0.9604844496073572,2.362762819344741,1.0827,1,1.0827,6.0,inf
775,4,-1.0047204322410257,0.9604844496073572,2.362762819344741,1.0827,1,1.0827,6.0,inf
775,5,-1.0047204322410257,0.9604844496073572,2.362762819344741,1.0827,1,1.0827,6.0,inf
776,0,0.9206589601994443,1.3449831932107352,0.9188601250666637,0.37139999999999995,1,0.37139999999999995,6.0,inf
776,1,0.9206589601994443,1.3449831932107352,0.9188601250666637,0.37139999999999995,1,0.37139999999999995,6.0,inf
776,2,0.9206589601994443,1.3449831932107352,0.9188601250666637,0.37139999999999995,1,0.37139999999999995,6.0,inf
776,3,0.9206589601994443,1.3449831932107352,0.9188601250666637,0.37139999999999995,1,0.37139999999999995,6.0,inf
776,4,0.9206589601994443,1.3449831932107352,0.9188601250666637,0.37139999999999995,1,0.37139999999999995,6.0,inf
776,5,0.9206589601994443,1.3449831932107352,0.9188601250666637,0.37139999999999995,1,0.37139999999999995,6.0,inf
777,0,0.12901930312141127,0.4683315979689226,-0.6493945832355216,1.9469999999999998,1,1.9469999999999998,6.0,inf
777,1,0.12901930312141127,0.4683315979689226,-0.6493945832355216,1.9469999999999998,1,1.9469999999999998,6.0,inf
777,2,0.12901930312141127,0.4683315979689226,-0.6493945832355216,1.9469999999999998,1,1.9469999999999998,6.0,inf
777,3,0.12901930312141127,0.4683315979689226,-0.6493945832355216,1.9469999999999998,1,1.9469999999999998,6.0,inf
777,4,0.12901930312141127,0.4683315979689226,-0.6493945832355216,1.9469999999999998,1,1.9469999999999998,6.0,inf
777,5,0.12901930312141127,0.4683315979689226,-0.6493945832355216,1.9469999999999998,1,1.9469999999999998,6.0,inf
778,0,-0.7318723618080236,-1.104630335997079,-0.4509619635336126,6.0,0,6.1358999999999995,6.0,inf
778,1,-0.7318723618080236,-1.104630335997079,-0.4509619635336126,6.0,0,6.1358999999999995,6.0,inf
778,2,-0.7318723618080236,-1.104630335997079,-0.4509619635336126,6.0,0,6.1358999999999995,6.0,inf
778,3,-0.7318723618080236,-1.104630335997079,-0.4509619635336126,6.0,0,6.1358999999999995,6.0,inf
778,4,-0.7318723618080236,-1.104630335997079,-0.4509619635336126,6.0,0,6.1358999999999995,6.0,inf
778,5,-0.7318723618080236,-1.104630335997079,-0.4509619635336126,6.0,0,6.1358999999999995,6.0,inf
779,0,-1.36951697256391,-0.3775212235119602,1.043553049890913,6.0,0,6.1731,6.0,inf
779,1,-1.36951697256391,-0.3775212235119602,1.043553049890913,6.0,0,6.1731,6.0,inf
779,2,-1.36951697256391,-0.3775212235119602,1.043553049890913,6.0,0,6.1731,6.0,inf
779,3,-1.36951697256391,-0.3775212235119602,1.043553049890913,6.0,0,6.1731,6.0,inf
779,4,-1.36951697256391,-0.3775212235119602,1.043553049890913,6.0,0,6.1731,6.0,inf
779,5,-1.36951697256391,-0.3775212235119602,1.043553049890913,6.0,0,6.1731,6.0,inf
780,0,0.8993595171117895,0.803699602592143,-0.9890948758919561,2.8004999999999995,1,2.8004999999999995,6.0,inf
780,1,0.8993595171117895,0.803699602592143,-0.9890948758919561,2.8004999999999995,1,2.8004999999999995,6.0,inf
780,2,0.8993595171117895,0.803699602592143,-0.9890948758919561,2.8004999999999995,1,2.8004999999999995,6.0,inf
780,3,0.8993595171117895,0.803699602592143,-0.9890948758919561,2.8004999999999995,1,2.8004999999999995,6.0,inf
780,4,0.8993595171117895,0.803699602592143,-0.9890948758919561,2.8004999999999995,1,2.8004999999999995,6.0,inf
780,5,0.8993595171117895,0.803699602592143,-0.9890948758919561,2.8004999999999995,1,2.8004999999999995,6.0,inf
781,0,0.2753507049245944,0.8543406390722587,1.11082494521099,1.3850999999999998,1,1.3850999999999998,6.0,inf
781,1,0.2753507049245944,0.8543406390722587,1.11082494521099,1.3850999999999998,1,1.3850999999999998,6.0,inf
781,2,0.2753507049245944,0.8543406390722587,1.11082494521099,1.3850999999999998,1,1.3850999999999998,6.0,inf
781,3,0.2753507049245944,0.8543406390722587,1.11082494521099,1.3850999999999998,1,1.3850999999999998,6.0,inf
781,4,0.2753507049245944,0.8543406390722587,1.11082494521099,1.3850999999999998,1,1.3850999999999998,6.0,inf
781,5,0.2753507049245944,0.8543406390722587,1.11082494521099,1.3850999999999998,1,1.3850999999999998,6.0,inf
782,0,0.35650796142244534,0.4389699711384133,-0.3391831132096999,2.5113,1,2.5113,6.0,inf
782,1,0.35650796142244534,0.4389699711384133,-0.3391831132096999,2.5113,1,2.5113,6.0,inf
782,2,0.35650796142244534,0.4389699711384133,-0.3391831132096999,2.5113,1,2.5113,6.0,inf
782,3,0.35650796142244534,0.4389699711384133,-0.3391831132096999,2.5113,1,2.5113,6.0,inf
782,4,0.35650796142244534,0.4389699711384133,-0.3391831132096999,2.5113,1,2.5113,6.0,inf
782,5,0.35650796142244534,0.4389699711384133,-0.3391831132096999,2.5113,1,2.5113,6.0,inf
783,0,-0.8982727413368896,-1.2779497094505352,0.7216721185843713,3.5862,1,3.5862,6.0,inf
783,1,-0.8982727413368896,-1.2779497094505352,0.7216721185843713,3.5862,1,3.5862,6.0,inf
783,2,-0.8982727413368896,-1.2779497094505352,0.7216721185843713,3.5862,1,3.5862,6.0,inf
783,3,-0.8982727413368896,-1.2779497094505352,0.7216721185843713,3.5862,1,3.5862,6.0,inf
783,4,-0.8982727413368896,-1.2779497094505352,0.7216721185843713,3.5862,1,3.5862,6.0,inf
783,5,-0.8982727413368896,-1.2779497094505352,0.7216721185843713,3.5862,1,3.5862,6.0,inf
784,0,0.7709421854546699,-0.13895924554758482,1.0791867086001752,1.4594999999999998,1,1.4594999999999998,6.0,inf
784,1,0.7709421854546699,-0.13895924554758482,1.0791867086001752,1.4594999999999998,1,1.4594999999999998,6.0,inf
784,2,0.7709421854546699,-0.13895924554758482,1.0791867086001752,1.4594999999999998,1,1.4594999999999998,6.0,inf
784,3,0.7709421854546699,-0.13895924554758482,1.0791867086001752,1.4594999999999998,1,1.4594999999999998,6.0,inf
784,4,0.7709421854546699,-0.13895924554758482,1.0791867086001752,1.4594999999999998,1,1.4594999999999998,6.0,inf
784,5,0.7709421854546699,-0.13895924554758482,1.0791867086001752,1.4594999999999998,1,1.4594999999999998,6.0,inf
785,0,0.5674294525661002,-0.06709669132670085,0.59631728000617,1.224,1,1.224,6.0,inf
785,1,0.5674294525661002,-0.06709669132670085,0.59631728000617,1.224,1,1.224,6.0,inf
785,2,0.5674294525661002,-0.06709669132670085,0.59631728000617,1.224,1,1.224,6.0,inf
785,3,0.5674294525661002,-0.06709669132670085,0.59631728000617,1.224,1,1.224,6.0,inf
785,4,0.5674294525661002,-0.06709669132670085,0.59631728000617,1.224,1,1.224,6.0,inf
785,5,0.5674294525661002,-0.06709669132670085,0.59631728000617,1.224,1,1.224,6.0,inf
786,0,-0.263019031056254,1.206309482706948,-0.15753318237115874,0.8492999999999999,1,0.8492999999999999,6.0,inf
786,1,-0.263019031056254,1.206309482706948,-0.15753318237115874,0.8492999999999999,1,0.8492999999999999,6.0,inf
786,2,-0.263019031056254,1.206309482706948,-0.15753318237115874,0.8492999999999999,1,0.8492999999999999,6.0,inf
786,3,-0.263019031056254,1.206309482706948,-0.15753318237115874,0.8492999999999999,1,0.8492999999999999,6.0,inf
786,4,-0.263019031056254,1.206309482706948,-0.15753318237115874,0.8492999999999999,1,0.8492999999999999,6.0,inf
786,5,-0.263019031056254,1.206309482706948,-0.15753318237115874,0.8492999999999999,1,0.8492999999999999,6.0,inf
787,0,0.9526811262788761,-0.33550539171940186,-0.28995656059741454,2.7824999999999998,1,2.7824999999999998,6.0,inf
787,1,0.9526811262788761,-0.33550539171940186,-0.28995656059741454,2.7824999999999998,1,2.7824999999999998,6.0,inf
787,2,0.9526811262788761,-0.33550539171940186,-0.28995656059741454,2.7824999999999998,1,2.7824999999999998,6.0,inf
787,3,0.9526811262788761,-0.33550539171940186,-0.28995656059741454,2.7824999999999998,1,2.7824999999999998,6.0,inf
787,4,0.9526811262788761,-0.33550539171940186,-0.28995656059741454,2.7824999999999998,1,2.7824999999999998,6.0,inf
787,5,0.9526811262788761,-0.33550539171940186,-0.28995656059741454,2.7824999999999998,1,2.7824999999999998,6.0,inf
788,0,-0.5595775289697226,-1.274881100579908,0.16897776114780003,5.7306,1,5.7306,6.0,inf
788,1,-0.5595775289697226,-1.274881100579908,0.16897776114780003,5.7306,1,5.7306,6.0,inf
788,2,-0.5595775289697226,-1.274881100579908,0.16897776114780003,5.7306,1,5.7306,6.0,inf
788,3,-0.5595775289697226,-1.274881100579908,0.16897776114780003,5.7306,1,5.7306,6.0,inf
788,4,-0.5595775289697226,-1.274881100579908,0.16897776114780003,5.7306,1,5.7306,6.0,inf
788,5,-0.5595775289697226,-1.274881100579908,0.16897776114780003,5.7306,1,5.7306,6.0,inf
789,0,0.9143943689349011,-0.24245238931238328,0.8327197041043964,1.0776,1,1.0776,6.0,inf
789,1,0.9143943689349011,-0.24245238931238328,0.8327197041043964,1.0776,1,1.0776,6.0,inf
789,2,0.9143943689349011,-0.24245238931238328,0.8327197041043964,1.0776,1,1.0776,6.0,inf
789,3,0.9143943689349011,-0.24245238931238328,0.8327197041043964,1.0776,1,1.0776,6.0,inf
789,4,0.9143943689349011,-0.24245238931238328,0.8327197041043964,1.0776,1,1.0776,6.0,inf
789,5,0.9143943689349011,-0.24245238931238328,0.8327197041043964,1.0776,1,1.0776,6.0,inf
790,0,-0.7013927468816462,1.5650037420910323,0.09218107780674538,2.6822999999999997,1,2.6822999999999997,6.0,inf
790,1,-0.7013927468816462,1.5650037420910323,0.09218107780674538,2.6822999999999997,1,2.6822999999999997,6.0,inf
790,2,-0.7013927468816462,1.5650037420910323,0.09218107780674538,2.6822999999999997,1,2.6822999999999997,6.0,inf
790,3,-0.7013927468816462,1.5650037420910323,0.09218107780674538,2.6822999999999997,1,2.6822999999999997,6.0,inf
790,4,-0.7013927468816462,1.5650037420910323,0.09218107780674538,2.6822999999999997,1,2.6822999999999997,6.0,inf
790,5,-0.7013927468816462,1.5650037420910323,0.09218107780674538,2.6822999999999997,1,2.6822999999999997,6.0,inf
791,0,0.304358955740564,0.6960590251889044,0.15785257687310877,1.7226,1,1.7226,6.0,inf
791,1,0.304358955740564,0.6960590251889044,0.15785257687310877,1.7226,1,1.7226,6.0,inf
791,2,0.304358955740564,0.6960590251889044,0.15785257687310877,1.7226,1,1.7226,6.0,inf
791,3,0.304358955740564,0.6960590251889044,0.15785257687310877,1.7226,1,1.7226,6.0,inf
791,4,0.304358955740564,0.6960590251889044,0.15785257687310877,1.7226,1,1.7226,6.0,inf
791,5,0.304358955740564,0.6960590251889044,0.15785257687310877,1.7226,1,1.7226,6.0,inf
792,0,1.127614491324521,1.336955690689555,0.3822644866104189,1.4285999999999999,1,1.4285999999999999,6.0,inf
792,1,1.127614491324521,1.336955690689555,0.3822644866104189,1.4285999999999999,1,1.4285999999999999,6.0,inf
792,2,1.127614491324521,1.336955690689555,0.3822644866104189,1.4285999999999999,1,1.4285999999999999,6.0,inf
792,3,1.127614491324521,1.336955690689555,0.3822644866104189,1.4285999999999999,1,1.4285999999999999,6.0,inf
792,4,1.127614491324521,1.336955690689555,0.3822644866104189,1.4285999999999999,1,1.4285999999999999,6.0,inf
792,5,1.127614491324521,1.336955690689555,0.3822644866104189,1.4285999999999999,1,1.4285999999999999,6.0,inf
793,0,0.9914677451826989,-1.4164861822864563,0.7884461799093964,2.2676999999999996,1,2.2676999999999996,6.0,inf
793,1,0.9914677451826989,-1.4164861822864563,0.7884461799093964,2.2676999999999996,1,2.2676999999999996,6.0,inf
793,2,0.9914677451826989,-1.4164861822864563,0.7884461799093964,2.2676999999999996,1,2.2676999999999996,6.0,inf
793,3,0.9914677451826989,-1.4164861822864563,0.7884461799093964,2.2676999999999996,1,2.2676999999999996,6.0,inf
793,4,0.9914677451826989,-1.4164861822864563,0.7884461799093964,2.2676999999999996,1,2.2676999999999996,6.0,inf
793,5,0.9914677451826989,-1.4164861822864563,0.7884461799093964,2.2676999999999996,1,2.2676999999999996,6.0,inf
794,0,0.8191353118146143,1.6358331340355274,-1.2782763011721678,1.3854,1,1.3854,6.0,inf
794,1,0.8191353118146143,1.6358331340355274,-1.2782763011721678,1.3854,1,1.3854,6.0,inf
794,2,0.8191353118146143,1.6358331340355274,-1.2782763011721678,1.3854,1,1.3854,6.0,inf
794,3,0.8191353118146143,1.6358331340355274,-1.2782763011721678,1.3854,1,1.3854,6.0,inf
794,4,0.8191353118146143,1.6358331340355274,-1.2782763011721678,1.3854,1,1.3854,6.0,inf
794,5,0.8191353118146143,1.6358331340355274,-1.2782763011721678,1.3854,1,1.3854,6.0,inf
795,0,0.2780734332483417,-0.7214558299498707,0.0700299839306061,3.7769999999999997,1,3.7769999999999997,6.0,inf
795,1,0.2780734332483417,-0.7214558299498707,0.0700299839306061,3.7769999999999997,1,3.7769999999999997,6.0,inf
795,2,0.2780734332483417,-0.7214558299498707,0.0700299839306061,3.7769999999999997,1,3.7769999999999997,6.0,inf
795,3,0.2780734332483417,-0.7214558299498707,0.0700299839306061,3.7769999999999997,1,3.7769999999999997,6.0,inf
795,4,0.2780734332483417,-0.7214558299498707,0.0700299839306061,3.7769999999999997,1,3.7769999999999997,6.0,inf
795,5,0.2780734332483417,-0.7214558299498707,0.0700299839306061,3.7769999999999997,1,3.7769999999999997,6.0,inf
796,0,-0.6218394822325103,0.7337487277427602,1.2765124291359484,0.45659999999999995,1,0.45659999999999995,6.0,inf
796,1,-0.6218394822325103,0.7337487277427602,1.2765124291359484,0.45659999999999995,1,0.45659999999999995,6.0,inf
796,2,-0.6218394822325103,0.7337487277427602,1.2765124291359484,0.45659999999999995,1,0.45659999999999995,6.0,inf
796,3,-0.6218394822325103,0.7337487277427602,1.2765124291359484,0.45659999999999995,1,0.45659999999999995,6.0,inf
796,4,-0.6218394822325103,0.7337487277427602,1.2765124291359484,0.45659999999999995,1,0.45659999999999995,6.0,inf
796,5,-0.6218394822325103,0.7337487277427602,1.2765124291359484,0.45659999999999995,1,0.45659999999999995,6.0,inf
797,0,-0.38392937846431135,-0.6046038841614563,-1.3273819241791855,5.0577,1,5.0577,6.0,inf
797,1,-0.38392937846431135,-0.6046038841614563,-1.3273819241791855,5.0577,1,5.0577,6.0,inf
797,2,-0.38392937846431135,-0.6046038841614563,-1.3273819241791855,5.0577,1,5.0577,6.0,inf
797,3,-0.38392937846431135,-0.6046038841614563,-1.3273819241791855,5.0577,1,5.0577,6.0,inf
797,4,-0.38392937846431135,-0.6046038841614563,-1.3273819241791855,5.0577,1,5.0577,6.0,inf
797,5,-0.38392937846431135,-0.6046038841614563,-1.3273819241791855,5.0577,1,5.0577,6.0,inf
798,0,2.289031234372745,-1.3841803910121773,-0.21828144401866031,2.6361,1,2.6361,6.0,inf
798,1,2.289031234372745,-1.3841803910121773,-0.21828144401866031,2.6361,1,2.6361,6.0,inf
798,2,2.289031234372745,-1.3841803910121773,-0.21828144401866031,2.6361,1,2.6361,6.0,inf
798,3,2.289031234372745,-1.3841803910121773,-0.21828144401866031,2.6361,1,2.6361,6.0,inf
798,4,2.289031234372745,-1.3841803910121773,-0.21828144401866031,2.6361,1,2.6361,6.0,inf
798,5,2.289031234372745,-1.3841803910121773,-0.21828144401866031,2.6361,1,2.6361,6.0,inf
799,0,1.1764925709267424,-0.8157709747569977,-0.7748631890871053,2.9945999999999997,1,2.9945999999999997,6.0,inf
799,1,1.1764925709267424,-0.8157709747569977,-0.7748631890871053,2.9945999999999997,1,2.9945999999999997,6.0,inf
799,2,1.1764925709267424,-0.8157709747569977,-0.7748631890871053,2.9945999999999997,1,2.9945999999999997,6.0,inf
799,3,1.1764925709267424,-0.8157709747569977,-0.7748631890871053,2.9945999999999997,1,2.9945999999999997,6.0,inf
799,4,1.1764925709267424,-0.8157709747569977,-0.7748631890871053,2.9945999999999997,1,2.9945999999999997,6.0,inf
799,5,1.1764925709267424,-0.8157709747569977,-0.7748631890871053,2.9945999999999997,1,2.9945999999999997,6.0,inf
800,0,1.628256167908085,-0.2600241650196882,1.259126939266013,1.1229,1,1.1229,6.0,inf
800,1,1.628256167908085,-0.2600241650196882,1.259126939266013,1.1229,1,1.1229,6.0,inf
800,2,1.628256167908085,-0.2600241650196882,1.259126939266013,1.1229,1,1.1229,6.0,inf
800,3,1.628256167908085,-0.2600241650196882,1.259126939266013,1.1229,1,1.1229,6.0,inf
800,4,1.628256167908085,-0.2600241650196882,1.259126939266013,1.1229,1,1.1229,6.0,inf
800,5,1.628256167908085,-0.2600241650196882,1.259126939266013,1.1229,1,1.1229,6.0,inf
801,0,0.4405978725178199,-1.576963460866848,-0.3293251157220788,4.3701,1,4.3701,6.0,inf
801,1,0.4405978725178199,-1.576963460866848,-0.3293251157220788,4.3701,1,4.3701,6.0,inf
801,2,0.4405978725178199,-1.576963460866848,-0.3293251157220788,4.3701,1,4.3701,6.0,inf
801,3,0.4405978725178199,-1.576963460866848,-0.3293251157220788,4.3701,1,4.3701,6.0,inf
801,4,0.4405978725178199,-1.576963460866848,-0.3293251157220788,4.3701,1,4.3701,6.0,inf
801,5,0.4405978725178199,-1.576963460866848,-0.3293251157220788,4.3701,1,4.3701,6.0,inf
802,0,-0.0662974908452601,-1.4141124025619212,-0.7602728409738704,4.431,1,4.431,6.0,inf
802,1,-0.0662974908452601,-1.4141124025619212,-0.7602728409738704,4.431,1,4.431,6.0,inf
802,2,-0.0662974908452601,-1.4141124025619212,-0.7602728409738704,4.431,1,4.431,6.0,inf
802,3,-0.0662974908452601,-1.4141124025619212,-0.7602728409738704,4.431,1,4.431,6.0,inf
802,4,-0.0662974908452601,-1.4141124025619212,-0.7602728409738704,4.431,1,4.431,6.0,inf
802,5,-0.0662974908452601,-1.4141124025619212,-0.7602728409738704,4.431,1,4.431,6.0,inf
803,0,-0.9277399721320055,-0.7001474051512694,0.4519784948731061,1.5989999999999998,1,1.5989999999999998,6.0,inf
803,1,-0.9277399721320055,-0.7001474051512694,0.4519784948731061,1.5989999999999998,1,1.5989999999999998,6.0,inf
803,2,-0.9277399721320055,-0.7001474051512694,0.4519784948731061,1.5989999999999998,1,1.5989999999999998,6.0,inf
803,3,-0.9277399721320055,-0.7001474051512694,0.4519784948731061,1.5989999999999998,1,1.5989999999999998,6.0,inf
803,4,-0.9277399721320055,-0.7001474051512694,0.4519784948731061,1.5989999999999998,1,1.5989999999999998,6.0,inf
803,5,-0.9277399721320055,-0.7001474051512694,0.4519784948731061,1.5989999999999998,1,1.5989999999999998,6.0,inf
804,0,-1.0321843482623068,-0.7327537908996722,-0.40099916183888273,5.2479,1,5.2479,6.0,inf
804,1,-1.0321843482623068,-0.7327537908996722,-0.40099916183888273,5.2479,1,5.2479,6.0,inf
804,2,-1.0321843482623068,-0.7327537908996722,-0.40099916183888273,5.2479,1,5.2479,6.0,inf
804,3,-1.0321843482623068,-0.7327537908996722,-0.40099916183888273,5.2479,1,5.2479,6.0,inf
804,4,-1.0321843482623068,-0.7327537908996722,-0.40099916183888273,5.2479,1,5.2479,6.0,inf
804,5,-1.0321843482623068,-0.7327537908996722,-0.40099916183888273,5.2479,1,5.2479,6.0,inf
805,0,-0.8741646752698238,-0.02740851954811166,1.170163882843346,1.509,1,1.509,6.0,inf
805,1,-0.8741646752698238,-0.02740851954811166,1.170163882843346,1.509,1,1.509,6.0,inf
805,2,-0.8741646752698238,-0.02740851954811166,1.170163882843346,1.509,1,1.509,6.0,inf
805,3,-0.8741646752698238,-0.02740851954811166,1.170163882843346,1.509,1,1.509,6.0,inf
805,4,-0.8741646752698238,-0.02740851954811166,1.170163882843346,1.509,1,1.509,6.0,inf
805,5,-0.8741646752698238,-0.02740851954811166,1.170163882843346,1.509,1,1.509,6.0,inf
806,0,1.3122026516358944,-1.102137353562545,-0.5578502989884442,2.3592,1,2.3592,6.0,inf
806,1,1.3122026516358944,-1.102137353562545,-0.5578502989884442,2.3592,1,2.3592,6.0,inf
806,2,1.3122026516358944,-1.102137353562545,-0.5578502989884442,2.3592,1,2.3592,6.0,inf
806,3,1.3122026516358944,-1.102137353562545,-0.5578502989884442,2.3592,1,2.3592,6.0,inf
806,4,1.3122026516358944,-1.102137353562545,-0.5578502989884442,2.3592,1,2.3592,6.0,inf
806,5,1.3122026516358944,-1.102137353562545,-0.5578502989884442,2.3592,1,2.3592,6.0,inf
807,0,-0.030078575077129896,1.7085932865306446,-0.302841413321602,2.667,1,2.667,6.0,inf
807,1,-0.030078575077129896,1.7085932865306446,-0.302841413321602,2.667,1,2.667,6.0,inf
807,2,-0.030078575077129896,1.7085932865306446,-0.302841413321602,2.667,1,2.667,6.0,inf
807,3,-0.030078575077129896,1.7085932865306446,-0.302841413321602,2.667,1,2.667,6.0,inf
807,4,-0.030078575077129896,1.7085932865306446,-0.302841413321602,2.667,1,2.667,6.0,inf
807,5,-0.030078575077129896,1.7085932865306446,-0.302841413321602,2.667,1,2.667,6.0,inf
808,0,-0.5663737685392185,1.0235026697603669,-0.8200061254504064,3.4212,1,3.4212,6.0,inf
808,1,-0.5663737685392185,1.0235026697603669,-0.8200061254504064,3.4212,1,3.4212,6.0,inf
808,2,-0.5663737685392185,1.0235026697603669,-0.8200061254504064,3.4212,1,3.4212,6.0,inf
808,3,-0.5663737685392185,1.0235026697603669,-0.8200061254504064,3.4212,1,3.4212,6.0,inf
808,4,-0.5663737685392185,1.0235026697603669,-0.8200061254504064,3.4212,1,3.4212,6.0,inf
808,5,-0.5663737685392185,1.0235026697603669,-0.8200061254504064,3.4212,1,3.4212,6.0,inf
809,0,0.21037041800582465,0.12484921891355422,-0.43401686794363986,2.5077,1,2.5077,6.0,inf
809,1,0.21037041800582465,0.12484921891355422,-0.43401686794363986,2.5077,1,2.5077,6.0,inf
809,2,0.21037041800582465,0.12484921891355422,-0.43401686794363986,2.5077,1,2.5077,6.0,inf
809,3,0.21037041800582465,0.12484921891355422,-0.43401686794363986,2.5077,1,2.5077,6.0,inf
809,4,0.21037041800582465,0.12484921891355422,-0.43401686794363986,2.5077,1,2.5077,6.0,inf
809,5,0.21037041800582465,0.12484921891355422,-0.43401686794363986,2.5077,1,2.5077,6.0,inf
810,0,-1.8920076370902832,0.7729555049839562,-1.5139754745830765,6.0,0,8.0001,6.0,inf
810,1,-1.8920076370902832,0.7729555049839562,-1.5139754745830765,6.0,0,8.0001,6.0,inf
810,2,-1.8920076370902832,0.7729555049839562,-1.5139754745830765,6.0,0,8.0001,6.0,inf
810,3,-1.8920076370902832,0.7729555049839562,-1.5139754745830765,6.0,0,8.0001,6.0,inf
810,4,-1.8920076370902832,0.7729555049839562,-1.5139754745830765,6.0,0,8.0001,6.0,inf
810,5,-1.8920076370902832,0.7729555049839562,-1.5139754745830765,6.0,0,8.0001,6.0,inf
811,0,-0.02371060606121598,-1.2628068474534482,-0.7996727636453529,3.6851999999999996,1,3.6851999999999996,6.0,inf
811,1,-0.02371060606121598,-1.2628068474534482,-0.7996727636453529,3.6851999999999996,1,3.6851999999999996,6.0,inf
811,2,-0.02371060606121598,-1.2628068474534482,-0.7996727636453529,3.6851999999999996,1,3.6851999999999996,6.0,inf
811,3,-0.02371060606121598,-1.2628068474534482,-0.7996727636453529,3.6851999999999996,1,3.6851999999999996,6.0,inf
811,4,-0.02371060606121598,-1.2628068474534482,-0.7996727636453529,3.6851999999999996,1,3.6851999999999996,6.0,inf
811,5,-0.02371060606121598,-1.2628068474534482,-0.7996727636453529,3.6851999999999996,1,3.6851999999999996,6.0,inf
812,0,-0.4754919972147988,2.10599857410999,-1.8665626988527122,3.2457,1,3.2457,6.0,inf
812,1,-0.4754919972147988,2.10599857410999,-1.8665626988527122,3.2457,1,3.2457,6.0,inf
812,2,-0.4754919972147988,2.10599857410999,-1.8665626988527122,3.2457,1,3.2457,6.0,inf
812,3,-0.4754919972147988,2.10599857410999,-1.8665626988527122,3.2457,1,3.2457,6.0,inf
812,4,-0.4754919972147988,2.10599857410999,-1.8665626988527122,3.2457,1,3.2457,6.0,inf
812,5,-0.4754919972147988,2.10599857410999,-1.8665626988527122,3.2457,1,3.2457,6.0,inf
813,0,0.5264264925224701,0.4804117519427684,0.277319006391949,1.2611999999999999,1,1.2611999999999999,6.0,inf
813,1,0.5264264925224701,0.4804117519427684,0.277319006391949,1.2611999999999999,1,1.2611999999999999,6.0,inf
813,2,0.5264264925224701,0.4804117519427684,0.277319006391949,1.2611999999999999,1,1.2611999999999999,6.0,inf
813,3,0.5264264925224701,0.4804117519427684,0.277319006391949,1.2611999999999999,1,1.2611999999999999,6.0,inf
813,4,0.5264264925224701,0.4804117519427684,0.277319006391949,1.2611999999999999,1,1.2611999999999999,6.0,inf
813,5,0.5264264925224701,0.4804117519427684,0.277319006391949,1.2611999999999999,1,1.2611999999999999,6.0,inf
814,0,-0.049501685561230906,0.6260928930889824,-1.766607625257997,0.8825999999999999,1,0.8825999999999999,6.0,inf
814,1,-0.049501685561230906,0.6260928930889824,-1.766607625257997,0.8825999999999999,1,0.8825999999999999,6.0,inf
814,2,-0.049501685561230906,0.6260928930889824,-1.766607625257997,0.8825999999999999,1,0.8825999999999999,6.0,inf
814,3,-0.049501685561230906,0.6260928930889824,-1.766607625257997,0.8825999999999999,1,0.8825999999999999,6.0,inf
814,4,-0.049501685561230906,0.6260928930889824,-1.766607625257997,0.8825999999999999,1,0.8825999999999999,6.0,inf
814,5,-0.049501685561230906,0.6260928930889824,-1.766607625257997,0.8825999999999999,1,0.8825999999999999,6.0,inf
815,0,-0.7841311359210787,0.9030916479746973,1.0644425530734694,1.7565,1,1.7565,6.0,inf
815,1,-0.7841311359210787,0.9030916479746973,1.0644425530734694,1.7565,1,1.7565,6.0,inf
815,2,-0.7841311359210787,0.9030916479746973,1.0644425530734694,1.7565,1,1.7565,6.0,inf
815,3,-0.7841311359210787,0.9030916479746973,1.0644425530734694,1.7565,1,1.7565,6.0,inf
815,4,-0.7841311359210787,0.9030916479746973,1.0644425530734694,1.7565,1,1.7565,6.0,inf
815,5,-0.7841311359210787,0.9030916479746973,1.0644425530734694,1.7565,1,1.7565,6.0,inf
816,0,0.9037917838746821,1.093745715224343,0.33080352882946495,1.7576999999999998,1,1.7576999999999998,6.0,inf
816,1,0.9037917838746821,1.093745715224343,0.33080352882946495,1.7576999999999998,1,1.7576999999999998,6.0,inf
816,2,0.9037917838746821,1.093745715224343,0.33080352882946495,1.7576999999999998,1,1.7576999999999998,6.0,inf
816,3,0.9037917838746821,1.093745715224343,0.33080352882946495,1.7576999999999998,1,1.7576999999999998,6.0,inf
816,4,0.9037917838746821,1.093745715224343,0.33080352882946495,1.7576999999999998,1,1.7576999999999998,6.0,inf
816,5,0.9037917838746821,1.093745715224343,0.33080352882946495,1.7576999999999998,1,1.7576999999999998,6.0,inf
817,0,-0.1527403660080162,0.18409382732059296,-0.2881411143292215,2.4593999999999996,1,2.4593999999999996,6.0,inf
817,1,-0.1527403660080162,0.18409382732059296,-0.2881411143292215,2.4593999999999996,1,2.4593999999999996,6.0,inf
817,2,-0.1527403660080162,0.18409382732059296,-0.2881411143292215,2.4593999999999996,1,2.4593999999999996,6.0,inf
817,3,-0.1527403660080162,0.18409382732059296,-0.2881411143292215,2.4593999999999996,1,2.4593999999999996,6.0,inf
817,4,-0.1527403660080162,0.18409382732059296,-0.2881411143292215,2.4593999999999996,1,2.4593999999999996,6.0,inf
817,5,-0.1527403660080162,0.18409382732059296,-0.2881411143292215,2.4593999999999996,1,2.4593999999999996,6.0,inf
818,0,-0.7486036690887017,0.2738494395875418,0.48914327914648453,3.5717999999999996,1,3.5717999999999996,6.0,inf
818,1,-0.7486036690887017,0.2738494395875418,0.48914327914648453,3.5717999999999996,1,3.5717999999999996,6.0,inf
818,2,-0.7486036690887017,0.2738494395875418,0.48914327914648453,3.5717999999999996,1,3.5717999999999996,6.0,inf
818,3,-0.7486036690887017,0.2738494395875418,0.48914327914648453,3.5717999999999996,1,3.5717999999999996,6.0,inf
818,4,-0.7486036690887017,0.2738494395875418,0.48914327914648453,3.5717999999999996,1,3.5717999999999996,6.0,inf
818,5,-0.7486036690887017,0.2738494395875418,0.48914327914648453,3.5717999999999996,1,3.5717999999999996,6.0,inf
819,0,1.051322520364686,1.515282500926919,2.0591190177394907,1.0728,1,1.0728,6.0,inf
819,1,1.051322520364686,1.515282500926919,2.0591190177394907,1.0728,1,1.0728,6.0,inf
819,2,1.051322520364686,1.515282500926919,2.0591190177394907,1.0728,1,1.0728,6.0,inf
819,3,1.051322520364686,1.515282500926919,2.0591190177394907,1.0728,1,1.0728,6.0,inf
819,4,1.051322520364686,1.515282500926919,2.0591190177394907,1.0728,1,1.0728,6.0,inf
819,5,1.051322520364686,1.515282500926919,2.0591190177394907,1.0728,1,1.0728,6.0,inf
820,0,-0.2851498917789982,2.4869204025306133,0.9201452232724503,1.0703999999999998,1,1.0703999999999998,6.0,inf
820,1,-0.2851498917789982,2.4869204025306133,0.9201452232724503,1.0703999999999998,1,1.0703999999999998,6.0,inf
820,2,-0.2851498917789982,2.4869204025306133,0.9201452232724503,1.0703999999999998,1,1.0703999999999998,6.0,inf
820,3,-0.2851498917789982,2.4869204025306133,0.9201452232724503,1.0703999999999998,1,1.0703999999999998,6.0,inf
820,4,-0.2851498917789982,2.4869204025306133,0.9201452232724503,1.0703999999999998,1,1.0703999999999998,6.0,inf
820,5,-0.2851498917789982,2.4869204025306133,0.9201452232724503,1.0703999999999998,1,1.0703999999999998,6.0,inf
821,0,-0.7246651471679446,0.29743346624724837,-0.19197472330791165,4.3263,1,4.3263,6.0,inf
821,1,-0.7246651471679446,0.29743346624724837,-0.19197472330791165,4.3263,1,4.3263,6.0,inf
821,2,-0.7246651471679446,0.29743346624724837,-0.19197472330791165,4.3263,1,4.3263,6.0,inf
821,3,-0.7246651471679446,0.29743346624724837,-0.19197472330791165,4.3263,1,4.3263,6.0,inf
821,4,-0.7246651471679446,0.29743346624724837,-0.19197472330791165,4.3263,1,4.3263,6.0,inf
821,5,-0.7246651471679446,0.29743346624724837,-0.19197472330791165,4.3263,1,4.3263,6.0,inf
822,0,0.11722002502111002,0.06686238347838049,0.12205585482818672,3.1832999999999996,1,3.1832999999999996,6.0,inf
822,1,0.11722002502111002,0.06686238347838049,0.12205585482818672,3.1832999999999996,1,3.1832999999999996,6.0,inf
822,2,0.11722002502111002,0.06686238347838049,0.12205585482818672,3.1832999999999996,1,3.1832999999999996,6.0,inf
822,3,0.11722002502111002,0.06686238347838049,0.12205585482818672,3.1832999999999996,1,3.1832999999999996,6.0,inf
822,4,0.11722002502111002,0.06686238347838049,0.12205585482818672,3.1832999999999996,1,3.1832999999999996,6.0,inf
822,5,0.11722002502111002,0.06686238347838049,0.12205585482818672,3.1832999999999996,1,3.1832999999999996,6.0,inf
823,0,-1.3760606688045534,-1.398592308499571,0.9209623236986937,4.3328999999999995,1,4.3328999999999995,6.0,inf
823,1,-1.3760606688045534,-1.398592308499571,0.9209623236986937,4.3328999999999995,1,4.3328999999999995,6.0,inf
823,2,-1.3760606688045534,-1.398592308499571,0.9209623236986937,4.3328999999999995,1,4.3328999999999995,6.0,inf
823,3,-1.3760606688045534,-1.398592308499571,0.9209623236986937,4.3328999999999995,1,4.3328999999999995,6.0,inf
823,4,-1.3760606688045534,-1.398592308499571,0.9209623236986937,4.3328999999999995,1,4.3328999999999995,6.0,inf
823,5,-1.3760606688045534,-1.398592308499571,0.9209623236986937,4.3328999999999995,1,4.3328999999999995,6.0,inf
824,0,-0.4622132170587835,0.7261429608788763,0.39251235725757133,1.5137999999999998,1,1.5137999999999998,6.0,inf
824,1,-0.4622132170587835,0.7261429608788763,0.39251235725757133,1.5137999999999998,1,1.5137999999999998,6.0,inf
824,2,-0.4622132170587835,0.7261429608788763,0.39251235725757133,1.5137999999999998,1,1.5137999999999998,6.0,inf
824,3,-0.4622132170587835,0.7261429608788763,0.39251235725757133,1.5137999999999998,1,1.5137999999999998,6.0,inf
824,4,-0.4622132170587835,0.7261429608788763,0.39251235725757133,1.5137999999999998,1,1.5137999999999998,6.0,inf
824,5,-0.4622132170587835,0.7261429608788763,0.39251235725757133,1.5137999999999998,1,1.5137999999999998,6.0,inf
825,0,0.05822964439307261,-1.5177932249650836,2.289804531769835,1.2624,1,1.2624,6.0,inf
825,1,0.05822964439307261,-1.5177932249650836,2.289804531769835,1.2624,1,1.2624,6.0,inf
825,2,0.05822964439307261,-1.5177932249650836,2.289804531769835,1.2624,1,1.2624,6.0,inf
825,3,0.05822964439307261,-1.5177932249650836,2.289804531769835,1.2624,1,1.2624,6.0,inf
825,4,0.05822964439307261,-1.5177932249650836,2.289804531769835,1.2624,1,1.2624,6.0,inf
825,5,0.05822964439307261,-1.5177932249650836,2.289804531769835,1.2624,1,1.2624,6.0,inf
826,0,-1.7982232964173555,-0.8127169244737202,0.13031083829592138,1.7892,1,1.7892,6.0,inf
826,1,-1.7982232964173555,-0.8127169244737202,0.13031083829592138,1.7892,1,1.7892,6.0,inf
826,2,-1.7982232964173555,-0.8127169244737202,0.13031083829592138,1.7892,1,1.7892,6.0,inf
826,3,-1.7982232964173555,-0.8127169244737202,0.13031083829592138,1.7892,1,1.7892,6.0,inf
826,4,-1.7982232964173555,-0.8127169244737202,0.13031083829592138,1.7892,1,1.7892,6.0,inf
826,5,-1.7982232964173555,-0.8127169244737202,0.13031083829592138,1.7892,1,1.7892,6.0,inf
827,0,-0.8751119587132192,0.5272787636660677,0.4670568877665822,0.47279999999999994,1,0.47279999999999994,6.0,inf
827,1,-0.8751119587132192,0.5272787636660677,0.4670568877665822,0.47279999999999994,1,0.47279999999999994,6.0,inf
827,2,-0.8751119587132192,0.5272787636660677,0.4670568877665822,0.47279999999999994,1,0.47279999999999994,6.0,inf
827,3,-0.8751119587132192,0.5272787636660677,0.4670568877665822,0.47279999999999994,1,0.47279999999999994,6.0,inf
827,4,-0.8751119587132192,0.5272787636660677,0.4670568877665822,0.47279999999999994,1,0.47279999999999994,6.0,inf
827,5,-0.8751119587132192,0.5272787636660677,0.4670568877665822,0.47279999999999994,1,0.47279999999999994,6.0,inf
828,0,0.8934280206980535,0.41511060548343015,1.5125244152963369,0.5399999999999999,1,0.5399999999999999,6.0,inf
828,1,0.8934280206980535,0.41511060548343015,1.5125244152963369,0.5399999999999999,1,0.5399999999999999,6.0,inf
828,2,0.8934280206980535,0.41511060548343015,1.5125244152963369,0.5399999999999999,1,0.5399999999999999,6.0,inf
828,3,0.8934280206980535,0.41511060548343015,1.5125244152963369,0.5399999999999999,1,0.5399999999999999,6.0,inf
828,4,0.8934280206980535,0.41511060548343015,1.5125244152963369,0.5399999999999999,1,0.5399999999999999,6.0,inf
828,5,0.8934280206980535,0.41511060548343015,1.5125244152963369,0.5399999999999999,1,0.5399999999999999,6.0,inf
829,0,1.9470892066794494,-1.2854897634745281,0.035385690595723544,2.1662999999999997,1,2.1662999999999997,6.0,inf
829,1,1.9470892066794494,-1.2854897634745281,0.035385690595723544,2.1662999999999997,1,2.1662999999999997,6.0,inf
829,2,1.9470892066794494,-1.2854897634745281,0.035385690595723544,2.1662999999999997,1,2.1662999999999997,6.0,inf
829,3,1.9470892066794494,-1.2854897634745281,0.035385690595723544,2.1662999999999997,1,2.1662999999999997,6.0,inf
829,4,1.9470892066794494,-1.2854897634745281,0.035385690595723544,2.1662999999999997,1,2.1662999999999997,6.0,inf
829,5,1.9470892066794494,-1.2854897634745281,0.035385690595723544,2.1662999999999997,1,2.1662999999999997,6.0,inf
830,0,-0.007722761220274465,-1.255928503115356,-0.4887062112558484,5.739299999999999,1,5.739299999999999,6.0,inf
830,1,-0.007722761220274465,-1.255928503115356,-0.4887062112558484,5.739299999999999,1,5.739299999999999,6.0,inf
830,2,-0.007722761220274465,-1.255928503115356,-0.4887062112558484,5.739299999999999,1,5.739299999999999,6.0,inf
830,3,-0.007722761220274465,-1.255928503115356,-0.4887062112558484,5.739299999999999,1,5.739299999999999,6.0,inf
830,4,-0.007722761220274465,-1.255928503115356,-0.4887062112558484,5.739299999999999,1,5.739299999999999,6.0,inf
830,5,-0.007722761220274465,-1.255928503115356,-0.4887062112558484,5.739299999999999,1,5.739299999999999,6.0,inf
831,0,0.9615143975557463,0.312100965184933,2.131427412553761,1.1076,1,1.1076,6.0,inf
831,1,0.9615143975557463,0.312100965184933,2.131427412553761,1.1076,1,1.1076,6.0,inf
831,2,0.9615143975557463,0.312100965184933,2.131427412553761,1.1076,1,1.1076,6.0,inf
831,3,0.9615143975557463,0.312100965184933,2.131427412553761,1.1076,1,1.1076,6.0,inf
831,4,0.9615143975557463,0.312100965184933,2.131427412553761,1.1076,1,1.1076,6.0,inf
831,5,0.9615143975557463,0.312100965184933,2.131427412553761,1.1076,1,1.1076,6.0,inf
832,0,0.479545131187605,-0.3266941925543607,0.399061638061937,1.3760999999999999,1,1.3760999999999999,6.0,inf
832,1,0.479545131187605,-0.3266941925543607,0.399061638061937,1.3760999999999999,1,1.3760999999999999,6.0,inf
832,2,0.479545131187605,-0.3266941925543607,0.399061638061937,1.3760999999999999,1,1.3760999999999999,6.0,inf
832,3,0.479545131187605,-0.3266941925543607,0.399061638061937,1.3760999999999999,1,1.3760999999999999,6.0,inf
832,4,0.479545131187605,-0.3266941925543607,0.399061638061937,1.3760999999999999,1,1.3760999999999999,6.0,inf
832,5,0.479545131187605,-0.3266941925543607,0.399061638061937,1.3760999999999999,1,1.3760999999999999,6.0,inf
833,0,-0.8030732739958968,0.5922336500418843,-0.4410472832190761,3.0806999999999998,1,3.0806999999999998,6.0,inf
833,1,-0.8030732739958968,0.5922336500418843,-0.4410472832190761,3.0806999999999998,1,3.0806999999999998,6.0,inf
833,2,-0.8030732739958968,0.5922336500418843,-0.4410472832190761,3.0806999999999998,1,3.0806999999999998,6.0,inf
833,3,-0.8030732739958968,0.5922336500418843,-0.4410472832190761,3.0806999999999998,1,3.0806999999999998,6.0,inf
833,4,-0.8030732739958968,0.5922336500418843,-0.4410472832190761,3.0806999999999998,1,3.0806999999999998,6.0,inf
833,5,-0.8030732739958968,0.5922336500418843,-0.4410472832190761,3.0806999999999998,1,3.0806999999999998,6.0,inf
834,0,0.42447342659293374,1.8040504418932788,0.3856626017675659,1.6448999999999998,1,1.6448999999999998,6.0,inf
834,1,0.42447342659293374,1.8040504418932788,0.3856626017675659,1.6448999999999998,1,1.6448999999999998,6.0,inf
834,2,0.42447342659293374,1.8040504418932788,0.3856626017675659,1.6448999999999998,1,1.6448999999999998,6.0,inf
834,3,0.42447342659293374,1.8040504418932788,0.3856626017675659,1.6448999999999998,1,1.6448999999999998,6.0,inf
834,4,0.42447342659293374,1.8040504418932788,0.3856626017675659,1.6448999999999998,1,1.6448999999999998,6.0,inf
834,5,0.42447342659293374,1.8040504418932788,0.3856626017675659,1.6448999999999998,1,1.6448999999999998,6.0,inf
835,0,-1.3279021875139014,-0.2570713340155433,1.501930691625412,6.0,0,7.557899999999999,6.0,inf
835,1,-1.3279021875139014,-0.2570713340155433,1.501930691625412,6.0,0,7.557899999999999,6.0,inf
835,2,-1.3279021875139014,-0.2570713340155433,1.501930691625412,6.0,0,7.557899999999999,6.0,inf
835,3,-1.3279021875139014,-0.2570713340155433,1.501930691625412,6.0,0,7.557899999999999,6.0,inf
835,4,-1.3279021875139014,-0.2570713340155433,1.501930691625412,6.0,0,7.557899999999999,6.0,inf
835,5,-1.3279021875139014,-0.2570713340155433,1.501930691625412,6.0,0,7.557899999999999,6.0,inf
836,0,-0.8232969734634428,-1.5788888909413141,1.126648495824085,4.9517999999999995,1,4.9517999999999995,6.0,inf
836,1,-0.8232969734634428,-1.5788888909413141,1.126648495824085,4.9517999999999995,1,4.9517999999999995,6.0,inf
836,2,-0.8232969734634428,-1.5788888909413141,1.126648495824085,4.9517999999999995,1,4.9517999999999995,6.0,inf
836,3,-0.8232969734634428,-1.5788888909413141,1.126648495824085,4.9517999999999995,1,4.9517999999999995,6.0,inf
836,4,-0.8232969734634428,-1.5788888909413141,1.126648495824085,4.9517999999999995,1,4.9517999999999995,6.0,inf
836,5,-0.8232969734634428,-1.5788888909413141,1.126648495824085,4.9517999999999995,1,4.9517999999999995,6.0,inf
837,0,-1.0956647744171784,-0.5446823036681808,0.04799130368277359,6.0,0,6.5661,6.0,inf
837,1,-1.0956647744171784,-0.5446823036681808,0.04799130368277359,6.0,0,6.5661,6.0,inf
837,2,-1.0956647744171784,-0.5446823036681808,0.04799130368277359,6.0,0,6.5661,6.0,inf
837,3,-1.0956647744171784,-0.5446823036681808,0.04799130368277359,6.0,0,6.5661,6.0,inf
837,4,-1.0956647744171784,-0.5446823036681808,0.04799130368277359,6.0,0,6.5661,6.0,inf
837,5,-1.0956647744171784,-0.5446823036681808,0.04799130368277359,6.0,0,6.5661,6.0,inf
838,0,-0.6163151218139306,1.8710293052419609,-0.4934620884526776,1.1126999999999998,1,1.1126999999999998,6.0,inf
838,1,-0.6163151218139306,1.8710293052419609,-0.4934620884526776,1.1126999999999998,1,1.1126999999999998,6.0,inf
838,2,-0.6163151218139306,1.8710293052419609,-0.4934620884526776,1.1126999999999998,1,1.1126999999999998,6.0,inf
838,3,-0.6163151218139306,1.8710293052419609,-0.4934620884526776,1.1126999999999998,1,1.1126999999999998,6.0,inf
838,4,-0.6163151218139306,1.8710293052419609,-0.4934620884526776,1.1126999999999998,1,1.1126999999999998,6.0,inf
838,5,-0.6163151218139306,1.8710293052419609,-0.4934620884526776,1.1126999999999998,1,1.1126999999999998,6.0,inf
839,0,0.02842132360530033,-2.953794584152032,-0.26521540529949517,4.393199999999999,1,4.393199999999999,6.0,inf
839,1,0.02842132360530033,-2.953794584152032,-0.26521540529949517,4.393199999999999,1,4.393199999999999,6.0,inf
839,2,0.02842132360530033,-2.953794584152032,-0.26521540529949517,4.393199999999999,1,4.393199999999999,6.0,inf
839,3,0.02842132360530033,-2.953794584152032,-0.26521540529949517,4.393199999999999,1,4.393199999999999,6.0,inf
839,4,0.02842132360530033,-2.953794584152032,-0.26521540529949517,4.393199999999999,1,4.393199999999999,6.0,inf
839,5,0.02842132360530033,-2.953794584152032,-0.26521540529949517,4.393199999999999,1,4.393199999999999,6.0,inf
840,0,-0.599183210872858,-0.00123801983214437,0.04392160247403255,5.207999999999999,1,5.207999999999999,6.0,inf
840,1,-0.599183210872858,-0.00123801983214437,0.04392160247403255,5.207999999999999,1,5.207999999999999,6.0,inf
840,2,-0.599183210872858,-0.00123801983214437,0.04392160247403255,5.207999999999999,1,5.207999999999999,6.0,inf
840,3,-0.599183210872858,-0.00123801983214437,0.04392160247403255,5.207999999999999,1,5.207999999999999,6.0,inf
840,4,-0.599183210872858,-0.00123801983214437,0.04392160247403255,5.207999999999999,1,5.207999999999999,6.0,inf
840,5,-0.599183210872858,-0.00123801983214437,0.04392160247403255,5.207999999999999,1,5.207999999999999,6.0,inf
841,0,0.43785551832035924,0.9860755068228106,0.8198780640717994,0.8090999999999999,1,0.8090999999999999,6.0,inf
841,1,0.43785551832035924,0.9860755068228106,0.8198780640717994,0.8090999999999999,1,0.8090999999999999,6.0,inf
841,2,0.43785551832035924,0.9860755068228106,0.8198780640717994,0.8090999999999999,1,0.8090999999999999,6.0,inf
841,3,0.43785551832035924,0.9860755068228106,0.8198780640717994,0.8090999999999999,1,0.8090999999999999,6.0,inf
841,4,0.43785551832035924,0.9860755068228106,0.8198780640717994,0.8090999999999999,1,0.8090999999999999,6.0,inf
841,5,0.43785551832035924,0.9860755068228106,0.8198780640717994,0.8090999999999999,1,0.8090999999999999,6.0,inf
842,0,0.22720334950269086,-1.0531005729922962,-1.006387815714446,4.568099999999999,1,4.568099999999999,6.0,inf
842,1,0.22720334950269086,-1.0531005729922962,-1.006387815714446,4.568099999999999,1,4.568099999999999,6.0,inf
842,2,0.22720334950269086,-1.0531005729922962,-1.006387815714446,4.568099999999999,1,4.568099999999999,6.0,inf
842,3,0.22720334950269086,-1.0531005729922962,-1.006387815714446,4.568099999999999,1,4.568099999999999,6.0,inf
842,4,0.22720334950269086,-1.0531005729922962,-1.006387815714446,4.568099999999999,1,4.568099999999999,6.0,inf
842,5,0.22720334950269086,-1.0531005729922962,-1.006387815714446,4.568099999999999,1,4.568099999999999,6.0,inf
843,0,-0.42706949099116237,0.45927148480691293,1.2385160777303947,0.9824999999999999,1,0.9824999999999999,6.0,inf
843,1,-0.42706949099116237,0.45927148480691293,1.2385160777303947,0.9824999999999999,1,0.9824999999999999,6.0,inf
843,2,-0.42706949099116237,0.45927148480691293,1.2385160777303947,0.9824999999999999,1,0.9824999999999999,6.0,inf
843,3,-0.42706949099116237,0.45927148480691293,1.2385160777303947,0.9824999999999999,1,0.9824999999999999,6.0,inf
843,4,-0.42706949099116237,0.45927148480691293,1.2385160777303947,0.9824999999999999,1,0.9824999999999999,6.0,inf
843,5,-0.42706949099116237,0.45927148480691293,1.2385160777303947,0.9824999999999999,1,0.9824999999999999,6.0,inf
844,0,0.6405411253905875,-0.46267499742509877,-1.0264312875255712,3.0161999999999995,1,3.0161999999999995,6.0,inf
844,1,0.6405411253905875,-0.46267499742509877,-1.0264312875255712,3.0161999999999995,1,3.0161999999999995,6.0,inf
844,2,0.6405411253905875,-0.46267499742509877,-1.0264312875255712,3.0161999999999995,1,3.0161999999999995,6.0,inf
844,3,0.6405411253905875,-0.46267499742509877,-1.0264312875255712,3.0161999999999995,1,3.0161999999999995,6.0,inf
844,4,0.6405411253905875,-0.46267499742509877,-1.0264312875255712,3.0161999999999995,1,3.0161999999999995,6.0,inf
844,5,0.6405411253905875,-0.46267499742509877,-1.0264312875255712,3.0161999999999995,1,3.0161999999999995,6.0,inf
845,0,-1.4379504674626613,-1.1849560997455422,-1.6709004751374903,6.0,0,8.0001,6.0,inf
845,1,-1.4379504674626613,-1.1849560997455422,-1.6709004751374903,6.0,0,8.0001,6.0,inf
845,2,-1.4379504674626613,-1.1849560997455422,-1.6709004751374903,6.0,0,8.0001,6.0,inf
845,3,-1.4379504674626613,-1.1849560997455422,-1.6709004751374903,6.0,0,8.0001,6.0,inf
845,4,-1.4379504674626613,-1.1849560997455422,-1.6709004751374903,6.0,0,8.0001,6.0,inf
845,5,-1.4379504674626613,-1.1849560997455422,-1.6709004751374903,6.0,0,8.0001,6.0,inf
846,0,-0.4838406521642915,-0.15632386715758637,-0.4715209821063066,1.4192999999999998,1,1.4192999999999998,6.0,inf
846,1,-0.4838406521642915,-0.15632386715758637,-0.4715209821063066,1.4192999999999998,1,1.4192999999999998,6.0,inf
846,2,-0.4838406521642915,-0.15632386715758637,-0.4715209821063066,1.4192999999999998,1,1.4192999999999998,6.0,inf
846,3,-0.4838406521642915,-0.15632386715758637,-0.4715209821063066,1.4192999999999998,1,1.4192999999999998,6.0,inf
846,4,-0.4838406521642915,-0.15632386715758637,-0.4715209821063066,1.4192999999999998,1,1.4192999999999998,6.0,inf
846,5,-0.4838406521642915,-0.15632386715758637,-0.4715209821063066,1.4192999999999998,1,1.4192999999999998,6.0,inf
847,0,-1.6704968362882922,-0.7972709715296319,0.2691825829112657,6.0,0,8.0001,6.0,inf
847,1,-1.6704968362882922,-0.7972709715296319,0.2691825829112657,6.0,0,8.0001,6.0,inf
847,2,-1.6704968362882922,-0.7972709715296319,0.2691825829112657,6.0,0,8.0001,6.0,inf
847,3,-1.6704968362882922,-0.7972709715296319,0.2691825829112657,6.0,0,8.0001,6.0,inf
847,4,-1.6704968362882922,-0.7972709715296319,0.2691825829112657,6.0,0,8.0001,6.0,inf
847,5,-1.6704968362882922,-0.7972709715296319,0.2691825829112657,6.0,0,8.0001,6.0,inf
848,0,1.318584684819139,-0.7485109884373217,-1.0458716341774408,3.5387999999999997,1,3.5387999999999997,6.0,inf
848,1,1.318584684819139,-0.7485109884373217,-1.0458716341774408,3.5387999999999997,1,3.5387999999999997,6.0,inf
848,2,1.318584684819139,-0.7485109884373217,-1.0458716341774408,3.5387999999999997,1,3.5387999999999997,6.0,inf
848,3,1.318584684819139,-0.7485109884373217,-1.0458716341774408,3.5387999999999997,1,3.5387999999999997,6.0,inf
848,4,1.318584684819139,-0.7485109884373217,-1.0458716341774408,3.5387999999999997,1,3.5387999999999997,6.0,inf
848,5,1.318584684819139,-0.7485109884373217,-1.0458716341774408,3.5387999999999997,1,3.5387999999999997,6.0,inf
849,0,-1.078945947160937,-0.16740256426358308,0.27307102979430553,6.0,0,6.2592,6.0,inf
849,1,-1.078945947160937,-0.16740256426358308,0.27307102979430553,6.0,0,6.2592,6.0,inf
849,2,-1.078945947160937,-0.16740256426358308,0.27307102979430553,6.0,0,6.2592,6.0,inf
849,3,-1.078945947160937,-0.16740256426358308,0.27307102979430553,6.0,0,6.2592,6.0,inf
849,4,-1.078945947160937,-0.16740256426358308,0.27307102979430553,6.0,0,6.2592,6.0,inf
849,5,-1.078945947160937,-0.16740256426358308,0.27307102979430553,6.0,0,6.2592,6.0,inf
850,0,0.7320512978125235,-2.2206141713167145,2.79359395527281,1.7249999999999999,1,1.7249999999999999,6.0,inf
850,1,0.7320512978125235,-2.2206141713167145,2.79359395527281,1.7249999999999999,1,1.7249999999999999,6.0,inf
850,2,0.7320512978125235,-2.2206141713167145,2.79359395527281,1.7249999999999999,1,1.7249999999999999,6.0,inf
850,3,0.7320512978125235,-2.2206141713167145,2.79359395527281,1.7249999999999999,1,1.7249999999999999,6.0,inf
850,4,0.7320512978125235,-2.2206141713167145,2.79359395527281,1.7249999999999999,1,1.7249999999999999,6.0,inf
850,5,0.7320512978125235,-2.2206141713167145,2.79359395527281,1.7249999999999999,1,1.7249999999999999,6.0,inf
851,0,-1.0441340009604296,-0.09330183573693686,-0.13140121022819515,2.9339999999999997,1,2.9339999999999997,6.0,inf
851,1,-1.0441340009604296,-0.09330183573693686,-0.13140121022819515,2.9339999999999997,1,2.9339999999999997,6.0,inf
851,2,-1.0441340009604296,-0.09330183573693686,-0.13140121022819515,2.9339999999999997,1,2.9339999999999997,6.0,inf
851,3,-1.0441340009604296,-0.09330183573693686,-0.13140121022819515,2.9339999999999997,1,2.9339999999999997,6.0,inf
851,4,-1.0441340009604296,-0.09330183573693686,-0.13140121022819515,2.9339999999999997,1,2.9339999999999997,6.0,inf
851,5,-1.0441340009604296,-0.09330183573693686,-0.13140121022819515,2.9339999999999997,1,2.9339999999999997,6.0,inf
852,0,0.7006495426974751,1.46017231555104,1.631255988829079,0.42779999999999996,1,0.42779999999999996,6.0,inf
852,1,0.7006495426974751,1.46017231555104,1.631255988829079,0.42779999999999996,1,0.42779999999999996,6.0,inf
852,2,0.7006495426974751,1.46017231555104,1.631255988829079,0.42779999999999996,1,0.42779999999999996,6.0,inf
852,3,0.7006495426974751,1.46017231555104,1.631255988829079,0.42779999999999996,1,0.42779999999999996,6.0,inf
852,4,0.7006495426974751,1.46017231555104,1.631255988829079,0.42779999999999996,1,0.42779999999999996,6.0,inf
852,5,0.7006495426974751,1.46017231555104,1.631255988829079,0.42779999999999996,1,0.42779999999999996,6.0,inf
853,0,-0.1404537773336081,-0.7214444468000479,1.9617926222288269,2.0301,1,2.0301,6.0,inf
853,1,-0.1404537773336081,-0.7214444468000479,1.9617926222288269,2.0301,1,2.0301,6.0,inf
853,2,-0.1404537773336081,-0.7214444468000479,1.9617926222288269,2.0301,1,2.0301,6.0,inf
853,3,-0.1404537773336081,-0.7214444468000479,1.9617926222288269,2.0301,1,2.0301,6.0,inf
853,4,-0.1404537773336081,-0.7214444468000479,1.9617926222288269,2.0301,1,2.0301,6.0,inf
853,5,-0.1404537773336081,-0.7214444468000479,1.9617926222288269,2.0301,1,2.0301,6.0,inf
854,0,-0.8199566176234031,-0.1661316729000367,-0.5234148543330163,1.2233999999999998,1,1.2233999999999998,6.0,inf
854,1,-0.8199566176234031,-0.1661316729000367,-0.5234148543330163,1.2233999999999998,1,1.2233999999999998,6.0,inf
854,2,-0.8199566176234031,-0.1661316729000367,-0.5234148543330163,1.2233999999999998,1,1.2233999999999998,6.0,inf
854,3,-0.8199566176234031,-0.1661316729000367,-0.5234148543330163,1.2233999999999998,1,1.2233999999999998,6.0,inf
854,4,-0.8199566176234031,-0.1661316729000367,-0.5234148543330163,1.2233999999999998,1,1.2233999999999998,6.0,inf
854,5,-0.8199566176234031,-0.1661316729000367,-0.5234148543330163,1.2233999999999998,1,1.2233999999999998,6.0,inf
855,0,0.023646147410767596,-0.6286838286779239,1.3911398947296867,1.5998999999999999,1,1.5998999999999999,6.0,inf
855,1,0.023646147410767596,-0.6286838286779239,1.3911398947296867,1.5998999999999999,1,1.5998999999999999,6.0,inf
855,2,0.023646147410767596,-0.6286838286779239,1.3911398947296867,1.5998999999999999,1,1.5998999999999999,6.0,inf
855,3,0.023646147410767596,-0.6286838286779239,1.3911398947296867,1.5998999999999999,1,1.5998999999999999,6.0,inf
855,4,0.023646147410767596,-0.6286838286779239,1.3911398947296867,1.5998999999999999,1,1.5998999999999999,6.0,inf
855,5,0.023646147410767596,-0.6286838286779239,1.3911398947296867,1.5998999999999999,1,1.5998999999999999,6.0,inf
856,0,-0.29079990932164973,-0.8353084386994348,0.27728015764480113,2.1399,1,2.1399,6.0,inf
856,1,-0.29079990932164973,-0.8353084386994348,0.27728015764480113,2.1399,1,2.1399,6.0,inf
856,2,-0.29079990932164973,-0.8353084386994348,0.27728015764480113,2.1399,1,2.1399,6.0,inf
856,3,-0.29079990932164973,-0.8353084386994348,0.27728015764480113,2.1399,1,2.1399,6.0,inf
856,4,-0.29079990932164973,-0.8353084386994348,0.27728015764480113,2.1399,1,2.1399,6.0,inf
856,5,-0.29079990932164973,-0.8353084386994348,0.27728015764480113,2.1399,1,2.1399,6.0,inf
857,0,-0.8724878018066249,0.3145549713460712,0.06122157964724866,3.6977999999999995,1,3.6977999999999995,6.0,inf
857,1,-0.8724878018066249,0.3145549713460712,0.06122157964724866,3.6977999999999995,1,3.6977999999999995,6.0,inf
857,2,-0.8724878018066249,0.3145549713460712,0.06122157964724866,3.6977999999999995,1,3.6977999999999995,6.0,inf
857,3,-0.8724878018066249,0.3145549713460712,0.06122157964724866,3.6977999999999995,1,3.6977999999999995,6.0,inf
857,4,-0.8724878018066249,0.3145549713460712,0.06122157964724866,3.6977999999999995,1,3.6977999999999995,6.0,inf
857,5,-0.8724878018066249,0.3145549713460712,0.06122157964724866,3.6977999999999995,1,3.6977999999999995,6.0,inf
858,0,0.3481074106711522,0.7707350566332708,-1.3976835249868553,3.1253999999999995,1,3.1253999999999995,6.0,inf
858,1,0.3481074106711522,0.7707350566332708,-1.3976835249868553,3.1253999999999995,1,3.1253999999999995,6.0,inf
858,2,0.3481074106711522,0.7707350566332708,-1.3976835249868553,3.1253999999999995,1,3.1253999999999995,6.0,inf
858,3,0.3481074106711522,0.7707350566332708,-1.3976835249868553,3.1253999999999995,1,3.1253999999999995,6.0,inf
858,4,0.3481074106711522,0.7707350566332708,-1.3976835249868553,3.1253999999999995,1,3.1253999999999995,6.0,inf
858,5,0.3481074106711522,0.7707350566332708,-1.3976835249868553,3.1253999999999995,1,3.1253999999999995,6.0,inf
859,0,0.1714311064302074,-0.3657099123579946,-0.029248411488210162,3.3678,1,3.3678,6.0,inf
859,1,0.1714311064302074,-0.3657099123579946,-0.029248411488210162,3.3678,1,3.3678,6.0,inf
859,2,0.1714311064302074,-0.3657099123579946,-0.029248411488210162,3.3678,1,3.3678,6.0,inf
859,3,0.1714311064302074,-0.3657099123579946,-0.029248411488210162,3.3678,1,3.3678,6.0,inf
859,4,0.1714311064302074,-0.3657099123579946,-0.029248411488210162,3.3678,1,3.3678,6.0,inf
859,5,0.1714311064302074,-0.3657099123579946,-0.029248411488210162,3.3678,1,3.3678,6.0,inf
860,0,1.2742489395033028,-0.834540491611215,0.9558385842003541,2.1126,1,2.1126,6.0,inf
860,1,1.2742489395033028,-0.834540491611215,0.9558385842003541,2.1126,1,2.1126,6.0,inf
860,2,1.2742489395033028,-0.834540491611215,0.9558385842003541,2.1126,1,2.1126,6.0,inf
860,3,1.2742489395033028,-0.834540491611215,0.9558385842003541,2.1126,1,2.1126,6.0,inf
860,4,1.2742489395033028,-0.834540491611215,0.9558385842003541,2.1126,1,2.1126,6.0,inf
860,5,1.2742489395033028,-0.834540491611215,0.9558385842003541,2.1126,1,2.1126,6.0,inf
861,0,1.510106975960727,0.6431861543337917,-0.7609051259834647,2.0894999999999997,1,2.0894999999999997,6.0,inf
861,1,1.510106975960727,0.6431861543337917,-0.7609051259834647,2.0894999999999997,1,2.0894999999999997,6.0,inf
861,2,1.510106975960727,0.6431861543337917,-0.7609051259834647,2.0894999999999997,1,2.0894999999999997,6.0,inf
861,3,1.510106975960727,0.6431861543337917,-0.7609051259834647,2.0894999999999997,1,2.0894999999999997,6.0,inf
861,4,1.510106975960727,0.6431861543337917,-0.7609051259834647,2.0894999999999997,1,2.0894999999999997,6.0,inf
861,5,1.510106975960727,0.6431861543337917,-0.7609051259834647,2.0894999999999997,1,2.0894999999999997,6.0,inf
862,0,1.325153699486685,0.3541047418130825,-0.36024260942139213,2.1801,1,2.1801,6.0,inf
862,1,1.325153699486685,0.3541047418130825,-0.36024260942139213,2.1801,1,2.1801,6.0,inf
862,2,1.325153699486685,0.3541047418130825,-0.36024260942139213,2.1801,1,2.1801,6.0,inf
862,3,1.325153699486685,0.3541047418130825,-0.36024260942139213,2.1801,1,2.1801,6.0,inf
862,4,1.325153699486685,0.3541047418130825,-0.36024260942139213,2.1801,1,2.1801,6.0,inf
862,5,1.325153699486685,0.3541047418130825,-0.36024260942139213,2.1801,1,2.1801,6.0,inf
863,0,-0.6705090930045451,-0.6106755221260529,0.396802754467188,4.2501,1,4.2501,6.0,inf
863,1,-0.6705090930045451,-0.6106755221260529,0.396802754467188,4.2501,1,4.2501,6.0,inf
863,2,-0.6705090930045451,-0.6106755221260529,0.396802754467188,4.2501,1,4.2501,6.0,inf
863,3,-0.6705090930045451,-0.6106755221260529,0.396802754467188,4.2501,1,4.2501,6.0,inf
863,4,-0.6705090930045451,-0.6106755221260529,0.396802754467188,4.2501,1,4.2501,6.0,inf
863,5,-0.6705090930045451,-0.6106755221260529,0.396802754467188,4.2501,1,4.2501,6.0,inf
864,0,-0.7770875612803956,0.23166381053594495,-1.6723540218477915,6.0,0,6.765,6.0,inf
864,1,-0.7770875612803956,0.23166381053594495,-1.6723540218477915,6.0,0,6.765,6.0,inf
864,2,-0.7770875612803956,0.23166381053594495,-1.6723540218477915,6.0,0,6.765,6.0,inf
864,3,-0.7770875612803956,0.23166381053594495,-1.6723540218477915,6.0,0,6.765,6.0,inf
864,4,-0.7770875612803956,0.23166381053594495,-1.6723540218477915,6.0,0,6.765,6.0,inf
864,5,-0.7770875612803956,0.23166381053594495,-1.6723540218477915,6.0,0,6.765,6.0,inf
865,0,0.9587020625653954,0.8659495023906847,-0.2223865585081447,0.9126,1,0.9126,6.0,inf
865,1,0.9587020625653954,0.8659495023906847,-0.2223865585081447,0.9126,1,0.9126,6.0,inf
865,2,0.9587020625653954,0.8659495023906847,-0.2223865585081447,0.9126,1,0.9126,6.0,inf
865,3,0.9587020625653954,0.8659495023906847,-0.2223865585081447,0.9126,1,0.9126,6.0,inf
865,4,0.9587020625653954,0.8659495023906847,-0.2223865585081447,0.9126,1,0.9126,6.0,inf
865,5,0.9587020625653954,0.8659495023906847,-0.2223865585081447,0.9126,1,0.9126,6.0,inf
866,0,-0.7452208857211627,0.185541299640569,0.17457182644095523,6.0,0,6.2562,6.0,inf
866,1,-0.7452208857211627,0.185541299640569,0.17457182644095523,6.0,0,6.2562,6.0,inf
866,2,-0.7452208857211627,0.185541299640569,0.17457182644095523,6.0,0,6.2562,6.0,inf
866,3,-0.7452208857211627,0.185541299640569,0.17457182644095523,6.0,0,6.2562,6.0,inf
866,4,-0.7452208857211627,0.185541299640569,0.17457182644095523,6.0,0,6.2562,6.0,inf
866,5,-0.7452208857211627,0.185541299640569,0.17457182644095523,6.0,0,6.2562,6.0,inf
867,0,-1.7056155935809723,0.3415056977158046,-0.16206553223188297,6.0,0,6.5531999999999995,6.0,inf
867,1,-1.7056155935809723,0.3415056977158046,-0.16206553223188297,6.0,0,6.5531999999999995,6.0,inf
867,2,-1.7056155935809723,0.3415056977158046,-0.16206553223188297,6.0,0,6.5531999999999995,6.0,inf
867,3,-1.7056155935809723,0.3415056977158046,-0.16206553223188297,6.0,0,6.5531999999999995,6.0,inf
867,4,-1.7056155935809723,0.3415056977158046,-0.16206553223188297,6.0,0,6.5531999999999995,6.0,inf
867,5,-1.7056155935809723,0.3415056977158046,-0.16206553223188297,6.0,0,6.5531999999999995,6.0,inf
868,0,-0.4349852554286169,1.2869452374487327,-1.0591022133911292,3.1403999999999996,1,3.1403999999999996,6.0,inf
868,1,-0.4349852554286169,1.2869452374487327,-1.0591022133911292,3.1403999999999996,1,3.1403999999999996,6.0,inf
868,2,-0.4349852554286169,1.2869452374487327,-1.0591022133911292,3.1403999999999996,1,3.1403999999999996,6.0,inf
868,3,-0.4349852554286169,1.2869452374487327,-1.0591022133911292,3.1403999999999996,1,3.1403999999999996,6.0,inf
868,4,-0.4349852554286169,1.2869452374487327,-1.0591022133911292,3.1403999999999996,1,3.1403999999999996,6.0,inf
868,5,-0.4349852554286169,1.2869452374487327,-1.0591022133911292,3.1403999999999996,1,3.1403999999999996,6.0,inf
869,0,0.630387132620026,-0.15308244430996287,0.5488279839049927,2.0831999999999997,1,2.0831999999999997,6.0,inf
869,1,0.630387132620026,-0.15308244430996287,0.5488279839049927,2.0831999999999997,1,2.0831999999999997,6.0,inf
869,2,0.630387132620026,-0.15308244430996287,0.5488279839049927,2.0831999999999997,1,2.0831999999999997,6.0,inf
869,3,0.630387132620026,-0.15308244430996287,0.5488279839049927,2.0831999999999997,1,2.0831999999999997,6.0,inf
869,4,0.630387132620026,-0.15308244430996287,0.5488279839049927,2.0831999999999997,1,2.0831999999999997,6.0,inf
869,5,0.630387132620026,-0.15308244430996287,0.5488279839049927,2.0831999999999997,1,2.0831999999999997,6.0,inf
870,0,-1.1968169214480182,-0.6688094316331634,1.1070297775545517,1.7046,1,1.7046,6.0,inf
870,1,-1.1968169214480182,-0.6688094316331634,1.1070297775545517,1.7046,1,1.7046,6.0,inf
870,2,-1.1968169214480182,-0.6688094316331634,1.1070297775545517,1.7046,1,1.7046,6.0,inf
870,3,-1.1968169214480182,-0.6688094316331634,1.1070297775545517,1.7046,1,1.7046,6.0,inf
870,4,-1.1968169214480182,-0.6688094316331634,1.1070297775545517,1.7046,1,1.7046,6.0,inf
870,5,-1.1968169214480182,-0.6688094316331634,1.1070297775545517,1.7046,1,1.7046,6.0,inf
871,0,-1.6860368607684473,-1.4016764348308828,0.49168163805661835,6.0,0,8.0001,6.0,inf
871,1,-1.6860368607684473,-1.4016764348308828,0.49168163805661835,6.0,0,8.0001,6.0,inf
871,2,-1.6860368607684473,-1.4016764348308828,0.49168163805661835,6.0,0,8.0001,6.0,inf
871,3,-1.6860368607684473,-1.4016764348308828,0.49168163805661835,6.0,0,8.0001,6.0,inf
871,4,-1.6860368607684473,-1.4016764348308828,0.49168163805661835,6.0,0,8.0001,6.0,inf
871,5,-1.6860368607684473,-1.4016764348308828,0.49168163805661835,6.0,0,8.0001,6.0,inf
872,0,0.19431598215781457,0.9978070987366153,-1.1553313381432018,3.8372999999999995,1,3.8372999999999995,6.0,inf
872,1,0.19431598215781457,0.9978070987366153,-1.1553313381432018,3.8372999999999995,1,3.8372999999999995,6.0,inf
872,2,0.19431598215781457,0.9978070987366153,-1.1553313381432018,3.8372999999999995,1,3.8372999999999995,6.0,inf
872,3,0.19431598215781457,0.9978070987366153,-1.1553313381432018,3.8372999999999995,1,3.8372999999999995,6.0,inf
872,4,0.19431598215781457,0.9978070987366153,-1.1553313381432018,3.8372999999999995,1,3.8372999999999995,6.0,inf
872,5,0.19431598215781457,0.9978070987366153,-1.1553313381432018,3.8372999999999995,1,3.8372999999999995,6.0,inf
873,0,1.4426594687274927,-1.0456449674798738,-1.5056650435537775,4.1571,1,4.1571,6.0,inf
873,1,1.4426594687274927,-1.0456449674798738,-1.5056650435537775,4.1571,1,4.1571,6.0,inf
873,2,1.4426594687274927,-1.0456449674798738,-1.5056650435537775,4.1571,1,4.1571,6.0,inf
873,3,1.4426594687274927,-1.0456449674798738,-1.5056650435537775,4.1571,1,4.1571,6.0,inf
873,4,1.4426594687274927,-1.0456449674798738,-1.5056650435537775,4.1571,1,4.1571,6.0,inf
873,5,1.4426594687274927,-1.0456449674798738,-1.5056650435537775,4.1571,1,4.1571,6.0,inf
874,0,-0.6195401074148956,-0.23306422416189837,0.4120219685045989,4.7379,1,4.7379,6.0,inf
874,1,-0.6195401074148956,-0.23306422416189837,0.4120219685045989,4.7379,1,4.7379,6.0,inf
874,2,-0.6195401074148956,-0.23306422416189837,0.4120219685045989,4.7379,1,4.7379,6.0,inf
874,3,-0.6195401074148956,-0.23306422416189837,0.4120219685045989,4.7379,1,4.7379,6.0,inf
874,4,-0.6195401074148956,-0.23306422416189837,0.4120219685045989,4.7379,1,4.7379,6.0,inf
874,5,-0.6195401074148956,-0.23306422416189837,0.4120219685045989,4.7379,1,4.7379,6.0,inf
875,0,0.0707626274250754,-0.20572027696595518,-0.6825597896346007,4.638,1,4.638,6.0,inf
875,1,0.0707626274250754,-0.20572027696595518,-0.6825597896346007,4.638,1,4.638,6.0,inf
875,2,0.0707626274250754,-0.20572027696595518,-0.6825597896346007,4.638,1,4.638,6.0,inf
875,3,0.0707626274250754,-0.20572027696595518,-0.6825597896346007,4.638,1,4.638,6.0,inf
875,4,0.0707626274250754,-0.20572027696595518,-0.6825597896346007,4.638,1,4.638,6.0,inf
875,5,0.0707626274250754,-0.20572027696595518,-0.6825597896346007,4.638,1,4.638,6.0,inf
876,0,0.13411697793179103,-0.12240094189173696,0.1672927474270889,1.9616999999999998,1,1.9616999999999998,6.0,inf
876,1,0.13411697793179103,-0.12240094189173696,0.1672927474270889,1.9616999999999998,1,1.9616999999999998,6.0,inf
876,2,0.13411697793179103,-0.12240094189173696,0.1672927474270889,1.9616999999999998,1,1.9616999999999998,6.0,inf
876,3,0.13411697793179103,-0.12240094189173696,0.1672927474270889,1.9616999999999998,1,1.9616999999999998,6.0,inf
876,4,0.13411697793179103,-0.12240094189173696,0.1672927474270889,1.9616999999999998,1,1.9616999999999998,6.0,inf
876,5,0.13411697793179103,-0.12240094189173696,0.1672927474270889,1.9616999999999998,1,1.9616999999999998,6.0,inf
877,0,-0.7500736994162454,-0.47953492653027063,-1.0124616382404075,4.3533,1,4.3533,6.0,inf
877,1,-0.7500736994162454,-0.47953492653027063,-1.0124616382404075,4.3533,1,4.3533,6.0,inf
877,2,-0.7500736994162454,-0.47953492653027063,-1.0124616382404075,4.3533,1,4.3533,6.0,inf
877,3,-0.7500736994162454,-0.47953492653027063,-1.0124616382404075,4.3533,1,4.3533,6.0,inf
877,4,-0.7500736994162454,-0.47953492653027063,-1.0124616382404075,4.3533,1,4.3533,6.0,inf
877,5,-0.7500736994162454,-0.47953492653027063,-1.0124616382404075,4.3533,1,4.3533,6.0,inf
878,0,-0.17528538750090505,-1.6787143657907853,-2.3290722759319578,6.0,0,8.0001,6.0,inf
878,1,-0.17528538750090505,-1.6787143657907853,-2.3290722759319578,6.0,0,8.0001,6.0,inf
878,2,-0.17528538750090505,-1.6787143657907853,-2.3290722759319578,6.0,0,8.0001,6.0,inf
878,3,-0.17528538750090505,-1.6787143657907853,-2.3290722759319578,6.0,0,8.0001,6.0,inf
878,4,-0.17528538750090505,-1.6787143657907853,-2.3290722759319578,6.0,0,8.0001,6.0,inf
878,5,-0.17528538750090505,-1.6787143657907853,-2.3290722759319578,6.0,0,8.0001,6.0,inf
879,0,-0.699443814200699,0.520704878962536,-0.19842546390582289,1.7843999999999998,1,1.7843999999999998,6.0,inf
879,1,-0.699443814200699,0.520704878962536,-0.19842546390582289,1.7843999999999998,1,1.7843999999999998,6.0,inf
879,2,-0.699443814200699,0.520704878962536,-0.19842546390582289,1.7843999999999998,1,1.7843999999999998,6.0,inf
879,3,-0.699443814200699,0.520704878962536,-0.19842546390582289,1.7843999999999998,1,1.7843999999999998,6.0,inf
879,4,-0.699443814200699,0.520704878962536,-0.19842546390582289,1.7843999999999998,1,1.7843999999999998,6.0,inf
879,5,-0.699443814200699,0.520704878962536,-0.19842546390582289,1.7843999999999998,1,1.7843999999999998,6.0,inf
880,0,0.528882476562849,-0.04707293458777964,0.502324377043174,1.6958999999999997,1,1.6958999999999997,6.0,inf
880,1,0.528882476562849,-0.04707293458777964,0.502324377043174,1.6958999999999997,1,1.6958999999999997,6.0,inf
880,2,0.528882476562849,-0.04707293458777964,0.502324377043174,1.6958999999999997,1,1.6958999999999997,6.0,inf
880,3,0.528882476562849,-0.04707293458777964,0.502324377043174,1.6958999999999997,1,1.6958999999999997,6.0,inf
880,4,0.528882476562849,-0.04707293458777964,0.502324377043174,1.6958999999999997,1,1.6958999999999997,6.0,inf
880,5,0.528882476562849,-0.04707293458777964,0.502324377043174,1.6958999999999997,1,1.6958999999999997,6.0,inf
881,0,-0.9454856624734753,0.4043475792217968,-1.171695825157923,3.2034,1,3.2034,6.0,inf
881,1,-0.9454856624734753,0.4043475792217968,-1.171695825157923,3.2034,1,3.2034,6.0,inf
881,2,-0.9454856624734753,0.4043475792217968,-1.171695825157923,3.2034,1,3.2034,6.0,inf
881,3,-0.9454856624734753,0.4043475792217968,-1.171695825157923,3.2034,1,3.2034,6.0,inf
881,4,-0.9454856624734753,0.4043475792217968,-1.171695825157923,3.2034,1,3.2034,6.0,inf
881,5,-0.9454856624734753,0.4043475792217968,-1.171695825157923,3.2034,1,3.2034,6.0,inf
882,0,0.006461028730651234,-0.5107340762810638,0.7454050032455549,1.9574999999999998,1,1.9574999999999998,6.0,inf
882,1,0.006461028730651234,-0.5107340762810638,0.7454050032455549,1.9574999999999998,1,1.9574999999999998,6.0,inf
882,2,0.006461028730651234,-0.5107340762810638,0.7454050032455549,1.9574999999999998,1,1.9574999999999998,6.0,inf
882,3,0.006461028730651234,-0.5107340762810638,0.7454050032455549,1.9574999999999998,1,1.9574999999999998,6.0,inf
882,4,0.006461028730651234,-0.5107340762810638,0.7454050032455549,1.9574999999999998,1,1.9574999999999998,6.0,inf
882,5,0.006461028730651234,-0.5107340762810638,0.7454050032455549,1.9574999999999998,1,1.9574999999999998,6.0,inf
883,0,0.39487079035258066,1.4129368533161697,0.2508908923508475,1.4907,1,1.4907,6.0,inf
883,1,0.39487079035258066,1.4129368533161697,0.2508908923508475,1.4907,1,1.4907,6.0,inf
883,2,0.39487079035258066,1.4129368533161697,0.2508908923508475,1.4907,1,1.4907,6.0,inf
883,3,0.39487079035258066,1.4129368533161697,0.2508908923508475,1.4907,1,1.4907,6.0,inf
883,4,0.39487079035258066,1.4129368533161697,0.2508908923508475,1.4907,1,1.4907,6.0,inf
883,5,0.39487079035258066,1.4129368533161697,0.2508908923508475,1.4907,1,1.4907,6.0,inf
884,0,1.2317545606419433,0.0960240560795773,-2.4501475195172233,3.5538,1,3.5538,6.0,inf
884,1,1.2317545606419433,0.0960240560795773,-2.4501475195172233,3.5538,1,3.5538,6.0,inf
884,2,1.2317545606419433,0.0960240560795773,-2.4501475195172233,3.5538,1,3.5538,6.0,inf
884,3,1.2317545606419433,0.0960240560795773,-2.4501475195172233,3.5538,1,3.5538,6.0,inf
884,4,1.2317545606419433,0.0960240560795773,-2.4501475195172233,3.5538,1,3.5538,6.0,inf
884,5,1.2317545606419433,0.0960240560795773,-2.4501475195172233,3.5538,1,3.5538,6.0,inf
885,0,-0.18112359830063296,0.4513637784807119,-1.0196061632590796,3.6638999999999995,1,3.6638999999999995,6.0,inf
885,1,-0.18112359830063296,0.4513637784807119,-1.0196061632590796,3.6638999999999995,1,3.6638999999999995,6.0,inf
885,2,-0.18112359830063296,0.4513637784807119,-1.0196061632590796,3.6638999999999995,1,3.6638999999999995,6.0,inf
885,3,-0.18112359830063296,0.4513637784807119,-1.0196061632590796,3.6638999999999995,1,3.6638999999999995,6.0,inf
885,4,-0.18112359830063296,0.4513637784807119,-1.0196061632590796,3.6638999999999995,1,3.6638999999999995,6.0,inf
885,5,-0.18112359830063296,0.4513637784807119,-1.0196061632590796,3.6638999999999995,1,3.6638999999999995,6.0,inf
886,0,-0.9662392333544793,0.35985584948359867,1.7098272424289505,1.3779,1,1.3779,6.0,inf
886,1,-0.9662392333544793,0.35985584948359867,1.7098272424289505,1.3779,1,1.3779,6.0,inf
886,2,-0.9662392333544793,0.35985584948359867,1.7098272424289505,1.3779,1,1.3779,6.0,inf
886,3,-0.9662392333544793,0.35985584948359867,1.7098272424289505,1.3779,1,1.3779,6.0,inf
886,4,-0.9662392333544793,0.35985584948359867,1.7098272424289505,1.3779,1,1.3779,6.0,inf
886,5,-0.9662392333544793,0.35985584948359867,1.7098272424289505,1.3779,1,1.3779,6.0,inf
887,0,-1.0449258565169592,0.2931045036187688,0.6183295683261596,3.8771999999999998,1,3.8771999999999998,6.0,inf
887,1,-1.0449258565169592,0.2931045036187688,0.6183295683261596,3.8771999999999998,1,3.8771999999999998,6.0,inf
887,2,-1.0449258565169592,0.2931045036187688,0.6183295683261596,3.8771999999999998,1,3.8771999999999998,6.0,inf
887,3,-1.0449258565169592,0.2931045036187688,0.6183295683261596,3.8771999999999998,1,3.8771999999999998,6.0,inf
887,4,-1.0449258565169592,0.2931045036187688,0.6183295683261596,3.8771999999999998,1,3.8771999999999998,6.0,inf
887,5,-1.0449258565169592,0.2931045036187688,0.6183295683261596,3.8771999999999998,1,3.8771999999999998,6.0,inf
888,0,-0.2009993054050789,0.32577459441920775,0.16806371870210068,1.2329999999999999,1,1.2329999999999999,6.0,inf
888,1,-0.2009993054050789,0.32577459441920775,0.16806371870210068,1.2329999999999999,1,1.2329999999999999,6.0,inf
888,2,-0.2009993054050789,0.32577459441920775,0.16806371870210068,1.2329999999999999,1,1.2329999999999999,6.0,inf
888,3,-0.2009993054050789,0.32577459441920775,0.16806371870210068,1.2329999999999999,1,1.2329999999999999,6.0,inf
888,4,-0.2009993054050789,0.32577459441920775,0.16806371870210068,1.2329999999999999,1,1.2329999999999999,6.0,inf
888,5,-0.2009993054050789,0.32577459441920775,0.16806371870210068,1.2329999999999999,1,1.2329999999999999,6.0,inf
889,0,-1.1489223980783447,0.9057267603432786,0.03877414770222732,2.5359,1,2.5359,6.0,inf
889,1,-1.1489223980783447,0.9057267603432786,0.03877414770222732,2.5359,1,2.5359,6.0,inf
889,2,-1.1489223980783447,0.9057267603432786,0.03877414770222732,2.5359,1,2.5359,6.0,inf
889,3,-1.1489223980783447,0.9057267603432786,0.03877414770222732,2.5359,1,2.5359,6.0,inf
889,4,-1.1489223980783447,0.9057267603432786,0.03877414770222732,2.5359,1,2.5359,6.0,inf
889,5,-1.1489223980783447,0.9057267603432786,0.03877414770222732,2.5359,1,2.5359,6.0,inf
890,0,-0.6162996922981602,0.18463266782885826,1.5020452609551345,2.0286,1,2.0286,6.0,inf
890,1,-0.6162996922981602,0.18463266782885826,1.5020452609551345,2.0286,1,2.0286,6.0,inf
890,2,-0.6162996922981602,0.18463266782885826,1.5020452609551345,2.0286,1,2.0286,6.0,inf
890,3,-0.6162996922981602,0.18463266782885826,1.5020452609551345,2.0286,1,2.0286,6.0,inf
890,4,-0.6162996922981602,0.18463266782885826,1.5020452609551345,2.0286,1,2.0286,6.0,inf
890,5,-0.6162996922981602,0.18463266782885826,1.5020452609551345,2.0286,1,2.0286,6.0,inf
891,0,0.5995901075077339,0.07755965295732938,1.2971147143722326,1.5455999999999999,1,1.5455999999999999,6.0,inf
891,1,0.5995901075077339,0.07755965295732938,1.2971147143722326,1.5455999999999999,1,1.5455999999999999,6.0,inf
891,2,0.5995901075077339,0.07755965295732938,1.2971147143722326,1.5455999999999999,1,1.5455999999999999,6.0,inf
891,3,0.5995901075077339,0.07755965295732938,1.2971147143722326,1.5455999999999999,1,1.5455999999999999,6.0,inf
891,4,0.5995901075077339,0.07755965295732938,1.2971147143722326,1.5455999999999999,1,1.5455999999999999,6.0,inf
891,5,0.5995901075077339,0.07755965295732938,1.2971147143722326,1.5455999999999999,1,1.5455999999999999,6.0,inf
892,0,0.03307889138095708,-1.1108328317263712,0.2144980999445166,4.008,1,4.008,6.0,inf
892,1,0.03307889138095708,-1.1108328317263712,0.2144980999445166,4.008,1,4.008,6.0,inf
892,2,0.03307889138095708,-1.1108328317263712,0.2144980999445166,4.008,1,4.008,6.0,inf
892,3,0.03307889138095708,-1.1108328317263712,0.2144980999445166,4.008,1,4.008,6.0,inf
892,4,0.03307889138095708,-1.1108328317263712,0.2144980999445166,4.008,1,4.008,6.0,inf
892,5,0.03307889138095708,-1.1108328317263712,0.2144980999445166,4.008,1,4.008,6.0,inf
893,0,1.268775327421729,0.1588523380619864,1.1999468227531431,1.5623999999999998,1,1.5623999999999998,6.0,inf
893,1,1.268775327421729,0.1588523380619864,1.1999468227531431,1.5623999999999998,1,1.5623999999999998,6.0,inf
893,2,1.268775327421729,0.1588523380619864,1.1999468227531431,1.5623999999999998,1,1.5623999999999998,6.0,inf
893,3,1.268775327421729,0.1588523380619864,1.1999468227531431,1.5623999999999998,1,1.5623999999999998,6.0,inf
893,4,1.268775327421729,0.1588523380619864,1.1999468227531431,1.5623999999999998,1,1.5623999999999998,6.0,inf
893,5,1.268775327421729,0.1588523380619864,1.1999468227531431,1.5623999999999998,1,1.5623999999999998,6.0,inf
894,0,1.8159526066412233,0.774820332491916,0.16071888209075533,1.5293999999999999,1,1.5293999999999999,6.0,inf
894,1,1.8159526066412233,0.774820332491916,0.16071888209075533,1.5293999999999999,1,1.5293999999999999,6.0,inf
894,2,1.8159526066412233,0.774820332491916,0.16071888209075533,1.5293999999999999,1,1.5293999999999999,6.0,inf
894,3,1.8159526066412233,0.774820332491916,0.16071888209075533,1.5293999999999999,1,1.5293999999999999,6.0,inf
894,4,1.8159526066412233,0.774820332491916,0.16071888209075533,1.5293999999999999,1,1.5293999999999999,6.0,inf
894,5,1.8159526066412233,0.774820332491916,0.16071888209075533,1.5293999999999999,1,1.5293999999999999,6.0,inf
895,0,-0.0487125916600347,1.0256488673697328,-1.6802910701100675,5.990099999999999,1,5.990099999999999,6.0,inf
895,1,-0.0487125916600347,1.0256488673697328,-1.6802910701100675,5.990099999999999,1,5.990099999999999,6.0,inf
895,2,-0.0487125916600347,1.0256488673697328,-1.6802910701100675,5.990099999999999,1,5.990099999999999,6.0,inf
895,3,-0.0487125916600347,1.0256488673697328,-1.6802910701100675,5.990099999999999,1,5.990099999999999,6.0,inf
895,4,-0.0487125916600347,1.0256488673697328,-1.6802910701100675,5.990099999999999,1,5.990099999999999,6.0,inf
895,5,-0.0487125916600347,1.0256488673697328,-1.6802910701100675,5.990099999999999,1,5.990099999999999,6.0,inf
896,0,0.8639702926055245,-0.7149544818793334,-0.6913192007444053,4.142099999999999,1,4.142099999999999,6.0,inf
896,1,0.8639702926055245,-0.7149544818793334,-0.6913192007444053,4.142099999999999,1,4.142099999999999,6.0,inf
896,2,0.8639702926055245,-0.7149544818793334,-0.6913192007444053,4.142099999999999,1,4.142099999999999,6.0,inf
896,3,0.8639702926055245,-0.7149544818793334,-0.6913192007444053,4.142099999999999,1,4.142099999999999,6.0,inf
896,4,0.8639702926055245,-0.7149544818793334,-0.6913192007444053,4.142099999999999,1,4.142099999999999,6.0,inf
896,5,0.8639702926055245,-0.7149544818793334,-0.6913192007444053,4.142099999999999,1,4.142099999999999,6.0,inf
897,0,-0.12261870886252033,0.27293761011014067,1.8492758878773423,1.5171,1,1.5171,6.0,inf
897,1,-0.12261870886252033,0.27293761011014067,1.8492758878773423,1.5171,1,1.5171,6.0,inf
897,2,-0.12261870886252033,0.27293761011014067,1.8492758878773423,1.5171,1,1.5171,6.0,inf
897,3,-0.12261870886252033,0.27293761011014067,1.8492758878773423,1.5171,1,1.5171,6.0,inf
897,4,-0.12261870886252033,0.27293761011014067,1.8492758878773423,1.5171,1,1.5171,6.0,inf
897,5,-0.12261870886252033,0.27293761011014067,1.8492758878773423,1.5171,1,1.5171,6.0,inf
898,0,0.9200643912752787,-1.852087686325966,0.8745674061043348,2.4869999999999997,1,2.4869999999999997,6.0,inf
898,1,0.9200643912752787,-1.852087686325966,0.8745674061043348,2.4869999999999997,1,2.4869999999999997,6.0,inf
898,2,0.9200643912752787,-1.852087686325966,0.8745674061043348,2.4869999999999997,1,2.4869999999999997,6.0,inf
898,3,0.9200643912752787,-1.852087686325966,0.8745674061043348,2.4869999999999997,1,2.4869999999999997,6.0,inf
898,4,0.9200643912752787,-1.852087686325966,0.8745674061043348,2.4869999999999997,1,2.4869999999999997,6.0,inf
898,5,0.9200643912752787,-1.852087686325966,0.8745674061043348,2.4869999999999997,1,2.4869999999999997,6.0,inf
899,0,-0.30429788779901323,-0.23699082039307745,-0.24178317990819784,3.4151999999999996,1,3.4151999999999996,6.0,inf
899,1,-0.30429788779901323,-0.23699082039307745,-0.24178317990819784,3.4151999999999996,1,3.4151999999999996,6.0,inf
899,2,-0.30429788779901323,-0.23699082039307745,-0.24178317990819784,3.4151999999999996,1,3.4151999999999996,6.0,inf
899,3,-0.30429788779901323,-0.23699082039307745,-0.24178317990819784,3.4151999999999996,1,3.4151999999999996,6.0,inf
899,4,-0.30429788779901323,-0.23699082039307745,-0.24178317990819784,3.4151999999999996,1,3.4151999999999996,6.0,inf
899,5,-0.30429788779901323,-0.23699082039307745,-0.24178317990819784,3.4151999999999996,1,3.4151999999999996,6.0,inf
900,0,-1.8758769152028676,-0.6603499769107324,0.9857466323278486,6.0,0,8.0001,6.0,inf
900,1,-1.8758769152028676,-0.6603499769107324,0.9857466323278486,6.0,0,8.0001,6.0,inf
900,2,-1.8758769152028676,-0.6603499769107324,0.9857466323278486,6.0,0,8.0001,6.0,inf
900,3,-1.8758769152028676,-0.6603499769107324,0.9857466323278486,6.0,0,8.0001,6.0,inf
900,4,-1.8758769152028676,-0.6603499769107324,0.9857466323278486,6.0,0,8.0001,6.0,inf
900,5,-1.8758769152028676,-0.6603499769107324,0.9857466323278486,6.0,0,8.0001,6.0,inf
901,0,0.5032534034608721,0.016675971613951606,-1.179258142505509,4.5924,1,4.5924,6.0,inf
901,1,0.5032534034608721,0.016675971613951606,-1.179258142505509,4.5924,1,4.5924,6.0,inf
901,2,0.5032534034608721,0.016675971613951606,-1.179258142505509,4.5924,1,4.5924,6.0,inf
901,3,0.5032534034608721,0.016675971613951606,-1.179258142505509,4.5924,1,4.5924,6.0,inf
901,4,0.5032534034608721,0.016675971613951606,-1.179258142505509,4.5924,1,4.5924,6.0,inf
901,5,0.5032534034608721,0.016675971613951606,-1.179258142505509,4.5924,1,4.5924,6.0,inf
902,0,0.49153864538809705,-0.34290039757344803,-0.2679100215719692,0.7004999999999999,1,0.7004999999999999,6.0,inf
902,1,0.49153864538809705,-0.34290039757344803,-0.2679100215719692,0.7004999999999999,1,0.7004999999999999,6.0,inf
902,2,0.49153864538809705,-0.34290039757344803,-0.2679100215719692,0.7004999999999999,1,0.7004999999999999,6.0,inf
902,3,0.49153864538809705,-0.34290039757344803,-0.2679100215719692,0.7004999999999999,1,0.7004999999999999,6.0,inf
902,4,0.49153864538809705,-0.34290039757344803,-0.2679100215719692,0.7004999999999999,1,0.7004999999999999,6.0,inf
902,5,0.49153864538809705,-0.34290039757344803,-0.2679100215719692,0.7004999999999999,1,0.7004999999999999,6.0,inf
903,0,-0.7443315546409681,-0.1542134942907653,-0.44652588241986924,6.0,0,6.6144,6.0,inf
903,1,-0.7443315546409681,-0.1542134942907653,-0.44652588241986924,6.0,0,6.6144,6.0,inf
903,2,-0.7443315546409681,-0.1542134942907653,-0.44652588241986924,6.0,0,6.6144,6.0,inf
903,3,-0.7443315546409681,-0.1542134942907653,-0.44652588241986924,6.0,0,6.6144,6.0,inf
903,4,-0.7443315546409681,-0.1542134942907653,-0.44652588241986924,6.0,0,6.6144,6.0,inf
903,5,-0.7443315546409681,-0.1542134942907653,-0.44652588241986924,6.0,0,6.6144,6.0,inf
904,0,0.3342227515380943,1.1776803790174648,-0.38656026315720254,2.2070999999999996,1,2.2070999999999996,6.0,inf
904,1,0.3342227515380943,1.1776803790174648,-0.38656026315720254,2.2070999999999996,1,2.2070999999999996,6.0,inf
904,2,0.3342227515380943,1.1776803790174648,-0.38656026315720254,2.2070999999999996,1,2.2070999999999996,6.0,inf
904,3,0.3342227515380943,1.1776803790174648,-0.38656026315720254,2.2070999999999996,1,2.2070999999999996,6.0,inf
904,4,0.3342227515380943,1.1776803790174648,-0.38656026315720254,2.2070999999999996,1,2.2070999999999996,6.0,inf
904,5,0.3342227515380943,1.1776803790174648,-0.38656026315720254,2.2070999999999996,1,2.2070999999999996,6.0,inf
905,0,0.5593291771897491,-0.5535813833946933,-0.7019306208395805,3.0467999999999997,1,3.0467999999999997,6.0,inf
905,1,0.5593291771897491,-0.5535813833946933,-0.7019306208395805,3.0467999999999997,1,3.0467999999999997,6.0,inf
905,2,0.5593291771897491,-0.5535813833946933,-0.7019306208395805,3.0467999999999997,1,3.0467999999999997,6.0,inf
905,3,0.5593291771897491,-0.5535813833946933,-0.7019306208395805,3.0467999999999997,1,3.0467999999999997,6.0,inf
905,4,0.5593291771897491,-0.5535813833946933,-0.7019306208395805,3.0467999999999997,1,3.0467999999999997,6.0,inf
905,5,0.5593291771897491,-0.5535813833946933,-0.7019306208395805,3.0467999999999997,1,3.0467999999999997,6.0,inf
906,0,-0.14740558015717728,-1.1481806545212174,0.6806547650061795,4.6872,1,4.6872,6.0,inf
906,1,-0.14740558015717728,-1.1481806545212174,0.6806547650061795,4.6872,1,4.6872,6.0,inf
906,2,-0.14740558015717728,-1.1481806545212174,0.6806547650061795,4.6872,1,4.6872,6.0,inf
906,3,-0.14740558015717728,-1.1481806545212174,0.6806547650061795,4.6872,1,4.6872,6.0,inf
906,4,-0.14740558015717728,-1.1481806545212174,0.6806547650061795,4.6872,1,4.6872,6.0,inf
906,5,-0.14740558015717728,-1.1481806545212174,0.6806547650061795,4.6872,1,4.6872,6.0,inf
907,0,2.6179780346945147,0.3229723977670282,-0.0029104366881576795,0.8468999999999999,1,0.8468999999999999,6.0,inf
907,1,2.6179780346945147,0.3229723977670282,-0.0029104366881576795,0.8468999999999999,1,0.8468999999999999,6.0,inf
907,2,2.6179780346945147,0.3229723977670282,-0.0029104366881576795,0.8468999999999999,1,0.8468999999999999,6.0,inf
907,3,2.6179780346945147,0.3229723977670282,-0.0029104366881576795,0.8468999999999999,1,0.8468999999999999,6.0,inf
907,4,2.6179780346945147,0.3229723977670282,-0.0029104366881576795,0.8468999999999999,1,0.8468999999999999,6.0,inf
907,5,2.6179780346945147,0.3229723977670282,-0.0029104366881576795,0.8468999999999999,1,0.8468999999999999,6.0,inf
908,0,-0.17304879905480297,-0.27547422486771483,2.9211893897527004,0.7646999999999999,1,0.7646999999999999,6.0,inf
908,1,-0.17304879905480297,-0.27547422486771483,2.9211893897527004,0.7646999999999999,1,0.7646999999999999,6.0,inf
908,2,-0.17304879905480297,-0.27547422486771483,2.9211893897527004,0.7646999999999999,1,0.7646999999999999,6.0,inf
908,3,-0.17304879905480297,-0.27547422486771483,2.9211893897527004,0.7646999999999999,1,0.7646999999999999,6.0,inf
908,4,-0.17304879905480297,-0.27547422486771483,2.9211893897527004,0.7646999999999999,1,0.7646999999999999,6.0,inf
908,5,-0.17304879905480297,-0.27547422486771483,2.9211893897527004,0.7646999999999999,1,0.7646999999999999,6.0,inf
909,0,-0.5985201164077827,-1.365684251775692,-0.7175867632418225,6.0,0,7.150799999999999,6.0,inf
909,1,-0.5985201164077827,-1.365684251775692,-0.7175867632418225,6.0,0,7.150799999999999,6.0,inf
909,2,-0.5985201164077827,-1.365684251775692,-0.7175867632418225,6.0,0,7.150799999999999,6.0,inf
909,3,-0.5985201164077827,-1.365684251775692,-0.7175867632418225,6.0,0,7.150799999999999,6.0,inf
909,4,-0.5985201164077827,-1.365684251775692,-0.7175867632418225,6.0,0,7.150799999999999,6.0,inf
909,5,-0.5985201164077827,-1.365684251775692,-0.7175867632418225,6.0,0,7.150799999999999,6.0,inf
910,0,-0.4670921238478882,-0.03377989559237879,-0.7607425715865218,3.1091999999999995,1,3.1091999999999995,6.0,inf
910,1,-0.4670921238478882,-0.03377989559237879,-0.7607425715865218,3.1091999999999995,1,3.1091999999999995,6.0,inf
910,2,-0.4670921238478882,-0.03377989559237879,-0.7607425715865218,3.1091999999999995,1,3.1091999999999995,6.0,inf
910,3,-0.4670921238478882,-0.03377989559237879,-0.7607425715865218,3.1091999999999995,1,3.1091999999999995,6.0,inf
910,4,-0.4670921238478882,-0.03377989559237879,-0.7607425715865218,3.1091999999999995,1,3.1091999999999995,6.0,inf
910,5,-0.4670921238478882,-0.03377989559237879,-0.7607425715865218,3.1091999999999995,1,3.1091999999999995,6.0,inf
911,0,0.141641565517453,-0.18017003998856987,2.5914656512921277,1.1478,1,1.1478,6.0,inf
911,1,0.141641565517453,-0.18017003998856987,2.5914656512921277,1.1478,1,1.1478,6.0,inf
911,2,0.141641565517453,-0.18017003998856987,2.5914656512921277,1.1478,1,1.1478,6.0,inf
911,3,0.141641565517453,-0.18017003998856987,2.5914656512921277,1.1478,1,1.1478,6.0,inf
911,4,0.141641565517453,-0.18017003998856987,2.5914656512921277,1.1478,1,1.1478,6.0,inf
911,5,0.141641565517453,-0.18017003998856987,2.5914656512921277,1.1478,1,1.1478,6.0,inf
912,0,0.17297006688012093,0.9057433971840501,1.823268451503572,1.2899999999999998,1,1.2899999999999998,6.0,inf
912,1,0.17297006688012093,0.9057433971840501,1.823268451503572,1.2899999999999998,1,1.2899999999999998,6.0,inf
912,2,0.17297006688012093,0.9057433971840501,1.823268451503572,1.2899999999999998,1,1.2899999999999998,6.0,inf
912,3,0.17297006688012093,0.9057433971840501,1.823268451503572,1.2899999999999998,1,1.2899999999999998,6.0,inf
912,4,0.17297006688012093,0.9057433971840501,1.823268451503572,1.2899999999999998,1,1.2899999999999998,6.0,inf
912,5,0.17297006688012093,0.9057433971840501,1.823268451503572,1.2899999999999998,1,1.2899999999999998,6.0,inf
913,0,0.8199224484576116,-0.7038960351061553,-0.10325145283215055,3.0174,1,3.0174,6.0,inf
913,1,0.8199224484576116,-0.7038960351061553,-0.10325145283215055,3.0174,1,3.0174,6.0,inf
913,2,0.8199224484576116,-0.7038960351061553,-0.10325145283215055,3.0174,1,3.0174,6.0,inf
913,3,0.8199224484576116,-0.7038960351061553,-0.10325145283215055,3.0174,1,3.0174,6.0,inf
913,4,0.8199224484576116,-0.7038960351061553,-0.10325145283215055,3.0174,1,3.0174,6.0,inf
913,5,0.8199224484576116,-0.7038960351061553,-0.10325145283215055,3.0174,1,3.0174,6.0,inf
914,0,-0.13624094997330075,0.322742127152203,-0.774952216572788,5.666099999999999,1,5.666099999999999,6.0,inf
914,1,-0.13624094997330075,0.322742127152203,-0.774952216572788,5.666099999999999,1,5.666099999999999,6.0,inf
914,2,-0.13624094997330075,0.322742127152203,-0.774952216572788,5.666099999999999,1,5.666099999999999,6.0,inf
914,3,-0.13624094997330075,0.322742127152203,-0.774952216572788,5.666099999999999,1,5.666099999999999,6.0,inf
914,4,-0.13624094997330075,0.322742127152203,-0.774952216572788,5.666099999999999,1,5.666099999999999,6.0,inf
914,5,-0.13624094997330075,0.322742127152203,-0.774952216572788,5.666099999999999,1,5.666099999999999,6.0,inf
915,0,0.6647697568810383,0.36075452185610807,-0.012675893772698968,2.0486999999999997,1,2.0486999999999997,6.0,inf
915,1,0.6647697568810383,0.36075452185610807,-0.012675893772698968,2.0486999999999997,1,2.0486999999999997,6.0,inf
915,2,0.6647697568810383,0.36075452185610807,-0.012675893772698968,2.0486999999999997,1,2.0486999999999997,6.0,inf
915,3,0.6647697568810383,0.36075452185610807,-0.012675893772698968,2.0486999999999997,1,2.0486999999999997,6.0,inf
915,4,0.6647697568810383,0.36075452185610807,-0.012675893772698968,2.0486999999999997,1,2.0486999999999997,6.0,inf
915,5,0.6647697568810383,0.36075452185610807,-0.012675893772698968,2.0486999999999997,1,2.0486999999999997,6.0,inf
916,0,-1.238646353365771,-1.6969654813119308,-0.5694877511540565,6.0,0,8.0001,6.0,inf
916,1,-1.238646353365771,-1.6969654813119308,-0.5694877511540565,6.0,0,8.0001,6.0,inf
916,2,-1.238646353365771,-1.6969654813119308,-0.5694877511540565,6.0,0,8.0001,6.0,inf
916,3,-1.238646353365771,-1.6969654813119308,-0.5694877511540565,6.0,0,8.0001,6.0,inf
916,4,-1.238646353365771,-1.6969654813119308,-0.5694877511540565,6.0,0,8.0001,6.0,inf
916,5,-1.238646353365771,-1.6969654813119308,-0.5694877511540565,6.0,0,8.0001,6.0,inf
917,0,0.5450918174649857,0.5061559979045595,0.9922333782750392,1.6863,1,1.6863,6.0,inf
917,1,0.5450918174649857,0.5061559979045595,0.9922333782750392,1.6863,1,1.6863,6.0,inf
917,2,0.5450918174649857,0.5061559979045595,0.9922333782750392,1.6863,1,1.6863,6.0,inf
917,3,0.5450918174649857,0.5061559979045595,0.9922333782750392,1.6863,1,1.6863,6.0,inf
917,4,0.5450918174649857,0.5061559979045595,0.9922333782750392,1.6863,1,1.6863,6.0,inf
917,5,0.5450918174649857,0.5061559979045595,0.9922333782750392,1.6863,1,1.6863,6.0,inf
918,0,0.6126103185493451,1.699093866578273,1.0994391620851998,0.5450999999999999,1,0.5450999999999999,6.0,inf
918,1,0.6126103185493451,1.699093866578273,1.0994391620851998,0.5450999999999999,1,0.5450999999999999,6.0,inf
918,2,0.6126103185493451,1.699093866578273,1.0994391620851998,0.5450999999999999,1,0.5450999999999999,6.0,inf
918,3,0.6126103185493451,1.699093866578273,1.0994391620851998,0.5450999999999999,1,0.5450999999999999,6.0,inf
918,4,0.6126103185493451,1.699093866578273,1.0994391620851998,0.5450999999999999,1,0.5450999999999999,6.0,inf
918,5,0.6126103185493451,1.699093866578273,1.0994391620851998,0.5450999999999999,1,0.5450999999999999,6.0,inf
919,0,-0.5184719767207221,-1.1976333601345406,-0.052628722978722196,5.4963,1,5.4963,6.0,inf
919,1,-0.5184719767207221,-1.1976333601345406,-0.052628722978722196,5.4963,1,5.4963,6.0,inf
919,2,-0.5184719767207221,-1.1976333601345406,-0.052628722978722196,5.4963,1,5.4963,6.0,inf
919,3,-0.5184719767207221,-1.1976333601345406,-0.052628722978722196,5.4963,1,5.4963,6.0,inf
919,4,-0.5184719767207221,-1.1976333601345406,-0.052628722978722196,5.4963,1,5.4963,6.0,inf
919,5,-0.5184719767207221,-1.1976333601345406,-0.052628722978722196,5.4963,1,5.4963,6.0,inf
920,0,0.15648559149500416,-0.9999510287095602,0.928856539700452,3.501,1,3.501,6.0,inf
920,1,0.15648559149500416,-0.9999510287095602,0.928856539700452,3.501,1,3.501,6.0,inf
920,2,0.15648559149500416,-0.9999510287095602,0.928856539700452,3.501,1,3.501,6.0,inf
920,3,0.15648559149500416,-0.9999510287095602,0.928856539700452,3.501,1,3.501,6.0,inf
920,4,0.15648559149500416,-0.9999510287095602,0.928856539700452,3.501,1,3.501,6.0,inf
920,5,0.15648559149500416,-0.9999510287095602,0.928856539700452,3.501,1,3.501,6.0,inf
921,0,-2.440176823216827,-0.8200009286700587,0.022597976323340624,6.0,0,8.0001,6.0,inf
921,1,-2.440176823216827,-0.8200009286700587,0.022597976323340624,6.0,0,8.0001,6.0,inf
921,2,-2.440176823216827,-0.8200009286700587,0.022597976323340624,6.0,0,8.0001,6.0,inf
921,3,-2.440176823216827,-0.8200009286700587,0.022597976323340624,6.0,0,8.0001,6.0,inf
921,4,-2.440176823216827,-0.8200009286700587,0.022597976323340624,6.0,0,8.0001,6.0,inf
921,5,-2.440176823216827,-0.8200009286700587,0.022597976323340624,6.0,0,8.0001,6.0,inf
922,0,-0.6256239468882113,-0.0069227798803718375,-0.04045380661539221,2.5526999999999997,1,2.5526999999999997,6.0,inf
922,1,-0.6256239468882113,-0.0069227798803718375,-0.04045380661539221,2.5526999999999997,1,2.5526999999999997,6.0,inf
922,2,-0.6256239468882113,-0.0069227798803718375,-0.04045380661539221,2.5526999999999997,1,2.5526999999999997,6.0,inf
922,3,-0.6256239468882113,-0.0069227798803718375,-0.04045380661539221,2.5526999999999997,1,2.5526999999999997,6.0,inf
922,4,-0.6256239468882113,-0.0069227798803718375,-0.04045380661539221,2.5526999999999997,1,2.5526999999999997,6.0,inf
922,5,-0.6256239468882113,-0.0069227798803718375,-0.04045380661539221,2.5526999999999997,1,2.5526999999999997,6.0,inf
923,0,0.21870876730786565,-0.2996486085505399,-1.5359435394266574,3.3026999999999997,1,3.3026999999999997,6.0,inf
923,1,0.21870876730786565,-0.2996486085505399,-1.5359435394266574,3.3026999999999997,1,3.3026999999999997,6.0,inf
923,2,0.21870876730786565,-0.2996486085505399,-1.5359435394266574,3.3026999999999997,1,3.3026999999999997,6.0,inf
923,3,0.21870876730786565,-0.2996486085505399,-1.5359435394266574,3.3026999999999997,1,3.3026999999999997,6.0,inf
923,4,0.21870876730786565,-0.2996486085505399,-1.5359435394266574,3.3026999999999997,1,3.3026999999999997,6.0,inf
923,5,0.21870876730786565,-0.2996486085505399,-1.5359435394266574,3.3026999999999997,1,3.3026999999999997,6.0,inf
924,0,-0.9408657163945361,-0.7565675497555477,1.28292843333279,4.832999999999999,1,4.832999999999999,6.0,inf
924,1,-0.9408657163945361,-0.7565675497555477,1.28292843333279,4.832999999999999,1,4.832999999999999,6.0,inf
924,2,-0.9408657163945361,-0.7565675497555477,1.28292843333279,4.832999999999999,1,4.832999999999999,6.0,inf
924,3,-0.9408657163945361,-0.7565675497555477,1.28292843333279,4.832999999999999,1,4.832999999999999,6.0,inf
924,4,-0.9408657163945361,-0.7565675497555477,1.28292843333279,4.832999999999999,1,4.832999999999999,6.0,inf
924,5,-0.9408657163945361,-0.7565675497555477,1.28292843333279,4.832999999999999,1,4.832999999999999,6.0,inf
925,0,0.06621071819081115,-0.33887683644137767,-0.6245077815818504,4.4456999999999995,1,4.4456999999999995,6.0,inf
925,1,0.06621071819081115,-0.33887683644137767,-0.6245077815818504,4.4456999999999995,1,4.4456999999999995,6.0,inf
925,2,0.06621071819081115,-0.33887683644137767,-0.6245077815818504,4.4456999999999995,1,4.4456999999999995,6.0,inf
925,3,0.06621071819081115,-0.33887683644137767,-0.6245077815818504,4.4456999999999995,1,4.4456999999999995,6.0,inf
925,4,0.06621071819081115,-0.33887683644137767,-0.6245077815818504,4.4456999999999995,1,4.4456999999999995,6.0,inf
925,5,0.06621071819081115,-0.33887683644137767,-0.6245077815818504,4.4456999999999995,1,4.4456999999999995,6.0,inf
926,0,-0.1277143736373453,-0.39103419750245044,-1.5879446568468865,6.0,0,8.0001,6.0,inf
926,1,-0.1277143736373453,-0.39103419750245044,-1.5879446568468865,6.0,0,8.0001,6.0,inf
926,2,-0.1277143736373453,-0.39103419750245044,-1.5879446568468865,6.0,0,8.0001,6.0,inf
926,3,-0.1277143736373453,-0.39103419750245044,-1.5879446568468865,6.0,0,8.0001,6.0,inf
926,4,-0.1277143736373453,-0.39103419750245044,-1.5879446568468865,6.0,0,8.0001,6.0,inf
926,5,-0.1277143736373453,-0.39103419750245044,-1.5879446568468865,6.0,0,8.0001,6.0,inf
927,0,0.5658835530804596,0.314544722921615,0.4564918091189293,1.0392,1,1.0392,6.0,inf
927,1,0.5658835530804596,0.314544722921615,0.4564918091189293,1.0392,1,1.0392,6.0,inf
927,2,0.5658835530804596,0.314544722921615,0.4564918091189293,1.0392,1,1.0392,6.0,inf
927,3,0.5658835530804596,0.314544722921615,0.4564918091189293,1.0392,1,1.0392,6.0,inf
927,4,0.5658835530804596,0.314544722921615,0.4564918091189293,1.0392,1,1.0392,6.0,inf
927,5,0.5658835530804596,0.314544722921615,0.4564918091189293,1.0392,1,1.0392,6.0,inf
928,0,-1.5340454847938305,0.11509827790267628,-2.032869613200745,6.0,0,8.0001,6.0,inf
928,1,-1.5340454847938305,0.11509827790267628,-2.032869613200745,6.0,0,8.0001,6.0,inf
928,2,-1.5340454847938305,0.11509827790267628,-2.032869613200745,6.0,0,8.0001,6.0,inf
928,3,-1.5340454847938305,0.11509827790267628,-2.032869613200745,6.0,0,8.0001,6.0,inf
928,4,-1.5340454847938305,0.11509827790267628,-2.032869613200745,6.0,0,8.0001,6.0,inf
928,5,-1.5340454847938305,0.11509827790267628,-2.032869613200745,6.0,0,8.0001,6.0,inf
929,0,0.17163280409428255,-1.2374879746811212,0.8689510138740938,3.2987999999999995,1,3.2987999999999995,6.0,inf
929,1,0.17163280409428255,-1.2374879746811212,0.8689510138740938,3.2987999999999995,1,3.2987999999999995,6.0,inf
929,2,0.17163280409428255,-1.2374879746811212,0.8689510138740938,3.2987999999999995,1,3.2987999999999995,6.0,inf
929,3,0.17163280409428255,-1.2374879746811212,0.8689510138740938,3.2987999999999995,1,3.2987999999999995,6.0,inf
929,4,0.17163280409428255,-1.2374879746811212,0.8689510138740938,3.2987999999999995,1,3.2987999999999995,6.0,inf
929,5,0.17163280409428255,-1.2374879746811212,0.8689510138740938,3.2987999999999995,1,3.2987999999999995,6.0,inf
930,0,1.5810924641582638,0.9692266017833138,0.29578200789842496,1.3763999999999998,1,1.3763999999999998,6.0,inf
930,1,1.5810924641582638,0.9692266017833138,0.29578200789842496,1.3763999999999998,1,1.3763999999999998,6.0,inf
930,2,1.5810924641582638,0.9692266017833138,0.29578200789842496,1.3763999999999998,1,1.3763999999999998,6.0,inf
930,3,1.5810924641582638,0.9692266017833138,0.29578200789842496,1.3763999999999998,1,1.3763999999999998,6.0,inf
930,4,1.5810924641582638,0.9692266017833138,0.29578200789842496,1.3763999999999998,1,1.3763999999999998,6.0,inf
930,5,1.5810924641582638,0.9692266017833138,0.29578200789842496,1.3763999999999998,1,1.3763999999999998,6.0,inf
931,0,0.33218433306362943,-0.9788866940320122,0.29238794017443687,0.7815,1,0.7815,6.0,inf
931,1,0.33218433306362943,-0.9788866940320122,0.29238794017443687,0.7815,1,0.7815,6.0,inf
931,2,0.33218433306362943,-0.9788866940320122,0.29238794017443687,0.7815,1,0.7815,6.0,inf
931,3,0.33218433306362943,-0.9788866940320122,0.29238794017443687,0.7815,1,0.7815,6.0,inf
931,4,0.33218433306362943,-0.9788866940320122,0.29238794017443687,0.7815,1,0.7815,6.0,inf
931,5,0.33218433306362943,-0.9788866940320122,0.29238794017443687,0.7815,1,0.7815,6.0,inf
932,0,0.05275483540843532,0.2970857475176766,-0.9209777444328342,5.241,1,5.241,6.0,inf
932,1,0.05275483540843532,0.2970857475176766,-0.9209777444328342,5.241,1,5.241,6.0,inf
932,2,0.05275483540843532,0.2970857475176766,-0.9209777444328342,5.241,1,5.241,6.0,inf
932,3,0.05275483540843532,0.2970857475176766,-0.9209777444328342,5.241,1,5.241,6.0,inf
932,4,0.05275483540843532,0.2970857475176766,-0.9209777444328342,5.241,1,5.241,6.0,inf
932,5,0.05275483540843532,0.2970857475176766,-0.9209777444328342,5.241,1,5.241,6.0,inf
933,0,0.18766216151510656,-0.0029653820918969656,0.3926081373879804,1.2674999999999998,1,1.2674999999999998,6.0,inf
933,1,0.18766216151510656,-0.0029653820918969656,0.3926081373879804,1.2674999999999998,1,1.2674999999999998,6.0,inf
933,2,0.18766216151510656,-0.0029653820918969656,0.3926081373879804,1.2674999999999998,1,1.2674999999999998,6.0,inf
933,3,0.18766216151510656,-0.0029653820918969656,0.3926081373879804,1.2674999999999998,1,1.2674999999999998,6.0,inf
933,4,0.18766216151510656,-0.0029653820918969656,0.3926081373879804,1.2674999999999998,1,1.2674999999999998,6.0,inf
933,5,0.18766216151510656,-0.0029653820918969656,0.3926081373879804,1.2674999999999998,1,1.2674999999999998,6.0,inf
934,0,0.47704033931206186,-2.247708463024442,1.51813063342644,1.5575999999999999,1,1.5575999999999999,6.0,inf
934,1,0.47704033931206186,-2.247708463024442,1.51813063342644,1.5575999999999999,1,1.5575999999999999,6.0,inf
934,2,0.47704033931206186,-2.247708463024442,1.51813063342644,1.5575999999999999,1,1.5575999999999999,6.0,inf
934,3,0.47704033931206186,-2.247708463024442,1.51813063342644,1.5575999999999999,1,1.5575999999999999,6.0,inf
934,4,0.47704033931206186,-2.247708463024442,1.51813063342644,1.5575999999999999,1,1.5575999999999999,6.0,inf
934,5,0.47704033931206186,-2.247708463024442,1.51813063342644,1.5575999999999999,1,1.5575999999999999,6.0,inf
935,0,-0.045427830024576635,-2.2256040736094036,0.15142863637513115,5.3667,1,5.3667,6.0,inf
935,1,-0.045427830024576635,-2.2256040736094036,0.15142863637513115,5.3667,1,5.3667,6.0,inf
935,2,-0.045427830024576635,-2.2256040736094036,0.15142863637513115,5.3667,1,5.3667,6.0,inf
935,3,-0.045427830024576635,-2.2256040736094036,0.15142863637513115,5.3667,1,5.3667,6.0,inf
935,4,-0.045427830024576635,-2.2256040736094036,0.15142863637513115,5.3667,1,5.3667,6.0,inf
935,5,-0.045427830024576635,-2.2256040736094036,0.15142863637513115,5.3667,1,5.3667,6.0,inf
936,0,2.1589665744661537,0.036347026388568036,-0.311865782353034,0.8855999999999999,1,0.8855999999999999,6.0,inf
936,1,2.1589665744661537,0.036347026388568036,-0.311865782353034,0.8855999999999999,1,0.8855999999999999,6.0,inf
936,2,2.1589665744661537,0.036347026388568036,-0.311865782353034,0.8855999999999999,1,0.8855999999999999,6.0,inf
936,3,2.1589665744661537,0.036347026388568036,-0.311865782353034,0.8855999999999999,1,0.8855999999999999,6.0,inf
936,4,2.1589665744661537,0.036347026388568036,-0.311865782353034,0.8855999999999999,1,0.8855999999999999,6.0,inf
936,5,2.1589665744661537,0.036347026388568036,-0.311865782353034,0.8855999999999999,1,0.8855999999999999,6.0,inf
937,0,-1.7232381669171157,0.35078991627740663,0.7301172593494029,4.3511999999999995,1,4.3511999999999995,6.0,inf
937,1,-1.7232381669171157,0.35078991627740663,0.7301172593494029,4.3511999999999995,1,4.3511999999999995,6.0,inf
937,2,-1.7232381669171157,0.35078991627740663,0.7301172593494029,4.3511999999999995,1,4.3511999999999995,6.0,inf
937,3,-1.7232381669171157,0.35078991627740663,0.7301172593494029,4.3511999999999995,1,4.3511999999999995,6.0,inf
937,4,-1.7232381669171157,0.35078991627740663,0.7301172593494029,4.3511999999999995,1,4.3511999999999995,6.0,inf
937,5,-1.7232381669171157,0.35078991627740663,0.7301172593494029,4.3511999999999995,1,4.3511999999999995,6.0,inf
938,0,0.30289007414713054,0.143221242240179,0.12753559331726008,2.0315999999999996,1,2.0315999999999996,6.0,inf
938,1,0.30289007414713054,0.143221242240179,0.12753559331726008,2.0315999999999996,1,2.0315999999999996,6.0,inf
938,2,0.30289007414713054,0.143221242240179,0.12753559331726008,2.0315999999999996,1,2.0315999999999996,6.0,inf
938,3,0.30289007414713054,0.143221242240179,0.12753559331726008,2.0315999999999996,1,2.0315999999999996,6.0,inf
938,4,0.30289007414713054,0.143221242240179,0.12753559331726008,2.0315999999999996,1,2.0315999999999996,6.0,inf
938,5,0.30289007414713054,0.143221242240179,0.12753559331726008,2.0315999999999996,1,2.0315999999999996,6.0,inf
939,0,0.3641984068062393,0.7531233675973731,0.8389305318210812,2.1978,1,2.1978,6.0,inf
939,1,0.3641984068062393,0.7531233675973731,0.8389305318210812,2.1978,1,2.1978,6.0,inf
939,2,0.3641984068062393,0.7531233675973731,0.8389305318210812,2.1978,1,2.1978,6.0,inf
939,3,0.3641984068062393,0.7531233675973731,0.8389305318210812,2.1978,1,2.1978,6.0,inf
939,4,0.3641984068062393,0.7531233675973731,0.8389305318210812,2.1978,1,2.1978,6.0,inf
939,5,0.3641984068062393,0.7531233675973731,0.8389305318210812,2.1978,1,2.1978,6.0,inf
940,0,0.28703245672808625,-0.08722059128747899,-1.2061257074262106,5.5812,1,5.5812,6.0,inf
940,1,0.28703245672808625,-0.08722059128747899,-1.2061257074262106,5.5812,1,5.5812,6.0,inf
940,2,0.28703245672808625,-0.08722059128747899,-1.2061257074262106,5.5812,1,5.5812,6.0,inf
940,3,0.28703245672808625,-0.08722059128747899,-1.2061257074262106,5.5812,1,5.5812,6.0,inf
940,4,0.28703245672808625,-0.08722059128747899,-1.2061257074262106,5.5812,1,5.5812,6.0,inf
940,5,0.28703245672808625,-0.08722059128747899,-1.2061257074262106,5.5812,1,5.5812,6.0,inf
941,0,-0.3400740045370018,1.5188493363173967,-1.0461244435589998,1.3628999999999998,1,1.3628999999999998,6.0,inf
941,1,-0.3400740045370018,1.5188493363173967,-1.0461244435589998,1.3628999999999998,1,1.3628999999999998,6.0,inf
941,2,-0.3400740045370018,1.5188493363173967,-1.0461244435589998,1.3628999999999998,1,1.3628999999999998,6.0,inf
941,3,-0.3400740045370018,1.5188493363173967,-1.0461244435589998,1.3628999999999998,1,1.3628999999999998,6.0,inf
941,4,-0.3400740045370018,1.5188493363173967,-1.0461244435589998,1.3628999999999998,1,1.3628999999999998,6.0,inf
941,5,-0.3400740045370018,1.5188493363173967,-1.0461244435589998,1.3628999999999998,1,1.3628999999999998,6.0,inf
942,0,-1.217609490059167,0.08583166367952959,-0.47143595217553236,5.0562,1,5.0562,6.0,inf
942,1,-1.217609490059167,0.08583166367952959,-0.47143595217553236,5.0562,1,5.0562,6.0,inf
942,2,-1.217609490059167,0.08583166367952959,-0.47143595217553236,5.0562,1,5.0562,6.0,inf
942,3,-1.217609490059167,0.08583166367952959,-0.47143595217553236,5.0562,1,5.0562,6.0,inf
942,4,-1.217609490059167,0.08583166367952959,-0.47143595217553236,5.0562,1,5.0562,6.0,inf
942,5,-1.217609490059167,0.08583166367952959,-0.47143595217553236,5.0562,1,5.0562,6.0,inf
943,0,1.9699866245661934,1.248937062148007,-2.021410529390756,1.6262999999999999,1,1.6262999999999999,6.0,inf
943,1,1.9699866245661934,1.248937062148007,-2.021410529390756,1.6262999999999999,1,1.6262999999999999,6.0,inf
943,2,1.9699866245661934,1.248937062148007,-2.021410529390756,1.6262999999999999,1,1.6262999999999999,6.0,inf
943,3,1.9699866245661934,1.248937062148007,-2.021410529390756,1.6262999999999999,1,1.6262999999999999,6.0,inf
943,4,1.9699866245661934,1.248937062148007,-2.021410529390756,1.6262999999999999,1,1.6262999999999999,6.0,inf
943,5,1.9699866245661934,1.248937062148007,-2.021410529390756,1.6262999999999999,1,1.6262999999999999,6.0,inf
944,0,-1.3591905809936038,-0.8201727018997448,0.4303934216405515,6.0,0,8.0001,6.0,inf
944,1,-1.3591905809936038,-0.8201727018997448,0.4303934216405515,6.0,0,8.0001,6.0,inf
944,2,-1.3591905809936038,-0.8201727018997448,0.4303934216405515,6.0,0,8.0001,6.0,inf
944,3,-1.3591905809936038,-0.8201727018997448,0.4303934216405515,6.0,0,8.0001,6.0,inf
944,4,-1.3591905809936038,-0.8201727018997448,0.4303934216405515,6.0,0,8.0001,6.0,inf
944,5,-1.3591905809936038,-0.8201727018997448,0.4303934216405515,6.0,0,8.0001,6.0,inf
945,0,-1.250815271618299,0.9428619338683281,-1.250788779536317,6.0,0,8.0001,6.0,inf
945,1,-1.250815271618299,0.9428619338683281,-1.250788779536317,6.0,0,8.0001,6.0,inf
945,2,-1.250815271618299,0.9428619338683281,-1.250788779536317,6.0,0,8.0001,6.0,inf
945,3,-1.250815271618299,0.9428619338683281,-1.250788779536317,6.0,0,8.0001,6.0,inf
945,4,-1.250815271618299,0.9428619338683281,-1.250788779536317,6.0,0,8.0001,6.0,inf
945,5,-1.250815271618299,0.9428619338683281,-1.250788779536317,6.0,0,8.0001,6.0,inf
946,0,0.6661532099622598,-0.15718152309679756,0.8804819792232147,2.1639,1,2.1639,6.0,inf
946,1,0.6661532099622598,-0.15718152309679756,0.8804819792232147,2.1639,1,2.1639,6.0,inf
946,2,0.6661532099622598,-0.15718152309679756,0.8804819792232147,2.1639,1,2.1639,6.0,inf
946,3,0.6661532099622598,-0.15718152309679756,0.8804819792232147,2.1639,1,2.1639,6.0,inf
946,4,0.6661532099622598,-0.15718152309679756,0.8804819792232147,2.1639,1,2.1639,6.0,inf
946,5,0.6661532099622598,-0.15718152309679756,0.8804819792232147,2.1639,1,2.1639,6.0,inf
947,0,-0.9306825191957615,0.9218667046210545,-0.5610880309514408,5.4395999999999995,1,5.4395999999999995,6.0,inf
947,1,-0.9306825191957615,0.9218667046210545,-0.5610880309514408,5.4395999999999995,1,5.4395999999999995,6.0,inf
947,2,-0.9306825191957615,0.9218667046210545,-0.5610880309514408,5.4395999999999995,1,5.4395999999999995,6.0,inf
947,3,-0.9306825191957615,0.9218667046210545,-0.5610880309514408,5.4395999999999995,1,5.4395999999999995,6.0,inf
947,4,-0.9306825191957615,0.9218667046210545,-0.5610880309514408,5.4395999999999995,1,5.4395999999999995,6.0,inf
947,5,-0.9306825191957615,0.9218667046210545,-0.5610880309514408,5.4395999999999995,1,5.4395999999999995,6.0,inf
948,0,-1.6029414976794647,-0.24723554010232346,-0.05495939859427137,6.0,0,7.698899999999999,6.0,inf
948,1,-1.6029414976794647,-0.24723554010232346,-0.05495939859427137,6.0,0,7.698899999999999,6.0,inf
948,2,-1.6029414976794647,-0.24723554010232346,-0.05495939859427137,6.0,0,7.698899999999999,6.0,inf
948,3,-1.6029414976794647,-0.24723554010232346,-0.05495939859427137,6.0,0,7.698899999999999,6.0,inf
948,4,-1.6029414976794647,-0.24723554010232346,-0.05495939859427137,6.0,0,7.698899999999999,6.0,inf
948,5,-1.6029414976794647,-0.24723554010232346,-0.05495939859427137,6.0,0,7.698899999999999,6.0,inf
949,0,0.8396552862551784,0.24246974809292043,1.9372728731700553,1.1219999999999999,1,1.1219999999999999,6.0,inf
949,1,0.8396552862551784,0.24246974809292043,1.9372728731700553,1.1219999999999999,1,1.1219999999999999,6.0,inf
949,2,0.8396552862551784,0.24246974809292043,1.9372728731700553,1.1219999999999999,1,1.1219999999999999,6.0,inf
949,3,0.8396552862551784,0.24246974809292043,1.9372728731700553,1.1219999999999999,1,1.1219999999999999,6.0,inf
949,4,0.8396552862551784,0.24246974809292043,1.9372728731700553,1.1219999999999999,1,1.1219999999999999,6.0,inf
949,5,0.8396552862551784,0.24246974809292043,1.9372728731700553,1.1219999999999999,1,1.1219999999999999,6.0,inf
950,0,0.031458017302261734,0.9949389016657131,0.3835224594500403,1.9652999999999998,1,1.9652999999999998,6.0,inf
950,1,0.031458017302261734,0.9949389016657131,0.3835224594500403,1.9652999999999998,1,1.9652999999999998,6.0,inf
950,2,0.031458017302261734,0.9949389016657131,0.3835224594500403,1.9652999999999998,1,1.9652999999999998,6.0,inf
950,3,0.031458017302261734,0.9949389016657131,0.3835224594500403,1.9652999999999998,1,1.9652999999999998,6.0,inf
950,4,0.031458017302261734,0.9949389016657131,0.3835224594500403,1.9652999999999998,1,1.9652999999999998,6.0,inf
950,5,0.031458017302261734,0.9949389016657131,0.3835224594500403,1.9652999999999998,1,1.9652999999999998,6.0,inf
951,0,-1.6209010957999102,-0.2315282496924122,0.3253740737622264,3.0105,1,3.0105,6.0,inf
951,1,-1.6209010957999102,-0.2315282496924122,0.3253740737622264,3.0105,1,3.0105,6.0,inf
951,2,-1.6209010957999102,-0.2315282496924122,0.3253740737622264,3.0105,1,3.0105,6.0,inf
951,3,-1.6209010957999102,-0.2315282496924122,0.3253740737622264,3.0105,1,3.0105,6.0,inf
951,4,-1.6209010957999102,-0.2315282496924122,0.3253740737622264,3.0105,1,3.0105,6.0,inf
951,5,-1.6209010957999102,-0.2315282496924122,0.3253740737622264,3.0105,1,3.0105,6.0,inf
952,0,-0.16412800557023066,-1.3586080279160306,-0.07425286994703659,4.6155,1,4.6155,6.0,inf
952,1,-0.16412800557023066,-1.3586080279160306,-0.07425286994703659,4.6155,1,4.6155,6.0,inf
952,2,-0.16412800557023066,-1.3586080279160306,-0.07425286994703659,4.6155,1,4.6155,6.0,inf
952,3,-0.16412800557023066,-1.3586080279160306,-0.07425286994703659,4.6155,1,4.6155,6.0,inf
952,4,-0.16412800557023066,-1.3586080279160306,-0.07425286994703659,4.6155,1,4.6155,6.0,inf
952,5,-0.16412800557023066,-1.3586080279160306,-0.07425286994703659,4.6155,1,4.6155,6.0,inf
953,0,1.859411257546734,-0.09666650858317397,0.666689667666077,1.3818,1,1.3818,6.0,inf
953,1,1.859411257546734,-0.09666650858317397,0.666689667666077,1.3818,1,1.3818,6.0,inf
953,2,1.859411257546734,-0.09666650858317397,0.666689667666077,1.3818,1,1.3818,6.0,inf
953,3,1.859411257546734,-0.09666650858317397,0.666689667666077,1.3818,1,1.3818,6.0,inf
953,4,1.859411257546734,-0.09666650858317397,0.666689667666077,1.3818,1,1.3818,6.0,inf
953,5,1.859411257546734,-0.09666650858317397,0.666689667666077,1.3818,1,1.3818,6.0,inf
954,0,-2.079117399498214,1.6859596910263208,-0.1165268211754581,4.5126,1,4.5126,6.0,inf
954,1,-2.079117399498214,1.6859596910263208,-0.1165268211754581,4.5126,1,4.5126,6.0,inf
954,2,-2.079117399498214,1.6859596910263208,-0.1165268211754581,4.5126,1,4.5126,6.0,inf
954,3,-2.079117399498214,1.6859596910263208,-0.1165268211754581,4.5126,1,4.5126,6.0,inf
954,4,-2.079117399498214,1.6859596910263208,-0.1165268211754581,4.5126,1,4.5126,6.0,inf
954,5,-2.079117399498214,1.6859596910263208,-0.1165268211754581,4.5126,1,4.5126,6.0,inf
955,0,0.5788444498034958,-0.9697617821620431,-0.29087936875764653,3.3146999999999998,1,3.3146999999999998,6.0,inf
955,1,0.5788444498034958,-0.9697617821620431,-0.29087936875764653,3.3146999999999998,1,3.3146999999999998,6.0,inf
955,2,0.5788444498034958,-0.9697617821620431,-0.29087936875764653,3.3146999999999998,1,3.3146999999999998,6.0,inf
955,3,0.5788444498034958,-0.9697617821620431,-0.29087936875764653,3.3146999999999998,1,3.3146999999999998,6.0,inf
955,4,0.5788444498034958,-0.9697617821620431,-0.29087936875764653,3.3146999999999998,1,3.3146999999999998,6.0,inf
955,5,0.5788444498034958,-0.9697617821620431,-0.29087936875764653,3.3146999999999998,1,3.3146999999999998,6.0,inf
956,0,0.446932302241255,-0.21813887371138466,-1.7713896687587185,3.3749999999999996,1,3.3749999999999996,6.0,inf
956,1,0.446932302241255,-0.21813887371138466,-1.7713896687587185,3.3749999999999996,1,3.3749999999999996,6.0,inf
956,2,0.446932302241255,-0.21813887371138466,-1.7713896687587185,3.3749999999999996,1,3.3749999999999996,6.0,inf
956,3,0.446932302241255,-0.21813887371138466,-1.7713896687587185,3.3749999999999996,1,3.3749999999999996,6.0,inf
956,4,0.446932302241255,-0.21813887371138466,-1.7713896687587185,3.3749999999999996,1,3.3749999999999996,6.0,inf
956,5,0.446932302241255,-0.21813887371138466,-1.7713896687587185,3.3749999999999996,1,3.3749999999999996,6.0,inf
957,0,0.6891772889227732,0.6183588607318861,0.6963423945684538,1.7696999999999998,1,1.7696999999999998,6.0,inf
957,1,0.6891772889227732,0.6183588607318861,0.6963423945684538,1.7696999999999998,1,1.7696999999999998,6.0,inf
957,2,0.6891772889227732,0.6183588607318861,0.6963423945684538,1.7696999999999998,1,1.7696999999999998,6.0,inf
957,3,0.6891772889227732,0.6183588607318861,0.6963423945684538,1.7696999999999998,1,1.7696999999999998,6.0,inf
957,4,0.6891772889227732,0.6183588607318861,0.6963423945684538,1.7696999999999998,1,1.7696999999999998,6.0,inf
957,5,0.6891772889227732,0.6183588607318861,0.6963423945684538,1.7696999999999998,1,1.7696999999999998,6.0,inf
958,0,-0.7541647627802834,0.960142326950469,0.19711416483166688,3.9974999999999996,1,3.9974999999999996,6.0,inf
958,1,-0.7541647627802834,0.960142326950469,0.19711416483166688,3.9974999999999996,1,3.9974999999999996,6.0,inf
958,2,-0.7541647627802834,0.960142326950469,0.19711416483166688,3.9974999999999996,1,3.9974999999999996,6.0,inf
958,3,-0.7541647627802834,0.960142326950469,0.19711416483166688,3.9974999999999996,1,3.9974999999999996,6.0,inf
958,4,-0.7541647627802834,0.960142326950469,0.19711416483166688,3.9974999999999996,1,3.9974999999999996,6.0,inf
958,5,-0.7541647627802834,0.960142326950469,0.19711416483166688,3.9974999999999996,1,3.9974999999999996,6.0,inf
959,0,0.03668930975741982,0.7867726905181461,0.3104127206398046,2.4543,1,2.4543,6.0,inf
959,1,0.03668930975741982,0.7867726905181461,0.3104127206398046,2.4543,1,2.4543,6.0,inf
959,2,0.03668930975741982,0.7867726905181461,0.3104127206398046,2.4543,1,2.4543,6.0,inf
959,3,0.03668930975741982,0.7867726905181461,0.3104127206398046,2.4543,1,2.4543,6.0,inf
959,4,0.03668930975741982,0.7867726905181461,0.3104127206398046,2.4543,1,2.4543,6.0,inf
959,5,0.03668930975741982,0.7867726905181461,0.3104127206398046,2.4543,1,2.4543,6.0,inf
960,0,1.0059384504760982,0.6933634933810697,0.02783550742777394,2.0873999999999997,1,2.0873999999999997,6.0,inf
960,1,1.0059384504760982,0.6933634933810697,0.02783550742777394,2.0873999999999997,1,2.0873999999999997,6.0,inf
960,2,1.0059384504760982,0.6933634933810697,0.02783550742777394,2.0873999999999997,1,2.0873999999999997,6.0,inf
960,3,1.0059384504760982,0.6933634933810697,0.02783550742777394,2.0873999999999997,1,2.0873999999999997,6.0,inf
960,4,1.0059384504760982,0.6933634933810697,0.02783550742777394,2.0873999999999997,1,2.0873999999999997,6.0,inf
960,5,1.0059384504760982,0.6933634933810697,0.02783550742777394,2.0873999999999997,1,2.0873999999999997,6.0,inf
961,0,-0.22072300955838053,-0.05014671170906224,0.9017363415637747,2.3543999999999996,1,2.3543999999999996,6.0,inf
961,1,-0.22072300955838053,-0.05014671170906224,0.9017363415637747,2.3543999999999996,1,2.3543999999999996,6.0,inf
961,2,-0.22072300955838053,-0.05014671170906224,0.9017363415637747,2.3543999999999996,1,2.3543999999999996,6.0,inf
961,3,-0.22072300955838053,-0.05014671170906224,0.9017363415637747,2.3543999999999996,1,2.3543999999999996,6.0,inf
961,4,-0.22072300955838053,-0.05014671170906224,0.9017363415637747,2.3543999999999996,1,2.3543999999999996,6.0,inf
961,5,-0.22072300955838053,-0.05014671170906224,0.9017363415637747,2.3543999999999996,1,2.3543999999999996,6.0,inf
962,0,-0.8926488255090367,1.3437895613275548,0.6014516414087704,1.8563999999999998,1,1.8563999999999998,6.0,inf
962,1,-0.8926488255090367,1.3437895613275548,0.6014516414087704,1.8563999999999998,1,1.8563999999999998,6.0,inf
962,2,-0.8926488255090367,1.3437895613275548,0.6014516414087704,1.8563999999999998,1,1.8563999999999998,6.0,inf
962,3,-0.8926488255090367,1.3437895613275548,0.6014516414087704,1.8563999999999998,1,1.8563999999999998,6.0,inf
962,4,-0.8926488255090367,1.3437895613275548,0.6014516414087704,1.8563999999999998,1,1.8563999999999998,6.0,inf
962,5,-0.8926488255090367,1.3437895613275548,0.6014516414087704,1.8563999999999998,1,1.8563999999999998,6.0,inf
963,0,-1.1954912929280688,0.30468261359994925,-0.9902582714843394,5.4555,1,5.4555,6.0,inf
963,1,-1.1954912929280688,0.30468261359994925,-0.9902582714843394,5.4555,1,5.4555,6.0,inf
963,2,-1.1954912929280688,0.30468261359994925,-0.9902582714843394,5.4555,1,5.4555,6.0,inf
963,3,-1.1954912929280688,0.30468261359994925,-0.9902582714843394,5.4555,1,5.4555,6.0,inf
963,4,-1.1954912929280688,0.30468261359994925,-0.9902582714843394,5.4555,1,5.4555,6.0,inf
963,5,-1.1954912929280688,0.30468261359994925,-0.9902582714843394,5.4555,1,5.4555,6.0,inf
964,0,-0.7869701399536974,1.1389949293084216,1.5110233391752819,1.1771999999999998,1,1.1771999999999998,6.0,inf
964,1,-0.7869701399536974,1.1389949293084216,1.5110233391752819,1.1771999999999998,1,1.1771999999999998,6.0,inf
964,2,-0.7869701399536974,1.1389949293084216,1.5110233391752819,1.1771999999999998,1,1.1771999999999998,6.0,inf
964,3,-0.7869701399536974,1.1389949293084216,1.5110233391752819,1.1771999999999998,1,1.1771999999999998,6.0,inf
964,4,-0.7869701399536974,1.1389949293084216,1.5110233391752819,1.1771999999999998,1,1.1771999999999998,6.0,inf
964,5,-0.7869701399536974,1.1389949293084216,1.5110233391752819,1.1771999999999998,1,1.1771999999999998,6.0,inf
965,0,0.8934178406424352,-0.9369904722195135,-1.5297278956789673,3.3389999999999995,1,3.3389999999999995,6.0,inf
965,1,0.8934178406424352,-0.9369904722195135,-1.5297278956789673,3.3389999999999995,1,3.3389999999999995,6.0,inf
965,2,0.8934178406424352,-0.9369904722195135,-1.5297278956789673,3.3389999999999995,1,3.3389999999999995,6.0,inf
965,3,0.8934178406424352,-0.9369904722195135,-1.5297278956789673,3.3389999999999995,1,3.3389999999999995,6.0,inf
965,4,0.8934178406424352,-0.9369904722195135,-1.5297278956789673,3.3389999999999995,1,3.3389999999999995,6.0,inf
965,5,0.8934178406424352,-0.9369904722195135,-1.5297278956789673,3.3389999999999995,1,3.3389999999999995,6.0,inf
966,0,-1.7357984301818454,-0.5308620695394699,0.10562924791535283,5.283899999999999,1,5.283899999999999,6.0,inf
966,1,-1.7357984301818454,-0.5308620695394699,0.10562924791535283,5.283899999999999,1,5.283899999999999,6.0,inf
966,2,-1.7357984301818454,-0.5308620695394699,0.10562924791535283,5.283899999999999,1,5.283899999999999,6.0,inf
966,3,-1.7357984301818454,-0.5308620695394699,0.10562924791535283,5.283899999999999,1,5.283899999999999,6.0,inf
966,4,-1.7357984301818454,-0.5308620695394699,0.10562924791535283,5.283899999999999,1,5.283899999999999,6.0,inf
966,5,-1.7357984301818454,-0.5308620695394699,0.10562924791535283,5.283899999999999,1,5.283899999999999,6.0,inf
967,0,1.5150642541449975,-2.0523557132001007,0.18568205655634046,2.9343,1,2.9343,6.0,inf
967,1,1.5150642541449975,-2.0523557132001007,0.18568205655634046,2.9343,1,2.9343,6.0,inf
967,2,1.5150642541449975,-2.0523557132001007,0.18568205655634046,2.9343,1,2.9343,6.0,inf
967,3,1.5150642541449975,-2.0523557132001007,0.18568205655634046,2.9343,1,2.9343,6.0,inf
967,4,1.5150642541449975,-2.0523557132001007,0.18568205655634046,2.9343,1,2.9343,6.0,inf
967,5,1.5150642541449975,-2.0523557132001007,0.18568205655634046,2.9343,1,2.9343,6.0,inf
968,0,-1.6523310288704514,-0.5599253191558838,0.08480125552030732,6.0,0,6.444299999999999,6.0,inf
968,1,-1.6523310288704514,-0.5599253191558838,0.08480125552030732,6.0,0,6.444299999999999,6.0,inf
968,2,-1.6523310288704514,-0.5599253191558838,0.08480125552030732,6.0,0,6.444299999999999,6.0,inf
968,3,-1.6523310288704514,-0.5599253191558838,0.08480125552030732,6.0,0,6.444299999999999,6.0,inf
968,4,-1.6523310288704514,-0.5599253191558838,0.08480125552030732,6.0,0,6.444299999999999,6.0,inf
968,5,-1.6523310288704514,-0.5599253191558838,0.08480125552030732,6.0,0,6.444299999999999,6.0,inf
969,0,1.3236224983693428,-0.7065865448004571,0.38419560424698457,1.5257999999999998,1,1.5257999999999998,6.0,inf
969,1,1.3236224983693428,-0.7065865448004571,0.38419560424698457,1.5257999999999998,1,1.5257999999999998,6.0,inf
969,2,1.3236224983693428,-0.7065865448004571,0.38419560424698457,1.5257999999999998,1,1.5257999999999998,6.0,inf
969,3,1.3236224983693428,-0.7065865448004571,0.38419560424698457,1.5257999999999998,1,1.5257999999999998,6.0,inf
969,4,1.3236224983693428,-0.7065865448004571,0.38419560424698457,1.5257999999999998,1,1.5257999999999998,6.0,inf
969,5,1.3236224983693428,-0.7065865448004571,0.38419560424698457,1.5257999999999998,1,1.5257999999999998,6.0,inf
970,0,-0.7879910434829184,-0.34458503813161345,1.0389105890653014,4.8938999999999995,1,4.8938999999999995,6.0,inf
970,1,-0.7879910434829184,-0.34458503813161345,1.0389105890653014,4.8938999999999995,1,4.8938999999999995,6.0,inf
970,2,-0.7879910434829184,-0.34458503813161345,1.0389105890653014,4.8938999999999995,1,4.8938999999999995,6.0,inf
970,3,-0.7879910434829184,-0.34458503813161345,1.0389105890653014,4.8938999999999995,1,4.8938999999999995,6.0,inf
970,4,-0.7879910434829184,-0.34458503813161345,1.0389105890653014,4.8938999999999995,1,4.8938999999999995,6.0,inf
970,5,-0.7879910434829184,-0.34458503813161345,1.0389105890653014,4.8938999999999995,1,4.8938999999999995,6.0,inf
971,0,0.37687630475536044,1.1673227406060485,0.0265402410781096,1.5716999999999999,1,1.5716999999999999,6.0,inf
971,1,0.37687630475536044,1.1673227406060485,0.0265402410781096,1.5716999999999999,1,1.5716999999999999,6.0,inf
971,2,0.37687630475536044,1.1673227406060485,0.0265402410781096,1.5716999999999999,1,1.5716999999999999,6.0,inf
971,3,0.37687630475536044,1.1673227406060485,0.0265402410781096,1.5716999999999999,1,1.5716999999999999,6.0,inf
971,4,0.37687630475536044,1.1673227406060485,0.0265402410781096,1.5716999999999999,1,1.5716999999999999,6.0,inf
971,5,0.37687630475536044,1.1673227406060485,0.0265402410781096,1.5716999999999999,1,1.5716999999999999,6.0,inf
972,0,-1.0824207663506038,-1.0044659557056197,-0.46403064473641875,6.0,0,8.0001,6.0,inf
972,1,-1.0824207663506038,-1.0044659557056197,-0.46403064473641875,6.0,0,8.0001,6.0,inf
972,2,-1.0824207663506038,-1.0044659557056197,-0.46403064473641875,6.0,0,8.0001,6.0,inf
972,3,-1.0824207663506038,-1.0044659557056197,-0.46403064473641875,6.0,0,8.0001,6.0,inf
972,4,-1.0824207663506038,-1.0044659557056197,-0.46403064473641875,6.0,0,8.0001,6.0,inf
972,5,-1.0824207663506038,-1.0044659557056197,-0.46403064473641875,6.0,0,8.0001,6.0,inf
973,0,0.9122258357448332,-0.47035592435916096,-0.4373565650857289,2.4806999999999997,1,2.4806999999999997,6.0,inf
973,1,0.9122258357448332,-0.47035592435916096,-0.4373565650857289,2.4806999999999997,1,2.4806999999999997,6.0,inf
973,2,0.9122258357448332,-0.47035592435916096,-0.4373565650857289,2.4806999999999997,1,2.4806999999999997,6.0,inf
973,3,0.9122258357448332,-0.47035592435916096,-0.4373565650857289,2.4806999999999997,1,2.4806999999999997,6.0,inf
973,4,0.9122258357448332,-0.47035592435916096,-0.4373565650857289,2.4806999999999997,1,2.4806999999999997,6.0,inf
973,5,0.9122258357448332,-0.47035592435916096,-0.4373565650857289,2.4806999999999997,1,2.4806999999999997,6.0,inf
974,0,0.9804373940664153,1.4430977253129758,0.04279234615711297,2.1048,1,2.1048,6.0,inf
974,1,0.9804373940664153,1.4430977253129758,0.04279234615711297,2.1048,1,2.1048,6.0,inf
974,2,0.9804373940664153,1.4430977253129758,0.04279234615711297,2.1048,1,2.1048,6.0,inf
974,3,0.9804373940664153,1.4430977253129758,0.04279234615711297,2.1048,1,2.1048,6.0,inf
974,4,0.9804373940664153,1.4430977253129758,0.04279234615711297,2.1048,1,2.1048,6.0,inf
974,5,0.9804373940664153,1.4430977253129758,0.04279234615711297,2.1048,1,2.1048,6.0,inf
975,0,-3.0803291026073465,-0.8161568452564567,0.3896991703733029,1.9226999999999999,1,1.9226999999999999,6.0,inf
975,1,-3.0803291026073465,-0.8161568452564567,0.3896991703733029,1.9226999999999999,1,1.9226999999999999,6.0,inf
975,2,-3.0803291026073465,-0.8161568452564567,0.3896991703733029,1.9226999999999999,1,1.9226999999999999,6.0,inf
975,3,-3.0803291026073465,-0.8161568452564567,0.3896991703733029,1.9226999999999999,1,1.9226999999999999,6.0,inf
975,4,-3.0803291026073465,-0.8161568452564567,0.3896991703733029,1.9226999999999999,1,1.9226999999999999,6.0,inf
975,5,-3.0803291026073465,-0.8161568452564567,0.3896991703733029,1.9226999999999999,1,1.9226999999999999,6.0,inf
976,0,1.9202036414107309,1.039754938980085,-2.293254934579338,2.5008,1,2.5008,6.0,inf
976,1,1.9202036414107309,1.039754938980085,-2.293254934579338,2.5008,1,2.5008,6.0,inf
976,2,1.9202036414107309,1.039754938980085,-2.293254934579338,2.5008,1,2.5008,6.0,inf
976,3,1.9202036414107309,1.039754938980085,-2.293254934579338,2.5008,1,2.5008,6.0,inf
976,4,1.9202036414107309,1.039754938980085,-2.293254934579338,2.5008,1,2.5008,6.0,inf
976,5,1.9202036414107309,1.039754938980085,-2.293254934579338,2.5008,1,2.5008,6.0,inf
977,0,1.0187148927893641,1.4781511606688182,-0.9097010354409012,0.8336999999999999,1,0.8336999999999999,6.0,inf
977,1,1.0187148927893641,1.4781511606688182,-0.9097010354409012,0.8336999999999999,1,0.8336999999999999,6.0,inf
977,2,1.0187148927893641,1.4781511606688182,-0.9097010354409012,0.8336999999999999,1,0.8336999999999999,6.0,inf
977,3,1.0187148927893641,1.4781511606688182,-0.9097010354409012,0.8336999999999999,1,0.8336999999999999,6.0,inf
977,4,1.0187148927893641,1.4781511606688182,-0.9097010354409012,0.8336999999999999,1,0.8336999999999999,6.0,inf
977,5,1.0187148927893641,1.4781511606688182,-0.9097010354409012,0.8336999999999999,1,0.8336999999999999,6.0,inf
978,0,-1.007531884982642,0.20090544169805027,1.1135965007425082,1.8794999999999997,1,1.8794999999999997,6.0,inf
978,1,-1.007531884982642,0.20090544169805027,1.1135965007425082,1.8794999999999997,1,1.8794999999999997,6.0,inf
978,2,-1.007531884982642,0.20090544169805027,1.1135965007425082,1.8794999999999997,1,1.8794999999999997,6.0,inf
978,3,-1.007531884982642,0.20090544169805027,1.1135965007425082,1.8794999999999997,1,1.8794999999999997,6.0,inf
978,4,-1.007531884982642,0.20090544169805027,1.1135965007425082,1.8794999999999997,1,1.8794999999999997,6.0,inf
978,5,-1.007531884982642,0.20090544169805027,1.1135965007425082,1.8794999999999997,1,1.8794999999999997,6.0,inf
979,0,0.33426499807997784,1.155407832842053,-1.8080682373761996,3.2399999999999998,1,3.2399999999999998,6.0,inf
979,1,0.33426499807997784,1.155407832842053,-1.8080682373761996,3.2399999999999998,1,3.2399999999999998,6.0,inf
979,2,0.33426499807997784,1.155407832842053,-1.8080682373761996,3.2399999999999998,1,3.2399999999999998,6.0,inf
979,3,0.33426499807997784,1.155407832842053,-1.8080682373761996,3.2399999999999998,1,3.2399999999999998,6.0,inf
979,4,0.33426499807997784,1.155407832842053,-1.8080682373761996,3.2399999999999998,1,3.2399999999999998,6.0,inf
979,5,0.33426499807997784,1.155407832842053,-1.8080682373761996,3.2399999999999998,1,3.2399999999999998,6.0,inf
980,0,2.220192721293292,0.8083301245909879,-0.4262659081165625,2.0166,1,2.0166,6.0,inf
980,1,2.220192721293292,0.8083301245909879,-0.4262659081165625,2.0166,1,2.0166,6.0,inf
980,2,2.220192721293292,0.8083301245909879,-0.4262659081165625,2.0166,1,2.0166,6.0,inf
980,3,2.220192721293292,0.8083301245909879,-0.4262659081165625,2.0166,1,2.0166,6.0,inf
980,4,2.220192721293292,0.8083301245909879,-0.4262659081165625,2.0166,1,2.0166,6.0,inf
980,5,2.220192721293292,0.8083301245909879,-0.4262659081165625,2.0166,1,2.0166,6.0,inf
981,0,1.3031410067346643,0.157491192119839,0.4533203634540592,2.0492999999999997,1,2.0492999999999997,6.0,inf
981,1,1.3031410067346643,0.157491192119839,0.4533203634540592,2.0492999999999997,1,2.0492999999999997,6.0,inf
981,2,1.3031410067346643,0.157491192119839,0.4533203634540592,2.0492999999999997,1,2.0492999999999997,6.0,inf
981,3,1.3031410067346643,0.157491192119839,0.4533203634540592,2.0492999999999997,1,2.0492999999999997,6.0,inf
981,4,1.3031410067346643,0.157491192119839,0.4533203634540592,2.0492999999999997,1,2.0492999999999997,6.0,inf
981,5,1.3031410067346643,0.157491192119839,0.4533203634540592,2.0492999999999997,1,2.0492999999999997,6.0,inf
982,0,2.110130517160645,-0.8754302177311014,1.9857088519075101,1.0115999999999998,1,1.0115999999999998,6.0,inf
982,1,2.110130517160645,-0.8754302177311014,1.9857088519075101,1.0115999999999998,1,1.0115999999999998,6.0,inf
982,2,2.110130517160645,-0.8754302177311014,1.9857088519075101,1.0115999999999998,1,1.0115999999999998,6.0,inf
982,3,2.110130517160645,-0.8754302177311014,1.9857088519075101,1.0115999999999998,1,1.0115999999999998,6.0,inf
982,4,2.110130517160645,-0.8754302177311014,1.9857088519075101,1.0115999999999998,1,1.0115999999999998,6.0,inf
982,5,2.110130517160645,-0.8754302177311014,1.9857088519075101,1.0115999999999998,1,1.0115999999999998,6.0,inf
983,0,-0.24799658949596065,1.6902119539124927,0.06602730194454433,1.1186999999999998,1,1.1186999999999998,6.0,inf
983,1,-0.24799658949596065,1.6902119539124927,0.06602730194454433,1.1186999999999998,1,1.1186999999999998,6.0,inf
983,2,-0.24799658949596065,1.6902119539124927,0.06602730194454433,1.1186999999999998,1,1.1186999999999998,6.0,inf
983,3,-0.24799658949596065,1.6902119539124927,0.06602730194454433,1.1186999999999998,1,1.1186999999999998,6.0,inf
983,4,-0.24799658949596065,1.6902119539124927,0.06602730194454433,1.1186999999999998,1,1.1186999999999998,6.0,inf
983,5,-0.24799658949596065,1.6902119539124927,0.06602730194454433,1.1186999999999998,1,1.1186999999999998,6.0,inf
984,0,2.5513371244410745,-1.0707772340030188,-0.888089623852121,2.856,1,2.856,6.0,inf
984,1,2.5513371244410745,-1.0707772340030188,-0.888089623852121,2.856,1,2.856,6.0,inf
984,2,2.5513371244410745,-1.0707772340030188,-0.888089623852121,2.856,1,2.856,6.0,inf
984,3,2.5513371244410745,-1.0707772340030188,-0.888089623852121,2.856,1,2.856,6.0,inf
984,4,2.5513371244410745,-1.0707772340030188,-0.888089623852121,2.856,1,2.856,6.0,inf
984,5,2.5513371244410745,-1.0707772340030188,-0.888089623852121,2.856,1,2.856,6.0,inf
985,0,-1.581254466848903,1.3480300937437664,-1.5024068983955192,6.0,0,8.0001,6.0,inf
985,1,-1.581254466848903,1.3480300937437664,-1.5024068983955192,6.0,0,8.0001,6.0,inf
985,2,-1.581254466848903,1.3480300937437664,-1.5024068983955192,6.0,0,8.0001,6.0,inf
985,3,-1.581254466848903,1.3480300937437664,-1.5024068983955192,6.0,0,8.0001,6.0,inf
985,4,-1.581254466848903,1.3480300937437664,-1.5024068983955192,6.0,0,8.0001,6.0,inf
985,5,-1.581254466848903,1.3480300937437664,-1.5024068983955192,6.0,0,8.0001,6.0,inf
986,0,-0.7061006796602526,-0.6790691761680802,0.8760637877700167,4.2566999999999995,1,4.2566999999999995,6.0,inf
986,1,-0.7061006796602526,-0.6790691761680802,0.8760637877700167,4.2566999999999995,1,4.2566999999999995,6.0,inf
986,2,-0.7061006796602526,-0.6790691761680802,0.8760637877700167,4.2566999999999995,1,4.2566999999999995,6.0,inf
986,3,-0.7061006796602526,-0.6790691761680802,0.8760637877700167,4.2566999999999995,1,4.2566999999999995,6.0,inf
986,4,-0.7061006796602526,-0.6790691761680802,0.8760637877700167,4.2566999999999995,1,4.2566999999999995,6.0,inf
986,5,-0.7061006796602526,-0.6790691761680802,0.8760637877700167,4.2566999999999995,1,4.2566999999999995,6.0,inf
987,0,-0.41797447205148136,-1.1818145799889843,-2.844017689673753,6.0,0,8.0001,6.0,inf
987,1,-0.41797447205148136,-1.1818145799889843,-2.844017689673753,6.0,0,8.0001,6.0,inf
987,2,-0.41797447205148136,-1.1818145799889843,-2.844017689673753,6.0,0,8.0001,6.0,inf
987,3,-0.41797447205148136,-1.1818145799889843,-2.844017689673753,6.0,0,8.0001,6.0,inf
987,4,-0.41797447205148136,-1.1818145799889843,-2.844017689673753,6.0,0,8.0001,6.0,inf
987,5,-0.41797447205148136,-1.1818145799889843,-2.844017689673753,6.0,0,8.0001,6.0,inf
988,0,1.0455188027412183,-0.5511122367775287,2.057024822514641,1.1243999999999998,1,1.1243999999999998,6.0,inf
988,1,1.0455188027412183,-0.5511122367775287,2.057024822514641,1.1243999999999998,1,1.1243999999999998,6.0,inf
988,2,1.0455188027412183,-0.5511122367775287,2.057024822514641,1.1243999999999998,1,1.1243999999999998,6.0,inf
988,3,1.0455188027412183,-0.5511122367775287,2.057024822514641,1.1243999999999998,1,1.1243999999999998,6.0,inf
988,4,1.0455188027412183,-0.5511122367775287,2.057024822514641,1.1243999999999998,1,1.1243999999999998,6.0,inf
988,5,1.0455188027412183,-0.5511122367775287,2.057024822514641,1.1243999999999998,1,1.1243999999999998,6.0,inf
989,0,2.1447210651214523,-1.9468033778739309,-0.4950041142821426,1.9898999999999998,1,1.9898999999999998,6.0,inf
989,1,2.1447210651214523,-1.9468033778739309,-0.4950041142821426,1.9898999999999998,1,1.9898999999999998,6.0,inf
989,2,2.1447210651214523,-1.9468033778739309,-0.4950041142821426,1.9898999999999998,1,1.9898999999999998,6.0,inf
989,3,2.1447210651214523,-1.9468033778739309,-0.4950041142821426,1.9898999999999998,1,1.9898999999999998,6.0,inf
989,4,2.1447210651214523,-1.9468033778739309,-0.4950041142821426,1.9898999999999998,1,1.9898999999999998,6.0,inf
989,5,2.1447210651214523,-1.9468033778739309,-0.4950041142821426,1.9898999999999998,1,1.9898999999999998,6.0,inf
990,0,-0.975847074006703,-0.827233578033585,-0.9215896923521709,4.356,1,4.356,6.0,inf
990,1,-0.975847074006703,-0.827233578033585,-0.9215896923521709,4.356,1,4.356,6.0,inf
990,2,-0.975847074006703,-0.827233578033585,-0.9215896923521709,4.356,1,4.356,6.0,inf
990,3,-0.975847074006703,-0.827233578033585,-0.9215896923521709,4.356,1,4.356,6.0,inf
990,4,-0.975847074006703,-0.827233578033585,-0.9215896923521709,4.356,1,4.356,6.0,inf
990,5,-0.975847074006703,-0.827233578033585,-0.9215896923521709,4.356,1,4.356,6.0,inf
991,0,0.2670928511094256,-0.5375270187904735,-0.688795896036833,4.380599999999999,1,4.380599999999999,6.0,inf
991,1,0.2670928511094256,-0.5375270187904735,-0.688795896036833,4.380599999999999,1,4.380599999999999,6.0,inf
991,2,0.2670928511094256,-0.5375270187904735,-0.688795896036833,4.380599999999999,1,4.380599999999999,6.0,inf
991,3,0.2670928511094256,-0.5375270187904735,-0.688795896036833,4.380599999999999,1,4.380599999999999,6.0,inf
991,4,0.2670928511094256,-0.5375270187904735,-0.688795896036833,4.380599999999999,1,4.380599999999999,6.0,inf
991,5,0.2670928511094256,-0.5375270187904735,-0.688795896036833,4.380599999999999,1,4.380599999999999,6.0,inf
992,0,-0.6996035024711618,-0.1028283113241837,-0.12022395937196612,4.063199999999999,1,4.063199999999999,6.0,inf
992,1,-0.6996035024711618,-0.1028283113241837,-0.12022395937196612,4.063199999999999,1,4.063199999999999,6.0,inf
992,2,-0.6996035024711618,-0.1028283113241837,-0.12022395937196612,4.063199999999999,1,4.063199999999999,6.0,inf
992,3,-0.6996035024711618,-0.1028283113241837,-0.12022395937196612,4.063199999999999,1,4.063199999999999,6.0,inf
992,4,-0.6996035024711618,-0.1028283113241837,-0.12022395937196612,4.063199999999999,1,4.063199999999999,6.0,inf
992,5,-0.6996035024711618,-0.1028283113241837,-0.12022395937196612,4.063199999999999,1,4.063199999999999,6.0,inf
993,0,2.4155720524701394,-0.0736184497834416,-1.0662089895157714,2.3501999999999996,1,2.3501999999999996,6.0,inf
993,1,2.4155720524701394,-0.0736184497834416,-1.0662089895157714,2.3501999999999996,1,2.3501999999999996,6.0,inf
993,2,2.4155720524701394,-0.0736184497834416,-1.0662089895157714,2.3501999999999996,1,2.3501999999999996,6.0,inf
993,3,2.4155720524701394,-0.0736184497834416,-1.0662089895157714,2.3501999999999996,1,2.3501999999999996,6.0,inf
993,4,2.4155720524701394,-0.0736184497834416,-1.0662089895157714,2.3501999999999996,1,2.3501999999999996,6.0,inf
993,5,2.4155720524701394,-0.0736184497834416,-1.0662089895157714,2.3501999999999996,1,2.3501999999999996,6.0,inf
994,0,0.7394930397924235,-1.4664796186415945,0.6926481917971592,2.8307999999999995,1,2.8307999999999995,6.0,inf
994,1,0.7394930397924235,-1.4664796186415945,0.6926481917971592,2.8307999999999995,1,2.8307999999999995,6.0,inf
994,2,0.7394930397924235,-1.4664796186415945,0.6926481917971592,2.8307999999999995,1,2.8307999999999995,6.0,inf
994,3,0.7394930397924235,-1.4664796186415945,0.6926481917971592,2.8307999999999995,1,2.8307999999999995,6.0,inf
994,4,0.7394930397924235,-1.4664796186415945,0.6926481917971592,2.8307999999999995,1,2.8307999999999995,6.0,inf
994,5,0.7394930397924235,-1.4664796186415945,0.6926481917971592,2.8307999999999995,1,2.8307999999999995,6.0,inf
995,0,0.3330093758688178,1.3177965752111644,-2.489738000150509,3.2813999999999997,1,3.2813999999999997,6.0,inf
995,1,0.3330093758688178,1.3177965752111644,-2.489738000150509,3.2813999999999997,1,3.2813999999999997,6.0,inf
995,2,0.3330093758688178,1.3177965752111644,-2.489738000150509,3.2813999999999997,1,3.2813999999999997,6.0,inf
995,3,0.3330093758688178,1.3177965752111644,-2.489738000150509,3.2813999999999997,1,3.2813999999999997,6.0,inf
995,4,0.3330093758688178,1.3177965752111644,-2.489738000150509,3.2813999999999997,1,3.2813999999999997,6.0,inf
995,5,0.3330093758688178,1.3177965752111644,-2.489738000150509,3.2813999999999997,1,3.2813999999999997,6.0,inf
996,0,-0.4354904413023186,0.38034719814838575,-0.3552067640014197,4.501799999999999,1,4.501799999999999,6.0,inf
996,1,-0.4354904413023186,0.38034719814838575,-0.3552067640014197,4.501799999999999,1,4.501799999999999,6.0,inf
996,2,-0.4354904413023186,0.38034719814838575,-0.3552067640014197,4.501799999999999,1,4.501799999999999,6.0,inf
996,3,-0.4354904413023186,0.38034719814838575,-0.3552067640014197,4.501799999999999,1,4.501799999999999,6.0,inf
996,4,-0.4354904413023186,0.38034719814838575,-0.3552067640014197,4.501799999999999,1,4.501799999999999,6.0,inf
996,5,-0.4354904413023186,0.38034719814838575,-0.3552067640014197,4.501799999999999,1,4.501799999999999,6.0,inf
997,0,-0.27428427274484035,0.40121908932060124,-0.4943106261250614,4.793699999999999,1,4.793699999999999,6.0,inf
997,1,-0.27428427274484035,0.40121908932060124,-0.4943106261250614,4.793699999999999,1,4.793699999999999,6.0,inf
997,2,-0.27428427274484035,0.40121908932060124,-0.4943106261250614,4.793699999999999,1,4.793699999999999,6.0,inf
997,3,-0.27428427274484035,0.40121908932060124,-0.4943106261250614,4.793699999999999,1,4.793699999999999,6.0,inf
997,4,-0.27428427274484035,0.40121908932060124,-0.4943106261250614,4.793699999999999,1,4.793699999999999,6.0,inf
997,5,-0.27428427274484035,0.40121908932060124,-0.4943106261250614,4.793699999999999,1,4.793699999999999,6.0,inf
998,0,-2.20225787299187,-0.4957078573067285,-0.021566598804632704,6.0,0,8.0001,6.0,inf
998,1,-2.20225787299187,-0.4957078573067285,-0.021566598804632704,6.0,0,8.0001,6.0,inf
998,2,-2.20225787299187,-0.4957078573067285,-0.021566598804632704,6.0,0,8.0001,6.0,inf
998,3,-2.20225787299187,-0.4957078573067285,-0.021566598804632704,6.0,0,8.0001,6.0,inf
998,4,-2.20225787299187,-0.4957078573067285,-0.021566598804632704,6.0,0,8.0001,6.0,inf
998,5,-2.20225787299187,-0.4957078573067285,-0.021566598804632704,6.0,0,8.0001,6.0,inf
999,0,0.7700347025696362,1.7114950537893778,-1.4087176840871998,1.2036,1,1.2036,6.0,inf
999,1,0.7700347025696362,1.7114950537893778,-1.4087176840871998,1.2036,1,1.2036,6.0,inf
999,2,0.7700347025696362,1.7114950537893778,-1.4087176840871998,1.2036,1,1.2036,6.0,inf
999,3,0.7700347025696362,1.7114950537893778,-1.4087176840871998,1.2036,1,1.2036,6.0,inf
999,4,0.7700347025696362,1.7114950537893778,-1.4087176840871998,1.2036,1,1.2036,6.0,inf
999,5,0.7700347025696362,1.7114950537893778,-1.4087176840871998,1.2036,1,1.2036,6.0,inf
