id,k,x1,x2,x3,time,event,time_true,c1,c2
0,0,-0.8499407173512074,0.2693523845306319,0.23105213948707862,4.3899,1,4.3899,6.0,inf
0,1,-0.8499407173512074,0.2693523845306319,0.23105213948707862,4.3899,1,4.3899,6.0,inf
0,2,-0.8499407173512074,0.2693523845306319,0.23105213948707862,4.3899,1,4.3899,6.0,inf
0,3,-0.8499407173512074,0.2693523845306319,0.23105213948707862,4.3899,1,4.3899,6.0,inf
0,4,-0.8499407173512074,0.2693523845306319,0.23105213948707862,4.3899,1,4.3899,6.0,inf
0,5,-0.8499407173512074,0.2693523845306319,0.23105213948707862,4.3899,1,4.3899,6.0,inf
1,0,0.32194084810654905,0.6249773004003565,-1.168864422719922,0.9230999999999999,1,0.9230999999999999,6.0,inf
1,1,0.32194084810654905,0.6249773004003565,-1.168864422719922,0.9230999999999999,1,0.9230999999999999,6.0,inf
1,2,0.32194084810654905,0.6249773004003565,-1.168864422719922,0.9230999999999999,1,0.9230999999999999,6.0,inf
1,3,0.32194084810654905,0.6249773004003565,-1.168864422719922,0.9230999999999999,1,0.9230999999999999,6.0,inf
1,4,0.32194084810654905,0.6249773004003565,-1.168864422719922,0.9230999999999999,1,0.9230999999999999,6.0,inf
1,5,0.32194084810654905,0.6249773004003565,-1.168864422719922,0.9230999999999999,1,0.9230999999999999,6.0,inf
2,0,1.7890428597827681,-0.10660835322759653,-1.175867620645635,3.0378,1,3.0378,6.0,inf
2,1,1.7890428597827681,-0.10660835322759653,-1.175867620645635,3.0378,1,3.0378,6.0,inf
2,2,1.7890428597827681,-0.10660835322759653,-1.175867620645635,3.0378,1,3.0378,6.0,inf
2,3,1.7890428597827681,-0.10660835322759653,-1.175867620645635,3.0378,1,3.0378,6.0,inf
2,4,1.7890428597827681,-0.10660835322759653,-1.175867620645635,3.0378,1,3.0378,6.0,inf
2,5,1.7890428597827681,-0.10660835322759653,-1.175867620645635,3.0378,1,3.0378,6.0,inf
3,0,0.8793391961989334,-0.425850444762731,0.23218168751327695,2.6468999999999996,1,2.6468999999999996,6.0,inf
3,1,0.8793391961989334,-0.425850444762731,0.23218168751327695,2.6468999999999996,1,2.6468999999999996,6.0,inf
3,2,0.8793391961989334,-0.425850444762731,0.23218168751327695,2.6468999999999996,1,2.6468999999999996,6.0,inf
3,3,0.8793391961989334,-0.425850444762731,0.23218168751327695,2.6468999999999996,1,2.6468999999999996,6.0,inf
3,4,0.8793391961989334,-0.425850444762731,0.23218168751327695,2.6468999999999996,1,2.6468999999999996,6.0,inf
3,5,0.8793391961989334,-0.425850444762731,0.23218168751327695,2.6468999999999996,1,2.6468999999999996,6.0,inf
4,0,0.3715928206197059,0.07441144094059066,1.0444475955854131,1.047,1,1.047,6.0,inf
4,1,0.3715928206197059,0.07441144094059066,1.0444475955854131,1.047,1,1.047,6.0,inf
4,2,0.3715928206197059,0.07441144094059066,1.0444475955854131,1.047,1,1.047,6.0,inf
4,3,0.3715928206197059,0.07441144094059066,1.0444475955854131,1.047,1,1.047,6.0,inf
4,4,0.3715928206197059,0.07441144094059066,1.0444475955854131,1.047,1,1.047,6.0,inf
4,5,0.3715928206197059,0.07441144094059066,1.0444475955854131,1.047,1,1.047,6.0,inf
5,0,1.487693783481416,0.37998417265574563,1.037758406131819,2.5164,1,2.5164,6.0,inf
5,1,1.487693783481416,0.37998417265574563,1.037758406131819,2.5164,1,2.5164,6.0,inf
5,2,1.487693783481416,0.37998417265574563,1.037758406131819,2.5164,1,2.5164,6.0,inf
5,3,1.487693783481416,0.37998417265574563,1.037758406131819,2.5164,1,2.5164,6.0,inf
5,4,1.487693783481416,0.37998417265574563,1.037758406131819,2.5164,1,2.5164,6.0,inf
5,5,1.487693783481416,0.37998417265574563,1.037758406131819,2.5164,1,2.5164,6.0,inf
6,0,0.7286655297311473,1.2164929708507348,0.1121846247014452,4.02,1,4.02,6.0,inf
6,1,0.7286655297311473,1.2164929708507348,0.1121846247014452,4.02,1,4.02,6.0,inf
6,2,0.7286655297311473,1.2164929708507348,0.1121846247014452,4.02,1,4.02,6.0,inf
6,3,0.7286655297311473,1.2164929708507348,0.1121846247014452,4.02,1,4.02,6.0,inf
6,4,0.7286655297311473,1.2164929708507348,0.1121846247014452,4.02,1,4.02,6.0,inf
6,5,0.7286655297311473,1.2164929708507348,0.1121846247014452,4.02,1,4.02,6.0,inf
7,0,2.0812487277245526,-2.291018767799794,0.8337341819392453,2.0111999999999997,1,2.0111999999999997,6.0,inf
7,1,2.0812487277245526,-2.291018767799794,0.8337341819392453,2.0111999999999997,1,2.0111999999999997,6.0,inf
7,2,2.0812487277245526,-2.291018767799794,0.8337341819392453,2.0111999999999997,1,2.0111999999999997,6.0,inf
7,3,2.0812487277245526,-2.291018767799794,0.8337341819392453,2.0111999999999997,1,2.0111999999999997,6.0,inf
7,4,2.0812487277245526,-2.291018767799794,0.8337341819392453,2.0111999999999997,1,2.0111999999999997,6.0,inf
7,5,2.0812487277245526,-2.291018767799794,0.8337341819392453,2.0111999999999997,1,2.0111999999999997,6.0,inf
8,0,-1.337268076852899,0.005825773522539932,3.007027299252699,1.1091,1,1.1091,6.0,inf
8,1,-1.337268076852899,0.005825773522539932,3.007027299252699,1.1091,1,1.1091,6.0,inf
8,2,-1.337268076852899,0.005825773522539932,3.007027299252699,1.1091,1,1.1091,6.0,inf
8,3,-1.337268076852899,0.005825773522539932,3.007027299252699,1.1091,1,1.1091,6.0,inf
8,4,-1.337268076852899,0.005825773522539932,3.007027299252699,1.1091,1,1.1091,6.0,inf
8,5,-1.337268076852899,0.005825773522539932,3.007027299252699,1.1091,1,1.1091,6.0,inf
9,0,0.12535155190927505,0.5633667430613587,0.32529183124844907,0.72,1,0.72,6.0,inf
9,1,0.12535155190927505,0.5633667430613587,0.32529183124844907,0.72,1,0.72,6.0,inf
9,2,0.12535155190927505,0.5633667430613587,0.32529183124844907,0.72,1,0.72,6.0,inf
9,3,0.12535155190927505,0.5633667430613587,0.32529183124844907,0.72,1,0.72,6.0,inf
9,4,0.12535155190927505,0.5633667430613587,0.32529183124844907,0.72,1,0.72,6.0,inf
9,5,0.12535155190927505,0.5633667430613587,0.32529183124844907,0.72,1,0.72,6.0,inf
10,0,0.5442212304483018,0.5574789595680247,-0.3230976069974312,2.8154999999999997,1,2.8154999999999997,6.0,inf
10,1,0.5442212304483018,0.5574789595680247,-0.3230976069974312,2.8154999999999997,1,2.8154999999999997,6.0,inf
10,2,0.5442212304483018,0.5574789595680247,-0.3230976069974312,2.8154999999999997,1,2.8154999999999997,6.0,inf
10,3,0.5442212304483018,0.5574789595680247,-0.3230976069974312,2.8154999999999997,1,2.8154999999999997,6.0,inf
10,4,0.5442212304483018,0.5574789595680247,-0.3230976069974312,2.8154999999999997,1,2.8154999999999997,6.0,inf
10,5,0.5442212304483018,0.5574789595680247,-0.3230976069974312,2.8154999999999997,1,2.8154999999999997,6.0,inf
11,0,-0.6738274757080936,0.1178776521352077,0.7080478796765193,3.1704,1,3.1704,6.0,inf
11,1,-0.6738274757080936,0.1178776521352077,0.7080478796765193,3.1704,1,3.1704,6.0,inf
11,2,-0.6738274757080936,0.1178776521352077,0.7080478796765193,3.1704,1,3.1704,6.0,inf
11,3,-0.6738274757080936,0.1178776521352077,0.7080478796765193,3.1704,1,3.1704,6.0,inf
11,4,-0.6738274757080936,0.1178776521352077,0.7080478796765193,3.1704,1,3.1704,6.0,inf
11,5,-0.6738274757080936,0.1178776521352077,0.7080478796765193,3.1704,1,3.1704,6.0,inf
12,0,0.019644724533828577,2.0108091070464487,0.38579678224388103,0.9455999999999999,1,0.9455999999999999,6.0,inf
12,1,0.019644724533828577,2.0108091070464487,0.38579678224388103,0.9455999999999999,1,0.9455999999999999,6.0,inf
12,2,0.019644724533828577,2.0108091070464487,0.38579678224388103,0.9455999999999999,1,0.9455999999999999,6.0,inf
12,3,0.019644724533828577,2.0108091070464487,0.38579678224388103,0.9455999999999999,1,0.9455999999999999,6.0,inf
12,4,0.019644724533828577,2.0108091070464487,0.38579678224388103,0.9455999999999999,1,0.9455999999999999,6.0,inf
12,5,0.019644724533828577,2.0108091070464487,0.38579678224388103,0.9455999999999999,1,0.9455999999999999,6.0,inf
13,0,-1.0580851174454495,0.9178201737600408,-0.08018037995170632,4.805999999999999,1,4.805999999999999,6.0,inf
13,1,-1.0580851174454495,0.9178201737600408,-0.08018037995170632,4.805999999999999,1,4.805999999999999,6.0,inf
13,2,-1.0580851174454495,0.9178201737600408,-0.08018037995170632,4.805999999999999,1,4.805999999999999,6.0,inf
13,3,-1.0580851174454495,0.9178201737600408,-0.08018037995170632,4.805999999999999,1,4.805999999999999,6.0,inf
13,4,-1.0580851174454495,0.9178201737600408,-0.08018037995170632,4.805999999999999,1,4.805999999999999,6.0,inf
13,5,-1.0580851174454495,0.9178201737600408,-0.08018037995170632,4.805999999999999,1,4.805999999999999,6.0,inf
14,0,-1.348066219927097,-0.4133795126004499,-0.5381625889479935,4.520099999999999,1,4.520099999999999,6.0,inf
14,1,-1.348066219927097,-0.4133795126004499,-0.5381625889479935,4.520099999999999,1,4.520099999999999,6.0,inf
14,2,-1.348066219927097,-0.4133795126004499,-0.5381625889479935,4.520099999999999,1,4.520099999999999,6.0,inf
14,3,-1.348066219927097,-0.4133795126004499,-0.5381625889479935,4.520099999999999,1,4.520099999999999,6.0,inf
14,4,-1.348066219927097,-0.4133795126004499,-0.5381625889479935,4.520099999999999,1,4.520099999999999,6.0,inf
14,5,-1.348066219927097,-0.4133795126004499,-0.5381625889479935,4.520099999999999,1,4.520099999999999,6.0,inf
15,0,1.2198260204010818,-0.9262292076113686,1.5238257155951693,1.3332,1,1.3332,6.0,inf
15,1,1.2198260204010818,-0.9262292076113686,1.5238257155951693,1.3332,1,1.3332,6.0,inf
15,2,1.2198260204010818,-0.9262292076113686,1.5238257155951693,1.3332,1,1.3332,6.0,inf
15,3,1.2198260204010818,-0.9262292076113686,1.5238257155951693,1.3332,1,1.3332,6.0,inf
15,4,1.2198260204010818,-0.9262292076113686,1.5238257155951693,1.3332,1,1.3332,6.0,inf
15,5,1.2198260204010818,-0.9262292076113686,1.5238257155951693,1.3332,1,1.3332,6.0,inf
16,0,-2.4001908651332746,-0.29352408546312725,0.571584961047803,0.2628,1,0.2628,6.0,inf
16,1,-2.4001908651332746,-0.29352408546312725,0.571584961047803,0.2628,1,0.2628,6.0,inf
16,2,-2.4001908651332746,-0.29352408546312725,0.571584961047803,0.2628,1,0.2628,6.0,inf
16,3,-2.4001908651332746,-0.29352408546312725,0.571584961047803,0.2628,1,0.2628,6.0,inf
16,4,-2.4001908651332746,-0.29352408546312725,0.571584961047803,0.2628,1,0.2628,6.0,inf
16,5,-2.4001908651332746,-0.29352408546312725,0.571584961047803,0.2628,1,0.2628,6.0,inf
17,0,-1.5565797476315046,-0.2418680220297354,1.8683582601132267,0.5901,1,0.5901,6.0,inf
17,1,-1.5565797476315046,-0.2418680220297354,1.8683582601132267,0.5901,1,0.5901,6.0,inf
17,2,-1.5565797476315046,-0.2418680220297354,1.8683582601132267,0.5901,1,0.5901,6.0,inf
17,3,-1.5565797476315046,-0.2418680220297354,1.8683582601132267,0.5901,1,0.5901,6.0,inf
17,4,-1.5565797476315046,-0.2418680220297354,1.8683582601132267,0.5901,1,0.5901,6.0,inf
17,5,-1.5565797476315046,-0.2418680220297354,1.8683582601132267,0.5901,1,0.5901,6.0,inf
18,0,-0.4148247288019448,0.05965636455544519,0.4559931584698228,2.1506999999999996,1,2.1506999999999996,6.0,inf
18,1,-0.4148247288019448,0.05965636455544519,0.4559931584698228,2.1506999999999996,1,2.1506999999999996,6.0,inf
18,2,-0.4148247288019448,0.05965636455544519,0.4559931584698228,2.1506999999999996,1,2.1506999999999996,6.0,inf
18,3,-0.4148247288019448,0.05965636455544519,0.4559931584698228,2.1506999999999996,1,2.1506999999999996,6.0,inf
18,4,-0.4148247288019448,0.05965636455544519,0.4559931584698228,2.1506999999999996,1,2.1506999999999996,6.0,inf
18,5,-0.4148247288019448,0.05965636455544519,0.4559931584698228,2.1506999999999996,1,2.1506999999999996,6.0,inf
19,0,-1.0050698906159712,0.6460497204562541,-0.02587710953260731,6.0,0,6.6846,6.0,inf
19,1,-1.0050698906159712,0.6460497204562541,-0.02587710953260731,6.0,0,6.6846,6.0,inf
19,2,-1.0050698906159712,0.6460497204562541,-0.02587710953260731,6.0,0,6.6846,6.0,inf
19,3,-1.0050698906159712,0.6460497204562541,-0.02587710953260731,6.0,0,6.6846,6.0,inf
19,4,-1.0050698906159712,0.6460497204562541,-0.02587710953260731,6.0,0,6.6846,6.0,inf
19,5,-1.0050698906159712,0.6460497204562541,-0.02587710953260731,6.0,0,6.6846,6.0,inf
20,0,0.9691764697258007,1.6183026744917666,-0.483468461518389,3.3857999999999997,1,3.3857999999999997,6.0,inf
20,1,0.9691764697258007,1.6183026744917666,-0.483468461518389,3.3857999999999997,1,3.3857999999999997,6.0,inf
20,2,0.9691764697258007,1.6183026744917666,-0.483468461518389,3.3857999999999997,1,3.3857999999999997,6.0,inf
20,3,0.9691764697258007,1.6183026744917666,-0.483468461518389,3.3857999999999997,1,3.3857999999999997,6.0,inf
20,4,0.9691764697258007,1.6183026744917666,-0.483468461518389,3.3857999999999997,1,3.3857999999999997,6.0,inf
20,5,0.9691764697258007,1.6183026744917666,-0.483468461518389,3.3857999999999997,1,3.3857999999999997,6.0,inf
21,0,0.6467503753698652,-0.028219307139386005,-0.22416563350465488,5.9262,1,5.9262,6.0,inf
21,1,0.6467503753698652,-0.028219307139386005,-0.22416563350465488,5.9262,1,5.9262,6.0,inf
21,2,0.6467503753698652,-0.028219307139386005,-0.22416563350465488,5.9262,1,5.9262,6.0,inf
21,3,0.6467503753698652,-0.028219307139386005,-0.22416563350465488,5.9262,1,5.9262,6.0,inf
21,4,0.6467503753698652,-0.028219307139386005,-0.22416563350465488,5.9262,1,5.9262,6.0,inf
21,5,0.6467503753698652,-0.028219307139386005,-0.22416563350465488,5.9262,1,5.9262,6.0,inf
22,0,0.26726439309277944,-0.3777739111523323,-0.5914569958649403,1.563,1,1.563,6.0,inf
22,1,0.26726439309277944,-0.3777739111523323,-0.5914569958649403,1.563,1,1.563,6.0,inf
22,2,0.26726439309277944,-0.3777739111523323,-0.5914569958649403,1.563,1,1.563,6.0,inf
22,3,0.26726439309277944,-0.3777739111523323,-0.5914569958649403,1.563,1,1.563,6.0,inf
22,4,0.26726439309277944,-0.3777739111523323,-0.5914569958649403,1.563,1,1.563,6.0,inf
22,5,0.26726439309277944,-0.3777739111523323,-0.5914569958649403,1.563,1,1.563,6.0,inf
23,0,1.547032043823378,1.683530031863173,-0.886044628231069,4.17,1,4.17,6.0,inf
23,1,1.547032043823378,1.683530031863173,-0.886044628231069,4.17,1,4.17,6.0,inf
23,2,1.547032043823378,1.683530031863173,-0.886044628231069,4.17,1,4.17,6.0,inf
23,3,1.547032043823378,1.683530031863173,-0.886044628231069,4.17,1,4.17,6.0,inf
23,4,1.547032043823378,1.683530031863173,-0.886044628231069,4.17,1,4.17,6.0,inf
23,5,1.547032043823378,1.683530031863173,-0.886044628231069,4.17,1,4.17,6.0,inf
24,0,1.176536538334872,1.0502274464314871,2.371731967705733,2.2575,1,2.2575,6.0,inf
24,1,1.176536538334872,1.0502274464314871,2.371731967705733,2.2575,1,2.2575,6.0,inf
24,2,1.176536538334872,1.0502274464314871,2.371731967705733,2.2575,1,2.2575,6.0,inf
24,3,1.176536538334872,1.0502274464314871,2.371731967705733,2.2575,1,2.2575,6.0,inf
24,4,1.176536538334872,1.0502274464314871,2.371731967705733,2.2575,1,2.2575,6.0,inf
24,5,1.176536538334872,1.0502274464314871,2.371731967705733,2.2575,1,2.2575,6.0,inf
25,0,1.149961209338597,-1.0933327299410964,-0.717739532273904,0.6944999999999999,1,0.6944999999999999,6.0,inf
25,1,1.149961209338597,-1.0933327299410964,-0.717739532273904,0.6944999999999999,1,0.6944999999999999,6.0,inf
25,2,1.149961209338597,-1.0933327299410964,-0.717739532273904,0.6944999999999999,1,0.6944999999999999,6.0,inf
25,3,1.149961209338597,-1.0933327299410964,-0.717739532273904,0.6944999999999999,1,0.6944999999999999,6.0,inf
25,4,1.149961209338597,-1.0933327299410964,-0.717739532273904,0.6944999999999999,1,0.6944999999999999,6.0,inf
25,5,1.149961209338597,-1.0933327299410964,-0.717739532273904,0.6944999999999999,1,0.6944999999999999,6.0,inf
26,0,0.38008235127581025,-0.6931524595408859,0.31301237499334694,2.8383,1,2.8383,6.0,inf
26,1,0.38008235127581025,-0.6931524595408859,0.31301237499334694,2.8383,1,2.8383,6.0,inf
26,2,0.38008235127581025,-0.6931524595408859,0.31301237499334694,2.8383,1,2.8383,6.0,inf
26,3,0.38008235127581025,-0.6931524595408859,0.31301237499334694,2.8383,1,2.8383,6.0,inf
26,4,0.38008235127581025,-0.6931524595408859,0.31301237499334694,2.8383,1,2.8383,6.0,inf
26,5,0.38008235127581025,-0.6931524595408859,0.31301237499334694,2.8383,1,2.8383,6.0,inf
27,0,0.03514379289634803,0.43180799174941265,-0.07215725595903077,3.0500999999999996,1,3.0500999999999996,6.0,inf
27,1,0.03514379289634803,0.43180799174941265,-0.07215725595903077,3.0500999999999996,1,3.0500999999999996,6.0,inf
27,2,0.03514379289634803,0.43180799174941265,-0.07215725595903077,3.0500999999999996,1,3.0500999999999996,6.0,inf
27,3,0.03514379289634803,0.43180799174941265,-0.07215725595903077,3.0500999999999996,1,3.0500999999999996,6.0,inf
27,4,0.03514379289634803,0.43180799174941265,-0.07215725595903077,3.0500999999999996,1,3.0500999999999996,6.0,inf
27,5,0.03514379289634803,0.43180799174941265,-0.07215725595903077,3.0500999999999996,1,3.0500999999999996,6.0,inf
28,0,0.876896600420665,1.029636367946206,-0.7739130285508123,4.8621,1,4.8621,6.0,inf
28,1,0.876896600420665,1.029636367946206,-0.7739130285508123,4.8621,1,4.8621,6.0,inf
28,2,0.876896600420665,1.029636367946206,-0.7739130285508123,4.8621,1,4.8621,6.0,inf
28,3,0.876896600420665,1.029636367946206,-0.7739130285508123,4.8621,1,4.8621,6.0,inf
28,4,0.876896600420665,1.029636367946206,-0.7739130285508123,4.8621,1,4.8621,6.0,inf
28,5,0.876896600420665,1.029636367946206,-0.7739130285508123,4.8621,1,4.8621,6.0,inf
29,0,0.9787058085898499,0.11504549952927903,0.5370173864355927,2.3124,1,2.3124,6.0,inf
29,1,0.9787058085898499,0.11504549952927903,0.5370173864355927,2.3124,1,2.3124,6.0,inf
29,2,0.9787058085898499,0.11504549952927903,0.5370173864355927,2.3124,1,2.3124,6.0,inf
29,3,0.9787058085898499,0.11504549952927903,0.5370173864355927,2.3124,1,2.3124,6.0,inf
29,4,0.9787058085898499,0.11504549952927903,0.5370173864355927,2.3124,1,2.3124,6.0,inf
29,5,0.9787058085898499,0.11504549952927903,0.5370173864355927,2.3124,1,2.3124,6.0,inf
30,0,0.36795013025689116,-0.9536433153964393,-0.6607946845439244,2.4989999999999997,1,2.4989999999999997,6.0,inf
30,1,0.36795013025689116,-0.9536433153964393,-0.6607946845439244,2.4989999999999997,1,2.4989999999999997,6.0,inf
30,2,0.36795013025689116,-0.9536433153964393,-0.6607946845439244,2.4989999999999997,1,2.4989999999999997,6.0,inf
30,3,0.36795013025689116,-0.9536433153964393,-0.6607946845439244,2.4989999999999997,1,2.4989999999999997,6.0,inf
30,4,0.36795013025689116,-0.9536433153964393,-0.6607946845439244,2.4989999999999997,1,2.4989999999999997,6.0,inf
30,5,0.36795013025689116,-0.9536433153964393,-0.6607946845439244,2.4989999999999997,1,2.4989999999999997,6.0,inf
31,0,0.17431947396612377,-1.1028088975899681,-0.01552191900263817,2.9654999999999996,1,2.9654999999999996,6.0,inf
31,1,0.17431947396612377,-1.1028088975899681,-0.01552191900263817,2.9654999999999996,1,2.9654999999999996,6.0,inf
31,2,0.17431947396612377,-1.1028088975899681,-0.01552191900263817,2.9654999999999996,1,2.9654999999999996,6.0,inf
31,3,0.17431947396612377,-1.1028088975899681,-0.01552191900263817,2.9654999999999996,1,2.9654999999999996,6.0,inf
31,4,0.17431947396612377,-1.1028088975899681,-0.01552191900263817,2.9654999999999996,1,2.9654999999999996,6.0,inf
31,5,0.17431947396612377,-1.1028088975899681,-0.01552191900263817,2.9654999999999996,1,2.9654999999999996,6.0,inf
32,0,0.5349830964261906,0.7636988554490752,-0.6849875599955417,4.0268999999999995,1,4.0268999999999995,6.0,inf
32,1,0.5349830964261906,0.7636988554490752,-0.6849875599955417,4.0268999999999995,1,4.0268999999999995,6.0,inf
32,2,0.5349830964261906,0.7636988554490752,-0.6849875599955417,4.0268999999999995,1,4.0268999999999995,6.0,inf
32,3,0.5349830964261906,0.7636988554490752,-0.6849875599955417,4.0268999999999995,1,4.0268999999999995,6.0,inf
32,4,0.5349830964261906,0.7636988554490752,-0.6849875599955417,4.0268999999999995,1,4.0268999999999995,6.0,inf
32,5,0.5349830964261906,0.7636988554490752,-0.6849875599955417,4.0268999999999995,1,4.0268999999999995,6.0,inf
33,0,0.9070428295857713,-0.09190214398523473,-0.23586844210422844,2.5037999999999996,1,2.5037999999999996,6.0,inf
33,1,0.9070428295857713,-0.09190214398523473,-0.23586844210422844,2.5037999999999996,1,2.5037999999999996,6.0,inf
33,2,0.9070428295857713,-0.09190214398523473,-0.23586844210422844,2.5037999999999996,1,2.5037999999999996,6.0,inf
33,3,0.9070428295857713,-0.09190214398523473,-0.23586844210422844,2.5037999999999996,1,2.5037999999999996,6.0,inf
33,4,0.9070428295857713,-0.09190214398523473,-0.23586844210422844,2.5037999999999996,1,2.5037999999999996,6.0,inf
33,5,0.9070428295857713,-0.09190214398523473,-0.23586844210422844,2.5037999999999996,1,2.5037999999999996,6.0,inf
34,0,0.9889981780521577,0.29760192383011563,0.7074315458485176,0.7943999999999999,1,0.7943999999999999,6.0,inf
34,1,0.9889981780521577,0.29760192383011563,0.7074315458485176,0.7943999999999999,1,0.7943999999999999,6.0,inf
34,2,0.9889981780521577,0.29760192383011563,0.7074315458485176,0.7943999999999999,1,0.7943999999999999,6.0,inf
34,3,0.9889981780521577,0.29760192383011563,0.7074315458485176,0.7943999999999999,1,0.7943999999999999,6.0,inf
34,4,0.9889981780521577,0.29760192383011563,0.7074315458485176,0.7943999999999999,1,0.7943999999999999,6.0,inf
34,5,0.9889981780521577,0.29760192383011563,0.7074315458485176,0.7943999999999999,1,0.7943999999999999,6.0,inf
35,0,-0.8052987679013394,0.6707137708196149,0.18647428119477247,1.0026,1,1.0026,6.0,inf
35,1,-0.8052987679013394,0.6707137708196149,0.18647428119477247,1.0026,1,1.0026,6.0,inf
35,2,-0.8052987679013394,0.6707137708196149,0.18647428119477247,1.0026,1,1.0026,6.0,inf
35,3,-0.8052987679013394,0.6707137708196149,0.18647428119477247,1.0026,1,1.0026,6.0,inf
35,4,-0.8052987679013394,0.6707137708196149,0.18647428119477247,1.0026,1,1.0026,6.0,inf
35,5,-0.8052987679013394,0.6707137708196149,0.18647428119477247,1.0026,1,1.0026,6.0,inf
36,0,-0.2796758465408784,1.2592467198712405,-0.08452802682882768,2.1351,1,2.1351,6.0,inf
36,1,-0.2796758465408784,1.2592467198712405,-0.08452802682882768,2.1351,1,2.1351,6.0,inf
36,2,-0.2796758465408784,1.2592467198712405,-0.08452802682882768,2.1351,1,2.1351,6.0,inf
36,3,-0.2796758465408784,1.2592467198712405,-0.08452802682882768,2.1351,1,2.1351,6.0,inf
36,4,-0.2796758465408784,1.2592467198712405,-0.08452802682882768,2.1351,1,2.1351,6.0,inf
36,5,-0.2796758465408784,1.2592467198712405,-0.08452802682882768,2.1351,1,2.1351,6.0,inf
37,0,0.7485388148976614,1.5377959331630293,-1.7247675588368485,4.545299999999999,1,4.545299999999999,6.0,inf
37,1,0.7485388148976614,1.5377959331630293,-1.7247675588368485,4.545299999999999,1,4.545299999999999,6.0,inf
37,2,0.7485388148976614,1.5377959331630293,-1.7247675588368485,4.545299999999999,1,4.545299999999999,6.0,inf
37,3,0.7485388148976614,1.5377959331630293,-1.7247675588368485,4.545299999999999,1,4.545299999999999,6.0,inf
37,4,0.7485388148976614,1.5377959331630293,-1.7247675588368485,4.545299999999999,1,4.545299999999999,6.0,inf
37,5,0.7485388148976614,1.5377959331630293,-1.7247675588368485,4.545299999999999,1,4.545299999999999,6.0,inf
38,0,0.13229221629614624,0.6752349321896595,-0.22216192180482375,3.2436,1,3.2436,6.0,inf
38,1,0.13229221629614624,0.6752349321896595,-0.22216192180482375,3.2436,1,3.2436,6.0,inf
38,2,0.13229221629614624,0.6752349321896595,-0.22216192180482375,3.2436,1,3.2436,6.0,inf
38,3,0.13229221629614624,0.6752349321896595,-0.22216192180482375,3.2436,1,3.2436,6.0,inf
38,4,0.13229221629614624,0.6752349321896595,-0.22216192180482375,3.2436,1,3.2436,6.0,inf
38,5,0.13229221629614624,0.6752349321896595,-0.22216192180482375,3.2436,1,3.2436,6.0,inf
39,0,-0.019689775159279516,1.1614712464430477,0.3188637034944907,2.4951,1,2.4951,6.0,inf
39,1,-0.019689775159279516,1.1614712464430477,0.3188637034944907,2.4951,1,2.4951,6.0,inf
39,2,-0.019689775159279516,1.1614712464430477,0.3188637034944907,2.4951,1,2.4951,6.0,inf
39,3,-0.019689775159279516,1.1614712464430477,0.3188637034944907,2.4951,1,2.4951,6.0,inf
39,4,-0.019689775159279516,1.1614712464430477,0.3188637034944907,2.4951,1,2.4951,6.0,inf
39,5,-0.019689775159279516,1.1614712464430477,0.3188637034944907,2.4951,1,2.4951,6.0,inf
40,0,0.9568584451628196,-1.442550516880202,0.046027533356848276,2.2215,1,2.2215,6.0,inf
40,1,0.9568584451628196,-1.442550516880202,0.046027533356848276,2.2215,1,2.2215,6.0,inf
40,2,0.9568584451628196,-1.442550516880202,0.046027533356848276,2.2215,1,2.2215,6.0,inf
40,3,0.9568584451628196,-1.442550516880202,0.046027533356848276,2.2215,1,2.2215,6.0,inf
40,4,0.9568584451628196,-1.442550516880202,0.046027533356848276,2.2215,1,2.2215,6.0,inf
40,5,0.9568584451628196,-1.442550516880202,0.046027533356848276,2.2215,1,2.2215,6.0,inf
41,0,-0.08517853360940424,-2.460768937378274,1.2075858405844684,0.9269999999999999,1,0.9269999999999999,6.0,inf
41,1,-0.08517853360940424,-2.460768937378274,1.2075858405844684,0.9269999999999999,1,0.9269999999999999,6.0,inf
41,2,-0.08517853360940424,-2.460768937378274,1.2075858405844684,0.9269999999999999,1,0.9269999999999999,6.0,inf
41,3,-0.08517853360940424,-2.460768937378274,1.2075858405844684,0.9269999999999999,1,0.9269999999999999,6.0,inf
41,4,-0.08517853360940424,-2.460768937378274,1.2075858405844684,0.9269999999999999,1,0.9269999999999999,6.0,inf
41,5,-0.08517853360940424,-2.460768937378274,1.2075858405844684,0.9269999999999999,1,0.9269999999999999,6.0,inf
42,0,0.6330365859440811,-1.2030942441197598,-0.7788944356497726,2.0532,1,2.0532,6.0,inf
42,1,0.6330365859440811,-1.2030942441197598,-0.7788944356497726,2.0532,1,2.0532,6.0,inf
42,2,0.6330365859440811,-1.2030942441197598,-0.7788944356497726,2.0532,1,2.0532,6.0,inf
42,3,0.6330365859440811,-1.2030942441197598,-0.7788944356497726,2.0532,1,2.0532,6.0,inf
42,4,0.6330365859440811,-1.2030942441197598,-0.7788944356497726,2.0532,1,2.0532,6.0,inf
42,5,0.6330365859440811,-1.2030942441197598,-0.7788944356497726,2.0532,1,2.0532,6.0,inf
43,0,-1.152756810119215,-0.309909919060566,0.8487532569595126,0.5988,1,0.5988,6.0,inf
43,1,-1.152756810119215,-0.309909919060566,0.8487532569595126,0.5988,1,0.5988,6.0,inf
43,2,-1.152756810119215,-0.309909919060566,0.8487532569595126,0.5988,1,0.5988,6.0,inf
43,3,-1.152756810119215,-0.309909919060566,0.8487532569595126,0.5988,1,0.5988,6.0,inf
43,4,-1.152756810119215,-0.309909919060566,0.8487532569595126,0.5988,1,0.5988,6.0,inf
43,5,-1.152756810119215,-0.309909919060566,0.8487532569595126,0.5988,1,0.5988,6.0,inf
44,0,1.7274047195665718,-0.09529716679078347,0.9848702612135313,2.0421,1,2.0421,6.0,inf
44,1,1.7274047195665718,-0.09529716679078347,0.9848702612135313,2.0421,1,2.0421,6.0,inf
44,2,1.7274047195665718,-0.09529716679078347,0.9848702612135313,2.0421,1,2.0421,6.0,inf
44,3,1.7274047195665718,-0.09529716679078347,0.9848702612135313,2.0421,1,2.0421,6.0,inf
44,4,1.7274047195665718,-0.09529716679078347,0.9848702612135313,2.0421,1,2.0421,6.0,inf
44,5,1.7274047195665718,-0.09529716679078347,0.9848702612135313,2.0421,1,2.0421,6.0,inf
45,0,-0.5925851222465945,0.9803205333229549,1.5810022838740925,1.1462999999999999,1,1.1462999999999999,6.0,inf
45,1,-0.5925851222465945,0.9803205333229549,1.5810022838740925,1.1462999999999999,1,1.1462999999999999,6.0,inf
45,2,-0.5925851222465945,0.9803205333229549,1.5810022838740925,1.1462999999999999,1,1.1462999999999999,6.0,inf
45,3,-0.5925851222465945,0.9803205333229549,1.5810022838740925,1.1462999999999999,1,1.1462999999999999,6.0,inf
45,4,-0.5925851222465945,0.9803205333229549,1.5810022838740925,1.1462999999999999,1,1.1462999999999999,6.0,inf
45,5,-0.5925851222465945,0.9803205333229549,1.5810022838740925,1.1462999999999999,1,1.1462999999999999,6.0,inf
46,0,-0.3513554271863834,0.46033643898399174,1.0109768748172587,1.2684,1,1.2684,6.0,inf
46,1,-0.3513554271863834,0.46033643898399174,1.0109768748172587,1.2684,1,1.2684,6.0,inf
46,2,-0.3513554271863834,0.46033643898399174,1.0109768748172587,1.2684,1,1.2684,6.0,inf
46,3,-0.3513554271863834,0.46033643898399174,1.0109768748172587,1.2684,1,1.2684,6.0,inf
46,4,-0.3513554271863834,0.46033643898399174,1.0109768748172587,1.2684,1,1.2684,6.0,inf
46,5,-0.3513554271863834,0.46033643898399174,1.0109768748172587,1.2684,1,1.2684,6.0,inf
47,0,2.433537256878197,0.039410608131685135,-0.46005471626572886,1.4745,1,1.4745,6.0,inf
47,1,2.433537256878197,0.039410608131685135,-0.46005471626572886,1.4745,1,1.4745,6.0,inf
47,2,2.433537256878197,0.039410608131685135,-0.46005471626572886,1.4745,1,1.4745,6.0,inf
47,3,2.433537256878197,0.039410608131685135,-0.46005471626572886,1.4745,1,1.4745,6.0,inf
47,4,2.433537256878197,0.039410608131685135,-0.46005471626572886,1.4745,1,1.4745,6.0,inf
47,5,2.433537256878197,0.039410608131685135,-0.46005471626572886,1.4745,1,1.4745,6.0,inf
48,0,1.4384379682408492,0.8565111046841032,0.3188012426426965,2.1191999999999998,1,2.1191999999999998,6.0,inf
48,1,1.4384379682408492,0.8565111046841032,0.3188012426426965,2.1191999999999998,1,2.1191999999999998,6.0,inf
48,2,1.4384379682408492,0.8565111046841032,0.3188012426426965,2.1191999999999998,1,2.1191999999999998,6.0,inf
48,3,1.4384379682408492,0.8565111046841032,0.3188012426426965,2.1191999999999998,1,2.1191999999999998,6.0,inf
48,4,1.4384379682408492,0.8565111046841032,0.3188012426426965,2.1191999999999998,1,2.1191999999999998,6.0,inf
48,5,1.4384379682408492,0.8565111046841032,0.3188012426426965,2.1191999999999998,1,2.1191999999999998,6.0,inf
49,0,0.4894554325568326,-1.7120025620668635,-0.8974291984173826,2.5736999999999997,1,2.5736999999999997,6.0,inf
49,1,0.4894554325568326,-1.7120025620668635,-0.8974291984173826,2.5736999999999997,1,2.5736999999999997,6.0,inf
49,2,0.4894554325568326,-1.7120025620668635,-0.8974291984173826,2.5736999999999997,1,2.5736999999999997,6.0,inf
49,3,0.4894554325568326,-1.7120025620668635,-0.8974291984173826,2.5736999999999997,1,2.5736999999999997,6.0,inf
49,4,0.4894554325568326,-1.7120025620668635,-0.8974291984173826,2.5736999999999997,1,2.5736999999999997,6.0,inf
49,5,0.4894554325568326,-1.7120025620668635,-0.8974291984173826,2.5736999999999997,1,2.5736999999999997,6.0,inf
50,0,-0.39600758113456425,0.5662954616679193,-0.7683585442269459,0.36119999999999997,1,0.36119999999999997,6.0,inf
50,1,-0.39600758113456425,0.5662954616679193,-0.7683585442269459,0.36119999999999997,1,0.36119999999999997,6.0,inf
50,2,-0.39600758113456425,0.5662954616679193,-0.7683585442269459,0.36119999999999997,1,0.36119999999999997,6.0,inf
50,3,-0.39600758113456425,0.5662954616679193,-0.7683585442269459,0.36119999999999997,1,0.36119999999999997,6.0,inf
50,4,-0.39600758113456425,0.5662954616679193,-0.7683585442269459,0.36119999999999997,1,0.36119999999999997,6.0,inf
50,5,-0.39600758113456425,0.5662954616679193,-0.7683585442269459,0.36119999999999997,1,0.36119999999999997,6.0,inf
51,0,-0.45785366980370445,1.0462185528762096,0.11637184711450775,0.7958999999999999,1,0.7958999999999999,6.0,inf
51,1,-0.45785366980370445,1.0462185528762096,0.11637184711450775,0.7958999999999999,1,0.7958999999999999,6.0,inf
51,2,-0.45785366980370445,1.0462185528762096,0.11637184711450775,0.7958999999999999,1,0.7958999999999999,6.0,inf
51,3,-0.45785366980370445,1.0462185528762096,0.11637184711450775,0.7958999999999999,1,0.7958999999999999,6.0,inf
51,4,-0.45785366980370445,1.0462185528762096,0.11637184711450775,0.7958999999999999,1,0.7958999999999999,6.0,inf
51,5,-0.45785366980370445,1.0462185528762096,0.11637184711450775,0.7958999999999999,1,0.7958999999999999,6.0,inf
52,0,-1.5886457921845758,-0.31794232966532854,-0.30069626381476,0.5681999999999999,1,0.5681999999999999,6.0,inf
52,1,-1.5886457921845758,-0.31794232966532854,-0.30069626381476,0.5681999999999999,1,0.5681999999999999,6.0,inf
52,2,-1.5886457921845758,-0.31794232966532854,-0.30069626381476,0.5681999999999999,1,0.5681999999999999,6.0,inf
52,3,-1.5886457921845758,-0.31794232966532854,-0.30069626381476,0.5681999999999999,1,0.5681999999999999,6.0,inf
52,4,-1.5886457921845758,-0.31794232966532854,-0.30069626381476,0.5681999999999999,1,0.5681999999999999,6.0,inf
52,5,-1.5886457921845758,-0.31794232966532854,-0.30069626381476,0.5681999999999999,1,0.5681999999999999,6.0,inf
53,0,-0.7149897714031201,-0.4731764189110907,-1.7464795763254373,5.6652,1,5.6652,6.0,inf
53,1,-0.7149897714031201,-0.4731764189110907,-1.7464795763254373,5.6652,1,5.6652,6.0,inf
53,2,-0.7149897714031201,-0.4731764189110907,-1.7464795763254373,5.6652,1,5.6652,6.0,inf
53,3,-0.7149897714031201,-0.4731764189110907,-1.7464795763254373,5.6652,1,5.6652,6.0,inf
53,4,-0.7149897714031201,-0.4731764189110907,-1.7464795763254373,5.6652,1,5.6652,6.0,inf
53,5,-0.7149897714031201,-0.4731764189110907,-1.7464795763254373,5.6652,1,5.6652,6.0,inf
54,0,-2.7130340956314942,0.25570085751713134,-0.1335833734876025,6.0,0,8.0001,6.0,inf
54,1,-2.7130340956314942,0.25570085751713134,-0.1335833734876025,6.0,0,8.0001,6.0,inf
54,2,-2.7130340956314942,0.25570085751713134,-0.1335833734876025,6.0,0,8.0001,6.0,inf
54,3,-2.7130340956314942,0.25570085751713134,-0.1335833734876025,6.0,0,8.0001,6.0,inf
54,4,-2.7130340956314942,0.25570085751713134,-0.1335833734876025,6.0,0,8.0001,6.0,inf
54,5,-2.7130340956314942,0.25570085751713134,-0.1335833734876025,6.0,0,8.0001,6.0,inf
55,0,0.39751722021563957,-0.9777848347462077,0.12794789659090947,0.10079999999999999,1,0.10079999999999999,6.0,inf
55,1,0.39751722021563957,-0.9777848347462077,0.12794789659090947,0.10079999999999999,1,0.10079999999999999,6.0,inf
55,2,0.39751722021563957,-0.9777848347462077,0.12794789659090947,0.10079999999999999,1,0.10079999999999999,6.0,inf
55,3,0.39751722021563957,-0.9777848347462077,0.12794789659090947,0.10079999999999999,1,0.10079999999999999,6.0,inf
55,4,0.39751722021563957,-0.9777848347462077,0.12794789659090947,0.10079999999999999,1,0.10079999999999999,6.0,inf
55,5,0.39751722021563957,-0.9777848347462077,0.12794789659090947,0.10079999999999999,1,0.10079999999999999,6.0,inf
56,0,0.1558631803886779,0.3670669096126333,-0.3465404024304149,1.8398999999999999,1,1.8398999999999999,6.0,inf
56,1,0.1558631803886779,0.3670669096126333,-0.3465404024304149,1.8398999999999999,1,1.8398999999999999,6.0,inf
56,2,0.1558631803886779,0.3670669096126333,-0.3465404024304149,1.8398999999999999,1,1.8398999999999999,6.0,inf
56,3,0.1558631803886779,0.3670669096126333,-0.3465404024304149,1.8398999999999999,1,1.8398999999999999,6.0,inf
56,4,0.1558631803886779,0.3670669096126333,-0.3465404024304149,1.8398999999999999,1,1.8398999999999999,6.0,inf
56,5,0.1558631803886779,0.3670669096126333,-0.3465404024304149,1.8398999999999999,1,1.8398999999999999,6.0,inf
57,0,-1.065430447720621,-0.9426488300037318,-1.1490375732696367,6.0,0,6.620699999999999,6.0,inf
57,1,-1.065430447720621,-0.9426488300037318,-1.1490375732696367,6.0,0,6.620699999999999,6.0,inf
57,2,-1.065430447720621,-0.9426488300037318,-1.1490375732696367,6.0,0,6.620699999999999,6.0,inf
57,3,-1.065430447720621,-0.9426488300037318,-1.1490375732696367,6.0,0,6.620699999999999,6.0,inf
57,4,-1.065430447720621,-0.9426488300037318,-1.1490375732696367,6.0,0,6.620699999999999,6.0,inf
57,5,-1.065430447720621,-0.9426488300037318,-1.1490375732696367,6.0,0,6.620699999999999,6.0,inf
58,0,0.07774813876044785,-0.19269827636899092,0.365358119742648,1.0107,1,1.0107,6.0,inf
58,1,0.07774813876044785,-0.19269827636899092,0.365358119742648,1.0107,1,1.0107,6.0,inf
58,2,0.07774813876044785,-0.19269827636899092,0.365358119742648,1.0107,1,1.0107,6.0,inf
58,3,0.07774813876044785,-0.19269827636899092,0.365358119742648,1.0107,1,1.0107,6.0,inf
58,4,0.07774813876044785,-0.19269827636899092,0.365358119742648,1.0107,1,1.0107,6.0,inf
58,5,0.07774813876044785,-0.19269827636899092,0.365358119742648,1.0107,1,1.0107,6.0,inf
59,0,-1.6295730241222628,0.8709204558295979,-1.6644213263246554,0.9501,1,0.9501,6.0,inf
59,1,-1.6295730241222628,0.8709204558295979,-1.6644213263246554,0.9501,1,0.9501,6.0,inf
59,2,-1.6295730241222628,0.8709204558295979,-1.6644213263246554,0.9501,1,0.9501,6.0,inf
59,3,-1.6295730241222628,0.8709204558295979,-1.6644213263246554,0.9501,1,0.9501,6.0,inf
59,4,-1.6295730241222628,0.8709204558295979,-1.6644213263246554,0.9501,1,0.9501,6.0,inf
59,5,-1.6295730241222628,0.8709204558295979,-1.6644213263246554,0.9501,1,0.9501,6.0,inf
60,0,-0.42699464095057166,0.5318325118733819,0.7110237387566511,6.0,0,6.445799999999999,6.0,inf
60,1,-0.42699464095057166,0.5318325118733819,0.7110237387566511,6.0,0,6.445799999999999,6.0,inf
60,2,-0.42699464095057166,0.5318325118733819,0.7110237387566511,6.0,0,6.445799999999999,6.0,inf
60,3,-0.42699464095057166,0.5318325118733819,0.7110237387566511,6.0,0,6.445799999999999,6.0,inf
60,4,-0.42699464095057166,0.5318325118733819,0.7110237387566511,6.0,0,6.445799999999999,6.0,inf
60,5,-0.42699464095057166,0.5318325118733819,0.7110237387566511,6.0,0,6.445799999999999,6.0,inf
61,0,0.4027086386750896,0.07146638256950161,0.4587205947209532,3.243,1,3.243,6.0,inf
61,1,0.4027086386750896,0.07146638256950161,0.4587205947209532,3.243,1,3.243,6.0,inf
61,2,0.4027086386750896,0.07146638256950161,0.4587205947209532,3.243,1,3.243,6.0,inf
61,3,0.4027086386750896,0.07146638256950161,0.4587205947209532,3.243,1,3.243,6.0,inf
61,4,0.4027086386750896,0.07146638256950161,0.4587205947209532,3.243,1,3.243,6.0,inf
61,5,0.4027086386750896,0.07146638256950161,0.4587205947209532,3.243,1,3.243,6.0,inf
62,0,0.9996876851425249,0.45729379911191687,-0.3687838955988373,2.5229999999999997,1,2.5229999999999997,6.0,inf
62,1,0.9996876851425249,0.45729379911191687,-0.3687838955988373,2.5229999999999997,1,2.5229999999999997,6.0,inf
62,2,0.9996876851425249,0.45729379911191687,-0.3687838955988373,2.5229999999999997,1,2.5229999999999997,6.0,inf
62,3,0.9996876851425249,0.45729379911191687,-0.3687838955988373,2.5229999999999997,1,2.5229999999999997,6.0,inf
62,4,0.9996876851425249,0.45729379911191687,-0.3687838955988373,2.5229999999999997,1,2.5229999999999997,6.0,inf
62,5,0.9996876851425249,0.45729379911191687,-0.3687838955988373,2.5229999999999997,1,2.5229999999999997,6.0,inf
63,0,0.3543867258371464,-2.79058540153394,1.180892843370519,0.18899999999999997,1,0.18899999999999997,6.0,inf
63,1,0.3543867258371464,-2.79058540153394,1.180892843370519,0.18899999999999997,1,0.18899999999999997,6.0,inf
63,2,0.3543867258371464,-2.79058540153394,1.180892843370519,0.18899999999999997,1,0.18899999999999997,6.0,inf
63,3,0.3543867258371464,-2.79058540153394,1.180892843370519,0.18899999999999997,1,0.18899999999999997,6.0,inf
63,4,0.3543867258371464,-2.79058540153394,1.180892843370519,0.18899999999999997,1,0.18899999999999997,6.0,inf
63,5,0.3543867258371464,-2.79058540153394,1.180892843370519,0.18899999999999997,1,0.18899999999999997,6.0,inf
64,0,-0.8256647962453554,-0.31492845808415104,2.42712828610012,1.4228999999999998,1,1.4228999999999998,6.0,inf
64,1,-0.8256647962453554,-0.31492845808415104,2.42712828610012,1.4228999999999998,1,1.4228999999999998,6.0,inf
64,2,-0.8256647962453554,-0.31492845808415104,2.42712828610012,1.4228999999999998,1,1.4228999999999998,6.0,inf
64,3,-0.8256647962453554,-0.31492845808415104,2.42712828610012,1.4228999999999998,1,1.4228999999999998,6.0,inf
64,4,-0.8256647962453554,-0.31492845808415104,2.42712828610012,1.4228999999999998,1,1.4228999999999998,6.0,inf
64,5,-0.8256647962453554,-0.31492845808415104,2.42712828610012,1.4228999999999998,1,1.4228999999999998,6.0,inf
65,0,-0.4918055084787585,0.48135572888680594,-1.4350555952638522,4.2855,1,4.2855,6.0,inf
65,1,-0.4918055084787585,0.48135572888680594,-1.4350555952638522,4.2855,1,4.2855,6.0,inf
65,2,-0.4918055084787585,0.48135572888680594,-1.4350555952638522,4.2855,1,4.2855,6.0,inf
65,3,-0.4918055084787585,0.48135572888680594,-1.4350555952638522,4.2855,1,4.2855,6.0,inf
65,4,-0.4918055084787585,0.48135572888680594,-1.4350555952638522,4.2855,1,4.2855,6.0,inf
65,5,-0.4918055084787585,0.48135572888680594,-1.4350555952638522,4.2855,1,4.2855,6.0,inf
66,0,1.7518654841234953,-0.8155454530958558,3.012163188231978,1.0548,1,1.0548,6.0,inf
66,1,1.7518654841234953,-0.8155454530958558,3.012163188231978,1.0548,1,1.0548,6.0,inf
66,2,1.7518654841234953,-0.8155454530958558,3.012163188231978,1.0548,1,1.0548,6.0,inf
66,3,1.7518654841234953,-0.8155454530958558,3.012163188231978,1.0548,1,1.0548,6.0,inf
66,4,1.7518654841234953,-0.8155454530958558,3.012163188231978,1.0548,1,1.0548,6.0,inf
66,5,1.7518654841234953,-0.8155454530958558,3.012163188231978,1.0548,1,1.0548,6.0,inf
67,0,-1.9476003444541399,1.2389284720746572,-0.9160420210705266,6.0,0,8.0001,6.0,inf
67,1,-1.9476003444541399,1.2389284720746572,-0.9160420210705266,6.0,0,8.0001,6.0,inf
67,2,-1.9476003444541399,1.2389284720746572,-0.9160420210705266,6.0,0,8.0001,6.0,inf
67,3,-1.9476003444541399,1.2389284720746572,-0.9160420210705266,6.0,0,8.0001,6.0,inf
67,4,-1.9476003444541399,1.2389284720746572,-0.9160420210705266,6.0,0,8.0001,6.0,inf
67,5,-1.9476003444541399,1.2389284720746572,-0.9160420210705266,6.0,0,8.0001,6.0,inf
68,0,1.2085842502413608,-0.2675003218732888,0.187051506273558,0.5690999999999999,1,0.5690999999999999,6.0,inf
68,1,1.2085842502413608,-0.2675003218732888,0.187051506273558,0.5690999999999999,1,0.5690999999999999,6.0,inf
68,2,1.2085842502413608,-0.2675003218732888,0.187051506273558,0.5690999999999999,1,0.5690999999999999,6.0,inf
68,3,1.2085842502413608,-0.2675003218732888,0.187051506273558,0.5690999999999999,1,0.5690999999999999,6.0,inf
68,4,1.2085842502413608,-0.2675003218732888,0.187051506273558,0.5690999999999999,1,0.5690999999999999,6.0,inf
68,5,1.2085842502413608,-0.2675003218732888,0.187051506273558,0.5690999999999999,1,0.5690999999999999,6.0,inf
69,0,-2.095126123339473,0.7258122916150087,-0.965899573788021,0.39089999999999997,1,0.39089999999999997,6.0,inf
69,1,-2.095126123339473,0.7258122916150087,-0.965899573788021,0.39089999999999997,1,0.39089999999999997,6.0,inf
69,2,-2.095126123339473,0.7258122916150087,-0.965899573788021,0.39089999999999997,1,0.39089999999999997,6.0,inf
69,3,-2.095126123339473,0.7258122916150087,-0.965899573788021,0.39089999999999997,1,0.39089999999999997,6.0,inf
69,4,-2.095126123339473,0.7258122916150087,-0.965899573788021,0.39089999999999997,1,0.39089999999999997,6.0,inf
69,5,-2.095126123339473,0.7258122916150087,-0.965899573788021,0.39089999999999997,1,0.39089999999999997,6.0,inf
70,0,-0.9954356326830729,0.8356037034646213,1.4027492931266727,0.9818999999999999,1,0.9818999999999999,6.0,inf
70,1,-0.9954356326830729,0.8356037034646213,1.4027492931266727,0.9818999999999999,1,0.9818999999999999,6.0,inf
70,2,-0.9954356326830729,0.8356037034646213,1.4027492931266727,0.9818999999999999,1,0.9818999999999999,6.0,inf
70,3,-0.9954356326830729,0.8356037034646213,1.4027492931266727,0.9818999999999999,1,0.9818999999999999,6.0,inf
70,4,-0.9954356326830729,0.8356037034646213,1.4027492931266727,0.9818999999999999,1,0.9818999999999999,6.0,inf
70,5,-0.9954356326830729,0.8356037034646213,1.4027492931266727,0.9818999999999999,1,0.9818999999999999,6.0,inf
71,0,0.7575695534913096,1.616368926216288,1.3358681980870084,2.9639999999999995,1,2.9639999999999995,6.0,inf
71,1,0.7575695534913096,1.616368926216288,1.3358681980870084,2.9639999999999995,1,2.9639999999999995,6.0,inf
71,2,0.7575695534913096,1.616368926216288,1.3358681980870084,2.9639999999999995,1,2.9639999999999995,6.0,inf
71,3,0.7575695534913096,1.616368926216288,1.3358681980870084,2.9639999999999995,1,2.9639999999999995,6.0,inf
71,4,0.7575695534913096,1.616368926216288,1.3358681980870084,2.9639999999999995,1,2.9639999999999995,6.0,inf
71,5,0.7575695534913096,1.616368926216288,1.3358681980870084,2.9639999999999995,1,2.9639999999999995,6.0,inf
72,0,-0.30424381118096533,-1.2614860408936142,0.7395088470372075,1.5189,1,1.5189,6.0,inf
72,1,-0.30424381118096533,-1.2614860408936142,0.7395088470372075,1.5189,1,1.5189,6.0,inf
72,2,-0.30424381118096533,-1.2614860408936142,0.7395088470372075,1.5189,1,1.5189,6.0,inf
72,3,-0.30424381118096533,-1.2614860408936142,0.7395088470372075,1.5189,1,1.5189,6.0,inf
72,4,-0.30424381118096533,-1.2614860408936142,0.7395088470372075,1.5189,1,1.5189,6.0,inf
72,5,-0.30424381118096533,-1.2614860408936142,0.7395088470372075,1.5189,1,1.5189,6.0,inf
73,0,-0.8655942905121807,-0.7022428319420653,-0.08468367908147283,0.7739999999999999,1,0.7739999999999999,6.0,inf
73,1,-0.8655942905121807,-0.7022428319420653,-0.08468367908147283,0.7739999999999999,1,0.7739999999999999,6.0,inf
73,2,-0.8655942905121807,-0.7022428319420653,-0.08468367908147283,0.7739999999999999,1,0.7739999999999999,6.0,inf
73,3,-0.8655942905121807,-0.7022428319420653,-0.08468367908147283,0.7739999999999999,1,0.7739999999999999,6.0,inf
73,4,-0.8655942905121807,-0.7022428319420653,-0.08468367908147283,0.7739999999999999,1,0.7739999999999999,6.0,inf
73,5,-0.8655942905121807,-0.7022428319420653,-0.08468367908147283,0.7739999999999999,1,0.7739999999999999,6.0,inf
74,0,0.803878852198737,0.8090056567436379,-1.5317032077003159,3.5954999999999995,1,3.5954999999999995,6.0,inf
74,1,0.803878852198737,0.8090056567436379,-1.5317032077003159,3.5954999999999995,1,3.5954999999999995,6.0,inf
74,2,0.803878852198737,0.8090056567436379,-1.5317032077003159,3.5954999999999995,1,3.5954999999999995,6.0,inf
74,3,0.803878852198737,0.8090056567436379,-1.5317032077003159,3.5954999999999995,1,3.5954999999999995,6.0,inf
74,4,0.803878852198737,0.8090056567436379,-1.5317032077003159,3.5954999999999995,1,3.5954999999999995,6.0,inf
74,5,0.803878852198737,0.8090056567436379,-1.5317032077003159,3.5954999999999995,1,3.5954999999999995,6.0,inf
75,0,0.9376138932697152,0.2573110850695005,-0.5128680801935667,2.2302,1,2.2302,6.0,inf
75,1,0.9376138932697152,0.2573110850695005,-0.5128680801935667,2.2302,1,2.2302,6.0,inf
75,2,0.9376138932697152,0.2573110850695005,-0.5128680801935667,2.2302,1,2.2302,6.0,inf
75,3,0.9376138932697152,0.2573110850695005,-0.5128680801935667,2.2302,1,2.2302,6.0,inf
75,4,0.9376138932697152,0.2573110850695005,-0.5128680801935667,2.2302,1,2.2302,6.0,inf
75,5,0.9376138932697152,0.2573110850695005,-0.5128680801935667,2.2302,1,2.2302,6.0,inf
76,0,-0.6693726530466766,-0.11108759775536776,0.5736358301535983,2.2479,1,2.2479,6.0,inf
76,1,-0.6693726530466766,-0.11108759775536776,0.5736358301535983,2.2479,1,2.2479,6.0,inf
76,2,-0.6693726530466766,-0.11108759775536776,0.5736358301535983,2.2479,1,2.2479,6.0,inf
76,3,-0.6693726530466766,-0.11108759775536776,0.5736358301535983,2.2479,1,2.2479,6.0,inf
76,4,-0.6693726530466766,-0.11108759775536776,0.5736358301535983,2.2479,1,2.2479,6.0,inf
76,5,-0.6693726530466766,-0.11108759775536776,0.5736358301535983,2.2479,1,2.2479,6.0,inf
77,0,0.2547234982260541,-1.6241480589059698,-1.010475012904614,3.3017999999999996,1,3.3017999999999996,6.0,inf
77,1,0.2547234982260541,-1.6241480589059698,-1.010475012904614,3.3017999999999996,1,3.3017999999999996,6.0,inf
77,2,0.2547234982260541,-1.6241480589059698,-1.010475012904614,3.3017999999999996,1,3.3017999999999996,6.0,inf
77,3,0.2547234982260541,-1.6241480589059698,-1.010475012904614,3.3017999999999996,1,3.3017999999999996,6.0,inf
77,4,0.2547234982260541,-1.6241480589059698,-1.010475012904614,3.3017999999999996,1,3.3017999999999996,6.0,inf
77,5,0.2547234982260541,-1.6241480589059698,-1.010475012904614,3.3017999999999996,1,3.3017999999999996,6.0,inf
78,0,1.925893378600678,-0.34712407480798635,-1.3509776212617979,2.7548999999999997,1,2.7548999999999997,6.0,inf
78,1,1.925893378600678,-0.34712407480798635,-1.3509776212617979,2.7548999999999997,1,2.7548999999999997,6.0,inf
78,2,1.925893378600678,-0.34712407480798635,-1.3509776212617979,2.7548999999999997,1,2.7548999999999997,6.0,inf
78,3,1.925893378600678,-0.34712407480798635,-1.3509776212617979,2.7548999999999997,1,2.7548999999999997,6.0,inf
78,4,1.925893378600678,-0.34712407480798635,-1.3509776212617979,2.7548999999999997,1,2.7548999999999997,6.0,inf
78,5,1.925893378600678,-0.34712407480798635,-1.3509776212617979,2.7548999999999997,1,2.7548999999999997,6.0,inf
79,0,-0.025105682673041797,0.7485639000360553,-0.25517019158539755,1.7057999999999998,1,1.7057999999999998,6.0,inf
79,1,-0.025105682673041797,0.7485639000360553,-0.25517019158539755,1.7057999999999998,1,1.7057999999999998,6.0,inf
79,2,-0.025105682673041797,0.7485639000360553,-0.25517019158539755,1.7057999999999998,1,1.7057999999999998,6.0,inf
79,3,-0.025105682673041797,0.7485639000360553,-0.25517019158539755,1.7057999999999998,1,1.7057999999999998,6.0,inf
79,4,-0.025105682673041797,0.7485639000360553,-0.25517019158539755,1.7057999999999998,1,1.7057999999999998,6.0,inf
79,5,-0.025105682673041797,0.7485639000360553,-0.25517019158539755,1.7057999999999998,1,1.7057999999999998,6.0,inf
80,0,0.32560958091744135,0.4092613949336444,-1.0832263657475938,0.9794999999999999,1,0.9794999999999999,6.0,inf
80,1,0.32560958091744135,0.4092613949336444,-1.0832263657475938,0.9794999999999999,1,0.9794999999999999,6.0,inf
80,2,0.32560958091744135,0.4092613949336444,-1.0832263657475938,0.9794999999999999,1,0.9794999999999999,6.0,inf
80,3,0.32560958091744135,0.4092613949336444,-1.0832263657475938,0.9794999999999999,1,0.9794999999999999,6.0,inf
80,4,0.32560958091744135,0.4092613949336444,-1.0832263657475938,0.9794999999999999,1,0.9794999999999999,6.0,inf
80,5,0.32560958091744135,0.4092613949336444,-1.0832263657475938,0.9794999999999999,1,0.9794999999999999,6.0,inf
81,0,0.25389814024272667,-0.2832025780332728,0.7197386736163501,1.2066,1,1.2066,6.0,inf
81,1,0.25389814024272667,-0.2832025780332728,0.7197386736163501,1.2066,1,1.2066,6.0,inf
81,2,0.25389814024272667,-0.2832025780332728,0.7197386736163501,1.2066,1,1.2066,6.0,inf
81,3,0.25389814024272667,-0.2832025780332728,0.7197386736163501,1.2066,1,1.2066,6.0,inf
81,4,0.25389814024272667,-0.2832025780332728,0.7197386736163501,1.2066,1,1.2066,6.0,inf
81,5,0.25389814024272667,-0.2832025780332728,0.7197386736163501,1.2066,1,1.2066,6.0,inf
82,0,0.314093451375188,0.8620163099682758,-2.5480336354480757,3.3966,1,3.3966,6.0,inf
82,1,0.314093451375188,0.8620163099682758,-2.5480336354480757,3.3966,1,3.3966,6.0,inf
82,2,0.314093451375188,0.8620163099682758,-2.5480336354480757,3.3966,1,3.3966,6.0,inf
82,3,0.314093451375188,0.8620163099682758,-2.5480336354480757,3.3966,1,3.3966,6.0,inf
82,4,0.314093451375188,0.8620163099682758,-2.5480336354480757,3.3966,1,3.3966,6.0,inf
82,5,0.314093451375188,0.8620163099682758,-2.5480336354480757,3.3966,1,3.3966,6.0,inf
83,0,0.22915482581808452,0.2776765965199843,-2.0688316360555143,3.9143999999999997,1,3.9143999999999997,6.0,inf
83,1,0.22915482581808452,0.2776765965199843,-2.0688316360555143,3.9143999999999997,1,3.9143999999999997,6.0,inf
83,2,0.22915482581808452,0.2776765965199843,-2.0688316360555143,3.9143999999999997,1,3.9143999999999997,6.0,inf
83,3,0.22915482581808452,0.2776765965199843,-2.0688316360555143,3.9143999999999997,1,3.9143999999999997,6.0,inf
83,4,0.22915482581808452,0.2776765965199843,-2.0688316360555143,3.9143999999999997,1,3.9143999999999997,6.0,inf
83,5,0.22915482581808452,0.2776765965199843,-2.0688316360555143,3.9143999999999997,1,3.9143999999999997,6.0,inf
84,0,-0.3933273451125056,-3.0846274520613766,-0.2438308022928561,0.26099999999999995,1,0.26099999999999995,6.0,inf
84,1,-0.3933273451125056,-3.0846274520613766,-0.2438308022928561,0.26099999999999995,1,0.26099999999999995,6.0,inf
84,2,-0.3933273451125056,-3.0846274520613766,-0.2438308022928561,0.26099999999999995,1,0.26099999999999995,6.0,inf
84,3,-0.3933273451125056,-3.0846274520613766,-0.2438308022928561,0.26099999999999995,1,0.26099999999999995,6.0,inf
84,4,-0.3933273451125056,-3.0846274520613766,-0.2438308022928561,0.26099999999999995,1,0.26099999999999995,6.0,inf
84,5,-0.3933273451125056,-3.0846274520613766,-0.2438308022928561,0.26099999999999995,1,0.26099999999999995,6.0,inf
85,0,0.37320079382155885,0.2717599760173944,0.1959597738738585,3.1616999999999997,1,3.1616999999999997,6.0,inf
85,1,0.37320079382155885,0.2717599760173944,0.1959597738738585,3.1616999999999997,1,3.1616999999999997,6.0,inf
85,2,0.37320079382155885,0.2717599760173944,0.1959597738738585,3.1616999999999997,1,3.1616999999999997,6.0,inf
85,3,0.37320079382155885,0.2717599760173944,0.1959597738738585,3.1616999999999997,1,3.1616999999999997,6.0,inf
85,4,0.37320079382155885,0.2717599760173944,0.1959597738738585,3.1616999999999997,1,3.1616999999999997,6.0,inf
85,5,0.37320079382155885,0.2717599760173944,0.1959597738738585,3.1616999999999997,1,3.1616999999999997,6.0,inf
86,0,-0.976479616267764,0.14679276464605606,0.5086769885003929,3.4917,1,3.4917,6.0,inf
86,1,-0.976479616267764,0.14679276464605606,0.5086769885003929,3.4917,1,3.4917,6.0,inf
86,2,-0.976479616267764,0.14679276464605606,0.5086769885003929,3.4917,1,3.4917,6.0,inf
86,3,-0.976479616267764,0.14679276464605606,0.5086769885003929,3.4917,1,3.4917,6.0,inf
86,4,-0.976479616267764,0.14679276464605606,0.5086769885003929,3.4917,1,3.4917,6.0,inf
86,5,-0.976479616267764,0.14679276464605606,0.5086769885003929,3.4917,1,3.4917,6.0,inf
87,0,-0.2667765811806362,0.4201306731080902,0.8093763652336519,0.20909999999999998,1,0.20909999999999998,6.0,inf
87,1,-0.2667765811806362,0.4201306731080902,0.8093763652336519,0.20909999999999998,1,0.20909999999999998,6.0,inf
87,2,-0.2667765811806362,0.4201306731080902,0.8093763652336519,0.20909999999999998,1,0.20909999999999998,6.0,inf
87,3,-0.2667765811806362,0.4201306731080902,0.8093763652336519,0.20909999999999998,1,0.20909999999999998,6.0,inf
87,4,-0.2667765811806362,0.4201306731080902,0.8093763652336519,0.20909999999999998,1,0.20909999999999998,6.0,inf
87,5,-0.2667765811806362,0.4201306731080902,0.8093763652336519,0.20909999999999998,1,0.20909999999999998,6.0,inf
88,0,-0.5847126373267586,0.9879507136050638,-1.319468701952015,4.5188999999999995,1,4.5188999999999995,6.0,inf
88,1,-0.5847126373267586,0.9879507136050638,-1.319468701952015,4.5188999999999995,1,4.5188999999999995,6.0,inf
88,2,-0.5847126373267586,0.9879507136050638,-1.319468701952015,4.5188999999999995,1,4.5188999999999995,6.0,inf
88,3,-0.5847126373267586,0.9879507136050638,-1.319468701952015,4.5188999999999995,1,4.5188999999999995,6.0,inf
88,4,-0.5847126373267586,0.9879507136050638,-1.319468701952015,4.5188999999999995,1,4.5188999999999995,6.0,inf
88,5,-0.5847126373267586,0.9879507136050638,-1.319468701952015,4.5188999999999995,1,4.5188999999999995,6.0,inf
89,0,-0.08473029817215628,-0.8430714872318441,-0.08729375537842492,0.8666999999999999,1,0.8666999999999999,6.0,inf
89,1,-0.08473029817215628,-0.8430714872318441,-0.08729375537842492,0.8666999999999999,1,0.8666999999999999,6.0,inf
89,2,-0.08473029817215628,-0.8430714872318441,-0.08729375537842492,0.8666999999999999,1,0.8666999999999999,6.0,inf
89,3,-0.08473029817215628,-0.8430714872318441,-0.08729375537842492,0.8666999999999999,1,0.8666999999999999,6.0,inf
89,4,-0.08473029817215628,-0.8430714872318441,-0.08729375537842492,0.8666999999999999,1,0.8666999999999999,6.0,inf
89,5,-0.08473029817215628,-0.8430714872318441,-0.08729375537842492,0.8666999999999999,1,0.8666999999999999,6.0,inf
90,0,0.6126323005364361,-0.5383953801371651,-0.17898127445539058,2.7689999999999997,1,2.7689999999999997,6.0,inf
90,1,0.6126323005364361,-0.5383953801371651,-0.17898127445539058,2.7689999999999997,1,2.7689999999999997,6.0,inf
90,2,0.6126323005364361,-0.5383953801371651,-0.17898127445539058,2.7689999999999997,1,2.7689999999999997,6.0,inf
90,3,0.6126323005364361,-0.5383953801371651,-0.17898127445539058,2.7689999999999997,1,2.7689999999999997,6.0,inf
90,4,0.6126323005364361,-0.5383953801371651,-0.17898127445539058,2.7689999999999997,1,2.7689999999999997,6.0,inf
90,5,0.6126323005364361,-0.5383953801371651,-0.17898127445539058,2.7689999999999997,1,2.7689999999999997,6.0,inf
91,0,-0.5569605006637323,0.9336435031264417,-2.1873520784335447,3.6677999999999997,1,3.6677999999999997,6.0,inf
91,1,-0.5569605006637323,0.9336435031264417,-2.1873520784335447,3.6677999999999997,1,3.6677999999999997,6.0,inf
91,2,-0.5569605006637323,0.9336435031264417,-2.1873520784335447,3.6677999999999997,1,3.6677999999999997,6.0,inf
91,3,-0.5569605006637323,0.9336435031264417,-2.1873520784335447,3.6677999999999997,1,3.6677999999999997,6.0,inf
91,4,-0.5569605006637323,0.9336435031264417,-2.1873520784335447,3.6677999999999997,1,3.6677999999999997,6.0,inf
91,5,-0.5569605006637323,0.9336435031264417,-2.1873520784335447,3.6677999999999997,1,3.6677999999999997,6.0,inf
92,0,-0.2170463527938612,0.4519755692951321,1.3686552546376627,2.2817999999999996,1,2.2817999999999996,6.0,inf
92,1,-0.2170463527938612,0.4519755692951321,1.3686552546376627,2.2817999999999996,1,2.2817999999999996,6.0,inf
92,2,-0.2170463527938612,0.4519755692951321,1.3686552546376627,2.2817999999999996,1,2.2817999999999996,6.0,inf
92,3,-0.2170463527938612,0.4519755692951321,1.3686552546376627,2.2817999999999996,1,2.2817999999999996,6.0,inf
92,4,-0.2170463527938612,0.4519755692951321,1.3686552546376627,2.2817999999999996,1,2.2817999999999996,6.0,inf
92,5,-0.2170463527938612,0.4519755692951321,1.3686552546376627,2.2817999999999996,1,2.2817999999999996,6.0,inf
93,0,0.6572902598531252,-1.1398388513293212,-0.38423850842510876,2.3699999999999997,1,2.3699999999999997,6.0,inf
93,1,0.6572902598531252,-1.1398388513293212,-0.38423850842510876,2.3699999999999997,1,2.3699999999999997,6.0,inf
93,2,0.6572902598531252,-1.1398388513293212,-0.38423850842510876,2.3699999999999997,1,2.3699999999999997,6.0,inf
93,3,0.6572902598531252,-1.1398388513293212,-0.38423850842510876,2.3699999999999997,1,2.3699999999999997,6.0,inf
93,4,0.6572902598531252,-1.1398388513293212,-0.38423850842510876,2.3699999999999997,1,2.3699999999999997,6.0,inf
93,5,0.6572902598531252,-1.1398388513293212,-0.38423850842510876,2.3699999999999997,1,2.3699999999999997,6.0,inf
94,0,-0.7355180510407135,0.36596745163821814,-1.1545541824429761,0.9216,1,0.9216,6.0,inf
94,1,-0.7355180510407135,0.36596745163821814,-1.1545541824429761,0.9216,1,0.9216,6.0,inf
94,2,-0.7355180510407135,0.36596745163821814,-1.1545541824429761,0.9216,1,0.9216,6.0,inf
94,3,-0.7355180510407135,0.36596745163821814,-1.1545541824429761,0.9216,1,0.9216,6.0,inf
94,4,-0.7355180510407135,0.36596745163821814,-1.1545541824429761,0.9216,1,0.9216,6.0,inf
94,5,-0.7355180510407135,0.36596745163821814,-1.1545541824429761,0.9216,1,0.9216,6.0,inf
95,0,0.47954536107739887,-0.6508204852792133,0.966465240863879,1.9712999999999998,1,1.9712999999999998,6.0,inf
95,1,0.47954536107739887,-0.6508204852792133,0.966465240863879,1.9712999999999998,1,1.9712999999999998,6.0,inf
95,2,0.47954536107739887,-0.6508204852792133,0.966465240863879,1.9712999999999998,1,1.9712999999999998,6.0,inf
95,3,0.47954536107739887,-0.6508204852792133,0.966465240863879,1.9712999999999998,1,1.9712999999999998,6.0,inf
95,4,0.47954536107739887,-0.6508204852792133,0.966465240863879,1.9712999999999998,1,1.9712999999999998,6.0,inf
95,5,0.47954536107739887,-0.6508204852792133,0.966465240863879,1.9712999999999998,1,1.9712999999999998,6.0,inf
96,0,-0.9015275950704471,1.277420270577422,1.7165663660541428,4.1868,1,4.1868,6.0,inf
96,1,-0.9015275950704471,1.277420270577422,1.7165663660541428,4.1868,1,4.1868,6.0,inf
96,2,-0.9015275950704471,1.277420270577422,1.7165663660541428,4.1868,1,4.1868,6.0,inf
96,3,-0.9015275950704471,1.277420270577422,1.7165663660541428,4.1868,1,4.1868,6.0,inf
96,4,-0.9015275950704471,1.277420270577422,1.7165663660541428,4.1868,1,4.1868,6.0,inf
96,5,-0.9015275950704471,1.277420270577422,1.7165663660541428,4.1868,1,4.1868,6.0,inf
97,0,1.1244546209414197,1.0512451514827714,-0.027502047232487257,3.4692,1,3.4692,6.0,inf
97,1,1.1244546209414197,1.0512451514827714,-0.027502047232487257,3.4692,1,3.4692,6.0,inf
97,2,1.1244546209414197,1.0512451514827714,-0.027502047232487257,3.4692,1,3.4692,6.0,inf
97,3,1.1244546209414197,1.0512451514827714,-0.027502047232487257,3.4692,1,3.4692,6.0,inf
97,4,1.1244546209414197,1.0512451514827714,-0.027502047232487257,3.4692,1,3.4692,6.0,inf
97,5,1.1244546209414197,1.0512451514827714,-0.027502047232487257,3.4692,1,3.4692,6.0,inf
98,0,0.3302454468494134,-0.7102986360511141,-1.9292361708159502,3.4385999999999997,1,3.4385999999999997,6.0,inf
98,1,0.3302454468494134,-0.7102986360511141,-1.9292361708159502,3.4385999999999997,1,3.4385999999999997,6.0,inf
98,2,0.3302454468494134,-0.7102986360511141,-1.9292361708159502,3.4385999999999997,1,3.4385999999999997,6.0,inf
98,3,0.3302454468494134,-0.7102986360511141,-1.9292361708159502,3.4385999999999997,1,3.4385999999999997,6.0,inf
98,4,0.3302454468494134,-0.7102986360511141,-1.9292361708159502,3.4385999999999997,1,3.4385999999999997,6.0,inf
98,5,0.3302454468494134,-0.7102986360511141,-1.9292361708159502,3.4385999999999997,1,3.4385999999999997,6.0,inf
99,0,-0.018226608893020354,0.5271489902699016,0.0028914981129126546,1.9827,1,1.9827,6.0,inf
99,1,-0.018226608893020354,0.5271489902699016,0.0028914981129126546,1.9827,1,1.9827,6.0,inf
99,2,-0.018226608893020354,0.5271489902699016,0.0028914981129126546,1.9827,1,1.9827,6.0,inf
99,3,-0.018226608893020354,0.5271489902699016,0.0028914981129126546,1.9827,1,1.9827,6.0,inf
99,4,-0.018226608893020354,0.5271489902699016,0.0028914981129126546,1.9827,1,1.9827,6.0,inf
99,5,-0.018226608893020354,0.5271489902699016,0.0028914981129126546,1.9827,1,1.9827,6.0,inf
100,0,-0.1454950439163829,-1.0913619112171573,0.4271262300704053,1.5800999999999998,1,1.5800999999999998,6.0,inf
100,1,-0.1454950439163829,-1.0913619112171573,0.4271262300704053,1.5800999999999998,1,1.5800999999999998,6.0,inf
100,2,-0.1454950439163829,-1.0913619112171573,0.4271262300704053,1.5800999999999998,1,1.5800999999999998,6.0,inf
100,3,-0.1454950439163829,-1.0913619112171573,0.4271262300704053,1.5800999999999998,1,1.5800999999999998,6.0,inf
100,4,-0.1454950439163829,-1.0913619112171573,0.4271262300704053,1.5800999999999998,1,1.5800999999999998,6.0,inf
100,5,-0.1454950439163829,-1.0913619112171573,0.4271262300704053,1.5800999999999998,1,1.5800999999999998,6.0,inf
101,0,-0.3325450212866281,1.3314925580580015,0.3872556170030385,4.376399999999999,1,4.376399999999999,6.0,inf
101,1,-0.3325450212866281,1.3314925580580015,0.3872556170030385,4.376399999999999,1,4.376399999999999,6.0,inf
101,2,-0.3325450212866281,1.3314925580580015,0.3872556170030385,4.376399999999999,1,4.376399999999999,6.0,inf
101,3,-0.3325450212866281,1.3314925580580015,0.3872556170030385,4.376399999999999,1,4.376399999999999,6.0,inf
101,4,-0.3325450212866281,1.3314925580580015,0.3872556170030385,4.376399999999999,1,4.376399999999999,6.0,inf
101,5,-0.3325450212866281,1.3314925580580015,0.3872556170030385,4.376399999999999,1,4.376399999999999,6.0,inf
102,0,2.2947917099814963,-0.15090304198050705,-0.669096616420207,2.2346999999999997,1,2.2346999999999997,6.0,inf
102,1,2.2947917099814963,-0.15090304198050705,-0.669096616420207,2.2346999999999997,1,2.2346999999999997,6.0,inf
102,2,2.2947917099814963,-0.15090304198050705,-0.669096616420207,2.2346999999999997,1,2.2346999999999997,6.0,inf
102,3,2.2947917099814963,-0.15090304198050705,-0.669096616420207,2.2346999999999997,1,2.2346999999999997,6.0,inf
102,4,2.2947917099814963,-0.15090304198050705,-0.669096616420207,2.2346999999999997,1,2.2346999999999997,6.0,inf
102,5,2.2947917099814963,-0.15090304198050705,-0.669096616420207,2.2346999999999997,1,2.2346999999999997,6.0,inf
103,0,-0.23555650298583214,0.43084956231771154,2.0406313262723743,0.21059999999999998,1,0.21059999999999998,6.0,inf
103,1,-0.23555650298583214,0.43084956231771154,2.0406313262723743,0.21059999999999998,1,0.21059999999999998,6.0,inf
103,2,-0.23555650298583214,0.43084956231771154,2.0406313262723743,0.21059999999999998,1,0.21059999999999998,6.0,inf
103,3,-0.23555650298583214,0.43084956231771154,2.0406313262723743,0.21059999999999998,1,0.21059999999999998,6.0,inf
103,4,-0.23555650298583214,0.43084956231771154,2.0406313262723743,0.21059999999999998,1,0.21059999999999998,6.0,inf
103,5,-0.23555650298583214,0.43084956231771154,2.0406313262723743,0.21059999999999998,1,0.21059999999999998,6.0,inf
104,0,0.8886603606286296,1.2083252760578442,0.16791073196705816,2.973,1,2.973,6.0,inf
104,1,0.8886603606286296,1.2083252760578442,0.16791073196705816,2.973,1,2.973,6.0,inf
104,2,0.8886603606286296,1.2083252760578442,0.16791073196705816,2.973,1,2.973,6.0,inf
104,3,0.8886603606286296,1.2083252760578442,0.16791073196705816,2.973,1,2.973,6.0,inf
104,4,0.8886603606286296,1.2083252760578442,0.16791073196705816,2.973,1,2.973,6.0,inf
104,5,0.8886603606286296,1.2083252760578442,0.16791073196705816,2.973,1,2.973,6.0,inf
105,0,0.7174938735903493,-0.11553888745796172,-1.5523147751761464,3.2579999999999996,1,3.2579999999999996,6.0,inf
105,1,0.7174938735903493,-0.11553888745796172,-1.5523147751761464,3.2579999999999996,1,3.2579999999999996,6.0,inf
105,2,0.7174938735903493,-0.11553888745796172,-1.5523147751761464,3.2579999999999996,1,3.2579999999999996,6.0,inf
105,3,0.7174938735903493,-0.11553888745796172,-1.5523147751761464,3.2579999999999996,1,3.2579999999999996,6.0,inf
105,4,0.7174938735903493,-0.11553888745796172,-1.5523147751761464,3.2579999999999996,1,3.2579999999999996,6.0,inf
105,5,0.7174938735903493,-0.11553888745796172,-1.5523147751761464,3.2579999999999996,1,3.2579999999999996,6.0,inf
106,0,-0.16319575236778142,0.7698143178563849,2.239041329451803,3.9257999999999997,1,3.9257999999999997,6.0,inf
106,1,-0.16319575236778142,0.7698143178563849,2.239041329451803,3.9257999999999997,1,3.9257999999999997,6.0,inf
106,2,-0.16319575236778142,0.7698143178563849,2.239041329451803,3.9257999999999997,1,3.9257999999999997,6.0,inf
106,3,-0.16319575236778142,0.7698143178563849,2.239041329451803,3.9257999999999997,1,3.9257999999999997,6.0,inf
106,4,-0.16319575236778142,0.7698143178563849,2.239041329451803,3.9257999999999997,1,3.9257999999999997,6.0,inf
106,5,-0.16319575236778142,0.7698143178563849,2.239041329451803,3.9257999999999997,1,3.9257999999999997,6.0,inf
107,0,-0.610009163160992,-0.36024437472574705,0.02421476851391892,6.0,0,8.0001,6.0,inf
107,1,-0.610009163160992,-0.36024437472574705,0.02421476851391892,6.0,0,8.0001,6.0,inf
107,2,-0.610009163160992,-0.36024437472574705,0.02421476851391892,6.0,0,8.0001,6.0,inf
107,3,-0.610009163160992,-0.36024437472574705,0.02421476851391892,6.0,0,8.0001,6.0,inf
107,4,-0.610009163160992,-0.36024437472574705,0.02421476851391892,6.0,0,8.0001,6.0,inf
107,5,-0.610009163160992,-0.36024437472574705,0.02421476851391892,6.0,0,8.0001,6.0,inf
108,0,1.1425960063615084,1.9209130284058102,0.7059259497161297,4.5344999999999995,1,4.5344999999999995,6.0,inf
108,1,1.1425960063615084,1.9209130284058102,0.7059259497161297,4.5344999999999995,1,4.5344999999999995,6.0,inf
108,2,1.1425960063615084,1.9209130284058102,0.7059259497161297,4.5344999999999995,1,4.5344999999999995,6.0,inf
108,3,1.1425960063615084,1.9209130284058102,0.7059259497161297,4.5344999999999995,1,4.5344999999999995,6.0,inf
108,4,1.1425960063615084,1.9209130284058102,0.7059259497161297,4.5344999999999995,1,4.5344999999999995,6.0,inf
108,5,1.1425960063615084,1.9209130284058102,0.7059259497161297,4.5344999999999995,1,4.5344999999999995,6.0,inf
109,0,1.2486717722576672,-0.06519766811209055,0.7523347114777611,2.0633999999999997,1,2.0633999999999997,6.0,inf
109,1,1.2486717722576672,-0.06519766811209055,0.7523347114777611,2.0633999999999997,1,2.0633999999999997,6.0,inf
109,2,1.2486717722576672,-0.06519766811209055,0.7523347114777611,2.0633999999999997,1,2.0633999999999997,6.0,inf
109,3,1.2486717722576672,-0.06519766811209055,0.7523347114777611,2.0633999999999997,1,2.0633999999999997,6.0,inf
109,4,1.2486717722576672,-0.06519766811209055,0.7523347114777611,2.0633999999999997,1,2.0633999999999997,6.0,inf
109,5,1.2486717722576672,-0.06519766811209055,0.7523347114777611,2.0633999999999997,1,2.0633999999999997,6.0,inf
110,0,0.891724888549838,-0.9432401957932868,0.23593419172362137,1.6301999999999999,1,1.6301999999999999,6.0,inf
110,1,0.891724888549838,-0.9432401957932868,0.23593419172362137,1.6301999999999999,1,1.6301999999999999,6.0,inf
110,2,0.891724888549838,-0.9432401957932868,0.23593419172362137,1.6301999999999999,1,1.6301999999999999,6.0,inf
110,3,0.891724888549838,-0.9432401957932868,0.23593419172362137,1.6301999999999999,1,1.6301999999999999,6.0,inf
110,4,0.891724888549838,-0.9432401957932868,0.23593419172362137,1.6301999999999999,1,1.6301999999999999,6.0,inf
110,5,0.891724888549838,-0.9432401957932868,0.23593419172362137,1.6301999999999999,1,1.6301999999999999,6.0,inf
111,0,-1.0364011688968617,1.1080295205730624,2.141576953625071,6.0,0,6.1572,6.0,inf
111,1,-1.0364011688968617,1.1080295205730624,2.141576953625071,6.0,0,6.1572,6.0,inf
111,2,-1.0364011688968617,1.1080295205730624,2.141576953625071,6.0,0,6.1572,6.0,inf
111,3,-1.0364011688968617,1.1080295205730624,2.141576953625071,6.0,0,6.1572,6.0,inf
111,4,-1.0364011688968617,1.1080295205730624,2.141576953625071,6.0,0,6.1572,6.0,inf
111,5,-1.0364011688968617,1.1080295205730624,2.141576953625071,6.0,0,6.1572,6.0,inf
112,0,0.3779528057558699,-0.15437219006152528,2.405034016048485,1.4526,1,1.4526,6.0,inf
112,1,0.3779528057558699,-0.15437219006152528,2.405034016048485,1.4526,1,1.4526,6.0,inf
112,2,0.3779528057558699,-0.15437219006152528,2.405034016048485,1.4526,1,1.4526,6.0,inf
112,3,0.3779528057558699,-0.15437219006152528,2.405034016048485,1.4526,1,1.4526,6.0,inf
112,4,0.3779528057558699,-0.15437219006152528,2.405034016048485,1.4526,1,1.4526,6.0,inf
112,5,0.3779528057558699,-0.15437219006152528,2.405034016048485,1.4526,1,1.4526,6.0,inf
113,0,-0.1481398557197835,0.7548221897942364,-1.2726307867847595,0.41879999999999995,1,0.41879999999999995,6.0,inf
113,1,-0.1481398557197835,0.7548221897942364,-1.2726307867847595,0.41879999999999995,1,0.41879999999999995,6.0,inf
113,2,-0.1481398557197835,0.7548221897942364,-1.2726307867847595,0.41879999999999995,1,0.41879999999999995,6.0,inf
113,3,-0.1481398557197835,0.7548221897942364,-1.2726307867847595,0.41879999999999995,1,0.41879999999999995,6.0,inf
113,4,-0.1481398557197835,0.7548221897942364,-1.2726307867847595,0.41879999999999995,1,0.41879999999999995,6.0,inf
113,5,-0.1481398557197835,0.7548221897942364,-1.2726307867847595,0.41879999999999995,1,0.41879999999999995,6.0,inf
114,0,0.6832347976474841,0.6341050384529456,-0.3000213697125658,2.2994999999999997,1,2.2994999999999997,6.0,inf
114,1,0.6832347976474841,0.6341050384529456,-0.3000213697125658,2.2994999999999997,1,2.2994999999999997,6.0,inf
114,2,0.6832347976474841,0.6341050384529456,-0.3000213697125658,2.2994999999999997,1,2.2994999999999997,6.0,inf
114,3,0.6832347976474841,0.6341050384529456,-0.3000213697125658,2.2994999999999997,1,2.2994999999999997,6.0,inf
114,4,0.6832347976474841,0.6341050384529456,-0.3000213697125658,2.2994999999999997,1,2.2994999999999997,6.0,inf
114,5,0.6832347976474841,0.6341050384529456,-0.3000213697125658,2.2994999999999997,1,2.2994999999999997,6.0,inf
115,0,-0.292933871175337,0.1353194128181863,0.08541675311001534,0.9023999999999999,1,0.9023999999999999,6.0,inf
115,1,-0.292933871175337,0.1353194128181863,0.08541675311001534,0.9023999999999999,1,0.9023999999999999,6.0,inf
115,2,-0.292933871175337,0.1353194128181863,0.08541675311001534,0.9023999999999999,1,0.9023999999999999,6.0,inf
115,3,-0.292933871175337,0.1353194128181863,0.08541675311001534,0.9023999999999999,1,0.9023999999999999,6.0,inf
115,4,-0.292933871175337,0.1353194128181863,0.08541675311001534,0.9023999999999999,1,0.9023999999999999,6.0,inf
115,5,-0.292933871175337,0.1353194128181863,0.08541675311001534,0.9023999999999999,1,0.9023999999999999,6.0,inf
116,0,-0.9952728792139389,0.18454293912622427,-0.45203191610869864,3.0869999999999997,1,3.0869999999999997,6.0,inf
116,1,-0.9952728792139389,0.18454293912622427,-0.45203191610869864,3.0869999999999997,1,3.0869999999999997,6.0,inf
116,2,-0.9952728792139389,0.18454293912622427,-0.45203191610869864,3.0869999999999997,1,3.0869999999999997,6.0,inf
116,3,-0.9952728792139389,0.18454293912622427,-0.45203191610869864,3.0869999999999997,1,3.0869999999999997,6.0,inf
116,4,-0.9952728792139389,0.18454293912622427,-0.45203191610869864,3.0869999999999997,1,3.0869999999999997,6.0,inf
116,5,-0.9952728792139389,0.18454293912622427,-0.45203191610869864,3.0869999999999997,1,3.0869999999999997,6.0,inf
117,0,0.248760068352237,0.1722179190538462,-0.3301217809473132,4.820399999999999,1,4.820399999999999,6.0,inf
117,1,0.248760068352237,0.1722179190538462,-0.3301217809473132,4.820399999999999,1,4.820399999999999,6.0,inf
117,2,0.248760068352237,0.1722179190538462,-0.3301217809473132,4.820399999999999,1,4.820399999999999,6.0,inf
117,3,0.248760068352237,0.1722179190538462,-0.3301217809473132,4.820399999999999,1,4.820399999999999,6.0,inf
117,4,0.248760068352237,0.1722179190538462,-0.3301217809473132,4.820399999999999,1,4.820399999999999,6.0,inf
117,5,0.248760068352237,0.1722179190538462,-0.3301217809473132,4.820399999999999,1,4.820399999999999,6.0,inf
118,0,-0.9828354804685085,-0.9360170981235241,-1.5232063757589231,3.0098999999999996,1,3.0098999999999996,6.0,inf
118,1,-0.9828354804685085,-0.9360170981235241,-1.5232063757589231,3.0098999999999996,1,3.0098999999999996,6.0,inf
118,2,-0.9828354804685085,-0.9360170981235241,-1.5232063757589231,3.0098999999999996,1,3.0098999999999996,6.0,inf
118,3,-0.9828354804685085,-0.9360170981235241,-1.5232063757589231,3.0098999999999996,1,3.0098999999999996,6.0,inf
118,4,-0.9828354804685085,-0.9360170981235241,-1.5232063757589231,3.0098999999999996,1,3.0098999999999996,6.0,inf
118,5,-0.9828354804685085,-0.9360170981235241,-1.5232063757589231,3.0098999999999996,1,3.0098999999999996,6.0,inf
119,0,1.412083213181674,-1.4656794536212117,0.23559248147561285,2.3600999999999996,1,2.3600999999999996,6.0,inf
119,1,1.412083213181674,-1.4656794536212117,0.23559248147561285,2.3600999999999996,1,2.3600999999999996,6.0,inf
119,2,1.412083213181674,-1.4656794536212117,0.23559248147561285,2.3600999999999996,1,2.3600999999999996,6.0,inf
119,3,1.412083213181674,-1.4656794536212117,0.23559248147561285,2.3600999999999996,1,2.3600999999999996,6.0,inf
119,4,1.412083213181674,-1.4656794536212117,0.23559248147561285,2.3600999999999996,1,2.3600999999999996,6.0,inf
119,5,1.412083213181674,-1.4656794536212117,0.23559248147561285,2.3600999999999996,1,2.3600999999999996,6.0,inf
120,0,-0.03848360444771029,1.477140600093944,0.7740202921812854,2.7228,1,2.7228,6.0,inf
120,1,-0.03848360444771029,1.477140600093944,0.7740202921812854,2.7228,1,2.7228,6.0,inf
120,2,-0.03848360444771029,1.477140600093944,0.7740202921812854,2.7228,1,2.7228,6.0,inf
120,3,-0.03848360444771029,1.477140600093944,0.7740202921812854,2.7228,1,2.7228,6.0,inf
120,4,-0.03848360444771029,1.477140600093944,0.7740202921812854,2.7228,1,2.7228,6.0,inf
120,5,-0.03848360444771029,1.477140600093944,0.7740202921812854,2.7228,1,2.7228,6.0,inf
121,0,0.4501429833453534,0.40140079760361497,0.5300426168075808,0.8192999999999999,1,0.8192999999999999,6.0,inf
121,1,0.4501429833453534,0.40140079760361497,0.5300426168075808,0.8192999999999999,1,0.8192999999999999,6.0,inf
121,2,0.4501429833453534,0.40140079760361497,0.5300426168075808,0.8192999999999999,1,0.8192999999999999,6.0,inf
121,3,0.4501429833453534,0.40140079760361497,0.5300426168075808,0.8192999999999999,1,0.8192999999999999,6.0,inf
121,4,0.4501429833453534,0.40140079760361497,0.5300426168075808,0.8192999999999999,1,0.8192999999999999,6.0,inf
121,5,0.4501429833453534,0.40140079760361497,0.5300426168075808,0.8192999999999999,1,0.8192999999999999,6.0,inf
122,0,1.1003589913975091,-0.9969277320032588,0.5925338482263575,1.2026999999999999,1,1.2026999999999999,6.0,inf
122,1,1.1003589913975091,-0.9969277320032588,0.5925338482263575,1.2026999999999999,1,1.2026999999999999,6.0,inf
122,2,1.1003589913975091,-0.9969277320032588,0.5925338482263575,1.2026999999999999,1,1.2026999999999999,6.0,inf
122,3,1.1003589913975091,-0.9969277320032588,0.5925338482263575,1.2026999999999999,1,1.2026999999999999,6.0,inf
122,4,1.1003589913975091,-0.9969277320032588,0.5925338482263575,1.2026999999999999,1,1.2026999999999999,6.0,inf
122,5,1.1003589913975091,-0.9969277320032588,0.5925338482263575,1.2026999999999999,1,1.2026999999999999,6.0,inf
123,0,2.311683445277205,1.092394648214283,0.4434700339126245,2.8436999999999997,1,2.8436999999999997,6.0,inf
123,1,2.311683445277205,1.092394648214283,0.4434700339126245,2.8436999999999997,1,2.8436999999999997,6.0,inf
123,2,2.311683445277205,1.092394648214283,0.4434700339126245,2.8436999999999997,1,2.8436999999999997,6.0,inf
123,3,2.311683445277205,1.092394648214283,0.4434700339126245,2.8436999999999997,1,2.8436999999999997,6.0,inf
123,4,2.311683445277205,1.092394648214283,0.4434700339126245,2.8436999999999997,1,2.8436999999999997,6.0,inf
123,5,2.311683445277205,1.092394648214283,0.4434700339126245,2.8436999999999997,1,2.8436999999999997,6.0,inf
124,0,0.5091686710328464,-1.393781649816858,0.7399482912555819,1.5977999999999999,1,1.5977999999999999,6.0,inf
124,1,0.5091686710328464,-1.393781649816858,0.7399482912555819,1.5977999999999999,1,1.5977999999999999,6.0,inf
124,2,0.5091686710328464,-1.393781649816858,0.7399482912555819,1.5977999999999999,1,1.5977999999999999,6.0,inf
124,3,0.5091686710328464,-1.393781649816858,0.7399482912555819,1.5977999999999999,1,1.5977999999999999,6.0,inf
124,4,0.5091686710328464,-1.393781649816858,0.7399482912555819,1.5977999999999999,1,1.5977999999999999,6.0,inf
124,5,0.5091686710328464,-1.393781649816858,0.7399482912555819,1.5977999999999999,1,1.5977999999999999,6.0,inf
125,0,-1.3615611165187167,0.9776761596661381,-0.40624960234639157,1.0554,1,1.0554,6.0,inf
125,1,-1.3615611165187167,0.9776761596661381,-0.40624960234639157,1.0554,1,1.0554,6.0,inf
125,2,-1.3615611165187167,0.9776761596661381,-0.40624960234639157,1.0554,1,1.0554,6.0,inf
125,3,-1.3615611165187167,0.9776761596661381,-0.40624960234639157,1.0554,1,1.0554,6.0,inf
125,4,-1.3615611165187167,0.9776761596661381,-0.40624960234639157,1.0554,1,1.0554,6.0,inf
125,5,-1.3615611165187167,0.9776761596661381,-0.40624960234639157,1.0554,1,1.0554,6.0,inf
126,0,-1.4412802650649414,0.058126303793642635,0.2795510816255584,1.6211999999999998,1,1.6211999999999998,6.0,inf
126,1,-1.4412802650649414,0.058126303793642635,0.2795510816255584,1.6211999999999998,1,1.6211999999999998,6.0,inf
126,2,-1.4412802650649414,0.058126303793642635,0.2795510816255584,1.6211999999999998,1,1.6211999999999998,6.0,inf
126,3,-1.4412802650649414,0.058126303793642635,0.2795510816255584,1.6211999999999998,1,1.6211999999999998,6.0,inf
126,4,-1.4412802650649414,0.058126303793642635,0.2795510816255584,1.6211999999999998,1,1.6211999999999998,6.0,inf
126,5,-1.4412802650649414,0.058126303793642635,0.2795510816255584,1.6211999999999998,1,1.6211999999999998,6.0,inf
127,0,-1.320824047698955,0.07836719295381227,0.9591022755777321,1.1595,1,1.1595,6.0,inf
127,1,-1.320824047698955,0.07836719295381227,0.9591022755777321,1.1595,1,1.1595,6.0,inf
127,2,-1.320824047698955,0.07836719295381227,0.9591022755777321,1.1595,1,1.1595,6.0,inf
127,3,-1.320824047698955,0.07836719295381227,0.9591022755777321,1.1595,1,1.1595,6.0,inf
127,4,-1.320824047698955,0.07836719295381227,0.9591022755777321,1.1595,1,1.1595,6.0,inf
127,5,-1.320824047698955,0.07836719295381227,0.9591022755777321,1.1595,1,1.1595,6.0,inf
128,0,0.3246724626390544,1.4388608725952967,0.5230389602046899,2.355,1,2.355,6.0,inf
128,1,0.3246724626390544,1.4388608725952967,0.5230389602046899,2.355,1,2.355,6.0,inf
128,2,0.3246724626390544,1.4388608725952967,0.5230389602046899,2.355,1,2.355,6.0,inf
128,3,0.3246724626390544,1.4388608725952967,0.5230389602046899,2.355,1,2.355,6.0,inf
128,4,0.3246724626390544,1.4388608725952967,0.5230389602046899,2.355,1,2.355,6.0,inf
128,5,0.3246724626390544,1.4388608725952967,0.5230389602046899,2.355,1,2.355,6.0,inf
129,0,-0.41234388593083826,-1.3650172820138664,0.9566441787236517,0.6255,1,0.6255,6.0,inf
129,1,-0.41234388593083826,-1.3650172820138664,0.9566441787236517,0.6255,1,0.6255,6.0,inf
129,2,-0.41234388593083826,-1.3650172820138664,0.9566441787236517,0.6255,1,0.6255,6.0,inf
129,3,-0.41234388593083826,-1.3650172820138664,0.9566441787236517,0.6255,1,0.6255,6.0,inf
129,4,-0.41234388593083826,-1.3650172820138664,0.9566441787236517,0.6255,1,0.6255,6.0,inf
129,5,-0.41234388593083826,-1.3650172820138664,0.9566441787236517,0.6255,1,0.6255,6.0,inf
130,0,0.9813275916742542,0.9396739502157663,0.9974808109962413,2.0951999999999997,1,2.0951999999999997,6.0,inf
130,1,0.9813275916742542,0.9396739502157663,0.9974808109962413,2.0951999999999997,1,2.0951999999999997,6.0,inf
130,2,0.9813275916742542,0.9396739502157663,0.9974808109962413,2.0951999999999997,1,2.0951999999999997,6.0,inf
130,3,0.9813275916742542,0.9396739502157663,0.9974808109962413,2.0951999999999997,1,2.0951999999999997,6.0,inf
130,4,0.9813275916742542,0.9396739502157663,0.9974808109962413,2.0951999999999997,1,2.0951999999999997,6.0,inf
130,5,0.9813275916742542,0.9396739502157663,0.9974808109962413,2.0951999999999997,1,2.0951999999999997,6.0,inf
131,0,-0.3425409152637902,0.7490217791331236,2.0593637924022667,1.5108,1,1.5108,6.0,inf
131,1,-0.3425409152637902,0.7490217791331236,2.0593637924022667,1.5108,1,1.5108,6.0,inf
131,2,-0.3425409152637902,0.7490217791331236,2.0593637924022667,1.5108,1,1.5108,6.0,inf
131,3,-0.3425409152637902,0.7490217791331236,2.0593637924022667,1.5108,1,1.5108,6.0,inf
131,4,-0.3425409152637902,0.7490217791331236,2.0593637924022667,1.5108,1,1.5108,6.0,inf
131,5,-0.3425409152637902,0.7490217791331236,2.0593637924022667,1.5108,1,1.5108,6.0,inf
132,0,-1.0162331484651712,0.3384007094694224,-0.8447832799720583,1.797,1,1.797,6.0,inf
132,1,-1.0162331484651712,0.3384007094694224,-0.8447832799720583,1.797,1,1.797,6.0,inf
132,2,-1.0162331484651712,0.3384007094694224,-0.8447832799720583,1.797,1,1.797,6.0,inf
132,3,-1.0162331484651712,0.3384007094694224,-0.8447832799720583,1.797,1,1.797,6.0,inf
132,4,-1.0162331484651712,0.3384007094694224,-0.8447832799720583,1.797,1,1.797,6.0,inf
132,5,-1.0162331484651712,0.3384007094694224,-0.8447832799720583,1.797,1,1.797,6.0,inf
133,0,1.3894137591608449,0.699194355463,0.40081123544924385,3.4235999999999995,1,3.4235999999999995,6.0,inf
133,1,1.3894137591608449,0.699194355463,0.40081123544924385,3.4235999999999995,1,3.4235999999999995,6.0,inf
133,2,1.3894137591608449,0.699194355463,0.40081123544924385,3.4235999999999995,1,3.4235999999999995,6.0,inf
133,3,1.3894137591608449,0.699194355463,0.40081123544924385,3.4235999999999995,1,3.4235999999999995,6.0,inf
133,4,1.3894137591608449,0.699194355463,0.40081123544924385,3.4235999999999995,1,3.4235999999999995,6.0,inf
133,5,1.3894137591608449,0.699194355463,0.40081123544924385,3.4235999999999995,1,3.4235999999999995,6.0,inf
134,0,0.10207792451137689,0.051855248084074136,0.3362590012031659,3.6950999999999996,1,3.6950999999999996,6.0,inf
134,1,0.10207792451137689,0.051855248084074136,0.3362590012031659,3.6950999999999996,1,3.6950999999999996,6.0,inf
134,2,0.10207792451137689,0.051855248084074136,0.3362590012031659,3.6950999999999996,1,3.6950999999999996,6.0,inf
134,3,0.10207792451137689,0.051855248084074136,0.3362590012031659,3.6950999999999996,1,3.6950999999999996,6.0,inf
134,4,0.10207792451137689,0.051855248084074136,0.3362590012031659,3.6950999999999996,1,3.6950999999999996,6.0,inf
134,5,0.10207792451137689,0.051855248084074136,0.3362590012031659,3.6950999999999996,1,3.6950999999999996,6.0,inf
135,0,0.6981303037349333,1.384873966149593,-0.2500150785678741,2.8127999999999997,1,2.8127999999999997,6.0,inf
135,1,0.6981303037349333,1.384873966149593,-0.2500150785678741,2.8127999999999997,1,2.8127999999999997,6.0,inf
135,2,0.6981303037349333,1.384873966149593,-0.2500150785678741,2.8127999999999997,1,2.8127999999999997,6.0,inf
135,3,0.6981303037349333,1.384873966149593,-0.2500150785678741,2.8127999999999997,1,2.8127999999999997,6.0,inf
135,4,0.6981303037349333,1.384873966149593,-0.2500150785678741,2.8127999999999997,1,2.8127999999999997,6.0,inf
135,5,0.6981303037349333,1.384873966149593,-0.2500150785678741,2.8127999999999997,1,2.8127999999999997,6.0,inf
136,0,-0.5690324645246707,0.5873803217817297,-1.3691664204198877,5.385,1,5.385,6.0,inf
136,1,-0.5690324645246707,0.5873803217817297,-1.3691664204198877,5.385,1,5.385,6.0,inf
136,2,-0.5690324645246707,0.5873803217817297,-1.3691664204198877,5.385,1,5.385,6.0,inf
136,3,-0.5690324645246707,0.5873803217817297,-1.3691664204198877,5.385,1,5.385,6.0,inf
136,4,-0.5690324645246707,0.5873803217817297,-1.3691664204198877,5.385,1,5.385,6.0,inf
136,5,-0.5690324645246707,0.5873803217817297,-1.3691664204198877,5.385,1,5.385,6.0,inf
137,0,0.43876333680170304,-1.1277770613533586,-0.4514968493033188,0.5702999999999999,1,0.5702999999999999,6.0,inf
137,1,0.43876333680170304,-1.1277770613533586,-0.4514968493033188,0.5702999999999999,1,0.5702999999999999,6.0,inf
137,2,0.43876333680170304,-1.1277770613533586,-0.4514968493033188,0.5702999999999999,1,0.5702999999999999,6.0,inf
137,3,0.43876333680170304,-1.1277770613533586,-0.4514968493033188,0.5702999999999999,1,0.5702999999999999,6.0,inf
137,4,0.43876333680170304,-1.1277770613533586,-0.4514968493033188,0.5702999999999999,1,0.5702999999999999,6.0,inf
137,5,0.43876333680170304,-1.1277770613533586,-0.4514968493033188,0.5702999999999999,1,0.5702999999999999,6.0,inf
138,0,1.6436294614594937,-0.4576147428639749,-0.13992535129218028,2.1788999999999996,1,2.1788999999999996,6.0,inf
138,1,1.6436294614594937,-0.4576147428639749,-0.13992535129218028,2.1788999999999996,1,2.1788999999999996,6.0,inf
138,2,1.6436294614594937,-0.4576147428639749,-0.13992535129218028,2.1788999999999996,1,2.1788999999999996,6.0,inf
138,3,1.6436294614594937,-0.4576147428639749,-0.13992535129218028,2.1788999999999996,1,2.1788999999999996,6.0,inf
138,4,1.6436294614594937,-0.4576147428639749,-0.13992535129218028,2.1788999999999996,1,2.1788999999999996,6.0,inf
138,5,1.6436294614594937,-0.4576147428639749,-0.13992535129218028,2.1788999999999996,1,2.1788999999999996,6.0,inf
139,0,0.05312060707521197,0.26250769110769356,1.0539839194428635,2.0118,1,2.0118,6.0,inf
139,1,0.05312060707521197,0.26250769110769356,1.0539839194428635,2.0118,1,2.0118,6.0,inf
139,2,0.05312060707521197,0.26250769110769356,1.0539839194428635,2.0118,1,2.0118,6.0,inf
139,3,0.05312060707521197,0.26250769110769356,1.0539839194428635,2.0118,1,2.0118,6.0,inf
139,4,0.05312060707521197,0.26250769110769356,1.0539839194428635,2.0118,1,2.0118,6.0,inf
139,5,0.05312060707521197,0.26250769110769356,1.0539839194428635,2.0118,1,2.0118,6.0,inf
140,0,-0.7485217336027055,-1.6847194891877804,0.9572040515513591,1.8227999999999998,1,1.8227999999999998,6.0,inf
140,1,-0.7485217336027055,-1.6847194891877804,0.9572040515513591,1.8227999999999998,1,1.8227999999999998,6.0,inf
140,2,-0.7485217336027055,-1.6847194891877804,0.9572040515513591,1.8227999999999998,1,1.8227999999999998,6.0,inf
140,3,-0.7485217336027055,-1.6847194891877804,0.9572040515513591,1.8227999999999998,1,1.8227999999999998,6.0,inf
140,4,-0.7485217336027055,-1.6847194891877804,0.9572040515513591,1.8227999999999998,1,1.8227999999999998,6.0,inf
140,5,-0.7485217336027055,-1.6847194891877804,0.9572040515513591,1.8227999999999998,1,1.8227999999999998,6.0,inf
141,0,1.6925137960645147,1.3192984691970506,-0.006316834488419076,2.2821,1,2.2821,6.0,inf
141,1,1.6925137960645147,1.3192984691970506,-0.006316834488419076,2.2821,1,2.2821,6.0,inf
141,2,1.6925137960645147,1.3192984691970506,-0.006316834488419076,2.2821,1,2.2821,6.0,inf
141,3,1.6925137960645147,1.3192984691970506,-0.006316834488419076,2.2821,1,2.2821,6.0,inf
141,4,1.6925137960645147,1.3192984691970506,-0.006316834488419076,2.2821,1,2.2821,6.0,inf
141,5,1.6925137960645147,1.3192984691970506,-0.006316834488419076,2.2821,1,2.2821,6.0,inf
142,0,1.0484529242143514,-1.0417230832122315,1.6517628637970678,2.2634999999999996,1,2.2634999999999996,6.0,inf
142,1,1.0484529242143514,-1.0417230832122315,1.6517628637970678,2.2634999999999996,1,2.2634999999999996,6.0,inf
142,2,1.0484529242143514,-1.0417230832122315,1.6517628637970678,2.2634999999999996,1,2.2634999999999996,6.0,inf
142,3,1.0484529242143514,-1.0417230832122315,1.6517628637970678,2.2634999999999996,1,2.2634999999999996,6.0,inf
142,4,1.0484529242143514,-1.0417230832122315,1.6517628637970678,2.2634999999999996,1,2.2634999999999996,6.0,inf
142,5,1.0484529242143514,-1.0417230832122315,1.6517628637970678,2.2634999999999996,1,2.2634999999999996,6.0,inf
143,0,-0.6165080781372646,2.747425748676139,1.1141623063363115,5.491499999999999,1,5.491499999999999,6.0,inf
143,1,-0.6165080781372646,2.747425748676139,1.1141623063363115,5.491499999999999,1,5.491499999999999,6.0,inf
143,2,-0.6165080781372646,2.747425748676139,1.1141623063363115,5.491499999999999,1,5.491499999999999,6.0,inf
143,3,-0.6165080781372646,2.747425748676139,1.1141623063363115,5.491499999999999,1,5.491499999999999,6.0,inf
143,4,-0.6165080781372646,2.747425748676139,1.1141623063363115,5.491499999999999,1,5.491499999999999,6.0,inf
143,5,-0.6165080781372646,2.747425748676139,1.1141623063363115,5.491499999999999,1,5.491499999999999,6.0,inf
144,0,-1.2503536994040865,0.434290842663593,0.804635509232965,1.1423999999999999,1,1.1423999999999999,6.0,inf
144,1,-1.2503536994040865,0.434290842663593,0.804635509232965,1.1423999999999999,1,1.1423999999999999,6.0,inf
144,2,-1.2503536994040865,0.434290842663593,0.804635509232965,1.1423999999999999,1,1.1423999999999999,6.0,inf
144,3,-1.2503536994040865,0.434290842663593,0.804635509232965,1.1423999999999999,1,1.1423999999999999,6.0,inf
144,4,-1.2503536994040865,0.434290842663593,0.804635509232965,1.1423999999999999,1,1.1423999999999999,6.0,inf
144,5,-1.2503536994040865,0.434290842663593,0.804635509232965,1.1423999999999999,1,1.1423999999999999,6.0,inf
145,0,0.32741780672438314,0.231663241848235,-1.9342378736857515,3.1226999999999996,1,3.1226999999999996,6.0,inf
145,1,0.32741780672438314,0.231663241848235,-1.9342378736857515,3.1226999999999996,1,3.1226999999999996,6.0,inf
145,2,0.32741780672438314,0.231663241848235,-1.9342378736857515,3.1226999999999996,1,3.1226999999999996,6.0,inf
145,3,0.32741780672438314,0.231663241848235,-1.9342378736857515,3.1226999999999996,1,3.1226999999999996,6.0,inf
145,4,0.32741780672438314,0.231663241848235,-1.9342378736857515,3.1226999999999996,1,3.1226999999999996,6.0,inf
145,5,0.32741780672438314,0.231663241848235,-1.9342378736857515,3.1226999999999996,1,3.1226999999999996,6.0,inf
146,0,1.4834122073719456,1.2521055526645901,0.5152011106466321,4.1625,1,4.1625,6.0,inf
146,1,1.4834122073719456,1.2521055526645901,0.5152011106466321,4.1625,1,4.1625,6.0,inf
146,2,1.4834122073719456,1.2521055526645901,0.5152011106466321,4.1625,1,4.1625,6.0,inf
146,3,1.4834122073719456,1.2521055526645901,0.5152011106466321,4.1625,1,4.1625,6.0,inf
146,4,1.4834122073719456,1.2521055526645901,0.5152011106466321,4.1625,1,4.1625,6.0,inf
146,5,1.4834122073719456,1.2521055526645901,0.5152011106466321,4.1625,1,4.1625,6.0,inf
147,0,1.2549481187952665,-0.8384728036277024,-2.111771806874478,3.2066999999999997,1,3.2066999999999997,6.0,inf
147,1,1.2549481187952665,-0.8384728036277024,-2.111771806874478,3.2066999999999997,1,3.2066999999999997,6.0,inf
147,2,1.2549481187952665,-0.8384728036277024,-2.111771806874478,3.2066999999999997,1,3.2066999999999997,6.0,inf
147,3,1.2549481187952665,-0.8384728036277024,-2.111771806874478,3.2066999999999997,1,3.2066999999999997,6.0,inf
147,4,1.2549481187952665,-0.8384728036277024,-2.111771806874478,3.2066999999999997,1,3.2066999999999997,6.0,inf
147,5,1.2549481187952665,-0.8384728036277024,-2.111771806874478,3.2066999999999997,1,3.2066999999999997,6.0,inf
148,0,-0.40305471303137214,0.6586491349914451,0.969305218044708,1.8407999999999998,1,1.8407999999999998,6.0,inf
148,1,-0.40305471303137214,0.6586491349914451,0.969305218044708,1.8407999999999998,1,1.8407999999999998,6.0,inf
148,2,-0.40305471303137214,0.6586491349914451,0.969305218044708,1.8407999999999998,1,1.8407999999999998,6.0,inf
148,3,-0.40305471303137214,0.6586491349914451,0.969305218044708,1.8407999999999998,1,1.8407999999999998,6.0,inf
148,4,-0.40305471303137214,0.6586491349914451,0.969305218044708,1.8407999999999998,1,1.8407999999999998,6.0,inf
148,5,-0.40305471303137214,0.6586491349914451,0.969305218044708,1.8407999999999998,1,1.8407999999999998,6.0,inf
149,0,0.3705065028373494,-1.2642626494142888,-0.7362279752646708,2.6736,1,2.6736,6.0,inf
149,1,0.3705065028373494,-1.2642626494142888,-0.7362279752646708,2.6736,1,2.6736,6.0,inf
149,2,0.3705065028373494,-1.2642626494142888,-0.7362279752646708,2.6736,1,2.6736,6.0,inf
149,3,0.3705065028373494,-1.2642626494142888,-0.7362279752646708,2.6736,1,2.6736,6.0,inf
149,4,0.3705065028373494,-1.2642626494142888,-0.7362279752646708,2.6736,1,2.6736,6.0,inf
149,5,0.3705065028373494,-1.2642626494142888,-0.7362279752646708,2.6736,1,2.6736,6.0,inf
150,0,1.117947358488062,0.3081670457814604,-0.4704338677015922,2.9004,1,2.9004,6.0,inf
150,1,1.117947358488062,0.3081670457814604,-0.4704338677015922,2.9004,1,2.9004,6.0,inf
150,2,1.117947358488062,0.3081670457814604,-0.4704338677015922,2.9004,1,2.9004,6.0,inf
150,3,1.117947358488062,0.3081670457814604,-0.4704338677015922,2.9004,1,2.9004,6.0,inf
150,4,1.117947358488062,0.3081670457814604,-0.4704338677015922,2.9004,1,2.9004,6.0,inf
150,5,1.117947358488062,0.3081670457814604,-0.4704338677015922,2.9004,1,2.9004,6.0,inf
151,0,0.6936558149032184,-0.055591415374462654,1.3099171764825313,2.7182999999999997,1,2.7182999999999997,6.0,inf
151,1,0.6936558149032184,-0.055591415374462654,1.3099171764825313,2.7182999999999997,1,2.7182999999999997,6.0,inf
151,2,0.6936558149032184,-0.055591415374462654,1.3099171764825313,2.7182999999999997,1,2.7182999999999997,6.0,inf
151,3,0.6936558149032184,-0.055591415374462654,1.3099171764825313,2.7182999999999997,1,2.7182999999999997,6.0,inf
151,4,0.6936558149032184,-0.055591415374462654,1.3099171764825313,2.7182999999999997,1,2.7182999999999997,6.0,inf
151,5,0.6936558149032184,-0.055591415374462654,1.3099171764825313,2.7182999999999997,1,2.7182999999999997,6.0,inf
152,0,-0.7471545609585128,-0.5868768754311116,-0.09809328177666055,1.7720999999999998,1,1.7720999999999998,6.0,inf
152,1,-0.7471545609585128,-0.5868768754311116,-0.09809328177666055,1.7720999999999998,1,1.7720999999999998,6.0,inf
152,2,-0.7471545609585128,-0.5868768754311116,-0.09809328177666055,1.7720999999999998,1,1.7720999999999998,6.0,inf
152,3,-0.7471545609585128,-0.5868768754311116,-0.09809328177666055,1.7720999999999998,1,1.7720999999999998,6.0,inf
152,4,-0.7471545609585128,-0.5868768754311116,-0.09809328177666055,1.7720999999999998,1,1.7720999999999998,6.0,inf
152,5,-0.7471545609585128,-0.5868768754311116,-0.09809328177666055,1.7720999999999998,1,1.7720999999999998,6.0,inf
153,0,0.06593707714239586,-0.15473274146185517,1.3463445592681091,1.0527,1,1.0527,6.0,inf
153,1,0.06593707714239586,-0.15473274146185517,1.3463445592681091,1.0527,1,1.0527,6.0,inf
153,2,0.06593707714239586,-0.15473274146185517,1.3463445592681091,1.0527,1,1.0527,6.0,inf
153,3,0.06593707714239586,-0.15473274146185517,1.3463445592681091,1.0527,1,1.0527,6.0,inf
153,4,0.06593707714239586,-0.15473274146185517,1.3463445592681091,1.0527,1,1.0527,6.0,inf
153,5,0.06593707714239586,-0.15473274146185517,1.3463445592681091,1.0527,1,1.0527,6.0,inf
154,0,1.492108622891379,0.08325271159201335,1.7055502732110945,2.0517,1,2.0517,6.0,inf
154,1,1.492108622891379,0.08325271159201335,1.7055502732110945,2.0517,1,2.0517,6.0,inf
154,2,1.492108622891379,0.08325271159201335,1.7055502732110945,2.0517,1,2.0517,6.0,inf
154,3,1.492108622891379,0.08325271159201335,1.7055502732110945,2.0517,1,2.0517,6.0,inf
154,4,1.492108622891379,0.08325271159201335,1.7055502732110945,2.0517,1,2.0517,6.0,inf
154,5,1.492108622891379,0.08325271159201335,1.7055502732110945,2.0517,1,2.0517,6.0,inf
155,0,1.5473574954140954,1.5397612725419747,-0.4286310361116817,2.0465999999999998,1,2.0465999999999998,6.0,inf
155,1,1.5473574954140954,1.5397612725419747,-0.4286310361116817,2.0465999999999998,1,2.0465999999999998,6.0,inf
155,2,1.5473574954140954,1.5397612725419747,-0.4286310361116817,2.0465999999999998,1,2.0465999999999998,6.0,inf
155,3,1.5473574954140954,1.5397612725419747,-0.4286310361116817,2.0465999999999998,1,2.0465999999999998,6.0,inf
155,4,1.5473574954140954,1.5397612725419747,-0.4286310361116817,2.0465999999999998,1,2.0465999999999998,6.0,inf
155,5,1.5473574954140954,1.5397612725419747,-0.4286310361116817,2.0465999999999998,1,2.0465999999999998,6.0,inf
156,0,-0.038383660333818334,1.942628040806995,0.08077171284250535,4.3203,1,4.3203,6.0,inf
156,1,-0.038383660333818334,1.942628040806995,0.08077171284250535,4.3203,1,4.3203,6.0,inf
156,2,-0.038383660333818334,1.942628040806995,0.08077171284250535,4.3203,1,4.3203,6.0,inf
156,3,-0.038383660333818334,1.942628040806995,0.08077171284250535,4.3203,1,4.3203,6.0,inf
156,4,-0.038383660333818334,1.942628040806995,0.08077171284250535,4.3203,1,4.3203,6.0,inf
156,5,-0.038383660333818334,1.942628040806995,0.08077171284250535,4.3203,1,4.3203,6.0,inf
157,0,0.49077869920134476,2.8202480875068394,1.6075137629360017,2.3733,1,2.3733,6.0,inf
157,1,0.49077869920134476,2.8202480875068394,1.6075137629360017,2.3733,1,2.3733,6.0,inf
157,2,0.49077869920134476,2.8202480875068394,1.6075137629360017,2.3733,1,2.3733,6.0,inf
157,3,0.49077869920134476,2.8202480875068394,1.6075137629360017,2.3733,1,2.3733,6.0,inf
157,4,0.49077869920134476,2.8202480875068394,1.6075137629360017,2.3733,1,2.3733,6.0,inf
157,5,0.49077869920134476,2.8202480875068394,1.6075137629360017,2.3733,1,2.3733,6.0,inf
158,0,0.47451923354796466,0.5505018726944171,0.5604603723259242,1.1109,1,1.1109,6.0,inf
158,1,0.47451923354796466,0.5505018726944171,0.5604603723259242,1.1109,1,1.1109,6.0,inf
158,2,0.47451923354796466,0.5505018726944171,0.5604603723259242,1.1109,1,1.1109,6.0,inf
158,3,0.47451923354796466,0.5505018726944171,0.5604603723259242,1.1109,1,1.1109,6.0,inf
158,4,0.47451923354796466,0.5505018726944171,0.5604603723259242,1.1109,1,1.1109,6.0,inf
158,5,0.47451923354796466,0.5505018726944171,0.5604603723259242,1.1109,1,1.1109,6.0,inf
159,0,0.6989575110833101,-1.9720745571949965,1.1365091108604637,0.1407,1,0.1407,6.0,inf
159,1,0.6989575110833101,-1.9720745571949965,1.1365091108604637,0.1407,1,0.1407,6.0,inf
159,2,0.6989575110833101,-1.9720745571949965,1.1365091108604637,0.1407,1,0.1407,6.0,inf
159,3,0.6989575110833101,-1.9720745571949965,1.1365091108604637,0.1407,1,0.1407,6.0,inf
159,4,0.6989575110833101,-1.9720745571949965,1.1365091108604637,0.1407,1,0.1407,6.0,inf
159,5,0.6989575110833101,-1.9720745571949965,1.1365091108604637,0.1407,1,0.1407,6.0,inf
160,0,-1.7655842981131051,-1.4974711533281533,-0.31436405220603997,1.0436999999999999,1,1.0436999999999999,6.0,inf
160,1,-1.7655842981131051,-1.4974711533281533,-0.31436405220603997,1.0436999999999999,1,1.0436999999999999,6.0,inf
160,2,-1.7655842981131051,-1.4974711533281533,-0.31436405220603997,1.0436999999999999,1,1.0436999999999999,6.0,inf
160,3,-1.7655842981131051,-1.4974711533281533,-0.31436405220603997,1.0436999999999999,1,1.0436999999999999,6.0,inf
160,4,-1.7655842981131051,-1.4974711533281533,-0.31436405220603997,1.0436999999999999,1,1.0436999999999999,6.0,inf
160,5,-1.7655842981131051,-1.4974711533281533,-0.31436405220603997,1.0436999999999999,1,1.0436999999999999,6.0,inf
161,0,1.4455091170441003,-0.7298610364467603,-0.626568797191693,2.9682,1,2.9682,6.0,inf
161,1,1.4455091170441003,-0.7298610364467603,-0.626568797191693,2.9682,1,2.9682,6.0,inf
161,2,1.4455091170441003,-0.7298610364467603,-0.626568797191693,2.9682,1,2.9682,6.0,inf
161,3,1.4455091170441003,-0.7298610364467603,-0.626568797191693,2.9682,1,2.9682,6.0,inf
161,4,1.4455091170441003,-0.7298610364467603,-0.626568797191693,2.9682,1,2.9682,6.0,inf
161,5,1.4455091170441003,-0.7298610364467603,-0.626568797191693,2.9682,1,2.9682,6.0,inf
162,0,0.9101919369564249,-0.31940614440758514,1.1988912965700969,1.5215999999999998,1,1.5215999999999998,6.0,inf
162,1,0.9101919369564249,-0.31940614440758514,1.1988912965700969,1.5215999999999998,1,1.5215999999999998,6.0,inf
162,2,0.9101919369564249,-0.31940614440758514,1.1988912965700969,1.5215999999999998,1,1.5215999999999998,6.0,inf
162,3,0.9101919369564249,-0.31940614440758514,1.1988912965700969,1.5215999999999998,1,1.5215999999999998,6.0,inf
162,4,0.9101919369564249,-0.31940614440758514,1.1988912965700969,1.5215999999999998,1,1.5215999999999998,6.0,inf
162,5,0.9101919369564249,-0.31940614440758514,1.1988912965700969,1.5215999999999998,1,1.5215999999999998,6.0,inf
163,0,-0.6556213686060098,0.29158694581994576,0.12237442767690189,6.0,0,8.0001,6.0,inf
163,1,-0.6556213686060098,0.29158694581994576,0.12237442767690189,6.0,0,8.0001,6.0,inf
163,2,-0.6556213686060098,0.29158694581994576,0.12237442767690189,6.0,0,8.0001,6.0,inf
163,3,-0.6556213686060098,0.29158694581994576,0.12237442767690189,6.0,0,8.0001,6.0,inf
163,4,-0.6556213686060098,0.29158694581994576,0.12237442767690189,6.0,0,8.0001,6.0,inf
163,5,-0.6556213686060098,0.29158694581994576,0.12237442767690189,6.0,0,8.0001,6.0,inf
164,0,1.1455248068464807,1.1071504451722078,1.0329388036210914,2.8004999999999995,1,2.8004999999999995,6.0,inf
164,1,1.1455248068464807,1.1071504451722078,1.0329388036210914,2.8004999999999995,1,2.8004999999999995,6.0,inf
164,2,1.1455248068464807,1.1071504451722078,1.0329388036210914,2.8004999999999995,1,2.8004999999999995,6.0,inf
164,3,1.1455248068464807,1.1071504451722078,1.0329388036210914,2.8004999999999995,1,2.8004999999999995,6.0,inf
164,4,1.1455248068464807,1.1071504451722078,1.0329388036210914,2.8004999999999995,1,2.8004999999999995,6.0,inf
164,5,1.1455248068464807,1.1071504451722078,1.0329388036210914,2.8004999999999995,1,2.8004999999999995,6.0,inf
165,0,-1.1569808905150274,-0.7288245096483399,-1.4322886698022341,4.073099999999999,1,4.073099999999999,6.0,inf
165,1,-1.1569808905150274,-0.7288245096483399,-1.4322886698022341,4.073099999999999,1,4.073099999999999,6.0,inf
165,2,-1.1569808905150274,-0.7288245096483399,-1.4322886698022341,4.073099999999999,1,4.073099999999999,6.0,inf
165,3,-1.1569808905150274,-0.7288245096483399,-1.4322886698022341,4.073099999999999,1,4.073099999999999,6.0,inf
165,4,-1.1569808905150274,-0.7288245096483399,-1.4322886698022341,4.073099999999999,1,4.073099999999999,6.0,inf
165,5,-1.1569808905150274,-0.7288245096483399,-1.4322886698022341,4.073099999999999,1,4.073099999999999,6.0,inf
166,0,-1.3091374850097763,-0.45122235366225766,-0.1861443571948623,2.9642999999999997,1,2.9642999999999997,6.0,inf
166,1,-1.3091374850097763,-0.45122235366225766,-0.1861443571948623,2.9642999999999997,1,2.9642999999999997,6.0,inf
166,2,-1.3091374850097763,-0.45122235366225766,-0.1861443571948623,2.9642999999999997,1,2.9642999999999997,6.0,inf
166,3,-1.3091374850097763,-0.45122235366225766,-0.1861443571948623,2.9642999999999997,1,2.9642999999999997,6.0,inf
166,4,-1.3091374850097763,-0.45122235366225766,-0.1861443571948623,2.9642999999999997,1,2.9642999999999997,6.0,inf
166,5,-1.3091374850097763,-0.45122235366225766,-0.1861443571948623,2.9642999999999997,1,2.9642999999999997,6.0,inf
167,0,-1.3109029949428637,0.9955210932086276,-0.03976252021192483,5.6991,1,5.6991,6.0,inf
167,1,-1.3109029949428637,0.9955210932086276,-0.03976252021192483,5.6991,1,5.6991,6.0,inf
167,2,-1.3109029949428637,0.9955210932086276,-0.03976252021192483,5.6991,1,5.6991,6.0,inf
167,3,-1.3109029949428637,0.9955210932086276,-0.03976252021192483,5.6991,1,5.6991,6.0,inf
167,4,-1.3109029949428637,0.9955210932086276,-0.03976252021192483,5.6991,1,5.6991,6.0,inf
167,5,-1.3109029949428637,0.9955210932086276,-0.03976252021192483,5.6991,1,5.6991,6.0,inf
168,0,0.8256599293447956,1.7341314629276163,-2.2827873431992542,3.2369999999999997,1,3.2369999999999997,6.0,inf
168,1,0.8256599293447956,1.7341314629276163,-2.2827873431992542,3.2369999999999997,1,3.2369999999999997,6.0,inf
168,2,0.8256599293447956,1.7341314629276163,-2.2827873431992542,3.2369999999999997,1,3.2369999999999997,6.0,inf
168,3,0.8256599293447956,1.7341314629276163,-2.2827873431992542,3.2369999999999997,1,3.2369999999999997,6.0,inf
168,4,0.8256599293447956,1.7341314629276163,-2.2827873431992542,3.2369999999999997,1,3.2369999999999997,6.0,inf
168,5,0.8256599293447956,1.7341314629276163,-2.2827873431992542,3.2369999999999997,1,3.2369999999999997,6.0,inf
169,0,-0.27360019751310605,-0.5763592706890074,-0.03277045708409844,0.6204,1,0.6204,6.0,inf
169,1,-0.27360019751310605,-0.5763592706890074,-0.03277045708409844,0.6204,1,0.6204,6.0,inf
169,2,-0.27360019751310605,-0.5763592706890074,-0.03277045708409844,0.6204,1,0.6204,6.0,inf
169,3,-0.27360019751310605,-0.5763592706890074,-0.03277045708409844,0.6204,1,0.6204,6.0,inf
169,4,-0.27360019751310605,-0.5763592706890074,-0.03277045708409844,0.6204,1,0.6204,6.0,inf
169,5,-0.27360019751310605,-0.5763592706890074,-0.03277045708409844,0.6204,1,0.6204,6.0,inf
170,0,-1.3132125665648744,-0.6715118130806571,-0.6669426168591588,3.5258999999999996,1,3.5258999999999996,6.0,inf
170,1,-1.3132125665648744,-0.6715118130806571,-0.6669426168591588,3.5258999999999996,1,3.5258999999999996,6.0,inf
170,2,-1.3132125665648744,-0.6715118130806571,-0.6669426168591588,3.5258999999999996,1,3.5258999999999996,6.0,inf
170,3,-1.3132125665648744,-0.6715118130806571,-0.6669426168591588,3.5258999999999996,1,3.5258999999999996,6.0,inf
170,4,-1.3132125665648744,-0.6715118130806571,-0.6669426168591588,3.5258999999999996,1,3.5258999999999996,6.0,inf
170,5,-1.3132125665648744,-0.6715118130806571,-0.6669426168591588,3.5258999999999996,1,3.5258999999999996,6.0,inf
171,0,0.9825816154694188,-0.5281188876953131,-2.3364095638053586,0.615,1,0.615,6.0,inf
171,1,0.9825816154694188,-0.5281188876953131,-2.3364095638053586,0.615,1,0.615,6.0,inf
171,2,0.9825816154694188,-0.5281188876953131,-2.3364095638053586,0.615,1,0.615,6.0,inf
171,3,0.9825816154694188,-0.5281188876953131,-2.3364095638053586,0.615,1,0.615,6.0,inf
171,4,0.9825816154694188,-0.5281188876953131,-2.3364095638053586,0.615,1,0.615,6.0,inf
171,5,0.9825816154694188,-0.5281188876953131,-2.3364095638053586,0.615,1,0.615,6.0,inf
172,0,-0.00854149867239691,0.21406735156500736,2.400755078261535,1.2614999999999998,1,1.2614999999999998,6.0,inf
172,1,-0.00854149867239691,0.21406735156500736,2.400755078261535,1.2614999999999998,1,1.2614999999999998,6.0,inf
172,2,-0.00854149867239691,0.21406735156500736,2.400755078261535,1.2614999999999998,1,1.2614999999999998,6.0,inf
172,3,-0.00854149867239691,0.21406735156500736,2.400755078261535,1.2614999999999998,1,1.2614999999999998,6.0,inf
172,4,-0.00854149867239691,0.21406735156500736,2.400755078261535,1.2614999999999998,1,1.2614999999999998,6.0,inf
172,5,-0.00854149867239691,0.21406735156500736,2.400755078261535,1.2614999999999998,1,1.2614999999999998,6.0,inf
173,0,-1.5350994701682514,-0.4869407158127381,-2.0671243140760316,3.9863999999999997,1,3.9863999999999997,6.0,inf
173,1,-1.5350994701682514,-0.4869407158127381,-2.0671243140760316,3.9863999999999997,1,3.9863999999999997,6.0,inf
173,2,-1.5350994701682514,-0.4869407158127381,-2.0671243140760316,3.9863999999999997,1,3.9863999999999997,6.0,inf
173,3,-1.5350994701682514,-0.4869407158127381,-2.0671243140760316,3.9863999999999997,1,3.9863999999999997,6.0,inf
173,4,-1.5350994701682514,-0.4869407158127381,-2.0671243140760316,3.9863999999999997,1,3.9863999999999997,6.0,inf
173,5,-1.5350994701682514,-0.4869407158127381,-2.0671243140760316,3.9863999999999997,1,3.9863999999999997,6.0,inf
174,0,-1.0458392347593712,0.41030841087457987,-0.8446318292356978,6.0,0,8.0001,6.0,inf
174,1,-1.0458392347593712,0.41030841087457987,-0.8446318292356978,6.0,0,8.0001,6.0,inf
174,2,-1.0458392347593712,0.41030841087457987,-0.8446318292356978,6.0,0,8.0001,6.0,inf
174,3,-1.0458392347593712,0.41030841087457987,-0.8446318292356978,6.0,0,8.0001,6.0,inf
174,4,-1.0458392347593712,0.41030841087457987,-0.8446318292356978,6.0,0,8.0001,6.0,inf
174,5,-1.0458392347593712,0.41030841087457987,-0.8446318292356978,6.0,0,8.0001,6.0,inf
175,0,-1.4663206621191136,-0.053654173402324264,0.0058492257374975045,1.3092,1,1.3092,6.0,inf
175,1,-1.4663206621191136,-0.053654173402324264,0.0058492257374975045,1.3092,1,1.3092,6.0,inf
175,2,-1.4663206621191136,-0.053654173402324264,0.0058492257374975045,1.3092,1,1.3092,6.0,inf
175,3,-1.4663206621191136,-0.053654173402324264,0.0058492257374975045,1.3092,1,1.3092,6.0,inf
175,4,-1.4663206621191136,-0.053654173402324264,0.0058492257374975045,1.3092,1,1.3092,6.0,inf
175,5,-1.4663206621191136,-0.053654173402324264,0.0058492257374975045,1.3092,1,1.3092,6.0,inf
176,0,-0.2210962321233228,0.04007983064015068,-1.1186324206367269,0.2769,1,0.2769,6.0,inf
176,1,-0.2210962321233228,0.04007983064015068,-1.1186324206367269,0.2769,1,0.2769,6.0,inf
176,2,-0.2210962321233228,0.04007983064015068,-1.1186324206367269,0.2769,1,0.2769,6.0,inf
176,3,-0.2210962321233228,0.04007983064015068,-1.1186324206367269,0.2769,1,0.2769,6.0,inf
176,4,-0.2210962321233228,0.04007983064015068,-1.1186324206367269,0.2769,1,0.2769,6.0,inf
176,5,-0.2210962321233228,0.04007983064015068,-1.1186324206367269,0.2769,1,0.2769,6.0,inf
177,0,0.9625137071465059,-1.3655372959513883,0.3052087695681413,0.20129999999999998,1,0.20129999999999998,6.0,inf
177,1,0.9625137071465059,-1.3655372959513883,0.3052087695681413,0.20129999999999998,1,0.20129999999999998,6.0,inf
177,2,0.9625137071465059,-1.3655372959513883,0.3052087695681413,0.20129999999999998,1,0.20129999999999998,6.0,inf
177,3,0.9625137071465059,-1.3655372959513883,0.3052087695681413,0.20129999999999998,1,0.20129999999999998,6.0,inf
177,4,0.9625137071465059,-1.3655372959513883,0.3052087695681413,0.20129999999999998,1,0.20129999999999998,6.0,inf
177,5,0.9625137071465059,-1.3655372959513883,0.3052087695681413,0.20129999999999998,1,0.20129999999999998,6.0,inf
178,0,1.0324127294539438,0.12400163090944813,1.29430772561223,0.8618999999999999,1,0.8618999999999999,6.0,inf
178,1,1.0324127294539438,0.12400163090944813,1.29430772561223,0.8618999999999999,1,0.8618999999999999,6.0,inf
178,2,1.0324127294539438,0.12400163090944813,1.29430772561223,0.8618999999999999,1,0.8618999999999999,6.0,inf
178,3,1.0324127294539438,0.12400163090944813,1.29430772561223,0.8618999999999999,1,0.8618999999999999,6.0,inf
178,4,1.0324127294539438,0.12400163090944813,1.29430772561223,0.8618999999999999,1,0.8618999999999999,6.0,inf
178,5,1.0324127294539438,0.12400163090944813,1.29430772561223,0.8618999999999999,1,0.8618999999999999,6.0,inf
179,0,0.003090734718853995,-0.11893566457648948,0.8609392261134242,2.8811999999999998,1,2.8811999999999998,6.0,inf
179,1,0.003090734718853995,-0.11893566457648948,0.8609392261134242,2.8811999999999998,1,2.8811999999999998,6.0,inf
179,2,0.003090734718853995,-0.11893566457648948,0.8609392261134242,2.8811999999999998,1,2.8811999999999998,6.0,inf
179,3,0.003090734718853995,-0.11893566457648948,0.8609392261134242,2.8811999999999998,1,2.8811999999999998,6.0,inf
179,4,0.003090734718853995,-0.11893566457648948,0.8609392261134242,2.8811999999999998,1,2.8811999999999998,6.0,inf
179,5,0.003090734718853995,-0.11893566457648948,0.8609392261134242,2.8811999999999998,1,2.8811999999999998,6.0,inf
180,0,0.7512480549906175,-0.6383205139794018,-0.9440411293619808,2.343,1,2.343,6.0,inf
180,1,0.7512480549906175,-0.6383205139794018,-0.9440411293619808,2.343,1,2.343,6.0,inf
180,2,0.7512480549906175,-0.6383205139794018,-0.9440411293619808,2.343,1,2.343,6.0,inf
180,3,0.7512480549906175,-0.6383205139794018,-0.9440411293619808,2.343,1,2.343,6.0,inf
180,4,0.7512480549906175,-0.6383205139794018,-0.9440411293619808,2.343,1,2.343,6.0,inf
180,5,0.7512480549906175,-0.6383205139794018,-0.9440411293619808,2.343,1,2.343,6.0,inf
181,0,-1.1324075094693393,-1.221197496170223,-0.6419950844156462,0.7401,1,0.7401,6.0,inf
181,1,-1.1324075094693393,-1.221197496170223,-0.6419950844156462,0.7401,1,0.7401,6.0,inf
181,2,-1.1324075094693393,-1.221197496170223,-0.6419950844156462,0.7401,1,0.7401,6.0,inf
181,3,-1.1324075094693393,-1.221197496170223,-0.6419950844156462,0.7401,1,0.7401,6.0,inf
181,4,-1.1324075094693393,-1.221197496170223,-0.6419950844156462,0.7401,1,0.7401,6.0,inf
181,5,-1.1324075094693393,-1.221197496170223,-0.6419950844156462,0.7401,1,0.7401,6.0,inf
182,0,-0.39183772373765613,0.42004763350190305,-0.9307560452069779,2.7998999999999996,1,2.7998999999999996,6.0,inf
182,1,-0.39183772373765613,0.42004763350190305,-0.9307560452069779,2.7998999999999996,1,2.7998999999999996,6.0,inf
182,2,-0.39183772373765613,0.42004763350190305,-0.9307560452069779,2.7998999999999996,1,2.7998999999999996,6.0,inf
182,3,-0.39183772373765613,0.42004763350190305,-0.9307560452069779,2.7998999999999996,1,2.7998999999999996,6.0,inf
182,4,-0.39183772373765613,0.42004763350190305,-0.9307560452069779,2.7998999999999996,1,2.7998999999999996,6.0,inf
182,5,-0.39183772373765613,0.42004763350190305,-0.9307560452069779,2.7998999999999996,1,2.7998999999999996,6.0,inf
183,0,-0.15599046138239708,-0.27773443576602846,1.0310683766594435,1.5179999999999998,1,1.5179999999999998,6.0,inf
183,1,-0.15599046138239708,-0.27773443576602846,1.0310683766594435,1.5179999999999998,1,1.5179999999999998,6.0,inf
183,2,-0.15599046138239708,-0.27773443576602846,1.0310683766594435,1.5179999999999998,1,1.5179999999999998,6.0,inf
183,3,-0.15599046138239708,-0.27773443576602846,1.0310683766594435,1.5179999999999998,1,1.5179999999999998,6.0,inf
183,4,-0.15599046138239708,-0.27773443576602846,1.0310683766594435,1.5179999999999998,1,1.5179999999999998,6.0,inf
183,5,-0.15599046138239708,-0.27773443576602846,1.0310683766594435,1.5179999999999998,1,1.5179999999999998,6.0,inf
184,0,1.3411971300629577,0.4337327824948087,-0.989222698358771,3.243,1,3.243,6.0,inf
184,1,1.3411971300629577,0.4337327824948087,-0.989222698358771,3.243,1,3.243,6.0,inf
184,2,1.3411971300629577,0.4337327824948087,-0.989222698358771,3.243,1,3.243,6.0,inf
184,3,1.3411971300629577,0.4337327824948087,-0.989222698358771,3.243,1,3.243,6.0,inf
184,4,1.3411971300629577,0.4337327824948087,-0.989222698358771,3.243,1,3.243,6.0,inf
184,5,1.3411971300629577,0.4337327824948087,-0.989222698358771,3.243,1,3.243,6.0,inf
185,0,-0.08736110925459853,1.6353886312875312,0.9034432278577709,2.5940999999999996,1,2.5940999999999996,6.0,inf
185,1,-0.08736110925459853,1.6353886312875312,0.9034432278577709,2.5940999999999996,1,2.5940999999999996,6.0,inf
185,2,-0.08736110925459853,1.6353886312875312,0.9034432278577709,2.5940999999999996,1,2.5940999999999996,6.0,inf
185,3,-0.08736110925459853,1.6353886312875312,0.9034432278577709,2.5940999999999996,1,2.5940999999999996,6.0,inf
185,4,-0.08736110925459853,1.6353886312875312,0.9034432278577709,2.5940999999999996,1,2.5940999999999996,6.0,inf
185,5,-0.08736110925459853,1.6353886312875312,0.9034432278577709,2.5940999999999996,1,2.5940999999999996,6.0,inf
186,0,2.0809236411947203,-1.1717055894525834,-1.4151952081095112,3.0395999999999996,1,3.0395999999999996,6.0,inf
186,1,2.0809236411947203,-1.1717055894525834,-1.4151952081095112,3.0395999999999996,1,3.0395999999999996,6.0,inf
186,2,2.0809236411947203,-1.1717055894525834,-1.4151952081095112,3.0395999999999996,1,3.0395999999999996,6.0,inf
186,3,2.0809236411947203,-1.1717055894525834,-1.4151952081095112,3.0395999999999996,1,3.0395999999999996,6.0,inf
186,4,2.0809236411947203,-1.1717055894525834,-1.4151952081095112,3.0395999999999996,1,3.0395999999999996,6.0,inf
186,5,2.0809236411947203,-1.1717055894525834,-1.4151952081095112,3.0395999999999996,1,3.0395999999999996,6.0,inf
187,0,-0.5856008386998476,0.0483494261233846,0.6166813380157101,3.7505999999999995,1,3.7505999999999995,6.0,inf
187,1,-0.5856008386998476,0.0483494261233846,0.6166813380157101,3.7505999999999995,1,3.7505999999999995,6.0,inf
187,2,-0.5856008386998476,0.0483494261233846,0.6166813380157101,3.7505999999999995,1,3.7505999999999995,6.0,inf
187,3,-0.5856008386998476,0.0483494261233846,0.6166813380157101,3.7505999999999995,1,3.7505999999999995,6.0,inf
187,4,-0.5856008386998476,0.0483494261233846,0.6166813380157101,3.7505999999999995,1,3.7505999999999995,6.0,inf
187,5,-0.5856008386998476,0.0483494261233846,0.6166813380157101,3.7505999999999995,1,3.7505999999999995,6.0,inf
188,0,-1.2316524197170948,-0.08404122364093428,1.1462326249354229,1.3379999999999999,1,1.3379999999999999,6.0,inf
188,1,-1.2316524197170948,-0.08404122364093428,1.1462326249354229,1.3379999999999999,1,1.3379999999999999,6.0,inf
188,2,-1.2316524197170948,-0.08404122364093428,1.1462326249354229,1.3379999999999999,1,1.3379999999999999,6.0,inf
188,3,-1.2316524197170948,-0.08404122364093428,1.1462326249354229,1.3379999999999999,1,1.3379999999999999,6.0,inf
188,4,-1.2316524197170948,-0.08404122364093428,1.1462326249354229,1.3379999999999999,1,1.3379999999999999,6.0,inf
188,5,-1.2316524197170948,-0.08404122364093428,1.1462326249354229,1.3379999999999999,1,1.3379999999999999,6.0,inf
189,0,-2.6120037046020905,1.7104083800800125,-1.12202081218019,5.719499999999999,1,5.719499999999999,6.0,inf
189,1,-2.6120037046020905,1.7104083800800125,-1.12202081218019,5.719499999999999,1,5.719499999999999,6.0,inf
189,2,-2.6120037046020905,1.7104083800800125,-1.12202081218019,5.719499999999999,1,5.719499999999999,6.0,inf
189,3,-2.6120037046020905,1.7104083800800125,-1.12202081218019,5.719499999999999,1,5.719499999999999,6.0,inf
189,4,-2.6120037046020905,1.7104083800800125,-1.12202081218019,5.719499999999999,1,5.719499999999999,6.0,inf
189,5,-2.6120037046020905,1.7104083800800125,-1.12202081218019,5.719499999999999,1,5.719499999999999,6.0,inf
190,0,0.07056395384667805,0.15471519222173208,0.72617256876548,4.6578,1,4.6578,6.0,inf
190,1,0.07056395384667805,0.15471519222173208,0.72617256876548,4.6578,1,4.6578,6.0,inf
190,2,0.07056395384667805,0.15471519222173208,0.72617256876548,4.6578,1,4.6578,6.0,inf
190,3,0.07056395384667805,0.15471519222173208,0.72617256876548,4.6578,1,4.6578,6.0,inf
190,4,0.07056395384667805,0.15471519222173208,0.72617256876548,4.6578,1,4.6578,6.0,inf
190,5,0.07056395384667805,0.15471519222173208,0.72617256876548,4.6578,1,4.6578,6.0,inf
191,0,0.7245405174677666,-0.8562072474676452,0.09091460457839914,1.2275999999999998,1,1.2275999999999998,6.0,inf
191,1,0.7245405174677666,-0.8562072474676452,0.09091460457839914,1.2275999999999998,1,1.2275999999999998,6.0,inf
191,2,0.7245405174677666,-0.8562072474676452,0.09091460457839914,1.2275999999999998,1,1.2275999999999998,6.0,inf
191,3,0.7245405174677666,-0.8562072474676452,0.09091460457839914,1.2275999999999998,1,1.2275999999999998,6.0,inf
191,4,0.7245405174677666,-0.8562072474676452,0.09091460457839914,1.2275999999999998,1,1.2275999999999998,6.0,inf
191,5,0.7245405174677666,-0.8562072474676452,0.09091460457839914,1.2275999999999998,1,1.2275999999999998,6.0,inf
192,0,0.17184495311814713,-0.6256473227754811,-0.4420568308241516,2.8983,1,2.8983,6.0,inf
192,1,0.17184495311814713,-0.6256473227754811,-0.4420568308241516,2.8983,1,2.8983,6.0,inf
192,2,0.17184495311814713,-0.6256473227754811,-0.4420568308241516,2.8983,1,2.8983,6.0,inf
192,3,0.17184495311814713,-0.6256473227754811,-0.4420568308241516,2.8983,1,2.8983,6.0,inf
192,4,0.17184495311814713,-0.6256473227754811,-0.4420568308241516,2.8983,1,2.8983,6.0,inf
192,5,0.17184495311814713,-0.6256473227754811,-0.4420568308241516,2.8983,1,2.8983,6.0,inf
193,0,0.5587630696090676,1.2565067451982677,0.5565149930278942,4.307099999999999,1,4.307099999999999,6.0,inf
193,1,0.5587630696090676,1.2565067451982677,0.5565149930278942,4.307099999999999,1,4.307099999999999,6.0,inf
193,2,0.5587630696090676,1.2565067451982677,0.5565149930278942,4.307099999999999,1,4.307099999999999,6.0,inf
193,3,0.5587630696090676,1.2565067451982677,0.5565149930278942,4.307099999999999,1,4.307099999999999,6.0,inf
193,4,0.5587630696090676,1.2565067451982677,0.5565149930278942,4.307099999999999,1,4.307099999999999,6.0,inf
193,5,0.5587630696090676,1.2565067451982677,0.5565149930278942,4.307099999999999,1,4.307099999999999,6.0,inf
194,0,0.5903984540050798,2.575094004477729,1.5454083891200625,2.2796999999999996,1,2.2796999999999996,6.0,inf
194,1,0.5903984540050798,2.575094004477729,1.5454083891200625,2.2796999999999996,1,2.2796999999999996,6.0,inf
194,2,0.5903984540050798,2.575094004477729,1.5454083891200625,2.2796999999999996,1,2.2796999999999996,6.0,inf
194,3,0.5903984540050798,2.575094004477729,1.5454083891200625,2.2796999999999996,1,2.2796999999999996,6.0,inf
194,4,0.5903984540050798,2.575094004477729,1.5454083891200625,2.2796999999999996,1,2.2796999999999996,6.0,inf
194,5,0.5903984540050798,2.575094004477729,1.5454083891200625,2.2796999999999996,1,2.2796999999999996,6.0,inf
195,0,-0.5055981835033487,0.5017509980751252,-0.006032893269701953,0.25649999999999995,1,0.25649999999999995,6.0,inf
195,1,-0.5055981835033487,0.5017509980751252,-0.006032893269701953,0.25649999999999995,1,0.25649999999999995,6.0,inf
195,2,-0.5055981835033487,0.5017509980751252,-0.006032893269701953,0.25649999999999995,1,0.25649999999999995,6.0,inf
195,3,-0.5055981835033487,0.5017509980751252,-0.006032893269701953,0.25649999999999995,1,0.25649999999999995,6.0,inf
195,4,-0.5055981835033487,0.5017509980751252,-0.006032893269701953,0.25649999999999995,1,0.25649999999999995,6.0,inf
195,5,-0.5055981835033487,0.5017509980751252,-0.006032893269701953,0.25649999999999995,1,0.25649999999999995,6.0,inf
196,0,0.1657445126781966,0.5485459995130013,1.4903517585766402,0.22079999999999997,1,0.22079999999999997,6.0,inf
196,1,0.1657445126781966,0.5485459995130013,1.4903517585766402,0.22079999999999997,1,0.22079999999999997,6.0,inf
196,2,0.1657445126781966,0.5485459995130013,1.4903517585766402,0.22079999999999997,1,0.22079999999999997,6.0,inf
196,3,0.1657445126781966,0.5485459995130013,1.4903517585766402,0.22079999999999997,1,0.22079999999999997,6.0,inf
196,4,0.1657445126781966,0.5485459995130013,1.4903517585766402,0.22079999999999997,1,0.22079999999999997,6.0,inf
196,5,0.1657445126781966,0.5485459995130013,1.4903517585766402,0.22079999999999997,1,0.22079999999999997,6.0,inf
197,0,1.1902532340832266,0.9783571275059189,-0.25996590878041825,3.7901999999999996,1,3.7901999999999996,6.0,inf
197,1,1.1902532340832266,0.9783571275059189,-0.25996590878041825,3.7901999999999996,1,3.7901999999999996,6.0,inf
197,2,1.1902532340832266,0.9783571275059189,-0.25996590878041825,3.7901999999999996,1,3.7901999999999996,6.0,inf
197,3,1.1902532340832266,0.9783571275059189,-0.25996590878041825,3.7901999999999996,1,3.7901999999999996,6.0,inf
197,4,1.1902532340832266,0.9783571275059189,-0.25996590878041825,3.7901999999999996,1,3.7901999999999996,6.0,inf
197,5,1.1902532340832266,0.9783571275059189,-0.25996590878041825,3.7901999999999996,1,3.7901999999999996,6.0,inf
198,0,0.5431136714263509,1.0617136173526625,1.375332766992431,2.5239,1,2.5239,6.0,inf
198,1,0.5431136714263509,1.0617136173526625,1.375332766992431,2.5239,1,2.5239,6.0,inf
198,2,0.5431136714263509,1.0617136173526625,1.375332766992431,2.5239,1,2.5239,6.0,inf
198,3,0.5431136714263509,1.0617136173526625,1.375332766992431,2.5239,1,2.5239,6.0,inf
198,4,0.5431136714263509,1.0617136173526625,1.375332766992431,2.5239,1,2.5239,6.0,inf
198,5,0.5431136714263509,1.0617136173526625,1.375332766992431,2.5239,1,2.5239,6.0,inf
199,0,0.21620972477989345,-0.7155611854114285,-1.326692337572983,1.4894999999999998,1,1.4894999999999998,6.0,inf
199,1,0.21620972477989345,-0.7155611854114285,-1.326692337572983,1.4894999999999998,1,1.4894999999999998,6.0,inf
199,2,0.21620972477989345,-0.7155611854114285,-1.326692337572983,1.4894999999999998,1,1.4894999999999998,6.0,inf
199,3,0.21620972477989345,-0.7155611854114285,-1.326692337572983,1.4894999999999998,1,1.4894999999999998,6.0,inf
199,4,0.21620972477989345,-0.7155611854114285,-1.326692337572983,1.4894999999999998,1,1.4894999999999998,6.0,inf
199,5,0.21620972477989345,-0.7155611854114285,-1.326692337572983,1.4894999999999998,1,1.4894999999999998,6.0,inf
200,0,-1.670174673531521,-0.5456958579347208,-0.6419159809868275,1.7453999999999998,1,1.7453999999999998,6.0,inf
200,1,-1.670174673531521,-0.5456958579347208,-0.6419159809868275,1.7453999999999998,1,1.7453999999999998,6.0,inf
200,2,-1.670174673531521,-0.5456958579347208,-0.6419159809868275,1.7453999999999998,1,1.7453999999999998,6.0,inf
200,3,-1.670174673531521,-0.5456958579347208,-0.6419159809868275,1.7453999999999998,1,1.7453999999999998,6.0,inf
200,4,-1.670174673531521,-0.5456958579347208,-0.6419159809868275,1.7453999999999998,1,1.7453999999999998,6.0,inf
200,5,-1.670174673531521,-0.5456958579347208,-0.6419159809868275,1.7453999999999998,1,1.7453999999999998,6.0,inf
201,0,-1.0030555723204626,0.5741895840825333,-0.5802133523565792,1.7621999999999998,1,1.7621999999999998,6.0,inf
201,1,-1.0030555723204626,0.5741895840825333,-0.5802133523565792,1.7621999999999998,1,1.7621999999999998,6.0,inf
201,2,-1.0030555723204626,0.5741895840825333,-0.5802133523565792,1.7621999999999998,1,1.7621999999999998,6.0,inf
201,3,-1.0030555723204626,0.5741895840825333,-0.5802133523565792,1.7621999999999998,1,1.7621999999999998,6.0,inf
201,4,-1.0030555723204626,0.5741895840825333,-0.5802133523565792,1.7621999999999998,1,1.7621999999999998,6.0,inf
201,5,-1.0030555723204626,0.5741895840825333,-0.5802133523565792,1.7621999999999998,1,1.7621999999999998,6.0,inf
202,0,-0.42761688163922157,1.235987777870252,0.9137206258155383,1.6017,1,1.6017,6.0,inf
202,1,-0.42761688163922157,1.235987777870252,0.9137206258155383,1.6017,1,1.6017,6.0,inf
202,2,-0.42761688163922157,1.235987777870252,0.9137206258155383,1.6017,1,1.6017,6.0,inf
202,3,-0.42761688163922157,1.235987777870252,0.9137206258155383,1.6017,1,1.6017,6.0,inf
202,4,-0.42761688163922157,1.235987777870252,0.9137206258155383,1.6017,1,1.6017,6.0,inf
202,5,-0.42761688163922157,1.235987777870252,0.9137206258155383,1.6017,1,1.6017,6.0,inf
203,0,-0.7732964112031717,-1.0108454731604744,0.3234652635539007,1.9730999999999999,1,1.9730999999999999,6.0,inf
203,1,-0.7732964112031717,-1.0108454731604744,0.3234652635539007,1.9730999999999999,1,1.9730999999999999,6.0,inf
203,2,-0.7732964112031717,-1.0108454731604744,0.3234652635539007,1.9730999999999999,1,1.9730999999999999,6.0,inf
203,3,-0.7732964112031717,-1.0108454731604744,0.3234652635539007,1.9730999999999999,1,1.9730999999999999,6.0,inf
203,4,-0.7732964112031717,-1.0108454731604744,0.3234652635539007,1.9730999999999999,1,1.9730999999999999,6.0,inf
203,5,-0.7732964112031717,-1.0108454731604744,0.3234652635539007,1.9730999999999999,1,1.9730999999999999,6.0,inf
204,0,-1.773797937814444,-0.009636381659262656,0.39365184783415574,1.7307,1,1.7307,6.0,inf
204,1,-1.773797937814444,-0.009636381659262656,0.39365184783415574,1.7307,1,1.7307,6.0,inf
204,2,-1.773797937814444,-0.009636381659262656,0.39365184783415574,1.7307,1,1.7307,6.0,inf
204,3,-1.773797937814444,-0.009636381659262656,0.39365184783415574,1.7307,1,1.7307,6.0,inf
204,4,-1.773797937814444,-0.009636381659262656,0.39365184783415574,1.7307,1,1.7307,6.0,inf
204,5,-1.773797937814444,-0.009636381659262656,0.39365184783415574,1.7307,1,1.7307,6.0,inf
205,0,-0.30365237010696416,-0.1408451173410514,0.10496483506001973,0.9374999999999999,1,0.9374999999999999,6.0,inf
205,1,-0.30365237010696416,-0.1408451173410514,0.10496483506001973,0.9374999999999999,1,0.9374999999999999,6.0,inf
205,2,-0.30365237010696416,-0.1408451173410514,0.10496483506001973,0.9374999999999999,1,0.9374999999999999,6.0,inf
205,3,-0.30365237010696416,-0.1408451173410514,0.10496483506001973,0.9374999999999999,1,0.9374999999999999,6.0,inf
205,4,-0.30365237010696416,-0.1408451173410514,0.10496483506001973,0.9374999999999999,1,0.9374999999999999,6.0,inf
205,5,-0.30365237010696416,-0.1408451173410514,0.10496483506001973,0.9374999999999999,1,0.9374999999999999,6.0,inf
206,0,1.102129389538006,1.5754529909086021,-0.6144333380550264,4.0629,1,4.0629,6.0,inf
206,1,1.102129389538006,1.5754529909086021,-0.6144333380550264,4.0629,1,4.0629,6.0,inf
206,2,1.102129389538006,1.5754529909086021,-0.6144333380550264,4.0629,1,4.0629,6.0,inf
206,3,1.102129389538006,1.5754529909086021,-0.6144333380550264,4.0629,1,4.0629,6.0,inf
206,4,1.102129389538006,1.5754529909086021,-0.6144333380550264,4.0629,1,4.0629,6.0,inf
206,5,1.102129389538006,1.5754529909086021,-0.6144333380550264,4.0629,1,4.0629,6.0,inf
207,0,1.055164192030634,0.6774392066344769,0.18716322524740475,3.0044999999999997,1,3.0044999999999997,6.0,inf
207,1,1.055164192030634,0.6774392066344769,0.18716322524740475,3.0044999999999997,1,3.0044999999999997,6.0,inf
207,2,1.055164192030634,0.6774392066344769,0.18716322524740475,3.0044999999999997,1,3.0044999999999997,6.0,inf
207,3,1.055164192030634,0.6774392066344769,0.18716322524740475,3.0044999999999997,1,3.0044999999999997,6.0,inf
207,4,1.055164192030634,0.6774392066344769,0.18716322524740475,3.0044999999999997,1,3.0044999999999997,6.0,inf
207,5,1.055164192030634,0.6774392066344769,0.18716322524740475,3.0044999999999997,1,3.0044999999999997,6.0,inf
208,0,-0.11275582542351617,-0.13618708645220243,-1.2896777727933622,2.8749,1,2.8749,6.0,inf
208,1,-0.11275582542351617,-0.13618708645220243,-1.2896777727933622,2.8749,1,2.8749,6.0,inf
208,2,-0.11275582542351617,-0.13618708645220243,-1.2896777727933622,2.8749,1,2.8749,6.0,inf
208,3,-0.11275582542351617,-0.13618708645220243,-1.2896777727933622,2.8749,1,2.8749,6.0,inf
208,4,-0.11275582542351617,-0.13618708645220243,-1.2896777727933622,2.8749,1,2.8749,6.0,inf
208,5,-0.11275582542351617,-0.13618708645220243,-1.2896777727933622,2.8749,1,2.8749,6.0,inf
209,0,0.6190850194881322,0.1656376668451277,-1.0046344150966502,3.8270999999999997,1,3.8270999999999997,6.0,inf
209,1,0.6190850194881322,0.1656376668451277,-1.0046344150966502,3.8270999999999997,1,3.8270999999999997,6.0,inf
209,2,0.6190850194881322,0.1656376668451277,-1.0046344150966502,3.8270999999999997,1,3.8270999999999997,6.0,inf
209,3,0.6190850194881322,0.1656376668451277,-1.0046344150966502,3.8270999999999997,1,3.8270999999999997,6.0,inf
209,4,0.6190850194881322,0.1656376668451277,-1.0046344150966502,3.8270999999999997,1,3.8270999999999997,6.0,inf
209,5,0.6190850194881322,0.1656376668451277,-1.0046344150966502,3.8270999999999997,1,3.8270999999999997,6.0,inf
210,0,1.5651705607188635,-0.33813011952285543,0.35872209575400565,2.2647,1,2.2647,6.0,inf
210,1,1.5651705607188635,-0.33813011952285543,0.35872209575400565,2.2647,1,2.2647,6.0,inf
210,2,1.5651705607188635,-0.33813011952285543,0.35872209575400565,2.2647,1,2.2647,6.0,inf
210,3,1.5651705607188635,-0.33813011952285543,0.35872209575400565,2.2647,1,2.2647,6.0,inf
210,4,1.5651705607188635,-0.33813011952285543,0.35872209575400565,2.2647,1,2.2647,6.0,inf
210,5,1.5651705607188635,-0.33813011952285543,0.35872209575400565,2.2647,1,2.2647,6.0,inf
211,0,0.2016661564779703,1.5955612524110698,-0.61276508636078,0.44489999999999996,1,0.44489999999999996,6.0,inf
211,1,0.2016661564779703,1.5955612524110698,-0.61276508636078,0.44489999999999996,1,0.44489999999999996,6.0,inf
211,2,0.2016661564779703,1.5955612524110698,-0.61276508636078,0.44489999999999996,1,0.44489999999999996,6.0,inf
211,3,0.2016661564779703,1.5955612524110698,-0.61276508636078,0.44489999999999996,1,0.44489999999999996,6.0,inf
211,4,0.2016661564779703,1.5955612524110698,-0.61276508636078,0.44489999999999996,1,0.44489999999999996,6.0,inf
211,5,0.2016661564779703,1.5955612524110698,-0.61276508636078,0.44489999999999996,1,0.44489999999999996,6.0,inf
212,0,-0.4343628521891997,-0.3677208760037899,-0.5947835569373217,1.9157999999999997,1,1.9157999999999997,6.0,inf
212,1,-0.4343628521891997,-0.3677208760037899,-0.5947835569373217,1.9157999999999997,1,1.9157999999999997,6.0,inf
212,2,-0.4343628521891997,-0.3677208760037899,-0.5947835569373217,1.9157999999999997,1,1.9157999999999997,6.0,inf
212,3,-0.4343628521891997,-0.3677208760037899,-0.5947835569373217,1.9157999999999997,1,1.9157999999999997,6.0,inf
212,4,-0.4343628521891997,-0.3677208760037899,-0.5947835569373217,1.9157999999999997,1,1.9157999999999997,6.0,inf
212,5,-0.4343628521891997,-0.3677208760037899,-0.5947835569373217,1.9157999999999997,1,1.9157999999999997,6.0,inf
213,0,0.5685554054815799,0.371519836985264,-1.275231866712686,3.0744,1,3.0744,6.0,inf
213,1,0.5685554054815799,0.371519836985264,-1.275231866712686,3.0744,1,3.0744,6.0,inf
213,2,0.5685554054815799,0.371519836985264,-1.275231866712686,3.0744,1,3.0744,6.0,inf
213,3,0.5685554054815799,0.371519836985264,-1.275231866712686,3.0744,1,3.0744,6.0,inf
213,4,0.5685554054815799,0.371519836985264,-1.275231866712686,3.0744,1,3.0744,6.0,inf
213,5,0.5685554054815799,0.371519836985264,-1.275231866712686,3.0744,1,3.0744,6.0,inf
214,0,1.007285812803832,-1.0955206200320529,-0.3499993520391962,2.3907,1,2.3907,6.0,inf
214,1,1.007285812803832,-1.0955206200320529,-0.3499993520391962,2.3907,1,2.3907,6.0,inf
214,2,1.007285812803832,-1.0955206200320529,-0.3499993520391962,2.3907,1,2.3907,6.0,inf
214,3,1.007285812803832,-1.0955206200320529,-0.3499993520391962,2.3907,1,2.3907,6.0,inf
214,4,1.007285812803832,-1.0955206200320529,-0.3499993520391962,2.3907,1,2.3907,6.0,inf
214,5,1.007285812803832,-1.0955206200320529,-0.3499993520391962,2.3907,1,2.3907,6.0,inf
215,0,-0.14874903871733464,-0.07681105133223372,-0.6452031265258148,1.2327,1,1.2327,6.0,inf
215,1,-0.14874903871733464,-0.07681105133223372,-0.6452031265258148,1.2327,1,1.2327,6.0,inf
215,2,-0.14874903871733464,-0.07681105133223372,-0.6452031265258148,1.2327,1,1.2327,6.0,inf
215,3,-0.14874903871733464,-0.07681105133223372,-0.6452031265258148,1.2327,1,1.2327,6.0,inf
215,4,-0.14874903871733464,-0.07681105133223372,-0.6452031265258148,1.2327,1,1.2327,6.0,inf
215,5,-0.14874903871733464,-0.07681105133223372,-0.6452031265258148,1.2327,1,1.2327,6.0,inf
216,0,1.5089758823849206,-1.26984292422901,-0.027892651297301146,2.2607999999999997,1,2.2607999999999997,6.0,inf
216,1,1.5089758823849206,-1.26984292422901,-0.027892651297301146,2.2607999999999997,1,2.2607999999999997,6.0,inf
216,2,1.5089758823849206,-1.26984292422901,-0.027892651297301146,2.2607999999999997,1,2.2607999999999997,6.0,inf
216,3,1.5089758823849206,-1.26984292422901,-0.027892651297301146,2.2607999999999997,1,2.2607999999999997,6.0,inf
216,4,1.5089758823849206,-1.26984292422901,-0.027892651297301146,2.2607999999999997,1,2.2607999999999997,6.0,inf
216,5,1.5089758823849206,-1.26984292422901,-0.027892651297301146,2.2607999999999997,1,2.2607999999999997,6.0,inf
217,0,0.31231653260048325,-0.046994147600964736,0.19813339426204796,0.1725,1,0.1725,6.0,inf
217,1,0.31231653260048325,-0.046994147600964736,0.19813339426204796,0.1725,1,0.1725,6.0,inf
217,2,0.31231653260048325,-0.046994147600964736,0.19813339426204796,0.1725,1,0.1725,6.0,inf
217,3,0.31231653260048325,-0.046994147600964736,0.19813339426204796,0.1725,1,0.1725,6.0,inf
217,4,0.31231653260048325,-0.046994147600964736,0.19813339426204796,0.1725,1,0.1725,6.0,inf
217,5,0.31231653260048325,-0.046994147600964736,0.19813339426204796,0.1725,1,0.1725,6.0,inf
218,0,0.1626105952451904,1.47757832361003,-0.7899273563603142,3.7190999999999996,1,3.7190999999999996,6.0,inf
218,1,0.1626105952451904,1.47757832361003,-0.7899273563603142,3.7190999999999996,1,3.7190999999999996,6.0,inf
218,2,0.1626105952451904,1.47757832361003,-0.7899273563603142,3.7190999999999996,1,3.7190999999999996,6.0,inf
218,3,0.1626105952451904,1.47757832361003,-0.7899273563603142,3.7190999999999996,1,3.7190999999999996,6.0,inf
218,4,0.1626105952451904,1.47757832361003,-0.7899273563603142,3.7190999999999996,1,3.7190999999999996,6.0,inf
218,5,0.1626105952451904,1.47757832361003,-0.7899273563603142,3.7190999999999996,1,3.7190999999999996,6.0,inf
219,0,0.9504288521844031,-1.6743741881520027,-1.1677617492282082,2.5730999999999997,1,2.5730999999999997,6.0,inf
219,1,0.9504288521844031,-1.6743741881520027,-1.1677617492282082,2.5730999999999997,1,2.5730999999999997,6.0,inf
219,2,0.9504288521844031,-1.6743741881520027,-1.1677617492282082,2.5730999999999997,1,2.5730999999999997,6.0,inf
219,3,0.9504288521844031,-1.6743741881520027,-1.1677617492282082,2.5730999999999997,1,2.5730999999999997,6.0,inf
219,4,0.9504288521844031,-1.6743741881520027,-1.1677617492282082,2.5730999999999997,1,2.5730999999999997,6.0,inf
219,5,0.9504288521844031,-1.6743741881520027,-1.1677617492282082,2.5730999999999997,1,2.5730999999999997,6.0,inf
220,0,0.2675818864265161,2.5757926687563804,0.842993870031673,4.0866,1,4.0866,6.0,inf
220,1,0.2675818864265161,2.5757926687563804,0.842993870031673,4.0866,1,4.0866,6.0,inf
220,2,0.2675818864265161,2.5757926687563804,0.842993870031673,4.0866,1,4.0866,6.0,inf
220,3,0.2675818864265161,2.5757926687563804,0.842993870031673,4.0866,1,4.0866,6.0,inf
220,4,0.2675818864265161,2.5757926687563804,0.842993870031673,4.0866,1,4.0866,6.0,inf
220,5,0.2675818864265161,2.5757926687563804,0.842993870031673,4.0866,1,4.0866,6.0,inf
221,0,0.4875609166792442,-2.6576776481864033,1.9081370716672281,1.0037999999999998,1,1.0037999999999998,6.0,inf
221,1,0.4875609166792442,-2.6576776481864033,1.9081370716672281,1.0037999999999998,1,1.0037999999999998,6.0,inf
221,2,0.4875609166792442,-2.6576776481864033,1.9081370716672281,1.0037999999999998,1,1.0037999999999998,6.0,inf
221,3,0.4875609166792442,-2.6576776481864033,1.9081370716672281,1.0037999999999998,1,1.0037999999999998,6.0,inf
221,4,0.4875609166792442,-2.6576776481864033,1.9081370716672281,1.0037999999999998,1,1.0037999999999998,6.0,inf
221,5,0.4875609166792442,-2.6576776481864033,1.9081370716672281,1.0037999999999998,1,1.0037999999999998,6.0,inf
222,0,-0.6354276923533076,1.7015374564204635,-0.9071237649835027,5.382599999999999,1,5.382599999999999,6.0,inf
222,1,-0.6354276923533076,1.7015374564204635,-0.9071237649835027,5.382599999999999,1,5.382599999999999,6.0,inf
222,2,-0.6354276923533076,1.7015374564204635,-0.9071237649835027,5.382599999999999,1,5.382599999999999,6.0,inf
222,3,-0.6354276923533076,1.7015374564204635,-0.9071237649835027,5.382599999999999,1,5.382599999999999,6.0,inf
222,4,-0.6354276923533076,1.7015374564204635,-0.9071237649835027,5.382599999999999,1,5.382599999999999,6.0,inf
222,5,-0.6354276923533076,1.7015374564204635,-0.9071237649835027,5.382599999999999,1,5.382599999999999,6.0,inf
223,0,-0.016120997106941988,0.8877031183489716,-0.049247881576713885,6.0,0,7.043099999999999,6.0,inf
223,1,-0.016120997106941988,0.8877031183489716,-0.049247881576713885,6.0,0,7.043099999999999,6.0,inf
223,2,-0.016120997106941988,0.8877031183489716,-0.049247881576713885,6.0,0,7.043099999999999,6.0,inf
223,3,-0.016120997106941988,0.8877031183489716,-0.049247881576713885,6.0,0,7.043099999999999,6.0,inf
223,4,-0.016120997106941988,0.8877031183489716,-0.049247881576713885,6.0,0,7.043099999999999,6.0,inf
223,5,-0.016120997106941988,0.8877031183489716,-0.049247881576713885,6.0,0,7.043099999999999,6.0,inf
224,0,-1.0364646960431696,-0.9511576767995376,0.23021183462881128,4.2012,1,4.2012,6.0,inf
224,1,-1.0364646960431696,-0.9511576767995376,0.23021183462881128,4.2012,1,4.2012,6.0,inf
224,2,-1.0364646960431696,-0.9511576767995376,0.23021183462881128,4.2012,1,4.2012,6.0,inf
224,3,-1.0364646960431696,-0.9511576767995376,0.23021183462881128,4.2012,1,4.2012,6.0,inf
224,4,-1.0364646960431696,-0.9511576767995376,0.23021183462881128,4.2012,1,4.2012,6.0,inf
224,5,-1.0364646960431696,-0.9511576767995376,0.23021183462881128,4.2012,1,4.2012,6.0,inf
225,0,0.9669531314751029,-0.3471749970153677,0.47120441137659547,1.0614,1,1.0614,6.0,inf
225,1,0.9669531314751029,-0.3471749970153677,0.47120441137659547,1.0614,1,1.0614,6.0,inf
225,2,0.9669531314751029,-0.3471749970153677,0.47120441137659547,1.0614,1,1.0614,6.0,inf
225,3,0.9669531314751029,-0.3471749970153677,0.47120441137659547,1.0614,1,1.0614,6.0,inf
225,4,0.9669531314751029,-0.3471749970153677,0.47120441137659547,1.0614,1,1.0614,6.0,inf
225,5,0.9669531314751029,-0.3471749970153677,0.47120441137659547,1.0614,1,1.0614,6.0,inf
226,0,-2.693091884955745,1.9024590665850325,-0.4919814122358264,4.2399,1,4.2399,6.0,inf
226,1,-2.693091884955745,1.9024590665850325,-0.4919814122358264,4.2399,1,4.2399,6.0,inf
226,2,-2.693091884955745,1.9024590665850325,-0.4919814122358264,4.2399,1,4.2399,6.0,inf
226,3,-2.693091884955745,1.9024590665850325,-0.4919814122358264,4.2399,1,4.2399,6.0,inf
226,4,-2.693091884955745,1.9024590665850325,-0.4919814122358264,4.2399,1,4.2399,6.0,inf
226,5,-2.693091884955745,1.9024590665850325,-0.4919814122358264,4.2399,1,4.2399,6.0,inf
227,0,-0.8702356129176909,-0.4430245322536226,-1.3296833581724739,0.17309999999999998,1,0.17309999999999998,6.0,inf
227,1,-0.8702356129176909,-0.4430245322536226,-1.3296833581724739,0.17309999999999998,1,0.17309999999999998,6.0,inf
227,2,-0.8702356129176909,-0.4430245322536226,-1.3296833581724739,0.17309999999999998,1,0.17309999999999998,6.0,inf
227,3,-0.8702356129176909,-0.4430245322536226,-1.3296833581724739,0.17309999999999998,1,0.17309999999999998,6.0,inf
227,4,-0.8702356129176909,-0.4430245322536226,-1.3296833581724739,0.17309999999999998,1,0.17309999999999998,6.0,inf
227,5,-0.8702356129176909,-0.4430245322536226,-1.3296833581724739,0.17309999999999998,1,0.17309999999999998,6.0,inf
228,0,0.06065104496838188,-1.2331417130435574,0.8518815804341646,0.40679999999999994,1,0.40679999999999994,6.0,inf
228,1,0.06065104496838188,-1.2331417130435574,0.8518815804341646,0.40679999999999994,1,0.40679999999999994,6.0,inf
228,2,0.06065104496838188,-1.2331417130435574,0.8518815804341646,0.40679999999999994,1,0.40679999999999994,6.0,inf
228,3,0.06065104496838188,-1.2331417130435574,0.8518815804341646,0.40679999999999994,1,0.40679999999999994,6.0,inf
228,4,0.06065104496838188,-1.2331417130435574,0.8518815804341646,0.40679999999999994,1,0.40679999999999994,6.0,inf
228,5,0.06065104496838188,-1.2331417130435574,0.8518815804341646,0.40679999999999994,1,0.40679999999999994,6.0,inf
229,0,-0.5661585032734439,0.6684482215822545,-1.1783849618055557,0.3999,1,0.3999,6.0,inf
229,1,-0.5661585032734439,0.6684482215822545,-1.1783849618055557,0.3999,1,0.3999,6.0,inf
229,2,-0.5661585032734439,0.6684482215822545,-1.1783849618055557,0.3999,1,0.3999,6.0,inf
229,3,-0.5661585032734439,0.6684482215822545,-1.1783849618055557,0.3999,1,0.3999,6.0,inf
229,4,-0.5661585032734439,0.6684482215822545,-1.1783849618055557,0.3999,1,0.3999,6.0,inf
229,5,-0.5661585032734439,0.6684482215822545,-1.1783849618055557,0.3999,1,0.3999,6.0,inf
230,0,-0.11268183337541253,1.856480822180601,-1.848027443538699,1.3131,1,1.3131,6.0,inf
230,1,-0.11268183337541253,1.856480822180601,-1.848027443538699,1.3131,1,1.3131,6.0,inf
230,2,-0.11268183337541253,1.856480822180601,-1.848027443538699,1.3131,1,1.3131,6.0,inf
230,3,-0.11268183337541253,1.856480822180601,-1.848027443538699,1.3131,1,1.3131,6.0,inf
230,4,-0.11268183337541253,1.856480822180601,-1.848027443538699,1.3131,1,1.3131,6.0,inf
230,5,-0.11268183337541253,1.856480822180601,-1.848027443538699,1.3131,1,1.3131,6.0,inf
231,0,-0.9519827394262407,0.25065947200513033,0.11348714044622109,6.0,0,6.4788,6.0,inf
231,1,-0.9519827394262407,0.25065947200513033,0.11348714044622109,6.0,0,6.4788,6.0,inf
231,2,-0.9519827394262407,0.25065947200513033,0.11348714044622109,6.0,0,6.4788,6.0,inf
231,3,-0.9519827394262407,0.25065947200513033,0.11348714044622109,6.0,0,6.4788,6.0,inf
231,4,-0.9519827394262407,0.25065947200513033,0.11348714044622109,6.0,0,6.4788,6.0,inf
231,5,-0.9519827394262407,0.25065947200513033,0.11348714044622109,6.0,0,6.4788,6.0,inf
232,0,1.3248035585660476,-1.360948666109755,0.0958911393082091,1.9796999999999998,1,1.9796999999999998,6.0,inf
232,1,1.3248035585660476,-1.360948666109755,0.0958911393082091,1.9796999999999998,1,1.9796999999999998,6.0,inf
232,2,1.3248035585660476,-1.360948666109755,0.0958911393082091,1.9796999999999998,1,1.9796999999999998,6.0,inf
232,3,1.3248035585660476,-1.360948666109755,0.0958911393082091,1.9796999999999998,1,1.9796999999999998,6.0,inf
232,4,1.3248035585660476,-1.360948666109755,0.0958911393082091,1.9796999999999998,1,1.9796999999999998,6.0,inf
232,5,1.3248035585660476,-1.360948666109755,0.0958911393082091,1.9796999999999998,1,1.9796999999999998,6.0,inf
233,0,-1.4268997295260322,-0.8364236965063184,0.6757953791508495,0.37829999999999997,1,0.37829999999999997,6.0,inf
233,1,-1.4268997295260322,-0.8364236965063184,0.6757953791508495,0.37829999999999997,1,0.37829999999999997,6.0,inf
233,2,-1.4268997295260322,-0.8364236965063184,0.6757953791508495,0.37829999999999997,1,0.37829999999999997,6.0,inf
233,3,-1.4268997295260322,-0.8364236965063184,0.6757953791508495,0.37829999999999997,1,0.37829999999999997,6.0,inf
233,4,-1.4268997295260322,-0.8364236965063184,0.6757953791508495,0.37829999999999997,1,0.37829999999999997,6.0,inf
233,5,-1.4268997295260322,-0.8364236965063184,0.6757953791508495,0.37829999999999997,1,0.37829999999999997,6.0,inf
234,0,0.05228452803066335,0.6723834883753236,0.9516214570765213,2.0406,1,2.0406,6.0,inf
234,1,0.05228452803066335,0.6723834883753236,0.9516214570765213,2.0406,1,2.0406,6.0,inf
234,2,0.05228452803066335,0.6723834883753236,0.9516214570765213,2.0406,1,2.0406,6.0,inf
234,3,0.05228452803066335,0.6723834883753236,0.9516214570765213,2.0406,1,2.0406,6.0,inf
234,4,0.05228452803066335,0.6723834883753236,0.9516214570765213,2.0406,1,2.0406,6.0,inf
234,5,0.05228452803066335,0.6723834883753236,0.9516214570765213,2.0406,1,2.0406,6.0,inf
235,0,0.04726390192350223,-0.08916323640303982,0.488817526026763,0.3984,1,0.3984,6.0,inf
235,1,0.04726390192350223,-0.08916323640303982,0.488817526026763,0.3984,1,0.3984,6.0,inf
235,2,0.04726390192350223,-0.08916323640303982,0.488817526026763,0.3984,1,0.3984,6.0,inf
235,3,0.04726390192350223,-0.08916323640303982,0.488817526026763,0.3984,1,0.3984,6.0,inf
235,4,0.04726390192350223,-0.08916323640303982,0.488817526026763,0.3984,1,0.3984,6.0,inf
235,5,0.04726390192350223,-0.08916323640303982,0.488817526026763,0.3984,1,0.3984,6.0,inf
236,0,0.46916304474139725,-0.5893425292682297,-1.8046877648506239,1.7484,1,1.7484,6.0,inf
236,1,0.46916304474139725,-0.5893425292682297,-1.8046877648506239,1.7484,1,1.7484,6.0,inf
236,2,0.46916304474139725,-0.5893425292682297,-1.8046877648506239,1.7484,1,1.7484,6.0,inf
236,3,0.46916304474139725,-0.5893425292682297,-1.8046877648506239,1.7484,1,1.7484,6.0,inf
236,4,0.46916304474139725,-0.5893425292682297,-1.8046877648506239,1.7484,1,1.7484,6.0,inf
236,5,0.46916304474139725,-0.5893425292682297,-1.8046877648506239,1.7484,1,1.7484,6.0,inf
237,0,-0.6296134546112429,0.04126965055972908,0.5229776750936123,6.0,0,7.985099999999999,6.0,inf
237,1,-0.6296134546112429,0.04126965055972908,0.5229776750936123,6.0,0,7.985099999999999,6.0,inf
237,2,-0.6296134546112429,0.04126965055972908,0.5229776750936123,6.0,0,7.985099999999999,6.0,inf
237,3,-0.6296134546112429,0.04126965055972908,0.5229776750936123,6.0,0,7.985099999999999,6.0,inf
237,4,-0.6296134546112429,0.04126965055972908,0.5229776750936123,6.0,0,7.985099999999999,6.0,inf
237,5,-0.6296134546112429,0.04126965055972908,0.5229776750936123,6.0,0,7.985099999999999,6.0,inf
238,0,0.23781392720921127,0.4163029737291064,0.5718136012199414,1.287,1,1.287,6.0,inf
238,1,0.23781392720921127,0.4163029737291064,0.5718136012199414,1.287,1,1.287,6.0,inf
238,2,0.23781392720921127,0.4163029737291064,0.5718136012199414,1.287,1,1.287,6.0,inf
238,3,0.23781392720921127,0.4163029737291064,0.5718136012199414,1.287,1,1.287,6.0,inf
238,4,0.23781392720921127,0.4163029737291064,0.5718136012199414,1.287,1,1.287,6.0,inf
238,5,0.23781392720921127,0.4163029737291064,0.5718136012199414,1.287,1,1.287,6.0,inf
239,0,-1.2537143362095602,-1.6223685204239051,0.5459193795050846,0.3585,1,0.3585,6.0,inf
239,1,-1.2537143362095602,-1.6223685204239051,0.5459193795050846,0.3585,1,0.3585,6.0,inf
239,2,-1.2537143362095602,-1.6223685204239051,0.5459193795050846,0.3585,1,0.3585,6.0,inf
239,3,-1.2537143362095602,-1.6223685204239051,0.5459193795050846,0.3585,1,0.3585,6.0,inf
239,4,-1.2537143362095602,-1.6223685204239051,0.5459193795050846,0.3585,1,0.3585,6.0,inf
239,5,-1.2537143362095602,-1.6223685204239051,0.5459193795050846,0.3585,1,0.3585,6.0,inf
240,0,0.09049451533407205,-1.005793726760698,0.7595729057853007,1.6061999999999999,1,1.6061999999999999,6.0,inf
240,1,0.09049451533407205,-1.005793726760698,0.7595729057853007,1.6061999999999999,1,1.6061999999999999,6.0,inf
240,2,0.09049451533407205,-1.005793726760698,0.7595729057853007,1.6061999999999999,1,1.6061999999999999,6.0,inf
240,3,0.09049451533407205,-1.005793726760698,0.7595729057853007,1.6061999999999999,1,1.6061999999999999,6.0,inf
240,4,0.09049451533407205,-1.005793726760698,0.7595729057853007,1.6061999999999999,1,1.6061999999999999,6.0,inf
240,5,0.09049451533407205,-1.005793726760698,0.7595729057853007,1.6061999999999999,1,1.6061999999999999,6.0,inf
241,0,0.5242697124432026,1.132202557605391,0.5755571716351174,2.8419,1,2.8419,6.0,inf
241,1,0.5242697124432026,1.132202557605391,0.5755571716351174,2.8419,1,2.8419,6.0,inf
241,2,0.5242697124432026,1.132202557605391,0.5755571716351174,2.8419,1,2.8419,6.0,inf
241,3,0.5242697124432026,1.132202557605391,0.5755571716351174,2.8419,1,2.8419,6.0,inf
241,4,0.5242697124432026,1.132202557605391,0.5755571716351174,2.8419,1,2.8419,6.0,inf
241,5,0.5242697124432026,1.132202557605391,0.5755571716351174,2.8419,1,2.8419,6.0,inf
242,0,-1.2692475720475893,-0.4847372580127232,-0.5922728723230848,6.0,0,8.0001,6.0,inf
242,1,-1.2692475720475893,-0.4847372580127232,-0.5922728723230848,6.0,0,8.0001,6.0,inf
242,2,-1.2692475720475893,-0.4847372580127232,-0.5922728723230848,6.0,0,8.0001,6.0,inf
242,3,-1.2692475720475893,-0.4847372580127232,-0.5922728723230848,6.0,0,8.0001,6.0,inf
242,4,-1.2692475720475893,-0.4847372580127232,-0.5922728723230848,6.0,0,8.0001,6.0,inf
242,5,-1.2692475720475893,-0.4847372580127232,-0.5922728723230848,6.0,0,8.0001,6.0,inf
243,0,-0.3062484886401769,-1.345135140255973,-0.5069499061309944,2.3552999999999997,1,2.3552999999999997,6.0,inf
243,1,-0.3062484886401769,-1.345135140255973,-0.5069499061309944,2.3552999999999997,1,2.3552999999999997,6.0,inf
243,2,-0.3062484886401769,-1.345135140255973,-0.5069499061309944,2.3552999999999997,1,2.3552999999999997,6.0,inf
243,3,-0.3062484886401769,-1.345135140255973,-0.5069499061309944,2.3552999999999997,1,2.3552999999999997,6.0,inf
243,4,-0.3062484886401769,-1.345135140255973,-0.5069499061309944,2.3552999999999997,1,2.3552999999999997,6.0,inf
243,5,-0.3062484886401769,-1.345135140255973,-0.5069499061309944,2.3552999999999997,1,2.3552999999999997,6.0,inf
244,0,-0.7856562925941858,-1.095403164917794,0.11503284228251859,5.1876,1,5.1876,6.0,inf
244,1,-0.7856562925941858,-1.095403164917794,0.11503284228251859,5.1876,1,5.1876,6.0,inf
244,2,-0.7856562925941858,-1.095403164917794,0.11503284228251859,5.1876,1,5.1876,6.0,inf
244,3,-0.7856562925941858,-1.095403164917794,0.11503284228251859,5.1876,1,5.1876,6.0,inf
244,4,-0.7856562925941858,-1.095403164917794,0.11503284228251859,5.1876,1,5.1876,6.0,inf
244,5,-0.7856562925941858,-1.095403164917794,0.11503284228251859,5.1876,1,5.1876,6.0,inf
245,0,0.6183202218839512,0.8065808936976954,0.09770950585109461,0.6668999999999999,1,0.6668999999999999,6.0,inf
245,1,0.6183202218839512,0.8065808936976954,0.09770950585109461,0.6668999999999999,1,0.6668999999999999,6.0,inf
245,2,0.6183202218839512,0.8065808936976954,0.09770950585109461,0.6668999999999999,1,0.6668999999999999,6.0,inf
245,3,0.6183202218839512,0.8065808936976954,0.09770950585109461,0.6668999999999999,1,0.6668999999999999,6.0,inf
245,4,0.6183202218839512,0.8065808936976954,0.09770950585109461,0.6668999999999999,1,0.6668999999999999,6.0,inf
245,5,0.6183202218839512,0.8065808936976954,0.09770950585109461,0.6668999999999999,1,0.6668999999999999,6.0,inf
246,0,1.0665305068379638,0.5236005862037237,1.235807803516573,0.6363,1,0.6363,6.0,inf
246,1,1.0665305068379638,0.5236005862037237,1.235807803516573,0.6363,1,0.6363,6.0,inf
246,2,1.0665305068379638,0.5236005862037237,1.235807803516573,0.6363,1,0.6363,6.0,inf
246,3,1.0665305068379638,0.5236005862037237,1.235807803516573,0.6363,1,0.6363,6.0,inf
246,4,1.0665305068379638,0.5236005862037237,1.235807803516573,0.6363,1,0.6363,6.0,inf
246,5,1.0665305068379638,0.5236005862037237,1.235807803516573,0.6363,1,0.6363,6.0,inf
247,0,1.4278255931628079,1.7143880375246645,-0.6754658764430321,2.2422,1,2.2422,6.0,inf
247,1,1.4278255931628079,1.7143880375246645,-0.6754658764430321,2.2422,1,2.2422,6.0,inf
247,2,1.4278255931628079,1.7143880375246645,-0.6754658764430321,2.2422,1,2.2422,6.0,inf
247,3,1.4278255931628079,1.7143880375246645,-0.6754658764430321,2.2422,1,2.2422,6.0,inf
247,4,1.4278255931628079,1.7143880375246645,-0.6754658764430321,2.2422,1,2.2422,6.0,inf
247,5,1.4278255931628079,1.7143880375246645,-0.6754658764430321,2.2422,1,2.2422,6.0,inf
248,0,0.5109383593552838,1.1881511561848037,0.291675454037494,3.7082999999999995,1,3.7082999999999995,6.0,inf
248,1,0.5109383593552838,1.1881511561848037,0.291675454037494,3.7082999999999995,1,3.7082999999999995,6.0,inf
248,2,0.5109383593552838,1.1881511561848037,0.291675454037494,3.7082999999999995,1,3.7082999999999995,6.0,inf
248,3,0.5109383593552838,1.1881511561848037,0.291675454037494,3.7082999999999995,1,3.7082999999999995,6.0,inf
248,4,0.5109383593552838,1.1881511561848037,0.291675454037494,3.7082999999999995,1,3.7082999999999995,6.0,inf
248,5,0.5109383593552838,1.1881511561848037,0.291675454037494,3.7082999999999995,1,3.7082999999999995,6.0,inf
249,0,-0.1395085645604637,0.6888318726741371,0.45971137848962773,0.5411999999999999,1,0.5411999999999999,6.0,inf
249,1,-0.1395085645604637,0.6888318726741371,0.45971137848962773,0.5411999999999999,1,0.5411999999999999,6.0,inf
249,2,-0.1395085645604637,0.6888318726741371,0.45971137848962773,0.5411999999999999,1,0.5411999999999999,6.0,inf
249,3,-0.1395085645604637,0.6888318726741371,0.45971137848962773,0.5411999999999999,1,0.5411999999999999,6.0,inf
249,4,-0.1395085645604637,0.6888318726741371,0.45971137848962773,0.5411999999999999,1,0.5411999999999999,6.0,inf
249,5,-0.1395085645604637,0.6888318726741371,0.45971137848962773,0.5411999999999999,1,0.5411999999999999,6.0,inf
250,0,-1.4407916600192854,1.4619053424289783,-0.18337340762402446,0.5025,1,0.5025,6.0,inf
250,1,-1.4407916600192854,1.4619053424289783,-0.18337340762402446,0.5025,1,0.5025,6.0,inf
250,2,-1.4407916600192854,1.4619053424289783,-0.18337340762402446,0.5025,1,0.5025,6.0,inf
250,3,-1.4407916600192854,1.4619053424289783,-0.18337340762402446,0.5025,1,0.5025,6.0,inf
250,4,-1.4407916600192854,1.4619053424289783,-0.18337340762402446,0.5025,1,0.5025,6.0,inf
250,5,-1.4407916600192854,1.4619053424289783,-0.18337340762402446,0.5025,1,0.5025,6.0,inf
251,0,-1.0019727053819738,-0.3587340088932373,-0.08725789067545713,6.0,0,8.0001,6.0,inf
251,1,-1.0019727053819738,-0.3587340088932373,-0.08725789067545713,6.0,0,8.0001,6.0,inf
251,2,-1.0019727053819738,-0.3587340088932373,-0.08725789067545713,6.0,0,8.0001,6.0,inf
251,3,-1.0019727053819738,-0.3587340088932373,-0.08725789067545713,6.0,0,8.0001,6.0,inf
251,4,-1.0019727053819738,-0.3587340088932373,-0.08725789067545713,6.0,0,8.0001,6.0,inf
251,5,-1.0019727053819738,-0.3587340088932373,-0.08725789067545713,6.0,0,8.0001,6.0,inf
252,0,1.1620320862412086,0.5645006963582053,-1.1426292551177262,3.3653999999999997,1,3.3653999999999997,6.0,inf
252,1,1.1620320862412086,0.5645006963582053,-1.1426292551177262,3.3653999999999997,1,3.3653999999999997,6.0,inf
252,2,1.1620320862412086,0.5645006963582053,-1.1426292551177262,3.3653999999999997,1,3.3653999999999997,6.0,inf
252,3,1.1620320862412086,0.5645006963582053,-1.1426292551177262,3.3653999999999997,1,3.3653999999999997,6.0,inf
252,4,1.1620320862412086,0.5645006963582053,-1.1426292551177262,3.3653999999999997,1,3.3653999999999997,6.0,inf
252,5,1.1620320862412086,0.5645006963582053,-1.1426292551177262,3.3653999999999997,1,3.3653999999999997,6.0,inf
253,0,-0.3472833925008855,-1.0028167597478062,-0.19392024783193607,3.9419999999999997,1,3.9419999999999997,6.0,inf
253,1,-0.3472833925008855,-1.0028167597478062,-0.19392024783193607,3.9419999999999997,1,3.9419999999999997,6.0,inf
253,2,-0.3472833925008855,-1.0028167597478062,-0.19392024783193607,3.9419999999999997,1,3.9419999999999997,6.0,inf
253,3,-0.3472833925008855,-1.0028167597478062,-0.19392024783193607,3.9419999999999997,1,3.9419999999999997,6.0,inf
253,4,-0.3472833925008855,-1.0028167597478062,-0.19392024783193607,3.9419999999999997,1,3.9419999999999997,6.0,inf
253,5,-0.3472833925008855,-1.0028167597478062,-0.19392024783193607,3.9419999999999997,1,3.9419999999999997,6.0,inf
254,0,-0.513385697772653,0.08832294064568078,-0.39947607787631095,4.5207,1,4.5207,6.0,inf
254,1,-0.513385697772653,0.08832294064568078,-0.39947607787631095,4.5207,1,4.5207,6.0,inf
254,2,-0.513385697772653,0.08832294064568078,-0.39947607787631095,4.5207,1,4.5207,6.0,inf
254,3,-0.513385697772653,0.08832294064568078,-0.39947607787631095,4.5207,1,4.5207,6.0,inf
254,4,-0.513385697772653,0.08832294064568078,-0.39947607787631095,4.5207,1,4.5207,6.0,inf
254,5,-0.513385697772653,0.08832294064568078,-0.39947607787631095,4.5207,1,4.5207,6.0,inf
255,0,-0.4490674322193799,-1.590830102812772,2.1967556651069797,1.1510999999999998,1,1.1510999999999998,6.0,inf
255,1,-0.4490674322193799,-1.590830102812772,2.1967556651069797,1.1510999999999998,1,1.1510999999999998,6.0,inf
255,2,-0.4490674322193799,-1.590830102812772,2.1967556651069797,1.1510999999999998,1,1.1510999999999998,6.0,inf
255,3,-0.4490674322193799,-1.590830102812772,2.1967556651069797,1.1510999999999998,1,1.1510999999999998,6.0,inf
255,4,-0.4490674322193799,-1.590830102812772,2.1967556651069797,1.1510999999999998,1,1.1510999999999998,6.0,inf
255,5,-0.4490674322193799,-1.590830102812772,2.1967556651069797,1.1510999999999998,1,1.1510999999999998,6.0,inf
256,0,-0.8366147841214014,1.164522016733339,2.266691397562613,1.0527,1,1.0527,6.0,inf
256,1,-0.8366147841214014,1.164522016733339,2.266691397562613,1.0527,1,1.0527,6.0,inf
256,2,-0.8366147841214014,1.164522016733339,2.266691397562613,1.0527,1,1.0527,6.0,inf
256,3,-0.8366147841214014,1.164522016733339,2.266691397562613,1.0527,1,1.0527,6.0,inf
256,4,-0.8366147841214014,1.164522016733339,2.266691397562613,1.0527,1,1.0527,6.0,inf
256,5,-0.8366147841214014,1.164522016733339,2.266691397562613,1.0527,1,1.0527,6.0,inf
257,0,-0.320956370156356,1.3093597502048797,0.30920866948401415,1.0062,1,1.0062,6.0,inf
257,1,-0.320956370156356,1.3093597502048797,0.30920866948401415,1.0062,1,1.0062,6.0,inf
257,2,-0.320956370156356,1.3093597502048797,0.30920866948401415,1.0062,1,1.0062,6.0,inf
257,3,-0.320956370156356,1.3093597502048797,0.30920866948401415,1.0062,1,1.0062,6.0,inf
257,4,-0.320956370156356,1.3093597502048797,0.30920866948401415,1.0062,1,1.0062,6.0,inf
257,5,-0.320956370156356,1.3093597502048797,0.30920866948401415,1.0062,1,1.0062,6.0,inf
258,0,0.16394168594599698,0.8304781326077291,-0.18445754011667442,2.4785999999999997,1,2.4785999999999997,6.0,inf
258,1,0.16394168594599698,0.8304781326077291,-0.18445754011667442,2.4785999999999997,1,2.4785999999999997,6.0,inf
258,2,0.16394168594599698,0.8304781326077291,-0.18445754011667442,2.4785999999999997,1,2.4785999999999997,6.0,inf
258,3,0.16394168594599698,0.8304781326077291,-0.18445754011667442,2.4785999999999997,1,2.4785999999999997,6.0,inf
258,4,0.16394168594599698,0.8304781326077291,-0.18445754011667442,2.4785999999999997,1,2.4785999999999997,6.0,inf
258,5,0.16394168594599698,0.8304781326077291,-0.18445754011667442,2.4785999999999997,1,2.4785999999999997,6.0,inf
259,0,-0.26163441295705103,-0.36909384592466016,-0.39539803755786995,2.9033999999999995,1,2.9033999999999995,6.0,inf
259,1,-0.26163441295705103,-0.36909384592466016,-0.39539803755786995,2.9033999999999995,1,2.9033999999999995,6.0,inf
259,2,-0.26163441295705103,-0.36909384592466016,-0.39539803755786995,2.9033999999999995,1,2.9033999999999995,6.0,inf
259,3,-0.26163441295705103,-0.36909384592466016,-0.39539803755786995,2.9033999999999995,1,2.9033999999999995,6.0,inf
259,4,-0.26163441295705103,-0.36909384592466016,-0.39539803755786995,2.9033999999999995,1,2.9033999999999995,6.0,inf
259,5,-0.26163441295705103,-0.36909384592466016,-0.39539803755786995,2.9033999999999995,1,2.9033999999999995,6.0,inf
260,0,0.9371179154715916,1.5752375159493572,-0.6399937813372533,4.734,1,4.734,6.0,inf
260,1,0.9371179154715916,1.5752375159493572,-0.6399937813372533,4.734,1,4.734,6.0,inf
260,2,0.9371179154715916,1.5752375159493572,-0.6399937813372533,4.734,1,4.734,6.0,inf
260,3,0.9371179154715916,1.5752375159493572,-0.6399937813372533,4.734,1,4.734,6.0,inf
260,4,0.9371179154715916,1.5752375159493572,-0.6399937813372533,4.734,1,4.734,6.0,inf
260,5,0.9371179154715916,1.5752375159493572,-0.6399937813372533,4.734,1,4.734,6.0,inf
261,0,-1.5000445163562024,-0.3522936298980889,-0.9022952704082979,1.4450999999999998,1,1.4450999999999998,6.0,inf
261,1,-1.5000445163562024,-0.3522936298980889,-0.9022952704082979,1.4450999999999998,1,1.4450999999999998,6.0,inf
261,2,-1.5000445163562024,-0.3522936298980889,-0.9022952704082979,1.4450999999999998,1,1.4450999999999998,6.0,inf
261,3,-1.5000445163562024,-0.3522936298980889,-0.9022952704082979,1.4450999999999998,1,1.4450999999999998,6.0,inf
261,4,-1.5000445163562024,-0.3522936298980889,-0.9022952704082979,1.4450999999999998,1,1.4450999999999998,6.0,inf
261,5,-1.5000445163562024,-0.3522936298980889,-0.9022952704082979,1.4450999999999998,1,1.4450999999999998,6.0,inf
262,0,0.1416315624409239,0.33434555777982816,-0.16550341499553595,1.5131999999999999,1,1.5131999999999999,6.0,inf
262,1,0.1416315624409239,0.33434555777982816,-0.16550341499553595,1.5131999999999999,1,1.5131999999999999,6.0,inf
262,2,0.1416315624409239,0.33434555777982816,-0.16550341499553595,1.5131999999999999,1,1.5131999999999999,6.0,inf
262,3,0.1416315624409239,0.33434555777982816,-0.16550341499553595,1.5131999999999999,1,1.5131999999999999,6.0,inf
262,4,0.1416315624409239,0.33434555777982816,-0.16550341499553595,1.5131999999999999,1,1.5131999999999999,6.0,inf
262,5,0.1416315624409239,0.33434555777982816,-0.16550341499553595,1.5131999999999999,1,1.5131999999999999,6.0,inf
263,0,-1.0154741885563292,0.15983949900503755,-0.9386495941356842,3.372,1,3.372,6.0,inf
263,1,-1.0154741885563292,0.15983949900503755,-0.9386495941356842,3.372,1,3.372,6.0,inf
263,2,-1.0154741885563292,0.15983949900503755,-0.9386495941356842,3.372,1,3.372,6.0,inf
263,3,-1.0154741885563292,0.15983949900503755,-0.9386495941356842,3.372,1,3.372,6.0,inf
263,4,-1.0154741885563292,0.15983949900503755,-0.9386495941356842,3.372,1,3.372,6.0,inf
263,5,-1.0154741885563292,0.15983949900503755,-0.9386495941356842,3.372,1,3.372,6.0,inf
264,0,-1.2611626741545776,2.0597109023586446,1.529080669894801,1.5356999999999998,1,1.5356999999999998,6.0,inf
264,1,-1.2611626741545776,2.0597109023586446,1.529080669894801,1.5356999999999998,1,1.5356999999999998,6.0,inf
264,2,-1.2611626741545776,2.0597109023586446,1.529080669894801,1.5356999999999998,1,1.5356999999999998,6.0,inf
264,3,-1.2611626741545776,2.0597109023586446,1.529080669894801,1.5356999999999998,1,1.5356999999999998,6.0,inf
264,4,-1.2611626741545776,2.0597109023586446,1.529080669894801,1.5356999999999998,1,1.5356999999999998,6.0,inf
264,5,-1.2611626741545776,2.0597109023586446,1.529080669894801,1.5356999999999998,1,1.5356999999999998,6.0,inf
265,0,-2.368120419117881,0.36321942762526516,2.032240493301977,0.41639999999999994,1,0.41639999999999994,6.0,inf
265,1,-2.368120419117881,0.36321942762526516,2.032240493301977,0.41639999999999994,1,0.41639999999999994,6.0,inf
265,2,-2.368120419117881,0.36321942762526516,2.032240493301977,0.41639999999999994,1,0.41639999999999994,6.0,inf
265,3,-2.368120419117881,0.36321942762526516,2.032240493301977,0.41639999999999994,1,0.41639999999999994,6.0,inf
265,4,-2.368120419117881,0.36321942762526516,2.032240493301977,0.41639999999999994,1,0.41639999999999994,6.0,inf
265,5,-2.368120419117881,0.36321942762526516,2.032240493301977,0.41639999999999994,1,0.41639999999999994,6.0,inf
266,0,1.8072992019173948,1.1741479252264622,0.44895497489021313,2.3045999999999998,1,2.3045999999999998,6.0,inf
266,1,1.8072992019173948,1.1741479252264622,0.44895497489021313,2.3045999999999998,1,2.3045999999999998,6.0,inf
266,2,1.8072992019173948,1.1741479252264622,0.44895497489021313,2.3045999999999998,1,2.3045999999999998,6.0,inf
266,3,1.8072992019173948,1.1741479252264622,0.44895497489021313,2.3045999999999998,1,2.3045999999999998,6.0,inf
266,4,1.8072992019173948,1.1741479252264622,0.44895497489021313,2.3045999999999998,1,2.3045999999999998,6.0,inf
266,5,1.8072992019173948,1.1741479252264622,0.44895497489021313,2.3045999999999998,1,2.3045999999999998,6.0,inf
267,0,-0.3368754657292958,-0.766863712258851,1.6314355118754134,1.5017999999999998,1,1.5017999999999998,6.0,inf
267,1,-0.3368754657292958,-0.766863712258851,1.6314355118754134,1.5017999999999998,1,1.5017999999999998,6.0,inf
267,2,-0.3368754657292958,-0.766863712258851,1.6314355118754134,1.5017999999999998,1,1.5017999999999998,6.0,inf
267,3,-0.3368754657292958,-0.766863712258851,1.6314355118754134,1.5017999999999998,1,1.5017999999999998,6.0,inf
267,4,-0.3368754657292958,-0.766863712258851,1.6314355118754134,1.5017999999999998,1,1.5017999999999998,6.0,inf
267,5,-0.3368754657292958,-0.766863712258851,1.6314355118754134,1.5017999999999998,1,1.5017999999999998,6.0,inf
268,0,-0.3718326908385691,-0.08113471354210772,-1.6949427547620315,0.9843,1,0.9843,6.0,inf
268,1,-0.3718326908385691,-0.08113471354210772,-1.6949427547620315,0.9843,1,0.9843,6.0,inf
268,2,-0.3718326908385691,-0.08113471354210772,-1.6949427547620315,0.9843,1,0.9843,6.0,inf
268,3,-0.3718326908385691,-0.08113471354210772,-1.6949427547620315,0.9843,1,0.9843,6.0,inf
268,4,-0.3718326908385691,-0.08113471354210772,-1.6949427547620315,0.9843,1,0.9843,6.0,inf
268,5,-0.3718326908385691,-0.08113471354210772,-1.6949427547620315,0.9843,1,0.9843,6.0,inf
269,0,-0.43338044508740337,1.761983422061003,1.6236006690645681,6.0,0,7.4738999999999995,6.0,inf
269,1,-0.43338044508740337,1.761983422061003,1.6236006690645681,6.0,0,7.4738999999999995,6.0,inf
269,2,-0.43338044508740337,1.761983422061003,1.6236006690645681,6.0,0,7.4738999999999995,6.0,inf
269,3,-0.43338044508740337,1.761983422061003,1.6236006690645681,6.0,0,7.4738999999999995,6.0,inf
269,4,-0.43338044508740337,1.761983422061003,1.6236006690645681,6.0,0,7.4738999999999995,6.0,inf
269,5,-0.43338044508740337,1.761983422061003,1.6236006690645681,6.0,0,7.4738999999999995,6.0,inf
270,0,-0.15183100400416055,1.0360064055896334,-1.508867390696101,5.9418,1,5.9418,6.0,inf
270,1,-0.15183100400416055,1.0360064055896334,-1.508867390696101,5.9418,1,5.9418,6.0,inf
270,2,-0.15183100400416055,1.0360064055896334,-1.508867390696101,5.9418,1,5.9418,6.0,inf
270,3,-0.15183100400416055,1.0360064055896334,-1.508867390696101,5.9418,1,5.9418,6.0,inf
270,4,-0.15183100400416055,1.0360064055896334,-1.508867390696101,5.9418,1,5.9418,6.0,inf
270,5,-0.15183100400416055,1.0360064055896334,-1.508867390696101,5.9418,1,5.9418,6.0,inf
271,0,1.6622323583196303,-0.2669912996236051,0.7265758936414496,1.9226999999999999,1,1.9226999999999999,6.0,inf
271,1,1.6622323583196303,-0.2669912996236051,0.7265758936414496,1.9226999999999999,1,1.9226999999999999,6.0,inf
271,2,1.6622323583196303,-0.2669912996236051,0.7265758936414496,1.9226999999999999,1,1.9226999999999999,6.0,inf
271,3,1.6622323583196303,-0.2669912996236051,0.7265758936414496,1.9226999999999999,1,1.9226999999999999,6.0,inf
271,4,1.6622323583196303,-0.2669912996236051,0.7265758936414496,1.9226999999999999,1,1.9226999999999999,6.0,inf
271,5,1.6622323583196303,-0.2669912996236051,0.7265758936414496,1.9226999999999999,1,1.9226999999999999,6.0,inf
272,0,1.2756454632002487,-0.45034839383976594,-0.674337488413323,2.8911,1,2.8911,6.0,inf
272,1,1.2756454632002487,-0.45034839383976594,-0.674337488413323,2.8911,1,2.8911,6.0,inf
272,2,1.2756454632002487,-0.45034839383976594,-0.674337488413323,2.8911,1,2.8911,6.0,inf
272,3,1.2756454632002487,-0.45034839383976594,-0.674337488413323,2.8911,1,2.8911,6.0,inf
272,4,1.2756454632002487,-0.45034839383976594,-0.674337488413323,2.8911,1,2.8911,6.0,inf
272,5,1.2756454632002487,-0.45034839383976594,-0.674337488413323,2.8911,1,2.8911,6.0,inf
273,0,0.3618319709551019,0.6926666204316342,-0.8166723183407966,3.6462,1,3.6462,6.0,inf
273,1,0.3618319709551019,0.6926666204316342,-0.8166723183407966,3.6462,1,3.6462,6.0,inf
273,2,0.3618319709551019,0.6926666204316342,-0.8166723183407966,3.6462,1,3.6462,6.0,inf
273,3,0.3618319709551019,0.6926666204316342,-0.8166723183407966,3.6462,1,3.6462,6.0,inf
273,4,0.3618319709551019,0.6926666204316342,-0.8166723183407966,3.6462,1,3.6462,6.0,inf
273,5,0.3618319709551019,0.6926666204316342,-0.8166723183407966,3.6462,1,3.6462,6.0,inf
274,0,0.06599658889284861,2.3003955975261867,-1.5219194719601636,4.5516,1,4.5516,6.0,inf
274,1,0.06599658889284861,2.3003955975261867,-1.5219194719601636,4.5516,1,4.5516,6.0,inf
274,2,0.06599658889284861,2.3003955975261867,-1.5219194719601636,4.5516,1,4.5516,6.0,inf
274,3,0.06599658889284861,2.3003955975261867,-1.5219194719601636,4.5516,1,4.5516,6.0,inf
274,4,0.06599658889284861,2.3003955975261867,-1.5219194719601636,4.5516,1,4.5516,6.0,inf
274,5,0.06599658889284861,2.3003955975261867,-1.5219194719601636,4.5516,1,4.5516,6.0,inf
275,0,-1.0165685572470047,-0.026392169371912647,-0.5627011960156474,3.8217,1,3.8217,6.0,inf
275,1,-1.0165685572470047,-0.026392169371912647,-0.5627011960156474,3.8217,1,3.8217,6.0,inf
275,2,-1.0165685572470047,-0.026392169371912647,-0.5627011960156474,3.8217,1,3.8217,6.0,inf
275,3,-1.0165685572470047,-0.026392169371912647,-0.5627011960156474,3.8217,1,3.8217,6.0,inf
275,4,-1.0165685572470047,-0.026392169371912647,-0.5627011960156474,3.8217,1,3.8217,6.0,inf
275,5,-1.0165685572470047,-0.026392169371912647,-0.5627011960156474,3.8217,1,3.8217,6.0,inf
276,0,1.1400140880073064,-1.0850785259727609,-1.5520886013792508,0.9707999999999999,1,0.9707999999999999,6.0,inf
276,1,1.1400140880073064,-1.0850785259727609,-1.5520886013792508,0.9707999999999999,1,0.9707999999999999,6.0,inf
276,2,1.1400140880073064,-1.0850785259727609,-1.5520886013792508,0.9707999999999999,1,0.9707999999999999,6.0,inf
276,3,1.1400140880073064,-1.0850785259727609,-1.5520886013792508,0.9707999999999999,1,0.9707999999999999,6.0,inf
276,4,1.1400140880073064,-1.0850785259727609,-1.5520886013792508,0.9707999999999999,1,0.9707999999999999,6.0,inf
276,5,1.1400140880073064,-1.0850785259727609,-1.5520886013792508,0.9707999999999999,1,0.9707999999999999,6.0,inf
277,0,-0.02315612648337898,-1.1288603594443403,2.9688075004823293,1.0632,1,1.0632,6.0,inf
277,1,-0.02315612648337898,-1.1288603594443403,2.9688075004823293,1.0632,1,1.0632,6.0,inf
277,2,-0.02315612648337898,-1.1288603594443403,2.9688075004823293,1.0632,1,1.0632,6.0,inf
277,3,-0.02315612648337898,-1.1288603594443403,2.9688075004823293,1.0632,1,1.0632,6.0,inf
277,4,-0.02315612648337898,-1.1288603594443403,2.9688075004823293,1.0632,1,1.0632,6.0,inf
277,5,-0.02315612648337898,-1.1288603594443403,2.9688075004823293,1.0632,1,1.0632,6.0,inf
278,0,1.6594555318957964,-1.3353674041657684,0.9587753063643774,2.2497,1,2.2497,6.0,inf
278,1,1.6594555318957964,-1.3353674041657684,0.9587753063643774,2.2497,1,2.2497,6.0,inf
278,2,1.6594555318957964,-1.3353674041657684,0.9587753063643774,2.2497,1,2.2497,6.0,inf
278,3,1.6594555318957964,-1.3353674041657684,0.9587753063643774,2.2497,1,2.2497,6.0,inf
278,4,1.6594555318957964,-1.3353674041657684,0.9587753063643774,2.2497,1,2.2497,6.0,inf
278,5,1.6594555318957964,-1.3353674041657684,0.9587753063643774,2.2497,1,2.2497,6.0,inf
279,0,2.2635940461454416,0.9261583683937418,-2.387466917449426,3.0492,1,3.0492,6.0,inf
279,1,2.2635940461454416,0.9261583683937418,-2.387466917449426,3.0492,1,3.0492,6.0,inf
279,2,2.2635940461454416,0.9261583683937418,-2.387466917449426,3.0492,1,3.0492,6.0,inf
279,3,2.2635940461454416,0.9261583683937418,-2.387466917449426,3.0492,1,3.0492,6.0,inf
279,4,2.2635940461454416,0.9261583683937418,-2.387466917449426,3.0492,1,3.0492,6.0,inf
279,5,2.2635940461454416,0.9261583683937418,-2.387466917449426,3.0492,1,3.0492,6.0,inf
280,0,-0.45203116291488826,-0.7217307381999212,0.4304405001468442,0.5633999999999999,1,0.5633999999999999,6.0,inf
280,1,-0.45203116291488826,-0.7217307381999212,0.4304405001468442,0.5633999999999999,1,0.5633999999999999,6.0,inf
280,2,-0.45203116291488826,-0.7217307381999212,0.4304405001468442,0.5633999999999999,1,0.5633999999999999,6.0,inf
280,3,-0.45203116291488826,-0.7217307381999212,0.4304405001468442,0.5633999999999999,1,0.5633999999999999,6.0,inf
280,4,-0.45203116291488826,-0.7217307381999212,0.4304405001468442,0.5633999999999999,1,0.5633999999999999,6.0,inf
280,5,-0.45203116291488826,-0.7217307381999212,0.4304405001468442,0.5633999999999999,1,0.5633999999999999,6.0,inf
281,0,-0.07667832052985393,0.345836316593065,-1.2041242126401153,6.0,0,6.016799999999999,6.0,inf
281,1,-0.07667832052985393,0.345836316593065,-1.2041242126401153,6.0,0,6.016799999999999,6.0,inf
281,2,-0.07667832052985393,0.345836316593065,-1.2041242126401153,6.0,0,6.016799999999999,6.0,inf
281,3,-0.07667832052985393,0.345836316593065,-1.2041242126401153,6.0,0,6.016799999999999,6.0,inf
281,4,-0.07667832052985393,0.345836316593065,-1.2041242126401153,6.0,0,6.016799999999999,6.0,inf
281,5,-0.07667832052985393,0.345836316593065,-1.2041242126401153,6.0,0,6.016799999999999,6.0,inf
282,0,1.3816824613783867,2.1937726724869786,0.6440552203254244,2.004,1,2.004,6.0,inf
282,1,1.3816824613783867,2.1937726724869786,0.6440552203254244,2.004,1,2.004,6.0,inf
282,2,1.3816824613783867,2.1937726724869786,0.6440552203254244,2.004,1,2.004,6.0,inf
282,3,1.3816824613783867,2.1937726724869786,0.6440552203254244,2.004,1,2.004,6.0,inf
282,4,1.3816824613783867,2.1937726724869786,0.6440552203254244,2.004,1,2.004,6.0,inf
282,5,1.3816824613783867,2.1937726724869786,0.6440552203254244,2.004,1,2.004,6.0,inf
283,0,-0.11465580271505273,1.5325822720873041,0.027495694368512145,5.8782,1,5.8782,6.0,inf
283,1,-0.11465580271505273,1.5325822720873041,0.027495694368512145,5.8782,1,5.8782,6.0,inf
283,2,-0.11465580271505273,1.5325822720873041,0.027495694368512145,5.8782,1,5.8782,6.0,inf
283,3,-0.11465580271505273,1.5325822720873041,0.027495694368512145,5.8782,1,5.8782,6.0,inf
283,4,-0.11465580271505273,1.5325822720873041,0.027495694368512145,5.8782,1,5.8782,6.0,inf
283,5,-0.11465580271505273,1.5325822720873041,0.027495694368512145,5.8782,1,5.8782,6.0,inf
284,0,-0.49001972108171016,-0.12929424771318948,0.5860118919256503,0.9681,1,0.9681,6.0,inf
284,1,-0.49001972108171016,-0.12929424771318948,0.5860118919256503,0.9681,1,0.9681,6.0,inf
284,2,-0.49001972108171016,-0.12929424771318948,0.5860118919256503,0.9681,1,0.9681,6.0,inf
284,3,-0.49001972108171016,-0.12929424771318948,0.5860118919256503,0.9681,1,0.9681,6.0,inf
284,4,-0.49001972108171016,-0.12929424771318948,0.5860118919256503,0.9681,1,0.9681,6.0,inf
284,5,-0.49001972108171016,-0.12929424771318948,0.5860118919256503,0.9681,1,0.9681,6.0,inf
285,0,0.7087108938600385,1.067788049485357,-1.3358958586912117,3.5753999999999997,1,3.5753999999999997,6.0,inf
285,1,0.7087108938600385,1.067788049485357,-1.3358958586912117,3.5753999999999997,1,3.5753999999999997,6.0,inf
285,2,0.7087108938600385,1.067788049485357,-1.3358958586912117,3.5753999999999997,1,3.5753999999999997,6.0,inf
285,3,0.7087108938600385,1.067788049485357,-1.3358958586912117,3.5753999999999997,1,3.5753999999999997,6.0,inf
285,4,0.7087108938600385,1.067788049485357,-1.3358958586912117,3.5753999999999997,1,3.5753999999999997,6.0,inf
285,5,0.7087108938600385,1.067788049485357,-1.3358958586912117,3.5753999999999997,1,3.5753999999999997,6.0,inf
286,0,0.8242702104686923,0.7859490807942364,0.5461649936306333,1.2081,1,1.2081,6.0,inf
286,1,0.8242702104686923,0.7859490807942364,0.5461649936306333,1.2081,1,1.2081,6.0,inf
286,2,0.8242702104686923,0.7859490807942364,0.5461649936306333,1.2081,1,1.2081,6.0,inf
286,3,0.8242702104686923,0.7859490807942364,0.5461649936306333,1.2081,1,1.2081,6.0,inf
286,4,0.8242702104686923,0.7859490807942364,0.5461649936306333,1.2081,1,1.2081,6.0,inf
286,5,0.8242702104686923,0.7859490807942364,0.5461649936306333,1.2081,1,1.2081,6.0,inf
287,0,-0.6384328190881546,-0.8789788673208299,-0.13761277225147353,0.6365999999999999,1,0.6365999999999999,6.0,inf
287,1,-0.6384328190881546,-0.8789788673208299,-0.13761277225147353,0.6365999999999999,1,0.6365999999999999,6.0,inf
287,2,-0.6384328190881546,-0.8789788673208299,-0.13761277225147353,0.6365999999999999,1,0.6365999999999999,6.0,inf
287,3,-0.6384328190881546,-0.8789788673208299,-0.13761277225147353,0.6365999999999999,1,0.6365999999999999,6.0,inf
287,4,-0.6384328190881546,-0.8789788673208299,-0.13761277225147353,0.6365999999999999,1,0.6365999999999999,6.0,inf
287,5,-0.6384328190881546,-0.8789788673208299,-0.13761277225147353,0.6365999999999999,1,0.6365999999999999,6.0,inf
288,0,-0.5257792614711874,-0.37807976616762506,-0.17824194449470568,0.5295,1,0.5295,6.0,inf
288,1,-0.5257792614711874,-0.37807976616762506,-0.17824194449470568,0.5295,1,0.5295,6.0,inf
288,2,-0.5257792614711874,-0.37807976616762506,-0.17824194449470568,0.5295,1,0.5295,6.0,inf
288,3,-0.5257792614711874,-0.37807976616762506,-0.17824194449470568,0.5295,1,0.5295,6.0,inf
288,4,-0.5257792614711874,-0.37807976616762506,-0.17824194449470568,0.5295,1,0.5295,6.0,inf
288,5,-0.5257792614711874,-0.37807976616762506,-0.17824194449470568,0.5295,1,0.5295,6.0,inf
289,0,-0.018920344436738037,1.4989431579716388,1.5767588947451863,2.1713999999999998,1,2.1713999999999998,6.0,inf
289,1,-0.018920344436738037,1.4989431579716388,1.5767588947451863,2.1713999999999998,1,2.1713999999999998,6.0,inf
289,2,-0.018920344436738037,1.4989431579716388,1.5767588947451863,2.1713999999999998,1,2.1713999999999998,6.0,inf
289,3,-0.018920344436738037,1.4989431579716388,1.5767588947451863,2.1713999999999998,1,2.1713999999999998,6.0,inf
289,4,-0.018920344436738037,1.4989431579716388,1.5767588947451863,2.1713999999999998,1,2.1713999999999998,6.0,inf
289,5,-0.018920344436738037,1.4989431579716388,1.5767588947451863,2.1713999999999998,1,2.1713999999999998,6.0,inf
290,0,0.771852862345739,0.507283245412695,-0.33270857684390037,2.8661999999999996,1,2.8661999999999996,6.0,inf
290,1,0.771852862345739,0.507283245412695,-0.33270857684390037,2.8661999999999996,1,2.8661999999999996,6.0,inf
290,2,0.771852862345739,0.507283245412695,-0.33270857684390037,2.8661999999999996,1,2.8661999999999996,6.0,inf
290,3,0.771852862345739,0.507283245412695,-0.33270857684390037,2.8661999999999996,1,2.8661999999999996,6.0,inf
290,4,0.771852862345739,0.507283245412695,-0.33270857684390037,2.8661999999999996,1,2.8661999999999996,6.0,inf
290,5,0.771852862345739,0.507283245412695,-0.33270857684390037,2.8661999999999996,1,2.8661999999999996,6.0,inf
291,0,-1.2747259642191424,2.257959362378555,-0.1733315005811997,6.0,0,6.575699999999999,6.0,inf
291,1,-1.2747259642191424,2.257959362378555,-0.1733315005811997,6.0,0,6.575699999999999,6.0,inf
291,2,-1.2747259642191424,2.257959362378555,-0.1733315005811997,6.0,0,6.575699999999999,6.0,inf
291,3,-1.2747259642191424,2.257959362378555,-0.1733315005811997,6.0,0,6.575699999999999,6.0,inf
291,4,-1.2747259642191424,2.257959362378555,-0.1733315005811997,6.0,0,6.575699999999999,6.0,inf
291,5,-1.2747259642191424,2.257959362378555,-0.1733315005811997,6.0,0,6.575699999999999,6.0,inf
292,0,0.8381787595279583,-0.25497551744261354,-0.20706653245634907,0.2598,1,0.2598,6.0,inf
292,1,0.8381787595279583,-0.25497551744261354,-0.20706653245634907,0.2598,1,0.2598,6.0,inf
292,2,0.8381787595279583,-0.25497551744261354,-0.20706653245634907,0.2598,1,0.2598,6.0,inf
292,3,0.8381787595279583,-0.25497551744261354,-0.20706653245634907,0.2598,1,0.2598,6.0,inf
292,4,0.8381787595279583,-0.25497551744261354,-0.20706653245634907,0.2598,1,0.2598,6.0,inf
292,5,0.8381787595279583,-0.25497551744261354,-0.20706653245634907,0.2598,1,0.2598,6.0,inf
293,0,0.4034604500313191,-1.4313000714647404,0.6601279893921271,1.2935999999999999,1,1.2935999999999999,6.0,inf
293,1,0.4034604500313191,-1.4313000714647404,0.6601279893921271,1.2935999999999999,1,1.2935999999999999,6.0,inf
293,2,0.4034604500313191,-1.4313000714647404,0.6601279893921271,1.2935999999999999,1,1.2935999999999999,6.0,inf
293,3,0.4034604500313191,-1.4313000714647404,0.6601279893921271,1.2935999999999999,1,1.2935999999999999,6.0,inf
293,4,0.4034604500313191,-1.4313000714647404,0.6601279893921271,1.2935999999999999,1,1.2935999999999999,6.0,inf
293,5,0.4034604500313191,-1.4313000714647404,0.6601279893921271,1.2935999999999999,1,1.2935999999999999,6.0,inf
294,0,0.37092401457888113,-2.2314709640811254,-1.8042278114177954,0.5864999999999999,1,0.5864999999999999,6.0,inf
294,1,0.37092401457888113,-2.2314709640811254,-1.8042278114177954,0.5864999999999999,1,0.5864999999999999,6.0,inf
294,2,0.37092401457888113,-2.2314709640811254,-1.8042278114177954,0.5864999999999999,1,0.5864999999999999,6.0,inf
294,3,0.37092401457888113,-2.2314709640811254,-1.8042278114177954,0.5864999999999999,1,0.5864999999999999,6.0,inf
294,4,0.37092401457888113,-2.2314709640811254,-1.8042278114177954,0.5864999999999999,1,0.5864999999999999,6.0,inf
294,5,0.37092401457888113,-2.2314709640811254,-1.8042278114177954,0.5864999999999999,1,0.5864999999999999,6.0,inf
295,0,1.5131515697251063,0.3145452475897975,-1.422723648843655,3.6875999999999998,1,3.6875999999999998,6.0,inf
295,1,1.5131515697251063,0.3145452475897975,-1.422723648843655,3.6875999999999998,1,3.6875999999999998,6.0,inf
295,2,1.5131515697251063,0.3145452475897975,-1.422723648843655,3.6875999999999998,1,3.6875999999999998,6.0,inf
295,3,1.5131515697251063,0.3145452475897975,-1.422723648843655,3.6875999999999998,1,3.6875999999999998,6.0,inf
295,4,1.5131515697251063,0.3145452475897975,-1.422723648843655,3.6875999999999998,1,3.6875999999999998,6.0,inf
295,5,1.5131515697251063,0.3145452475897975,-1.422723648843655,3.6875999999999998,1,3.6875999999999998,6.0,inf
296,0,1.5845320231740347,0.455383177784273,-2.38884494601538,3.0869999999999997,1,3.0869999999999997,6.0,inf
296,1,1.5845320231740347,0.455383177784273,-2.38884494601538,3.0869999999999997,1,3.0869999999999997,6.0,inf
296,2,1.5845320231740347,0.455383177784273,-2.38884494601538,3.0869999999999997,1,3.0869999999999997,6.0,inf
296,3,1.5845320231740347,0.455383177784273,-2.38884494601538,3.0869999999999997,1,3.0869999999999997,6.0,inf
296,4,1.5845320231740347,0.455383177784273,-2.38884494601538,3.0869999999999997,1,3.0869999999999997,6.0,inf
296,5,1.5845320231740347,0.455383177784273,-2.38884494601538,3.0869999999999997,1,3.0869999999999997,6.0,inf
297,0,0.6244517537399479,-0.1438727395473692,-0.4051752935688965,1.3727999999999998,1,1.3727999999999998,6.0,inf
297,1,0.6244517537399479,-0.1438727395473692,-0.4051752935688965,1.3727999999999998,1,1.3727999999999998,6.0,inf
297,2,0.6244517537399479,-0.1438727395473692,-0.4051752935688965,1.3727999999999998,1,1.3727999999999998,6.0,inf
297,3,0.6244517537399479,-0.1438727395473692,-0.4051752935688965,1.3727999999999998,1,1.3727999999999998,6.0,inf
297,4,0.6244517537399479,-0.1438727395473692,-0.4051752935688965,1.3727999999999998,1,1.3727999999999998,6.0,inf
297,5,0.6244517537399479,-0.1438727395473692,-0.4051752935688965,1.3727999999999998,1,1.3727999999999998,6.0,inf
298,0,0.7685130429317525,0.19202624847997968,-0.4333557697639149,1.8101999999999998,1,1.8101999999999998,6.0,inf
298,1,0.7685130429317525,0.19202624847997968,-0.4333557697639149,1.8101999999999998,1,1.8101999999999998,6.0,inf
298,2,0.7685130429317525,0.19202624847997968,-0.4333557697639149,1.8101999999999998,1,1.8101999999999998,6.0,inf
298,3,0.7685130429317525,0.19202624847997968,-0.4333557697639149,1.8101999999999998,1,1.8101999999999998,6.0,inf
298,4,0.7685130429317525,0.19202624847997968,-0.4333557697639149,1.8101999999999998,1,1.8101999999999998,6.0,inf
298,5,0.7685130429317525,0.19202624847997968,-0.4333557697639149,1.8101999999999998,1,1.8101999999999998,6.0,inf
299,0,-1.5158797690807386,-0.42015746415617045,0.8393136177262047,0.3459,1,0.3459,6.0,inf
299,1,-1.5158797690807386,-0.42015746415617045,0.8393136177262047,0.3459,1,0.3459,6.0,inf
299,2,-1.5158797690807386,-0.42015746415617045,0.8393136177262047,0.3459,1,0.3459,6.0,inf
299,3,-1.5158797690807386,-0.42015746415617045,0.8393136177262047,0.3459,1,0.3459,6.0,inf
299,4,-1.5158797690807386,-0.42015746415617045,0.8393136177262047,0.3459,1,0.3459,6.0,inf
299,5,-1.5158797690807386,-0.42015746415617045,0.8393136177262047,0.3459,1,0.3459,6.0,inf
300,0,0.01617834276463611,-1.168995412484664,0.22020540963206922,1.6736999999999997,1,1.6736999999999997,6.0,inf
300,1,0.01617834276463611,-1.168995412484664,0.22020540963206922,1.6736999999999997,1,1.6736999999999997,6.0,inf
300,2,0.01617834276463611,-1.168995412484664,0.22020540963206922,1.6736999999999997,1,1.6736999999999997,6.0,inf
300,3,0.01617834276463611,-1.168995412484664,0.22020540963206922,1.6736999999999997,1,1.6736999999999997,6.0,inf
300,4,0.01617834276463611,-1.168995412484664,0.22020540963206922,1.6736999999999997,1,1.6736999999999997,6.0,inf
300,5,0.01617834276463611,-1.168995412484664,0.22020540963206922,1.6736999999999997,1,1.6736999999999997,6.0,inf
301,0,1.118341410043719,0.1761093442025336,2.539643402826342,1.9133999999999998,1,1.9133999999999998,6.0,inf
301,1,1.118341410043719,0.1761093442025336,2.539643402826342,1.9133999999999998,1,1.9133999999999998,6.0,inf
301,2,1.118341410043719,0.1761093442025336,2.539643402826342,1.9133999999999998,1,1.9133999999999998,6.0,inf
301,3,1.118341410043719,0.1761093442025336,2.539643402826342,1.9133999999999998,1,1.9133999999999998,6.0,inf
301,4,1.118341410043719,0.1761093442025336,2.539643402826342,1.9133999999999998,1,1.9133999999999998,6.0,inf
301,5,1.118341410043719,0.1761093442025336,2.539643402826342,1.9133999999999998,1,1.9133999999999998,6.0,inf
302,0,0.650774269949561,1.8826913347770753,-0.3870890829749463,2.6231999999999998,1,2.6231999999999998,6.0,inf
302,1,0.650774269949561,1.8826913347770753,-0.3870890829749463,2.6231999999999998,1,2.6231999999999998,6.0,inf
302,2,0.650774269949561,1.8826913347770753,-0.3870890829749463,2.6231999999999998,1,2.6231999999999998,6.0,inf
302,3,0.650774269949561,1.8826913347770753,-0.3870890829749463,2.6231999999999998,1,2.6231999999999998,6.0,inf
302,4,0.650774269949561,1.8826913347770753,-0.3870890829749463,2.6231999999999998,1,2.6231999999999998,6.0,inf
302,5,0.650774269949561,1.8826913347770753,-0.3870890829749463,2.6231999999999998,1,2.6231999999999998,6.0,inf
303,0,0.5723603263174184,1.8295839325304866,-1.4716759179294947,0.3897,1,0.3897,6.0,inf
303,1,0.5723603263174184,1.8295839325304866,-1.4716759179294947,0.3897,1,0.3897,6.0,inf
303,2,0.5723603263174184,1.8295839325304866,-1.4716759179294947,0.3897,1,0.3897,6.0,inf
303,3,0.5723603263174184,1.8295839325304866,-1.4716759179294947,0.3897,1,0.3897,6.0,inf
303,4,0.5723603263174184,1.8295839325304866,-1.4716759179294947,0.3897,1,0.3897,6.0,inf
303,5,0.5723603263174184,1.8295839325304866,-1.4716759179294947,0.3897,1,0.3897,6.0,inf
304,0,1.977914900924706,-1.748116315154085,-1.5009727856069863,0.7071,1,0.7071,6.0,inf
304,1,1.977914900924706,-1.748116315154085,-1.5009727856069863,0.7071,1,0.7071,6.0,inf
304,2,1.977914900924706,-1.748116315154085,-1.5009727856069863,0.7071,1,0.7071,6.0,inf
304,3,1.977914900924706,-1.748116315154085,-1.5009727856069863,0.7071,1,0.7071,6.0,inf
304,4,1.977914900924706,-1.748116315154085,-1.5009727856069863,0.7071,1,0.7071,6.0,inf
304,5,1.977914900924706,-1.748116315154085,-1.5009727856069863,0.7071,1,0.7071,6.0,inf
305,0,0.03869475512708979,-1.2473276295333953,0.8195917764232913,1.4612999999999998,1,1.4612999999999998,6.0,inf
305,1,0.03869475512708979,-1.2473276295333953,0.8195917764232913,1.4612999999999998,1,1.4612999999999998,6.0,inf
305,2,0.03869475512708979,-1.2473276295333953,0.8195917764232913,1.4612999999999998,1,1.4612999999999998,6.0,inf
305,3,0.03869475512708979,-1.2473276295333953,0.8195917764232913,1.4612999999999998,1,1.4612999999999998,6.0,inf
305,4,0.03869475512708979,-1.2473276295333953,0.8195917764232913,1.4612999999999998,1,1.4612999999999998,6.0,inf
305,5,0.03869475512708979,-1.2473276295333953,0.8195917764232913,1.4612999999999998,1,1.4612999999999998,6.0,inf
306,0,0.6475259492436387,-0.292466706801847,-0.0173485654998591,2.3649,1,2.3649,6.0,inf
306,1,0.6475259492436387,-0.292466706801847,-0.0173485654998591,2.3649,1,2.3649,6.0,inf
306,2,0.6475259492436387,-0.292466706801847,-0.0173485654998591,2.3649,1,2.3649,6.0,inf
306,3,0.6475259492436387,-0.292466706801847,-0.0173485654998591,2.3649,1,2.3649,6.0,inf
306,4,0.6475259492436387,-0.292466706801847,-0.0173485654998591,2.3649,1,2.3649,6.0,inf
306,5,0.6475259492436387,-0.292466706801847,-0.0173485654998591,2.3649,1,2.3649,6.0,inf
307,0,0.6127846280264292,0.6186904178349303,-0.028817109390993537,2.7948,1,2.7948,6.0,inf
307,1,0.6127846280264292,0.6186904178349303,-0.028817109390993537,2.7948,1,2.7948,6.0,inf
307,2,0.6127846280264292,0.6186904178349303,-0.028817109390993537,2.7948,1,2.7948,6.0,inf
307,3,0.6127846280264292,0.6186904178349303,-0.028817109390993537,2.7948,1,2.7948,6.0,inf
307,4,0.6127846280264292,0.6186904178349303,-0.028817109390993537,2.7948,1,2.7948,6.0,inf
307,5,0.6127846280264292,0.6186904178349303,-0.028817109390993537,2.7948,1,2.7948,6.0,inf
308,0,0.5675030525089584,0.14022503846950726,0.07839141925184172,2.6588999999999996,1,2.6588999999999996,6.0,inf
308,1,0.5675030525089584,0.14022503846950726,0.07839141925184172,2.6588999999999996,1,2.6588999999999996,6.0,inf
308,2,0.5675030525089584,0.14022503846950726,0.07839141925184172,2.6588999999999996,1,2.6588999999999996,6.0,inf
308,3,0.5675030525089584,0.14022503846950726,0.07839141925184172,2.6588999999999996,1,2.6588999999999996,6.0,inf
308,4,0.5675030525089584,0.14022503846950726,0.07839141925184172,2.6588999999999996,1,2.6588999999999996,6.0,inf
308,5,0.5675030525089584,0.14022503846950726,0.07839141925184172,2.6588999999999996,1,2.6588999999999996,6.0,inf
309,0,1.3566533341846192,-0.8309634759011033,0.979784935885134,2.5206,1,2.5206,6.0,inf
309,1,1.3566533341846192,-0.8309634759011033,0.979784935885134,2.5206,1,2.5206,6.0,inf
309,2,1.3566533341846192,-0.8309634759011033,0.979784935885134,2.5206,1,2.5206,6.0,inf
309,3,1.3566533341846192,-0.8309634759011033,0.979784935885134,2.5206,1,2.5206,6.0,inf
309,4,1.3566533341846192,-0.8309634759011033,0.979784935885134,2.5206,1,2.5206,6.0,inf
309,5,1.3566533341846192,-0.8309634759011033,0.979784935885134,2.5206,1,2.5206,6.0,inf
310,0,2.012060498918514,-0.5502707244840526,-1.764482212405626,2.799,1,2.799,6.0,inf
310,1,2.012060498918514,-0.5502707244840526,-1.764482212405626,2.799,1,2.799,6.0,inf
310,2,2.012060498918514,-0.5502707244840526,-1.764482212405626,2.799,1,2.799,6.0,inf
310,3,2.012060498918514,-0.5502707244840526,-1.764482212405626,2.799,1,2.799,6.0,inf
310,4,2.012060498918514,-0.5502707244840526,-1.764482212405626,2.799,1,2.799,6.0,inf
310,5,2.012060498918514,-0.5502707244840526,-1.764482212405626,2.799,1,2.799,6.0,inf
311,0,-0.34658274760515767,1.776915825006023,-0.17646475736241618,5.153099999999999,1,5.153099999999999,6.0,inf
311,1,-0.34658274760515767,1.776915825006023,-0.17646475736241618,5.153099999999999,1,5.153099999999999,6.0,inf
311,2,-0.34658274760515767,1.776915825006023,-0.17646475736241618,5.153099999999999,1,5.153099999999999,6.0,inf
311,3,-0.34658274760515767,1.776915825006023,-0.17646475736241618,5.153099999999999,1,5.153099999999999,6.0,inf
311,4,-0.34658274760515767,1.776915825006023,-0.17646475736241618,5.153099999999999,1,5.153099999999999,6.0,inf
311,5,-0.34658274760515767,1.776915825006023,-0.17646475736241618,5.153099999999999,1,5.153099999999999,6.0,inf
312,0,0.6165563556906034,0.6296822266411253,0.04106985228984459,4.4211,1,4.4211,6.0,inf
312,1,0.6165563556906034,0.6296822266411253,0.04106985228984459,4.4211,1,4.4211,6.0,inf
312,2,0.6165563556906034,0.6296822266411253,0.04106985228984459,4.4211,1,4.4211,6.0,inf
312,3,0.6165563556906034,0.6296822266411253,0.04106985228984459,4.4211,1,4.4211,6.0,inf
312,4,0.6165563556906034,0.6296822266411253,0.04106985228984459,4.4211,1,4.4211,6.0,inf
312,5,0.6165563556906034,0.6296822266411253,0.04106985228984459,4.4211,1,4.4211,6.0,inf
313,0,0.30905961620415295,-1.2755571655855436,-1.2491974632599556,2.5730999999999997,1,2.5730999999999997,6.0,inf
313,1,0.30905961620415295,-1.2755571655855436,-1.2491974632599556,2.5730999999999997,1,2.5730999999999997,6.0,inf
313,2,0.30905961620415295,-1.2755571655855436,-1.2491974632599556,2.5730999999999997,1,2.5730999999999997,6.0,inf
313,3,0.30905961620415295,-1.2755571655855436,-1.2491974632599556,2.5730999999999997,1,2.5730999999999997,6.0,inf
313,4,0.30905961620415295,-1.2755571655855436,-1.2491974632599556,2.5730999999999997,1,2.5730999999999997,6.0,inf
313,5,0.30905961620415295,-1.2755571655855436,-1.2491974632599556,2.5730999999999997,1,2.5730999999999997,6.0,inf
314,0,0.7020811770621552,1.6150817910323931,0.15362222036244982,1.7552999999999999,1,1.7552999999999999,6.0,inf
314,1,0.7020811770621552,1.6150817910323931,0.15362222036244982,1.7552999999999999,1,1.7552999999999999,6.0,inf
314,2,0.7020811770621552,1.6150817910323931,0.15362222036244982,1.7552999999999999,1,1.7552999999999999,6.0,inf
314,3,0.7020811770621552,1.6150817910323931,0.15362222036244982,1.7552999999999999,1,1.7552999999999999,6.0,inf
314,4,0.7020811770621552,1.6150817910323931,0.15362222036244982,1.7552999999999999,1,1.7552999999999999,6.0,inf
314,5,0.7020811770621552,1.6150817910323931,0.15362222036244982,1.7552999999999999,1,1.7552999999999999,6.0,inf
315,0,0.05492748396013798,0.5269462466314879,-1.7588140158188033,4.329,1,4.329,6.0,inf
315,1,0.05492748396013798,0.5269462466314879,-1.7588140158188033,4.329,1,4.329,6.0,inf
315,2,0.05492748396013798,0.5269462466314879,-1.7588140158188033,4.329,1,4.329,6.0,inf
315,3,0.05492748396013798,0.5269462466314879,-1.7588140158188033,4.329,1,4.329,6.0,inf
315,4,0.05492748396013798,0.5269462466314879,-1.7588140158188033,4.329,1,4.329,6.0,inf
315,5,0.05492748396013798,0.5269462466314879,-1.7588140158188033,4.329,1,4.329,6.0,inf
316,0,-0.41870046228204494,0.6434381820830787,-0.03624362592024821,1.7516999999999998,1,1.7516999999999998,6.0,inf
316,1,-0.41870046228204494,0.6434381820830787,-0.03624362592024821,1.7516999999999998,1,1.7516999999999998,6.0,inf
316,2,-0.41870046228204494,0.6434381820830787,-0.03624362592024821,1.7516999999999998,1,1.7516999999999998,6.0,inf
316,3,-0.41870046228204494,0.6434381820830787,-0.03624362592024821,1.7516999999999998,1,1.7516999999999998,6.0,inf
316,4,-0.41870046228204494,0.6434381820830787,-0.03624362592024821,1.7516999999999998,1,1.7516999999999998,6.0,inf
316,5,-0.41870046228204494,0.6434381820830787,-0.03624362592024821,1.7516999999999998,1,1.7516999999999998,6.0,inf
317,0,0.5076498082678644,-0.14438538711443102,0.5997241261679702,1.9982999999999997,1,1.9982999999999997,6.0,inf
317,1,0.5076498082678644,-0.14438538711443102,0.5997241261679702,1.9982999999999997,1,1.9982999999999997,6.0,inf
317,2,0.5076498082678644,-0.14438538711443102,0.5997241261679702,1.9982999999999997,1,1.9982999999999997,6.0,inf
317,3,0.5076498082678644,-0.14438538711443102,0.5997241261679702,1.9982999999999997,1,1.9982999999999997,6.0,inf
317,4,0.5076498082678644,-0.14438538711443102,0.5997241261679702,1.9982999999999997,1,1.9982999999999997,6.0,inf
317,5,0.5076498082678644,-0.14438538711443102,0.5997241261679702,1.9982999999999997,1,1.9982999999999997,6.0,inf
318,0,-1.3655283418152642,0.2454212700762478,-1.5880168985501637,0.6125999999999999,1,0.6125999999999999,6.0,inf
318,1,-1.3655283418152642,0.2454212700762478,-1.5880168985501637,0.6125999999999999,1,0.6125999999999999,6.0,inf
318,2,-1.3655283418152642,0.2454212700762478,-1.5880168985501637,0.6125999999999999,1,0.6125999999999999,6.0,inf
318,3,-1.3655283418152642,0.2454212700762478,-1.5880168985501637,0.6125999999999999,1,0.6125999999999999,6.0,inf
318,4,-1.3655283418152642,0.2454212700762478,-1.5880168985501637,0.6125999999999999,1,0.6125999999999999,6.0,inf
318,5,-1.3655283418152642,0.2454212700762478,-1.5880168985501637,0.6125999999999999,1,0.6125999999999999,6.0,inf
319,0,-0.4197493820937573,-1.3713003968865258,-0.2900104223172906,2.0058,1,2.0058,6.0,inf
319,1,-0.4197493820937573,-1.3713003968865258,-0.2900104223172906,2.0058,1,2.0058,6.0,inf
319,2,-0.4197493820937573,-1.3713003968865258,-0.2900104223172906,2.0058,1,2.0058,6.0,inf
319,3,-0.4197493820937573,-1.3713003968865258,-0.2900104223172906,2.0058,1,2.0058,6.0,inf
319,4,-0.4197493820937573,-1.3713003968865258,-0.2900104223172906,2.0058,1,2.0058,6.0,inf
319,5,-0.4197493820937573,-1.3713003968865258,-0.2900104223172906,2.0058,1,2.0058,6.0,inf
320,0,-0.8019950437724784,-0.4622924446408118,-0.6025481662102228,2.2005,1,2.2005,6.0,inf
320,1,-0.8019950437724784,-0.4622924446408118,-0.6025481662102228,2.2005,1,2.2005,6.0,inf
320,2,-0.8019950437724784,-0.4622924446408118,-0.6025481662102228,2.2005,1,2.2005,6.0,inf
320,3,-0.8019950437724784,-0.4622924446408118,-0.6025481662102228,2.2005,1,2.2005,6.0,inf
320,4,-0.8019950437724784,-0.4622924446408118,-0.6025481662102228,2.2005,1,2.2005,6.0,inf
320,5,-0.8019950437724784,-0.4622924446408118,-0.6025481662102228,2.2005,1,2.2005,6.0,inf
321,0,0.34499983138278695,0.7267752364292346,0.6086460765974605,2.6388,1,2.6388,6.0,inf
321,1,0.34499983138278695,0.7267752364292346,0.6086460765974605,2.6388,1,2.6388,6.0,inf
321,2,0.34499983138278695,0.7267752364292346,0.6086460765974605,2.6388,1,2.6388,6.0,inf
321,3,0.34499983138278695,0.7267752364292346,0.6086460765974605,2.6388,1,2.6388,6.0,inf
321,4,0.34499983138278695,0.7267752364292346,0.6086460765974605,2.6388,1,2.6388,6.0,inf
321,5,0.34499983138278695,0.7267752364292346,0.6086460765974605,2.6388,1,2.6388,6.0,inf
322,0,-1.7321166726972739,-0.9035587564189653,-0.38267918077895047,0.41519999999999996,1,0.41519999999999996,6.0,inf
322,1,-1.7321166726972739,-0.9035587564189653,-0.38267918077895047,0.41519999999999996,1,0.41519999999999996,6.0,inf
322,2,-1.7321166726972739,-0.9035587564189653,-0.38267918077895047,0.41519999999999996,1,0.41519999999999996,6.0,inf
322,3,-1.7321166726972739,-0.9035587564189653,-0.38267918077895047,0.41519999999999996,1,0.41519999999999996,6.0,inf
322,4,-1.7321166726972739,-0.9035587564189653,-0.38267918077895047,0.41519999999999996,1,0.41519999999999996,6.0,inf
322,5,-1.7321166726972739,-0.9035587564189653,-0.38267918077895047,0.41519999999999996,1,0.41519999999999996,6.0,inf
323,0,-0.30878009356859915,-0.41588666708825534,-0.2510706621166697,3.9435,1,3.9435,6.0,inf
323,1,-0.30878009356859915,-0.41588666708825534,-0.2510706621166697,3.9435,1,3.9435,6.0,inf
323,2,-0.30878009356859915,-0.41588666708825534,-0.2510706621166697,3.9435,1,3.9435,6.0,inf
323,3,-0.30878009356859915,-0.41588666708825534,-0.2510706621166697,3.9435,1,3.9435,6.0,inf
323,4,-0.30878009356859915,-0.41588666708825534,-0.2510706621166697,3.9435,1,3.9435,6.0,inf
323,5,-0.30878009356859915,-0.41588666708825534,-0.2510706621166697,3.9435,1,3.9435,6.0,inf
324,0,0.704353662428276,0.26233380118816046,-0.09355485769339664,2.7624,1,2.7624,6.0,inf
324,1,0.704353662428276,0.26233380118816046,-0.09355485769339664,2.7624,1,2.7624,6.0,inf
324,2,0.704353662428276,0.26233380118816046,-0.09355485769339664,2.7624,1,2.7624,6.0,inf
324,3,0.704353662428276,0.26233380118816046,-0.09355485769339664,2.7624,1,2.7624,6.0,inf
324,4,0.704353662428276,0.26233380118816046,-0.09355485769339664,2.7624,1,2.7624,6.0,inf
324,5,0.704353662428276,0.26233380118816046,-0.09355485769339664,2.7624,1,2.7624,6.0,inf
325,0,-0.3711292753183157,-0.42797799884424836,-0.8374363696811349,2.7948,1,2.7948,6.0,inf
325,1,-0.3711292753183157,-0.42797799884424836,-0.8374363696811349,2.7948,1,2.7948,6.0,inf
325,2,-0.3711292753183157,-0.42797799884424836,-0.8374363696811349,2.7948,1,2.7948,6.0,inf
325,3,-0.3711292753183157,-0.42797799884424836,-0.8374363696811349,2.7948,1,2.7948,6.0,inf
325,4,-0.3711292753183157,-0.42797799884424836,-0.8374363696811349,2.7948,1,2.7948,6.0,inf
325,5,-0.3711292753183157,-0.42797799884424836,-0.8374363696811349,2.7948,1,2.7948,6.0,inf
326,0,-1.3143207862020205,0.19320057663916387,-3.0453077224010134,4.887,1,4.887,6.0,inf
326,1,-1.3143207862020205,0.19320057663916387,-3.0453077224010134,4.887,1,4.887,6.0,inf
326,2,-1.3143207862020205,0.19320057663916387,-3.0453077224010134,4.887,1,4.887,6.0,inf
326,3,-1.3143207862020205,0.19320057663916387,-3.0453077224010134,4.887,1,4.887,6.0,inf
326,4,-1.3143207862020205,0.19320057663916387,-3.0453077224010134,4.887,1,4.887,6.0,inf
326,5,-1.3143207862020205,0.19320057663916387,-3.0453077224010134,4.887,1,4.887,6.0,inf
327,0,0.4121176162402054,-1.8480764482523024,-1.1946068998045893,0.0711,1,0.0711,6.0,inf
327,1,0.4121176162402054,-1.8480764482523024,-1.1946068998045893,0.0711,1,0.0711,6.0,inf
327,2,0.4121176162402054,-1.8480764482523024,-1.1946068998045893,0.0711,1,0.0711,6.0,inf
327,3,0.4121176162402054,-1.8480764482523024,-1.1946068998045893,0.0711,1,0.0711,6.0,inf
327,4,0.4121176162402054,-1.8480764482523024,-1.1946068998045893,0.0711,1,0.0711,6.0,inf
327,5,0.4121176162402054,-1.8480764482523024,-1.1946068998045893,0.0711,1,0.0711,6.0,inf
328,0,0.43774031252136675,1.0903616079718044,0.30855079409732244,5.977499999999999,1,5.977499999999999,6.0,inf
328,1,0.43774031252136675,1.0903616079718044,0.30855079409732244,5.977499999999999,1,5.977499999999999,6.0,inf
328,2,0.43774031252136675,1.0903616079718044,0.30855079409732244,5.977499999999999,1,5.977499999999999,6.0,inf
328,3,0.43774031252136675,1.0903616079718044,0.30855079409732244,5.977499999999999,1,5.977499999999999,6.0,inf
328,4,0.43774031252136675,1.0903616079718044,0.30855079409732244,5.977499999999999,1,5.977499999999999,6.0,inf
328,5,0.43774031252136675,1.0903616079718044,0.30855079409732244,5.977499999999999,1,5.977499999999999,6.0,inf
329,0,-1.9104059589517397,1.196562820832492,1.4969264602155927,1.8974999999999997,1,1.8974999999999997,6.0,inf
329,1,-1.9104059589517397,1.196562820832492,1.4969264602155927,1.8974999999999997,1,1.8974999999999997,6.0,inf
329,2,-1.9104059589517397,1.196562820832492,1.4969264602155927,1.8974999999999997,1,1.8974999999999997,6.0,inf
329,3,-1.9104059589517397,1.196562820832492,1.4969264602155927,1.8974999999999997,1,1.8974999999999997,6.0,inf
329,4,-1.9104059589517397,1.196562820832492,1.4969264602155927,1.8974999999999997,1,1.8974999999999997,6.0,inf
329,5,-1.9104059589517397,1.196562820832492,1.4969264602155927,1.8974999999999997,1,1.8974999999999997,6.0,inf
330,0,0.723312681199588,2.0309827772562974,1.2128434019325955,1.5531,1,1.5531,6.0,inf
330,1,0.723312681199588,2.0309827772562974,1.2128434019325955,1.5531,1,1.5531,6.0,inf
330,2,0.723312681199588,2.0309827772562974,1.2128434019325955,1.5531,1,1.5531,6.0,inf
330,3,0.723312681199588,2.0309827772562974,1.2128434019325955,1.5531,1,1.5531,6.0,inf
330,4,0.723312681199588,2.0309827772562974,1.2128434019325955,1.5531,1,1.5531,6.0,inf
330,5,0.723312681199588,2.0309827772562974,1.2128434019325955,1.5531,1,1.5531,6.0,inf
331,0,-0.009239883202036715,-0.7512194505409346,0.7428429198866934,1.3058999999999998,1,1.3058999999999998,6.0,inf
331,1,-0.009239883202036715,-0.7512194505409346,0.7428429198866934,1.3058999999999998,1,1.3058999999999998,6.0,inf
331,2,-0.009239883202036715,-0.7512194505409346,0.7428429198866934,1.3058999999999998,1,1.3058999999999998,6.0,inf
331,3,-0.009239883202036715,-0.7512194505409346,0.7428429198866934,1.3058999999999998,1,1.3058999999999998,6.0,inf
331,4,-0.009239883202036715,-0.7512194505409346,0.7428429198866934,1.3058999999999998,1,1.3058999999999998,6.0,inf
331,5,-0.009239883202036715,-0.7512194505409346,0.7428429198866934,1.3058999999999998,1,1.3058999999999998,6.0,inf
332,0,0.6645428011806359,0.4116071441476383,-0.43196217504119544,3.0233999999999996,1,3.0233999999999996,6.0,inf
332,1,0.6645428011806359,0.4116071441476383,-0.43196217504119544,3.0233999999999996,1,3.0233999999999996,6.0,inf
332,2,0.6645428011806359,0.4116071441476383,-0.43196217504119544,3.0233999999999996,1,3.0233999999999996,6.0,inf
332,3,0.6645428011806359,0.4116071441476383,-0.43196217504119544,3.0233999999999996,1,3.0233999999999996,6.0,inf
332,4,0.6645428011806359,0.4116071441476383,-0.43196217504119544,3.0233999999999996,1,3.0233999999999996,6.0,inf
332,5,0.6645428011806359,0.4116071441476383,-0.43196217504119544,3.0233999999999996,1,3.0233999999999996,6.0,inf
333,0,-1.9505828626541022,0.24302503093556038,0.1866706478208103,2.3457,1,2.3457,6.0,inf
333,1,-1.9505828626541022,0.24302503093556038,0.1866706478208103,2.3457,1,2.3457,6.0,inf
333,2,-1.9505828626541022,0.24302503093556038,0.1866706478208103,2.3457,1,2.3457,6.0,inf
333,3,-1.9505828626541022,0.24302503093556038,0.1866706478208103,2.3457,1,2.3457,6.0,inf
333,4,-1.9505828626541022,0.24302503093556038,0.1866706478208103,2.3457,1,2.3457,6.0,inf
333,5,-1.9505828626541022,0.24302503093556038,0.1866706478208103,2.3457,1,2.3457,6.0,inf
334,0,0.2383236748640331,-0.4837618836904029,0.5933001652308256,5.6247,1,5.6247,6.0,inf
334,1,0.2383236748640331,-0.4837618836904029,0.5933001652308256,5.6247,1,5.6247,6.0,inf
334,2,0.2383236748640331,-0.4837618836904029,0.5933001652308256,5.6247,1,5.6247,6.0,inf
334,3,0.2383236748640331,-0.4837618836904029,0.5933001652308256,5.6247,1,5.6247,6.0,inf
334,4,0.2383236748640331,-0.4837618836904029,0.5933001652308256,5.6247,1,5.6247,6.0,inf
334,5,0.2383236748640331,-0.4837618836904029,0.5933001652308256,5.6247,1,5.6247,6.0,inf
335,0,0.4318363204813732,-0.1258083599127467,-0.7676787575216656,3.5553,1,3.5553,6.0,inf
335,1,0.4318363204813732,-0.1258083599127467,-0.7676787575216656,3.5553,1,3.5553,6.0,inf
335,2,0.4318363204813732,-0.1258083599127467,-0.7676787575216656,3.5553,1,3.5553,6.0,inf
335,3,0.4318363204813732,-0.1258083599127467,-0.7676787575216656,3.5553,1,3.5553,6.0,inf
335,4,0.4318363204813732,-0.1258083599127467,-0.7676787575216656,3.5553,1,3.5553,6.0,inf
335,5,0.4318363204813732,-0.1258083599127467,-0.7676787575216656,3.5553,1,3.5553,6.0,inf
336,0,2.5688995606436262,-1.385084020735863,-0.2952705971330428,2.0046,1,2.0046,6.0,inf
336,1,2.5688995606436262,-1.385084020735863,-0.2952705971330428,2.0046,1,2.0046,6.0,inf
336,2,2.5688995606436262,-1.385084020735863,-0.2952705971330428,2.0046,1,2.0046,6.0,inf
336,3,2.5688995606436262,-1.385084020735863,-0.2952705971330428,2.0046,1,2.0046,6.0,inf
336,4,2.5688995606436262,-1.385084020735863,-0.2952705971330428,2.0046,1,2.0046,6.0,inf
336,5,2.5688995606436262,-1.385084020735863,-0.2952705971330428,2.0046,1,2.0046,6.0,inf
337,0,0.9538344789195207,-1.3514164772305837,0.20952409152745405,2.1527999999999996,1,2.1527999999999996,6.0,inf
337,1,0.9538344789195207,-1.3514164772305837,0.20952409152745405,2.1527999999999996,1,2.1527999999999996,6.0,inf
337,2,0.9538344789195207,-1.3514164772305837,0.20952409152745405,2.1527999999999996,1,2.1527999999999996,6.0,inf
337,3,0.9538344789195207,-1.3514164772305837,0.20952409152745405,2.1527999999999996,1,2.1527999999999996,6.0,inf
337,4,0.9538344789195207,-1.3514164772305837,0.20952409152745405,2.1527999999999996,1,2.1527999999999996,6.0,inf
337,5,0.9538344789195207,-1.3514164772305837,0.20952409152745405,2.1527999999999996,1,2.1527999999999996,6.0,inf
338,0,1.2986085009021455,-0.014389577192880795,-0.11602799569951434,2.1672,1,2.1672,6.0,inf
338,1,1.2986085009021455,-0.014389577192880795,-0.11602799569951434,2.1672,1,2.1672,6.0,inf
338,2,1.2986085009021455,-0.014389577192880795,-0.11602799569951434,2.1672,1,2.1672,6.0,inf
338,3,1.2986085009021455,-0.014389577192880795,-0.11602799569951434,2.1672,1,2.1672,6.0,inf
338,4,1.2986085009021455,-0.014389577192880795,-0.11602799569951434,2.1672,1,2.1672,6.0,inf
338,5,1.2986085009021455,-0.014389577192880795,-0.11602799569951434,2.1672,1,2.1672,6.0,inf
339,0,-0.285577331496369,1.0709520969693738,0.15973288900281982,0.6752999999999999,1,0.6752999999999999,6.0,inf
339,1,-0.285577331496369,1.0709520969693738,0.15973288900281982,0.6752999999999999,1,0.6752999999999999,6.0,inf
339,2,-0.285577331496369,1.0709520969693738,0.15973288900281982,0.6752999999999999,1,0.6752999999999999,6.0,inf
339,3,-0.285577331496369,1.0709520969693738,0.15973288900281982,0.6752999999999999,1,0.6752999999999999,6.0,inf
339,4,-0.285577331496369,1.0709520969693738,0.15973288900281982,0.6752999999999999,1,0.6752999999999999,6.0,inf
339,5,-0.285577331496369,1.0709520969693738,0.15973288900281982,0.6752999999999999,1,0.6752999999999999,6.0,inf
340,0,1.3021422591943557,-0.5718357129240138,-0.01886071379782244,0.5006999999999999,1,0.5006999999999999,6.0,inf
340,1,1.3021422591943557,-0.5718357129240138,-0.01886071379782244,0.5006999999999999,1,0.5006999999999999,6.0,inf
340,2,1.3021422591943557,-0.5718357129240138,-0.01886071379782244,0.5006999999999999,1,0.5006999999999999,6.0,inf
340,3,1.3021422591943557,-0.5718357129240138,-0.01886071379782244,0.5006999999999999,1,0.5006999999999999,6.0,inf
340,4,1.3021422591943557,-0.5718357129240138,-0.01886071379782244,0.5006999999999999,1,0.5006999999999999,6.0,inf
340,5,1.3021422591943557,-0.5718357129240138,-0.01886071379782244,0.5006999999999999,1,0.5006999999999999,6.0,inf
341,0,0.641763688609198,-1.952461210195258,1.6914198402672622,0.8285999999999999,1,0.8285999999999999,6.0,inf
341,1,0.641763688609198,-1.952461210195258,1.6914198402672622,0.8285999999999999,1,0.8285999999999999,6.0,inf
341,2,0.641763688609198,-1.952461210195258,1.6914198402672622,0.8285999999999999,1,0.8285999999999999,6.0,inf
341,3,0.641763688609198,-1.952461210195258,1.6914198402672622,0.8285999999999999,1,0.8285999999999999,6.0,inf
341,4,0.641763688609198,-1.952461210195258,1.6914198402672622,0.8285999999999999,1,0.8285999999999999,6.0,inf
341,5,0.641763688609198,-1.952461210195258,1.6914198402672622,0.8285999999999999,1,0.8285999999999999,6.0,inf
342,0,1.6962080456657476,0.4897117864855726,1.8444113748191833,2.2529999999999997,1,2.2529999999999997,6.0,inf
342,1,1.6962080456657476,0.4897117864855726,1.8444113748191833,2.2529999999999997,1,2.2529999999999997,6.0,inf
342,2,1.6962080456657476,0.4897117864855726,1.8444113748191833,2.2529999999999997,1,2.2529999999999997,6.0,inf
342,3,1.6962080456657476,0.4897117864855726,1.8444113748191833,2.2529999999999997,1,2.2529999999999997,6.0,inf
342,4,1.6962080456657476,0.4897117864855726,1.8444113748191833,2.2529999999999997,1,2.2529999999999997,6.0,inf
342,5,1.6962080456657476,0.4897117864855726,1.8444113748191833,2.2529999999999997,1,2.2529999999999997,6.0,inf
343,0,0.25947436958844594,-0.6996636081705426,1.096529592854809,1.4175,1,1.4175,6.0,inf
343,1,0.25947436958844594,-0.6996636081705426,1.096529592854809,1.4175,1,1.4175,6.0,inf
343,2,0.25947436958844594,-0.6996636081705426,1.096529592854809,1.4175,1,1.4175,6.0,inf
343,3,0.25947436958844594,-0.6996636081705426,1.096529592854809,1.4175,1,1.4175,6.0,inf
343,4,0.25947436958844594,-0.6996636081705426,1.096529592854809,1.4175,1,1.4175,6.0,inf
343,5,0.25947436958844594,-0.6996636081705426,1.096529592854809,1.4175,1,1.4175,6.0,inf
344,0,0.13998371449913352,-2.025611870705705,1.27747943839174,0.7098,1,0.7098,6.0,inf
344,1,0.13998371449913352,-2.025611870705705,1.27747943839174,0.7098,1,0.7098,6.0,inf
344,2,0.13998371449913352,-2.025611870705705,1.27747943839174,0.7098,1,0.7098,6.0,inf
344,3,0.13998371449913352,-2.025611870705705,1.27747943839174,0.7098,1,0.7098,6.0,inf
344,4,0.13998371449913352,-2.025611870705705,1.27747943839174,0.7098,1,0.7098,6.0,inf
344,5,0.13998371449913352,-2.025611870705705,1.27747943839174,0.7098,1,0.7098,6.0,inf
345,0,0.7656279486186781,0.8309434761428308,-0.22107080959353662,5.5188,1,5.5188,6.0,inf
345,1,0.7656279486186781,0.8309434761428308,-0.22107080959353662,5.5188,1,5.5188,6.0,inf
345,2,0.7656279486186781,0.8309434761428308,-0.22107080959353662,5.5188,1,5.5188,6.0,inf
345,3,0.7656279486186781,0.8309434761428308,-0.22107080959353662,5.5188,1,5.5188,6.0,inf
345,4,0.7656279486186781,0.8309434761428308,-0.22107080959353662,5.5188,1,5.5188,6.0,inf
345,5,0.7656279486186781,0.8309434761428308,-0.22107080959353662,5.5188,1,5.5188,6.0,inf
346,0,-0.9850215574161123,-0.7203055257279399,-1.9133131357717568,4.505999999999999,1,4.505999999999999,6.0,inf
346,1,-0.9850215574161123,-0.7203055257279399,-1.9133131357717568,4.505999999999999,1,4.505999999999999,6.0,inf
346,2,-0.9850215574161123,-0.7203055257279399,-1.9133131357717568,4.505999999999999,1,4.505999999999999,6.0,inf
346,3,-0.9850215574161123,-0.7203055257279399,-1.9133131357717568,4.505999999999999,1,4.505999999999999,6.0,inf
346,4,-0.9850215574161123,-0.7203055257279399,-1.9133131357717568,4.505999999999999,1,4.505999999999999,6.0,inf
346,5,-0.9850215574161123,-0.7203055257279399,-1.9133131357717568,4.505999999999999,1,4.505999999999999,6.0,inf
347,0,-0.07953797507352439,1.3177138567165552,0.9851023651123562,1.2134999999999998,1,1.2134999999999998,6.0,inf
347,1,-0.07953797507352439,1.3177138567165552,0.9851023651123562,1.2134999999999998,1,1.2134999999999998,6.0,inf
347,2,-0.07953797507352439,1.3177138567165552,0.9851023651123562,1.2134999999999998,1,1.2134999999999998,6.0,inf
347,3,-0.07953797507352439,1.3177138567165552,0.9851023651123562,1.2134999999999998,1,1.2134999999999998,6.0,inf
347,4,-0.07953797507352439,1.3177138567165552,0.9851023651123562,1.2134999999999998,1,1.2134999999999998,6.0,inf
347,5,-0.07953797507352439,1.3177138567165552,0.9851023651123562,1.2134999999999998,1,1.2134999999999998,6.0,inf
348,0,2.3809260441558333,0.12341027576069397,0.5758922819044895,0.5660999999999999,1,0.5660999999999999,6.0,inf
348,1,2.3809260441558333,0.12341027576069397,0.5758922819044895,0.5660999999999999,1,0.5660999999999999,6.0,inf
348,2,2.3809260441558333,0.12341027576069397,0.5758922819044895,0.5660999999999999,1,0.5660999999999999,6.0,inf
348,3,2.3809260441558333,0.12341027576069397,0.5758922819044895,0.5660999999999999,1,0.5660999999999999,6.0,inf
348,4,2.3809260441558333,0.12341027576069397,0.5758922819044895,0.5660999999999999,1,0.5660999999999999,6.0,inf
348,5,2.3809260441558333,0.12341027576069397,0.5758922819044895,0.5660999999999999,1,0.5660999999999999,6.0,inf
349,0,-1.0634370538895692,1.0150900031485492,-1.521328071024877,1.7900999999999998,1,1.7900999999999998,6.0,inf
349,1,-1.0634370538895692,1.0150900031485492,-1.521328071024877,1.7900999999999998,1,1.7900999999999998,6.0,inf
349,2,-1.0634370538895692,1.0150900031485492,-1.521328071024877,1.7900999999999998,1,1.7900999999999998,6.0,inf
349,3,-1.0634370538895692,1.0150900031485492,-1.521328071024877,1.7900999999999998,1,1.7900999999999998,6.0,inf
349,4,-1.0634370538895692,1.0150900031485492,-1.521328071024877,1.7900999999999998,1,1.7900999999999998,6.0,inf
349,5,-1.0634370538895692,1.0150900031485492,-1.521328071024877,1.7900999999999998,1,1.7900999999999998,6.0,inf
350,0,-0.05228077744163164,-1.2044182397979877,0.8148144939838552,1.1972999999999998,1,1.1972999999999998,6.0,inf
350,1,-0.05228077744163164,-1.2044182397979877,0.8148144939838552,1.1972999999999998,1,1.1972999999999998,6.0,inf
350,2,-0.05228077744163164,-1.2044182397979877,0.8148144939838552,1.1972999999999998,1,1.1972999999999998,6.0,inf
350,3,-0.05228077744163164,-1.2044182397979877,0.8148144939838552,1.1972999999999998,1,1.1972999999999998,6.0,inf
350,4,-0.05228077744163164,-1.2044182397979877,0.8148144939838552,1.1972999999999998,1,1.1972999999999998,6.0,inf
350,5,-0.05228077744163164,-1.2044182397979877,0.8148144939838552,1.1972999999999998,1,1.1972999999999998,6.0,inf
351,0,-0.912344589172707,-0.03878397063275197,0.15329474185622297,2.9156999999999997,1,2.9156999999999997,6.0,inf
351,1,-0.912344589172707,-0.03878397063275197,0.15329474185622297,2.9156999999999997,1,2.9156999999999997,6.0,inf
351,2,-0.912344589172707,-0.03878397063275197,0.15329474185622297,2.9156999999999997,1,2.9156999999999997,6.0,inf
351,3,-0.912344589172707,-0.03878397063275197,0.15329474185622297,2.9156999999999997,1,2.9156999999999997,6.0,inf
351,4,-0.912344589172707,-0.03878397063275197,0.15329474185622297,2.9156999999999997,1,2.9156999999999997,6.0,inf
351,5,-0.912344589172707,-0.03878397063275197,0.15329474185622297,2.9156999999999997,1,2.9156999999999997,6.0,inf
352,0,0.2679970131678741,0.6552708333464373,0.5997889068153043,5.4501,1,5.4501,6.0,inf
352,1,0.2679970131678741,0.6552708333464373,0.5997889068153043,5.4501,1,5.4501,6.0,inf
352,2,0.2679970131678741,0.6552708333464373,0.5997889068153043,5.4501,1,5.4501,6.0,inf
352,3,0.2679970131678741,0.6552708333464373,0.5997889068153043,5.4501,1,5.4501,6.0,inf
352,4,0.2679970131678741,0.6552708333464373,0.5997889068153043,5.4501,1,5.4501,6.0,inf
352,5,0.2679970131678741,0.6552708333464373,0.5997889068153043,5.4501,1,5.4501,6.0,inf
353,0,0.6688757819092583,0.11366175669421155,0.9974714399605874,2.0145,1,2.0145,6.0,inf
353,1,0.6688757819092583,0.11366175669421155,0.9974714399605874,2.0145,1,2.0145,6.0,inf
353,2,0.6688757819092583,0.11366175669421155,0.9974714399605874,2.0145,1,2.0145,6.0,inf
353,3,0.6688757819092583,0.11366175669421155,0.9974714399605874,2.0145,1,2.0145,6.0,inf
353,4,0.6688757819092583,0.11366175669421155,0.9974714399605874,2.0145,1,2.0145,6.0,inf
353,5,0.6688757819092583,0.11366175669421155,0.9974714399605874,2.0145,1,2.0145,6.0,inf
354,0,0.43029945958100657,0.11534211249061285,0.7891657063427143,1.7192999999999998,1,1.7192999999999998,6.0,inf
354,1,0.43029945958100657,0.11534211249061285,0.7891657063427143,1.7192999999999998,1,1.7192999999999998,6.0,inf
354,2,0.43029945958100657,0.11534211249061285,0.7891657063427143,1.7192999999999998,1,1.7192999999999998,6.0,inf
354,3,0.43029945958100657,0.11534211249061285,0.7891657063427143,1.7192999999999998,1,1.7192999999999998,6.0,inf
354,4,0.43029945958100657,0.11534211249061285,0.7891657063427143,1.7192999999999998,1,1.7192999999999998,6.0,inf
354,5,0.43029945958100657,0.11534211249061285,0.7891657063427143,1.7192999999999998,1,1.7192999999999998,6.0,inf
355,0,1.414319568791287,-1.9692075936147284,1.3444148492588957,1.0509,1,1.0509,6.0,inf
355,1,1.414319568791287,-1.9692075936147284,1.3444148492588957,1.0509,1,1.0509,6.0,inf
355,2,1.414319568791287,-1.9692075936147284,1.3444148492588957,1.0509,1,1.0509,6.0,inf
355,3,1.414319568791287,-1.9692075936147284,1.3444148492588957,1.0509,1,1.0509,6.0,inf
355,4,1.414319568791287,-1.9692075936147284,1.3444148492588957,1.0509,1,1.0509,6.0,inf
355,5,1.414319568791287,-1.9692075936147284,1.3444148492588957,1.0509,1,1.0509,6.0,inf
356,0,0.38021160795901376,-1.024105672849595,0.6857297587432836,4.1502,1,4.1502,6.0,inf
356,1,0.38021160795901376,-1.024105672849595,0.6857297587432836,4.1502,1,4.1502,6.0,inf
356,2,0.38021160795901376,-1.024105672849595,0.6857297587432836,4.1502,1,4.1502,6.0,inf
356,3,0.38021160795901376,-1.024105672849595,0.6857297587432836,4.1502,1,4.1502,6.0,inf
356,4,0.38021160795901376,-1.024105672849595,0.6857297587432836,4.1502,1,4.1502,6.0,inf
356,5,0.38021160795901376,-1.024105672849595,0.6857297587432836,4.1502,1,4.1502,6.0,inf
357,0,-1.6833544121541786,0.43385187666689917,0.8957391600229592,1.6301999999999999,1,1.6301999999999999,6.0,inf
357,1,-1.6833544121541786,0.43385187666689917,0.8957391600229592,1.6301999999999999,1,1.6301999999999999,6.0,inf
357,2,-1.6833544121541786,0.43385187666689917,0.8957391600229592,1.6301999999999999,1,1.6301999999999999,6.0,inf
357,3,-1.6833544121541786,0.43385187666689917,0.8957391600229592,1.6301999999999999,1,1.6301999999999999,6.0,inf
357,4,-1.6833544121541786,0.43385187666689917,0.8957391600229592,1.6301999999999999,1,1.6301999999999999,6.0,inf
357,5,-1.6833544121541786,0.43385187666689917,0.8957391600229592,1.6301999999999999,1,1.6301999999999999,6.0,inf
358,0,-1.3832756172879213,-0.20742198815325075,-1.5453096455772775,3.3164999999999996,1,3.3164999999999996,6.0,inf
358,1,-1.3832756172879213,-0.20742198815325075,-1.5453096455772775,3.3164999999999996,1,3.3164999999999996,6.0,inf
358,2,-1.3832756172879213,-0.20742198815325075,-1.5453096455772775,3.3164999999999996,1,3.3164999999999996,6.0,inf
358,3,-1.3832756172879213,-0.20742198815325075,-1.5453096455772775,3.3164999999999996,1,3.3164999999999996,6.0,inf
358,4,-1.3832756172879213,-0.20742198815325075,-1.5453096455772775,3.3164999999999996,1,3.3164999999999996,6.0,inf
358,5,-1.3832756172879213,-0.20742198815325075,-1.5453096455772775,3.3164999999999996,1,3.3164999999999996,6.0,inf
359,0,-0.10850350076761676,-0.29410307730787727,-1.3991563045467563,2.3162999999999996,1,2.3162999999999996,6.0,inf
359,1,-0.10850350076761676,-0.29410307730787727,-1.3991563045467563,2.3162999999999996,1,2.3162999999999996,6.0,inf
359,2,-0.10850350076761676,-0.29410307730787727,-1.3991563045467563,2.3162999999999996,1,2.3162999999999996,6.0,inf
359,3,-0.10850350076761676,-0.29410307730787727,-1.3991563045467563,2.3162999999999996,1,2.3162999999999996,6.0,inf
359,4,-0.10850350076761676,-0.29410307730787727,-1.3991563045467563,2.3162999999999996,1,2.3162999999999996,6.0,inf
359,5,-0.10850350076761676,-0.29410307730787727,-1.3991563045467563,2.3162999999999996,1,2.3162999999999996,6.0,inf
360,0,0.18692347214850805,1.4511785564278972,-0.8186300622545603,3.4256999999999995,1,3.4256999999999995,6.0,inf
360,1,0.18692347214850805,1.4511785564278972,-0.8186300622545603,3.4256999999999995,1,3.4256999999999995,6.0,inf
360,2,0.18692347214850805,1.4511785564278972,-0.8186300622545603,3.4256999999999995,1,3.4256999999999995,6.0,inf
360,3,0.18692347214850805,1.4511785564278972,-0.8186300622545603,3.4256999999999995,1,3.4256999999999995,6.0,inf
360,4,0.18692347214850805,1.4511785564278972,-0.8186300622545603,3.4256999999999995,1,3.4256999999999995,6.0,inf
360,5,0.18692347214850805,1.4511785564278972,-0.8186300622545603,3.4256999999999995,1,3.4256999999999995,6.0,inf
361,0,1.2047457915904516,-0.8566700754526493,0.34115811534286605,0.38909999999999995,1,0.38909999999999995,6.0,inf
361,1,1.2047457915904516,-0.8566700754526493,0.34115811534286605,0.38909999999999995,1,0.38909999999999995,6.0,inf
361,2,1.2047457915904516,-0.8566700754526493,0.34115811534286605,0.38909999999999995,1,0.38909999999999995,6.0,inf
361,3,1.2047457915904516,-0.8566700754526493,0.34115811534286605,0.38909999999999995,1,0.38909999999999995,6.0,inf
361,4,1.2047457915904516,-0.8566700754526493,0.34115811534286605,0.38909999999999995,1,0.38909999999999995,6.0,inf
361,5,1.2047457915904516,-0.8566700754526493,0.34115811534286605,0.38909999999999995,1,0.38909999999999995,6.0,inf
362,0,0.07827777576022582,0.2389246909259007,-0.7597162977509063,0.9011999999999999,1,0.9011999999999999,6.0,inf
362,1,0.07827777576022582,0.2389246909259007,-0.7597162977509063,0.9011999999999999,1,0.9011999999999999,6.0,inf
362,2,0.07827777576022582,0.2389246909259007,-0.7597162977509063,0.9011999999999999,1,0.9011999999999999,6.0,inf
362,3,0.07827777576022582,0.2389246909259007,-0.7597162977509063,0.9011999999999999,1,0.9011999999999999,6.0,inf
362,4,0.07827777576022582,0.2389246909259007,-0.7597162977509063,0.9011999999999999,1,0.9011999999999999,6.0,inf
362,5,0.07827777576022582,0.2389246909259007,-0.7597162977509063,0.9011999999999999,1,0.9011999999999999,6.0,inf
363,0,-1.0953638943274717,-0.3365667699648827,1.0081094342059231,1.2261,1,1.2261,6.0,inf
363,1,-1.0953638943274717,-0.3365667699648827,1.0081094342059231,1.2261,1,1.2261,6.0,inf
363,2,-1.0953638943274717,-0.3365667699648827,1.0081094342059231,1.2261,1,1.2261,6.0,inf
363,3,-1.0953638943274717,-0.3365667699648827,1.0081094342059231,1.2261,1,1.2261,6.0,inf
363,4,-1.0953638943274717,-0.3365667699648827,1.0081094342059231,1.2261,1,1.2261,6.0,inf
363,5,-1.0953638943274717,-0.3365667699648827,1.0081094342059231,1.2261,1,1.2261,6.0,inf
364,0,-0.42044280628239566,1.4870992415768152,-1.4278659843483892,5.6709,1,5.6709,6.0,inf
364,1,-0.42044280628239566,1.4870992415768152,-1.4278659843483892,5.6709,1,5.6709,6.0,inf
364,2,-0.42044280628239566,1.4870992415768152,-1.4278659843483892,5.6709,1,5.6709,6.0,inf
364,3,-0.42044280628239566,1.4870992415768152,-1.4278659843483892,5.6709,1,5.6709,6.0,inf
364,4,-0.42044280628239566,1.4870992415768152,-1.4278659843483892,5.6709,1,5.6709,6.0,inf
364,5,-0.42044280628239566,1.4870992415768152,-1.4278659843483892,5.6709,1,5.6709,6.0,inf
365,0,-0.12107073435302879,1.200241920406321,-0.3067180295007911,6.0,0,6.526199999999999,6.0,inf
365,1,-0.12107073435302879,1.200241920406321,-0.3067180295007911,6.0,0,6.526199999999999,6.0,inf
365,2,-0.12107073435302879,1.200241920406321,-0.3067180295007911,6.0,0,6.526199999999999,6.0,inf
365,3,-0.12107073435302879,1.200241920406321,-0.3067180295007911,6.0,0,6.526199999999999,6.0,inf
365,4,-0.12107073435302879,1.200241920406321,-0.3067180295007911,6.0,0,6.526199999999999,6.0,inf
365,5,-0.12107073435302879,1.200241920406321,-0.3067180295007911,6.0,0,6.526199999999999,6.0,inf
366,0,-0.771354122846497,-0.3779731292007768,-0.7111170752986234,1.5317999999999998,1,1.5317999999999998,6.0,inf
366,1,-0.771354122846497,-0.3779731292007768,-0.7111170752986234,1.5317999999999998,1,1.5317999999999998,6.0,inf
366,2,-0.771354122846497,-0.3779731292007768,-0.7111170752986234,1.5317999999999998,1,1.5317999999999998,6.0,inf
366,3,-0.771354122846497,-0.3779731292007768,-0.7111170752986234,1.5317999999999998,1,1.5317999999999998,6.0,inf
366,4,-0.771354122846497,-0.3779731292007768,-0.7111170752986234,1.5317999999999998,1,1.5317999999999998,6.0,inf
366,5,-0.771354122846497,-0.3779731292007768,-0.7111170752986234,1.5317999999999998,1,1.5317999999999998,6.0,inf
367,0,-0.16931449362731926,-0.23980708404626333,-1.337664043052052,2.5494,1,2.5494,6.0,inf
367,1,-0.16931449362731926,-0.23980708404626333,-1.337664043052052,2.5494,1,2.5494,6.0,inf
367,2,-0.16931449362731926,-0.23980708404626333,-1.337664043052052,2.5494,1,2.5494,6.0,inf
367,3,-0.16931449362731926,-0.23980708404626333,-1.337664043052052,2.5494,1,2.5494,6.0,inf
367,4,-0.16931449362731926,-0.23980708404626333,-1.337664043052052,2.5494,1,2.5494,6.0,inf
367,5,-0.16931449362731926,-0.23980708404626333,-1.337664043052052,2.5494,1,2.5494,6.0,inf
368,0,-0.5495816806551265,0.11594067981805514,-1.3692240550729315,2.8070999999999997,1,2.8070999999999997,6.0,inf
368,1,-0.5495816806551265,0.11594067981805514,-1.3692240550729315,2.8070999999999997,1,2.8070999999999997,6.0,inf
368,2,-0.5495816806551265,0.11594067981805514,-1.3692240550729315,2.8070999999999997,1,2.8070999999999997,6.0,inf
368,3,-0.5495816806551265,0.11594067981805514,-1.3692240550729315,2.8070999999999997,1,2.8070999999999997,6.0,inf
368,4,-0.5495816806551265,0.11594067981805514,-1.3692240550729315,2.8070999999999997,1,2.8070999999999997,6.0,inf
368,5,-0.5495816806551265,0.11594067981805514,-1.3692240550729315,2.8070999999999997,1,2.8070999999999997,6.0,inf
369,0,0.1577672537912246,0.6526628700338118,0.4033051788737559,2.01,1,2.01,6.0,inf
369,1,0.1577672537912246,0.6526628700338118,0.4033051788737559,2.01,1,2.01,6.0,inf
369,2,0.1577672537912246,0.6526628700338118,0.4033051788737559,2.01,1,2.01,6.0,inf
369,3,0.1577672537912246,0.6526628700338118,0.4033051788737559,2.01,1,2.01,6.0,inf
369,4,0.1577672537912246,0.6526628700338118,0.4033051788737559,2.01,1,2.01,6.0,inf
369,5,0.1577672537912246,0.6526628700338118,0.4033051788737559,2.01,1,2.01,6.0,inf
370,0,0.5133041639673447,-1.6502259134859412,0.14458594925700896,1.7234999999999998,1,1.7234999999999998,6.0,inf
370,1,0.5133041639673447,-1.6502259134859412,0.14458594925700896,1.7234999999999998,1,1.7234999999999998,6.0,inf
370,2,0.5133041639673447,-1.6502259134859412,0.14458594925700896,1.7234999999999998,1,1.7234999999999998,6.0,inf
370,3,0.5133041639673447,-1.6502259134859412,0.14458594925700896,1.7234999999999998,1,1.7234999999999998,6.0,inf
370,4,0.5133041639673447,-1.6502259134859412,0.14458594925700896,1.7234999999999998,1,1.7234999999999998,6.0,inf
370,5,0.5133041639673447,-1.6502259134859412,0.14458594925700896,1.7234999999999998,1,1.7234999999999998,6.0,inf
371,0,1.291429538098513,1.8933535992840846,-1.9208717189004183,4.0241999999999996,1,4.0241999999999996,6.0,inf
371,1,1.291429538098513,1.8933535992840846,-1.9208717189004183,4.0241999999999996,1,4.0241999999999996,6.0,inf
371,2,1.291429538098513,1.8933535992840846,-1.9208717189004183,4.0241999999999996,1,4.0241999999999996,6.0,inf
371,3,1.291429538098513,1.8933535992840846,-1.9208717189004183,4.0241999999999996,1,4.0241999999999996,6.0,inf
371,4,1.291429538098513,1.8933535992840846,-1.9208717189004183,4.0241999999999996,1,4.0241999999999996,6.0,inf
371,5,1.291429538098513,1.8933535992840846,-1.9208717189004183,4.0241999999999996,1,4.0241999999999996,6.0,inf
372,0,0.12492672416506184,0.731766614059183,0.3233014431024121,4.7424,1,4.7424,6.0,inf
372,1,0.12492672416506184,0.731766614059183,0.3233014431024121,4.7424,1,4.7424,6.0,inf
372,2,0.12492672416506184,0.731766614059183,0.3233014431024121,4.7424,1,4.7424,6.0,inf
372,3,0.12492672416506184,0.731766614059183,0.3233014431024121,4.7424,1,4.7424,6.0,inf
372,4,0.12492672416506184,0.731766614059183,0.3233014431024121,4.7424,1,4.7424,6.0,inf
372,5,0.12492672416506184,0.731766614059183,0.3233014431024121,4.7424,1,4.7424,6.0,inf
373,0,0.7921124602274235,0.723491165582951,-0.24856609849415467,4.59,1,4.59,6.0,inf
373,1,0.7921124602274235,0.723491165582951,-0.24856609849415467,4.59,1,4.59,6.0,inf
373,2,0.7921124602274235,0.723491165582951,-0.24856609849415467,4.59,1,4.59,6.0,inf
373,3,0.7921124602274235,0.723491165582951,-0.24856609849415467,4.59,1,4.59,6.0,inf
373,4,0.7921124602274235,0.723491165582951,-0.24856609849415467,4.59,1,4.59,6.0,inf
373,5,0.7921124602274235,0.723491165582951,-0.24856609849415467,4.59,1,4.59,6.0,inf
374,0,0.8123092659755402,0.22595398240454265,-0.08391207280886485,2.3813999999999997,1,2.3813999999999997,6.0,inf
374,1,0.8123092659755402,0.22595398240454265,-0.08391207280886485,2.3813999999999997,1,2.3813999999999997,6.0,inf
374,2,0.8123092659755402,0.22595398240454265,-0.08391207280886485,2.3813999999999997,1,2.3813999999999997,6.0,inf
374,3,0.8123092659755402,0.22595398240454265,-0.08391207280886485,2.3813999999999997,1,2.3813999999999997,6.0,inf
374,4,0.8123092659755402,0.22595398240454265,-0.08391207280886485,2.3813999999999997,1,2.3813999999999997,6.0,inf
374,5,0.8123092659755402,0.22595398240454265,-0.08391207280886485,2.3813999999999997,1,2.3813999999999997,6.0,inf
375,0,-0.05591285528367029,0.6824949045233613,-1.1507651795177394,0.8456999999999999,1,0.8456999999999999,6.0,inf
375,1,-0.05591285528367029,0.6824949045233613,-1.1507651795177394,0.8456999999999999,1,0.8456999999999999,6.0,inf
375,2,-0.05591285528367029,0.6824949045233613,-1.1507651795177394,0.8456999999999999,1,0.8456999999999999,6.0,inf
375,3,-0.05591285528367029,0.6824949045233613,-1.1507651795177394,0.8456999999999999,1,0.8456999999999999,6.0,inf
375,4,-0.05591285528367029,0.6824949045233613,-1.1507651795177394,0.8456999999999999,1,0.8456999999999999,6.0,inf
375,5,-0.05591285528367029,0.6824949045233613,-1.1507651795177394,0.8456999999999999,1,0.8456999999999999,6.0,inf
376,0,-0.17741322988611175,-0.7872582447600027,-0.5818401219302316,1.5800999999999998,1,1.5800999999999998,6.0,inf
376,1,-0.17741322988611175,-0.7872582447600027,-0.5818401219302316,1.5800999999999998,1,1.5800999999999998,6.0,inf
376,2,-0.17741322988611175,-0.7872582447600027,-0.5818401219302316,1.5800999999999998,1,1.5800999999999998,6.0,inf
376,3,-0.17741322988611175,-0.7872582447600027,-0.5818401219302316,1.5800999999999998,1,1.5800999999999998,6.0,inf
376,4,-0.17741322988611175,-0.7872582447600027,-0.5818401219302316,1.5800999999999998,1,1.5800999999999998,6.0,inf
376,5,-0.17741322988611175,-0.7872582447600027,-0.5818401219302316,1.5800999999999998,1,1.5800999999999998,6.0,inf
377,0,-1.912701662471417,-0.9581859825349301,-0.7314302491720154,1.23,1,1.23,6.0,inf
377,1,-1.912701662471417,-0.9581859825349301,-0.7314302491720154,1.23,1,1.23,6.0,inf
377,2,-1.912701662471417,-0.9581859825349301,-0.7314302491720154,1.23,1,1.23,6.0,inf
377,3,-1.912701662471417,-0.9581859825349301,-0.7314302491720154,1.23,1,1.23,6.0,inf
377,4,-1.912701662471417,-0.9581859825349301,-0.7314302491720154,1.23,1,1.23,6.0,inf
377,5,-1.912701662471417,-0.9581859825349301,-0.7314302491720154,1.23,1,1.23,6.0,inf
378,0,2.262050166614649,0.24790424080415494,0.21134277819734346,2.0694,1,2.0694,6.0,inf
378,1,2.262050166614649,0.24790424080415494,0.21134277819734346,2.0694,1,2.0694,6.0,inf
378,2,2.262050166614649,0.24790424080415494,0.21134277819734346,2.0694,1,2.0694,6.0,inf
378,3,2.262050166614649,0.24790424080415494,0.21134277819734346,2.0694,1,2.0694,6.0,inf
378,4,2.262050166614649,0.24790424080415494,0.21134277819734346,2.0694,1,2.0694,6.0,inf
378,5,2.262050166614649,0.24790424080415494,0.21134277819734346,2.0694,1,2.0694,6.0,inf
379,0,-1.432293373094778,-0.10163338642443519,0.8184105669758412,1.1624999999999999,1,1.1624999999999999,6.0,inf
379,1,-1.432293373094778,-0.10163338642443519,0.8184105669758412,1.1624999999999999,1,1.1624999999999999,6.0,inf
379,2,-1.432293373094778,-0.10163338642443519,0.8184105669758412,1.1624999999999999,1,1.1624999999999999,6.0,inf
379,3,-1.432293373094778,-0.10163338642443519,0.8184105669758412,1.1624999999999999,1,1.1624999999999999,6.0,inf
379,4,-1.432293373094778,-0.10163338642443519,0.8184105669758412,1.1624999999999999,1,1.1624999999999999,6.0,inf
379,5,-1.432293373094778,-0.10163338642443519,0.8184105669758412,1.1624999999999999,1,1.1624999999999999,6.0,inf
380,0,-0.5070472772521697,2.2963059895353335,-0.3921002821964197,0.2385,1,0.2385,6.0,inf
380,1,-0.5070472772521697,2.2963059895353335,-0.3921002821964197,0.2385,1,0.2385,6.0,inf
380,2,-0.5070472772521697,2.2963059895353335,-0.3921002821964197,0.2385,1,0.2385,6.0,inf
380,3,-0.5070472772521697,2.2963059895353335,-0.3921002821964197,0.2385,1,0.2385,6.0,inf
380,4,-0.5070472772521697,2.2963059895353335,-0.3921002821964197,0.2385,1,0.2385,6.0,inf
380,5,-0.5070472772521697,2.2963059895353335,-0.3921002821964197,0.2385,1,0.2385,6.0,inf
381,0,-0.7632193607355383,-1.0970830373072384,1.56691274856698,1.3329,1,1.3329,6.0,inf
381,1,-0.7632193607355383,-1.0970830373072384,1.56691274856698,1.3329,1,1.3329,6.0,inf
381,2,-0.7632193607355383,-1.0970830373072384,1.56691274856698,1.3329,1,1.3329,6.0,inf
381,3,-0.7632193607355383,-1.0970830373072384,1.56691274856698,1.3329,1,1.3329,6.0,inf
381,4,-0.7632193607355383,-1.0970830373072384,1.56691274856698,1.3329,1,1.3329,6.0,inf
381,5,-0.7632193607355383,-1.0970830373072384,1.56691274856698,1.3329,1,1.3329,6.0,inf
382,0,-0.2756378128150635,0.1408650232201032,0.23296386840263494,0.5565,1,0.5565,6.0,inf
382,1,-0.2756378128150635,0.1408650232201032,0.23296386840263494,0.5565,1,0.5565,6.0,inf
382,2,-0.2756378128150635,0.1408650232201032,0.23296386840263494,0.5565,1,0.5565,6.0,inf
382,3,-0.2756378128150635,0.1408650232201032,0.23296386840263494,0.5565,1,0.5565,6.0,inf
382,4,-0.2756378128150635,0.1408650232201032,0.23296386840263494,0.5565,1,0.5565,6.0,inf
382,5,-0.2756378128150635,0.1408650232201032,0.23296386840263494,0.5565,1,0.5565,6.0,inf
383,0,0.844226345270266,1.021984495517694,-0.5065225921340075,5.866199999999999,1,5.866199999999999,6.0,inf
383,1,0.844226345270266,1.021984495517694,-0.5065225921340075,5.866199999999999,1,5.866199999999999,6.0,inf
383,2,0.844226345270266,1.021984495517694,-0.5065225921340075,5.866199999999999,1,5.866199999999999,6.0,inf
383,3,0.844226345270266,1.021984495517694,-0.5065225921340075,5.866199999999999,1,5.866199999999999,6.0,inf
383,4,0.844226345270266,1.021984495517694,-0.5065225921340075,5.866199999999999,1,5.866199999999999,6.0,inf
383,5,0.844226345270266,1.021984495517694,-0.5065225921340075,5.866199999999999,1,5.866199999999999,6.0,inf
384,0,-0.47464480074833787,1.2645601964734479,1.217115294060262,6.0,0,6.985199999999999,6.0,inf
384,1,-0.47464480074833787,1.2645601964734479,1.217115294060262,6.0,0,6.985199999999999,6.0,inf
384,2,-0.47464480074833787,1.2645601964734479,1.217115294060262,6.0,0,6.985199999999999,6.0,inf
384,3,-0.47464480074833787,1.2645601964734479,1.217115294060262,6.0,0,6.985199999999999,6.0,inf
384,4,-0.47464480074833787,1.2645601964734479,1.217115294060262,6.0,0,6.985199999999999,6.0,inf
384,5,-0.47464480074833787,1.2645601964734479,1.217115294060262,6.0,0,6.985199999999999,6.0,inf
385,0,-1.2763558611949621,1.1480120731526269,0.9453398504146573,6.0,0,8.0001,6.0,inf
385,1,-1.2763558611949621,1.1480120731526269,0.9453398504146573,6.0,0,8.0001,6.0,inf
385,2,-1.2763558611949621,1.1480120731526269,0.9453398504146573,6.0,0,8.0001,6.0,inf
385,3,-1.2763558611949621,1.1480120731526269,0.9453398504146573,6.0,0,8.0001,6.0,inf
385,4,-1.2763558611949621,1.1480120731526269,0.9453398504146573,6.0,0,8.0001,6.0,inf
385,5,-1.2763558611949621,1.1480120731526269,0.9453398504146573,6.0,0,8.0001,6.0,inf
386,0,0.4901164165607176,1.0892898633734618,1.1684210093155691,5.2764,1,5.2764,6.0,inf
386,1,0.4901164165607176,1.0892898633734618,1.1684210093155691,5.2764,1,5.2764,6.0,inf
386,2,0.4901164165607176,1.0892898633734618,1.1684210093155691,5.2764,1,5.2764,6.0,inf
386,3,0.4901164165607176,1.0892898633734618,1.1684210093155691,5.2764,1,5.2764,6.0,inf
386,4,0.4901164165607176,1.0892898633734618,1.1684210093155691,5.2764,1,5.2764,6.0,inf
386,5,0.4901164165607176,1.0892898633734618,1.1684210093155691,5.2764,1,5.2764,6.0,inf
387,0,0.8996814169447543,-0.707083295178397,-0.23858616426543092,1.7607,1,1.7607,6.0,inf
387,1,0.8996814169447543,-0.707083295178397,-0.23858616426543092,1.7607,1,1.7607,6.0,inf
387,2,0.8996814169447543,-0.707083295178397,-0.23858616426543092,1.7607,1,1.7607,6.0,inf
387,3,0.8996814169447543,-0.707083295178397,-0.23858616426543092,1.7607,1,1.7607,6.0,inf
387,4,0.8996814169447543,-0.707083295178397,-0.23858616426543092,1.7607,1,1.7607,6.0,inf
387,5,0.8996814169447543,-0.707083295178397,-0.23858616426543092,1.7607,1,1.7607,6.0,inf
388,0,1.016716979177835,-1.3004044965545127,1.11459969820967,2.6717999999999997,1,2.6717999999999997,6.0,inf
388,1,1.016716979177835,-1.3004044965545127,1.11459969820967,2.6717999999999997,1,2.6717999999999997,6.0,inf
388,2,1.016716979177835,-1.3004044965545127,1.11459969820967,2.6717999999999997,1,2.6717999999999997,6.0,inf
388,3,1.016716979177835,-1.3004044965545127,1.11459969820967,2.6717999999999997,1,2.6717999999999997,6.0,inf
388,4,1.016716979177835,-1.3004044965545127,1.11459969820967,2.6717999999999997,1,2.6717999999999997,6.0,inf
388,5,1.016716979177835,-1.3004044965545127,1.11459969820967,2.6717999999999997,1,2.6717999999999997,6.0,inf
389,0,-0.5109129645531476,-0.3811035086222752,-0.23566787312785406,3.6908999999999996,1,3.6908999999999996,6.0,inf
389,1,-0.5109129645531476,-0.3811035086222752,-0.23566787312785406,3.6908999999999996,1,3.6908999999999996,6.0,inf
389,2,-0.5109129645531476,-0.3811035086222752,-0.23566787312785406,3.6908999999999996,1,3.6908999999999996,6.0,inf
389,3,-0.5109129645531476,-0.3811035086222752,-0.23566787312785406,3.6908999999999996,1,3.6908999999999996,6.0,inf
389,4,-0.5109129645531476,-0.3811035086222752,-0.23566787312785406,3.6908999999999996,1,3.6908999999999996,6.0,inf
389,5,-0.5109129645531476,-0.3811035086222752,-0.23566787312785406,3.6908999999999996,1,3.6908999999999996,6.0,inf
390,0,1.1663581585548062,0.45978526447893203,-2.54081223151277,3.0233999999999996,1,3.0233999999999996,6.0,inf
390,1,1.1663581585548062,0.45978526447893203,-2.54081223151277,3.0233999999999996,1,3.0233999999999996,6.0,inf
390,2,1.1663581585548062,0.45978526447893203,-2.54081223151277,3.0233999999999996,1,3.0233999999999996,6.0,inf
390,3,1.1663581585548062,0.45978526447893203,-2.54081223151277,3.0233999999999996,1,3.0233999999999996,6.0,inf
390,4,1.1663581585548062,0.45978526447893203,-2.54081223151277,3.0233999999999996,1,3.0233999999999996,6.0,inf
390,5,1.1663581585548062,0.45978526447893203,-2.54081223151277,3.0233999999999996,1,3.0233999999999996,6.0,inf
391,0,-0.5903369987096373,-0.6585033702049684,0.3430542255454652,1.0449,1,1.0449,6.0,inf
391,1,-0.5903369987096373,-0.6585033702049684,0.3430542255454652,1.0449,1,1.0449,6.0,inf
391,2,-0.5903369987096373,-0.6585033702049684,0.3430542255454652,1.0449,1,1.0449,6.0,inf
391,3,-0.5903369987096373,-0.6585033702049684,0.3430542255454652,1.0449,1,1.0449,6.0,inf
391,4,-0.5903369987096373,-0.6585033702049684,0.3430542255454652,1.0449,1,1.0449,6.0,inf
391,5,-0.5903369987096373,-0.6585033702049684,0.3430542255454652,1.0449,1,1.0449,6.0,inf
392,0,-1.344996673999932,-0.24698691787410992,-0.5328109859092749,6.0,0,6.108,6.0,inf
392,1,-1.344996673999932,-0.24698691787410992,-0.5328109859092749,6.0,0,6.108,6.0,inf
392,2,-1.344996673999932,-0.24698691787410992,-0.5328109859092749,6.0,0,6.108,6.0,inf
392,3,-1.344996673999932,-0.24698691787410992,-0.5328109859092749,6.0,0,6.108,6.0,inf
392,4,-1.344996673999932,-0.24698691787410992,-0.5328109859092749,6.0,0,6.108,6.0,inf
392,5,-1.344996673999932,-0.24698691787410992,-0.5328109859092749,6.0,0,6.108,6.0,inf
393,0,0.43339320306701795,-1.64934703740943,-0.8768041148443535,3.3491999999999997,1,3.3491999999999997,6.0,inf
393,1,0.43339320306701795,-1.64934703740943,-0.8768041148443535,3.3491999999999997,1,3.3491999999999997,6.0,inf
393,2,0.43339320306701795,-1.64934703740943,-0.8768041148443535,3.3491999999999997,1,3.3491999999999997,6.0,inf
393,3,0.43339320306701795,-1.64934703740943,-0.8768041148443535,3.3491999999999997,1,3.3491999999999997,6.0,inf
393,4,0.43339320306701795,-1.64934703740943,-0.8768041148443535,3.3491999999999997,1,3.3491999999999997,6.0,inf
393,5,0.43339320306701795,-1.64934703740943,-0.8768041148443535,3.3491999999999997,1,3.3491999999999997,6.0,inf
394,0,1.2039020309473414,0.7283723240138367,-0.4674392369959942,3.9137999999999997,1,3.9137999999999997,6.0,inf
394,1,1.2039020309473414,0.7283723240138367,-0.4674392369959942,3.9137999999999997,1,3.9137999999999997,6.0,inf
394,2,1.2039020309473414,0.7283723240138367,-0.4674392369959942,3.9137999999999997,1,3.9137999999999997,6.0,inf
394,3,1.2039020309473414,0.7283723240138367,-0.4674392369959942,3.9137999999999997,1,3.9137999999999997,6.0,inf
394,4,1.2039020309473414,0.7283723240138367,-0.4674392369959942,3.9137999999999997,1,3.9137999999999997,6.0,inf
394,5,1.2039020309473414,0.7283723240138367,-0.4674392369959942,3.9137999999999997,1,3.9137999999999997,6.0,inf
395,0,0.0831434028729186,-1.955362232842836,-1.6481661115434698,2.9501999999999997,1,2.9501999999999997,6.0,inf
395,1,0.0831434028729186,-1.955362232842836,-1.6481661115434698,2.9501999999999997,1,2.9501999999999997,6.0,inf
395,2,0.0831434028729186,-1.955362232842836,-1.6481661115434698,2.9501999999999997,1,2.9501999999999997,6.0,inf
395,3,0.0831434028729186,-1.955362232842836,-1.6481661115434698,2.9501999999999997,1,2.9501999999999997,6.0,inf
395,4,0.0831434028729186,-1.955362232842836,-1.6481661115434698,2.9501999999999997,1,2.9501999999999997,6.0,inf
395,5,0.0831434028729186,-1.955362232842836,-1.6481661115434698,2.9501999999999997,1,2.9501999999999997,6.0,inf
396,0,-0.6957683698792001,-0.6275736056350686,0.5551516588345827,1.9808999999999999,1,1.9808999999999999,6.0,inf
396,1,-0.6957683698792001,-0.6275736056350686,0.5551516588345827,1.9808999999999999,1,1.9808999999999999,6.0,inf
396,2,-0.6957683698792001,-0.6275736056350686,0.5551516588345827,1.9808999999999999,1,1.9808999999999999,6.0,inf
396,3,-0.6957683698792001,-0.6275736056350686,0.5551516588345827,1.9808999999999999,1,1.9808999999999999,6.0,inf
396,4,-0.6957683698792001,-0.6275736056350686,0.5551516588345827,1.9808999999999999,1,1.9808999999999999,6.0,inf
396,5,-0.6957683698792001,-0.6275736056350686,0.5551516588345827,1.9808999999999999,1,1.9808999999999999,6.0,inf
397,0,0.057832021110178204,0.08214612225905106,0.47961811823975037,1.8890999999999998,1,1.8890999999999998,6.0,inf
397,1,0.057832021110178204,0.08214612225905106,0.47961811823975037,1.8890999999999998,1,1.8890999999999998,6.0,inf
397,2,0.057832021110178204,0.08214612225905106,0.47961811823975037,1.8890999999999998,1,1.8890999999999998,6.0,inf
397,3,0.057832021110178204,0.08214612225905106,0.47961811823975037,1.8890999999999998,1,1.8890999999999998,6.0,inf
397,4,0.057832021110178204,0.08214612225905106,0.47961811823975037,1.8890999999999998,1,1.8890999999999998,6.0,inf
397,5,0.057832021110178204,0.08214612225905106,0.47961811823975037,1.8890999999999998,1,1.8890999999999998,6.0,inf
398,0,-0.07309887708450948,-0.19775128041937493,-0.49675650774722335,1.4985,1,1.4985,6.0,inf
398,1,-0.07309887708450948,-0.19775128041937493,-0.49675650774722335,1.4985,1,1.4985,6.0,inf
398,2,-0.07309887708450948,-0.19775128041937493,-0.49675650774722335,1.4985,1,1.4985,6.0,inf
398,3,-0.07309887708450948,-0.19775128041937493,-0.49675650774722335,1.4985,1,1.4985,6.0,inf
398,4,-0.07309887708450948,-0.19775128041937493,-0.49675650774722335,1.4985,1,1.4985,6.0,inf
398,5,-0.07309887708450948,-0.19775128041937493,-0.49675650774722335,1.4985,1,1.4985,6.0,inf
399,0,0.7646869197616439,1.5013024255181877,0.1329992598611815,4.600499999999999,1,4.600499999999999,6.0,inf
399,1,0.7646869197616439,1.5013024255181877,0.1329992598611815,4.600499999999999,1,4.600499999999999,6.0,inf
399,2,0.7646869197616439,1.5013024255181877,0.1329992598611815,4.600499999999999,1,4.600499999999999,6.0,inf
399,3,0.7646869197616439,1.5013024255181877,0.1329992598611815,4.600499999999999,1,4.600499999999999,6.0,inf
399,4,0.7646869197616439,1.5013024255181877,0.1329992598611815,4.600499999999999,1,4.600499999999999,6.0,inf
399,5,0.7646869197616439,1.5013024255181877,0.1329992598611815,4.600499999999999,1,4.600499999999999,6.0,inf
400,0,-1.13704122868549,0.5202142380072017,-0.25883340368160224,4.9857,1,4.9857,6.0,inf
400,1,-1.13704122868549,0.5202142380072017,-0.25883340368160224,4.9857,1,4.9857,6.0,inf
400,2,-1.13704122868549,0.5202142380072017,-0.25883340368160224,4.9857,1,4.9857,6.0,inf
400,3,-1.13704122868549,0.5202142380072017,-0.25883340368160224,4.9857,1,4.9857,6.0,inf
400,4,-1.13704122868549,0.5202142380072017,-0.25883340368160224,4.9857,1,4.9857,6.0,inf
400,5,-1.13704122868549,0.5202142380072017,-0.25883340368160224,4.9857,1,4.9857,6.0,inf
401,0,0.5531893043889319,-0.90820515966049,-0.7102725752940189,3.3695999999999997,1,3.3695999999999997,6.0,inf
401,1,0.5531893043889319,-0.90820515966049,-0.7102725752940189,3.3695999999999997,1,3.3695999999999997,6.0,inf
401,2,0.5531893043889319,-0.90820515966049,-0.7102725752940189,3.3695999999999997,1,3.3695999999999997,6.0,inf
401,3,0.5531893043889319,-0.90820515966049,-0.7102725752940189,3.3695999999999997,1,3.3695999999999997,6.0,inf
401,4,0.5531893043889319,-0.90820515966049,-0.7102725752940189,3.3695999999999997,1,3.3695999999999997,6.0,inf
401,5,0.5531893043889319,-0.90820515966049,-0.7102725752940189,3.3695999999999997,1,3.3695999999999997,6.0,inf
402,0,0.07465719350088605,0.12710916396578179,1.130462942408475,4.8717,1,4.8717,6.0,inf
402,1,0.07465719350088605,0.12710916396578179,1.130462942408475,4.8717,1,4.8717,6.0,inf
402,2,0.07465719350088605,0.12710916396578179,1.130462942408475,4.8717,1,4.8717,6.0,inf
402,3,0.07465719350088605,0.12710916396578179,1.130462942408475,4.8717,1,4.8717,6.0,inf
402,4,0.07465719350088605,0.12710916396578179,1.130462942408475,4.8717,1,4.8717,6.0,inf
402,5,0.07465719350088605,0.12710916396578179,1.130462942408475,4.8717,1,4.8717,6.0,inf
403,0,0.8098638264885455,1.8933991802545196,0.6682116226933448,4.281599999999999,1,4.281599999999999,6.0,inf
403,1,0.8098638264885455,1.8933991802545196,0.6682116226933448,4.281599999999999,1,4.281599999999999,6.0,inf
403,2,0.8098638264885455,1.8933991802545196,0.6682116226933448,4.281599999999999,1,4.281599999999999,6.0,inf
403,3,0.8098638264885455,1.8933991802545196,0.6682116226933448,4.281599999999999,1,4.281599999999999,6.0,inf
403,4,0.8098638264885455,1.8933991802545196,0.6682116226933448,4.281599999999999,1,4.281599999999999,6.0,inf
403,5,0.8098638264885455,1.8933991802545196,0.6682116226933448,4.281599999999999,1,4.281599999999999,6.0,inf
404,0,0.050352704314659325,1.2616613722371064,0.25405591658219956,4.4525999999999994,1,4.4525999999999994,6.0,inf
404,1,0.050352704314659325,1.2616613722371064,0.25405591658219956,4.4525999999999994,1,4.4525999999999994,6.0,inf
404,2,0.050352704314659325,1.2616613722371064,0.25405591658219956,4.4525999999999994,1,4.4525999999999994,6.0,inf
404,3,0.050352704314659325,1.2616613722371064,0.25405591658219956,4.4525999999999994,1,4.4525999999999994,6.0,inf
404,4,0.050352704314659325,1.2616613722371064,0.25405591658219956,4.4525999999999994,1,4.4525999999999994,6.0,inf
404,5,0.050352704314659325,1.2616613722371064,0.25405591658219956,4.4525999999999994,1,4.4525999999999994,6.0,inf
405,0,-0.9909311168928565,-0.12296511923522013,-0.6080504290099582,1.1345999999999998,1,1.1345999999999998,6.0,inf
405,1,-0.9909311168928565,-0.12296511923522013,-0.6080504290099582,1.1345999999999998,1,1.1345999999999998,6.0,inf
405,2,-0.9909311168928565,-0.12296511923522013,-0.6080504290099582,1.1345999999999998,1,1.1345999999999998,6.0,inf
405,3,-0.9909311168928565,-0.12296511923522013,-0.6080504290099582,1.1345999999999998,1,1.1345999999999998,6.0,inf
405,4,-0.9909311168928565,-0.12296511923522013,-0.6080504290099582,1.1345999999999998,1,1.1345999999999998,6.0,inf
405,5,-0.9909311168928565,-0.12296511923522013,-0.6080504290099582,1.1345999999999998,1,1.1345999999999998,6.0,inf
406,0,0.24747479854736354,0.5953480986434491,0.2638284948148252,2.1342,1,2.1342,6.0,inf
406,1,0.24747479854736354,0.5953480986434491,0.2638284948148252,2.1342,1,2.1342,6.0,inf
406,2,0.24747479854736354,0.5953480986434491,0.2638284948148252,2.1342,1,2.1342,6.0,inf
406,3,0.24747479854736354,0.5953480986434491,0.2638284948148252,2.1342,1,2.1342,6.0,inf
406,4,0.24747479854736354,0.5953480986434491,0.2638284948148252,2.1342,1,2.1342,6.0,inf
406,5,0.24747479854736354,0.5953480986434491,0.2638284948148252,2.1342,1,2.1342,6.0,inf
407,0,0.241950162786336,0.48032037395488614,-0.2700418834197545,2.3541,1,2.3541,6.0,inf
407,1,0.241950162786336,0.48032037395488614,-0.2700418834197545,2.3541,1,2.3541,6.0,inf
407,2,0.241950162786336,0.48032037395488614,-0.2700418834197545,2.3541,1,2.3541,6.0,inf
407,3,0.241950162786336,0.48032037395488614,-0.2700418834197545,2.3541,1,2.3541,6.0,inf
407,4,0.241950162786336,0.48032037395488614,-0.2700418834197545,2.3541,1,2.3541,6.0,inf
407,5,0.241950162786336,0.48032037395488614,-0.2700418834197545,2.3541,1,2.3541,6.0,inf
408,0,0.524213593677556,1.1764148228477367,-0.08048474184727956,1.6466999999999998,1,1.6466999999999998,6.0,inf
408,1,0.524213593677556,1.1764148228477367,-0.08048474184727956,1.6466999999999998,1,1.6466999999999998,6.0,inf
408,2,0.524213593677556,1.1764148228477367,-0.08048474184727956,1.6466999999999998,1,1.6466999999999998,6.0,inf
408,3,0.524213593677556,1.1764148228477367,-0.08048474184727956,1.6466999999999998,1,1.6466999999999998,6.0,inf
408,4,0.524213593677556,1.1764148228477367,-0.08048474184727956,1.6466999999999998,1,1.6466999999999998,6.0,inf
408,5,0.524213593677556,1.1764148228477367,-0.08048474184727956,1.6466999999999998,1,1.6466999999999998,6.0,inf
409,0,-1.1067833401826304,0.9368293542906184,-0.043865566067605846,0.7101,1,0.7101,6.0,inf
409,1,-1.1067833401826304,0.9368293542906184,-0.043865566067605846,0.7101,1,0.7101,6.0,inf
409,2,-1.1067833401826304,0.9368293542906184,-0.043865566067605846,0.7101,1,0.7101,6.0,inf
409,3,-1.1067833401826304,0.9368293542906184,-0.043865566067605846,0.7101,1,0.7101,6.0,inf
409,4,-1.1067833401826304,0.9368293542906184,-0.043865566067605846,0.7101,1,0.7101,6.0,inf
409,5,-1.1067833401826304,0.9368293542906184,-0.043865566067605846,0.7101,1,0.7101,6.0,inf
410,0,3.2667838760241232,1.5540276309390886,-0.20042942917912468,2.5742999999999996,1,2.5742999999999996,6.0,inf
410,1,3.2667838760241232,1.5540276309390886,-0.20042942917912468,2.5742999999999996,1,2.5742999999999996,6.0,inf
410,2,3.2667838760241232,1.5540276309390886,-0.20042942917912468,2.5742999999999996,1,2.5742999999999996,6.0,inf
410,3,3.2667838760241232,1.5540276309390886,-0.20042942917912468,2.5742999999999996,1,2.5742999999999996,6.0,inf
410,4,3.2667838760241232,1.5540276309390886,-0.20042942917912468,2.5742999999999996,1,2.5742999999999996,6.0,inf
410,5,3.2667838760241232,1.5540276309390886,-0.20042942917912468,2.5742999999999996,1,2.5742999999999996,6.0,inf
411,0,0.08099879463124315,-0.6483160223820625,0.36260278823394404,0.47009999999999996,1,0.47009999999999996,6.0,inf
411,1,0.08099879463124315,-0.6483160223820625,0.36260278823394404,0.47009999999999996,1,0.47009999999999996,6.0,inf
411,2,0.08099879463124315,-0.6483160223820625,0.36260278823394404,0.47009999999999996,1,0.47009999999999996,6.0,inf
411,3,0.08099879463124315,-0.6483160223820625,0.36260278823394404,0.47009999999999996,1,0.47009999999999996,6.0,inf
411,4,0.08099879463124315,-0.6483160223820625,0.36260278823394404,0.47009999999999996,1,0.47009999999999996,6.0,inf
411,5,0.08099879463124315,-0.6483160223820625,0.36260278823394404,0.47009999999999996,1,0.47009999999999996,6.0,inf
412,0,-0.1486953881810822,-0.17028857757732496,0.47848081227128186,6.0,0,6.742799999999999,6.0,inf
412,1,-0.1486953881810822,-0.17028857757732496,0.47848081227128186,6.0,0,6.742799999999999,6.0,inf
412,2,-0.1486953881810822,-0.17028857757732496,0.47848081227128186,6.0,0,6.742799999999999,6.0,inf
412,3,-0.1486953881810822,-0.17028857757732496,0.47848081227128186,6.0,0,6.742799999999999,6.0,inf
412,4,-0.1486953881810822,-0.17028857757732496,0.47848081227128186,6.0,0,6.742799999999999,6.0,inf
412,5,-0.1486953881810822,-0.17028857757732496,0.47848081227128186,6.0,0,6.742799999999999,6.0,inf
413,0,1.0800337762372672,0.9316307543142881,0.013241644228175328,1.3953,1,1.3953,6.0,inf
413,1,1.0800337762372672,0.9316307543142881,0.013241644228175328,1.3953,1,1.3953,6.0,inf
413,2,1.0800337762372672,0.9316307543142881,0.013241644228175328,1.3953,1,1.3953,6.0,inf
413,3,1.0800337762372672,0.9316307543142881,0.013241644228175328,1.3953,1,1.3953,6.0,inf
413,4,1.0800337762372672,0.9316307543142881,0.013241644228175328,1.3953,1,1.3953,6.0,inf
413,5,1.0800337762372672,0.9316307543142881,0.013241644228175328,1.3953,1,1.3953,6.0,inf
414,0,-0.741891118988419,-0.13002571509957336,0.2531761554523844,1.5204,1,1.5204,6.0,inf
414,1,-0.741891118988419,-0.13002571509957336,0.2531761554523844,1.5204,1,1.5204,6.0,inf
414,2,-0.741891118988419,-0.13002571509957336,0.2531761554523844,1.5204,1,1.5204,6.0,inf
414,3,-0.741891118988419,-0.13002571509957336,0.2531761554523844,1.5204,1,1.5204,6.0,inf
414,4,-0.741891118988419,-0.13002571509957336,0.2531761554523844,1.5204,1,1.5204,6.0,inf
414,5,-0.741891118988419,-0.13002571509957336,0.2531761554523844,1.5204,1,1.5204,6.0,inf
415,0,0.7967691889040607,-0.8479329769627202,-1.5118708221069608,3.0822,1,3.0822,6.0,inf
415,1,0.7967691889040607,-0.8479329769627202,-1.5118708221069608,3.0822,1,3.0822,6.0,inf
415,2,0.7967691889040607,-0.8479329769627202,-1.5118708221069608,3.0822,1,3.0822,6.0,inf
415,3,0.7967691889040607,-0.8479329769627202,-1.5118708221069608,3.0822,1,3.0822,6.0,inf
415,4,0.7967691889040607,-0.8479329769627202,-1.5118708221069608,3.0822,1,3.0822,6.0,inf
415,5,0.7967691889040607,-0.8479329769627202,-1.5118708221069608,3.0822,1,3.0822,6.0,inf
416,0,-1.469230252822005,-0.10930498878487603,-0.773615313725473,0.6825,1,0.6825,6.0,inf
416,1,-1.469230252822005,-0.10930498878487603,-0.773615313725473,0.6825,1,0.6825,6.0,inf
416,2,-1.469230252822005,-0.10930498878487603,-0.773615313725473,0.6825,1,0.6825,6.0,inf
416,3,-1.469230252822005,-0.10930498878487603,-0.773615313725473,0.6825,1,0.6825,6.0,inf
416,4,-1.469230252822005,-0.10930498878487603,-0.773615313725473,0.6825,1,0.6825,6.0,inf
416,5,-1.469230252822005,-0.10930498878487603,-0.773615313725473,0.6825,1,0.6825,6.0,inf
417,0,-0.4773226726405017,0.26941407506332193,1.128041455265028,1.7304,1,1.7304,6.0,inf
417,1,-0.4773226726405017,0.26941407506332193,1.128041455265028,1.7304,1,1.7304,6.0,inf
417,2,-0.4773226726405017,0.26941407506332193,1.128041455265028,1.7304,1,1.7304,6.0,inf
417,3,-0.4773226726405017,0.26941407506332193,1.128041455265028,1.7304,1,1.7304,6.0,inf
417,4,-0.4773226726405017,0.26941407506332193,1.128041455265028,1.7304,1,1.7304,6.0,inf
417,5,-0.4773226726405017,0.26941407506332193,1.128041455265028,1.7304,1,1.7304,6.0,inf
418,0,0.18012367579052202,-1.429389399840593,1.655818114804039,0.6072,1,0.6072,6.0,inf
418,1,0.18012367579052202,-1.429389399840593,1.655818114804039,0.6072,1,0.6072,6.0,inf
418,2,0.18012367579052202,-1.429389399840593,1.655818114804039,0.6072,1,0.6072,6.0,inf
418,3,0.18012367579052202,-1.429389399840593,1.655818114804039,0.6072,1,0.6072,6.0,inf
418,4,0.18012367579052202,-1.429389399840593,1.655818114804039,0.6072,1,0.6072,6.0,inf
418,5,0.18012367579052202,-1.429389399840593,1.655818114804039,0.6072,1,0.6072,6.0,inf
419,0,-1.1856562889643794,1.6872432194069993,0.3337720172437929,2.0016,1,2.0016,6.0,inf
419,1,-1.1856562889643794,1.6872432194069993,0.3337720172437929,2.0016,1,2.0016,6.0,inf
419,2,-1.1856562889643794,1.6872432194069993,0.3337720172437929,2.0016,1,2.0016,6.0,inf
419,3,-1.1856562889643794,1.6872432194069993,0.3337720172437929,2.0016,1,2.0016,6.0,inf
419,4,-1.1856562889643794,1.6872432194069993,0.3337720172437929,2.0016,1,2.0016,6.0,inf
419,5,-1.1856562889643794,1.6872432194069993,0.3337720172437929,2.0016,1,2.0016,6.0,inf
420,0,-2.268395713869634,0.7083818521315868,-1.6735088001476766,6.0,0,8.0001,6.0,inf
420,1,-2.268395713869634,0.7083818521315868,-1.6735088001476766,6.0,0,8.0001,6.0,inf
420,2,-2.268395713869634,0.7083818521315868,-1.6735088001476766,6.0,0,8.0001,6.0,inf
420,3,-2.268395713869634,0.7083818521315868,-1.6735088001476766,6.0,0,8.0001,6.0,inf
420,4,-2.268395713869634,0.7083818521315868,-1.6735088001476766,6.0,0,8.0001,6.0,inf
420,5,-2.268395713869634,0.7083818521315868,-1.6735088001476766,6.0,0,8.0001,6.0,inf
421,0,-0.9110128204021086,1.3644380162281757,0.3888584647467012,1.563,1,1.563,6.0,inf
421,1,-0.9110128204021086,1.3644380162281757,0.3888584647467012,1.563,1,1.563,6.0,inf
421,2,-0.9110128204021086,1.3644380162281757,0.3888584647467012,1.563,1,1.563,6.0,inf
421,3,-0.9110128204021086,1.3644380162281757,0.3888584647467012,1.563,1,1.563,6.0,inf
421,4,-0.9110128204021086,1.3644380162281757,0.3888584647467012,1.563,1,1.563,6.0,inf
421,5,-0.9110128204021086,1.3644380162281757,0.3888584647467012,1.563,1,1.563,6.0,inf
422,0,0.7304198045742528,-0.6857261636215641,-0.3081958406887897,3.7892999999999994,1,3.7892999999999994,6.0,inf
422,1,0.7304198045742528,-0.6857261636215641,-0.3081958406887897,3.7892999999999994,1,3.7892999999999994,6.0,inf
422,2,0.7304198045742528,-0.6857261636215641,-0.3081958406887897,3.7892999999999994,1,3.7892999999999994,6.0,inf
422,3,0.7304198045742528,-0.6857261636215641,-0.3081958406887897,3.7892999999999994,1,3.7892999999999994,6.0,inf
422,4,0.7304198045742528,-0.6857261636215641,-0.3081958406887897,3.7892999999999994,1,3.7892999999999994,6.0,inf
422,5,0.7304198045742528,-0.6857261636215641,-0.3081958406887897,3.7892999999999994,1,3.7892999999999994,6.0,inf
423,0,-1.1278409684699284,-1.7856727053343966,0.5847465456677656,1.1366999999999998,1,1.1366999999999998,6.0,inf
423,1,-1.1278409684699284,-1.7856727053343966,0.5847465456677656,1.1366999999999998,1,1.1366999999999998,6.0,inf
423,2,-1.1278409684699284,-1.7856727053343966,0.5847465456677656,1.1366999999999998,1,1.1366999999999998,6.0,inf
423,3,-1.1278409684699284,-1.7856727053343966,0.5847465456677656,1.1366999999999998,1,1.1366999999999998,6.0,inf
423,4,-1.1278409684699284,-1.7856727053343966,0.5847465456677656,1.1366999999999998,1,1.1366999999999998,6.0,inf
423,5,-1.1278409684699284,-1.7856727053343966,0.5847465456677656,1.1366999999999998,1,1.1366999999999998,6.0,inf
424,0,-0.5472608176551873,-0.4387011336827979,-0.5024854879430904,0.1893,1,0.1893,6.0,inf
424,1,-0.5472608176551873,-0.4387011336827979,-0.5024854879430904,0.1893,1,0.1893,6.0,inf
424,2,-0.5472608176551873,-0.4387011336827979,-0.5024854879430904,0.1893,1,0.1893,6.0,inf
424,3,-0.5472608176551873,-0.4387011336827979,-0.5024854879430904,0.1893,1,0.1893,6.0,inf
424,4,-0.5472608176551873,-0.4387011336827979,-0.5024854879430904,0.1893,1,0.1893,6.0,inf
424,5,-0.5472608176551873,-0.4387011336827979,-0.5024854879430904,0.1893,1,0.1893,6.0,inf
425,0,0.4358756120202934,0.5981029248725153,-0.6564361712821507,1.6430999999999998,1,1.6430999999999998,6.0,inf
425,1,0.4358756120202934,0.5981029248725153,-0.6564361712821507,1.6430999999999998,1,1.6430999999999998,6.0,inf
425,2,0.4358756120202934,0.5981029248725153,-0.6564361712821507,1.6430999999999998,1,1.6430999999999998,6.0,inf
425,3,0.4358756120202934,0.5981029248725153,-0.6564361712821507,1.6430999999999998,1,1.6430999999999998,6.0,inf
425,4,0.4358756120202934,0.5981029248725153,-0.6564361712821507,1.6430999999999998,1,1.6430999999999998,6.0,inf
425,5,0.4358756120202934,0.5981029248725153,-0.6564361712821507,1.6430999999999998,1,1.6430999999999998,6.0,inf
426,0,-0.35857901059951386,1.591488542556926,-0.26957502202906003,5.2520999999999995,1,5.2520999999999995,6.0,inf
426,1,-0.35857901059951386,1.591488542556926,-0.26957502202906003,5.2520999999999995,1,5.2520999999999995,6.0,inf
426,2,-0.35857901059951386,1.591488542556926,-0.26957502202906003,5.2520999999999995,1,5.2520999999999995,6.0,inf
426,3,-0.35857901059951386,1.591488542556926,-0.26957502202906003,5.2520999999999995,1,5.2520999999999995,6.0,inf
426,4,-0.35857901059951386,1.591488542556926,-0.26957502202906003,5.2520999999999995,1,5.2520999999999995,6.0,inf
426,5,-0.35857901059951386,1.591488542556926,-0.26957502202906003,5.2520999999999995,1,5.2520999999999995,6.0,inf
427,0,-0.05990143344625322,0.5040165182052575,1.7802406463802232,1.0773,1,1.0773,6.0,inf
427,1,-0.05990143344625322,0.5040165182052575,1.7802406463802232,1.0773,1,1.0773,6.0,inf
427,2,-0.05990143344625322,0.5040165182052575,1.7802406463802232,1.0773,1,1.0773,6.0,inf
427,3,-0.05990143344625322,0.5040165182052575,1.7802406463802232,1.0773,1,1.0773,6.0,inf
427,4,-0.05990143344625322,0.5040165182052575,1.7802406463802232,1.0773,1,1.0773,6.0,inf
427,5,-0.05990143344625322,0.5040165182052575,1.7802406463802232,1.0773,1,1.0773,6.0,inf
428,0,1.0454415586390822,0.05004998847391349,0.833127458148864,2.1542999999999997,1,2.1542999999999997,6.0,inf
428,1,1.0454415586390822,0.05004998847391349,0.833127458148864,2.1542999999999997,1,2.1542999999999997,6.0,inf
428,2,1.0454415586390822,0.05004998847391349,0.833127458148864,2.1542999999999997,1,2.1542999999999997,6.0,inf
428,3,1.0454415586390822,0.05004998847391349,0.833127458148864,2.1542999999999997,1,2.1542999999999997,6.0,inf
428,4,1.0454415586390822,0.05004998847391349,0.833127458148864,2.1542999999999997,1,2.1542999999999997,6.0,inf
428,5,1.0454415586390822,0.05004998847391349,0.833127458148864,2.1542999999999997,1,2.1542999999999997,6.0,inf
429,0,-1.208577204682419,-0.13961235862442603,1.0901542409185452,6.0,0,6.6983999999999995,6.0,inf
429,1,-1.208577204682419,-0.13961235862442603,1.0901542409185452,6.0,0,6.6983999999999995,6.0,inf
429,2,-1.208577204682419,-0.13961235862442603,1.0901542409185452,6.0,0,6.6983999999999995,6.0,inf
429,3,-1.208577204682419,-0.13961235862442603,1.0901542409185452,6.0,0,6.6983999999999995,6.0,inf
429,4,-1.208577204682419,-0.13961235862442603,1.0901542409185452,6.0,0,6.6983999999999995,6.0,inf
429,5,-1.208577204682419,-0.13961235862442603,1.0901542409185452,6.0,0,6.6983999999999995,6.0,inf
430,0,0.6692017665631178,0.4178993776893383,-1.3123057766147552,2.1588,1,2.1588,6.0,inf
430,1,0.6692017665631178,0.4178993776893383,-1.3123057766147552,2.1588,1,2.1588,6.0,inf
430,2,0.6692017665631178,0.4178993776893383,-1.3123057766147552,2.1588,1,2.1588,6.0,inf
430,3,0.6692017665631178,0.4178993776893383,-1.3123057766147552,2.1588,1,2.1588,6.0,inf
430,4,0.6692017665631178,0.4178993776893383,-1.3123057766147552,2.1588,1,2.1588,6.0,inf
430,5,0.6692017665631178,0.4178993776893383,-1.3123057766147552,2.1588,1,2.1588,6.0,inf
431,0,0.076440234401778,-0.1833753812017265,0.8180710602432572,1.4082,1,1.4082,6.0,inf
431,1,0.076440234401778,-0.1833753812017265,0.8180710602432572,1.4082,1,1.4082,6.0,inf
431,2,0.076440234401778,-0.1833753812017265,0.8180710602432572,1.4082,1,1.4082,6.0,inf
431,3,0.076440234401778,-0.1833753812017265,0.8180710602432572,1.4082,1,1.4082,6.0,inf
431,4,0.076440234401778,-0.1833753812017265,0.8180710602432572,1.4082,1,1.4082,6.0,inf
431,5,0.076440234401778,-0.1833753812017265,0.8180710602432572,1.4082,1,1.4082,6.0,inf
432,0,-0.6603066788095253,0.989258246218812,-0.7091953417006501,4.2573,1,4.2573,6.0,inf
432,1,-0.6603066788095253,0.989258246218812,-0.7091953417006501,4.2573,1,4.2573,6.0,inf
432,2,-0.6603066788095253,0.989258246218812,-0.7091953417006501,4.2573,1,4.2573,6.0,inf
432,3,-0.6603066788095253,0.989258246218812,-0.7091953417006501,4.2573,1,4.2573,6.0,inf
432,4,-0.6603066788095253,0.989258246218812,-0.7091953417006501,4.2573,1,4.2573,6.0,inf
432,5,-0.6603066788095253,0.989258246218812,-0.7091953417006501,4.2573,1,4.2573,6.0,inf
433,0,-0.6239384360149146,-0.4464323543432509,-0.17060615132396054,0.4578,1,0.4578,6.0,inf
433,1,-0.6239384360149146,-0.4464323543432509,-0.17060615132396054,0.4578,1,0.4578,6.0,inf
433,2,-0.6239384360149146,-0.4464323543432509,-0.17060615132396054,0.4578,1,0.4578,6.0,inf
433,3,-0.6239384360149146,-0.4464323543432509,-0.17060615132396054,0.4578,1,0.4578,6.0,inf
433,4,-0.6239384360149146,-0.4464323543432509,-0.17060615132396054,0.4578,1,0.4578,6.0,inf
433,5,-0.6239384360149146,-0.4464323543432509,-0.17060615132396054,0.4578,1,0.4578,6.0,inf
434,0,0.5146128698248364,0.22026135509864522,0.13026058446935448,3.5153999999999996,1,3.5153999999999996,6.0,inf
434,1,0.5146128698248364,0.22026135509864522,0.13026058446935448,3.5153999999999996,1,3.5153999999999996,6.0,inf
434,2,0.5146128698248364,0.22026135509864522,0.13026058446935448,3.5153999999999996,1,3.5153999999999996,6.0,inf
434,3,0.5146128698248364,0.22026135509864522,0.13026058446935448,3.5153999999999996,1,3.5153999999999996,6.0,inf
434,4,0.5146128698248364,0.22026135509864522,0.13026058446935448,3.5153999999999996,1,3.5153999999999996,6.0,inf
434,5,0.5146128698248364,0.22026135509864522,0.13026058446935448,3.5153999999999996,1,3.5153999999999996,6.0,inf
435,0,-0.7006332726851954,-0.5296402701953771,-0.3239325341400004,4.2368999999999994,1,4.2368999999999994,6.0,inf
435,1,-0.7006332726851954,-0.5296402701953771,-0.3239325341400004,4.2368999999999994,1,4.2368999999999994,6.0,inf
435,2,-0.7006332726851954,-0.5296402701953771,-0.3239325341400004,4.2368999999999994,1,4.2368999999999994,6.0,inf
435,3,-0.7006332726851954,-0.5296402701953771,-0.3239325341400004,4.2368999999999994,1,4.2368999999999994,6.0,inf
435,4,-0.7006332726851954,-0.5296402701953771,-0.3239325341400004,4.2368999999999994,1,4.2368999999999994,6.0,inf
435,5,-0.7006332726851954,-0.5296402701953771,-0.3239325341400004,4.2368999999999994,1,4.2368999999999994,6.0,inf
436,0,-1.4604826455312478,-0.8934180344662168,0.8197145290383563,1.3416,1,1.3416,6.0,inf
436,1,-1.4604826455312478,-0.8934180344662168,0.8197145290383563,1.3416,1,1.3416,6.0,inf
436,2,-1.4604826455312478,-0.8934180344662168,0.8197145290383563,1.3416,1,1.3416,6.0,inf
436,3,-1.4604826455312478,-0.8934180344662168,0.8197145290383563,1.3416,1,1.3416,6.0,inf
436,4,-1.4604826455312478,-0.8934180344662168,0.8197145290383563,1.3416,1,1.3416,6.0,inf
436,5,-1.4604826455312478,-0.8934180344662168,0.8197145290383563,1.3416,1,1.3416,6.0,inf
437,0,0.11995869575059466,-0.8544462810547647,0.44594399149305436,1.7633999999999999,1,1.7633999999999999,6.0,inf
437,1,0.11995869575059466,-0.8544462810547647,0.44594399149305436,1.7633999999999999,1,1.7633999999999999,6.0,inf
437,2,0.11995869575059466,-0.8544462810547647,0.44594399149305436,1.7633999999999999,1,1.7633999999999999,6.0,inf
437,3,0.11995869575059466,-0.8544462810547647,0.44594399149305436,1.7633999999999999,1,1.7633999999999999,6.0,inf
437,4,0.11995869575059466,-0.8544462810547647,0.44594399149305436,1.7633999999999999,1,1.7633999999999999,6.0,inf
437,5,0.11995869575059466,-0.8544462810547647,0.44594399149305436,1.7633999999999999,1,1.7633999999999999,6.0,inf
438,0,-2.161855785602239,-1.522723173635736,-0.7347606840862314,0.8312999999999999,1,0.8312999999999999,6.0,inf
438,1,-2.161855785602239,-1.522723173635736,-0.7347606840862314,0.8312999999999999,1,0.8312999999999999,6.0,inf
438,2,-2.161855785602239,-1.522723173635736,-0.7347606840862314,0.8312999999999999,1,0.8312999999999999,6.0,inf
438,3,-2.161855785602239,-1.522723173635736,-0.7347606840862314,0.8312999999999999,1,0.8312999999999999,6.0,inf
438,4,-2.161855785602239,-1.522723173635736,-0.7347606840862314,0.8312999999999999,1,0.8312999999999999,6.0,inf
438,5,-2.161855785602239,-1.522723173635736,-0.7347606840862314,0.8312999999999999,1,0.8312999999999999,6.0,inf
439,0,-0.28934059621716646,0.832122939578255,-1.159143045414228,0.5744999999999999,1,0.5744999999999999,6.0,inf
439,1,-0.28934059621716646,0.832122939578255,-1.159143045414228,0.5744999999999999,1,0.5744999999999999,6.0,inf
439,2,-0.28934059621716646,0.832122939578255,-1.159143045414228,0.5744999999999999,1,0.5744999999999999,6.0,inf
439,3,-0.28934059621716646,0.832122939578255,-1.159143045414228,0.5744999999999999,1,0.5744999999999999,6.0,inf
439,4,-0.28934059621716646,0.832122939578255,-1.159143045414228,0.5744999999999999,1,0.5744999999999999,6.0,inf
439,5,-0.28934059621716646,0.832122939578255,-1.159143045414228,0.5744999999999999,1,0.5744999999999999,6.0,inf
440,0,-1.6390463746592483,1.346424529570026,0.8420801663956515,6.0,0,8.0001,6.0,inf
440,1,-1.6390463746592483,1.346424529570026,0.8420801663956515,6.0,0,8.0001,6.0,inf
440,2,-1.6390463746592483,1.346424529570026,0.8420801663956515,6.0,0,8.0001,6.0,inf
440,3,-1.6390463746592483,1.346424529570026,0.8420801663956515,6.0,0,8.0001,6.0,inf
440,4,-1.6390463746592483,1.346424529570026,0.8420801663956515,6.0,0,8.0001,6.0,inf
440,5,-1.6390463746592483,1.346424529570026,0.8420801663956515,6.0,0,8.0001,6.0,inf
441,0,1.1797176373114895,-1.3430459490658089,-0.07619834322353684,1.0031999999999999,1,1.0031999999999999,6.0,inf
441,1,1.1797176373114895,-1.3430459490658089,-0.07619834322353684,1.0031999999999999,1,1.0031999999999999,6.0,inf
441,2,1.1797176373114895,-1.3430459490658089,-0.07619834322353684,1.0031999999999999,1,1.0031999999999999,6.0,inf
441,3,1.1797176373114895,-1.3430459490658089,-0.07619834322353684,1.0031999999999999,1,1.0031999999999999,6.0,inf
441,4,1.1797176373114895,-1.3430459490658089,-0.07619834322353684,1.0031999999999999,1,1.0031999999999999,6.0,inf
441,5,1.1797176373114895,-1.3430459490658089,-0.07619834322353684,1.0031999999999999,1,1.0031999999999999,6.0,inf
442,0,-0.09502901236147573,-0.47856539573689766,0.003057422228313327,4.869,1,4.869,6.0,inf
442,1,-0.09502901236147573,-0.47856539573689766,0.003057422228313327,4.869,1,4.869,6.0,inf
442,2,-0.09502901236147573,-0.47856539573689766,0.003057422228313327,4.869,1,4.869,6.0,inf
442,3,-0.09502901236147573,-0.47856539573689766,0.003057422228313327,4.869,1,4.869,6.0,inf
442,4,-0.09502901236147573,-0.47856539573689766,0.003057422228313327,4.869,1,4.869,6.0,inf
442,5,-0.09502901236147573,-0.47856539573689766,0.003057422228313327,4.869,1,4.869,6.0,inf
443,0,-2.315101289411992,0.6716835556839068,1.1254435860224463,1.422,1,1.422,6.0,inf
443,1,-2.315101289411992,0.6716835556839068,1.1254435860224463,1.422,1,1.422,6.0,inf
443,2,-2.315101289411992,0.6716835556839068,1.1254435860224463,1.422,1,1.422,6.0,inf
443,3,-2.315101289411992,0.6716835556839068,1.1254435860224463,1.422,1,1.422,6.0,inf
443,4,-2.315101289411992,0.6716835556839068,1.1254435860224463,1.422,1,1.422,6.0,inf
443,5,-2.315101289411992,0.6716835556839068,1.1254435860224463,1.422,1,1.422,6.0,inf
444,0,-0.4747860818844356,-1.090491913091291,1.7743949092851647,0.9623999999999999,1,0.9623999999999999,6.0,inf
444,1,-0.4747860818844356,-1.090491913091291,1.7743949092851647,0.9623999999999999,1,0.9623999999999999,6.0,inf
444,2,-0.4747860818844356,-1.090491913091291,1.7743949092851647,0.9623999999999999,1,0.9623999999999999,6.0,inf
444,3,-0.4747860818844356,-1.090491913091291,1.7743949092851647,0.9623999999999999,1,0.9623999999999999,6.0,inf
444,4,-0.4747860818844356,-1.090491913091291,1.7743949092851647,0.9623999999999999,1,0.9623999999999999,6.0,inf
444,5,-0.4747860818844356,-1.090491913091291,1.7743949092851647,0.9623999999999999,1,0.9623999999999999,6.0,inf
445,0,0.3116859633280175,-0.4019599445032216,0.08179683457111375,1.5173999999999999,1,1.5173999999999999,6.0,inf
445,1,0.3116859633280175,-0.4019599445032216,0.08179683457111375,1.5173999999999999,1,1.5173999999999999,6.0,inf
445,2,0.3116859633280175,-0.4019599445032216,0.08179683457111375,1.5173999999999999,1,1.5173999999999999,6.0,inf
445,3,0.3116859633280175,-0.4019599445032216,0.08179683457111375,1.5173999999999999,1,1.5173999999999999,6.0,inf
445,4,0.3116859633280175,-0.4019599445032216,0.08179683457111375,1.5173999999999999,1,1.5173999999999999,6.0,inf
445,5,0.3116859633280175,-0.4019599445032216,0.08179683457111375,1.5173999999999999,1,1.5173999999999999,6.0,inf
446,0,-0.4740756484921486,0.5824376403822299,1.395785783676071,0.2772,1,0.2772,6.0,inf
446,1,-0.4740756484921486,0.5824376403822299,1.395785783676071,0.2772,1,0.2772,6.0,inf
446,2,-0.4740756484921486,0.5824376403822299,1.395785783676071,0.2772,1,0.2772,6.0,inf
446,3,-0.4740756484921486,0.5824376403822299,1.395785783676071,0.2772,1,0.2772,6.0,inf
446,4,-0.4740756484921486,0.5824376403822299,1.395785783676071,0.2772,1,0.2772,6.0,inf
446,5,-0.4740756484921486,0.5824376403822299,1.395785783676071,0.2772,1,0.2772,6.0,inf
447,0,-1.522645638435295,0.33923814356388887,0.6096082326224224,0.3141,1,0.3141,6.0,inf
447,1,-1.522645638435295,0.33923814356388887,0.6096082326224224,0.3141,1,0.3141,6.0,inf
447,2,-1.522645638435295,0.33923814356388887,0.6096082326224224,0.3141,1,0.3141,6.0,inf
447,3,-1.522645638435295,0.33923814356388887,0.6096082326224224,0.3141,1,0.3141,6.0,inf
447,4,-1.522645638435295,0.33923814356388887,0.6096082326224224,0.3141,1,0.3141,6.0,inf
447,5,-1.522645638435295,0.33923814356388887,0.6096082326224224,0.3141,1,0.3141,6.0,inf
448,0,-0.7580224014429717,-1.5070871772729149,0.7995653139610086,0.8102999999999999,1,0.8102999999999999,6.0,inf
448,1,-0.7580224014429717,-1.5070871772729149,0.7995653139610086,0.8102999999999999,1,0.8102999999999999,6.0,inf
448,2,-0.7580224014429717,-1.5070871772729149,0.7995653139610086,0.8102999999999999,1,0.8102999999999999,6.0,inf
448,3,-0.7580224014429717,-1.5070871772729149,0.7995653139610086,0.8102999999999999,1,0.8102999999999999,6.0,inf
448,4,-0.7580224014429717,-1.5070871772729149,0.7995653139610086,0.8102999999999999,1,0.8102999999999999,6.0,inf
448,5,-0.7580224014429717,-1.5070871772729149,0.7995653139610086,0.8102999999999999,1,0.8102999999999999,6.0,inf
449,0,0.6521078018420042,1.6998594019329385,1.0448179122522963,4.3953,1,4.3953,6.0,inf
449,1,0.6521078018420042,1.6998594019329385,1.0448179122522963,4.3953,1,4.3953,6.0,inf
449,2,0.6521078018420042,1.6998594019329385,1.0448179122522963,4.3953,1,4.3953,6.0,inf
449,3,0.6521078018420042,1.6998594019329385,1.0448179122522963,4.3953,1,4.3953,6.0,inf
449,4,0.6521078018420042,1.6998594019329385,1.0448179122522963,4.3953,1,4.3953,6.0,inf
449,5,0.6521078018420042,1.6998594019329385,1.0448179122522963,4.3953,1,4.3953,6.0,inf
450,0,1.0383292216312843,0.9626574731908851,0.9764506297456506,2.0660999999999996,1,2.0660999999999996,6.0,inf
450,1,1.0383292216312843,0.9626574731908851,0.9764506297456506,2.0660999999999996,1,2.0660999999999996,6.0,inf
450,2,1.0383292216312843,0.9626574731908851,0.9764506297456506,2.0660999999999996,1,2.0660999999999996,6.0,inf
450,3,1.0383292216312843,0.9626574731908851,0.9764506297456506,2.0660999999999996,1,2.0660999999999996,6.0,inf
450,4,1.0383292216312843,0.9626574731908851,0.9764506297456506,2.0660999999999996,1,2.0660999999999996,6.0,inf
450,5,1.0383292216312843,0.9626574731908851,0.9764506297456506,2.0660999999999996,1,2.0660999999999996,6.0,inf
451,0,0.20645298763401151,0.8569311211756495,0.288181580319999,2.5944,1,2.5944,6.0,inf
451,1,0.20645298763401151,0.8569311211756495,0.288181580319999,2.5944,1,2.5944,6.0,inf
451,2,0.20645298763401151,0.8569311211756495,0.288181580319999,2.5944,1,2.5944,6.0,inf
451,3,0.20645298763401151,0.8569311211756495,0.288181580319999,2.5944,1,2.5944,6.0,inf
451,4,0.20645298763401151,0.8569311211756495,0.288181580319999,2.5944,1,2.5944,6.0,inf
451,5,0.20645298763401151,0.8569311211756495,0.288181580319999,2.5944,1,2.5944,6.0,inf
452,0,-0.7796690546528995,-0.10566815185183141,0.3929099670454168,1.6733999999999998,1,1.6733999999999998,6.0,inf
452,1,-0.7796690546528995,-0.10566815185183141,0.3929099670454168,1.6733999999999998,1,1.6733999999999998,6.0,inf
452,2,-0.7796690546528995,-0.10566815185183141,0.3929099670454168,1.6733999999999998,1,1.6733999999999998,6.0,inf
452,3,-0.7796690546528995,-0.10566815185183141,0.3929099670454168,1.6733999999999998,1,1.6733999999999998,6.0,inf
452,4,-0.7796690546528995,-0.10566815185183141,0.3929099670454168,1.6733999999999998,1,1.6733999999999998,6.0,inf
452,5,-0.7796690546528995,-0.10566815185183141,0.3929099670454168,1.6733999999999998,1,1.6733999999999998,6.0,inf
453,0,1.1147143460724076,0.07231953190490147,-0.08440208638476172,2.1992999999999996,1,2.1992999999999996,6.0,inf
453,1,1.1147143460724076,0.07231953190490147,-0.08440208638476172,2.1992999999999996,1,2.1992999999999996,6.0,inf
453,2,1.1147143460724076,0.07231953190490147,-0.08440208638476172,2.1992999999999996,1,2.1992999999999996,6.0,inf
453,3,1.1147143460724076,0.07231953190490147,-0.08440208638476172,2.1992999999999996,1,2.1992999999999996,6.0,inf
453,4,1.1147143460724076,0.07231953190490147,-0.08440208638476172,2.1992999999999996,1,2.1992999999999996,6.0,inf
453,5,1.1147143460724076,0.07231953190490147,-0.08440208638476172,2.1992999999999996,1,2.1992999999999996,6.0,inf
454,0,-0.8300212158203292,0.5684998220089106,-0.933220158650708,4.0043999999999995,1,4.0043999999999995,6.0,inf
454,1,-0.8300212158203292,0.5684998220089106,-0.933220158650708,4.0043999999999995,1,4.0043999999999995,6.0,inf
454,2,-0.8300212158203292,0.5684998220089106,-0.933220158650708,4.0043999999999995,1,4.0043999999999995,6.0,inf
454,3,-0.8300212158203292,0.5684998220089106,-0.933220158650708,4.0043999999999995,1,4.0043999999999995,6.0,inf
454,4,-0.8300212158203292,0.5684998220089106,-0.933220158650708,4.0043999999999995,1,4.0043999999999995,6.0,inf
454,5,-0.8300212158203292,0.5684998220089106,-0.933220158650708,4.0043999999999995,1,4.0043999999999995,6.0,inf
455,0,-1.0750666181663295,0.7276915999003264,-0.5394158884334981,0.9827999999999999,1,0.9827999999999999,6.0,inf
455,1,-1.0750666181663295,0.7276915999003264,-0.5394158884334981,0.9827999999999999,1,0.9827999999999999,6.0,inf
455,2,-1.0750666181663295,0.7276915999003264,-0.5394158884334981,0.9827999999999999,1,0.9827999999999999,6.0,inf
455,3,-1.0750666181663295,0.7276915999003264,-0.5394158884334981,0.9827999999999999,1,0.9827999999999999,6.0,inf
455,4,-1.0750666181663295,0.7276915999003264,-0.5394158884334981,0.9827999999999999,1,0.9827999999999999,6.0,inf
455,5,-1.0750666181663295,0.7276915999003264,-0.5394158884334981,0.9827999999999999,1,0.9827999999999999,6.0,inf
456,0,-0.589780252189592,0.31885489991776544,0.5489297435707353,4.9944,1,4.9944,6.0,inf
456,1,-0.589780252189592,0.31885489991776544,0.5489297435707353,4.9944,1,4.9944,6.0,inf
456,2,-0.589780252189592,0.31885489991776544,0.5489297435707353,4.9944,1,4.9944,6.0,inf
456,3,-0.589780252189592,0.31885489991776544,0.5489297435707353,4.9944,1,4.9944,6.0,inf
456,4,-0.589780252189592,0.31885489991776544,0.5489297435707353,4.9944,1,4.9944,6.0,inf
456,5,-0.589780252189592,0.31885489991776544,0.5489297435707353,4.9944,1,4.9944,6.0,inf
457,0,-0.8786720837739878,0.7028483510532425,-0.13916439754768373,0.20279999999999998,1,0.20279999999999998,6.0,inf
457,1,-0.8786720837739878,0.7028483510532425,-0.13916439754768373,0.20279999999999998,1,0.20279999999999998,6.0,inf
457,2,-0.8786720837739878,0.7028483510532425,-0.13916439754768373,0.20279999999999998,1,0.20279999999999998,6.0,inf
457,3,-0.8786720837739878,0.7028483510532425,-0.13916439754768373,0.20279999999999998,1,0.20279999999999998,6.0,inf
457,4,-0.8786720837739878,0.7028483510532425,-0.13916439754768373,0.20279999999999998,1,0.20279999999999998,6.0,inf
457,5,-0.8786720837739878,0.7028483510532425,-0.13916439754768373,0.20279999999999998,1,0.20279999999999998,6.0,inf
458,0,1.5372314178586861,-0.5775349694699222,-0.17164960568351934,0.1344,1,0.1344,6.0,inf
458,1,1.5372314178586861,-0.5775349694699222,-0.17164960568351934,0.1344,1,0.1344,6.0,inf
458,2,1.5372314178586861,-0.5775349694699222,-0.17164960568351934,0.1344,1,0.1344,6.0,inf
458,3,1.5372314178586861,-0.5775349694699222,-0.17164960568351934,0.1344,1,0.1344,6.0,inf
458,4,1.5372314178586861,-0.5775349694699222,-0.17164960568351934,0.1344,1,0.1344,6.0,inf
458,5,1.5372314178586861,-0.5775349694699222,-0.17164960568351934,0.1344,1,0.1344,6.0,inf
459,0,-0.09156394503402263,-1.614826647105057,-0.4712888984647133,1.5359999999999998,1,1.5359999999999998,6.0,inf
459,1,-0.09156394503402263,-1.614826647105057,-0.4712888984647133,1.5359999999999998,1,1.5359999999999998,6.0,inf
459,2,-0.09156394503402263,-1.614826647105057,-0.4712888984647133,1.5359999999999998,1,1.5359999999999998,6.0,inf
459,3,-0.09156394503402263,-1.614826647105057,-0.4712888984647133,1.5359999999999998,1,1.5359999999999998,6.0,inf
459,4,-0.09156394503402263,-1.614826647105057,-0.4712888984647133,1.5359999999999998,1,1.5359999999999998,6.0,inf
459,5,-0.09156394503402263,-1.614826647105057,-0.4712888984647133,1.5359999999999998,1,1.5359999999999998,6.0,inf
460,0,0.5380835256151971,-1.1876735149728872,-1.2421634736589096,3.0723,1,3.0723,6.0,inf
460,1,0.5380835256151971,-1.1876735149728872,-1.2421634736589096,3.0723,1,3.0723,6.0,inf
460,2,0.5380835256151971,-1.1876735149728872,-1.2421634736589096,3.0723,1,3.0723,6.0,inf
460,3,0.5380835256151971,-1.1876735149728872,-1.2421634736589096,3.0723,1,3.0723,6.0,inf
460,4,0.5380835256151971,-1.1876735149728872,-1.2421634736589096,3.0723,1,3.0723,6.0,inf
460,5,0.5380835256151971,-1.1876735149728872,-1.2421634736589096,3.0723,1,3.0723,6.0,inf
461,0,-0.04127312936341911,0.7397963358202994,-0.09385206903640732,1.3074,1,1.3074,6.0,inf
461,1,-0.04127312936341911,0.7397963358202994,-0.09385206903640732,1.3074,1,1.3074,6.0,inf
461,2,-0.04127312936341911,0.7397963358202994,-0.09385206903640732,1.3074,1,1.3074,6.0,inf
461,3,-0.04127312936341911,0.7397963358202994,-0.09385206903640732,1.3074,1,1.3074,6.0,inf
461,4,-0.04127312936341911,0.7397963358202994,-0.09385206903640732,1.3074,1,1.3074,6.0,inf
461,5,-0.04127312936341911,0.7397963358202994,-0.09385206903640732,1.3074,1,1.3074,6.0,inf
462,0,0.5901639064568837,-0.6158575229724386,2.1675671833972325,1.6976999999999998,1,1.6976999999999998,6.0,inf
462,1,0.5901639064568837,-0.6158575229724386,2.1675671833972325,1.6976999999999998,1,1.6976999999999998,6.0,inf
462,2,0.5901639064568837,-0.6158575229724386,2.1675671833972325,1.6976999999999998,1,1.6976999999999998,6.0,inf
462,3,0.5901639064568837,-0.6158575229724386,2.1675671833972325,1.6976999999999998,1,1.6976999999999998,6.0,inf
462,4,0.5901639064568837,-0.6158575229724386,2.1675671833972325,1.6976999999999998,1,1.6976999999999998,6.0,inf
462,5,0.5901639064568837,-0.6158575229724386,2.1675671833972325,1.6976999999999998,1,1.6976999999999998,6.0,inf
463,0,-0.3340387651334994,0.0342171826105232,-0.8422312308774327,6.0,0,7.857899999999999,6.0,inf
463,1,-0.3340387651334994,0.0342171826105232,-0.8422312308774327,6.0,0,7.857899999999999,6.0,inf
463,2,-0.3340387651334994,0.0342171826105232,-0.8422312308774327,6.0,0,7.857899999999999,6.0,inf
463,3,-0.3340387651334994,0.0342171826105232,-0.8422312308774327,6.0,0,7.857899999999999,6.0,inf
463,4,-0.3340387651334994,0.0342171826105232,-0.8422312308774327,6.0,0,7.857899999999999,6.0,inf
463,5,-0.3340387651334994,0.0342171826105232,-0.8422312308774327,6.0,0,7.857899999999999,6.0,inf
464,0,-1.2112837556804796,-0.8734412092730451,-0.41457378060919836,0.5256,1,0.5256,6.0,inf
464,1,-1.2112837556804796,-0.8734412092730451,-0.41457378060919836,0.5256,1,0.5256,6.0,inf
464,2,-1.2112837556804796,-0.8734412092730451,-0.41457378060919836,0.5256,1,0.5256,6.0,inf
464,3,-1.2112837556804796,-0.8734412092730451,-0.41457378060919836,0.5256,1,0.5256,6.0,inf
464,4,-1.2112837556804796,-0.8734412092730451,-0.41457378060919836,0.5256,1,0.5256,6.0,inf
464,5,-1.2112837556804796,-0.8734412092730451,-0.41457378060919836,0.5256,1,0.5256,6.0,inf
465,0,-1.3390109550142493,1.5210238901997593,-0.1322933951482388,6.0,0,6.3572999999999995,6.0,inf
465,1,-1.3390109550142493,1.5210238901997593,-0.1322933951482388,6.0,0,6.3572999999999995,6.0,inf
465,2,-1.3390109550142493,1.5210238901997593,-0.1322933951482388,6.0,0,6.3572999999999995,6.0,inf
465,3,-1.3390109550142493,1.5210238901997593,-0.1322933951482388,6.0,0,6.3572999999999995,6.0,inf
465,4,-1.3390109550142493,1.5210238901997593,-0.1322933951482388,6.0,0,6.3572999999999995,6.0,inf
465,5,-1.3390109550142493,1.5210238901997593,-0.1322933951482388,6.0,0,6.3572999999999995,6.0,inf
466,0,-1.0961309940281543,0.018161500825060226,-2.064345239584303,0.8105999999999999,1,0.8105999999999999,6.0,inf
466,1,-1.0961309940281543,0.018161500825060226,-2.064345239584303,0.8105999999999999,1,0.8105999999999999,6.0,inf
466,2,-1.0961309940281543,0.018161500825060226,-2.064345239584303,0.8105999999999999,1,0.8105999999999999,6.0,inf
466,3,-1.0961309940281543,0.018161500825060226,-2.064345239584303,0.8105999999999999,1,0.8105999999999999,6.0,inf
466,4,-1.0961309940281543,0.018161500825060226,-2.064345239584303,0.8105999999999999,1,0.8105999999999999,6.0,inf
466,5,-1.0961309940281543,0.018161500825060226,-2.064345239584303,0.8105999999999999,1,0.8105999999999999,6.0,inf
467,0,0.2415700623362623,0.005328693592892131,1.058508764571509,1.8236999999999999,1,1.8236999999999999,6.0,inf
467,1,0.2415700623362623,0.005328693592892131,1.058508764571509,1.8236999999999999,1,1.8236999999999999,6.0,inf
467,2,0.2415700623362623,0.005328693592892131,1.058508764571509,1.8236999999999999,1,1.8236999999999999,6.0,inf
467,3,0.2415700623362623,0.005328693592892131,1.058508764571509,1.8236999999999999,1,1.8236999999999999,6.0,inf
467,4,0.2415700623362623,0.005328693592892131,1.058508764571509,1.8236999999999999,1,1.8236999999999999,6.0,inf
467,5,0.2415700623362623,0.005328693592892131,1.058508764571509,1.8236999999999999,1,1.8236999999999999,6.0,inf
468,0,-0.4665023966033347,1.6254568791927722,1.6317052260883385,6.0,0,8.0001,6.0,inf
468,1,-0.4665023966033347,1.6254568791927722,1.6317052260883385,6.0,0,8.0001,6.0,inf
468,2,-0.4665023966033347,1.6254568791927722,1.6317052260883385,6.0,0,8.0001,6.0,inf
468,3,-0.4665023966033347,1.6254568791927722,1.6317052260883385,6.0,0,8.0001,6.0,inf
468,4,-0.4665023966033347,1.6254568791927722,1.6317052260883385,6.0,0,8.0001,6.0,inf
468,5,-0.4665023966033347,1.6254568791927722,1.6317052260883385,6.0,0,8.0001,6.0,inf
469,0,0.9280747791201034,0.6375282468680474,-1.5373113903409623,0.5714999999999999,1,0.5714999999999999,6.0,inf
469,1,0.9280747791201034,0.6375282468680474,-1.5373113903409623,0.5714999999999999,1,0.5714999999999999,6.0,inf
469,2,0.9280747791201034,0.6375282468680474,-1.5373113903409623,0.5714999999999999,1,0.5714999999999999,6.0,inf
469,3,0.9280747791201034,0.6375282468680474,-1.5373113903409623,0.5714999999999999,1,0.5714999999999999,6.0,inf
469,4,0.9280747791201034,0.6375282468680474,-1.5373113903409623,0.5714999999999999,1,0.5714999999999999,6.0,inf
469,5,0.9280747791201034,0.6375282468680474,-1.5373113903409623,0.5714999999999999,1,0.5714999999999999,6.0,inf
470,0,0.9298528529713929,-0.8297416135622854,-0.06506829391578403,0.4644,1,0.4644,6.0,inf
470,1,0.9298528529713929,-0.8297416135622854,-0.06506829391578403,0.4644,1,0.4644,6.0,inf
470,2,0.9298528529713929,-0.8297416135622854,-0.06506829391578403,0.4644,1,0.4644,6.0,inf
470,3,0.9298528529713929,-0.8297416135622854,-0.06506829391578403,0.4644,1,0.4644,6.0,inf
470,4,0.9298528529713929,-0.8297416135622854,-0.06506829391578403,0.4644,1,0.4644,6.0,inf
470,5,0.9298528529713929,-0.8297416135622854,-0.06506829391578403,0.4644,1,0.4644,6.0,inf
471,0,0.6609188797375901,-0.1420975150531125,0.6581884240615535,2.0622,1,2.0622,6.0,inf
471,1,0.6609188797375901,-0.1420975150531125,0.6581884240615535,2.0622,1,2.0622,6.0,inf
471,2,0.6609188797375901,-0.1420975150531125,0.6581884240615535,2.0622,1,2.0622,6.0,inf
471,3,0.6609188797375901,-0.1420975150531125,0.6581884240615535,2.0622,1,2.0622,6.0,inf
471,4,0.6609188797375901,-0.1420975150531125,0.6581884240615535,2.0622,1,2.0622,6.0,inf
471,5,0.6609188797375901,-0.1420975150531125,0.6581884240615535,2.0622,1,2.0622,6.0,inf
472,0,0.6993440844797035,0.5391647201646794,0.8450308328620718,2.7882,1,2.7882,6.0,inf
472,1,0.6993440844797035,0.5391647201646794,0.8450308328620718,2.7882,1,2.7882,6.0,inf
472,2,0.6993440844797035,0.5391647201646794,0.8450308328620718,2.7882,1,2.7882,6.0,inf
472,3,0.6993440844797035,0.5391647201646794,0.8450308328620718,2.7882,1,2.7882,6.0,inf
472,4,0.6993440844797035,0.5391647201646794,0.8450308328620718,2.7882,1,2.7882,6.0,inf
472,5,0.6993440844797035,0.5391647201646794,0.8450308328620718,2.7882,1,2.7882,6.0,inf
473,0,0.3990995168453558,-0.9679165260610636,0.611893031879066,2.9387999999999996,1,2.9387999999999996,6.0,inf
473,1,0.3990995168453558,-0.9679165260610636,0.611893031879066,2.9387999999999996,1,2.9387999999999996,6.0,inf
473,2,0.3990995168453558,-0.9679165260610636,0.611893031879066,2.9387999999999996,1,2.9387999999999996,6.0,inf
473,3,0.3990995168453558,-0.9679165260610636,0.611893031879066,2.9387999999999996,1,2.9387999999999996,6.0,inf
473,4,0.3990995168453558,-0.9679165260610636,0.611893031879066,2.9387999999999996,1,2.9387999999999996,6.0,inf
473,5,0.3990995168453558,-0.9679165260610636,0.611893031879066,2.9387999999999996,1,2.9387999999999996,6.0,inf
474,0,1.4607837138444701,-0.5187839649577661,-0.3393046398963228,2.3487,1,2.3487,6.0,inf
474,1,1.4607837138444701,-0.5187839649577661,-0.3393046398963228,2.3487,1,2.3487,6.0,inf
474,2,1.4607837138444701,-0.5187839649577661,-0.3393046398963228,2.3487,1,2.3487,6.0,inf
474,3,1.4607837138444701,-0.5187839649577661,-0.3393046398963228,2.3487,1,2.3487,6.0,inf
474,4,1.4607837138444701,-0.5187839649577661,-0.3393046398963228,2.3487,1,2.3487,6.0,inf
474,5,1.4607837138444701,-0.5187839649577661,-0.3393046398963228,2.3487,1,2.3487,6.0,inf
475,0,0.7877649976970625,0.011033749555709323,1.922813438571128,2.1317999999999997,1,2.1317999999999997,6.0,inf
475,1,0.7877649976970625,0.011033749555709323,1.922813438571128,2.1317999999999997,1,2.1317999999999997,6.0,inf
475,2,0.7877649976970625,0.011033749555709323,1.922813438571128,2.1317999999999997,1,2.1317999999999997,6.0,inf
475,3,0.7877649976970625,0.011033749555709323,1.922813438571128,2.1317999999999997,1,2.1317999999999997,6.0,inf
475,4,0.7877649976970625,0.011033749555709323,1.922813438571128,2.1317999999999997,1,2.1317999999999997,6.0,inf
475,5,0.7877649976970625,0.011033749555709323,1.922813438571128,2.1317999999999997,1,2.1317999999999997,6.0,inf
476,0,0.35234598709426723,0.7549916414304657,1.8397627828527077,1.4121,1,1.4121,6.0,inf
476,1,0.35234598709426723,0.7549916414304657,1.8397627828527077,1.4121,1,1.4121,6.0,inf
476,2,0.35234598709426723,0.7549916414304657,1.8397627828527077,1.4121,1,1.4121,6.0,inf
476,3,0.35234598709426723,0.7549916414304657,1.8397627828527077,1.4121,1,1.4121,6.0,inf
476,4,0.35234598709426723,0.7549916414304657,1.8397627828527077,1.4121,1,1.4121,6.0,inf
476,5,0.35234598709426723,0.7549916414304657,1.8397627828527077,1.4121,1,1.4121,6.0,inf
477,0,-1.2680206739311417,-0.37309233876086917,1.0942466889006826,1.4918999999999998,1,1.4918999999999998,6.0,inf
477,1,-1.2680206739311417,-0.37309233876086917,1.0942466889006826,1.4918999999999998,1,1.4918999999999998,6.0,inf
477,2,-1.2680206739311417,-0.37309233876086917,1.0942466889006826,1.4918999999999998,1,1.4918999999999998,6.0,inf
477,3,-1.2680206739311417,-0.37309233876086917,1.0942466889006826,1.4918999999999998,1,1.4918999999999998,6.0,inf
477,4,-1.2680206739311417,-0.37309233876086917,1.0942466889006826,1.4918999999999998,1,1.4918999999999998,6.0,inf
477,5,-1.2680206739311417,-0.37309233876086917,1.0942466889006826,1.4918999999999998,1,1.4918999999999998,6.0,inf
478,0,0.6210770382036825,-1.0136080306325375,-0.43899777723978806,0.19229999999999997,1,0.19229999999999997,6.0,inf
478,1,0.6210770382036825,-1.0136080306325375,-0.43899777723978806,0.19229999999999997,1,0.19229999999999997,6.0,inf
478,2,0.6210770382036825,-1.0136080306325375,-0.43899777723978806,0.19229999999999997,1,0.19229999999999997,6.0,inf
478,3,0.6210770382036825,-1.0136080306325375,-0.43899777723978806,0.19229999999999997,1,0.19229999999999997,6.0,inf
478,4,0.6210770382036825,-1.0136080306325375,-0.43899777723978806,0.19229999999999997,1,0.19229999999999997,6.0,inf
478,5,0.6210770382036825,-1.0136080306325375,-0.43899777723978806,0.19229999999999997,1,0.19229999999999997,6.0,inf
479,0,-0.32093820475461676,-0.5793966139620818,-0.5769278608468873,3.1188,1,3.1188,6.0,inf
479,1,-0.32093820475461676,-0.5793966139620818,-0.5769278608468873,3.1188,1,3.1188,6.0,inf
479,2,-0.32093820475461676,-0.5793966139620818,-0.5769278608468873,3.1188,1,3.1188,6.0,inf
479,3,-0.32093820475461676,-0.5793966139620818,-0.5769278608468873,3.1188,1,3.1188,6.0,inf
479,4,-0.32093820475461676,-0.5793966139620818,-0.5769278608468873,3.1188,1,3.1188,6.0,inf
479,5,-0.32093820475461676,-0.5793966139620818,-0.5769278608468873,3.1188,1,3.1188,6.0,inf
480,0,-0.4502992996357275,-0.7147062613629939,-1.7831316351831834,0.7973999999999999,1,0.7973999999999999,6.0,inf
480,1,-0.4502992996357275,-0.7147062613629939,-1.7831316351831834,0.7973999999999999,1,0.7973999999999999,6.0,inf
480,2,-0.4502992996357275,-0.7147062613629939,-1.7831316351831834,0.7973999999999999,1,0.7973999999999999,6.0,inf
480,3,-0.4502992996357275,-0.7147062613629939,-1.7831316351831834,0.7973999999999999,1,0.7973999999999999,6.0,inf
480,4,-0.4502992996357275,-0.7147062613629939,-1.7831316351831834,0.7973999999999999,1,0.7973999999999999,6.0,inf
480,5,-0.4502992996357275,-0.7147062613629939,-1.7831316351831834,0.7973999999999999,1,0.7973999999999999,6.0,inf
481,0,0.716048675344293,0.06591462220974484,1.9475561963941548,1.2740999999999998,1,1.2740999999999998,6.0,inf
481,1,0.716048675344293,0.06591462220974484,1.9475561963941548,1.2740999999999998,1,1.2740999999999998,6.0,inf
481,2,0.716048675344293,0.06591462220974484,1.9475561963941548,1.2740999999999998,1,1.2740999999999998,6.0,inf
481,3,0.716048675344293,0.06591462220974484,1.9475561963941548,1.2740999999999998,1,1.2740999999999998,6.0,inf
481,4,0.716048675344293,0.06591462220974484,1.9475561963941548,1.2740999999999998,1,1.2740999999999998,6.0,inf
481,5,0.716048675344293,0.06591462220974484,1.9475561963941548,1.2740999999999998,1,1.2740999999999998,6.0,inf
482,0,-0.41332012314501426,-2.168314309145609,-1.365693360514549,0.7938,1,0.7938,6.0,inf
482,1,-0.41332012314501426,-2.168314309145609,-1.365693360514549,0.7938,1,0.7938,6.0,inf
482,2,-0.41332012314501426,-2.168314309145609,-1.365693360514549,0.7938,1,0.7938,6.0,inf
482,3,-0.41332012314501426,-2.168314309145609,-1.365693360514549,0.7938,1,0.7938,6.0,inf
482,4,-0.41332012314501426,-2.168314309145609,-1.365693360514549,0.7938,1,0.7938,6.0,inf
482,5,-0.41332012314501426,-2.168314309145609,-1.365693360514549,0.7938,1,0.7938,6.0,inf
483,0,-0.7149691809828441,1.5114969277410477,1.70464384307063,6.0,0,7.043699999999999,6.0,inf
483,1,-0.7149691809828441,1.5114969277410477,1.70464384307063,6.0,0,7.043699999999999,6.0,inf
483,2,-0.7149691809828441,1.5114969277410477,1.70464384307063,6.0,0,7.043699999999999,6.0,inf
483,3,-0.7149691809828441,1.5114969277410477,1.70464384307063,6.0,0,7.043699999999999,6.0,inf
483,4,-0.7149691809828441,1.5114969277410477,1.70464384307063,6.0,0,7.043699999999999,6.0,inf
483,5,-0.7149691809828441,1.5114969277410477,1.70464384307063,6.0,0,7.043699999999999,6.0,inf
484,0,-0.6470173304924609,-0.558262672372913,0.3116124200128871,1.5876,1,1.5876,6.0,inf
484,1,-0.6470173304924609,-0.558262672372913,0.3116124200128871,1.5876,1,1.5876,6.0,inf
484,2,-0.6470173304924609,-0.558262672372913,0.3116124200128871,1.5876,1,1.5876,6.0,inf
484,3,-0.6470173304924609,-0.558262672372913,0.3116124200128871,1.5876,1,1.5876,6.0,inf
484,4,-0.6470173304924609,-0.558262672372913,0.3116124200128871,1.5876,1,1.5876,6.0,inf
484,5,-0.6470173304924609,-0.558262672372913,0.3116124200128871,1.5876,1,1.5876,6.0,inf
485,0,-0.7943191314862628,0.3797326858847084,-0.4530069323523818,1.7570999999999999,1,1.7570999999999999,6.0,inf
485,1,-0.7943191314862628,0.3797326858847084,-0.4530069323523818,1.7570999999999999,1,1.7570999999999999,6.0,inf
485,2,-0.7943191314862628,0.3797326858847084,-0.4530069323523818,1.7570999999999999,1,1.7570999999999999,6.0,inf
485,3,-0.7943191314862628,0.3797326858847084,-0.4530069323523818,1.7570999999999999,1,1.7570999999999999,6.0,inf
485,4,-0.7943191314862628,0.3797326858847084,-0.4530069323523818,1.7570999999999999,1,1.7570999999999999,6.0,inf
485,5,-0.7943191314862628,0.3797326858847084,-0.4530069323523818,1.7570999999999999,1,1.7570999999999999,6.0,inf
486,0,-0.48413904524130547,-1.556175976020517,-1.7119615079950141,3.4364999999999997,1,3.4364999999999997,6.0,inf
486,1,-0.48413904524130547,-1.556175976020517,-1.7119615079950141,3.4364999999999997,1,3.4364999999999997,6.0,inf
486,2,-0.48413904524130547,-1.556175976020517,-1.7119615079950141,3.4364999999999997,1,3.4364999999999997,6.0,inf
486,3,-0.48413904524130547,-1.556175976020517,-1.7119615079950141,3.4364999999999997,1,3.4364999999999997,6.0,inf
486,4,-0.48413904524130547,-1.556175976020517,-1.7119615079950141,3.4364999999999997,1,3.4364999999999997,6.0,inf
486,5,-0.48413904524130547,-1.556175976020517,-1.7119615079950141,3.4364999999999997,1,3.4364999999999997,6.0,inf
487,0,-0.9843046604584166,-0.6868280522731682,1.1600499361246153,4.0725,1,4.0725,6.0,inf
487,1,-0.9843046604584166,-0.6868280522731682,1.1600499361246153,4.0725,1,4.0725,6.0,inf
487,2,-0.9843046604584166,-0.6868280522731682,1.1600499361246153,4.0725,1,4.0725,6.0,inf
487,3,-0.9843046604584166,-0.6868280522731682,1.1600499361246153,4.0725,1,4.0725,6.0,inf
487,4,-0.9843046604584166,-0.6868280522731682,1.1600499361246153,4.0725,1,4.0725,6.0,inf
487,5,-0.9843046604584166,-0.6868280522731682,1.1600499361246153,4.0725,1,4.0725,6.0,inf
488,0,-0.27287288794083653,1.0584344022187473,-1.4202760754920776,3.5237999999999996,1,3.5237999999999996,6.0,inf
488,1,-0.27287288794083653,1.0584344022187473,-1.4202760754920776,3.5237999999999996,1,3.5237999999999996,6.0,inf
488,2,-0.27287288794083653,1.0584344022187473,-1.4202760754920776,3.5237999999999996,1,3.5237999999999996,6.0,inf
488,3,-0.27287288794083653,1.0584344022187473,-1.4202760754920776,3.5237999999999996,1,3.5237999999999996,6.0,inf
488,4,-0.27287288794083653,1.0584344022187473,-1.4202760754920776,3.5237999999999996,1,3.5237999999999996,6.0,inf
488,5,-0.27287288794083653,1.0584344022187473,-1.4202760754920776,3.5237999999999996,1,3.5237999999999996,6.0,inf
489,0,0.19127905587183508,0.4665987945118043,0.7339221364364735,2.0852999999999997,1,2.0852999999999997,6.0,inf
489,1,0.19127905587183508,0.4665987945118043,0.7339221364364735,2.0852999999999997,1,2.0852999999999997,6.0,inf
489,2,0.19127905587183508,0.4665987945118043,0.7339221364364735,2.0852999999999997,1,2.0852999999999997,6.0,inf
489,3,0.19127905587183508,0.4665987945118043,0.7339221364364735,2.0852999999999997,1,2.0852999999999997,6.0,inf
489,4,0.19127905587183508,0.4665987945118043,0.7339221364364735,2.0852999999999997,1,2.0852999999999997,6.0,inf
489,5,0.19127905587183508,0.4665987945118043,0.7339221364364735,2.0852999999999997,1,2.0852999999999997,6.0,inf
490,0,0.5829073621875605,-1.034747890303277,-0.020517686262387785,2.0033999999999996,1,2.0033999999999996,6.0,inf
490,1,0.5829073621875605,-1.034747890303277,-0.020517686262387785,2.0033999999999996,1,2.0033999999999996,6.0,inf
490,2,0.5829073621875605,-1.034747890303277,-0.020517686262387785,2.0033999999999996,1,2.0033999999999996,6.0,inf
490,3,0.5829073621875605,-1.034747890303277,-0.020517686262387785,2.0033999999999996,1,2.0033999999999996,6.0,inf
490,4,0.5829073621875605,-1.034747890303277,-0.020517686262387785,2.0033999999999996,1,2.0033999999999996,6.0,inf
490,5,0.5829073621875605,-1.034747890303277,-0.020517686262387785,2.0033999999999996,1,2.0033999999999996,6.0,inf
491,0,-0.8245996328472782,0.3308024029343956,0.3725070176550201,4.728899999999999,1,4.728899999999999,6.0,inf
491,1,-0.8245996328472782,0.3308024029343956,0.3725070176550201,4.728899999999999,1,4.728899999999999,6.0,inf
491,2,-0.8245996328472782,0.3308024029343956,0.3725070176550201,4.728899999999999,1,4.728899999999999,6.0,inf
491,3,-0.8245996328472782,0.3308024029343956,0.3725070176550201,4.728899999999999,1,4.728899999999999,6.0,inf
491,4,-0.8245996328472782,0.3308024029343956,0.3725070176550201,4.728899999999999,1,4.728899999999999,6.0,inf
491,5,-0.8245996328472782,0.3308024029343956,0.3725070176550201,4.728899999999999,1,4.728899999999999,6.0,inf
492,0,-1.176070649808763,-2.1845775084013352,-0.005991173128223918,1.3541999999999998,1,1.3541999999999998,6.0,inf
492,1,-1.176070649808763,-2.1845775084013352,-0.005991173128223918,1.3541999999999998,1,1.3541999999999998,6.0,inf
492,2,-1.176070649808763,-2.1845775084013352,-0.005991173128223918,1.3541999999999998,1,1.3541999999999998,6.0,inf
492,3,-1.176070649808763,-2.1845775084013352,-0.005991173128223918,1.3541999999999998,1,1.3541999999999998,6.0,inf
492,4,-1.176070649808763,-2.1845775084013352,-0.005991173128223918,1.3541999999999998,1,1.3541999999999998,6.0,inf
492,5,-1.176070649808763,-2.1845775084013352,-0.005991173128223918,1.3541999999999998,1,1.3541999999999998,6.0,inf
493,0,-0.13336730828136684,-2.4023376036430646,0.682684196144962,1.3382999999999998,1,1.3382999999999998,6.0,inf
493,1,-0.13336730828136684,-2.4023376036430646,0.682684196144962,1.3382999999999998,1,1.3382999999999998,6.0,inf
493,2,-0.13336730828136684,-2.4023376036430646,0.682684196144962,1.3382999999999998,1,1.3382999999999998,6.0,inf
493,3,-0.13336730828136684,-2.4023376036430646,0.682684196144962,1.3382999999999998,1,1.3382999999999998,6.0,inf
493,4,-0.13336730828136684,-2.4023376036430646,0.682684196144962,1.3382999999999998,1,1.3382999999999998,6.0,inf
493,5,-0.13336730828136684,-2.4023376036430646,0.682684196144962,1.3382999999999998,1,1.3382999999999998,6.0,inf
494,0,1.6857001279991237,-0.19889766359617878,-0.46972806305009707,2.4680999999999997,1,2.4680999999999997,6.0,inf
494,1,1.6857001279991237,-0.19889766359617878,-0.46972806305009707,2.4680999999999997,1,2.4680999999999997,6.0,inf
494,2,1.6857001279991237,-0.19889766359617878,-0.46972806305009707,2.4680999999999997,1,2.4680999999999997,6.0,inf
494,3,1.6857001279991237,-0.19889766359617878,-0.46972806305009707,2.4680999999999997,1,2.4680999999999997,6.0,inf
494,4,1.6857001279991237,-0.19889766359617878,-0.46972806305009707,2.4680999999999997,1,2.4680999999999997,6.0,inf
494,5,1.6857001279991237,-0.19889766359617878,-0.46972806305009707,2.4680999999999997,1,2.4680999999999997,6.0,inf
495,0,-0.8595542581019364,0.03560533889017066,-1.0052914687334442,3.2276999999999996,1,3.2276999999999996,6.0,inf
495,1,-0.8595542581019364,0.03560533889017066,-1.0052914687334442,3.2276999999999996,1,3.2276999999999996,6.0,inf
495,2,-0.8595542581019364,0.03560533889017066,-1.0052914687334442,3.2276999999999996,1,3.2276999999999996,6.0,inf
495,3,-0.8595542581019364,0.03560533889017066,-1.0052914687334442,3.2276999999999996,1,3.2276999999999996,6.0,inf
495,4,-0.8595542581019364,0.03560533889017066,-1.0052914687334442,3.2276999999999996,1,3.2276999999999996,6.0,inf
495,5,-0.8595542581019364,0.03560533889017066,-1.0052914687334442,3.2276999999999996,1,3.2276999999999996,6.0,inf
496,0,-1.318457479098671,-1.787878873568565,-0.203846148897951,1.8824999999999998,1,1.8824999999999998,6.0,inf
496,1,-1.318457479098671,-1.787878873568565,-0.203846148897951,1.8824999999999998,1,1.8824999999999998,6.0,inf
496,2,-1.318457479098671,-1.787878873568565,-0.203846148897951,1.8824999999999998,1,1.8824999999999998,6.0,inf
496,3,-1.318457479098671,-1.787878873568565,-0.203846148897951,1.8824999999999998,1,1.8824999999999998,6.0,inf
496,4,-1.318457479098671,-1.787878873568565,-0.203846148897951,1.8824999999999998,1,1.8824999999999998,6.0,inf
496,5,-1.318457479098671,-1.787878873568565,-0.203846148897951,1.8824999999999998,1,1.8824999999999998,6.0,inf
497,0,-2.280813257346,-1.0250876823788972,-1.4410768247491852,5.3499,1,5.3499,6.0,inf
497,1,-2.280813257346,-1.0250876823788972,-1.4410768247491852,5.3499,1,5.3499,6.0,inf
497,2,-2.280813257346,-1.0250876823788972,-1.4410768247491852,5.3499,1,5.3499,6.0,inf
497,3,-2.280813257346,-1.0250876823788972,-1.4410768247491852,5.3499,1,5.3499,6.0,inf
497,4,-2.280813257346,-1.0250876823788972,-1.4410768247491852,5.3499,1,5.3499,6.0,inf
497,5,-2.280813257346,-1.0250876823788972,-1.4410768247491852,5.3499,1,5.3499,6.0,inf
498,0,1.2229655002447053,0.9384136440027582,-0.5718653802193797,2.5559999999999996,1,2.5559999999999996,6.0,inf
498,1,1.2229655002447053,0.9384136440027582,-0.5718653802193797,2.5559999999999996,1,2.5559999999999996,6.0,inf
498,2,1.2229655002447053,0.9384136440027582,-0.5718653802193797,2.5559999999999996,1,2.5559999999999996,6.0,inf
498,3,1.2229655002447053,0.9384136440027582,-0.5718653802193797,2.5559999999999996,1,2.5559999999999996,6.0,inf
498,4,1.2229655002447053,0.9384136440027582,-0.5718653802193797,2.5559999999999996,1,2.5559999999999996,6.0,inf
498,5,1.2229655002447053,0.9384136440027582,-0.5718653802193797,2.5559999999999996,1,2.5559999999999996,6.0,inf
499,0,0.28862847367002437,0.46353596948166326,-0.8223726277575997,4.1712,1,4.1712,6.0,inf
499,1,0.28862847367002437,0.46353596948166326,-0.8223726277575997,4.1712,1,4.1712,6.0,inf
499,2,0.28862847367002437,0.46353596948166326,-0.8223726277575997,4.1712,1,4.1712,6.0,inf
499,3,0.28862847367002437,0.46353596948166326,-0.8223726277575997,4.1712,1,4.1712,6.0,inf
499,4,0.28862847367002437,0.46353596948166326,-0.8223726277575997,4.1712,1,4.1712,6.0,inf
499,5,0.28862847367002437,0.46353596948166326,-0.8223726277575997,4.1712,1,4.1712,6.0,inf
500,0,2.517054721472324,0.7484400840708394,-1.267394838592163,2.5292999999999997,1,2.5292999999999997,6.0,inf
500,1,2.517054721472324,0.7484400840708394,-1.267394838592163,2.5292999999999997,1,2.5292999999999997,6.0,inf
500,2,2.517054721472324,0.7484400840708394,-1.267394838592163,2.5292999999999997,1,2.5292999999999997,6.0,inf
500,3,2.517054721472324,0.7484400840708394,-1.267394838592163,2.5292999999999997,1,2.5292999999999997,6.0,inf
500,4,2.517054721472324,0.7484400840708394,-1.267394838592163,2.5292999999999997,1,2.5292999999999997,6.0,inf
500,5,2.517054721472324,0.7484400840708394,-1.267394838592163,2.5292999999999997,1,2.5292999999999997,6.0,inf
501,0,0.5382810435110342,0.42833332379108724,-1.08604611710025,3.6159,1,3.6159,6.0,inf
501,1,0.5382810435110342,0.42833332379108724,-1.08604611710025,3.6159,1,3.6159,6.0,inf
501,2,0.5382810435110342,0.42833332379108724,-1.08604611710025,3.6159,1,3.6159,6.0,inf
501,3,0.5382810435110342,0.42833332379108724,-1.08604611710025,3.6159,1,3.6159,6.0,inf
501,4,0.5382810435110342,0.42833332379108724,-1.08604611710025,3.6159,1,3.6159,6.0,inf
501,5,0.5382810435110342,0.42833332379108724,-1.08604611710025,3.6159,1,3.6159,6.0,inf
502,0,-0.8543614876663425,-0.7897458673830965,0.12836269808493816,1.9418999999999997,1,1.9418999999999997,6.0,inf
502,1,-0.8543614876663425,-0.7897458673830965,0.12836269808493816,1.9418999999999997,1,1.9418999999999997,6.0,inf
502,2,-0.8543614876663425,-0.7897458673830965,0.12836269808493816,1.9418999999999997,1,1.9418999999999997,6.0,inf
502,3,-0.8543614876663425,-0.7897458673830965,0.12836269808493816,1.9418999999999997,1,1.9418999999999997,6.0,inf
502,4,-0.8543614876663425,-0.7897458673830965,0.12836269808493816,1.9418999999999997,1,1.9418999999999997,6.0,inf
502,5,-0.8543614876663425,-0.7897458673830965,0.12836269808493816,1.9418999999999997,1,1.9418999999999997,6.0,inf
503,0,0.1157461685868712,1.559450354053208,1.3478702852983442,2.9324999999999997,1,2.9324999999999997,6.0,inf
503,1,0.1157461685868712,1.559450354053208,1.3478702852983442,2.9324999999999997,1,2.9324999999999997,6.0,inf
503,2,0.1157461685868712,1.559450354053208,1.3478702852983442,2.9324999999999997,1,2.9324999999999997,6.0,inf
503,3,0.1157461685868712,1.559450354053208,1.3478702852983442,2.9324999999999997,1,2.9324999999999997,6.0,inf
503,4,0.1157461685868712,1.559450354053208,1.3478702852983442,2.9324999999999997,1,2.9324999999999997,6.0,inf
503,5,0.1157461685868712,1.559450354053208,1.3478702852983442,2.9324999999999997,1,2.9324999999999997,6.0,inf
504,0,-0.1193971124605534,-1.2777809251728631,0.8407171041462081,1.0154999999999998,1,1.0154999999999998,6.0,inf
504,1,-0.1193971124605534,-1.2777809251728631,0.8407171041462081,1.0154999999999998,1,1.0154999999999998,6.0,inf
504,2,-0.1193971124605534,-1.2777809251728631,0.8407171041462081,1.0154999999999998,1,1.0154999999999998,6.0,inf
504,3,-0.1193971124605534,-1.2777809251728631,0.8407171041462081,1.0154999999999998,1,1.0154999999999998,6.0,inf
504,4,-0.1193971124605534,-1.2777809251728631,0.8407171041462081,1.0154999999999998,1,1.0154999999999998,6.0,inf
504,5,-0.1193971124605534,-1.2777809251728631,0.8407171041462081,1.0154999999999998,1,1.0154999999999998,6.0,inf
505,0,0.6955367735088684,0.393733248835563,-0.23572808289879404,4.2264,1,4.2264,6.0,inf
505,1,0.6955367735088684,0.393733248835563,-0.23572808289879404,4.2264,1,4.2264,6.0,inf
505,2,0.6955367735088684,0.393733248835563,-0.23572808289879404,4.2264,1,4.2264,6.0,inf
505,3,0.6955367735088684,0.393733248835563,-0.23572808289879404,4.2264,1,4.2264,6.0,inf
505,4,0.6955367735088684,0.393733248835563,-0.23572808289879404,4.2264,1,4.2264,6.0,inf
505,5,0.6955367735088684,0.393733248835563,-0.23572808289879404,4.2264,1,4.2264,6.0,inf
506,0,0.5713809238604172,-0.39290468021782143,1.3589059132632293,2.2485,1,2.2485,6.0,inf
506,1,0.5713809238604172,-0.39290468021782143,1.3589059132632293,2.2485,1,2.2485,6.0,inf
506,2,0.5713809238604172,-0.39290468021782143,1.3589059132632293,2.2485,1,2.2485,6.0,inf
506,3,0.5713809238604172,-0.39290468021782143,1.3589059132632293,2.2485,1,2.2485,6.0,inf
506,4,0.5713809238604172,-0.39290468021782143,1.3589059132632293,2.2485,1,2.2485,6.0,inf
506,5,0.5713809238604172,-0.39290468021782143,1.3589059132632293,2.2485,1,2.2485,6.0,inf
507,0,0.6775768581193584,-2.053642752129013,1.8438160348045312,0.8846999999999999,1,0.8846999999999999,6.0,inf
507,1,0.6775768581193584,-2.053642752129013,1.8438160348045312,0.8846999999999999,1,0.8846999999999999,6.0,inf
507,2,0.6775768581193584,-2.053642752129013,1.8438160348045312,0.8846999999999999,1,0.8846999999999999,6.0,inf
507,3,0.6775768581193584,-2.053642752129013,1.8438160348045312,0.8846999999999999,1,0.8846999999999999,6.0,inf
507,4,0.6775768581193584,-2.053642752129013,1.8438160348045312,0.8846999999999999,1,0.8846999999999999,6.0,inf
507,5,0.6775768581193584,-2.053642752129013,1.8438160348045312,0.8846999999999999,1,0.8846999999999999,6.0,inf
508,0,-1.0552955125766537,-0.2231009152509863,-0.4596641774137429,0.8900999999999999,1,0.8900999999999999,6.0,inf
508,1,-1.0552955125766537,-0.2231009152509863,-0.4596641774137429,0.8900999999999999,1,0.8900999999999999,6.0,inf
508,2,-1.0552955125766537,-0.2231009152509863,-0.4596641774137429,0.8900999999999999,1,0.8900999999999999,6.0,inf
508,3,-1.0552955125766537,-0.2231009152509863,-0.4596641774137429,0.8900999999999999,1,0.8900999999999999,6.0,inf
508,4,-1.0552955125766537,-0.2231009152509863,-0.4596641774137429,0.8900999999999999,1,0.8900999999999999,6.0,inf
508,5,-1.0552955125766537,-0.2231009152509863,-0.4596641774137429,0.8900999999999999,1,0.8900999999999999,6.0,inf
509,0,2.2573709117021434,-0.6431012500139053,0.49576776524166394,2.0583,1,2.0583,6.0,inf
509,1,2.2573709117021434,-0.6431012500139053,0.49576776524166394,2.0583,1,2.0583,6.0,inf
509,2,2.2573709117021434,-0.6431012500139053,0.49576776524166394,2.0583,1,2.0583,6.0,inf
509,3,2.2573709117021434,-0.6431012500139053,0.49576776524166394,2.0583,1,2.0583,6.0,inf
509,4,2.2573709117021434,-0.6431012500139053,0.49576776524166394,2.0583,1,2.0583,6.0,inf
509,5,2.2573709117021434,-0.6431012500139053,0.49576776524166394,2.0583,1,2.0583,6.0,inf
510,0,-0.3366937401875228,1.8350756200205136,-0.8940050719465058,4.7078999999999995,1,4.7078999999999995,6.0,inf
510,1,-0.3366937401875228,1.8350756200205136,-0.8940050719465058,4.7078999999999995,1,4.7078999999999995,6.0,inf
510,2,-0.3366937401875228,1.8350756200205136,-0.8940050719465058,4.7078999999999995,1,4.7078999999999995,6.0,inf
510,3,-0.3366937401875228,1.8350756200205136,-0.8940050719465058,4.7078999999999995,1,4.7078999999999995,6.0,inf
510,4,-0.3366937401875228,1.8350756200205136,-0.8940050719465058,4.7078999999999995,1,4.7078999999999995,6.0,inf
510,5,-0.3366937401875228,1.8350756200205136,-0.8940050719465058,4.7078999999999995,1,4.7078999999999995,6.0,inf
511,0,-0.657536712943104,-0.8729359080200262,-0.5956977320700241,1.2729,1,1.2729,6.0,inf
511,1,-0.657536712943104,-0.8729359080200262,-0.5956977320700241,1.2729,1,1.2729,6.0,inf
511,2,-0.657536712943104,-0.8729359080200262,-0.5956977320700241,1.2729,1,1.2729,6.0,inf
511,3,-0.657536712943104,-0.8729359080200262,-0.5956977320700241,1.2729,1,1.2729,6.0,inf
511,4,-0.657536712943104,-0.8729359080200262,-0.5956977320700241,1.2729,1,1.2729,6.0,inf
511,5,-0.657536712943104,-0.8729359080200262,-0.5956977320700241,1.2729,1,1.2729,6.0,inf
512,0,0.47396926369125925,0.11836716014915265,0.20965850630685137,2.7521999999999998,1,2.7521999999999998,6.0,inf
512,1,0.47396926369125925,0.11836716014915265,0.20965850630685137,2.7521999999999998,1,2.7521999999999998,6.0,inf
512,2,0.47396926369125925,0.11836716014915265,0.20965850630685137,2.7521999999999998,1,2.7521999999999998,6.0,inf
512,3,0.47396926369125925,0.11836716014915265,0.20965850630685137,2.7521999999999998,1,2.7521999999999998,6.0,inf
512,4,0.47396926369125925,0.11836716014915265,0.20965850630685137,2.7521999999999998,1,2.7521999999999998,6.0,inf
512,5,0.47396926369125925,0.11836716014915265,0.20965850630685137,2.7521999999999998,1,2.7521999999999998,6.0,inf
513,0,0.8308193378120641,-0.7786174340271321,-1.9385889544434276,0.7935,1,0.7935,6.0,inf
513,1,0.8308193378120641,-0.7786174340271321,-1.9385889544434276,0.7935,1,0.7935,6.0,inf
513,2,0.8308193378120641,-0.7786174340271321,-1.9385889544434276,0.7935,1,0.7935,6.0,inf
513,3,0.8308193378120641,-0.7786174340271321,-1.9385889544434276,0.7935,1,0.7935,6.0,inf
513,4,0.8308193378120641,-0.7786174340271321,-1.9385889544434276,0.7935,1,0.7935,6.0,inf
513,5,0.8308193378120641,-0.7786174340271321,-1.9385889544434276,0.7935,1,0.7935,6.0,inf
514,0,1.4393051545149518,2.620052271705036,0.3236795115417575,4.5957,1,4.5957,6.0,inf
514,1,1.4393051545149518,2.620052271705036,0.3236795115417575,4.5957,1,4.5957,6.0,inf
514,2,1.4393051545149518,2.620052271705036,0.3236795115417575,4.5957,1,4.5957,6.0,inf
514,3,1.4393051545149518,2.620052271705036,0.3236795115417575,4.5957,1,4.5957,6.0,inf
514,4,1.4393051545149518,2.620052271705036,0.3236795115417575,4.5957,1,4.5957,6.0,inf
514,5,1.4393051545149518,2.620052271705036,0.3236795115417575,4.5957,1,4.5957,6.0,inf
515,0,0.21570791817720897,0.3490086888690811,0.19139135167164859,6.0,0,7.1289,6.0,inf
515,1,0.21570791817720897,0.3490086888690811,0.19139135167164859,6.0,0,7.1289,6.0,inf
515,2,0.21570791817720897,0.3490086888690811,0.19139135167164859,6.0,0,7.1289,6.0,inf
515,3,0.21570791817720897,0.3490086888690811,0.19139135167164859,6.0,0,7.1289,6.0,inf
515,4,0.21570791817720897,0.3490086888690811,0.19139135167164859,6.0,0,7.1289,6.0,inf
515,5,0.21570791817720897,0.3490086888690811,0.19139135167164859,6.0,0,7.1289,6.0,inf
516,0,0.15320636628788362,2.1421269020962925,-0.4192635792390543,3.9617999999999998,1,3.9617999999999998,6.0,inf
516,1,0.15320636628788362,2.1421269020962925,-0.4192635792390543,3.9617999999999998,1,3.9617999999999998,6.0,inf
516,2,0.15320636628788362,2.1421269020962925,-0.4192635792390543,3.9617999999999998,1,3.9617999999999998,6.0,inf
516,3,0.15320636628788362,2.1421269020962925,-0.4192635792390543,3.9617999999999998,1,3.9617999999999998,6.0,inf
516,4,0.15320636628788362,2.1421269020962925,-0.4192635792390543,3.9617999999999998,1,3.9617999999999998,6.0,inf
516,5,0.15320636628788362,2.1421269020962925,-0.4192635792390543,3.9617999999999998,1,3.9617999999999998,6.0,inf
517,0,0.413802778615881,2.4109314367704093,-1.511726012452399,4.0053,1,4.0053,6.0,inf
517,1,0.413802778615881,2.4109314367704093,-1.511726012452399,4.0053,1,4.0053,6.0,inf
517,2,0.413802778615881,2.4109314367704093,-1.511726012452399,4.0053,1,4.0053,6.0,inf
517,3,0.413802778615881,2.4109314367704093,-1.511726012452399,4.0053,1,4.0053,6.0,inf
517,4,0.413802778615881,2.4109314367704093,-1.511726012452399,4.0053,1,4.0053,6.0,inf
517,5,0.413802778615881,2.4109314367704093,-1.511726012452399,4.0053,1,4.0053,6.0,inf
518,0,2.0750270514516957,0.7412024632421441,0.41738398799181164,2.0534999999999997,1,2.0534999999999997,6.0,inf
518,1,2.0750270514516957,0.7412024632421441,0.41738398799181164,2.0534999999999997,1,2.0534999999999997,6.0,inf
518,2,2.0750270514516957,0.7412024632421441,0.41738398799181164,2.0534999999999997,1,2.0534999999999997,6.0,inf
518,3,2.0750270514516957,0.7412024632421441,0.41738398799181164,2.0534999999999997,1,2.0534999999999997,6.0,inf
518,4,2.0750270514516957,0.7412024632421441,0.41738398799181164,2.0534999999999997,1,2.0534999999999997,6.0,inf
518,5,2.0750270514516957,0.7412024632421441,0.41738398799181164,2.0534999999999997,1,2.0534999999999997,6.0,inf
519,0,1.0533324353140203,0.24625329087034725,0.7425285911261336,2.586,1,2.586,6.0,inf
519,1,1.0533324353140203,0.24625329087034725,0.7425285911261336,2.586,1,2.586,6.0,inf
519,2,1.0533324353140203,0.24625329087034725,0.7425285911261336,2.586,1,2.586,6.0,inf
519,3,1.0533324353140203,0.24625329087034725,0.7425285911261336,2.586,1,2.586,6.0,inf
519,4,1.0533324353140203,0.24625329087034725,0.7425285911261336,2.586,1,2.586,6.0,inf
519,5,1.0533324353140203,0.24625329087034725,0.7425285911261336,2.586,1,2.586,6.0,inf
520,0,-1.481375730151753,0.5117915686023818,-0.37982254239380225,5.3244,1,5.3244,6.0,inf
520,1,-1.481375730151753,0.5117915686023818,-0.37982254239380225,5.3244,1,5.3244,6.0,inf
520,2,-1.481375730151753,0.5117915686023818,-0.37982254239380225,5.3244,1,5.3244,6.0,inf
520,3,-1.481375730151753,0.5117915686023818,-0.37982254239380225,5.3244,1,5.3244,6.0,inf
520,4,-1.481375730151753,0.5117915686023818,-0.37982254239380225,5.3244,1,5.3244,6.0,inf
520,5,-1.481375730151753,0.5117915686023818,-0.37982254239380225,5.3244,1,5.3244,6.0,inf
521,0,0.5285462984223311,-1.17256237634683,-0.19206613684478294,1.0887,1,1.0887,6.0,inf
521,1,0.5285462984223311,-1.17256237634683,-0.19206613684478294,1.0887,1,1.0887,6.0,inf
521,2,0.5285462984223311,-1.17256237634683,-0.19206613684478294,1.0887,1,1.0887,6.0,inf
521,3,0.5285462984223311,-1.17256237634683,-0.19206613684478294,1.0887,1,1.0887,6.0,inf
521,4,0.5285462984223311,-1.17256237634683,-0.19206613684478294,1.0887,1,1.0887,6.0,inf
521,5,0.5285462984223311,-1.17256237634683,-0.19206613684478294,1.0887,1,1.0887,6.0,inf
522,0,-1.1758178591170783,0.5626295634876448,1.20057115562547,0.9408,1,0.9408,6.0,inf
522,1,-1.1758178591170783,0.5626295634876448,1.20057115562547,0.9408,1,0.9408,6.0,inf
522,2,-1.1758178591170783,0.5626295634876448,1.20057115562547,0.9408,1,0.9408,6.0,inf
522,3,-1.1758178591170783,0.5626295634876448,1.20057115562547,0.9408,1,0.9408,6.0,inf
522,4,-1.1758178591170783,0.5626295634876448,1.20057115562547,0.9408,1,0.9408,6.0,inf
522,5,-1.1758178591170783,0.5626295634876448,1.20057115562547,0.9408,1,0.9408,6.0,inf
523,0,0.04912296578469419,0.6280818837291547,1.7149306712345598,0.7221,1,0.7221,6.0,inf
523,1,0.04912296578469419,0.6280818837291547,1.7149306712345598,0.7221,1,0.7221,6.0,inf
523,2,0.04912296578469419,0.6280818837291547,1.7149306712345598,0.7221,1,0.7221,6.0,inf
523,3,0.04912296578469419,0.6280818837291547,1.7149306712345598,0.7221,1,0.7221,6.0,inf
523,4,0.04912296578469419,0.6280818837291547,1.7149306712345598,0.7221,1,0.7221,6.0,inf
523,5,0.04912296578469419,0.6280818837291547,1.7149306712345598,0.7221,1,0.7221,6.0,inf
524,0,-0.48937338991376517,2.566623312880584,-0.6695691243153342,4.7085,1,4.7085,6.0,inf
524,1,-0.48937338991376517,2.566623312880584,-0.6695691243153342,4.7085,1,4.7085,6.0,inf
524,2,-0.48937338991376517,2.566623312880584,-0.6695691243153342,4.7085,1,4.7085,6.0,inf
524,3,-0.48937338991376517,2.566623312880584,-0.6695691243153342,4.7085,1,4.7085,6.0,inf
524,4,-0.48937338991376517,2.566623312880584,-0.6695691243153342,4.7085,1,4.7085,6.0,inf
524,5,-0.48937338991376517,2.566623312880584,-0.6695691243153342,4.7085,1,4.7085,6.0,inf
525,0,-1.5033566112118035,-0.5560735930840449,-0.8992399845105064,0.8703,1,0.8703,6.0,inf
525,1,-1.5033566112118035,-0.5560735930840449,-0.8992399845105064,0.8703,1,0.8703,6.0,inf
525,2,-1.5033566112118035,-0.5560735930840449,-0.8992399845105064,0.8703,1,0.8703,6.0,inf
525,3,-1.5033566112118035,-0.5560735930840449,-0.8992399845105064,0.8703,1,0.8703,6.0,inf
525,4,-1.5033566112118035,-0.5560735930840449,-0.8992399845105064,0.8703,1,0.8703,6.0,inf
525,5,-1.5033566112118035,-0.5560735930840449,-0.8992399845105064,0.8703,1,0.8703,6.0,inf
526,0,-0.05438409599153349,-0.4720119223065572,0.42579959522866323,0.6113999999999999,1,0.6113999999999999,6.0,inf
526,1,-0.05438409599153349,-0.4720119223065572,0.42579959522866323,0.6113999999999999,1,0.6113999999999999,6.0,inf
526,2,-0.05438409599153349,-0.4720119223065572,0.42579959522866323,0.6113999999999999,1,0.6113999999999999,6.0,inf
526,3,-0.05438409599153349,-0.4720119223065572,0.42579959522866323,0.6113999999999999,1,0.6113999999999999,6.0,inf
526,4,-0.05438409599153349,-0.4720119223065572,0.42579959522866323,0.6113999999999999,1,0.6113999999999999,6.0,inf
526,5,-0.05438409599153349,-0.4720119223065572,0.42579959522866323,0.6113999999999999,1,0.6113999999999999,6.0,inf
527,0,0.25333486957395474,-0.6911661333163971,-1.3460840682504693,3.4928999999999997,1,3.4928999999999997,6.0,inf
527,1,0.25333486957395474,-0.6911661333163971,-1.3460840682504693,3.4928999999999997,1,3.4928999999999997,6.0,inf
527,2,0.25333486957395474,-0.6911661333163971,-1.3460840682504693,3.4928999999999997,1,3.4928999999999997,6.0,inf
527,3,0.25333486957395474,-0.6911661333163971,-1.3460840682504693,3.4928999999999997,1,3.4928999999999997,6.0,inf
527,4,0.25333486957395474,-0.6911661333163971,-1.3460840682504693,3.4928999999999997,1,3.4928999999999997,6.0,inf
527,5,0.25333486957395474,-0.6911661333163971,-1.3460840682504693,3.4928999999999997,1,3.4928999999999997,6.0,inf
528,0,-0.24372054900252618,-0.8372477568803509,1.7756745620386738,2.1954,1,2.1954,6.0,inf
528,1,-0.24372054900252618,-0.8372477568803509,1.7756745620386738,2.1954,1,2.1954,6.0,inf
528,2,-0.24372054900252618,-0.8372477568803509,1.7756745620386738,2.1954,1,2.1954,6.0,inf
528,3,-0.24372054900252618,-0.8372477568803509,1.7756745620386738,2.1954,1,2.1954,6.0,inf
528,4,-0.24372054900252618,-0.8372477568803509,1.7756745620386738,2.1954,1,2.1954,6.0,inf
528,5,-0.24372054900252618,-0.8372477568803509,1.7756745620386738,2.1954,1,2.1954,6.0,inf
529,0,1.4564068620778121,-0.5163918146584552,-0.4496210133707129,2.2838999999999996,1,2.2838999999999996,6.0,inf
529,1,1.4564068620778121,-0.5163918146584552,-0.4496210133707129,2.2838999999999996,1,2.2838999999999996,6.0,inf
529,2,1.4564068620778121,-0.5163918146584552,-0.4496210133707129,2.2838999999999996,1,2.2838999999999996,6.0,inf
529,3,1.4564068620778121,-0.5163918146584552,-0.4496210133707129,2.2838999999999996,1,2.2838999999999996,6.0,inf
529,4,1.4564068620778121,-0.5163918146584552,-0.4496210133707129,2.2838999999999996,1,2.2838999999999996,6.0,inf
529,5,1.4564068620778121,-0.5163918146584552,-0.4496210133707129,2.2838999999999996,1,2.2838999999999996,6.0,inf
530,0,0.28367164158192887,-0.14404255963134502,0.5000278444137986,2.4654,1,2.4654,6.0,inf
530,1,0.28367164158192887,-0.14404255963134502,0.5000278444137986,2.4654,1,2.4654,6.0,inf
530,2,0.28367164158192887,-0.14404255963134502,0.5000278444137986,2.4654,1,2.4654,6.0,inf
530,3,0.28367164158192887,-0.14404255963134502,0.5000278444137986,2.4654,1,2.4654,6.0,inf
530,4,0.28367164158192887,-0.14404255963134502,0.5000278444137986,2.4654,1,2.4654,6.0,inf
530,5,0.28367164158192887,-0.14404255963134502,0.5000278444137986,2.4654,1,2.4654,6.0,inf
531,0,-2.2113024321766046,1.5830408334463881,0.7236065950664836,4.3461,1,4.3461,6.0,inf
531,1,-2.2113024321766046,1.5830408334463881,0.7236065950664836,4.3461,1,4.3461,6.0,inf
531,2,-2.2113024321766046,1.5830408334463881,0.7236065950664836,4.3461,1,4.3461,6.0,inf
531,3,-2.2113024321766046,1.5830408334463881,0.7236065950664836,4.3461,1,4.3461,6.0,inf
531,4,-2.2113024321766046,1.5830408334463881,0.7236065950664836,4.3461,1,4.3461,6.0,inf
531,5,-2.2113024321766046,1.5830408334463881,0.7236065950664836,4.3461,1,4.3461,6.0,inf
532,0,0.6291079369503139,-0.4559612200906986,-0.3664298129058401,1.4207999999999998,1,1.4207999999999998,6.0,inf
532,1,0.6291079369503139,-0.4559612200906986,-0.3664298129058401,1.4207999999999998,1,1.4207999999999998,6.0,inf
532,2,0.6291079369503139,-0.4559612200906986,-0.3664298129058401,1.4207999999999998,1,1.4207999999999998,6.0,inf
532,3,0.6291079369503139,-0.4559612200906986,-0.3664298129058401,1.4207999999999998,1,1.4207999999999998,6.0,inf
532,4,0.6291079369503139,-0.4559612200906986,-0.3664298129058401,1.4207999999999998,1,1.4207999999999998,6.0,inf
532,5,0.6291079369503139,-0.4559612200906986,-0.3664298129058401,1.4207999999999998,1,1.4207999999999998,6.0,inf
533,0,0.8943269711383405,-0.3383301910918519,0.8287714809215908,2.0111999999999997,1,2.0111999999999997,6.0,inf
533,1,0.8943269711383405,-0.3383301910918519,0.8287714809215908,2.0111999999999997,1,2.0111999999999997,6.0,inf
533,2,0.8943269711383405,-0.3383301910918519,0.8287714809215908,2.0111999999999997,1,2.0111999999999997,6.0,inf
533,3,0.8943269711383405,-0.3383301910918519,0.8287714809215908,2.0111999999999997,1,2.0111999999999997,6.0,inf
533,4,0.8943269711383405,-0.3383301910918519,0.8287714809215908,2.0111999999999997,1,2.0111999999999997,6.0,inf
533,5,0.8943269711383405,-0.3383301910918519,0.8287714809215908,2.0111999999999997,1,2.0111999999999997,6.0,inf
534,0,-0.8016515323855689,1.698873029092707,0.9750484145782141,2.8226999999999998,1,2.8226999999999998,6.0,inf
534,1,-0.8016515323855689,1.698873029092707,0.9750484145782141,2.8226999999999998,1,2.8226999999999998,6.0,inf
534,2,-0.8016515323855689,1.698873029092707,0.9750484145782141,2.8226999999999998,1,2.8226999999999998,6.0,inf
534,3,-0.8016515323855689,1.698873029092707,0.9750484145782141,2.8226999999999998,1,2.8226999999999998,6.0,inf
534,4,-0.8016515323855689,1.698873029092707,0.9750484145782141,2.8226999999999998,1,2.8226999999999998,6.0,inf
534,5,-0.8016515323855689,1.698873029092707,0.9750484145782141,2.8226999999999998,1,2.8226999999999998,6.0,inf
535,0,0.6341340291827972,0.06366371613513634,0.9968123995314783,0.0003,1,0.0003,6.0,inf
535,1,0.6341340291827972,0.06366371613513634,0.9968123995314783,0.0003,1,0.0003,6.0,inf
535,2,0.6341340291827972,0.06366371613513634,0.9968123995314783,0.0003,1,0.0003,6.0,inf
535,3,0.6341340291827972,0.06366371613513634,0.9968123995314783,0.0003,1,0.0003,6.0,inf
535,4,0.6341340291827972,0.06366371613513634,0.9968123995314783,0.0003,1,0.0003,6.0,inf
535,5,0.6341340291827972,0.06366371613513634,0.9968123995314783,0.0003,1,0.0003,6.0,inf
536,0,-0.27119751583313106,1.337294562832845,-1.0347027444403751,4.0401,1,4.0401,6.0,inf
536,1,-0.27119751583313106,1.337294562832845,-1.0347027444403751,4.0401,1,4.0401,6.0,inf
536,2,-0.27119751583313106,1.337294562832845,-1.0347027444403751,4.0401,1,4.0401,6.0,inf
536,3,-0.27119751583313106,1.337294562832845,-1.0347027444403751,4.0401,1,4.0401,6.0,inf
536,4,-0.27119751583313106,1.337294562832845,-1.0347027444403751,4.0401,1,4.0401,6.0,inf
536,5,-0.27119751583313106,1.337294562832845,-1.0347027444403751,4.0401,1,4.0401,6.0,inf
537,0,0.8010046024251406,-0.977611444980762,-0.21646326703260782,1.1055,1,1.1055,6.0,inf
537,1,0.8010046024251406,-0.977611444980762,-0.21646326703260782,1.1055,1,1.1055,6.0,inf
537,2,0.8010046024251406,-0.977611444980762,-0.21646326703260782,1.1055,1,1.1055,6.0,inf
537,3,0.8010046024251406,-0.977611444980762,-0.21646326703260782,1.1055,1,1.1055,6.0,inf
537,4,0.8010046024251406,-0.977611444980762,-0.21646326703260782,1.1055,1,1.1055,6.0,inf
537,5,0.8010046024251406,-0.977611444980762,-0.21646326703260782,1.1055,1,1.1055,6.0,inf
538,0,-0.6297737407262576,-0.062328423666297414,-0.3460033304307814,6.0,0,8.0001,6.0,inf
538,1,-0.6297737407262576,-0.062328423666297414,-0.3460033304307814,6.0,0,8.0001,6.0,inf
538,2,-0.6297737407262576,-0.062328423666297414,-0.3460033304307814,6.0,0,8.0001,6.0,inf
538,3,-0.6297737407262576,-0.062328423666297414,-0.3460033304307814,6.0,0,8.0001,6.0,inf
538,4,-0.6297737407262576,-0.062328423666297414,-0.3460033304307814,6.0,0,8.0001,6.0,inf
538,5,-0.6297737407262576,-0.062328423666297414,-0.3460033304307814,6.0,0,8.0001,6.0,inf
539,0,-0.022326913785419174,0.6099709987406288,-0.3323284127904517,2.4806999999999997,1,2.4806999999999997,6.0,inf
539,1,-0.022326913785419174,0.6099709987406288,-0.3323284127904517,2.4806999999999997,1,2.4806999999999997,6.0,inf
539,2,-0.022326913785419174,0.6099709987406288,-0.3323284127904517,2.4806999999999997,1,2.4806999999999997,6.0,inf
539,3,-0.022326913785419174,0.6099709987406288,-0.3323284127904517,2.4806999999999997,1,2.4806999999999997,6.0,inf
539,4,-0.022326913785419174,0.6099709987406288,-0.3323284127904517,2.4806999999999997,1,2.4806999999999997,6.0,inf
539,5,-0.022326913785419174,0.6099709987406288,-0.3323284127904517,2.4806999999999997,1,2.4806999999999997,6.0,inf
540,0,0.740817937836306,1.1078646709000082,-0.5070212384858789,3.6266999999999996,1,3.6266999999999996,6.0,inf
540,1,0.740817937836306,1.1078646709000082,-0.5070212384858789,3.6266999999999996,1,3.6266999999999996,6.0,inf
540,2,0.740817937836306,1.1078646709000082,-0.5070212384858789,3.6266999999999996,1,3.6266999999999996,6.0,inf
540,3,0.740817937836306,1.1078646709000082,-0.5070212384858789,3.6266999999999996,1,3.6266999999999996,6.0,inf
540,4,0.740817937836306,1.1078646709000082,-0.5070212384858789,3.6266999999999996,1,3.6266999999999996,6.0,inf
540,5,0.740817937836306,1.1078646709000082,-0.5070212384858789,3.6266999999999996,1,3.6266999999999996,6.0,inf
541,0,0.3246993665945946,-0.35659172092992697,1.1489504940165767,1.0389,1,1.0389,6.0,inf
541,1,0.3246993665945946,-0.35659172092992697,1.1489504940165767,1.0389,1,1.0389,6.0,inf
541,2,0.3246993665945946,-0.35659172092992697,1.1489504940165767,1.0389,1,1.0389,6.0,inf
541,3,0.3246993665945946,-0.35659172092992697,1.1489504940165767,1.0389,1,1.0389,6.0,inf
541,4,0.3246993665945946,-0.35659172092992697,1.1489504940165767,1.0389,1,1.0389,6.0,inf
541,5,0.3246993665945946,-0.35659172092992697,1.1489504940165767,1.0389,1,1.0389,6.0,inf
542,0,1.856363745660473,0.9722387460883706,-1.2932038693058054,2.6094,1,2.6094,6.0,inf
542,1,1.856363745660473,0.9722387460883706,-1.2932038693058054,2.6094,1,2.6094,6.0,inf
542,2,1.856363745660473,0.9722387460883706,-1.2932038693058054,2.6094,1,2.6094,6.0,inf
542,3,1.856363745660473,0.9722387460883706,-1.2932038693058054,2.6094,1,2.6094,6.0,inf
542,4,1.856363745660473,0.9722387460883706,-1.2932038693058054,2.6094,1,2.6094,6.0,inf
542,5,1.856363745660473,0.9722387460883706,-1.2932038693058054,2.6094,1,2.6094,6.0,inf
543,0,-0.21345217090373986,0.3896883836788757,0.12767317677940432,2.7167999999999997,1,2.7167999999999997,6.0,inf
543,1,-0.21345217090373986,0.3896883836788757,0.12767317677940432,2.7167999999999997,1,2.7167999999999997,6.0,inf
543,2,-0.21345217090373986,0.3896883836788757,0.12767317677940432,2.7167999999999997,1,2.7167999999999997,6.0,inf
543,3,-0.21345217090373986,0.3896883836788757,0.12767317677940432,2.7167999999999997,1,2.7167999999999997,6.0,inf
543,4,-0.21345217090373986,0.3896883836788757,0.12767317677940432,2.7167999999999997,1,2.7167999999999997,6.0,inf
543,5,-0.21345217090373986,0.3896883836788757,0.12767317677940432,2.7167999999999997,1,2.7167999999999997,6.0,inf
544,0,0.26931609245736804,-0.6461375856530931,-2.3578157026396878,3.3726,1,3.3726,6.0,inf
544,1,0.26931609245736804,-0.6461375856530931,-2.3578157026396878,3.3726,1,3.3726,6.0,inf
544,2,0.26931609245736804,-0.6461375856530931,-2.3578157026396878,3.3726,1,3.3726,6.0,inf
544,3,0.26931609245736804,-0.6461375856530931,-2.3578157026396878,3.3726,1,3.3726,6.0,inf
544,4,0.26931609245736804,-0.6461375856530931,-2.3578157026396878,3.3726,1,3.3726,6.0,inf
544,5,0.26931609245736804,-0.6461375856530931,-2.3578157026396878,3.3726,1,3.3726,6.0,inf
545,0,0.3811730866908092,0.28369492511051925,-1.855961106430223,4.033799999999999,1,4.033799999999999,6.0,inf
545,1,0.3811730866908092,0.28369492511051925,-1.855961106430223,4.033799999999999,1,4.033799999999999,6.0,inf
545,2,0.3811730866908092,0.28369492511051925,-1.855961106430223,4.033799999999999,1,4.033799999999999,6.0,inf
545,3,0.3811730866908092,0.28369492511051925,-1.855961106430223,4.033799999999999,1,4.033799999999999,6.0,inf
545,4,0.3811730866908092,0.28369492511051925,-1.855961106430223,4.033799999999999,1,4.033799999999999,6.0,inf
545,5,0.3811730866908092,0.28369492511051925,-1.855961106430223,4.033799999999999,1,4.033799999999999,6.0,inf
546,0,0.4485868780306137,0.20874305591359923,2.920000968607487,1.7210999999999999,1,1.7210999999999999,6.0,inf
546,1,0.4485868780306137,0.20874305591359923,2.920000968607487,1.7210999999999999,1,1.7210999999999999,6.0,inf
546,2,0.4485868780306137,0.20874305591359923,2.920000968607487,1.7210999999999999,1,1.7210999999999999,6.0,inf
546,3,0.4485868780306137,0.20874305591359923,2.920000968607487,1.7210999999999999,1,1.7210999999999999,6.0,inf
546,4,0.4485868780306137,0.20874305591359923,2.920000968607487,1.7210999999999999,1,1.7210999999999999,6.0,inf
546,5,0.4485868780306137,0.20874305591359923,2.920000968607487,1.7210999999999999,1,1.7210999999999999,6.0,inf
547,0,1.1075885647827854,-0.5237234273960674,0.8604548664332162,2.1965999999999997,1,2.1965999999999997,6.0,inf
547,1,1.1075885647827854,-0.5237234273960674,0.8604548664332162,2.1965999999999997,1,2.1965999999999997,6.0,inf
547,2,1.1075885647827854,-0.5237234273960674,0.8604548664332162,2.1965999999999997,1,2.1965999999999997,6.0,inf
547,3,1.1075885647827854,-0.5237234273960674,0.8604548664332162,2.1965999999999997,1,2.1965999999999997,6.0,inf
547,4,1.1075885647827854,-0.5237234273960674,0.8604548664332162,2.1965999999999997,1,2.1965999999999997,6.0,inf
547,5,1.1075885647827854,-0.5237234273960674,0.8604548664332162,2.1965999999999997,1,2.1965999999999997,6.0,inf
548,0,1.0529880732074106,-0.10355953869543462,0.3568567035453212,2.8613999999999997,1,2.8613999999999997,6.0,inf
548,1,1.0529880732074106,-0.10355953869543462,0.3568567035453212,2.8613999999999997,1,2.8613999999999997,6.0,inf
548,2,1.0529880732074106,-0.10355953869543462,0.3568567035453212,2.8613999999999997,1,2.8613999999999997,6.0,inf
548,3,1.0529880732074106,-0.10355953869543462,0.3568567035453212,2.8613999999999997,1,2.8613999999999997,6.0,inf
548,4,1.0529880732074106,-0.10355953869543462,0.3568567035453212,2.8613999999999997,1,2.8613999999999997,6.0,inf
548,5,1.0529880732074106,-0.10355953869543462,0.3568567035453212,2.8613999999999997,1,2.8613999999999997,6.0,inf
549,0,-2.191987755526983,-1.7758182194117256,-1.2522348700712869,1.9334999999999998,1,1.9334999999999998,6.0,inf
549,1,-2.191987755526983,-1.7758182194117256,-1.2522348700712869,1.9334999999999998,1,1.9334999999999998,6.0,inf
549,2,-2.191987755526983,-1.7758182194117256,-1.2522348700712869,1.9334999999999998,1,1.9334999999999998,6.0,inf
549,3,-2.191987755526983,-1.7758182194117256,-1.2522348700712869,1.9334999999999998,1,1.9334999999999998,6.0,inf
549,4,-2.191987755526983,-1.7758182194117256,-1.2522348700712869,1.9334999999999998,1,1.9334999999999998,6.0,inf
549,5,-2.191987755526983,-1.7758182194117256,-1.2522348700712869,1.9334999999999998,1,1.9334999999999998,6.0,inf
550,0,0.7219376664939298,1.1289839506550505,0.006367255148902849,6.0,0,6.1880999999999995,6.0,inf
550,1,0.7219376664939298,1.1289839506550505,0.006367255148902849,6.0,0,6.1880999999999995,6.0,inf
550,2,0.7219376664939298,1.1289839506550505,0.006367255148902849,6.0,0,6.1880999999999995,6.0,inf
550,3,0.7219376664939298,1.1289839506550505,0.006367255148902849,6.0,0,6.1880999999999995,6.0,inf
550,4,0.7219376664939298,1.1289839506550505,0.006367255148902849,6.0,0,6.1880999999999995,6.0,inf
550,5,0.7219376664939298,1.1289839506550505,0.006367255148902849,6.0,0,6.1880999999999995,6.0,inf
551,0,0.6092462178837816,1.8363582432522454,-1.3115373993910782,1.0551,1,1.0551,6.0,inf
551,1,0.6092462178837816,1.8363582432522454,-1.3115373993910782,1.0551,1,1.0551,6.0,inf
551,2,0.6092462178837816,1.8363582432522454,-1.3115373993910782,1.0551,1,1.0551,6.0,inf
551,3,0.6092462178837816,1.8363582432522454,-1.3115373993910782,1.0551,1,1.0551,6.0,inf
551,4,0.6092462178837816,1.8363582432522454,-1.3115373993910782,1.0551,1,1.0551,6.0,inf
551,5,0.6092462178837816,1.8363582432522454,-1.3115373993910782,1.0551,1,1.0551,6.0,inf
552,0,0.6637588811010717,0.5461604607714392,2.30116342544536,2.1317999999999997,1,2.1317999999999997,6.0,inf
552,1,0.6637588811010717,0.5461604607714392,2.30116342544536,2.1317999999999997,1,2.1317999999999997,6.0,inf
552,2,0.6637588811010717,0.5461604607714392,2.30116342544536,2.1317999999999997,1,2.1317999999999997,6.0,inf
552,3,0.6637588811010717,0.5461604607714392,2.30116342544536,2.1317999999999997,1,2.1317999999999997,6.0,inf
552,4,0.6637588811010717,0.5461604607714392,2.30116342544536,2.1317999999999997,1,2.1317999999999997,6.0,inf
552,5,0.6637588811010717,0.5461604607714392,2.30116342544536,2.1317999999999997,1,2.1317999999999997,6.0,inf
553,0,0.0550370960886851,-1.3434283201988846,0.4935136512902631,0.33659999999999995,1,0.33659999999999995,6.0,inf
553,1,0.0550370960886851,-1.3434283201988846,0.4935136512902631,0.33659999999999995,1,0.33659999999999995,6.0,inf
553,2,0.0550370960886851,-1.3434283201988846,0.4935136512902631,0.33659999999999995,1,0.33659999999999995,6.0,inf
553,3,0.0550370960886851,-1.3434283201988846,0.4935136512902631,0.33659999999999995,1,0.33659999999999995,6.0,inf
553,4,0.0550370960886851,-1.3434283201988846,0.4935136512902631,0.33659999999999995,1,0.33659999999999995,6.0,inf
553,5,0.0550370960886851,-1.3434283201988846,0.4935136512902631,0.33659999999999995,1,0.33659999999999995,6.0,inf
554,0,-0.30961704035603466,-0.16854813295520152,0.18168328094106098,0.2748,1,0.2748,6.0,inf
554,1,-0.30961704035603466,-0.16854813295520152,0.18168328094106098,0.2748,1,0.2748,6.0,inf
554,2,-0.30961704035603466,-0.16854813295520152,0.18168328094106098,0.2748,1,0.2748,6.0,inf
554,3,-0.30961704035603466,-0.16854813295520152,0.18168328094106098,0.2748,1,0.2748,6.0,inf
554,4,-0.30961704035603466,-0.16854813295520152,0.18168328094106098,0.2748,1,0.2748,6.0,inf
554,5,-0.30961704035603466,-0.16854813295520152,0.18168328094106098,0.2748,1,0.2748,6.0,inf
555,0,-0.8800465352018563,0.43724256971262637,0.0587641513199782,6.0,0,7.684799999999999,6.0,inf
555,1,-0.8800465352018563,0.43724256971262637,0.0587641513199782,6.0,0,7.684799999999999,6.0,inf
555,2,-0.8800465352018563,0.43724256971262637,0.0587641513199782,6.0,0,7.684799999999999,6.0,inf
555,3,-0.8800465352018563,0.43724256971262637,0.0587641513199782,6.0,0,7.684799999999999,6.0,inf
555,4,-0.8800465352018563,0.43724256971262637,0.0587641513199782,6.0,0,7.684799999999999,6.0,inf
555,5,-0.8800465352018563,0.43724256971262637,0.0587641513199782,6.0,0,7.684799999999999,6.0,inf
556,0,-1.6116412027380635,0.4625528648100963,0.02085095025569916,1.7996999999999999,1,1.7996999999999999,6.0,inf
556,1,-1.6116412027380635,0.4625528648100963,0.02085095025569916,1.7996999999999999,1,1.7996999999999999,6.0,inf
556,2,-1.6116412027380635,0.4625528648100963,0.02085095025569916,1.7996999999999999,1,1.7996999999999999,6.0,inf
556,3,-1.6116412027380635,0.4625528648100963,0.02085095025569916,1.7996999999999999,1,1.7996999999999999,6.0,inf
556,4,-1.6116412027380635,0.4625528648100963,0.02085095025569916,1.7996999999999999,1,1.7996999999999999,6.0,inf
556,5,-1.6116412027380635,0.4625528648100963,0.02085095025569916,1.7996999999999999,1,1.7996999999999999,6.0,inf
557,0,0.5313345287247326,0.8455012035611713,0.10362407385210781,3.501,1,3.501,6.0,inf
557,1,0.5313345287247326,0.8455012035611713,0.10362407385210781,3.501,1,3.501,6.0,inf
557,2,0.5313345287247326,0.8455012035611713,0.10362407385210781,3.501,1,3.501,6.0,inf
557,3,0.5313345287247326,0.8455012035611713,0.10362407385210781,3.501,1,3.501,6.0,inf
557,4,0.5313345287247326,0.8455012035611713,0.10362407385210781,3.501,1,3.501,6.0,inf
557,5,0.5313345287247326,0.8455012035611713,0.10362407385210781,3.501,1,3.501,6.0,inf
558,0,-0.9809951111239077,-1.9422291029419085,-0.768466074620638,4.7856,1,4.7856,6.0,inf
558,1,-0.9809951111239077,-1.9422291029419085,-0.768466074620638,4.7856,1,4.7856,6.0,inf
558,2,-0.9809951111239077,-1.9422291029419085,-0.768466074620638,4.7856,1,4.7856,6.0,inf
558,3,-0.9809951111239077,-1.9422291029419085,-0.768466074620638,4.7856,1,4.7856,6.0,inf
558,4,-0.9809951111239077,-1.9422291029419085,-0.768466074620638,4.7856,1,4.7856,6.0,inf
558,5,-0.9809951111239077,-1.9422291029419085,-0.768466074620638,4.7856,1,4.7856,6.0,inf
559,0,0.5514960358627942,-0.34022524551869426,1.3524965177736201,1.5654,1,1.5654,6.0,inf
559,1,0.5514960358627942,-0.34022524551869426,1.3524965177736201,1.5654,1,1.5654,6.0,inf
559,2,0.5514960358627942,-0.34022524551869426,1.3524965177736201,1.5654,1,1.5654,6.0,inf
559,3,0.5514960358627942,-0.34022524551869426,1.3524965177736201,1.5654,1,1.5654,6.0,inf
559,4,0.5514960358627942,-0.34022524551869426,1.3524965177736201,1.5654,1,1.5654,6.0,inf
559,5,0.5514960358627942,-0.34022524551869426,1.3524965177736201,1.5654,1,1.5654,6.0,inf
560,0,0.1424289929584472,0.38116325086299324,-0.024490362140015653,6.0,0,7.05,6.0,inf
560,1,0.1424289929584472,0.38116325086299324,-0.024490362140015653,6.0,0,7.05,6.0,inf
560,2,0.1424289929584472,0.38116325086299324,-0.024490362140015653,6.0,0,7.05,6.0,inf
560,3,0.1424289929584472,0.38116325086299324,-0.024490362140015653,6.0,0,7.05,6.0,inf
560,4,0.1424289929584472,0.38116325086299324,-0.024490362140015653,6.0,0,7.05,6.0,inf
560,5,0.1424289929584472,0.38116325086299324,-0.024490362140015653,6.0,0,7.05,6.0,inf
561,0,-0.32820724992910183,1.3243068308254786,1.0949364975014209,1.8291,1,1.8291,6.0,inf
561,1,-0.32820724992910183,1.3243068308254786,1.0949364975014209,1.8291,1,1.8291,6.0,inf
561,2,-0.32820724992910183,1.3243068308254786,1.0949364975014209,1.8291,1,1.8291,6.0,inf
561,3,-0.32820724992910183,1.3243068308254786,1.0949364975014209,1.8291,1,1.8291,6.0,inf
561,4,-0.32820724992910183,1.3243068308254786,1.0949364975014209,1.8291,1,1.8291,6.0,inf
561,5,-0.32820724992910183,1.3243068308254786,1.0949364975014209,1.8291,1,1.8291,6.0,inf
562,0,-1.3628801294043056,0.4867413929325258,-1.2598495533910685,3.0591,1,3.0591,6.0,inf
562,1,-1.3628801294043056,0.4867413929325258,-1.2598495533910685,3.0591,1,3.0591,6.0,inf
562,2,-1.3628801294043056,0.4867413929325258,-1.2598495533910685,3.0591,1,3.0591,6.0,inf
562,3,-1.3628801294043056,0.4867413929325258,-1.2598495533910685,3.0591,1,3.0591,6.0,inf
562,4,-1.3628801294043056,0.4867413929325258,-1.2598495533910685,3.0591,1,3.0591,6.0,inf
562,5,-1.3628801294043056,0.4867413929325258,-1.2598495533910685,3.0591,1,3.0591,6.0,inf
563,0,-1.371900295684019,-0.21044146150468707,0.49597754338642025,0.8306999999999999,1,0.8306999999999999,6.0,inf
563,1,-1.371900295684019,-0.21044146150468707,0.49597754338642025,0.8306999999999999,1,0.8306999999999999,6.0,inf
563,2,-1.371900295684019,-0.21044146150468707,0.49597754338642025,0.8306999999999999,1,0.8306999999999999,6.0,inf
563,3,-1.371900295684019,-0.21044146150468707,0.49597754338642025,0.8306999999999999,1,0.8306999999999999,6.0,inf
563,4,-1.371900295684019,-0.21044146150468707,0.49597754338642025,0.8306999999999999,1,0.8306999999999999,6.0,inf
563,5,-1.371900295684019,-0.21044146150468707,0.49597754338642025,0.8306999999999999,1,0.8306999999999999,6.0,inf
564,0,-1.578343189852009,0.06518097675445053,1.662664900354065,1.0284,1,1.0284,6.0,inf
564,1,-1.578343189852009,0.06518097675445053,1.662664900354065,1.0284,1,1.0284,6.0,inf
564,2,-1.578343189852009,0.06518097675445053,1.662664900354065,1.0284,1,1.0284,6.0,inf
564,3,-1.578343189852009,0.06518097675445053,1.662664900354065,1.0284,1,1.0284,6.0,inf
564,4,-1.578343189852009,0.06518097675445053,1.662664900354065,1.0284,1,1.0284,6.0,inf
564,5,-1.578343189852009,0.06518097675445053,1.662664900354065,1.0284,1,1.0284,6.0,inf
565,0,0.9798533626032153,-0.5594789726678844,0.0753800557015843,2.8869,1,2.8869,6.0,inf
565,1,0.9798533626032153,-0.5594789726678844,0.0753800557015843,2.8869,1,2.8869,6.0,inf
565,2,0.9798533626032153,-0.5594789726678844,0.0753800557015843,2.8869,1,2.8869,6.0,inf
565,3,0.9798533626032153,-0.5594789726678844,0.0753800557015843,2.8869,1,2.8869,6.0,inf
565,4,0.9798533626032153,-0.5594789726678844,0.0753800557015843,2.8869,1,2.8869,6.0,inf
565,5,0.9798533626032153,-0.5594789726678844,0.0753800557015843,2.8869,1,2.8869,6.0,inf
566,0,2.324966725089832,1.482183121477606,1.4108137454059733,2.1843,1,2.1843,6.0,inf
566,1,2.324966725089832,1.482183121477606,1.4108137454059733,2.1843,1,2.1843,6.0,inf
566,2,2.324966725089832,1.482183121477606,1.4108137454059733,2.1843,1,2.1843,6.0,inf
566,3,2.324966725089832,1.482183121477606,1.4108137454059733,2.1843,1,2.1843,6.0,inf
566,4,2.324966725089832,1.482183121477606,1.4108137454059733,2.1843,1,2.1843,6.0,inf
566,5,2.324966725089832,1.482183121477606,1.4108137454059733,2.1843,1,2.1843,6.0,inf
567,0,-2.03201278482027,0.9776222234095032,0.8142896996349047,0.8765999999999999,1,0.8765999999999999,6.0,inf
567,1,-2.03201278482027,0.9776222234095032,0.8142896996349047,0.8765999999999999,1,0.8765999999999999,6.0,inf
567,2,-2.03201278482027,0.9776222234095032,0.8142896996349047,0.8765999999999999,1,0.8765999999999999,6.0,inf
567,3,-2.03201278482027,0.9776222234095032,0.8142896996349047,0.8765999999999999,1,0.8765999999999999,6.0,inf
567,4,-2.03201278482027,0.9776222234095032,0.8142896996349047,0.8765999999999999,1,0.8765999999999999,6.0,inf
567,5,-2.03201278482027,0.9776222234095032,0.8142896996349047,0.8765999999999999,1,0.8765999999999999,6.0,inf
568,0,0.09424810667162543,-0.7524546172498202,0.05100078037527431,2.1552,1,2.1552,6.0,inf
568,1,0.09424810667162543,-0.7524546172498202,0.05100078037527431,2.1552,1,2.1552,6.0,inf
568,2,0.09424810667162543,-0.7524546172498202,0.05100078037527431,2.1552,1,2.1552,6.0,inf
568,3,0.09424810667162543,-0.7524546172498202,0.05100078037527431,2.1552,1,2.1552,6.0,inf
568,4,0.09424810667162543,-0.7524546172498202,0.05100078037527431,2.1552,1,2.1552,6.0,inf
568,5,0.09424810667162543,-0.7524546172498202,0.05100078037527431,2.1552,1,2.1552,6.0,inf
569,0,-0.8123989056802728,0.47052463490284785,0.037161573726885694,5.200799999999999,1,5.200799999999999,6.0,inf
569,1,-0.8123989056802728,0.47052463490284785,0.037161573726885694,5.200799999999999,1,5.200799999999999,6.0,inf
569,2,-0.8123989056802728,0.47052463490284785,0.037161573726885694,5.200799999999999,1,5.200799999999999,6.0,inf
569,3,-0.8123989056802728,0.47052463490284785,0.037161573726885694,5.200799999999999,1,5.200799999999999,6.0,inf
569,4,-0.8123989056802728,0.47052463490284785,0.037161573726885694,5.200799999999999,1,5.200799999999999,6.0,inf
569,5,-0.8123989056802728,0.47052463490284785,0.037161573726885694,5.200799999999999,1,5.200799999999999,6.0,inf
570,0,1.3864447756385172,-0.5266633475175361,1.4316945682049425,1.8197999999999999,1,1.8197999999999999,6.0,inf
570,1,1.3864447756385172,-0.5266633475175361,1.4316945682049425,1.8197999999999999,1,1.8197999999999999,6.0,inf
570,2,1.3864447756385172,-0.5266633475175361,1.4316945682049425,1.8197999999999999,1,1.8197999999999999,6.0,inf
570,3,1.3864447756385172,-0.5266633475175361,1.4316945682049425,1.8197999999999999,1,1.8197999999999999,6.0,inf
570,4,1.3864447756385172,-0.5266633475175361,1.4316945682049425,1.8197999999999999,1,1.8197999999999999,6.0,inf
570,5,1.3864447756385172,-0.5266633475175361,1.4316945682049425,1.8197999999999999,1,1.8197999999999999,6.0,inf
571,0,-0.20486149863633962,-0.3495086797699293,0.8348436777619759,2.2472999999999996,1,2.2472999999999996,6.0,inf
571,1,-0.20486149863633962,-0.3495086797699293,0.8348436777619759,2.2472999999999996,1,2.2472999999999996,6.0,inf
571,2,-0.20486149863633962,-0.3495086797699293,0.8348436777619759,2.2472999999999996,1,2.2472999999999996,6.0,inf
571,3,-0.20486149863633962,-0.3495086797699293,0.8348436777619759,2.2472999999999996,1,2.2472999999999996,6.0,inf
571,4,-0.20486149863633962,-0.3495086797699293,0.8348436777619759,2.2472999999999996,1,2.2472999999999996,6.0,inf
571,5,-0.20486149863633962,-0.3495086797699293,0.8348436777619759,2.2472999999999996,1,2.2472999999999996,6.0,inf
572,0,1.3533036784179147,0.13032734535536805,0.829933007721876,2.0652,1,2.0652,6.0,inf
572,1,1.3533036784179147,0.13032734535536805,0.829933007721876,2.0652,1,2.0652,6.0,inf
572,2,1.3533036784179147,0.13032734535536805,0.829933007721876,2.0652,1,2.0652,6.0,inf
572,3,1.3533036784179147,0.13032734535536805,0.829933007721876,2.0652,1,2.0652,6.0,inf
572,4,1.3533036784179147,0.13032734535536805,0.829933007721876,2.0652,1,2.0652,6.0,inf
572,5,1.3533036784179147,0.13032734535536805,0.829933007721876,2.0652,1,2.0652,6.0,inf
573,0,-1.0964767999269294,0.44568845725077194,0.9009752921701993,1.545,1,1.545,6.0,inf
573,1,-1.0964767999269294,0.44568845725077194,0.9009752921701993,1.545,1,1.545,6.0,inf
573,2,-1.0964767999269294,0.44568845725077194,0.9009752921701993,1.545,1,1.545,6.0,inf
573,3,-1.0964767999269294,0.44568845725077194,0.9009752921701993,1.545,1,1.545,6.0,inf
573,4,-1.0964767999269294,0.44568845725077194,0.9009752921701993,1.545,1,1.545,6.0,inf
573,5,-1.0964767999269294,0.44568845725077194,0.9009752921701993,1.545,1,1.545,6.0,inf
574,0,0.7370263539415083,0.009356000363961581,0.55956210435737,1.0674,1,1.0674,6.0,inf
574,1,0.7370263539415083,0.009356000363961581,0.55956210435737,1.0674,1,1.0674,6.0,inf
574,2,0.7370263539415083,0.009356000363961581,0.55956210435737,1.0674,1,1.0674,6.0,inf
574,3,0.7370263539415083,0.009356000363961581,0.55956210435737,1.0674,1,1.0674,6.0,inf
574,4,0.7370263539415083,0.009356000363961581,0.55956210435737,1.0674,1,1.0674,6.0,inf
574,5,0.7370263539415083,0.009356000363961581,0.55956210435737,1.0674,1,1.0674,6.0,inf
575,0,-0.1410340373095081,0.08892691023203543,0.2600940549373989,6.0,0,7.397399999999999,6.0,inf
575,1,-0.1410340373095081,0.08892691023203543,0.2600940549373989,6.0,0,7.397399999999999,6.0,inf
575,2,-0.1410340373095081,0.08892691023203543,0.2600940549373989,6.0,0,7.397399999999999,6.0,inf
575,3,-0.1410340373095081,0.08892691023203543,0.2600940549373989,6.0,0,7.397399999999999,6.0,inf
575,4,-0.1410340373095081,0.08892691023203543,0.2600940549373989,6.0,0,7.397399999999999,6.0,inf
575,5,-0.1410340373095081,0.08892691023203543,0.2600940549373989,6.0,0,7.397399999999999,6.0,inf
576,0,-0.8041506776217902,1.6599049034838302,-0.08686990670103101,1.7315999999999998,1,1.7315999999999998,6.0,inf
576,1,-0.8041506776217902,1.6599049034838302,-0.08686990670103101,1.7315999999999998,1,1.7315999999999998,6.0,inf
576,2,-0.8041506776217902,1.6599049034838302,-0.08686990670103101,1.7315999999999998,1,1.7315999999999998,6.0,inf
576,3,-0.8041506776217902,1.6599049034838302,-0.08686990670103101,1.7315999999999998,1,1.7315999999999998,6.0,inf
576,4,-0.8041506776217902,1.6599049034838302,-0.08686990670103101,1.7315999999999998,1,1.7315999999999998,6.0,inf
576,5,-0.8041506776217902,1.6599049034838302,-0.08686990670103101,1.7315999999999998,1,1.7315999999999998,6.0,inf
577,0,1.3843907633046362,-0.16974835337729477,0.5345415571542301,3.1578,1,3.1578,6.0,inf
577,1,1.3843907633046362,-0.16974835337729477,0.5345415571542301,3.1578,1,3.1578,6.0,inf
577,2,1.3843907633046362,-0.16974835337729477,0.5345415571542301,3.1578,1,3.1578,6.0,inf
577,3,1.3843907633046362,-0.16974835337729477,0.5345415571542301,3.1578,1,3.1578,6.0,inf
577,4,1.3843907633046362,-0.16974835337729477,0.5345415571542301,3.1578,1,3.1578,6.0,inf
577,5,1.3843907633046362,-0.16974835337729477,0.5345415571542301,3.1578,1,3.1578,6.0,inf
578,0,0.6642688653454956,-1.2856722077749998,0.929160663065473,0.5514,1,0.5514,6.0,inf
578,1,0.6642688653454956,-1.2856722077749998,0.929160663065473,0.5514,1,0.5514,6.0,inf
578,2,0.6642688653454956,-1.2856722077749998,0.929160663065473,0.5514,1,0.5514,6.0,inf
578,3,0.6642688653454956,-1.2856722077749998,0.929160663065473,0.5514,1,0.5514,6.0,inf
578,4,0.6642688653454956,-1.2856722077749998,0.929160663065473,0.5514,1,0.5514,6.0,inf
578,5,0.6642688653454956,-1.2856722077749998,0.929160663065473,0.5514,1,0.5514,6.0,inf
579,0,0.22009214195556076,0.21191041868260024,-0.49662703917752055,1.5567,1,1.5567,6.0,inf
579,1,0.22009214195556076,0.21191041868260024,-0.49662703917752055,1.5567,1,1.5567,6.0,inf
579,2,0.22009214195556076,0.21191041868260024,-0.49662703917752055,1.5567,1,1.5567,6.0,inf
579,3,0.22009214195556076,0.21191041868260024,-0.49662703917752055,1.5567,1,1.5567,6.0,inf
579,4,0.22009214195556076,0.21191041868260024,-0.49662703917752055,1.5567,1,1.5567,6.0,inf
579,5,0.22009214195556076,0.21191041868260024,-0.49662703917752055,1.5567,1,1.5567,6.0,inf
580,0,0.499506551252895,0.5470382404055067,1.1658658352959475,2.199,1,2.199,6.0,inf
580,1,0.499506551252895,0.5470382404055067,1.1658658352959475,2.199,1,2.199,6.0,inf
580,2,0.499506551252895,0.5470382404055067,1.1658658352959475,2.199,1,2.199,6.0,inf
580,3,0.499506551252895,0.5470382404055067,1.1658658352959475,2.199,1,2.199,6.0,inf
580,4,0.499506551252895,0.5470382404055067,1.1658658352959475,2.199,1,2.199,6.0,inf
580,5,0.499506551252895,0.5470382404055067,1.1658658352959475,2.199,1,2.199,6.0,inf
581,0,-0.3883223504996586,0.5810170951606033,0.781754694322865,2.7653999999999996,1,2.7653999999999996,6.0,inf
581,1,-0.3883223504996586,0.5810170951606033,0.781754694322865,2.7653999999999996,1,2.7653999999999996,6.0,inf
581,2,-0.3883223504996586,0.5810170951606033,0.781754694322865,2.7653999999999996,1,2.7653999999999996,6.0,inf
581,3,-0.3883223504996586,0.5810170951606033,0.781754694322865,2.7653999999999996,1,2.7653999999999996,6.0,inf
581,4,-0.3883223504996586,0.5810170951606033,0.781754694322865,2.7653999999999996,1,2.7653999999999996,6.0,inf
581,5,-0.3883223504996586,0.5810170951606033,0.781754694322865,2.7653999999999996,1,2.7653999999999996,6.0,inf
582,0,0.3600126874414152,0.9811555860177489,-0.3082473038572676,3.5765999999999996,1,3.5765999999999996,6.0,inf
582,1,0.3600126874414152,0.9811555860177489,-0.3082473038572676,3.5765999999999996,1,3.5765999999999996,6.0,inf
582,2,0.3600126874414152,0.9811555860177489,-0.3082473038572676,3.5765999999999996,1,3.5765999999999996,6.0,inf
582,3,0.3600126874414152,0.9811555860177489,-0.3082473038572676,3.5765999999999996,1,3.5765999999999996,6.0,inf
582,4,0.3600126874414152,0.9811555860177489,-0.3082473038572676,3.5765999999999996,1,3.5765999999999996,6.0,inf
582,5,0.3600126874414152,0.9811555860177489,-0.3082473038572676,3.5765999999999996,1,3.5765999999999996,6.0,inf
583,0,1.4164800271543112,1.6910489458719613,-1.3143487623113583,3.4955999999999996,1,3.4955999999999996,6.0,inf
583,1,1.4164800271543112,1.6910489458719613,-1.3143487623113583,3.4955999999999996,1,3.4955999999999996,6.0,inf
583,2,1.4164800271543112,1.6910489458719613,-1.3143487623113583,3.4955999999999996,1,3.4955999999999996,6.0,inf
583,3,1.4164800271543112,1.6910489458719613,-1.3143487623113583,3.4955999999999996,1,3.4955999999999996,6.0,inf
583,4,1.4164800271543112,1.6910489458719613,-1.3143487623113583,3.4955999999999996,1,3.4955999999999996,6.0,inf
583,5,1.4164800271543112,1.6910489458719613,-1.3143487623113583,3.4955999999999996,1,3.4955999999999996,6.0,inf
584,0,0.12641909165492363,-0.004783033154987173,-1.8191489327896113,3.3204,1,3.3204,6.0,inf
584,1,0.12641909165492363,-0.004783033154987173,-1.8191489327896113,3.3204,1,3.3204,6.0,inf
584,2,0.12641909165492363,-0.004783033154987173,-1.8191489327896113,3.3204,1,3.3204,6.0,inf
584,3,0.12641909165492363,-0.004783033154987173,-1.8191489327896113,3.3204,1,3.3204,6.0,inf
584,4,0.12641909165492363,-0.004783033154987173,-1.8191489327896113,3.3204,1,3.3204,6.0,inf
584,5,0.12641909165492363,-0.004783033154987173,-1.8191489327896113,3.3204,1,3.3204,6.0,inf
585,0,-2.3230735465351366,-1.2059775628751845,-0.3788280641819138,0.7106999999999999,1,0.7106999999999999,6.0,inf
585,1,-2.3230735465351366,-1.2059775628751845,-0.3788280641819138,0.7106999999999999,1,0.7106999999999999,6.0,inf
585,2,-2.3230735465351366,-1.2059775628751845,-0.3788280641819138,0.7106999999999999,1,0.7106999999999999,6.0,inf
585,3,-2.3230735465351366,-1.2059775628751845,-0.3788280641819138,0.7106999999999999,1,0.7106999999999999,6.0,inf
585,4,-2.3230735465351366,-1.2059775628751845,-0.3788280641819138,0.7106999999999999,1,0.7106999999999999,6.0,inf
585,5,-2.3230735465351366,-1.2059775628751845,-0.3788280641819138,0.7106999999999999,1,0.7106999999999999,6.0,inf
586,0,-1.022387567402663,-1.252378394822084,0.6520505036219315,6.0,0,8.0001,6.0,inf
586,1,-1.022387567402663,-1.252378394822084,0.6520505036219315,6.0,0,8.0001,6.0,inf
586,2,-1.022387567402663,-1.252378394822084,0.6520505036219315,6.0,0,8.0001,6.0,inf
586,3,-1.022387567402663,-1.252378394822084,0.6520505036219315,6.0,0,8.0001,6.0,inf
586,4,-1.022387567402663,-1.252378394822084,0.6520505036219315,6.0,0,8.0001,6.0,inf
586,5,-1.022387567402663,-1.252378394822084,0.6520505036219315,6.0,0,8.0001,6.0,inf
587,0,-1.083377974401338,-0.18939387184663503,-0.9234529860176837,4.0203,1,4.0203,6.0,inf
587,1,-1.083377974401338,-0.18939387184663503,-0.9234529860176837,4.0203,1,4.0203,6.0,inf
587,2,-1.083377974401338,-0.18939387184663503,-0.9234529860176837,4.0203,1,4.0203,6.0,inf
587,3,-1.083377974401338,-0.18939387184663503,-0.9234529860176837,4.0203,1,4.0203,6.0,inf
587,4,-1.083377974401338,-0.18939387184663503,-0.9234529860176837,4.0203,1,4.0203,6.0,inf
587,5,-1.083377974401338,-0.18939387184663503,-0.9234529860176837,4.0203,1,4.0203,6.0,inf
588,0,1.5857848777201111,0.8570515230591502,-0.8681440213468223,2.6658,1,2.6658,6.0,inf
588,1,1.5857848777201111,0.8570515230591502,-0.8681440213468223,2.6658,1,2.6658,6.0,inf
588,2,1.5857848777201111,0.8570515230591502,-0.8681440213468223,2.6658,1,2.6658,6.0,inf
588,3,1.5857848777201111,0.8570515230591502,-0.8681440213468223,2.6658,1,2.6658,6.0,inf
588,4,1.5857848777201111,0.8570515230591502,-0.8681440213468223,2.6658,1,2.6658,6.0,inf
588,5,1.5857848777201111,0.8570515230591502,-0.8681440213468223,2.6658,1,2.6658,6.0,inf
589,0,-0.30869062163048794,-0.3537049030989754,-1.6058593670117465,2.2670999999999997,1,2.2670999999999997,6.0,inf
589,1,-0.30869062163048794,-0.3537049030989754,-1.6058593670117465,2.2670999999999997,1,2.2670999999999997,6.0,inf
589,2,-0.30869062163048794,-0.3537049030989754,-1.6058593670117465,2.2670999999999997,1,2.2670999999999997,6.0,inf
589,3,-0.30869062163048794,-0.3537049030989754,-1.6058593670117465,2.2670999999999997,1,2.2670999999999997,6.0,inf
589,4,-0.30869062163048794,-0.3537049030989754,-1.6058593670117465,2.2670999999999997,1,2.2670999999999997,6.0,inf
589,5,-0.30869062163048794,-0.3537049030989754,-1.6058593670117465,2.2670999999999997,1,2.2670999999999997,6.0,inf
590,0,-1.029966210692189,0.4890599259170461,0.4932489942236741,1.8221999999999998,1,1.8221999999999998,6.0,inf
590,1,-1.029966210692189,0.4890599259170461,0.4932489942236741,1.8221999999999998,1,1.8221999999999998,6.0,inf
590,2,-1.029966210692189,0.4890599259170461,0.4932489942236741,1.8221999999999998,1,1.8221999999999998,6.0,inf
590,3,-1.029966210692189,0.4890599259170461,0.4932489942236741,1.8221999999999998,1,1.8221999999999998,6.0,inf
590,4,-1.029966210692189,0.4890599259170461,0.4932489942236741,1.8221999999999998,1,1.8221999999999998,6.0,inf
590,5,-1.029966210692189,0.4890599259170461,0.4932489942236741,1.8221999999999998,1,1.8221999999999998,6.0,inf
591,0,0.053274974791062836,0.45331080968475573,-0.16805290368778544,4.3652999999999995,1,4.3652999999999995,6.0,inf
591,1,0.053274974791062836,0.45331080968475573,-0.16805290368778544,4.3652999999999995,1,4.3652999999999995,6.0,inf
591,2,0.053274974791062836,0.45331080968475573,-0.16805290368778544,4.3652999999999995,1,4.3652999999999995,6.0,inf
591,3,0.053274974791062836,0.45331080968475573,-0.16805290368778544,4.3652999999999995,1,4.3652999999999995,6.0,inf
591,4,0.053274974791062836,0.45331080968475573,-0.16805290368778544,4.3652999999999995,1,4.3652999999999995,6.0,inf
591,5,0.053274974791062836,0.45331080968475573,-0.16805290368778544,4.3652999999999995,1,4.3652999999999995,6.0,inf
592,0,0.06749647505422547,-1.8144612952780854,1.6871060946221477,0.5714999999999999,1,0.5714999999999999,6.0,inf
592,1,0.06749647505422547,-1.8144612952780854,1.6871060946221477,0.5714999999999999,1,0.5714999999999999,6.0,inf
592,2,0.06749647505422547,-1.8144612952780854,1.6871060946221477,0.5714999999999999,1,0.5714999999999999,6.0,inf
592,3,0.06749647505422547,-1.8144612952780854,1.6871060946221477,0.5714999999999999,1,0.5714999999999999,6.0,inf
592,4,0.06749647505422547,-1.8144612952780854,1.6871060946221477,0.5714999999999999,1,0.5714999999999999,6.0,inf
592,5,0.06749647505422547,-1.8144612952780854,1.6871060946221477,0.5714999999999999,1,0.5714999999999999,6.0,inf
593,0,-0.7187205125374708,-1.5757837271209951,-1.0735033455270366,0.7106999999999999,1,0.7106999999999999,6.0,inf
593,1,-0.7187205125374708,-1.5757837271209951,-1.0735033455270366,0.7106999999999999,1,0.7106999999999999,6.0,inf
593,2,-0.7187205125374708,-1.5757837271209951,-1.0735033455270366,0.7106999999999999,1,0.7106999999999999,6.0,inf
593,3,-0.7187205125374708,-1.5757837271209951,-1.0735033455270366,0.7106999999999999,1,0.7106999999999999,6.0,inf
593,4,-0.7187205125374708,-1.5757837271209951,-1.0735033455270366,0.7106999999999999,1,0.7106999999999999,6.0,inf
593,5,-0.7187205125374708,-1.5757837271209951,-1.0735033455270366,0.7106999999999999,1,0.7106999999999999,6.0,inf
594,0,0.6616436309812925,1.870854652906957,-0.2653785766898409,3.1317,1,3.1317,6.0,inf
594,1,0.6616436309812925,1.870854652906957,-0.2653785766898409,3.1317,1,3.1317,6.0,inf
594,2,0.6616436309812925,1.870854652906957,-0.2653785766898409,3.1317,1,3.1317,6.0,inf
594,3,0.6616436309812925,1.870854652906957,-0.2653785766898409,3.1317,1,3.1317,6.0,inf
594,4,0.6616436309812925,1.870854652906957,-0.2653785766898409,3.1317,1,3.1317,6.0,inf
594,5,0.6616436309812925,1.870854652906957,-0.2653785766898409,3.1317,1,3.1317,6.0,inf
595,0,-0.5735931478734719,-1.5620462993447823,-0.06748758935120039,5.3187,1,5.3187,6.0,inf
595,1,-0.5735931478734719,-1.5620462993447823,-0.06748758935120039,5.3187,1,5.3187,6.0,inf
595,2,-0.5735931478734719,-1.5620462993447823,-0.06748758935120039,5.3187,1,5.3187,6.0,inf
595,3,-0.5735931478734719,-1.5620462993447823,-0.06748758935120039,5.3187,1,5.3187,6.0,inf
595,4,-0.5735931478734719,-1.5620462993447823,-0.06748758935120039,5.3187,1,5.3187,6.0,inf
595,5,-0.5735931478734719,-1.5620462993447823,-0.06748758935120039,5.3187,1,5.3187,6.0,inf
596,0,-1.8399910499305454,-1.435425189303799,3.014894816498197,0.35159999999999997,1,0.35159999999999997,6.0,inf
596,1,-1.8399910499305454,-1.435425189303799,3.014894816498197,0.35159999999999997,1,0.35159999999999997,6.0,inf
596,2,-1.8399910499305454,-1.435425189303799,3.014894816498197,0.35159999999999997,1,0.35159999999999997,6.0,inf
596,3,-1.8399910499305454,-1.435425189303799,3.014894816498197,0.35159999999999997,1,0.35159999999999997,6.0,inf
596,4,-1.8399910499305454,-1.435425189303799,3.014894816498197,0.35159999999999997,1,0.35159999999999997,6.0,inf
596,5,-1.8399910499305454,-1.435425189303799,3.014894816498197,0.35159999999999997,1,0.35159999999999997,6.0,inf
597,0,0.9705987293746038,-0.7054746486664628,-0.1672132106165464,3.018,1,3.018,6.0,inf
597,1,0.9705987293746038,-0.7054746486664628,-0.1672132106165464,3.018,1,3.018,6.0,inf
597,2,0.9705987293746038,-0.7054746486664628,-0.1672132106165464,3.018,1,3.018,6.0,inf
597,3,0.9705987293746038,-0.7054746486664628,-0.1672132106165464,3.018,1,3.018,6.0,inf
597,4,0.9705987293746038,-0.7054746486664628,-0.1672132106165464,3.018,1,3.018,6.0,inf
597,5,0.9705987293746038,-0.7054746486664628,-0.1672132106165464,3.018,1,3.018,6.0,inf
598,0,0.41630387384220546,-0.6361233111166024,-1.4522237694135158,2.6426999999999996,1,2.6426999999999996,6.0,inf
598,1,0.41630387384220546,-0.6361233111166024,-1.4522237694135158,2.6426999999999996,1,2.6426999999999996,6.0,inf
598,2,0.41630387384220546,-0.6361233111166024,-1.4522237694135158,2.6426999999999996,1,2.6426999999999996,6.0,inf
598,3,0.41630387384220546,-0.6361233111166024,-1.4522237694135158,2.6426999999999996,1,2.6426999999999996,6.0,inf
598,4,0.41630387384220546,-0.6361233111166024,-1.4522237694135158,2.6426999999999996,1,2.6426999999999996,6.0,inf
598,5,0.41630387384220546,-0.6361233111166024,-1.4522237694135158,2.6426999999999996,1,2.6426999999999996,6.0,inf
599,0,0.9482295548559612,-1.6810031231560356,-0.26148572072320897,2.808,1,2.808,6.0,inf
599,1,0.9482295548559612,-1.6810031231560356,-0.26148572072320897,2.808,1,2.808,6.0,inf
599,2,0.9482295548559612,-1.6810031231560356,-0.26148572072320897,2.808,1,2.808,6.0,inf
599,3,0.9482295548559612,-1.6810031231560356,-0.26148572072320897,2.808,1,2.808,6.0,inf
599,4,0.9482295548559612,-1.6810031231560356,-0.26148572072320897,2.808,1,2.808,6.0,inf
599,5,0.9482295548559612,-1.6810031231560356,-0.26148572072320897,2.808,1,2.808,6.0,inf
600,0,-0.5722586588357087,-0.36928441681140856,0.8614343337753894,0.6141,1,0.6141,6.0,inf
600,1,-0.5722586588357087,-0.36928441681140856,0.8614343337753894,0.6141,1,0.6141,6.0,inf
600,2,-0.5722586588357087,-0.36928441681140856,0.8614343337753894,0.6141,1,0.6141,6.0,inf
600,3,-0.5722586588357087,-0.36928441681140856,0.8614343337753894,0.6141,1,0.6141,6.0,inf
600,4,-0.5722586588357087,-0.36928441681140856,0.8614343337753894,0.6141,1,0.6141,6.0,inf
600,5,-0.5722586588357087,-0.36928441681140856,0.8614343337753894,0.6141,1,0.6141,6.0,inf
601,0,-0.7207335256287157,-0.9848297651900146,-0.06297643845089937,2.4873,1,2.4873,6.0,inf
601,1,-0.7207335256287157,-0.9848297651900146,-0.06297643845089937,2.4873,1,2.4873,6.0,inf
601,2,-0.7207335256287157,-0.9848297651900146,-0.06297643845089937,2.4873,1,2.4873,6.0,inf
601,3,-0.7207335256287157,-0.9848297651900146,-0.06297643845089937,2.4873,1,2.4873,6.0,inf
601,4,-0.7207335256287157,-0.9848297651900146,-0.06297643845089937,2.4873,1,2.4873,6.0,inf
601,5,-0.7207335256287157,-0.9848297651900146,-0.06297643845089937,2.4873,1,2.4873,6.0,inf
602,0,0.1719249667414807,1.392595804664336,1.3176832775820266,1.9166999999999998,1,1.9166999999999998,6.0,inf
602,1,0.1719249667414807,1.392595804664336,1.3176832775820266,1.9166999999999998,1,1.9166999999999998,6.0,inf
602,2,0.1719249667414807,1.392595804664336,1.3176832775820266,1.9166999999999998,1,1.9166999999999998,6.0,inf
602,3,0.1719249667414807,1.392595804664336,1.3176832775820266,1.9166999999999998,1,1.9166999999999998,6.0,inf
602,4,0.1719249667414807,1.392595804664336,1.3176832775820266,1.9166999999999998,1,1.9166999999999998,6.0,inf
602,5,0.1719249667414807,1.392595804664336,1.3176832775820266,1.9166999999999998,1,1.9166999999999998,6.0,inf
603,0,-0.7972572174384079,-1.5091058724891937,0.6308490378252185,0.9027,1,0.9027,6.0,inf
603,1,-0.7972572174384079,-1.5091058724891937,0.6308490378252185,0.9027,1,0.9027,6.0,inf
603,2,-0.7972572174384079,-1.5091058724891937,0.6308490378252185,0.9027,1,0.9027,6.0,inf
603,3,-0.7972572174384079,-1.5091058724891937,0.6308490378252185,0.9027,1,0.9027,6.0,inf
603,4,-0.7972572174384079,-1.5091058724891937,0.6308490378252185,0.9027,1,0.9027,6.0,inf
603,5,-0.7972572174384079,-1.5091058724891937,0.6308490378252185,0.9027,1,0.9027,6.0,inf
604,0,-0.21841399469160808,-0.5336877114257599,-0.19905998559134308,0.8996999999999999,1,0.8996999999999999,6.0,inf
604,1,-0.21841399469160808,-0.5336877114257599,-0.19905998559134308,0.8996999999999999,1,0.8996999999999999,6.0,inf
604,2,-0.21841399469160808,-0.5336877114257599,-0.19905998559134308,0.8996999999999999,1,0.8996999999999999,6.0,inf
604,3,-0.21841399469160808,-0.5336877114257599,-0.19905998559134308,0.8996999999999999,1,0.8996999999999999,6.0,inf
604,4,-0.21841399469160808,-0.5336877114257599,-0.19905998559134308,0.8996999999999999,1,0.8996999999999999,6.0,inf
604,5,-0.21841399469160808,-0.5336877114257599,-0.19905998559134308,0.8996999999999999,1,0.8996999999999999,6.0,inf
605,0,-1.464209125518234,-0.012398702836972858,-1.5232155774652383,3.5912999999999995,1,3.5912999999999995,6.0,inf
605,1,-1.464209125518234,-0.012398702836972858,-1.5232155774652383,3.5912999999999995,1,3.5912999999999995,6.0,inf
605,2,-1.464209125518234,-0.012398702836972858,-1.5232155774652383,3.5912999999999995,1,3.5912999999999995,6.0,inf
605,3,-1.464209125518234,-0.012398702836972858,-1.5232155774652383,3.5912999999999995,1,3.5912999999999995,6.0,inf
605,4,-1.464209125518234,-0.012398702836972858,-1.5232155774652383,3.5912999999999995,1,3.5912999999999995,6.0,inf
605,5,-1.464209125518234,-0.012398702836972858,-1.5232155774652383,3.5912999999999995,1,3.5912999999999995,6.0,inf
606,0,1.963236014521185,0.1968346644084424,0.6209851311248037,2.1635999999999997,1,2.1635999999999997,6.0,inf
606,1,1.963236014521185,0.1968346644084424,0.6209851311248037,2.1635999999999997,1,2.1635999999999997,6.0,inf
606,2,1.963236014521185,0.1968346644084424,0.6209851311248037,2.1635999999999997,1,2.1635999999999997,6.0,inf
606,3,1.963236014521185,0.1968346644084424,0.6209851311248037,2.1635999999999997,1,2.1635999999999997,6.0,inf
606,4,1.963236014521185,0.1968346644084424,0.6209851311248037,2.1635999999999997,1,2.1635999999999997,6.0,inf
606,5,1.963236014521185,0.1968346644084424,0.6209851311248037,2.1635999999999997,1,2.1635999999999997,6.0,inf
607,0,-0.1340411621722784,-0.46250159723929224,1.554199237069838,1.3016999999999999,1,1.3016999999999999,6.0,inf
607,1,-0.1340411621722784,-0.46250159723929224,1.554199237069838,1.3016999999999999,1,1.3016999999999999,6.0,inf
607,2,-0.1340411621722784,-0.46250159723929224,1.554199237069838,1.3016999999999999,1,1.3016999999999999,6.0,inf
607,3,-0.1340411621722784,-0.46250159723929224,1.554199237069838,1.3016999999999999,1,1.3016999999999999,6.0,inf
607,4,-0.1340411621722784,-0.46250159723929224,1.554199237069838,1.3016999999999999,1,1.3016999999999999,6.0,inf
607,5,-0.1340411621722784,-0.46250159723929224,1.554199237069838,1.3016999999999999,1,1.3016999999999999,6.0,inf
608,0,-0.8691658755806468,1.8566537870114554,0.1386095910773909,0.8495999999999999,1,0.8495999999999999,6.0,inf
608,1,-0.8691658755806468,1.8566537870114554,0.1386095910773909,0.8495999999999999,1,0.8495999999999999,6.0,inf
608,2,-0.8691658755806468,1.8566537870114554,0.1386095910773909,0.8495999999999999,1,0.8495999999999999,6.0,inf
608,3,-0.8691658755806468,1.8566537870114554,0.1386095910773909,0.8495999999999999,1,0.8495999999999999,6.0,inf
608,4,-0.8691658755806468,1.8566537870114554,0.1386095910773909,0.8495999999999999,1,0.8495999999999999,6.0,inf
608,5,-0.8691658755806468,1.8566537870114554,0.1386095910773909,0.8495999999999999,1,0.8495999999999999,6.0,inf
609,0,-0.16399270270925348,-0.9185366527411346,-0.07728852394715018,0.8840999999999999,1,0.8840999999999999,6.0,inf
609,1,-0.16399270270925348,-0.9185366527411346,-0.07728852394715018,0.8840999999999999,1,0.8840999999999999,6.0,inf
609,2,-0.16399270270925348,-0.9185366527411346,-0.07728852394715018,0.8840999999999999,1,0.8840999999999999,6.0,inf
609,3,-0.16399270270925348,-0.9185366527411346,-0.07728852394715018,0.8840999999999999,1,0.8840999999999999,6.0,inf
609,4,-0.16399270270925348,-0.9185366527411346,-0.07728852394715018,0.8840999999999999,1,0.8840999999999999,6.0,inf
609,5,-0.16399270270925348,-0.9185366527411346,-0.07728852394715018,0.8840999999999999,1,0.8840999999999999,6.0,inf
610,0,0.534973686846595,0.6533065807804649,-2.2485531433035644,2.3855999999999997,1,2.3855999999999997,6.0,inf
610,1,0.534973686846595,0.6533065807804649,-2.2485531433035644,2.3855999999999997,1,2.3855999999999997,6.0,inf
610,2,0.534973686846595,0.6533065807804649,-2.2485531433035644,2.3855999999999997,1,2.3855999999999997,6.0,inf
610,3,0.534973686846595,0.6533065807804649,-2.2485531433035644,2.3855999999999997,1,2.3855999999999997,6.0,inf
610,4,0.534973686846595,0.6533065807804649,-2.2485531433035644,2.3855999999999997,1,2.3855999999999997,6.0,inf
610,5,0.534973686846595,0.6533065807804649,-2.2485531433035644,2.3855999999999997,1,2.3855999999999997,6.0,inf
611,0,-0.6136927823174512,-0.6843893541758344,-0.772738095215845,0.3837,1,0.3837,6.0,inf
611,1,-0.6136927823174512,-0.6843893541758344,-0.772738095215845,0.3837,1,0.3837,6.0,inf
611,2,-0.6136927823174512,-0.6843893541758344,-0.772738095215845,0.3837,1,0.3837,6.0,inf
611,3,-0.6136927823174512,-0.6843893541758344,-0.772738095215845,0.3837,1,0.3837,6.0,inf
611,4,-0.6136927823174512,-0.6843893541758344,-0.772738095215845,0.3837,1,0.3837,6.0,inf
611,5,-0.6136927823174512,-0.6843893541758344,-0.772738095215845,0.3837,1,0.3837,6.0,inf
612,0,-0.21775155288765624,1.1506213184837384,-2.508328228320963,3.1287,1,3.1287,6.0,inf
612,1,-0.21775155288765624,1.1506213184837384,-2.508328228320963,3.1287,1,3.1287,6.0,inf
612,2,-0.21775155288765624,1.1506213184837384,-2.508328228320963,3.1287,1,3.1287,6.0,inf
612,3,-0.21775155288765624,1.1506213184837384,-2.508328228320963,3.1287,1,3.1287,6.0,inf
612,4,-0.21775155288765624,1.1506213184837384,-2.508328228320963,3.1287,1,3.1287,6.0,inf
612,5,-0.21775155288765624,1.1506213184837384,-2.508328228320963,3.1287,1,3.1287,6.0,inf
613,0,-0.2597913162720943,1.1424535306868644,-1.19985782599626,3.9542999999999995,1,3.9542999999999995,6.0,inf
613,1,-0.2597913162720943,1.1424535306868644,-1.19985782599626,3.9542999999999995,1,3.9542999999999995,6.0,inf
613,2,-0.2597913162720943,1.1424535306868644,-1.19985782599626,3.9542999999999995,1,3.9542999999999995,6.0,inf
613,3,-0.2597913162720943,1.1424535306868644,-1.19985782599626,3.9542999999999995,1,3.9542999999999995,6.0,inf
613,4,-0.2597913162720943,1.1424535306868644,-1.19985782599626,3.9542999999999995,1,3.9542999999999995,6.0,inf
613,5,-0.2597913162720943,1.1424535306868644,-1.19985782599626,3.9542999999999995,1,3.9542999999999995,6.0,inf
614,0,1.4286633215452962,1.544781066323456,0.741193267317226,3.0894,1,3.0894,6.0,inf
614,1,1.4286633215452962,1.544781066323456,0.741193267317226,3.0894,1,3.0894,6.0,inf
614,2,1.4286633215452962,1.544781066323456,0.741193267317226,3.0894,1,3.0894,6.0,inf
614,3,1.4286633215452962,1.544781066323456,0.741193267317226,3.0894,1,3.0894,6.0,inf
614,4,1.4286633215452962,1.544781066323456,0.741193267317226,3.0894,1,3.0894,6.0,inf
614,5,1.4286633215452962,1.544781066323456,0.741193267317226,3.0894,1,3.0894,6.0,inf
615,0,0.0023352013191840263,-0.38932059404457825,0.11084204601221752,1.1493,1,1.1493,6.0,inf
615,1,0.0023352013191840263,-0.38932059404457825,0.11084204601221752,1.1493,1,1.1493,6.0,inf
615,2,0.0023352013191840263,-0.38932059404457825,0.11084204601221752,1.1493,1,1.1493,6.0,inf
615,3,0.0023352013191840263,-0.38932059404457825,0.11084204601221752,1.1493,1,1.1493,6.0,inf
615,4,0.0023352013191840263,-0.38932059404457825,0.11084204601221752,1.1493,1,1.1493,6.0,inf
615,5,0.0023352013191840263,-0.38932059404457825,0.11084204601221752,1.1493,1,1.1493,6.0,inf
616,0,-0.3034577975768562,-1.7532007259343754,-1.2432869299439255,0.6116999999999999,1,0.6116999999999999,6.0,inf
616,1,-0.3034577975768562,-1.7532007259343754,-1.2432869299439255,0.6116999999999999,1,0.6116999999999999,6.0,inf
616,2,-0.3034577975768562,-1.7532007259343754,-1.2432869299439255,0.6116999999999999,1,0.6116999999999999,6.0,inf
616,3,-0.3034577975768562,-1.7532007259343754,-1.2432869299439255,0.6116999999999999,1,0.6116999999999999,6.0,inf
616,4,-0.3034577975768562,-1.7532007259343754,-1.2432869299439255,0.6116999999999999,1,0.6116999999999999,6.0,inf
616,5,-0.3034577975768562,-1.7532007259343754,-1.2432869299439255,0.6116999999999999,1,0.6116999999999999,6.0,inf
617,0,0.5060416434140674,1.4308488505400758,0.5323168927603064,5.7882,1,5.7882,6.0,inf
617,1,0.5060416434140674,1.4308488505400758,0.5323168927603064,5.7882,1,5.7882,6.0,inf
617,2,0.5060416434140674,1.4308488505400758,0.5323168927603064,5.7882,1,5.7882,6.0,inf
617,3,0.5060416434140674,1.4308488505400758,0.5323168927603064,5.7882,1,5.7882,6.0,inf
617,4,0.5060416434140674,1.4308488505400758,0.5323168927603064,5.7882,1,5.7882,6.0,inf
617,5,0.5060416434140674,1.4308488505400758,0.5323168927603064,5.7882,1,5.7882,6.0,inf
618,0,0.9794665054739715,-0.4312421157053318,0.6230180062453854,1.7837999999999998,1,1.7837999999999998,6.0,inf
618,1,0.9794665054739715,-0.4312421157053318,0.6230180062453854,1.7837999999999998,1,1.7837999999999998,6.0,inf
618,2,0.9794665054739715,-0.4312421157053318,0.6230180062453854,1.7837999999999998,1,1.7837999999999998,6.0,inf
618,3,0.9794665054739715,-0.4312421157053318,0.6230180062453854,1.7837999999999998,1,1.7837999999999998,6.0,inf
618,4,0.9794665054739715,-0.4312421157053318,0.6230180062453854,1.7837999999999998,1,1.7837999999999998,6.0,inf
618,5,0.9794665054739715,-0.4312421157053318,0.6230180062453854,1.7837999999999998,1,1.7837999999999998,6.0,inf
619,0,-0.8828832154361042,0.8705706815729997,0.6265855351484902,6.0,0,6.989399999999999,6.0,inf
619,1,-0.8828832154361042,0.8705706815729997,0.6265855351484902,6.0,0,6.989399999999999,6.0,inf
619,2,-0.8828832154361042,0.8705706815729997,0.6265855351484902,6.0,0,6.989399999999999,6.0,inf
619,3,-0.8828832154361042,0.8705706815729997,0.6265855351484902,6.0,0,6.989399999999999,6.0,inf
619,4,-0.8828832154361042,0.8705706815729997,0.6265855351484902,6.0,0,6.989399999999999,6.0,inf
619,5,-0.8828832154361042,0.8705706815729997,0.6265855351484902,6.0,0,6.989399999999999,6.0,inf
620,0,0.8029918722425958,-0.8915296330501873,0.7536498160279281,0.38759999999999994,1,0.38759999999999994,6.0,inf
620,1,0.8029918722425958,-0.8915296330501873,0.7536498160279281,0.38759999999999994,1,0.38759999999999994,6.0,inf
620,2,0.8029918722425958,-0.8915296330501873,0.7536498160279281,0.38759999999999994,1,0.38759999999999994,6.0,inf
620,3,0.8029918722425958,-0.8915296330501873,0.7536498160279281,0.38759999999999994,1,0.38759999999999994,6.0,inf
620,4,0.8029918722425958,-0.8915296330501873,0.7536498160279281,0.38759999999999994,1,0.38759999999999994,6.0,inf
620,5,0.8029918722425958,-0.8915296330501873,0.7536498160279281,0.38759999999999994,1,0.38759999999999994,6.0,inf
621,0,0.2895701766229847,1.0761248043695888,0.6135632274369609,1.9949999999999999,1,1.9949999999999999,6.0,inf
621,1,0.2895701766229847,1.0761248043695888,0.6135632274369609,1.9949999999999999,1,1.9949999999999999,6.0,inf
621,2,0.2895701766229847,1.0761248043695888,0.6135632274369609,1.9949999999999999,1,1.9949999999999999,6.0,inf
621,3,0.2895701766229847,1.0761248043695888,0.6135632274369609,1.9949999999999999,1,1.9949999999999999,6.0,inf
621,4,0.2895701766229847,1.0761248043695888,0.6135632274369609,1.9949999999999999,1,1.9949999999999999,6.0,inf
621,5,0.2895701766229847,1.0761248043695888,0.6135632274369609,1.9949999999999999,1,1.9949999999999999,6.0,inf
622,0,0.1535868343840985,-0.6725930827724897,-2.653338894217931,1.2434999999999998,1,1.2434999999999998,6.0,inf
622,1,0.1535868343840985,-0.6725930827724897,-2.653338894217931,1.2434999999999998,1,1.2434999999999998,6.0,inf
622,2,0.1535868343840985,-0.6725930827724897,-2.653338894217931,1.2434999999999998,1,1.2434999999999998,6.0,inf
622,3,0.1535868343840985,-0.6725930827724897,-2.653338894217931,1.2434999999999998,1,1.2434999999999998,6.0,inf
622,4,0.1535868343840985,-0.6725930827724897,-2.653338894217931,1.2434999999999998,1,1.2434999999999998,6.0,inf
622,5,0.1535868343840985,-0.6725930827724897,-2.653338894217931,1.2434999999999998,1,1.2434999999999998,6.0,inf
623,0,-1.3731217115642353,-0.05397931055251416,-0.7497868725284892,0.4443,1,0.4443,6.0,inf
623,1,-1.3731217115642353,-0.05397931055251416,-0.7497868725284892,0.4443,1,0.4443,6.0,inf
623,2,-1.3731217115642353,-0.05397931055251416,-0.7497868725284892,0.4443,1,0.4443,6.0,inf
623,3,-1.3731217115642353,-0.05397931055251416,-0.7497868725284892,0.4443,1,0.4443,6.0,inf
623,4,-1.3731217115642353,-0.05397931055251416,-0.7497868725284892,0.4443,1,0.4443,6.0,inf
623,5,-1.3731217115642353,-0.05397931055251416,-0.7497868725284892,0.4443,1,0.4443,6.0,inf
624,0,-1.7935502809876447,0.694253265497501,-1.7966915817150204,5.4669,1,5.4669,6.0,inf
624,1,-1.7935502809876447,0.694253265497501,-1.7966915817150204,5.4669,1,5.4669,6.0,inf
624,2,-1.7935502809876447,0.694253265497501,-1.7966915817150204,5.4669,1,5.4669,6.0,inf
624,3,-1.7935502809876447,0.694253265497501,-1.7966915817150204,5.4669,1,5.4669,6.0,inf
624,4,-1.7935502809876447,0.694253265497501,-1.7966915817150204,5.4669,1,5.4669,6.0,inf
624,5,-1.7935502809876447,0.694253265497501,-1.7966915817150204,5.4669,1,5.4669,6.0,inf
625,0,-1.40126642107016,-1.4080976965151837,-0.7925037364321665,0.8084999999999999,1,0.8084999999999999,6.0,inf
625,1,-1.40126642107016,-1.4080976965151837,-0.7925037364321665,0.8084999999999999,1,0.8084999999999999,6.0,inf
625,2,-1.40126642107016,-1.4080976965151837,-0.7925037364321665,0.8084999999999999,1,0.8084999999999999,6.0,inf
625,3,-1.40126642107016,-1.4080976965151837,-0.7925037364321665,0.8084999999999999,1,0.8084999999999999,6.0,inf
625,4,-1.40126642107016,-1.4080976965151837,-0.7925037364321665,0.8084999999999999,1,0.8084999999999999,6.0,inf
625,5,-1.40126642107016,-1.4080976965151837,-0.7925037364321665,0.8084999999999999,1,0.8084999999999999,6.0,inf
626,0,-1.3703194277154405,0.6960568858618659,0.9528340975467257,2.0477999999999996,1,2.0477999999999996,6.0,inf
626,1,-1.3703194277154405,0.6960568858618659,0.9528340975467257,2.0477999999999996,1,2.0477999999999996,6.0,inf
626,2,-1.3703194277154405,0.6960568858618659,0.9528340975467257,2.0477999999999996,1,2.0477999999999996,6.0,inf
626,3,-1.3703194277154405,0.6960568858618659,0.9528340975467257,2.0477999999999996,1,2.0477999999999996,6.0,inf
626,4,-1.3703194277154405,0.6960568858618659,0.9528340975467257,2.0477999999999996,1,2.0477999999999996,6.0,inf
626,5,-1.3703194277154405,0.6960568858618659,0.9528340975467257,2.0477999999999996,1,2.0477999999999996,6.0,inf
627,0,-2.4045717049454605,-0.07215608575560671,-0.10074748315043874,0.8097,1,0.8097,6.0,inf
627,1,-2.4045717049454605,-0.07215608575560671,-0.10074748315043874,0.8097,1,0.8097,6.0,inf
627,2,-2.4045717049454605,-0.07215608575560671,-0.10074748315043874,0.8097,1,0.8097,6.0,inf
627,3,-2.4045717049454605,-0.07215608575560671,-0.10074748315043874,0.8097,1,0.8097,6.0,inf
627,4,-2.4045717049454605,-0.07215608575560671,-0.10074748315043874,0.8097,1,0.8097,6.0,inf
627,5,-2.4045717049454605,-0.07215608575560671,-0.10074748315043874,0.8097,1,0.8097,6.0,inf
628,0,0.048635935528380615,-1.0765549559096879,0.40391348795067256,0.5399999999999999,1,0.5399999999999999,6.0,inf
628,1,0.048635935528380615,-1.0765549559096879,0.40391348795067256,0.5399999999999999,1,0.5399999999999999,6.0,inf
628,2,0.048635935528380615,-1.0765549559096879,0.40391348795067256,0.5399999999999999,1,0.5399999999999999,6.0,inf
628,3,0.048635935528380615,-1.0765549559096879,0.40391348795067256,0.5399999999999999,1,0.5399999999999999,6.0,inf
628,4,0.048635935528380615,-1.0765549559096879,0.40391348795067256,0.5399999999999999,1,0.5399999999999999,6.0,inf
628,5,0.048635935528380615,-1.0765549559096879,0.40391348795067256,0.5399999999999999,1,0.5399999999999999,6.0,inf
629,0,1.6726540772511422,-2.050203967551588,1.1179278844475717,1.5716999999999999,1,1.5716999999999999,6.0,inf
629,1,1.6726540772511422,-2.050203967551588,1.1179278844475717,1.5716999999999999,1,1.5716999999999999,6.0,inf
629,2,1.6726540772511422,-2.050203967551588,1.1179278844475717,1.5716999999999999,1,1.5716999999999999,6.0,inf
629,3,1.6726540772511422,-2.050203967551588,1.1179278844475717,1.5716999999999999,1,1.5716999999999999,6.0,inf
629,4,1.6726540772511422,-2.050203967551588,1.1179278844475717,1.5716999999999999,1,1.5716999999999999,6.0,inf
629,5,1.6726540772511422,-2.050203967551588,1.1179278844475717,1.5716999999999999,1,1.5716999999999999,6.0,inf
630,0,-0.3457443571626723,-0.9720120241237069,-0.7599010338671838,2.5599,1,2.5599,6.0,inf
630,1,-0.3457443571626723,-0.9720120241237069,-0.7599010338671838,2.5599,1,2.5599,6.0,inf
630,2,-0.3457443571626723,-0.9720120241237069,-0.7599010338671838,2.5599,1,2.5599,6.0,inf
630,3,-0.3457443571626723,-0.9720120241237069,-0.7599010338671838,2.5599,1,2.5599,6.0,inf
630,4,-0.3457443571626723,-0.9720120241237069,-0.7599010338671838,2.5599,1,2.5599,6.0,inf
630,5,-0.3457443571626723,-0.9720120241237069,-0.7599010338671838,2.5599,1,2.5599,6.0,inf
631,0,1.2723067349474284,2.3013272701474063,-0.24244570462169474,3.7133999999999996,1,3.7133999999999996,6.0,inf
631,1,1.2723067349474284,2.3013272701474063,-0.24244570462169474,3.7133999999999996,1,3.7133999999999996,6.0,inf
631,2,1.2723067349474284,2.3013272701474063,-0.24244570462169474,3.7133999999999996,1,3.7133999999999996,6.0,inf
631,3,1.2723067349474284,2.3013272701474063,-0.24244570462169474,3.7133999999999996,1,3.7133999999999996,6.0,inf
631,4,1.2723067349474284,2.3013272701474063,-0.24244570462169474,3.7133999999999996,1,3.7133999999999996,6.0,inf
631,5,1.2723067349474284,2.3013272701474063,-0.24244570462169474,3.7133999999999996,1,3.7133999999999996,6.0,inf
632,0,0.702432229372336,-0.4803441661297718,-0.5864659448467021,3.5183999999999997,1,3.5183999999999997,6.0,inf
632,1,0.702432229372336,-0.4803441661297718,-0.5864659448467021,3.5183999999999997,1,3.5183999999999997,6.0,inf
632,2,0.702432229372336,-0.4803441661297718,-0.5864659448467021,3.5183999999999997,1,3.5183999999999997,6.0,inf
632,3,0.702432229372336,-0.4803441661297718,-0.5864659448467021,3.5183999999999997,1,3.5183999999999997,6.0,inf
632,4,0.702432229372336,-0.4803441661297718,-0.5864659448467021,3.5183999999999997,1,3.5183999999999997,6.0,inf
632,5,0.702432229372336,-0.4803441661297718,-0.5864659448467021,3.5183999999999997,1,3.5183999999999997,6.0,inf
633,0,0.5880951409953492,-0.8356047832360304,0.6673562156501599,1.2219,1,1.2219,6.0,inf
633,1,0.5880951409953492,-0.8356047832360304,0.6673562156501599,1.2219,1,1.2219,6.0,inf
633,2,0.5880951409953492,-0.8356047832360304,0.6673562156501599,1.2219,1,1.2219,6.0,inf
633,3,0.5880951409953492,-0.8356047832360304,0.6673562156501599,1.2219,1,1.2219,6.0,inf
633,4,0.5880951409953492,-0.8356047832360304,0.6673562156501599,1.2219,1,1.2219,6.0,inf
633,5,0.5880951409953492,-0.8356047832360304,0.6673562156501599,1.2219,1,1.2219,6.0,inf
634,0,-0.739011279152753,-0.5368346431636175,0.4754046830124313,1.3311,1,1.3311,6.0,inf
634,1,-0.739011279152753,-0.5368346431636175,0.4754046830124313,1.3311,1,1.3311,6.0,inf
634,2,-0.739011279152753,-0.5368346431636175,0.4754046830124313,1.3311,1,1.3311,6.0,inf
634,3,-0.739011279152753,-0.5368346431636175,0.4754046830124313,1.3311,1,1.3311,6.0,inf
634,4,-0.739011279152753,-0.5368346431636175,0.4754046830124313,1.3311,1,1.3311,6.0,inf
634,5,-0.739011279152753,-0.5368346431636175,0.4754046830124313,1.3311,1,1.3311,6.0,inf
635,0,-0.061333005918674466,-0.5925764954882222,0.46652874348313744,1.3136999999999999,1,1.3136999999999999,6.0,inf
635,1,-0.061333005918674466,-0.5925764954882222,0.46652874348313744,1.3136999999999999,1,1.3136999999999999,6.0,inf
635,2,-0.061333005918674466,-0.5925764954882222,0.46652874348313744,1.3136999999999999,1,1.3136999999999999,6.0,inf
635,3,-0.061333005918674466,-0.5925764954882222,0.46652874348313744,1.3136999999999999,1,1.3136999999999999,6.0,inf
635,4,-0.061333005918674466,-0.5925764954882222,0.46652874348313744,1.3136999999999999,1,1.3136999999999999,6.0,inf
635,5,-0.061333005918674466,-0.5925764954882222,0.46652874348313744,1.3136999999999999,1,1.3136999999999999,6.0,inf
636,0,-0.8362312992134185,1.9215050997326064,0.6104158006561821,4.8648,1,4.8648,6.0,inf
636,1,-0.8362312992134185,1.9215050997326064,0.6104158006561821,4.8648,1,4.8648,6.0,inf
636,2,-0.8362312992134185,1.9215050997326064,0.6104158006561821,4.8648,1,4.8648,6.0,inf
636,3,-0.8362312992134185,1.9215050997326064,0.6104158006561821,4.8648,1,4.8648,6.0,inf
636,4,-0.8362312992134185,1.9215050997326064,0.6104158006561821,4.8648,1,4.8648,6.0,inf
636,5,-0.8362312992134185,1.9215050997326064,0.6104158006561821,4.8648,1,4.8648,6.0,inf
637,0,-1.3999537928012897,-0.09141748759153268,0.3397123066280299,5.7509999999999994,1,5.7509999999999994,6.0,inf
637,1,-1.3999537928012897,-0.09141748759153268,0.3397123066280299,5.7509999999999994,1,5.7509999999999994,6.0,inf
637,2,-1.3999537928012897,-0.09141748759153268,0.3397123066280299,5.7509999999999994,1,5.7509999999999994,6.0,inf
637,3,-1.3999537928012897,-0.09141748759153268,0.3397123066280299,5.7509999999999994,1,5.7509999999999994,6.0,inf
637,4,-1.3999537928012897,-0.09141748759153268,0.3397123066280299,5.7509999999999994,1,5.7509999999999994,6.0,inf
637,5,-1.3999537928012897,-0.09141748759153268,0.3397123066280299,5.7509999999999994,1,5.7509999999999994,6.0,inf
638,0,0.14666583671074798,-0.8529096610613162,0.5131535311670625,2.016,1,2.016,6.0,inf
638,1,0.14666583671074798,-0.8529096610613162,0.5131535311670625,2.016,1,2.016,6.0,inf
638,2,0.14666583671074798,-0.8529096610613162,0.5131535311670625,2.016,1,2.016,6.0,inf
638,3,0.14666583671074798,-0.8529096610613162,0.5131535311670625,2.016,1,2.016,6.0,inf
638,4,0.14666583671074798,-0.8529096610613162,0.5131535311670625,2.016,1,2.016,6.0,inf
638,5,0.14666583671074798,-0.8529096610613162,0.5131535311670625,2.016,1,2.016,6.0,inf
639,0,-1.4750891292355237,0.08762780420159721,1.6043305905703407,2.7129,1,2.7129,6.0,inf
639,1,-1.4750891292355237,0.08762780420159721,1.6043305905703407,2.7129,1,2.7129,6.0,inf
639,2,-1.4750891292355237,0.08762780420159721,1.6043305905703407,2.7129,1,2.7129,6.0,inf
639,3,-1.4750891292355237,0.08762780420159721,1.6043305905703407,2.7129,1,2.7129,6.0,inf
639,4,-1.4750891292355237,0.08762780420159721,1.6043305905703407,2.7129,1,2.7129,6.0,inf
639,5,-1.4750891292355237,0.08762780420159721,1.6043305905703407,2.7129,1,2.7129,6.0,inf
640,0,0.8427942215175327,-0.5178886647144074,0.526294703166647,1.1732999999999998,1,1.1732999999999998,6.0,inf
640,1,0.8427942215175327,-0.5178886647144074,0.526294703166647,1.1732999999999998,1,1.1732999999999998,6.0,inf
640,2,0.8427942215175327,-0.5178886647144074,0.526294703166647,1.1732999999999998,1,1.1732999999999998,6.0,inf
640,3,0.8427942215175327,-0.5178886647144074,0.526294703166647,1.1732999999999998,1,1.1732999999999998,6.0,inf
640,4,0.8427942215175327,-0.5178886647144074,0.526294703166647,1.1732999999999998,1,1.1732999999999998,6.0,inf
640,5,0.8427942215175327,-0.5178886647144074,0.526294703166647,1.1732999999999998,1,1.1732999999999998,6.0,inf
641,0,0.49747529468118573,1.8717452885206354,0.33969946946669183,2.9738999999999995,1,2.9738999999999995,6.0,inf
641,1,0.49747529468118573,1.8717452885206354,0.33969946946669183,2.9738999999999995,1,2.9738999999999995,6.0,inf
641,2,0.49747529468118573,1.8717452885206354,0.33969946946669183,2.9738999999999995,1,2.9738999999999995,6.0,inf
641,3,0.49747529468118573,1.8717452885206354,0.33969946946669183,2.9738999999999995,1,2.9738999999999995,6.0,inf
641,4,0.49747529468118573,1.8717452885206354,0.33969946946669183,2.9738999999999995,1,2.9738999999999995,6.0,inf
641,5,0.49747529468118573,1.8717452885206354,0.33969946946669183,2.9738999999999995,1,2.9738999999999995,6.0,inf
642,0,-0.2738274687179271,-0.6823317511787658,0.6453188114213223,1.7294999999999998,1,1.7294999999999998,6.0,inf
642,1,-0.2738274687179271,-0.6823317511787658,0.6453188114213223,1.7294999999999998,1,1.7294999999999998,6.0,inf
642,2,-0.2738274687179271,-0.6823317511787658,0.6453188114213223,1.7294999999999998,1,1.7294999999999998,6.0,inf
642,3,-0.2738274687179271,-0.6823317511787658,0.6453188114213223,1.7294999999999998,1,1.7294999999999998,6.0,inf
642,4,-0.2738274687179271,-0.6823317511787658,0.6453188114213223,1.7294999999999998,1,1.7294999999999998,6.0,inf
642,5,-0.2738274687179271,-0.6823317511787658,0.6453188114213223,1.7294999999999998,1,1.7294999999999998,6.0,inf
643,0,-0.14054443326170568,-0.952548825787859,-0.24305563514470155,1.3235999999999999,1,1.3235999999999999,6.0,inf
643,1,-0.14054443326170568,-0.952548825787859,-0.24305563514470155,1.3235999999999999,1,1.3235999999999999,6.0,inf
643,2,-0.14054443326170568,-0.952548825787859,-0.24305563514470155,1.3235999999999999,1,1.3235999999999999,6.0,inf
643,3,-0.14054443326170568,-0.952548825787859,-0.24305563514470155,1.3235999999999999,1,1.3235999999999999,6.0,inf
643,4,-0.14054443326170568,-0.952548825787859,-0.24305563514470155,1.3235999999999999,1,1.3235999999999999,6.0,inf
643,5,-0.14054443326170568,-0.952548825787859,-0.24305563514470155,1.3235999999999999,1,1.3235999999999999,6.0,inf
644,0,-1.2491433973463222,0.823285409850743,0.8863562762946651,3.7175999999999996,1,3.7175999999999996,6.0,inf
644,1,-1.2491433973463222,0.823285409850743,0.8863562762946651,3.7175999999999996,1,3.7175999999999996,6.0,inf
644,2,-1.2491433973463222,0.823285409850743,0.8863562762946651,3.7175999999999996,1,3.7175999999999996,6.0,inf
644,3,-1.2491433973463222,0.823285409850743,0.8863562762946651,3.7175999999999996,1,3.7175999999999996,6.0,inf
644,4,-1.2491433973463222,0.823285409850743,0.8863562762946651,3.7175999999999996,1,3.7175999999999996,6.0,inf
644,5,-1.2491433973463222,0.823285409850743,0.8863562762946651,3.7175999999999996,1,3.7175999999999996,6.0,inf
645,0,1.3864647922037519,0.5434777687848928,-1.901265805185055,0.43889999999999996,1,0.43889999999999996,6.0,inf
645,1,1.3864647922037519,0.5434777687848928,-1.901265805185055,0.43889999999999996,1,0.43889999999999996,6.0,inf
645,2,1.3864647922037519,0.5434777687848928,-1.901265805185055,0.43889999999999996,1,0.43889999999999996,6.0,inf
645,3,1.3864647922037519,0.5434777687848928,-1.901265805185055,0.43889999999999996,1,0.43889999999999996,6.0,inf
645,4,1.3864647922037519,0.5434777687848928,-1.901265805185055,0.43889999999999996,1,0.43889999999999996,6.0,inf
645,5,1.3864647922037519,0.5434777687848928,-1.901265805185055,0.43889999999999996,1,0.43889999999999996,6.0,inf
646,0,1.5575013702668319,-0.6584260523863945,0.22669297602415442,2.0132999999999996,1,2.0132999999999996,6.0,inf
646,1,1.5575013702668319,-0.6584260523863945,0.22669297602415442,2.0132999999999996,1,2.0132999999999996,6.0,inf
646,2,1.5575013702668319,-0.6584260523863945,0.22669297602415442,2.0132999999999996,1,2.0132999999999996,6.0,inf
646,3,1.5575013702668319,-0.6584260523863945,0.22669297602415442,2.0132999999999996,1,2.0132999999999996,6.0,inf
646,4,1.5575013702668319,-0.6584260523863945,0.22669297602415442,2.0132999999999996,1,2.0132999999999996,6.0,inf
646,5,1.5575013702668319,-0.6584260523863945,0.22669297602415442,2.0132999999999996,1,2.0132999999999996,6.0,inf
647,0,-1.5350252988442419,-0.5775011951438244,1.148687785961212,2.8497,1,2.8497,6.0,inf
647,1,-1.5350252988442419,-0.5775011951438244,1.148687785961212,2.8497,1,2.8497,6.0,inf
647,2,-1.5350252988442419,-0.5775011951438244,1.148687785961212,2.8497,1,2.8497,6.0,inf
647,3,-1.5350252988442419,-0.5775011951438244,1.148687785961212,2.8497,1,2.8497,6.0,inf
647,4,-1.5350252988442419,-0.5775011951438244,1.148687785961212,2.8497,1,2.8497,6.0,inf
647,5,-1.5350252988442419,-0.5775011951438244,1.148687785961212,2.8497,1,2.8497,6.0,inf
648,0,-0.1202551603507029,1.6250251120254091,1.4584088078424269,5.454,1,5.454,6.0,inf
648,1,-0.1202551603507029,1.6250251120254091,1.4584088078424269,5.454,1,5.454,6.0,inf
648,2,-0.1202551603507029,1.6250251120254091,1.4584088078424269,5.454,1,5.454,6.0,inf
648,3,-0.1202551603507029,1.6250251120254091,1.4584088078424269,5.454,1,5.454,6.0,inf
648,4,-0.1202551603507029,1.6250251120254091,1.4584088078424269,5.454,1,5.454,6.0,inf
648,5,-0.1202551603507029,1.6250251120254091,1.4584088078424269,5.454,1,5.454,6.0,inf
649,0,-0.6312783672993195,1.9776914620316461,-0.019109725085349378,5.3499,1,5.3499,6.0,inf
649,1,-0.6312783672993195,1.9776914620316461,-0.019109725085349378,5.3499,1,5.3499,6.0,inf
649,2,-0.6312783672993195,1.9776914620316461,-0.019109725085349378,5.3499,1,5.3499,6.0,inf
649,3,-0.6312783672993195,1.9776914620316461,-0.019109725085349378,5.3499,1,5.3499,6.0,inf
649,4,-0.6312783672993195,1.9776914620316461,-0.019109725085349378,5.3499,1,5.3499,6.0,inf
649,5,-0.6312783672993195,1.9776914620316461,-0.019109725085349378,5.3499,1,5.3499,6.0,inf
650,0,-0.7626879605394903,-0.9918935471008219,0.5934128896693532,1.1532,1,1.1532,6.0,inf
650,1,-0.7626879605394903,-0.9918935471008219,0.5934128896693532,1.1532,1,1.1532,6.0,inf
650,2,-0.7626879605394903,-0.9918935471008219,0.5934128896693532,1.1532,1,1.1532,6.0,inf
650,3,-0.7626879605394903,-0.9918935471008219,0.5934128896693532,1.1532,1,1.1532,6.0,inf
650,4,-0.7626879605394903,-0.9918935471008219,0.5934128896693532,1.1532,1,1.1532,6.0,inf
650,5,-0.7626879605394903,-0.9918935471008219,0.5934128896693532,1.1532,1,1.1532,6.0,inf
651,0,1.3463048697779747,0.07591095802360019,0.30509884216838207,2.1315,1,2.1315,6.0,inf
651,1,1.3463048697779747,0.07591095802360019,0.30509884216838207,2.1315,1,2.1315,6.0,inf
651,2,1.3463048697779747,0.07591095802360019,0.30509884216838207,2.1315,1,2.1315,6.0,inf
651,3,1.3463048697779747,0.07591095802360019,0.30509884216838207,2.1315,1,2.1315,6.0,inf
651,4,1.3463048697779747,0.07591095802360019,0.30509884216838207,2.1315,1,2.1315,6.0,inf
651,5,1.3463048697779747,0.07591095802360019,0.30509884216838207,2.1315,1,2.1315,6.0,inf
652,0,-0.46980810778208826,1.1936860627667705,-1.6544369538150239,3.5207999999999995,1,3.5207999999999995,6.0,inf
652,1,-0.46980810778208826,1.1936860627667705,-1.6544369538150239,3.5207999999999995,1,3.5207999999999995,6.0,inf
652,2,-0.46980810778208826,1.1936860627667705,-1.6544369538150239,3.5207999999999995,1,3.5207999999999995,6.0,inf
652,3,-0.46980810778208826,1.1936860627667705,-1.6544369538150239,3.5207999999999995,1,3.5207999999999995,6.0,inf
652,4,-0.46980810778208826,1.1936860627667705,-1.6544369538150239,3.5207999999999995,1,3.5207999999999995,6.0,inf
652,5,-0.46980810778208826,1.1936860627667705,-1.6544369538150239,3.5207999999999995,1,3.5207999999999995,6.0,inf
653,0,0.30917014361317013,0.6554006799130395,0.5280379464391913,0.8990999999999999,1,0.8990999999999999,6.0,inf
653,1,0.30917014361317013,0.6554006799130395,0.5280379464391913,0.8990999999999999,1,0.8990999999999999,6.0,inf
653,2,0.30917014361317013,0.6554006799130395,0.5280379464391913,0.8990999999999999,1,0.8990999999999999,6.0,inf
653,3,0.30917014361317013,0.6554006799130395,0.5280379464391913,0.8990999999999999,1,0.8990999999999999,6.0,inf
653,4,0.30917014361317013,0.6554006799130395,0.5280379464391913,0.8990999999999999,1,0.8990999999999999,6.0,inf
653,5,0.30917014361317013,0.6554006799130395,0.5280379464391913,0.8990999999999999,1,0.8990999999999999,6.0,inf
654,0,-0.35392860675472704,1.178341686036104,-1.207308460440563,6.0,0,6.823499999999999,6.0,inf
654,1,-0.35392860675472704,1.178341686036104,-1.207308460440563,6.0,0,6.823499999999999,6.0,inf
654,2,-0.35392860675472704,1.178341686036104,-1.207308460440563,6.0,0,6.823499999999999,6.0,inf
654,3,-0.35392860675472704,1.178341686036104,-1.207308460440563,6.0,0,6.823499999999999,6.0,inf
654,4,-0.35392860675472704,1.178341686036104,-1.207308460440563,6.0,0,6.823499999999999,6.0,inf
654,5,-0.35392860675472704,1.178341686036104,-1.207308460440563,6.0,0,6.823499999999999,6.0,inf
655,0,-0.040743945235093,1.4998364205234183,-0.3576731048257178,5.447699999999999,1,5.447699999999999,6.0,inf
655,1,-0.040743945235093,1.4998364205234183,-0.3576731048257178,5.447699999999999,1,5.447699999999999,6.0,inf
655,2,-0.040743945235093,1.4998364205234183,-0.3576731048257178,5.447699999999999,1,5.447699999999999,6.0,inf
655,3,-0.040743945235093,1.4998364205234183,-0.3576731048257178,5.447699999999999,1,5.447699999999999,6.0,inf
655,4,-0.040743945235093,1.4998364205234183,-0.3576731048257178,5.447699999999999,1,5.447699999999999,6.0,inf
655,5,-0.040743945235093,1.4998364205234183,-0.3576731048257178,5.447699999999999,1,5.447699999999999,6.0,inf
656,0,1.9184052232479136,-1.3718795674878477,-0.6226172210281268,0.9977999999999999,1,0.9977999999999999,6.0,inf
656,1,1.9184052232479136,-1.3718795674878477,-0.6226172210281268,0.9977999999999999,1,0.9977999999999999,6.0,inf
656,2,1.9184052232479136,-1.3718795674878477,-0.6226172210281268,0.9977999999999999,1,0.9977999999999999,6.0,inf
656,3,1.9184052232479136,-1.3718795674878477,-0.6226172210281268,0.9977999999999999,1,0.9977999999999999,6.0,inf
656,4,1.9184052232479136,-1.3718795674878477,-0.6226172210281268,0.9977999999999999,1,0.9977999999999999,6.0,inf
656,5,1.9184052232479136,-1.3718795674878477,-0.6226172210281268,0.9977999999999999,1,0.9977999999999999,6.0,inf
657,0,-0.10652762210838503,-1.3034380385730024,-0.7149064517817916,1.1927999999999999,1,1.1927999999999999,6.0,inf
657,1,-0.10652762210838503,-1.3034380385730024,-0.7149064517817916,1.1927999999999999,1,1.1927999999999999,6.0,inf
657,2,-0.10652762210838503,-1.3034380385730024,-0.7149064517817916,1.1927999999999999,1,1.1927999999999999,6.0,inf
657,3,-0.10652762210838503,-1.3034380385730024,-0.7149064517817916,1.1927999999999999,1,1.1927999999999999,6.0,inf
657,4,-0.10652762210838503,-1.3034380385730024,-0.7149064517817916,1.1927999999999999,1,1.1927999999999999,6.0,inf
657,5,-0.10652762210838503,-1.3034380385730024,-0.7149064517817916,1.1927999999999999,1,1.1927999999999999,6.0,inf
658,0,-0.5001365712527212,-0.7347330151482703,-1.427743384221586,0.46979999999999994,1,0.46979999999999994,6.0,inf
658,1,-0.5001365712527212,-0.7347330151482703,-1.427743384221586,0.46979999999999994,1,0.46979999999999994,6.0,inf
658,2,-0.5001365712527212,-0.7347330151482703,-1.427743384221586,0.46979999999999994,1,0.46979999999999994,6.0,inf
658,3,-0.5001365712527212,-0.7347330151482703,-1.427743384221586,0.46979999999999994,1,0.46979999999999994,6.0,inf
658,4,-0.5001365712527212,-0.7347330151482703,-1.427743384221586,0.46979999999999994,1,0.46979999999999994,6.0,inf
658,5,-0.5001365712527212,-0.7347330151482703,-1.427743384221586,0.46979999999999994,1,0.46979999999999994,6.0,inf
659,0,0.08040729218633474,-0.0593164396880261,-0.3932921560214977,1.0506,1,1.0506,6.0,inf
659,1,0.08040729218633474,-0.0593164396880261,-0.3932921560214977,1.0506,1,1.0506,6.0,inf
659,2,0.08040729218633474,-0.0593164396880261,-0.3932921560214977,1.0506,1,1.0506,6.0,inf
659,3,0.08040729218633474,-0.0593164396880261,-0.3932921560214977,1.0506,1,1.0506,6.0,inf
659,4,0.08040729218633474,-0.0593164396880261,-0.3932921560214977,1.0506,1,1.0506,6.0,inf
659,5,0.08040729218633474,-0.0593164396880261,-0.3932921560214977,1.0506,1,1.0506,6.0,inf
660,0,-0.0016956881444215508,-1.2030641538789477,-0.5239421172877154,0.5625,1,0.5625,6.0,inf
660,1,-0.0016956881444215508,-1.2030641538789477,-0.5239421172877154,0.5625,1,0.5625,6.0,inf
660,2,-0.0016956881444215508,-1.2030641538789477,-0.5239421172877154,0.5625,1,0.5625,6.0,inf
660,3,-0.0016956881444215508,-1.2030641538789477,-0.5239421172877154,0.5625,1,0.5625,6.0,inf
660,4,-0.0016956881444215508,-1.2030641538789477,-0.5239421172877154,0.5625,1,0.5625,6.0,inf
660,5,-0.0016956881444215508,-1.2030641538789477,-0.5239421172877154,0.5625,1,0.5625,6.0,inf
661,0,-0.26903346421301017,-0.6650708803220798,-1.0255896014233097,1.0449,1,1.0449,6.0,inf
661,1,-0.26903346421301017,-0.6650708803220798,-1.0255896014233097,1.0449,1,1.0449,6.0,inf
661,2,-0.26903346421301017,-0.6650708803220798,-1.0255896014233097,1.0449,1,1.0449,6.0,inf
661,3,-0.26903346421301017,-0.6650708803220798,-1.0255896014233097,1.0449,1,1.0449,6.0,inf
661,4,-0.26903346421301017,-0.6650708803220798,-1.0255896014233097,1.0449,1,1.0449,6.0,inf
661,5,-0.26903346421301017,-0.6650708803220798,-1.0255896014233097,1.0449,1,1.0449,6.0,inf
662,0,0.7391549217011479,-0.726455425159654,1.5012283017036063,1.8863999999999999,1,1.8863999999999999,6.0,inf
662,1,0.7391549217011479,-0.726455425159654,1.5012283017036063,1.8863999999999999,1,1.8863999999999999,6.0,inf
662,2,0.7391549217011479,-0.726455425159654,1.5012283017036063,1.8863999999999999,1,1.8863999999999999,6.0,inf
662,3,0.7391549217011479,-0.726455425159654,1.5012283017036063,1.8863999999999999,1,1.8863999999999999,6.0,inf
662,4,0.7391549217011479,-0.726455425159654,1.5012283017036063,1.8863999999999999,1,1.8863999999999999,6.0,inf
662,5,0.7391549217011479,-0.726455425159654,1.5012283017036063,1.8863999999999999,1,1.8863999999999999,6.0,inf
663,0,1.4943717354491168,0.47572697093882793,-1.1283134434568391,2.7003,1,2.7003,6.0,inf
663,1,1.4943717354491168,0.47572697093882793,-1.1283134434568391,2.7003,1,2.7003,6.0,inf
663,2,1.4943717354491168,0.47572697093882793,-1.1283134434568391,2.7003,1,2.7003,6.0,inf
663,3,1.4943717354491168,0.47572697093882793,-1.1283134434568391,2.7003,1,2.7003,6.0,inf
663,4,1.4943717354491168,0.47572697093882793,-1.1283134434568391,2.7003,1,2.7003,6.0,inf
663,5,1.4943717354491168,0.47572697093882793,-1.1283134434568391,2.7003,1,2.7003,6.0,inf
664,0,2.180463552358804,0.10085770028484768,2.207954232914276,1.3389,1,1.3389,6.0,inf
664,1,2.180463552358804,0.10085770028484768,2.207954232914276,1.3389,1,1.3389,6.0,inf
664,2,2.180463552358804,0.10085770028484768,2.207954232914276,1.3389,1,1.3389,6.0,inf
664,3,2.180463552358804,0.10085770028484768,2.207954232914276,1.3389,1,1.3389,6.0,inf
664,4,2.180463552358804,0.10085770028484768,2.207954232914276,1.3389,1,1.3389,6.0,inf
664,5,2.180463552358804,0.10085770028484768,2.207954232914276,1.3389,1,1.3389,6.0,inf
665,0,1.0291537883629807,0.16101547189134624,0.32465101730307716,1.9634999999999998,1,1.9634999999999998,6.0,inf
665,1,1.0291537883629807,0.16101547189134624,0.32465101730307716,1.9634999999999998,1,1.9634999999999998,6.0,inf
665,2,1.0291537883629807,0.16101547189134624,0.32465101730307716,1.9634999999999998,1,1.9634999999999998,6.0,inf
665,3,1.0291537883629807,0.16101547189134624,0.32465101730307716,1.9634999999999998,1,1.9634999999999998,6.0,inf
665,4,1.0291537883629807,0.16101547189134624,0.32465101730307716,1.9634999999999998,1,1.9634999999999998,6.0,inf
665,5,1.0291537883629807,0.16101547189134624,0.32465101730307716,1.9634999999999998,1,1.9634999999999998,6.0,inf
666,0,1.263838052859406,-0.11254727255138978,1.995791451144169,1.4810999999999999,1,1.4810999999999999,6.0,inf
666,1,1.263838052859406,-0.11254727255138978,1.995791451144169,1.4810999999999999,1,1.4810999999999999,6.0,inf
666,2,1.263838052859406,-0.11254727255138978,1.995791451144169,1.4810999999999999,1,1.4810999999999999,6.0,inf
666,3,1.263838052859406,-0.11254727255138978,1.995791451144169,1.4810999999999999,1,1.4810999999999999,6.0,inf
666,4,1.263838052859406,-0.11254727255138978,1.995791451144169,1.4810999999999999,1,1.4810999999999999,6.0,inf
666,5,1.263838052859406,-0.11254727255138978,1.995791451144169,1.4810999999999999,1,1.4810999999999999,6.0,inf
667,0,-0.6678385158155281,-1.0642503022206702,-2.144108062143275,3.4841999999999995,1,3.4841999999999995,6.0,inf
667,1,-0.6678385158155281,-1.0642503022206702,-2.144108062143275,3.4841999999999995,1,3.4841999999999995,6.0,inf
667,2,-0.6678385158155281,-1.0642503022206702,-2.144108062143275,3.4841999999999995,1,3.4841999999999995,6.0,inf
667,3,-0.6678385158155281,-1.0642503022206702,-2.144108062143275,3.4841999999999995,1,3.4841999999999995,6.0,inf
667,4,-0.6678385158155281,-1.0642503022206702,-2.144108062143275,3.4841999999999995,1,3.4841999999999995,6.0,inf
667,5,-0.6678385158155281,-1.0642503022206702,-2.144108062143275,3.4841999999999995,1,3.4841999999999995,6.0,inf
668,0,0.30440504825552733,1.5929035226632549,0.1415441358531558,4.1469,1,4.1469,6.0,inf
668,1,0.30440504825552733,1.5929035226632549,0.1415441358531558,4.1469,1,4.1469,6.0,inf
668,2,0.30440504825552733,1.5929035226632549,0.1415441358531558,4.1469,1,4.1469,6.0,inf
668,3,0.30440504825552733,1.5929035226632549,0.1415441358531558,4.1469,1,4.1469,6.0,inf
668,4,0.30440504825552733,1.5929035226632549,0.1415441358531558,4.1469,1,4.1469,6.0,inf
668,5,0.30440504825552733,1.5929035226632549,0.1415441358531558,4.1469,1,4.1469,6.0,inf
669,0,2.5790521174269294,0.28493678422677843,0.3244612310304773,2.0789999999999997,1,2.0789999999999997,6.0,inf
669,1,2.5790521174269294,0.28493678422677843,0.3244612310304773,2.0789999999999997,1,2.0789999999999997,6.0,inf
669,2,2.5790521174269294,0.28493678422677843,0.3244612310304773,2.0789999999999997,1,2.0789999999999997,6.0,inf
669,3,2.5790521174269294,0.28493678422677843,0.3244612310304773,2.0789999999999997,1,2.0789999999999997,6.0,inf
669,4,2.5790521174269294,0.28493678422677843,0.3244612310304773,2.0789999999999997,1,2.0789999999999997,6.0,inf
669,5,2.5790521174269294,0.28493678422677843,0.3244612310304773,2.0789999999999997,1,2.0789999999999997,6.0,inf
670,0,-1.7521017546453603,-1.205887330028552,1.5127765953693715,0.7353,1,0.7353,6.0,inf
670,1,-1.7521017546453603,-1.205887330028552,1.5127765953693715,0.7353,1,0.7353,6.0,inf
670,2,-1.7521017546453603,-1.205887330028552,1.5127765953693715,0.7353,1,0.7353,6.0,inf
670,3,-1.7521017546453603,-1.205887330028552,1.5127765953693715,0.7353,1,0.7353,6.0,inf
670,4,-1.7521017546453603,-1.205887330028552,1.5127765953693715,0.7353,1,0.7353,6.0,inf
670,5,-1.7521017546453603,-1.205887330028552,1.5127765953693715,0.7353,1,0.7353,6.0,inf
671,0,-0.3003584503306303,0.7234838985135572,1.157017188179552,2.1039,1,2.1039,6.0,inf
671,1,-0.3003584503306303,0.7234838985135572,1.157017188179552,2.1039,1,2.1039,6.0,inf
671,2,-0.3003584503306303,0.7234838985135572,1.157017188179552,2.1039,1,2.1039,6.0,inf
671,3,-0.3003584503306303,0.7234838985135572,1.157017188179552,2.1039,1,2.1039,6.0,inf
671,4,-0.3003584503306303,0.7234838985135572,1.157017188179552,2.1039,1,2.1039,6.0,inf
671,5,-0.3003584503306303,0.7234838985135572,1.157017188179552,2.1039,1,2.1039,6.0,inf
672,0,0.33655896413217534,0.7327496624616616,-0.38256853795898044,3.7988999999999997,1,3.7988999999999997,6.0,inf
672,1,0.33655896413217534,0.7327496624616616,-0.38256853795898044,3.7988999999999997,1,3.7988999999999997,6.0,inf
672,2,0.33655896413217534,0.7327496624616616,-0.38256853795898044,3.7988999999999997,1,3.7988999999999997,6.0,inf
672,3,0.33655896413217534,0.7327496624616616,-0.38256853795898044,3.7988999999999997,1,3.7988999999999997,6.0,inf
672,4,0.33655896413217534,0.7327496624616616,-0.38256853795898044,3.7988999999999997,1,3.7988999999999997,6.0,inf
672,5,0.33655896413217534,0.7327496624616616,-0.38256853795898044,3.7988999999999997,1,3.7988999999999997,6.0,inf
673,0,-1.3102123705111417,-0.03874929439462794,-1.0887813072750343,3.7460999999999998,1,3.7460999999999998,6.0,inf
673,1,-1.3102123705111417,-0.03874929439462794,-1.0887813072750343,3.7460999999999998,1,3.7460999999999998,6.0,inf
673,2,-1.3102123705111417,-0.03874929439462794,-1.0887813072750343,3.7460999999999998,1,3.7460999999999998,6.0,inf
673,3,-1.3102123705111417,-0.03874929439462794,-1.0887813072750343,3.7460999999999998,1,3.7460999999999998,6.0,inf
673,4,-1.3102123705111417,-0.03874929439462794,-1.0887813072750343,3.7460999999999998,1,3.7460999999999998,6.0,inf
673,5,-1.3102123705111417,-0.03874929439462794,-1.0887813072750343,3.7460999999999998,1,3.7460999999999998,6.0,inf
674,0,-1.362505152717602,0.747598136638813,-0.9000867328503036,4.6358999999999995,1,4.6358999999999995,6.0,inf
674,1,-1.362505152717602,0.747598136638813,-0.9000867328503036,4.6358999999999995,1,4.6358999999999995,6.0,inf
674,2,-1.362505152717602,0.747598136638813,-0.9000867328503036,4.6358999999999995,1,4.6358999999999995,6.0,inf
674,3,-1.362505152717602,0.747598136638813,-0.9000867328503036,4.6358999999999995,1,4.6358999999999995,6.0,inf
674,4,-1.362505152717602,0.747598136638813,-0.9000867328503036,4.6358999999999995,1,4.6358999999999995,6.0,inf
674,5,-1.362505152717602,0.747598136638813,-0.9000867328503036,4.6358999999999995,1,4.6358999999999995,6.0,inf
675,0,0.5590874091352543,-1.3575558853662002,0.63343514637038,3.1958999999999995,1,3.1958999999999995,6.0,inf
675,1,0.5590874091352543,-1.3575558853662002,0.63343514637038,3.1958999999999995,1,3.1958999999999995,6.0,inf
675,2,0.5590874091352543,-1.3575558853662002,0.63343514637038,3.1958999999999995,1,3.1958999999999995,6.0,inf
675,3,0.5590874091352543,-1.3575558853662002,0.63343514637038,3.1958999999999995,1,3.1958999999999995,6.0,inf
675,4,0.5590874091352543,-1.3575558853662002,0.63343514637038,3.1958999999999995,1,3.1958999999999995,6.0,inf
675,5,0.5590874091352543,-1.3575558853662002,0.63343514637038,3.1958999999999995,1,3.1958999999999995,6.0,inf
676,0,1.7408554846188855,-0.7583580154481433,-0.5973252611645633,2.2239,1,2.2239,6.0,inf
676,1,1.7408554846188855,-0.7583580154481433,-0.5973252611645633,2.2239,1,2.2239,6.0,inf
676,2,1.7408554846188855,-0.7583580154481433,-0.5973252611645633,2.2239,1,2.2239,6.0,inf
676,3,1.7408554846188855,-0.7583580154481433,-0.5973252611645633,2.2239,1,2.2239,6.0,inf
676,4,1.7408554846188855,-0.7583580154481433,-0.5973252611645633,2.2239,1,2.2239,6.0,inf
676,5,1.7408554846188855,-0.7583580154481433,-0.5973252611645633,2.2239,1,2.2239,6.0,inf
677,0,-0.49508405256569177,-0.38042712755853914,-1.9132314829092147,3.2354999999999996,1,3.2354999999999996,6.0,inf
677,1,-0.49508405256569177,-0.38042712755853914,-1.9132314829092147,3.2354999999999996,1,3.2354999999999996,6.0,inf
677,2,-0.49508405256569177,-0.38042712755853914,-1.9132314829092147,3.2354999999999996,1,3.2354999999999996,6.0,inf
677,3,-0.49508405256569177,-0.38042712755853914,-1.9132314829092147,3.2354999999999996,1,3.2354999999999996,6.0,inf
677,4,-0.49508405256569177,-0.38042712755853914,-1.9132314829092147,3.2354999999999996,1,3.2354999999999996,6.0,inf
677,5,-0.49508405256569177,-0.38042712755853914,-1.9132314829092147,3.2354999999999996,1,3.2354999999999996,6.0,inf
678,0,1.7679154607724323,0.26459458088015547,0.9386897240321748,2.2904999999999998,1,2.2904999999999998,6.0,inf
678,1,1.7679154607724323,0.26459458088015547,0.9386897240321748,2.2904999999999998,1,2.2904999999999998,6.0,inf
678,2,1.7679154607724323,0.26459458088015547,0.9386897240321748,2.2904999999999998,1,2.2904999999999998,6.0,inf
678,3,1.7679154607724323,0.26459458088015547,0.9386897240321748,2.2904999999999998,1,2.2904999999999998,6.0,inf
678,4,1.7679154607724323,0.26459458088015547,0.9386897240321748,2.2904999999999998,1,2.2904999999999998,6.0,inf
678,5,1.7679154607724323,0.26459458088015547,0.9386897240321748,2.2904999999999998,1,2.2904999999999998,6.0,inf
679,0,0.17865389125144343,0.4433271436510485,1.3053864408617164,2.0229,1,2.0229,6.0,inf
679,1,0.17865389125144343,0.4433271436510485,1.3053864408617164,2.0229,1,2.0229,6.0,inf
679,2,0.17865389125144343,0.4433271436510485,1.3053864408617164,2.0229,1,2.0229,6.0,inf
679,3,0.17865389125144343,0.4433271436510485,1.3053864408617164,2.0229,1,2.0229,6.0,inf
679,4,0.17865389125144343,0.4433271436510485,1.3053864408617164,2.0229,1,2.0229,6.0,inf
679,5,0.17865389125144343,0.4433271436510485,1.3053864408617164,2.0229,1,2.0229,6.0,inf
680,0,-0.690730400165002,-0.3835811514536862,-0.4604008874609045,3.9929999999999994,1,3.9929999999999994,6.0,inf
680,1,-0.690730400165002,-0.3835811514536862,-0.4604008874609045,3.9929999999999994,1,3.9929999999999994,6.0,inf
680,2,-0.690730400165002,-0.3835811514536862,-0.4604008874609045,3.9929999999999994,1,3.9929999999999994,6.0,inf
680,3,-0.690730400165002,-0.3835811514536862,-0.4604008874609045,3.9929999999999994,1,3.9929999999999994,6.0,inf
680,4,-0.690730400165002,-0.3835811514536862,-0.4604008874609045,3.9929999999999994,1,3.9929999999999994,6.0,inf
680,5,-0.690730400165002,-0.3835811514536862,-0.4604008874609045,3.9929999999999994,1,3.9929999999999994,6.0,inf
681,0,0.2870519514876184,1.5406840108661275,-1.7093380000509146,4.2093,1,4.2093,6.0,inf
681,1,0.2870519514876184,1.5406840108661275,-1.7093380000509146,4.2093,1,4.2093,6.0,inf
681,2,0.2870519514876184,1.5406840108661275,-1.7093380000509146,4.2093,1,4.2093,6.0,inf
681,3,0.2870519514876184,1.5406840108661275,-1.7093380000509146,4.2093,1,4.2093,6.0,inf
681,4,0.2870519514876184,1.5406840108661275,-1.7093380000509146,4.2093,1,4.2093,6.0,inf
681,5,0.2870519514876184,1.5406840108661275,-1.7093380000509146,4.2093,1,4.2093,6.0,inf
682,0,-1.991064156125898,-1.107597570179866,0.46767330246663597,1.0823999999999998,1,1.0823999999999998,6.0,inf
682,1,-1.991064156125898,-1.107597570179866,0.46767330246663597,1.0823999999999998,1,1.0823999999999998,6.0,inf
682,2,-1.991064156125898,-1.107597570179866,0.46767330246663597,1.0823999999999998,1,1.0823999999999998,6.0,inf
682,3,-1.991064156125898,-1.107597570179866,0.46767330246663597,1.0823999999999998,1,1.0823999999999998,6.0,inf
682,4,-1.991064156125898,-1.107597570179866,0.46767330246663597,1.0823999999999998,1,1.0823999999999998,6.0,inf
682,5,-1.991064156125898,-1.107597570179866,0.46767330246663597,1.0823999999999998,1,1.0823999999999998,6.0,inf
683,0,0.2887834104385187,-0.7729676506022838,0.41714279954837247,2.1083999999999996,1,2.1083999999999996,6.0,inf
683,1,0.2887834104385187,-0.7729676506022838,0.41714279954837247,2.1083999999999996,1,2.1083999999999996,6.0,inf
683,2,0.2887834104385187,-0.7729676506022838,0.41714279954837247,2.1083999999999996,1,2.1083999999999996,6.0,inf
683,3,0.2887834104385187,-0.7729676506022838,0.41714279954837247,2.1083999999999996,1,2.1083999999999996,6.0,inf
683,4,0.2887834104385187,-0.7729676506022838,0.41714279954837247,2.1083999999999996,1,2.1083999999999996,6.0,inf
683,5,0.2887834104385187,-0.7729676506022838,0.41714279954837247,2.1083999999999996,1,2.1083999999999996,6.0,inf
684,0,0.059283654901851154,-0.007740907621217021,-0.7644040999751774,3.5784,1,3.5784,6.0,inf
684,1,0.059283654901851154,-0.007740907621217021,-0.7644040999751774,3.5784,1,3.5784,6.0,inf
684,2,0.059283654901851154,-0.007740907621217021,-0.7644040999751774,3.5784,1,3.5784,6.0,inf
684,3,0.059283654901851154,-0.007740907621217021,-0.7644040999751774,3.5784,1,3.5784,6.0,inf
684,4,0.059283654901851154,-0.007740907621217021,-0.7644040999751774,3.5784,1,3.5784,6.0,inf
684,5,0.059283654901851154,-0.007740907621217021,-0.7644040999751774,3.5784,1,3.5784,6.0,inf
685,0,-0.6473793338647427,-0.6308556496136052,0.4033691519975402,0.0717,1,0.0717,6.0,inf
685,1,-0.6473793338647427,-0.6308556496136052,0.4033691519975402,0.0717,1,0.0717,6.0,inf
685,2,-0.6473793338647427,-0.6308556496136052,0.4033691519975402,0.0717,1,0.0717,6.0,inf
685,3,-0.6473793338647427,-0.6308556496136052,0.4033691519975402,0.0717,1,0.0717,6.0,inf
685,4,-0.6473793338647427,-0.6308556496136052,0.4033691519975402,0.0717,1,0.0717,6.0,inf
685,5,-0.6473793338647427,-0.6308556496136052,0.4033691519975402,0.0717,1,0.0717,6.0,inf
686,0,1.5908905825690787,-0.2308701709150026,-0.12163962772712594,2.2512,1,2.2512,6.0,inf
686,1,1.5908905825690787,-0.2308701709150026,-0.12163962772712594,2.2512,1,2.2512,6.0,inf
686,2,1.5908905825690787,-0.2308701709150026,-0.12163962772712594,2.2512,1,2.2512,6.0,inf
686,3,1.5908905825690787,-0.2308701709150026,-0.12163962772712594,2.2512,1,2.2512,6.0,inf
686,4,1.5908905825690787,-0.2308701709150026,-0.12163962772712594,2.2512,1,2.2512,6.0,inf
686,5,1.5908905825690787,-0.2308701709150026,-0.12163962772712594,2.2512,1,2.2512,6.0,inf
687,0,-1.1651425262490298,-0.6457707285834514,0.06369738351327724,0.26339999999999997,1,0.26339999999999997,6.0,inf
687,1,-1.1651425262490298,-0.6457707285834514,0.06369738351327724,0.26339999999999997,1,0.26339999999999997,6.0,inf
687,2,-1.1651425262490298,-0.6457707285834514,0.06369738351327724,0.26339999999999997,1,0.26339999999999997,6.0,inf
687,3,-1.1651425262490298,-0.6457707285834514,0.06369738351327724,0.26339999999999997,1,0.26339999999999997,6.0,inf
687,4,-1.1651425262490298,-0.6457707285834514,0.06369738351327724,0.26339999999999997,1,0.26339999999999997,6.0,inf
687,5,-1.1651425262490298,-0.6457707285834514,0.06369738351327724,0.26339999999999997,1,0.26339999999999997,6.0,inf
688,0,0.14992958963025568,-0.06957512850289241,0.825320607539825,1.6536,1,1.6536,6.0,inf
688,1,0.14992958963025568,-0.06957512850289241,0.825320607539825,1.6536,1,1.6536,6.0,inf
688,2,0.14992958963025568,-0.06957512850289241,0.825320607539825,1.6536,1,1.6536,6.0,inf
688,3,0.14992958963025568,-0.06957512850289241,0.825320607539825,1.6536,1,1.6536,6.0,inf
688,4,0.14992958963025568,-0.06957512850289241,0.825320607539825,1.6536,1,1.6536,6.0,inf
688,5,0.14992958963025568,-0.06957512850289241,0.825320607539825,1.6536,1,1.6536,6.0,inf
689,0,0.31094283501708075,0.9258057890069169,-0.19414171195217386,4.7528999999999995,1,4.7528999999999995,6.0,inf
689,1,0.31094283501708075,0.9258057890069169,-0.19414171195217386,4.7528999999999995,1,4.7528999999999995,6.0,inf
689,2,0.31094283501708075,0.9258057890069169,-0.19414171195217386,4.7528999999999995,1,4.7528999999999995,6.0,inf
689,3,0.31094283501708075,0.9258057890069169,-0.19414171195217386,4.7528999999999995,1,4.7528999999999995,6.0,inf
689,4,0.31094283501708075,0.9258057890069169,-0.19414171195217386,4.7528999999999995,1,4.7528999999999995,6.0,inf
689,5,0.31094283501708075,0.9258057890069169,-0.19414171195217386,4.7528999999999995,1,4.7528999999999995,6.0,inf
690,0,-1.078850468377675,-0.3079096215611839,0.935703453169906,0.7917,1,0.7917,6.0,inf
690,1,-1.078850468377675,-0.3079096215611839,0.935703453169906,0.7917,1,0.7917,6.0,inf
690,2,-1.078850468377675,-0.3079096215611839,0.935703453169906,0.7917,1,0.7917,6.0,inf
690,3,-1.078850468377675,-0.3079096215611839,0.935703453169906,0.7917,1,0.7917,6.0,inf
690,4,-1.078850468377675,-0.3079096215611839,0.935703453169906,0.7917,1,0.7917,6.0,inf
690,5,-1.078850468377675,-0.3079096215611839,0.935703453169906,0.7917,1,0.7917,6.0,inf
691,0,0.6931898913571226,-0.280631174458593,-0.7976208129226787,3.1805999999999996,1,3.1805999999999996,6.0,inf
691,1,0.6931898913571226,-0.280631174458593,-0.7976208129226787,3.1805999999999996,1,3.1805999999999996,6.0,inf
691,2,0.6931898913571226,-0.280631174458593,-0.7976208129226787,3.1805999999999996,1,3.1805999999999996,6.0,inf
691,3,0.6931898913571226,-0.280631174458593,-0.7976208129226787,3.1805999999999996,1,3.1805999999999996,6.0,inf
691,4,0.6931898913571226,-0.280631174458593,-0.7976208129226787,3.1805999999999996,1,3.1805999999999996,6.0,inf
691,5,0.6931898913571226,-0.280631174458593,-0.7976208129226787,3.1805999999999996,1,3.1805999999999996,6.0,inf
692,0,0.6338115043944309,-2.1233726937571786,0.36781552391861266,1.0365,1,1.0365,6.0,inf
692,1,0.6338115043944309,-2.1233726937571786,0.36781552391861266,1.0365,1,1.0365,6.0,inf
692,2,0.6338115043944309,-2.1233726937571786,0.36781552391861266,1.0365,1,1.0365,6.0,inf
692,3,0.6338115043944309,-2.1233726937571786,0.36781552391861266,1.0365,1,1.0365,6.0,inf
692,4,0.6338115043944309,-2.1233726937571786,0.36781552391861266,1.0365,1,1.0365,6.0,inf
692,5,0.6338115043944309,-2.1233726937571786,0.36781552391861266,1.0365,1,1.0365,6.0,inf
693,0,0.028431151104886494,-0.9638135445854851,0.6267343625757257,1.0203,1,1.0203,6.0,inf
693,1,0.028431151104886494,-0.9638135445854851,0.6267343625757257,1.0203,1,1.0203,6.0,inf
693,2,0.028431151104886494,-0.9638135445854851,0.6267343625757257,1.0203,1,1.0203,6.0,inf
693,3,0.028431151104886494,-0.9638135445854851,0.6267343625757257,1.0203,1,1.0203,6.0,inf
693,4,0.028431151104886494,-0.9638135445854851,0.6267343625757257,1.0203,1,1.0203,6.0,inf
693,5,0.028431151104886494,-0.9638135445854851,0.6267343625757257,1.0203,1,1.0203,6.0,inf
694,0,-0.035141316284044634,0.549722306658972,-0.5749275829606653,2.4053999999999998,1,2.4053999999999998,6.0,inf
694,1,-0.035141316284044634,0.549722306658972,-0.5749275829606653,2.4053999999999998,1,2.4053999999999998,6.0,inf
694,2,-0.035141316284044634,0.549722306658972,-0.5749275829606653,2.4053999999999998,1,2.4053999999999998,6.0,inf
694,3,-0.035141316284044634,0.549722306658972,-0.5749275829606653,2.4053999999999998,1,2.4053999999999998,6.0,inf
694,4,-0.035141316284044634,0.549722306658972,-0.5749275829606653,2.4053999999999998,1,2.4053999999999998,6.0,inf
694,5,-0.035141316284044634,0.549722306658972,-0.5749275829606653,2.4053999999999998,1,2.4053999999999998,6.0,inf
695,0,0.06815551041459218,-0.31257028654064417,-0.1378534313494547,2.9543999999999997,1,2.9543999999999997,6.0,inf
695,1,0.06815551041459218,-0.31257028654064417,-0.1378534313494547,2.9543999999999997,1,2.9543999999999997,6.0,inf
695,2,0.06815551041459218,-0.31257028654064417,-0.1378534313494547,2.9543999999999997,1,2.9543999999999997,6.0,inf
695,3,0.06815551041459218,-0.31257028654064417,-0.1378534313494547,2.9543999999999997,1,2.9543999999999997,6.0,inf
695,4,0.06815551041459218,-0.31257028654064417,-0.1378534313494547,2.9543999999999997,1,2.9543999999999997,6.0,inf
695,5,0.06815551041459218,-0.31257028654064417,-0.1378534313494547,2.9543999999999997,1,2.9543999999999997,6.0,inf
696,0,0.7132683423639805,-0.05161762696132005,-1.6524960466014205,0.5462999999999999,1,0.5462999999999999,6.0,inf
696,1,0.7132683423639805,-0.05161762696132005,-1.6524960466014205,0.5462999999999999,1,0.5462999999999999,6.0,inf
696,2,0.7132683423639805,-0.05161762696132005,-1.6524960466014205,0.5462999999999999,1,0.5462999999999999,6.0,inf
696,3,0.7132683423639805,-0.05161762696132005,-1.6524960466014205,0.5462999999999999,1,0.5462999999999999,6.0,inf
696,4,0.7132683423639805,-0.05161762696132005,-1.6524960466014205,0.5462999999999999,1,0.5462999999999999,6.0,inf
696,5,0.7132683423639805,-0.05161762696132005,-1.6524960466014205,0.5462999999999999,1,0.5462999999999999,6.0,inf
697,0,0.7500962569517626,-1.5566834157633893,-0.11274100631803793,0.6287999999999999,1,0.6287999999999999,6.0,inf
697,1,0.7500962569517626,-1.5566834157633893,-0.11274100631803793,0.6287999999999999,1,0.6287999999999999,6.0,inf
697,2,0.7500962569517626,-1.5566834157633893,-0.11274100631803793,0.6287999999999999,1,0.6287999999999999,6.0,inf
697,3,0.7500962569517626,-1.5566834157633893,-0.11274100631803793,0.6287999999999999,1,0.6287999999999999,6.0,inf
697,4,0.7500962569517626,-1.5566834157633893,-0.11274100631803793,0.6287999999999999,1,0.6287999999999999,6.0,inf
697,5,0.7500962569517626,-1.5566834157633893,-0.11274100631803793,0.6287999999999999,1,0.6287999999999999,6.0,inf
698,0,-1.0333094953806832,0.013744886926974325,1.4645385416040992,1.0023,1,1.0023,6.0,inf
698,1,-1.0333094953806832,0.013744886926974325,1.4645385416040992,1.0023,1,1.0023,6.0,inf
698,2,-1.0333094953806832,0.013744886926974325,1.4645385416040992,1.0023,1,1.0023,6.0,inf
698,3,-1.0333094953806832,0.013744886926974325,1.4645385416040992,1.0023,1,1.0023,6.0,inf
698,4,-1.0333094953806832,0.013744886926974325,1.4645385416040992,1.0023,1,1.0023,6.0,inf
698,5,-1.0333094953806832,0.013744886926974325,1.4645385416040992,1.0023,1,1.0023,6.0,inf
699,0,1.490939109286519,-1.36624229464025,-0.22546239831422446,2.1165,1,2.1165,6.0,inf
699,1,1.490939109286519,-1.36624229464025,-0.22546239831422446,2.1165,1,2.1165,6.0,inf
699,2,1.490939109286519,-1.36624229464025,-0.22546239831422446,2.1165,1,2.1165,6.0,inf
699,3,1.490939109286519,-1.36624229464025,-0.22546239831422446,2.1165,1,2.1165,6.0,inf
699,4,1.490939109286519,-1.36624229464025,-0.22546239831422446,2.1165,1,2.1165,6.0,inf
699,5,1.490939109286519,-1.36624229464025,-0.22546239831422446,2.1165,1,2.1165,6.0,inf
700,0,-0.4131942863983244,-2.3772114600920573,-2.6840671993709315,0.2718,1,0.2718,6.0,inf
700,1,-0.4131942863983244,-2.3772114600920573,-2.6840671993709315,0.2718,1,0.2718,6.0,inf
700,2,-0.4131942863983244,-2.3772114600920573,-2.6840671993709315,0.2718,1,0.2718,6.0,inf
700,3,-0.4131942863983244,-2.3772114600920573,-2.6840671993709315,0.2718,1,0.2718,6.0,inf
700,4,-0.4131942863983244,-2.3772114600920573,-2.6840671993709315,0.2718,1,0.2718,6.0,inf
700,5,-0.4131942863983244,-2.3772114600920573,-2.6840671993709315,0.2718,1,0.2718,6.0,inf
701,0,0.4867914737173723,1.219097947188895,0.5878673696128675,4.3218,1,4.3218,6.0,inf
701,1,0.4867914737173723,1.219097947188895,0.5878673696128675,4.3218,1,4.3218,6.0,inf
701,2,0.4867914737173723,1.219097947188895,0.5878673696128675,4.3218,1,4.3218,6.0,inf
701,3,0.4867914737173723,1.219097947188895,0.5878673696128675,4.3218,1,4.3218,6.0,inf
701,4,0.4867914737173723,1.219097947188895,0.5878673696128675,4.3218,1,4.3218,6.0,inf
701,5,0.4867914737173723,1.219097947188895,0.5878673696128675,4.3218,1,4.3218,6.0,inf
702,0,-0.9059522134000001,0.07903856179821055,0.08076059969798755,0.8562,1,0.8562,6.0,inf
702,1,-0.9059522134000001,0.07903856179821055,0.08076059969798755,0.8562,1,0.8562,6.0,inf
702,2,-0.9059522134000001,0.07903856179821055,0.08076059969798755,0.8562,1,0.8562,6.0,inf
702,3,-0.9059522134000001,0.07903856179821055,0.08076059969798755,0.8562,1,0.8562,6.0,inf
702,4,-0.9059522134000001,0.07903856179821055,0.08076059969798755,0.8562,1,0.8562,6.0,inf
702,5,-0.9059522134000001,0.07903856179821055,0.08076059969798755,0.8562,1,0.8562,6.0,inf
703,0,2.3636868792571915,-0.08471040178509989,0.5030308041127535,2.0541,1,2.0541,6.0,inf
703,1,2.3636868792571915,-0.08471040178509989,0.5030308041127535,2.0541,1,2.0541,6.0,inf
703,2,2.3636868792571915,-0.08471040178509989,0.5030308041127535,2.0541,1,2.0541,6.0,inf
703,3,2.3636868792571915,-0.08471040178509989,0.5030308041127535,2.0541,1,2.0541,6.0,inf
703,4,2.3636868792571915,-0.08471040178509989,0.5030308041127535,2.0541,1,2.0541,6.0,inf
703,5,2.3636868792571915,-0.08471040178509989,0.5030308041127535,2.0541,1,2.0541,6.0,inf
704,0,0.5986505251385604,-0.8686246254607876,1.7524655117066856,0.5445,1,0.5445,6.0,inf
704,1,0.5986505251385604,-0.8686246254607876,1.7524655117066856,0.5445,1,0.5445,6.0,inf
704,2,0.5986505251385604,-0.8686246254607876,1.7524655117066856,0.5445,1,0.5445,6.0,inf
704,3,0.5986505251385604,-0.8686246254607876,1.7524655117066856,0.5445,1,0.5445,6.0,inf
704,4,0.5986505251385604,-0.8686246254607876,1.7524655117066856,0.5445,1,0.5445,6.0,inf
704,5,0.5986505251385604,-0.8686246254607876,1.7524655117066856,0.5445,1,0.5445,6.0,inf
705,0,0.016170701529897104,-0.9355689335382467,0.6973144740120931,0.40409999999999996,1,0.40409999999999996,6.0,inf
705,1,0.016170701529897104,-0.9355689335382467,0.6973144740120931,0.40409999999999996,1,0.40409999999999996,6.0,inf
705,2,0.016170701529897104,-0.9355689335382467,0.6973144740120931,0.40409999999999996,1,0.40409999999999996,6.0,inf
705,3,0.016170701529897104,-0.9355689335382467,0.6973144740120931,0.40409999999999996,1,0.40409999999999996,6.0,inf
705,4,0.016170701529897104,-0.9355689335382467,0.6973144740120931,0.40409999999999996,1,0.40409999999999996,6.0,inf
705,5,0.016170701529897104,-0.9355689335382467,0.6973144740120931,0.40409999999999996,1,0.40409999999999996,6.0,inf
706,0,0.6402618424167161,0.2796752157887801,0.4380243828765022,2.2443,1,2.2443,6.0,inf
706,1,0.6402618424167161,0.2796752157887801,0.4380243828765022,2.2443,1,2.2443,6.0,inf
706,2,0.6402618424167161,0.2796752157887801,0.4380243828765022,2.2443,1,2.2443,6.0,inf
706,3,0.6402618424167161,0.2796752157887801,0.4380243828765022,2.2443,1,2.2443,6.0,inf
706,4,0.6402618424167161,0.2796752157887801,0.4380243828765022,2.2443,1,2.2443,6.0,inf
706,5,0.6402618424167161,0.2796752157887801,0.4380243828765022,2.2443,1,2.2443,6.0,inf
707,0,-0.34035739991576547,-1.5432504209311302,-1.7799844525675277,3.0155999999999996,1,3.0155999999999996,6.0,inf
707,1,-0.34035739991576547,-1.5432504209311302,-1.7799844525675277,3.0155999999999996,1,3.0155999999999996,6.0,inf
707,2,-0.34035739991576547,-1.5432504209311302,-1.7799844525675277,3.0155999999999996,1,3.0155999999999996,6.0,inf
707,3,-0.34035739991576547,-1.5432504209311302,-1.7799844525675277,3.0155999999999996,1,3.0155999999999996,6.0,inf
707,4,-0.34035739991576547,-1.5432504209311302,-1.7799844525675277,3.0155999999999996,1,3.0155999999999996,6.0,inf
707,5,-0.34035739991576547,-1.5432504209311302,-1.7799844525675277,3.0155999999999996,1,3.0155999999999996,6.0,inf
708,0,1.6303860730764008,-0.5887665411574114,0.09612441084749432,2.1942,1,2.1942,6.0,inf
708,1,1.6303860730764008,-0.5887665411574114,0.09612441084749432,2.1942,1,2.1942,6.0,inf
708,2,1.6303860730764008,-0.5887665411574114,0.09612441084749432,2.1942,1,2.1942,6.0,inf
708,3,1.6303860730764008,-0.5887665411574114,0.09612441084749432,2.1942,1,2.1942,6.0,inf
708,4,1.6303860730764008,-0.5887665411574114,0.09612441084749432,2.1942,1,2.1942,6.0,inf
708,5,1.6303860730764008,-0.5887665411574114,0.09612441084749432,2.1942,1,2.1942,6.0,inf
709,0,-1.0398506151287232,1.715012001278099,0.1963809807815262,6.0,0,8.0001,6.0,inf
709,1,-1.0398506151287232,1.715012001278099,0.1963809807815262,6.0,0,8.0001,6.0,inf
709,2,-1.0398506151287232,1.715012001278099,0.1963809807815262,6.0,0,8.0001,6.0,inf
709,3,-1.0398506151287232,1.715012001278099,0.1963809807815262,6.0,0,8.0001,6.0,inf
709,4,-1.0398506151287232,1.715012001278099,0.1963809807815262,6.0,0,8.0001,6.0,inf
709,5,-1.0398506151287232,1.715012001278099,0.1963809807815262,6.0,0,8.0001,6.0,inf
710,0,-0.7267575075677748,-0.13851984563685954,-0.2193244838530384,0.051,1,0.051,6.0,inf
710,1,-0.7267575075677748,-0.13851984563685954,-0.2193244838530384,0.051,1,0.051,6.0,inf
710,2,-0.7267575075677748,-0.13851984563685954,-0.2193244838530384,0.051,1,0.051,6.0,inf
710,3,-0.7267575075677748,-0.13851984563685954,-0.2193244838530384,0.051,1,0.051,6.0,inf
710,4,-0.7267575075677748,-0.13851984563685954,-0.2193244838530384,0.051,1,0.051,6.0,inf
710,5,-0.7267575075677748,-0.13851984563685954,-0.2193244838530384,0.051,1,0.051,6.0,inf
711,0,-0.31886271578087566,0.15650371389667203,-0.4199218880764511,3.9680999999999997,1,3.9680999999999997,6.0,inf
711,1,-0.31886271578087566,0.15650371389667203,-0.4199218880764511,3.9680999999999997,1,3.9680999999999997,6.0,inf
711,2,-0.31886271578087566,0.15650371389667203,-0.4199218880764511,3.9680999999999997,1,3.9680999999999997,6.0,inf
711,3,-0.31886271578087566,0.15650371389667203,-0.4199218880764511,3.9680999999999997,1,3.9680999999999997,6.0,inf
711,4,-0.31886271578087566,0.15650371389667203,-0.4199218880764511,3.9680999999999997,1,3.9680999999999997,6.0,inf
711,5,-0.31886271578087566,0.15650371389667203,-0.4199218880764511,3.9680999999999997,1,3.9680999999999997,6.0,inf
712,0,0.889300079996646,-0.005026706295005451,-0.5455467273469423,0.7827,1,0.7827,6.0,inf
712,1,0.889300079996646,-0.005026706295005451,-0.5455467273469423,0.7827,1,0.7827,6.0,inf
712,2,0.889300079996646,-0.005026706295005451,-0.5455467273469423,0.7827,1,0.7827,6.0,inf
712,3,0.889300079996646,-0.005026706295005451,-0.5455467273469423,0.7827,1,0.7827,6.0,inf
712,4,0.889300079996646,-0.005026706295005451,-0.5455467273469423,0.7827,1,0.7827,6.0,inf
712,5,0.889300079996646,-0.005026706295005451,-0.5455467273469423,0.7827,1,0.7827,6.0,inf
713,0,-0.11471333168689306,-0.9750560897743047,-0.7823826535326899,2.6214,1,2.6214,6.0,inf
713,1,-0.11471333168689306,-0.9750560897743047,-0.7823826535326899,2.6214,1,2.6214,6.0,inf
713,2,-0.11471333168689306,-0.9750560897743047,-0.7823826535326899,2.6214,1,2.6214,6.0,inf
713,3,-0.11471333168689306,-0.9750560897743047,-0.7823826535326899,2.6214,1,2.6214,6.0,inf
713,4,-0.11471333168689306,-0.9750560897743047,-0.7823826535326899,2.6214,1,2.6214,6.0,inf
713,5,-0.11471333168689306,-0.9750560897743047,-0.7823826535326899,2.6214,1,2.6214,6.0,inf
714,0,-0.7236098516629301,1.0659460099679239,-1.312395474537469,1.8435,1,1.8435,6.0,inf
714,1,-0.7236098516629301,1.0659460099679239,-1.312395474537469,1.8435,1,1.8435,6.0,inf
714,2,-0.7236098516629301,1.0659460099679239,-1.312395474537469,1.8435,1,1.8435,6.0,inf
714,3,-0.7236098516629301,1.0659460099679239,-1.312395474537469,1.8435,1,1.8435,6.0,inf
714,4,-0.7236098516629301,1.0659460099679239,-1.312395474537469,1.8435,1,1.8435,6.0,inf
714,5,-0.7236098516629301,1.0659460099679239,-1.312395474537469,1.8435,1,1.8435,6.0,inf
715,0,0.5714967000015486,1.3541030434142698,0.9204605030193068,1.9406999999999999,1,1.9406999999999999,6.0,inf
715,1,0.5714967000015486,1.3541030434142698,0.9204605030193068,1.9406999999999999,1,1.9406999999999999,6.0,inf
715,2,0.5714967000015486,1.3541030434142698,0.9204605030193068,1.9406999999999999,1,1.9406999999999999,6.0,inf
715,3,0.5714967000015486,1.3541030434142698,0.9204605030193068,1.9406999999999999,1,1.9406999999999999,6.0,inf
715,4,0.5714967000015486,1.3541030434142698,0.9204605030193068,1.9406999999999999,1,1.9406999999999999,6.0,inf
715,5,0.5714967000015486,1.3541030434142698,0.9204605030193068,1.9406999999999999,1,1.9406999999999999,6.0,inf
716,0,0.13550733247083285,1.336046131991155,-1.0140960778128414,4.154999999999999,1,4.154999999999999,6.0,inf
716,1,0.13550733247083285,1.336046131991155,-1.0140960778128414,4.154999999999999,1,4.154999999999999,6.0,inf
716,2,0.13550733247083285,1.336046131991155,-1.0140960778128414,4.154999999999999,1,4.154999999999999,6.0,inf
716,3,0.13550733247083285,1.336046131991155,-1.0140960778128414,4.154999999999999,1,4.154999999999999,6.0,inf
716,4,0.13550733247083285,1.336046131991155,-1.0140960778128414,4.154999999999999,1,4.154999999999999,6.0,inf
716,5,0.13550733247083285,1.336046131991155,-1.0140960778128414,4.154999999999999,1,4.154999999999999,6.0,inf
717,0,-0.29000523303138515,-0.18611822222183005,1.0421431176896707,1.7840999999999998,1,1.7840999999999998,6.0,inf
717,1,-0.29000523303138515,-0.18611822222183005,1.0421431176896707,1.7840999999999998,1,1.7840999999999998,6.0,inf
717,2,-0.29000523303138515,-0.18611822222183005,1.0421431176896707,1.7840999999999998,1,1.7840999999999998,6.0,inf
717,3,-0.29000523303138515,-0.18611822222183005,1.0421431176896707,1.7840999999999998,1,1.7840999999999998,6.0,inf
717,4,-0.29000523303138515,-0.18611822222183005,1.0421431176896707,1.7840999999999998,1,1.7840999999999998,6.0,inf
717,5,-0.29000523303138515,-0.18611822222183005,1.0421431176896707,1.7840999999999998,1,1.7840999999999998,6.0,inf
718,0,-0.34217298356404724,0.11240163117464604,-1.8320614115121785,3.7154999999999996,1,3.7154999999999996,6.0,inf
718,1,-0.34217298356404724,0.11240163117464604,-1.8320614115121785,3.7154999999999996,1,3.7154999999999996,6.0,inf
718,2,-0.34217298356404724,0.11240163117464604,-1.8320614115121785,3.7154999999999996,1,3.7154999999999996,6.0,inf
718,3,-0.34217298356404724,0.11240163117464604,-1.8320614115121785,3.7154999999999996,1,3.7154999999999996,6.0,inf
718,4,-0.34217298356404724,0.11240163117464604,-1.8320614115121785,3.7154999999999996,1,3.7154999999999996,6.0,inf
718,5,-0.34217298356404724,0.11240163117464604,-1.8320614115121785,3.7154999999999996,1,3.7154999999999996,6.0,inf
719,0,-1.4332158225154998,-0.23690000203700456,-0.7100114619716562,1.9658999999999998,1,1.9658999999999998,6.0,inf
719,1,-1.4332158225154998,-0.23690000203700456,-0.7100114619716562,1.9658999999999998,1,1.9658999999999998,6.0,inf
719,2,-1.4332158225154998,-0.23690000203700456,-0.7100114619716562,1.9658999999999998,1,1.9658999999999998,6.0,inf
719,3,-1.4332158225154998,-0.23690000203700456,-0.7100114619716562,1.9658999999999998,1,1.9658999999999998,6.0,inf
719,4,-1.4332158225154998,-0.23690000203700456,-0.7100114619716562,1.9658999999999998,1,1.9658999999999998,6.0,inf
719,5,-1.4332158225154998,-0.23690000203700456,-0.7100114619716562,1.9658999999999998,1,1.9658999999999998,6.0,inf
720,0,-1.1694827812886825,0.052543312245710086,0.39706430007099913,2.8869,1,2.8869,6.0,inf
720,1,-1.1694827812886825,0.052543312245710086,0.39706430007099913,2.8869,1,2.8869,6.0,inf
720,2,-1.1694827812886825,0.052543312245710086,0.39706430007099913,2.8869,1,2.8869,6.0,inf
720,3,-1.1694827812886825,0.052543312245710086,0.39706430007099913,2.8869,1,2.8869,6.0,inf
720,4,-1.1694827812886825,0.052543312245710086,0.39706430007099913,2.8869,1,2.8869,6.0,inf
720,5,-1.1694827812886825,0.052543312245710086,0.39706430007099913,2.8869,1,2.8869,6.0,inf
721,0,1.8697671000935365,-0.08125567790007689,-0.18934240809506386,2.6033999999999997,1,2.6033999999999997,6.0,inf
721,1,1.8697671000935365,-0.08125567790007689,-0.18934240809506386,2.6033999999999997,1,2.6033999999999997,6.0,inf
721,2,1.8697671000935365,-0.08125567790007689,-0.18934240809506386,2.6033999999999997,1,2.6033999999999997,6.0,inf
721,3,1.8697671000935365,-0.08125567790007689,-0.18934240809506386,2.6033999999999997,1,2.6033999999999997,6.0,inf
721,4,1.8697671000935365,-0.08125567790007689,-0.18934240809506386,2.6033999999999997,1,2.6033999999999997,6.0,inf
721,5,1.8697671000935365,-0.08125567790007689,-0.18934240809506386,2.6033999999999997,1,2.6033999999999997,6.0,inf
722,0,-1.1956609941400365,-0.93942709396876,0.13635905131421766,0.1176,1,0.1176,6.0,inf
722,1,-1.1956609941400365,-0.93942709396876,0.13635905131421766,0.1176,1,0.1176,6.0,inf
722,2,-1.1956609941400365,-0.93942709396876,0.13635905131421766,0.1176,1,0.1176,6.0,inf
722,3,-1.1956609941400365,-0.93942709396876,0.13635905131421766,0.1176,1,0.1176,6.0,inf
722,4,-1.1956609941400365,-0.93942709396876,0.13635905131421766,0.1176,1,0.1176,6.0,inf
722,5,-1.1956609941400365,-0.93942709396876,0.13635905131421766,0.1176,1,0.1176,6.0,inf
723,0,-0.23578620112179502,1.5687253582616887,0.2761781357155783,4.018199999999999,1,4.018199999999999,6.0,inf
723,1,-0.23578620112179502,1.5687253582616887,0.2761781357155783,4.018199999999999,1,4.018199999999999,6.0,inf
723,2,-0.23578620112179502,1.5687253582616887,0.2761781357155783,4.018199999999999,1,4.018199999999999,6.0,inf
723,3,-0.23578620112179502,1.5687253582616887,0.2761781357155783,4.018199999999999,1,4.018199999999999,6.0,inf
723,4,-0.23578620112179502,1.5687253582616887,0.2761781357155783,4.018199999999999,1,4.018199999999999,6.0,inf
723,5,-0.23578620112179502,1.5687253582616887,0.2761781357155783,4.018199999999999,1,4.018199999999999,6.0,inf
724,0,0.06306258027583385,-0.13950282051929186,2.084905159894917,2.2056,1,2.2056,6.0,inf
724,1,0.06306258027583385,-0.13950282051929186,2.084905159894917,2.2056,1,2.2056,6.0,inf
724,2,0.06306258027583385,-0.13950282051929186,2.084905159894917,2.2056,1,2.2056,6.0,inf
724,3,0.06306258027583385,-0.13950282051929186,2.084905159894917,2.2056,1,2.2056,6.0,inf
724,4,0.06306258027583385,-0.13950282051929186,2.084905159894917,2.2056,1,2.2056,6.0,inf
724,5,0.06306258027583385,-0.13950282051929186,2.084905159894917,2.2056,1,2.2056,6.0,inf
725,0,0.8827603416984382,-0.21829425630426627,-1.0479981354877024,0.8916,1,0.8916,6.0,inf
725,1,0.8827603416984382,-0.21829425630426627,-1.0479981354877024,0.8916,1,0.8916,6.0,inf
725,2,0.8827603416984382,-0.21829425630426627,-1.0479981354877024,0.8916,1,0.8916,6.0,inf
725,3,0.8827603416984382,-0.21829425630426627,-1.0479981354877024,0.8916,1,0.8916,6.0,inf
725,4,0.8827603416984382,-0.21829425630426627,-1.0479981354877024,0.8916,1,0.8916,6.0,inf
725,5,0.8827603416984382,-0.21829425630426627,-1.0479981354877024,0.8916,1,0.8916,6.0,inf
726,0,-0.9751105523365581,-0.9808777326825657,0.7168412158358733,1.0640999999999998,1,1.0640999999999998,6.0,inf
726,1,-0.9751105523365581,-0.9808777326825657,0.7168412158358733,1.0640999999999998,1,1.0640999999999998,6.0,inf
726,2,-0.9751105523365581,-0.9808777326825657,0.7168412158358733,1.0640999999999998,1,1.0640999999999998,6.0,inf
726,3,-0.9751105523365581,-0.9808777326825657,0.7168412158358733,1.0640999999999998,1,1.0640999999999998,6.0,inf
726,4,-0.9751105523365581,-0.9808777326825657,0.7168412158358733,1.0640999999999998,1,1.0640999999999998,6.0,inf
726,5,-0.9751105523365581,-0.9808777326825657,0.7168412158358733,1.0640999999999998,1,1.0640999999999998,6.0,inf
727,0,-0.6480603819260882,-1.915015212684536,-0.06331167076091199,1.2003,1,1.2003,6.0,inf
727,1,-0.6480603819260882,-1.915015212684536,-0.06331167076091199,1.2003,1,1.2003,6.0,inf
727,2,-0.6480603819260882,-1.915015212684536,-0.06331167076091199,1.2003,1,1.2003,6.0,inf
727,3,-0.6480603819260882,-1.915015212684536,-0.06331167076091199,1.2003,1,1.2003,6.0,inf
727,4,-0.6480603819260882,-1.915015212684536,-0.06331167076091199,1.2003,1,1.2003,6.0,inf
727,5,-0.6480603819260882,-1.915015212684536,-0.06331167076091199,1.2003,1,1.2003,6.0,inf
728,0,-1.034399195039203,0.46753042000860073,-0.8630840602769431,0.2631,1,0.2631,6.0,inf
728,1,-1.034399195039203,0.46753042000860073,-0.8630840602769431,0.2631,1,0.2631,6.0,inf
728,2,-1.034399195039203,0.46753042000860073,-0.8630840602769431,0.2631,1,0.2631,6.0,inf
728,3,-1.034399195039203,0.46753042000860073,-0.8630840602769431,0.2631,1,0.2631,6.0,inf
728,4,-1.034399195039203,0.46753042000860073,-0.8630840602769431,0.2631,1,0.2631,6.0,inf
728,5,-1.034399195039203,0.46753042000860073,-0.8630840602769431,0.2631,1,0.2631,6.0,inf
729,0,-0.8476278778291151,-0.7874443086611104,0.7023965239292144,0.7679999999999999,1,0.7679999999999999,6.0,inf
729,1,-0.8476278778291151,-0.7874443086611104,0.7023965239292144,0.7679999999999999,1,0.7679999999999999,6.0,inf
729,2,-0.8476278778291151,-0.7874443086611104,0.7023965239292144,0.7679999999999999,1,0.7679999999999999,6.0,inf
729,3,-0.8476278778291151,-0.7874443086611104,0.7023965239292144,0.7679999999999999,1,0.7679999999999999,6.0,inf
729,4,-0.8476278778291151,-0.7874443086611104,0.7023965239292144,0.7679999999999999,1,0.7679999999999999,6.0,inf
729,5,-0.8476278778291151,-0.7874443086611104,0.7023965239292144,0.7679999999999999,1,0.7679999999999999,6.0,inf
730,0,-0.25575663522473674,-0.7108036306091245,-1.0336060181182123,0.8324999999999999,1,0.8324999999999999,6.0,inf
730,1,-0.25575663522473674,-0.7108036306091245,-1.0336060181182123,0.8324999999999999,1,0.8324999999999999,6.0,inf
730,2,-0.25575663522473674,-0.7108036306091245,-1.0336060181182123,0.8324999999999999,1,0.8324999999999999,6.0,inf
730,3,-0.25575663522473674,-0.7108036306091245,-1.0336060181182123,0.8324999999999999,1,0.8324999999999999,6.0,inf
730,4,-0.25575663522473674,-0.7108036306091245,-1.0336060181182123,0.8324999999999999,1,0.8324999999999999,6.0,inf
730,5,-0.25575663522473674,-0.7108036306091245,-1.0336060181182123,0.8324999999999999,1,0.8324999999999999,6.0,inf
731,0,-0.6976123175017653,-0.353959680267285,-1.5562409696294155,0.9290999999999999,1,0.9290999999999999,6.0,inf
731,1,-0.6976123175017653,-0.353959680267285,-1.5562409696294155,0.9290999999999999,1,0.9290999999999999,6.0,inf
731,2,-0.6976123175017653,-0.353959680267285,-1.5562409696294155,0.9290999999999999,1,0.9290999999999999,6.0,inf
731,3,-0.6976123175017653,-0.353959680267285,-1.5562409696294155,0.9290999999999999,1,0.9290999999999999,6.0,inf
731,4,-0.6976123175017653,-0.353959680267285,-1.5562409696294155,0.9290999999999999,1,0.9290999999999999,6.0,inf
731,5,-0.6976123175017653,-0.353959680267285,-1.5562409696294155,0.9290999999999999,1,0.9290999999999999,6.0,inf
732,0,-0.3561061036736138,-0.9560460440233267,0.061688755678179635,0.5214,1,0.5214,6.0,inf
732,1,-0.3561061036736138,-0.9560460440233267,0.061688755678179635,0.5214,1,0.5214,6.0,inf
732,2,-0.3561061036736138,-0.9560460440233267,0.061688755678179635,0.5214,1,0.5214,6.0,inf
732,3,-0.3561061036736138,-0.9560460440233267,0.061688755678179635,0.5214,1,0.5214,6.0,inf
732,4,-0.3561061036736138,-0.9560460440233267,0.061688755678179635,0.5214,1,0.5214,6.0,inf
732,5,-0.3561061036736138,-0.9560460440233267,0.061688755678179635,0.5214,1,0.5214,6.0,inf
733,0,0.1611137198448191,0.5564241741456165,-0.1656911804710711,2.4396,1,2.4396,6.0,inf
733,1,0.1611137198448191,0.5564241741456165,-0.1656911804710711,2.4396,1,2.4396,6.0,inf
733,2,0.1611137198448191,0.5564241741456165,-0.1656911804710711,2.4396,1,2.4396,6.0,inf
733,3,0.1611137198448191,0.5564241741456165,-0.1656911804710711,2.4396,1,2.4396,6.0,inf
733,4,0.1611137198448191,0.5564241741456165,-0.1656911804710711,2.4396,1,2.4396,6.0,inf
733,5,0.1611137198448191,0.5564241741456165,-0.1656911804710711,2.4396,1,2.4396,6.0,inf
734,0,0.07857549175202973,0.19909131564166904,-1.1963280601520123,0.9329999999999999,1,0.9329999999999999,6.0,inf
734,1,0.07857549175202973,0.19909131564166904,-1.1963280601520123,0.9329999999999999,1,0.9329999999999999,6.0,inf
734,2,0.07857549175202973,0.19909131564166904,-1.1963280601520123,0.9329999999999999,1,0.9329999999999999,6.0,inf
734,3,0.07857549175202973,0.19909131564166904,-1.1963280601520123,0.9329999999999999,1,0.9329999999999999,6.0,inf
734,4,0.07857549175202973,0.19909131564166904,-1.1963280601520123,0.9329999999999999,1,0.9329999999999999,6.0,inf
734,5,0.07857549175202973,0.19909131564166904,-1.1963280601520123,0.9329999999999999,1,0.9329999999999999,6.0,inf
735,0,0.17436432246363526,0.6674235409170501,-0.4382673072759583,0.08879999999999999,1,0.08879999999999999,6.0,inf
735,1,0.17436432246363526,0.6674235409170501,-0.4382673072759583,0.08879999999999999,1,0.08879999999999999,6.0,inf
735,2,0.17436432246363526,0.6674235409170501,-0.4382673072759583,0.08879999999999999,1,0.08879999999999999,6.0,inf
735,3,0.17436432246363526,0.6674235409170501,-0.4382673072759583,0.08879999999999999,1,0.08879999999999999,6.0,inf
735,4,0.17436432246363526,0.6674235409170501,-0.4382673072759583,0.08879999999999999,1,0.08879999999999999,6.0,inf
735,5,0.17436432246363526,0.6674235409170501,-0.4382673072759583,0.08879999999999999,1,0.08879999999999999,6.0,inf
736,0,2.1978369919249694,0.6909879471232337,-0.9374651886376691,2.0187,1,2.0187,6.0,inf
736,1,2.1978369919249694,0.6909879471232337,-0.9374651886376691,2.0187,1,2.0187,6.0,inf
736,2,2.1978369919249694,0.6909879471232337,-0.9374651886376691,2.0187,1,2.0187,6.0,inf
736,3,2.1978369919249694,0.6909879471232337,-0.9374651886376691,2.0187,1,2.0187,6.0,inf
736,4,2.1978369919249694,0.6909879471232337,-0.9374651886376691,2.0187,1,2.0187,6.0,inf
736,5,2.1978369919249694,0.6909879471232337,-0.9374651886376691,2.0187,1,2.0187,6.0,inf
737,0,-0.3287617550641382,0.8447457126420889,1.0159669936066262,2.0262,1,2.0262,6.0,inf
737,1,-0.3287617550641382,0.8447457126420889,1.0159669936066262,2.0262,1,2.0262,6.0,inf
737,2,-0.3287617550641382,0.8447457126420889,1.0159669936066262,2.0262,1,2.0262,6.0,inf
737,3,-0.3287617550641382,0.8447457126420889,1.0159669936066262,2.0262,1,2.0262,6.0,inf
737,4,-0.3287617550641382,0.8447457126420889,1.0159669936066262,2.0262,1,2.0262,6.0,inf
737,5,-0.3287617550641382,0.8447457126420889,1.0159669936066262,2.0262,1,2.0262,6.0,inf
738,0,-0.43385573697504315,0.42426247061973116,-0.3449999904332495,1.9817999999999998,1,1.9817999999999998,6.0,inf
738,1,-0.43385573697504315,0.42426247061973116,-0.3449999904332495,1.9817999999999998,1,1.9817999999999998,6.0,inf
738,2,-0.43385573697504315,0.42426247061973116,-0.3449999904332495,1.9817999999999998,1,1.9817999999999998,6.0,inf
738,3,-0.43385573697504315,0.42426247061973116,-0.3449999904332495,1.9817999999999998,1,1.9817999999999998,6.0,inf
738,4,-0.43385573697504315,0.42426247061973116,-0.3449999904332495,1.9817999999999998,1,1.9817999999999998,6.0,inf
738,5,-0.43385573697504315,0.42426247061973116,-0.3449999904332495,1.9817999999999998,1,1.9817999999999998,6.0,inf
739,0,-0.09730363967276826,0.40978769751245697,2.478349364725752,1.5776999999999999,1,1.5776999999999999,6.0,inf
739,1,-0.09730363967276826,0.40978769751245697,2.478349364725752,1.5776999999999999,1,1.5776999999999999,6.0,inf
739,2,-0.09730363967276826,0.40978769751245697,2.478349364725752,1.5776999999999999,1,1.5776999999999999,6.0,inf
739,3,-0.09730363967276826,0.40978769751245697,2.478349364725752,1.5776999999999999,1,1.5776999999999999,6.0,inf
739,4,-0.09730363967276826,0.40978769751245697,2.478349364725752,1.5776999999999999,1,1.5776999999999999,6.0,inf
739,5,-0.09730363967276826,0.40978769751245697,2.478349364725752,1.5776999999999999,1,1.5776999999999999,6.0,inf
740,0,-2.3024382691471996,-1.3455561977502648,0.86806158961531,0.9824999999999999,1,0.9824999999999999,6.0,inf
740,1,-2.3024382691471996,-1.3455561977502648,0.86806158961531,0.9824999999999999,1,0.9824999999999999,6.0,inf
740,2,-2.3024382691471996,-1.3455561977502648,0.86806158961531,0.9824999999999999,1,0.9824999999999999,6.0,inf
740,3,-2.3024382691471996,-1.3455561977502648,0.86806158961531,0.9824999999999999,1,0.9824999999999999,6.0,inf
740,4,-2.3024382691471996,-1.3455561977502648,0.86806158961531,0.9824999999999999,1,0.9824999999999999,6.0,inf
740,5,-2.3024382691471996,-1.3455561977502648,0.86806158961531,0.9824999999999999,1,0.9824999999999999,6.0,inf
741,0,-1.1010717194931907,1.057475618183599,1.7121035196434558,0.44459999999999994,1,0.44459999999999994,6.0,inf
741,1,-1.1010717194931907,1.057475618183599,1.7121035196434558,0.44459999999999994,1,0.44459999999999994,6.0,inf
741,2,-1.1010717194931907,1.057475618183599,1.7121035196434558,0.44459999999999994,1,0.44459999999999994,6.0,inf
741,3,-1.1010717194931907,1.057475618183599,1.7121035196434558,0.44459999999999994,1,0.44459999999999994,6.0,inf
741,4,-1.1010717194931907,1.057475618183599,1.7121035196434558,0.44459999999999994,1,0.44459999999999994,6.0,inf
741,5,-1.1010717194931907,1.057475618183599,1.7121035196434558,0.44459999999999994,1,0.44459999999999994,6.0,inf
742,0,-0.6183634868671012,0.6339831213342885,-0.538705710635128,6.0,0,6.455399999999999,6.0,inf
742,1,-0.6183634868671012,0.6339831213342885,-0.538705710635128,6.0,0,6.455399999999999,6.0,inf
742,2,-0.6183634868671012,0.6339831213342885,-0.538705710635128,6.0,0,6.455399999999999,6.0,inf
742,3,-0.6183634868671012,0.6339831213342885,-0.538705710635128,6.0,0,6.455399999999999,6.0,inf
742,4,-0.6183634868671012,0.6339831213342885,-0.538705710635128,6.0,0,6.455399999999999,6.0,inf
742,5,-0.6183634868671012,0.6339831213342885,-0.538705710635128,6.0,0,6.455399999999999,6.0,inf
743,0,0.0366243556011259,-1.0446920877187484,0.1404969221958963,6.0,0,6.758699999999999,6.0,inf
743,1,0.0366243556011259,-1.0446920877187484,0.1404969221958963,6.0,0,6.758699999999999,6.0,inf
743,2,0.0366243556011259,-1.0446920877187484,0.1404969221958963,6.0,0,6.758699999999999,6.0,inf
743,3,0.0366243556011259,-1.0446920877187484,0.1404969221958963,6.0,0,6.758699999999999,6.0,inf
743,4,0.0366243556011259,-1.0446920877187484,0.1404969221958963,6.0,0,6.758699999999999,6.0,inf
743,5,0.0366243556011259,-1.0446920877187484,0.1404969221958963,6.0,0,6.758699999999999,6.0,inf
744,0,-0.8106314358120693,1.3319212452279696,0.6608187374329176,4.949999999999999,1,4.949999999999999,6.0,inf
744,1,-0.8106314358120693,1.3319212452279696,0.6608187374329176,4.949999999999999,1,4.949999999999999,6.0,inf
744,2,-0.8106314358120693,1.3319212452279696,0.6608187374329176,4.949999999999999,1,4.949999999999999,6.0,inf
744,3,-0.8106314358120693,1.3319212452279696,0.6608187374329176,4.949999999999999,1,4.949999999999999,6.0,inf
744,4,-0.8106314358120693,1.3319212452279696,0.6608187374329176,4.949999999999999,1,4.949999999999999,6.0,inf
744,5,-0.8106314358120693,1.3319212452279696,0.6608187374329176,4.949999999999999,1,4.949999999999999,6.0,inf
745,0,1.3213929079356541,-0.90701235528592,-1.3746695707595644,0.8780999999999999,1,0.8780999999999999,6.0,inf
745,1,1.3213929079356541,-0.90701235528592,-1.3746695707595644,0.8780999999999999,1,0.8780999999999999,6.0,inf
745,2,1.3213929079356541,-0.90701235528592,-1.3746695707595644,0.8780999999999999,1,0.8780999999999999,6.0,inf
745,3,1.3213929079356541,-0.90701235528592,-1.3746695707595644,0.8780999999999999,1,0.8780999999999999,6.0,inf
745,4,1.3213929079356541,-0.90701235528592,-1.3746695707595644,0.8780999999999999,1,0.8780999999999999,6.0,inf
745,5,1.3213929079356541,-0.90701235528592,-1.3746695707595644,0.8780999999999999,1,0.8780999999999999,6.0,inf
746,0,-0.23513244363576827,0.6255741566865475,0.014883261893700787,0.19019999999999998,1,0.19019999999999998,6.0,inf
746,1,-0.23513244363576827,0.6255741566865475,0.014883261893700787,0.19019999999999998,1,0.19019999999999998,6.0,inf
746,2,-0.23513244363576827,0.6255741566865475,0.014883261893700787,0.19019999999999998,1,0.19019999999999998,6.0,inf
746,3,-0.23513244363576827,0.6255741566865475,0.014883261893700787,0.19019999999999998,1,0.19019999999999998,6.0,inf
746,4,-0.23513244363576827,0.6255741566865475,0.014883261893700787,0.19019999999999998,1,0.19019999999999998,6.0,inf
746,5,-0.23513244363576827,0.6255741566865475,0.014883261893700787,0.19019999999999998,1,0.19019999999999998,6.0,inf
747,0,-1.7580069430080318,-0.5417338628606679,-1.9386056716415472,6.0,0,7.9784999999999995,6.0,inf
747,1,-1.7580069430080318,-0.5417338628606679,-1.9386056716415472,6.0,0,7.9784999999999995,6.0,inf
747,2,-1.7580069430080318,-0.5417338628606679,-1.9386056716415472,6.0,0,7.9784999999999995,6.0,inf
747,3,-1.7580069430080318,-0.5417338628606679,-1.9386056716415472,6.0,0,7.9784999999999995,6.0,inf
747,4,-1.7580069430080318,-0.5417338628606679,-1.9386056716415472,6.0,0,7.9784999999999995,6.0,inf
747,5,-1.7580069430080318,-0.5417338628606679,-1.9386056716415472,6.0,0,7.9784999999999995,6.0,inf
748,0,-1.0246694601389938,-1.0594519831193956,-0.8610669143620087,0.7926,1,0.7926,6.0,inf
748,1,-1.0246694601389938,-1.0594519831193956,-0.8610669143620087,0.7926,1,0.7926,6.0,inf
748,2,-1.0246694601389938,-1.0594519831193956,-0.8610669143620087,0.7926,1,0.7926,6.0,inf
748,3,-1.0246694601389938,-1.0594519831193956,-0.8610669143620087,0.7926,1,0.7926,6.0,inf
748,4,-1.0246694601389938,-1.0594519831193956,-0.8610669143620087,0.7926,1,0.7926,6.0,inf
748,5,-1.0246694601389938,-1.0594519831193956,-0.8610669143620087,0.7926,1,0.7926,6.0,inf
749,0,0.7698619727570506,-1.4459562909231198,0.5907076105523233,2.1342,1,2.1342,6.0,inf
749,1,0.7698619727570506,-1.4459562909231198,0.5907076105523233,2.1342,1,2.1342,6.0,inf
749,2,0.7698619727570506,-1.4459562909231198,0.5907076105523233,2.1342,1,2.1342,6.0,inf
749,3,0.7698619727570506,-1.4459562909231198,0.5907076105523233,2.1342,1,2.1342,6.0,inf
749,4,0.7698619727570506,-1.4459562909231198,0.5907076105523233,2.1342,1,2.1342,6.0,inf
749,5,0.7698619727570506,-1.4459562909231198,0.5907076105523233,2.1342,1,2.1342,6.0,inf
750,0,0.2646069840521039,1.8079017130717976,-1.754458326806335,3.4322999999999997,1,3.4322999999999997,6.0,inf
750,1,0.2646069840521039,1.8079017130717976,-1.754458326806335,3.4322999999999997,1,3.4322999999999997,6.0,inf
750,2,0.2646069840521039,1.8079017130717976,-1.754458326806335,3.4322999999999997,1,3.4322999999999997,6.0,inf
750,3,0.2646069840521039,1.8079017130717976,-1.754458326806335,3.4322999999999997,1,3.4322999999999997,6.0,inf
750,4,0.2646069840521039,1.8079017130717976,-1.754458326806335,3.4322999999999997,1,3.4322999999999997,6.0,inf
750,5,0.2646069840521039,1.8079017130717976,-1.754458326806335,3.4322999999999997,1,3.4322999999999997,6.0,inf
751,0,-0.4082502271088368,1.4892907817943417,1.4720264091348532,1.5831,1,1.5831,6.0,inf
751,1,-0.4082502271088368,1.4892907817943417,1.4720264091348532,1.5831,1,1.5831,6.0,inf
751,2,-0.4082502271088368,1.4892907817943417,1.4720264091348532,1.5831,1,1.5831,6.0,inf
751,3,-0.4082502271088368,1.4892907817943417,1.4720264091348532,1.5831,1,1.5831,6.0,inf
751,4,-0.4082502271088368,1.4892907817943417,1.4720264091348532,1.5831,1,1.5831,6.0,inf
751,5,-0.4082502271088368,1.4892907817943417,1.4720264091348532,1.5831,1,1.5831,6.0,inf
752,0,-0.360158001109844,-0.20315915826125663,-0.10004088087467941,3.9311999999999996,1,3.9311999999999996,6.0,inf
752,1,-0.360158001109844,-0.20315915826125663,-0.10004088087467941,3.9311999999999996,1,3.9311999999999996,6.0,inf
752,2,-0.360158001109844,-0.20315915826125663,-0.10004088087467941,3.9311999999999996,1,3.9311999999999996,6.0,inf
752,3,-0.360158001109844,-0.20315915826125663,-0.10004088087467941,3.9311999999999996,1,3.9311999999999996,6.0,inf
752,4,-0.360158001109844,-0.20315915826125663,-0.10004088087467941,3.9311999999999996,1,3.9311999999999996,6.0,inf
752,5,-0.360158001109844,-0.20315915826125663,-0.10004088087467941,3.9311999999999996,1,3.9311999999999996,6.0,inf
753,0,-0.12244435799209655,-0.3977430698770308,0.21443480133503795,3.1914,1,3.1914,6.0,inf
753,1,-0.12244435799209655,-0.3977430698770308,0.21443480133503795,3.1914,1,3.1914,6.0,inf
753,2,-0.12244435799209655,-0.3977430698770308,0.21443480133503795,3.1914,1,3.1914,6.0,inf
753,3,-0.12244435799209655,-0.3977430698770308,0.21443480133503795,3.1914,1,3.1914,6.0,inf
753,4,-0.12244435799209655,-0.3977430698770308,0.21443480133503795,3.1914,1,3.1914,6.0,inf
753,5,-0.12244435799209655,-0.3977430698770308,0.21443480133503795,3.1914,1,3.1914,6.0,inf
754,0,0.7297352468158478,-1.1080807418130765,0.26002243424237054,0.37799999999999995,1,0.37799999999999995,6.0,inf
754,1,0.7297352468158478,-1.1080807418130765,0.26002243424237054,0.37799999999999995,1,0.37799999999999995,6.0,inf
754,2,0.7297352468158478,-1.1080807418130765,0.26002243424237054,0.37799999999999995,1,0.37799999999999995,6.0,inf
754,3,0.7297352468158478,-1.1080807418130765,0.26002243424237054,0.37799999999999995,1,0.37799999999999995,6.0,inf
754,4,0.7297352468158478,-1.1080807418130765,0.26002243424237054,0.37799999999999995,1,0.37799999999999995,6.0,inf
754,5,0.7297352468158478,-1.1080807418130765,0.26002243424237054,0.37799999999999995,1,0.37799999999999995,6.0,inf
755,0,0.12535610291536298,-1.664787414082907,1.2610518769140842,1.4202,1,1.4202,6.0,inf
755,1,0.12535610291536298,-1.664787414082907,1.2610518769140842,1.4202,1,1.4202,6.0,inf
755,2,0.12535610291536298,-1.664787414082907,1.2610518769140842,1.4202,1,1.4202,6.0,inf
755,3,0.12535610291536298,-1.664787414082907,1.2610518769140842,1.4202,1,1.4202,6.0,inf
755,4,0.12535610291536298,-1.664787414082907,1.2610518769140842,1.4202,1,1.4202,6.0,inf
755,5,0.12535610291536298,-1.664787414082907,1.2610518769140842,1.4202,1,1.4202,6.0,inf
756,0,0.5561830826079737,-0.6646973675140859,-2.1943998508859246,2.5839,1,2.5839,6.0,inf
756,1,0.5561830826079737,-0.6646973675140859,-2.1943998508859246,2.5839,1,2.5839,6.0,inf
756,2,0.5561830826079737,-0.6646973675140859,-2.1943998508859246,2.5839,1,2.5839,6.0,inf
756,3,0.5561830826079737,-0.6646973675140859,-2.1943998508859246,2.5839,1,2.5839,6.0,inf
756,4,0.5561830826079737,-0.6646973675140859,-2.1943998508859246,2.5839,1,2.5839,6.0,inf
756,5,0.5561830826079737,-0.6646973675140859,-2.1943998508859246,2.5839,1,2.5839,6.0,inf
757,0,0.17854579228014358,0.2153916854745507,1.1238353116452902,1.7684999999999997,1,1.7684999999999997,6.0,inf
757,1,0.17854579228014358,0.2153916854745507,1.1238353116452902,1.7684999999999997,1,1.7684999999999997,6.0,inf
757,2,0.17854579228014358,0.2153916854745507,1.1238353116452902,1.7684999999999997,1,1.7684999999999997,6.0,inf
757,3,0.17854579228014358,0.2153916854745507,1.1238353116452902,1.7684999999999997,1,1.7684999999999997,6.0,inf
757,4,0.17854579228014358,0.2153916854745507,1.1238353116452902,1.7684999999999997,1,1.7684999999999997,6.0,inf
757,5,0.17854579228014358,0.2153916854745507,1.1238353116452902,1.7684999999999997,1,1.7684999999999997,6.0,inf
758,0,-0.9302702200937012,-0.06792453921175214,1.79066618436425,0.1725,1,0.1725,6.0,inf
758,1,-0.9302702200937012,-0.06792453921175214,1.79066618436425,0.1725,1,0.1725,6.0,inf
758,2,-0.9302702200937012,-0.06792453921175214,1.79066618436425,0.1725,1,0.1725,6.0,inf
758,3,-0.9302702200937012,-0.06792453921175214,1.79066618436425,0.1725,1,0.1725,6.0,inf
758,4,-0.9302702200937012,-0.06792453921175214,1.79066618436425,0.1725,1,0.1725,6.0,inf
758,5,-0.9302702200937012,-0.06792453921175214,1.79066618436425,0.1725,1,0.1725,6.0,inf
759,0,0.6681833141434979,0.01236985886814795,0.36554079707687415,1.5152999999999999,1,1.5152999999999999,6.0,inf
759,1,0.6681833141434979,0.01236985886814795,0.36554079707687415,1.5152999999999999,1,1.5152999999999999,6.0,inf
759,2,0.6681833141434979,0.01236985886814795,0.36554079707687415,1.5152999999999999,1,1.5152999999999999,6.0,inf
759,3,0.6681833141434979,0.01236985886814795,0.36554079707687415,1.5152999999999999,1,1.5152999999999999,6.0,inf
759,4,0.6681833141434979,0.01236985886814795,0.36554079707687415,1.5152999999999999,1,1.5152999999999999,6.0,inf
759,5,0.6681833141434979,0.01236985886814795,0.36554079707687415,1.5152999999999999,1,1.5152999999999999,6.0,inf
760,0,-0.8419563404082648,-0.7255412963944757,-0.9647161058041755,1.7252999999999998,1,1.7252999999999998,6.0,inf
760,1,-0.8419563404082648,-0.7255412963944757,-0.9647161058041755,1.7252999999999998,1,1.7252999999999998,6.0,inf
760,2,-0.8419563404082648,-0.7255412963944757,-0.9647161058041755,1.7252999999999998,1,1.7252999999999998,6.0,inf
760,3,-0.8419563404082648,-0.7255412963944757,-0.9647161058041755,1.7252999999999998,1,1.7252999999999998,6.0,inf
760,4,-0.8419563404082648,-0.7255412963944757,-0.9647161058041755,1.7252999999999998,1,1.7252999999999998,6.0,inf
760,5,-0.8419563404082648,-0.7255412963944757,-0.9647161058041755,1.7252999999999998,1,1.7252999999999998,6.0,inf
761,0,1.2510459024735574,-0.12084514423329852,-1.101229828451862,3.0963,1,3.0963,6.0,inf
761,1,1.2510459024735574,-0.12084514423329852,-1.101229828451862,3.0963,1,3.0963,6.0,inf
761,2,1.2510459024735574,-0.12084514423329852,-1.101229828451862,3.0963,1,3.0963,6.0,inf
761,3,1.2510459024735574,-0.12084514423329852,-1.101229828451862,3.0963,1,3.0963,6.0,inf
761,4,1.2510459024735574,-0.12084514423329852,-1.101229828451862,3.0963,1,3.0963,6.0,inf
761,5,1.2510459024735574,-0.12084514423329852,-1.101229828451862,3.0963,1,3.0963,6.0,inf
762,0,1.037919198627451,0.5170561472178972,-0.4304841950430329,2.433,1,2.433,6.0,inf
762,1,1.037919198627451,0.5170561472178972,-0.4304841950430329,2.433,1,2.433,6.0,inf
762,2,1.037919198627451,0.5170561472178972,-0.4304841950430329,2.433,1,2.433,6.0,inf
762,3,1.037919198627451,0.5170561472178972,-0.4304841950430329,2.433,1,2.433,6.0,inf
762,4,1.037919198627451,0.5170561472178972,-0.4304841950430329,2.433,1,2.433,6.0,inf
762,5,1.037919198627451,0.5170561472178972,-0.4304841950430329,2.433,1,2.433,6.0,inf
763,0,-0.34233329967109616,-0.15945069527600045,1.3183098700505567,0.7889999999999999,1,0.7889999999999999,6.0,inf
763,1,-0.34233329967109616,-0.15945069527600045,1.3183098700505567,0.7889999999999999,1,0.7889999999999999,6.0,inf
763,2,-0.34233329967109616,-0.15945069527600045,1.3183098700505567,0.7889999999999999,1,0.7889999999999999,6.0,inf
763,3,-0.34233329967109616,-0.15945069527600045,1.3183098700505567,0.7889999999999999,1,0.7889999999999999,6.0,inf
763,4,-0.34233329967109616,-0.15945069527600045,1.3183098700505567,0.7889999999999999,1,0.7889999999999999,6.0,inf
763,5,-0.34233329967109616,-0.15945069527600045,1.3183098700505567,0.7889999999999999,1,0.7889999999999999,6.0,inf
764,0,-0.07887994292619681,0.24872982983494754,-0.30778684899540615,2.28,1,2.28,6.0,inf
764,1,-0.07887994292619681,0.24872982983494754,-0.30778684899540615,2.28,1,2.28,6.0,inf
764,2,-0.07887994292619681,0.24872982983494754,-0.30778684899540615,2.28,1,2.28,6.0,inf
764,3,-0.07887994292619681,0.24872982983494754,-0.30778684899540615,2.28,1,2.28,6.0,inf
764,4,-0.07887994292619681,0.24872982983494754,-0.30778684899540615,2.28,1,2.28,6.0,inf
764,5,-0.07887994292619681,0.24872982983494754,-0.30778684899540615,2.28,1,2.28,6.0,inf
765,0,0.2634779313099667,-0.09152692672911579,-0.6869386447605226,3.8675999999999995,1,3.8675999999999995,6.0,inf
765,1,0.2634779313099667,-0.09152692672911579,-0.6869386447605226,3.8675999999999995,1,3.8675999999999995,6.0,inf
765,2,0.2634779313099667,-0.09152692672911579,-0.6869386447605226,3.8675999999999995,1,3.8675999999999995,6.0,inf
765,3,0.2634779313099667,-0.09152692672911579,-0.6869386447605226,3.8675999999999995,1,3.8675999999999995,6.0,inf
765,4,0.2634779313099667,-0.09152692672911579,-0.6869386447605226,3.8675999999999995,1,3.8675999999999995,6.0,inf
765,5,0.2634779313099667,-0.09152692672911579,-0.6869386447605226,3.8675999999999995,1,3.8675999999999995,6.0,inf
766,0,3.2086703142404422,0.3231989745586978,-1.0719835813121508,2.1978,1,2.1978,6.0,inf
766,1,3.2086703142404422,0.3231989745586978,-1.0719835813121508,2.1978,1,2.1978,6.0,inf
766,2,3.2086703142404422,0.3231989745586978,-1.0719835813121508,2.1978,1,2.1978,6.0,inf
766,3,3.2086703142404422,0.3231989745586978,-1.0719835813121508,2.1978,1,2.1978,6.0,inf
766,4,3.2086703142404422,0.3231989745586978,-1.0719835813121508,2.1978,1,2.1978,6.0,inf
766,5,3.2086703142404422,0.3231989745586978,-1.0719835813121508,2.1978,1,2.1978,6.0,inf
767,0,0.41442250916237583,-0.44937919259631903,0.9135949046573593,2.3411999999999997,1,2.3411999999999997,6.0,inf
767,1,0.41442250916237583,-0.44937919259631903,0.9135949046573593,2.3411999999999997,1,2.3411999999999997,6.0,inf
767,2,0.41442250916237583,-0.44937919259631903,0.9135949046573593,2.3411999999999997,1,2.3411999999999997,6.0,inf
767,3,0.41442250916237583,-0.44937919259631903,0.9135949046573593,2.3411999999999997,1,2.3411999999999997,6.0,inf
767,4,0.41442250916237583,-0.44937919259631903,0.9135949046573593,2.3411999999999997,1,2.3411999999999997,6.0,inf
767,5,0.41442250916237583,-0.44937919259631903,0.9135949046573593,2.3411999999999997,1,2.3411999999999997,6.0,inf
768,0,0.42347679735867894,0.6389808566918342,0.017417854929589697,2.6048999999999998,1,2.6048999999999998,6.0,inf
768,1,0.42347679735867894,0.6389808566918342,0.017417854929589697,2.6048999999999998,1,2.6048999999999998,6.0,inf
768,2,0.42347679735867894,0.6389808566918342,0.017417854929589697,2.6048999999999998,1,2.6048999999999998,6.0,inf
768,3,0.42347679735867894,0.6389808566918342,0.017417854929589697,2.6048999999999998,1,2.6048999999999998,6.0,inf
768,4,0.42347679735867894,0.6389808566918342,0.017417854929589697,2.6048999999999998,1,2.6048999999999998,6.0,inf
768,5,0.42347679735867894,0.6389808566918342,0.017417854929589697,2.6048999999999998,1,2.6048999999999998,6.0,inf
769,0,-1.7596643971298445,-0.1092930586779543,-0.9785722703439813,4.7931,1,4.7931,6.0,inf
769,1,-1.7596643971298445,-0.1092930586779543,-0.9785722703439813,4.7931,1,4.7931,6.0,inf
769,2,-1.7596643971298445,-0.1092930586779543,-0.9785722703439813,4.7931,1,4.7931,6.0,inf
769,3,-1.7596643971298445,-0.1092930586779543,-0.9785722703439813,4.7931,1,4.7931,6.0,inf
769,4,-1.7596643971298445,-0.1092930586779543,-0.9785722703439813,4.7931,1,4.7931,6.0,inf
769,5,-1.7596643971298445,-0.1092930586779543,-0.9785722703439813,4.7931,1,4.7931,6.0,inf
770,0,0.7797736527736898,-0.2642491478487547,-1.0652810067093013,3.5267999999999997,1,3.5267999999999997,6.0,inf
770,1,0.7797736527736898,-0.2642491478487547,-1.0652810067093013,3.5267999999999997,1,3.5267999999999997,6.0,inf
770,2,0.7797736527736898,-0.2642491478487547,-1.0652810067093013,3.5267999999999997,1,3.5267999999999997,6.0,inf
770,3,0.7797736527736898,-0.2642491478487547,-1.0652810067093013,3.5267999999999997,1,3.5267999999999997,6.0,inf
770,4,0.7797736527736898,-0.2642491478487547,-1.0652810067093013,3.5267999999999997,1,3.5267999999999997,6.0,inf
770,5,0.7797736527736898,-0.2642491478487547,-1.0652810067093013,3.5267999999999997,1,3.5267999999999997,6.0,inf
771,0,0.9547021894680365,-1.003653699928355,1.695858567464274,1.4277,1,1.4277,6.0,inf
771,1,0.9547021894680365,-1.003653699928355,1.695858567464274,1.4277,1,1.4277,6.0,inf
771,2,0.9547021894680365,-1.003653699928355,1.695858567464274,1.4277,1,1.4277,6.0,inf
771,3,0.9547021894680365,-1.003653699928355,1.695858567464274,1.4277,1,1.4277,6.0,inf
771,4,0.9547021894680365,-1.003653699928355,1.695858567464274,1.4277,1,1.4277,6.0,inf
771,5,0.9547021894680365,-1.003653699928355,1.695858567464274,1.4277,1,1.4277,6.0,inf
772,0,-0.7975969847049215,-0.23478176250730268,-1.40027218615497,0.43829999999999997,1,0.43829999999999997,6.0,inf
772,1,-0.7975969847049215,-0.23478176250730268,-1.40027218615497,0.43829999999999997,1,0.43829999999999997,6.0,inf
772,2,-0.7975969847049215,-0.23478176250730268,-1.40027218615497,0.43829999999999997,1,0.43829999999999997,6.0,inf
772,3,-0.7975969847049215,-0.23478176250730268,-1.40027218615497,0.43829999999999997,1,0.43829999999999997,6.0,inf
772,4,-0.7975969847049215,-0.23478176250730268,-1.40027218615497,0.43829999999999997,1,0.43829999999999997,6.0,inf
772,5,-0.7975969847049215,-0.23478176250730268,-1.40027218615497,0.43829999999999997,1,0.43829999999999997,6.0,inf
773,0,-0.13559161614120138,-0.5510442381018837,0.37251146311089123,1.9647,1,1.9647,6.0,inf
773,1,-0.13559161614120138,-0.5510442381018837,0.37251146311089123,1.9647,1,1.9647,6.0,inf
773,2,-0.13559161614120138,-0.5510442381018837,0.37251146311089123,1.9647,1,1.9647,6.0,inf
773,3,-0.13559161614120138,-0.5510442381018837,0.37251146311089123,1.9647,1,1.9647,6.0,inf
773,4,-0.13559161614120138,-0.5510442381018837,0.37251146311089123,1.9647,1,1.9647,6.0,inf
773,5,-0.13559161614120138,-0.5510442381018837,0.37251146311089123,1.9647,1,1.9647,6.0,inf
774,0,-1.7351101162076188,0.8135408093937984,-0.30851524246503176,1.9817999999999998,1,1.9817999999999998,6.0,inf
774,1,-1.7351101162076188,0.8135408093937984,-0.30851524246503176,1.9817999999999998,1,1.9817999999999998,6.0,inf
774,2,-1.7351101162076188,0.8135408093937984,-0.30851524246503176,1.9817999999999998,1,1.9817999999999998,6.0,inf
774,3,-1.7351101162076188,0.8135408093937984,-0.30851524246503176,1.9817999999999998,1,1.9817999999999998,6.0,inf
774,4,-1.7351101162076188,0.8135408093937984,-0.30851524246503176,1.9817999999999998,1,1.9817999999999998,6.0,inf
774,5,-1.7351101162076188,0.8135408093937984,-0.30851524246503176,1.9817999999999998,1,1.9817999999999998,6.0,inf
775,0,0.8714841400393529,0.7233844067391827,0.7621947789624024,2.0246999999999997,1,2.0246999999999997,6.0,inf
775,1,0.8714841400393529,0.7233844067391827,0.7621947789624024,2.0246999999999997,1,2.0246999999999997,6.0,inf
775,2,0.8714841400393529,0.7233844067391827,0.7621947789624024,2.0246999999999997,1,2.0246999999999997,6.0,inf
775,3,0.8714841400393529,0.7233844067391827,0.7621947789624024,2.0246999999999997,1,2.0246999999999997,6.0,inf
775,4,0.8714841400393529,0.7233844067391827,0.7621947789624024,2.0246999999999997,1,2.0246999999999997,6.0,inf
775,5,0.8714841400393529,0.7233844067391827,0.7621947789624024,2.0246999999999997,1,2.0246999999999997,6.0,inf
776,0,1.1553287461377344,-1.5543113696150905,1.8628525946652927,1.7594999999999998,1,1.7594999999999998,6.0,inf
776,1,1.1553287461377344,-1.5543113696150905,1.8628525946652927,1.7594999999999998,1,1.7594999999999998,6.0,inf
776,2,1.1553287461377344,-1.5543113696150905,1.8628525946652927,1.7594999999999998,1,1.7594999999999998,6.0,inf
776,3,1.1553287461377344,-1.5543113696150905,1.8628525946652927,1.7594999999999998,1,1.7594999999999998,6.0,inf
776,4,1.1553287461377344,-1.5543113696150905,1.8628525946652927,1.7594999999999998,1,1.7594999999999998,6.0,inf
776,5,1.1553287461377344,-1.5543113696150905,1.8628525946652927,1.7594999999999998,1,1.7594999999999998,6.0,inf
777,0,-0.2971850337276134,0.5775174122632756,1.2774274532036276,1.5609,1,1.5609,6.0,inf
777,1,-0.2971850337276134,0.5775174122632756,1.2774274532036276,1.5609,1,1.5609,6.0,inf
777,2,-0.2971850337276134,0.5775174122632756,1.2774274532036276,1.5609,1,1.5609,6.0,inf
777,3,-0.2971850337276134,0.5775174122632756,1.2774274532036276,1.5609,1,1.5609,6.0,inf
777,4,-0.2971850337276134,0.5775174122632756,1.2774274532036276,1.5609,1,1.5609,6.0,inf
777,5,-0.2971850337276134,0.5775174122632756,1.2774274532036276,1.5609,1,1.5609,6.0,inf
778,0,-1.0662462975364013,-0.8230866051487863,-0.2622454731951321,1.7501999999999998,1,1.7501999999999998,6.0,inf
778,1,-1.0662462975364013,-0.8230866051487863,-0.2622454731951321,1.7501999999999998,1,1.7501999999999998,6.0,inf
778,2,-1.0662462975364013,-0.8230866051487863,-0.2622454731951321,1.7501999999999998,1,1.7501999999999998,6.0,inf
778,3,-1.0662462975364013,-0.8230866051487863,-0.2622454731951321,1.7501999999999998,1,1.7501999999999998,6.0,inf
778,4,-1.0662462975364013,-0.8230866051487863,-0.2622454731951321,1.7501999999999998,1,1.7501999999999998,6.0,inf
778,5,-1.0662462975364013,-0.8230866051487863,-0.2622454731951321,1.7501999999999998,1,1.7501999999999998,6.0,inf
779,0,-1.7242208269237358,-0.016612204635480347,-0.2705998198813535,2.9930999999999996,1,2.9930999999999996,6.0,inf
779,1,-1.7242208269237358,-0.016612204635480347,-0.2705998198813535,2.9930999999999996,1,2.9930999999999996,6.0,inf
779,2,-1.7242208269237358,-0.016612204635480347,-0.2705998198813535,2.9930999999999996,1,2.9930999999999996,6.0,inf
779,3,-1.7242208269237358,-0.016612204635480347,-0.2705998198813535,2.9930999999999996,1,2.9930999999999996,6.0,inf
779,4,-1.7242208269237358,-0.016612204635480347,-0.2705998198813535,2.9930999999999996,1,2.9930999999999996,6.0,inf
779,5,-1.7242208269237358,-0.016612204635480347,-0.2705998198813535,2.9930999999999996,1,2.9930999999999996,6.0,inf
780,0,-0.44907637701497477,-0.4568316033001078,0.2823660071918709,4.945799999999999,1,4.945799999999999,6.0,inf
780,1,-0.44907637701497477,-0.4568316033001078,0.2823660071918709,4.945799999999999,1,4.945799999999999,6.0,inf
780,2,-0.44907637701497477,-0.4568316033001078,0.2823660071918709,4.945799999999999,1,4.945799999999999,6.0,inf
780,3,-0.44907637701497477,-0.4568316033001078,0.2823660071918709,4.945799999999999,1,4.945799999999999,6.0,inf
780,4,-0.44907637701497477,-0.4568316033001078,0.2823660071918709,4.945799999999999,1,4.945799999999999,6.0,inf
780,5,-0.44907637701497477,-0.4568316033001078,0.2823660071918709,4.945799999999999,1,4.945799999999999,6.0,inf
781,0,-1.7607720116693735,-0.538810089334124,-2.7836417245782226,0.7175999999999999,1,0.7175999999999999,6.0,inf
781,1,-1.7607720116693735,-0.538810089334124,-2.7836417245782226,0.7175999999999999,1,0.7175999999999999,6.0,inf
781,2,-1.7607720116693735,-0.538810089334124,-2.7836417245782226,0.7175999999999999,1,0.7175999999999999,6.0,inf
781,3,-1.7607720116693735,-0.538810089334124,-2.7836417245782226,0.7175999999999999,1,0.7175999999999999,6.0,inf
781,4,-1.7607720116693735,-0.538810089334124,-2.7836417245782226,0.7175999999999999,1,0.7175999999999999,6.0,inf
781,5,-1.7607720116693735,-0.538810089334124,-2.7836417245782226,0.7175999999999999,1,0.7175999999999999,6.0,inf
782,0,-0.029500548218237218,0.7630089384349806,1.163065050055113,1.6761,1,1.6761,6.0,inf
782,1,-0.029500548218237218,0.7630089384349806,1.163065050055113,1.6761,1,1.6761,6.0,inf
782,2,-0.029500548218237218,0.7630089384349806,1.163065050055113,1.6761,1,1.6761,6.0,inf
782,3,-0.029500548218237218,0.7630089384349806,1.163065050055113,1.6761,1,1.6761,6.0,inf
782,4,-0.029500548218237218,0.7630089384349806,1.163065050055113,1.6761,1,1.6761,6.0,inf
782,5,-0.029500548218237218,0.7630089384349806,1.163065050055113,1.6761,1,1.6761,6.0,inf
783,0,-2.5985995660342485,-1.222206168628366,0.3654652339094949,0.1659,1,0.1659,6.0,inf
783,1,-2.5985995660342485,-1.222206168628366,0.3654652339094949,0.1659,1,0.1659,6.0,inf
783,2,-2.5985995660342485,-1.222206168628366,0.3654652339094949,0.1659,1,0.1659,6.0,inf
783,3,-2.5985995660342485,-1.222206168628366,0.3654652339094949,0.1659,1,0.1659,6.0,inf
783,4,-2.5985995660342485,-1.222206168628366,0.3654652339094949,0.1659,1,0.1659,6.0,inf
783,5,-2.5985995660342485,-1.222206168628366,0.3654652339094949,0.1659,1,0.1659,6.0,inf
784,0,-0.29435343788717117,-0.4350019491787999,2.6028865242551245,0.7091999999999999,1,0.7091999999999999,6.0,inf
784,1,-0.29435343788717117,-0.4350019491787999,2.6028865242551245,0.7091999999999999,1,0.7091999999999999,6.0,inf
784,2,-0.29435343788717117,-0.4350019491787999,2.6028865242551245,0.7091999999999999,1,0.7091999999999999,6.0,inf
784,3,-0.29435343788717117,-0.4350019491787999,2.6028865242551245,0.7091999999999999,1,0.7091999999999999,6.0,inf
784,4,-0.29435343788717117,-0.4350019491787999,2.6028865242551245,0.7091999999999999,1,0.7091999999999999,6.0,inf
784,5,-0.29435343788717117,-0.4350019491787999,2.6028865242551245,0.7091999999999999,1,0.7091999999999999,6.0,inf
785,0,-0.5226547112043672,-0.9906783027111626,0.30350648168931926,2.6447999999999996,1,2.6447999999999996,6.0,inf
785,1,-0.5226547112043672,-0.9906783027111626,0.30350648168931926,2.6447999999999996,1,2.6447999999999996,6.0,inf
785,2,-0.5226547112043672,-0.9906783027111626,0.30350648168931926,2.6447999999999996,1,2.6447999999999996,6.0,inf
785,3,-0.5226547112043672,-0.9906783027111626,0.30350648168931926,2.6447999999999996,1,2.6447999999999996,6.0,inf
785,4,-0.5226547112043672,-0.9906783027111626,0.30350648168931926,2.6447999999999996,1,2.6447999999999996,6.0,inf
785,5,-0.5226547112043672,-0.9906783027111626,0.30350648168931926,2.6447999999999996,1,2.6447999999999996,6.0,inf
786,0,1.184491804306362,0.17841078849594832,-0.263018085586807,2.1323999999999996,1,2.1323999999999996,6.0,inf
786,1,1.184491804306362,0.17841078849594832,-0.263018085586807,2.1323999999999996,1,2.1323999999999996,6.0,inf
786,2,1.184491804306362,0.17841078849594832,-0.263018085586807,2.1323999999999996,1,2.1323999999999996,6.0,inf
786,3,1.184491804306362,0.17841078849594832,-0.263018085586807,2.1323999999999996,1,2.1323999999999996,6.0,inf
786,4,1.184491804306362,0.17841078849594832,-0.263018085586807,2.1323999999999996,1,2.1323999999999996,6.0,inf
786,5,1.184491804306362,0.17841078849594832,-0.263018085586807,2.1323999999999996,1,2.1323999999999996,6.0,inf
787,0,-1.249782985200047,-0.5612765511168352,-1.3255557797968496,6.0,0,8.0001,6.0,inf
787,1,-1.249782985200047,-0.5612765511168352,-1.3255557797968496,6.0,0,8.0001,6.0,inf
787,2,-1.249782985200047,-0.5612765511168352,-1.3255557797968496,6.0,0,8.0001,6.0,inf
787,3,-1.249782985200047,-0.5612765511168352,-1.3255557797968496,6.0,0,8.0001,6.0,inf
787,4,-1.249782985200047,-0.5612765511168352,-1.3255557797968496,6.0,0,8.0001,6.0,inf
787,5,-1.249782985200047,-0.5612765511168352,-1.3255557797968496,6.0,0,8.0001,6.0,inf
788,0,1.298322845309515,1.207034792767971,0.7114921200205798,2.8922999999999996,1,2.8922999999999996,6.0,inf
788,1,1.298322845309515,1.207034792767971,0.7114921200205798,2.8922999999999996,1,2.8922999999999996,6.0,inf
788,2,1.298322845309515,1.207034792767971,0.7114921200205798,2.8922999999999996,1,2.8922999999999996,6.0,inf
788,3,1.298322845309515,1.207034792767971,0.7114921200205798,2.8922999999999996,1,2.8922999999999996,6.0,inf
788,4,1.298322845309515,1.207034792767971,0.7114921200205798,2.8922999999999996,1,2.8922999999999996,6.0,inf
788,5,1.298322845309515,1.207034792767971,0.7114921200205798,2.8922999999999996,1,2.8922999999999996,6.0,inf
789,0,-0.3616882539563964,-0.14584928913712075,-0.07335384163526958,0.2772,1,0.2772,6.0,inf
789,1,-0.3616882539563964,-0.14584928913712075,-0.07335384163526958,0.2772,1,0.2772,6.0,inf
789,2,-0.3616882539563964,-0.14584928913712075,-0.07335384163526958,0.2772,1,0.2772,6.0,inf
789,3,-0.3616882539563964,-0.14584928913712075,-0.07335384163526958,0.2772,1,0.2772,6.0,inf
789,4,-0.3616882539563964,-0.14584928913712075,-0.07335384163526958,0.2772,1,0.2772,6.0,inf
789,5,-0.3616882539563964,-0.14584928913712075,-0.07335384163526958,0.2772,1,0.2772,6.0,inf
790,0,0.39026112399807494,-0.7796670262699548,-0.09489536525678867,1.4975999999999998,1,1.4975999999999998,6.0,inf
790,1,0.39026112399807494,-0.7796670262699548,-0.09489536525678867,1.4975999999999998,1,1.4975999999999998,6.0,inf
790,2,0.39026112399807494,-0.7796670262699548,-0.09489536525678867,1.4975999999999998,1,1.4975999999999998,6.0,inf
790,3,0.39026112399807494,-0.7796670262699548,-0.09489536525678867,1.4975999999999998,1,1.4975999999999998,6.0,inf
790,4,0.39026112399807494,-0.7796670262699548,-0.09489536525678867,1.4975999999999998,1,1.4975999999999998,6.0,inf
790,5,0.39026112399807494,-0.7796670262699548,-0.09489536525678867,1.4975999999999998,1,1.4975999999999998,6.0,inf
791,0,0.03449484462756223,-0.998496438432623,0.3748133629936224,1.3836,1,1.3836,6.0,inf
791,1,0.03449484462756223,-0.998496438432623,0.3748133629936224,1.3836,1,1.3836,6.0,inf
791,2,0.03449484462756223,-0.998496438432623,0.3748133629936224,1.3836,1,1.3836,6.0,inf
791,3,0.03449484462756223,-0.998496438432623,0.3748133629936224,1.3836,1,1.3836,6.0,inf
791,4,0.03449484462756223,-0.998496438432623,0.3748133629936224,1.3836,1,1.3836,6.0,inf
791,5,0.03449484462756223,-0.998496438432623,0.3748133629936224,1.3836,1,1.3836,6.0,inf
792,0,0.44157222481396347,0.08826714769757123,-0.7347271753523275,2.3061,1,2.3061,6.0,inf
792,1,0.44157222481396347,0.08826714769757123,-0.7347271753523275,2.3061,1,2.3061,6.0,inf
792,2,0.44157222481396347,0.08826714769757123,-0.7347271753523275,2.3061,1,2.3061,6.0,inf
792,3,0.44157222481396347,0.08826714769757123,-0.7347271753523275,2.3061,1,2.3061,6.0,inf
792,4,0.44157222481396347,0.08826714769757123,-0.7347271753523275,2.3061,1,2.3061,6.0,inf
792,5,0.44157222481396347,0.08826714769757123,-0.7347271753523275,2.3061,1,2.3061,6.0,inf
793,0,-0.036680296514802126,-0.6672530904902486,-2.3210587094034243,3.7748999999999997,1,3.7748999999999997,6.0,inf
793,1,-0.036680296514802126,-0.6672530904902486,-2.3210587094034243,3.7748999999999997,1,3.7748999999999997,6.0,inf
793,2,-0.036680296514802126,-0.6672530904902486,-2.3210587094034243,3.7748999999999997,1,3.7748999999999997,6.0,inf
793,3,-0.036680296514802126,-0.6672530904902486,-2.3210587094034243,3.7748999999999997,1,3.7748999999999997,6.0,inf
793,4,-0.036680296514802126,-0.6672530904902486,-2.3210587094034243,3.7748999999999997,1,3.7748999999999997,6.0,inf
793,5,-0.036680296514802126,-0.6672530904902486,-2.3210587094034243,3.7748999999999997,1,3.7748999999999997,6.0,inf
794,0,0.240841007586235,-0.4601397582312194,0.11476484988455639,2.0132999999999996,1,2.0132999999999996,6.0,inf
794,1,0.240841007586235,-0.4601397582312194,0.11476484988455639,2.0132999999999996,1,2.0132999999999996,6.0,inf
794,2,0.240841007586235,-0.4601397582312194,0.11476484988455639,2.0132999999999996,1,2.0132999999999996,6.0,inf
794,3,0.240841007586235,-0.4601397582312194,0.11476484988455639,2.0132999999999996,1,2.0132999999999996,6.0,inf
794,4,0.240841007586235,-0.4601397582312194,0.11476484988455639,2.0132999999999996,1,2.0132999999999996,6.0,inf
794,5,0.240841007586235,-0.4601397582312194,0.11476484988455639,2.0132999999999996,1,2.0132999999999996,6.0,inf
795,0,-1.6161285884613747,1.5345557138152417,0.19919719962815988,6.0,0,8.0001,6.0,inf
795,1,-1.6161285884613747,1.5345557138152417,0.19919719962815988,6.0,0,8.0001,6.0,inf
795,2,-1.6161285884613747,1.5345557138152417,0.19919719962815988,6.0,0,8.0001,6.0,inf
795,3,-1.6161285884613747,1.5345557138152417,0.19919719962815988,6.0,0,8.0001,6.0,inf
795,4,-1.6161285884613747,1.5345557138152417,0.19919719962815988,6.0,0,8.0001,6.0,inf
795,5,-1.6161285884613747,1.5345557138152417,0.19919719962815988,6.0,0,8.0001,6.0,inf
796,0,1.676092707157244,0.6952882719442507,-0.3072825972921671,2.9156999999999997,1,2.9156999999999997,6.0,inf
796,1,1.676092707157244,0.6952882719442507,-0.3072825972921671,2.9156999999999997,1,2.9156999999999997,6.0,inf
796,2,1.676092707157244,0.6952882719442507,-0.3072825972921671,2.9156999999999997,1,2.9156999999999997,6.0,inf
796,3,1.676092707157244,0.6952882719442507,-0.3072825972921671,2.9156999999999997,1,2.9156999999999997,6.0,inf
796,4,1.676092707157244,0.6952882719442507,-0.3072825972921671,2.9156999999999997,1,2.9156999999999997,6.0,inf
796,5,1.676092707157244,0.6952882719442507,-0.3072825972921671,2.9156999999999997,1,2.9156999999999997,6.0,inf
797,0,-1.1091654342317114,-0.5461802643671279,-1.8654825685328584,0.8046,1,0.8046,6.0,inf
797,1,-1.1091654342317114,-0.5461802643671279,-1.8654825685328584,0.8046,1,0.8046,6.0,inf
797,2,-1.1091654342317114,-0.5461802643671279,-1.8654825685328584,0.8046,1,0.8046,6.0,inf
797,3,-1.1091654342317114,-0.5461802643671279,-1.8654825685328584,0.8046,1,0.8046,6.0,inf
797,4,-1.1091654342317114,-0.5461802643671279,-1.8654825685328584,0.8046,1,0.8046,6.0,inf
797,5,-1.1091654342317114,-0.5461802643671279,-1.8654825685328584,0.8046,1,0.8046,6.0,inf
798,0,1.1380482445110869,0.9176040183471192,0.11024749857421683,1.8474,1,1.8474,6.0,inf
798,1,1.1380482445110869,0.9176040183471192,0.11024749857421683,1.8474,1,1.8474,6.0,inf
798,2,1.1380482445110869,0.9176040183471192,0.11024749857421683,1.8474,1,1.8474,6.0,inf
798,3,1.1380482445110869,0.9176040183471192,0.11024749857421683,1.8474,1,1.8474,6.0,inf
798,4,1.1380482445110869,0.9176040183471192,0.11024749857421683,1.8474,1,1.8474,6.0,inf
798,5,1.1380482445110869,0.9176040183471192,0.11024749857421683,1.8474,1,1.8474,6.0,inf
799,0,-0.6414288709863112,-0.19536158921623709,-0.41106213830664734,2.2613999999999996,1,2.2613999999999996,6.0,inf
799,1,-0.6414288709863112,-0.19536158921623709,-0.41106213830664734,2.2613999999999996,1,2.2613999999999996,6.0,inf
799,2,-0.6414288709863112,-0.19536158921623709,-0.41106213830664734,2.2613999999999996,1,2.2613999999999996,6.0,inf
799,3,-0.6414288709863112,-0.19536158921623709,-0.41106213830664734,2.2613999999999996,1,2.2613999999999996,6.0,inf
799,4,-0.6414288709863112,-0.19536158921623709,-0.41106213830664734,2.2613999999999996,1,2.2613999999999996,6.0,inf
799,5,-0.6414288709863112,-0.19536158921623709,-0.41106213830664734,2.2613999999999996,1,2.2613999999999996,6.0,inf
800,0,0.18370019967519075,2.3745664394622263,-2.1810026816161954,3.4154999999999998,1,3.4154999999999998,6.0,inf
800,1,0.18370019967519075,2.3745664394622263,-2.1810026816161954,3.4154999999999998,1,3.4154999999999998,6.0,inf
800,2,0.18370019967519075,2.3745664394622263,-2.1810026816161954,3.4154999999999998,1,3.4154999999999998,6.0,inf
800,3,0.18370019967519075,2.3745664394622263,-2.1810026816161954,3.4154999999999998,1,3.4154999999999998,6.0,inf
800,4,0.18370019967519075,2.3745664394622263,-2.1810026816161954,3.4154999999999998,1,3.4154999999999998,6.0,inf
800,5,0.18370019967519075,2.3745664394622263,-2.1810026816161954,3.4154999999999998,1,3.4154999999999998,6.0,inf
801,0,0.8982983414459063,-1.3529223593120696,0.27660699328795657,0.8009999999999999,1,0.8009999999999999,6.0,inf
801,1,0.8982983414459063,-1.3529223593120696,0.27660699328795657,0.8009999999999999,1,0.8009999999999999,6.0,inf
801,2,0.8982983414459063,-1.3529223593120696,0.27660699328795657,0.8009999999999999,1,0.8009999999999999,6.0,inf
801,3,0.8982983414459063,-1.3529223593120696,0.27660699328795657,0.8009999999999999,1,0.8009999999999999,6.0,inf
801,4,0.8982983414459063,-1.3529223593120696,0.27660699328795657,0.8009999999999999,1,0.8009999999999999,6.0,inf
801,5,0.8982983414459063,-1.3529223593120696,0.27660699328795657,0.8009999999999999,1,0.8009999999999999,6.0,inf
802,0,-1.4658587596946087,1.3988082654767042,-2.0344132718548122,5.158799999999999,1,5.158799999999999,6.0,inf
802,1,-1.4658587596946087,1.3988082654767042,-2.0344132718548122,5.158799999999999,1,5.158799999999999,6.0,inf
802,2,-1.4658587596946087,1.3988082654767042,-2.0344132718548122,5.158799999999999,1,5.158799999999999,6.0,inf
802,3,-1.4658587596946087,1.3988082654767042,-2.0344132718548122,5.158799999999999,1,5.158799999999999,6.0,inf
802,4,-1.4658587596946087,1.3988082654767042,-2.0344132718548122,5.158799999999999,1,5.158799999999999,6.0,inf
802,5,-1.4658587596946087,1.3988082654767042,-2.0344132718548122,5.158799999999999,1,5.158799999999999,6.0,inf
803,0,-0.5795390615854401,-1.1153144133104613,-0.8812565908568278,1.6673999999999998,1,1.6673999999999998,6.0,inf
803,1,-0.5795390615854401,-1.1153144133104613,-0.8812565908568278,1.6673999999999998,1,1.6673999999999998,6.0,inf
803,2,-0.5795390615854401,-1.1153144133104613,-0.8812565908568278,1.6673999999999998,1,1.6673999999999998,6.0,inf
803,3,-0.5795390615854401,-1.1153144133104613,-0.8812565908568278,1.6673999999999998,1,1.6673999999999998,6.0,inf
803,4,-0.5795390615854401,-1.1153144133104613,-0.8812565908568278,1.6673999999999998,1,1.6673999999999998,6.0,inf
803,5,-0.5795390615854401,-1.1153144133104613,-0.8812565908568278,1.6673999999999998,1,1.6673999999999998,6.0,inf
804,0,0.6521355091706924,-0.9076778475101228,0.6970456451894091,2.0625,1,2.0625,6.0,inf
804,1,0.6521355091706924,-0.9076778475101228,0.6970456451894091,2.0625,1,2.0625,6.0,inf
804,2,0.6521355091706924,-0.9076778475101228,0.6970456451894091,2.0625,1,2.0625,6.0,inf
804,3,0.6521355091706924,-0.9076778475101228,0.6970456451894091,2.0625,1,2.0625,6.0,inf
804,4,0.6521355091706924,-0.9076778475101228,0.6970456451894091,2.0625,1,2.0625,6.0,inf
804,5,0.6521355091706924,-0.9076778475101228,0.6970456451894091,2.0625,1,2.0625,6.0,inf
805,0,-0.6570749354774598,1.779834936815586,-0.3317963992908436,6.0,0,8.0001,6.0,inf
805,1,-0.6570749354774598,1.779834936815586,-0.3317963992908436,6.0,0,8.0001,6.0,inf
805,2,-0.6570749354774598,1.779834936815586,-0.3317963992908436,6.0,0,8.0001,6.0,inf
805,3,-0.6570749354774598,1.779834936815586,-0.3317963992908436,6.0,0,8.0001,6.0,inf
805,4,-0.6570749354774598,1.779834936815586,-0.3317963992908436,6.0,0,8.0001,6.0,inf
805,5,-0.6570749354774598,1.779834936815586,-0.3317963992908436,6.0,0,8.0001,6.0,inf
806,0,-2.1090738853216053,0.6273726696283638,-0.9705292367800464,6.0,0,8.0001,6.0,inf
806,1,-2.1090738853216053,0.6273726696283638,-0.9705292367800464,6.0,0,8.0001,6.0,inf
806,2,-2.1090738853216053,0.6273726696283638,-0.9705292367800464,6.0,0,8.0001,6.0,inf
806,3,-2.1090738853216053,0.6273726696283638,-0.9705292367800464,6.0,0,8.0001,6.0,inf
806,4,-2.1090738853216053,0.6273726696283638,-0.9705292367800464,6.0,0,8.0001,6.0,inf
806,5,-2.1090738853216053,0.6273726696283638,-0.9705292367800464,6.0,0,8.0001,6.0,inf
807,0,-0.9541489927452196,1.6434195912880685,1.1180181089277972,1.3559999999999999,1,1.3559999999999999,6.0,inf
807,1,-0.9541489927452196,1.6434195912880685,1.1180181089277972,1.3559999999999999,1,1.3559999999999999,6.0,inf
807,2,-0.9541489927452196,1.6434195912880685,1.1180181089277972,1.3559999999999999,1,1.3559999999999999,6.0,inf
807,3,-0.9541489927452196,1.6434195912880685,1.1180181089277972,1.3559999999999999,1,1.3559999999999999,6.0,inf
807,4,-0.9541489927452196,1.6434195912880685,1.1180181089277972,1.3559999999999999,1,1.3559999999999999,6.0,inf
807,5,-0.9541489927452196,1.6434195912880685,1.1180181089277972,1.3559999999999999,1,1.3559999999999999,6.0,inf
808,0,-0.8810287829475619,0.6226535350305242,-0.45343962638028074,6.0,0,8.0001,6.0,inf
808,1,-0.8810287829475619,0.6226535350305242,-0.45343962638028074,6.0,0,8.0001,6.0,inf
808,2,-0.8810287829475619,0.6226535350305242,-0.45343962638028074,6.0,0,8.0001,6.0,inf
808,3,-0.8810287829475619,0.6226535350305242,-0.45343962638028074,6.0,0,8.0001,6.0,inf
808,4,-0.8810287829475619,0.6226535350305242,-0.45343962638028074,6.0,0,8.0001,6.0,inf
808,5,-0.8810287829475619,0.6226535350305242,-0.45343962638028074,6.0,0,8.0001,6.0,inf
809,0,1.0128810970428426,-0.9061889777024963,0.8063833417723376,2.2533,1,2.2533,6.0,inf
809,1,1.0128810970428426,-0.9061889777024963,0.8063833417723376,2.2533,1,2.2533,6.0,inf
809,2,1.0128810970428426,-0.9061889777024963,0.8063833417723376,2.2533,1,2.2533,6.0,inf
809,3,1.0128810970428426,-0.9061889777024963,0.8063833417723376,2.2533,1,2.2533,6.0,inf
809,4,1.0128810970428426,-0.9061889777024963,0.8063833417723376,2.2533,1,2.2533,6.0,inf
809,5,1.0128810970428426,-0.9061889777024963,0.8063833417723376,2.2533,1,2.2533,6.0,inf
810,0,1.3122284389572547,-0.43787541432829546,0.9621663418841968,2.2220999999999997,1,2.2220999999999997,6.0,inf
810,1,1.3122284389572547,-0.43787541432829546,0.9621663418841968,2.2220999999999997,1,2.2220999999999997,6.0,inf
810,2,1.3122284389572547,-0.43787541432829546,0.9621663418841968,2.2220999999999997,1,2.2220999999999997,6.0,inf
810,3,1.3122284389572547,-0.43787541432829546,0.9621663418841968,2.2220999999999997,1,2.2220999999999997,6.0,inf
810,4,1.3122284389572547,-0.43787541432829546,0.9621663418841968,2.2220999999999997,1,2.2220999999999997,6.0,inf
810,5,1.3122284389572547,-0.43787541432829546,0.9621663418841968,2.2220999999999997,1,2.2220999999999997,6.0,inf
811,0,-1.9575026226268075,-0.46011864627924426,-0.9678592828196289,0.6599999999999999,1,0.6599999999999999,6.0,inf
811,1,-1.9575026226268075,-0.46011864627924426,-0.9678592828196289,0.6599999999999999,1,0.6599999999999999,6.0,inf
811,2,-1.9575026226268075,-0.46011864627924426,-0.9678592828196289,0.6599999999999999,1,0.6599999999999999,6.0,inf
811,3,-1.9575026226268075,-0.46011864627924426,-0.9678592828196289,0.6599999999999999,1,0.6599999999999999,6.0,inf
811,4,-1.9575026226268075,-0.46011864627924426,-0.9678592828196289,0.6599999999999999,1,0.6599999999999999,6.0,inf
811,5,-1.9575026226268075,-0.46011864627924426,-0.9678592828196289,0.6599999999999999,1,0.6599999999999999,6.0,inf
812,0,-1.038789990456404,1.1162905879984029,0.6068051529070881,6.0,0,8.0001,6.0,inf
812,1,-1.038789990456404,1.1162905879984029,0.6068051529070881,6.0,0,8.0001,6.0,inf
812,2,-1.038789990456404,1.1162905879984029,0.6068051529070881,6.0,0,8.0001,6.0,inf
812,3,-1.038789990456404,1.1162905879984029,0.6068051529070881,6.0,0,8.0001,6.0,inf
812,4,-1.038789990456404,1.1162905879984029,0.6068051529070881,6.0,0,8.0001,6.0,inf
812,5,-1.038789990456404,1.1162905879984029,0.6068051529070881,6.0,0,8.0001,6.0,inf
813,0,1.0009419157524915,0.5453159279064025,1.089954393193025,2.4038999999999997,1,2.4038999999999997,6.0,inf
813,1,1.0009419157524915,0.5453159279064025,1.089954393193025,2.4038999999999997,1,2.4038999999999997,6.0,inf
813,2,1.0009419157524915,0.5453159279064025,1.089954393193025,2.4038999999999997,1,2.4038999999999997,6.0,inf
813,3,1.0009419157524915,0.5453159279064025,1.089954393193025,2.4038999999999997,1,2.4038999999999997,6.0,inf
813,4,1.0009419157524915,0.5453159279064025,1.089954393193025,2.4038999999999997,1,2.4038999999999997,6.0,inf
813,5,1.0009419157524915,0.5453159279064025,1.089954393193025,2.4038999999999997,1,2.4038999999999997,6.0,inf
814,0,-1.7115119912173404,0.5229141717513518,-0.9152448989374993,5.895599999999999,1,5.895599999999999,6.0,inf
814,1,-1.7115119912173404,0.5229141717513518,-0.9152448989374993,5.895599999999999,1,5.895599999999999,6.0,inf
814,2,-1.7115119912173404,0.5229141717513518,-0.9152448989374993,5.895599999999999,1,5.895599999999999,6.0,inf
814,3,-1.7115119912173404,0.5229141717513518,-0.9152448989374993,5.895599999999999,1,5.895599999999999,6.0,inf
814,4,-1.7115119912173404,0.5229141717513518,-0.9152448989374993,5.895599999999999,1,5.895599999999999,6.0,inf
814,5,-1.7115119912173404,0.5229141717513518,-0.9152448989374993,5.895599999999999,1,5.895599999999999,6.0,inf
815,0,-1.9365372268302148,0.03273117621223847,0.5576541046650478,1.4267999999999998,1,1.4267999999999998,6.0,inf
815,1,-1.9365372268302148,0.03273117621223847,0.5576541046650478,1.4267999999999998,1,1.4267999999999998,6.0,inf
815,2,-1.9365372268302148,0.03273117621223847,0.5576541046650478,1.4267999999999998,1,1.4267999999999998,6.0,inf
815,3,-1.9365372268302148,0.03273117621223847,0.5576541046650478,1.4267999999999998,1,1.4267999999999998,6.0,inf
815,4,-1.9365372268302148,0.03273117621223847,0.5576541046650478,1.4267999999999998,1,1.4267999999999998,6.0,inf
815,5,-1.9365372268302148,0.03273117621223847,0.5576541046650478,1.4267999999999998,1,1.4267999999999998,6.0,inf
816,0,0.7586038652305828,-1.533692333944104,-0.7471842520188956,0.6446999999999999,1,0.6446999999999999,6.0,inf
816,1,0.7586038652305828,-1.533692333944104,-0.7471842520188956,0.6446999999999999,1,0.6446999999999999,6.0,inf
816,2,0.7586038652305828,-1.533692333944104,-0.7471842520188956,0.6446999999999999,1,0.6446999999999999,6.0,inf
816,3,0.7586038652305828,-1.533692333944104,-0.7471842520188956,0.6446999999999999,1,0.6446999999999999,6.0,inf
816,4,0.7586038652305828,-1.533692333944104,-0.7471842520188956,0.6446999999999999,1,0.6446999999999999,6.0,inf
816,5,0.7586038652305828,-1.533692333944104,-0.7471842520188956,0.6446999999999999,1,0.6446999999999999,6.0,inf
817,0,-0.7709392598780483,-0.519361932137943,0.24215238878955828,1.1154,1,1.1154,6.0,inf
817,1,-0.7709392598780483,-0.519361932137943,0.24215238878955828,1.1154,1,1.1154,6.0,inf
817,2,-0.7709392598780483,-0.519361932137943,0.24215238878955828,1.1154,1,1.1154,6.0,inf
817,3,-0.7709392598780483,-0.519361932137943,0.24215238878955828,1.1154,1,1.1154,6.0,inf
817,4,-0.7709392598780483,-0.519361932137943,0.24215238878955828,1.1154,1,1.1154,6.0,inf
817,5,-0.7709392598780483,-0.519361932137943,0.24215238878955828,1.1154,1,1.1154,6.0,inf
818,0,0.04210721554841848,2.2122249288148197,-0.35053654515004284,3.3101999999999996,1,3.3101999999999996,6.0,inf
818,1,0.04210721554841848,2.2122249288148197,-0.35053654515004284,3.3101999999999996,1,3.3101999999999996,6.0,inf
818,2,0.04210721554841848,2.2122249288148197,-0.35053654515004284,3.3101999999999996,1,3.3101999999999996,6.0,inf
818,3,0.04210721554841848,2.2122249288148197,-0.35053654515004284,3.3101999999999996,1,3.3101999999999996,6.0,inf
818,4,0.04210721554841848,2.2122249288148197,-0.35053654515004284,3.3101999999999996,1,3.3101999999999996,6.0,inf
818,5,0.04210721554841848,2.2122249288148197,-0.35053654515004284,3.3101999999999996,1,3.3101999999999996,6.0,inf
819,0,-0.04356762384788258,1.498301251838472,0.25371550238279916,0.3666,1,0.3666,6.0,inf
819,1,-0.04356762384788258,1.498301251838472,0.25371550238279916,0.3666,1,0.3666,6.0,inf
819,2,-0.04356762384788258,1.498301251838472,0.25371550238279916,0.3666,1,0.3666,6.0,inf
819,3,-0.04356762384788258,1.498301251838472,0.25371550238279916,0.3666,1,0.3666,6.0,inf
819,4,-0.04356762384788258,1.498301251838472,0.25371550238279916,0.3666,1,0.3666,6.0,inf
819,5,-0.04356762384788258,1.498301251838472,0.25371550238279916,0.3666,1,0.3666,6.0,inf
820,0,-0.31715571041603235,0.5016546399251394,-0.6867472140822161,0.042899999999999994,1,0.042899999999999994,6.0,inf
820,1,-0.31715571041603235,0.5016546399251394,-0.6867472140822161,0.042899999999999994,1,0.042899999999999994,6.0,inf
820,2,-0.31715571041603235,0.5016546399251394,-0.6867472140822161,0.042899999999999994,1,0.042899999999999994,6.0,inf
820,3,-0.31715571041603235,0.5016546399251394,-0.6867472140822161,0.042899999999999994,1,0.042899999999999994,6.0,inf
820,4,-0.31715571041603235,0.5016546399251394,-0.6867472140822161,0.042899999999999994,1,0.042899999999999994,6.0,inf
820,5,-0.31715571041603235,0.5016546399251394,-0.6867472140822161,0.042899999999999994,1,0.042899999999999994,6.0,inf
821,0,0.6255019272964154,1.3666772991231806,0.32311236863711346,1.8386999999999998,1,1.8386999999999998,6.0,inf
821,1,0.6255019272964154,1.3666772991231806,0.32311236863711346,1.8386999999999998,1,1.8386999999999998,6.0,inf
821,2,0.6255019272964154,1.3666772991231806,0.32311236863711346,1.8386999999999998,1,1.8386999999999998,6.0,inf
821,3,0.6255019272964154,1.3666772991231806,0.32311236863711346,1.8386999999999998,1,1.8386999999999998,6.0,inf
821,4,0.6255019272964154,1.3666772991231806,0.32311236863711346,1.8386999999999998,1,1.8386999999999998,6.0,inf
821,5,0.6255019272964154,1.3666772991231806,0.32311236863711346,1.8386999999999998,1,1.8386999999999998,6.0,inf
822,0,-0.964030080539018,-0.06354735219947696,1.685799368021452,6.0,0,8.0001,6.0,inf
822,1,-0.964030080539018,-0.06354735219947696,1.685799368021452,6.0,0,8.0001,6.0,inf
822,2,-0.964030080539018,-0.06354735219947696,1.685799368021452,6.0,0,8.0001,6.0,inf
822,3,-0.964030080539018,-0.06354735219947696,1.685799368021452,6.0,0,8.0001,6.0,inf
822,4,-0.964030080539018,-0.06354735219947696,1.685799368021452,6.0,0,8.0001,6.0,inf
822,5,-0.964030080539018,-0.06354735219947696,1.685799368021452,6.0,0,8.0001,6.0,inf
823,0,0.7078130415420786,0.3882724040673846,1.734408302344029,1.7456999999999998,1,1.7456999999999998,6.0,inf
823,1,0.7078130415420786,0.3882724040673846,1.734408302344029,1.7456999999999998,1,1.7456999999999998,6.0,inf
823,2,0.7078130415420786,0.3882724040673846,1.734408302344029,1.7456999999999998,1,1.7456999999999998,6.0,inf
823,3,0.7078130415420786,0.3882724040673846,1.734408302344029,1.7456999999999998,1,1.7456999999999998,6.0,inf
823,4,0.7078130415420786,0.3882724040673846,1.734408302344029,1.7456999999999998,1,1.7456999999999998,6.0,inf
823,5,0.7078130415420786,0.3882724040673846,1.734408302344029,1.7456999999999998,1,1.7456999999999998,6.0,inf
824,0,0.2643082499559171,-0.6069867676148747,-0.2036446559307538,1.8059999999999998,1,1.8059999999999998,6.0,inf
824,1,0.2643082499559171,-0.6069867676148747,-0.2036446559307538,1.8059999999999998,1,1.8059999999999998,6.0,inf
824,2,0.2643082499559171,-0.6069867676148747,-0.2036446559307538,1.8059999999999998,1,1.8059999999999998,6.0,inf
824,3,0.2643082499559171,-0.6069867676148747,-0.2036446559307538,1.8059999999999998,1,1.8059999999999998,6.0,inf
824,4,0.2643082499559171,-0.6069867676148747,-0.2036446559307538,1.8059999999999998,1,1.8059999999999998,6.0,inf
824,5,0.2643082499559171,-0.6069867676148747,-0.2036446559307538,1.8059999999999998,1,1.8059999999999998,6.0,inf
825,0,-0.495336332873745,0.6493679589893362,0.7249076081346112,6.0,0,7.5512999999999995,6.0,inf
825,1,-0.495336332873745,0.6493679589893362,0.7249076081346112,6.0,0,7.5512999999999995,6.0,inf
825,2,-0.495336332873745,0.6493679589893362,0.7249076081346112,6.0,0,7.5512999999999995,6.0,inf
825,3,-0.495336332873745,0.6493679589893362,0.7249076081346112,6.0,0,7.5512999999999995,6.0,inf
825,4,-0.495336332873745,0.6493679589893362,0.7249076081346112,6.0,0,7.5512999999999995,6.0,inf
825,5,-0.495336332873745,0.6493679589893362,0.7249076081346112,6.0,0,7.5512999999999995,6.0,inf
826,0,0.7399737559043237,-1.1724732279633907,-1.3057095720761338,3.3425999999999996,1,3.3425999999999996,6.0,inf
826,1,0.7399737559043237,-1.1724732279633907,-1.3057095720761338,3.3425999999999996,1,3.3425999999999996,6.0,inf
826,2,0.7399737559043237,-1.1724732279633907,-1.3057095720761338,3.3425999999999996,1,3.3425999999999996,6.0,inf
826,3,0.7399737559043237,-1.1724732279633907,-1.3057095720761338,3.3425999999999996,1,3.3425999999999996,6.0,inf
826,4,0.7399737559043237,-1.1724732279633907,-1.3057095720761338,3.3425999999999996,1,3.3425999999999996,6.0,inf
826,5,0.7399737559043237,-1.1724732279633907,-1.3057095720761338,3.3425999999999996,1,3.3425999999999996,6.0,inf
827,0,2.0185347326734053,0.617116797185943,-1.7209537534497965,2.202,1,2.202,6.0,inf
827,1,2.0185347326734053,0.617116797185943,-1.7209537534497965,2.202,1,2.202,6.0,inf
827,2,2.0185347326734053,0.617116797185943,-1.7209537534497965,2.202,1,2.202,6.0,inf
827,3,2.0185347326734053,0.617116797185943,-1.7209537534497965,2.202,1,2.202,6.0,inf
827,4,2.0185347326734053,0.617116797185943,-1.7209537534497965,2.202,1,2.202,6.0,inf
827,5,2.0185347326734053,0.617116797185943,-1.7209537534497965,2.202,1,2.202,6.0,inf
828,0,0.3996045844915684,-1.3114506611301655,-0.8441127123798706,2.8899,1,2.8899,6.0,inf
828,1,0.3996045844915684,-1.3114506611301655,-0.8441127123798706,2.8899,1,2.8899,6.0,inf
828,2,0.3996045844915684,-1.3114506611301655,-0.8441127123798706,2.8899,1,2.8899,6.0,inf
828,3,0.3996045844915684,-1.3114506611301655,-0.8441127123798706,2.8899,1,2.8899,6.0,inf
828,4,0.3996045844915684,-1.3114506611301655,-0.8441127123798706,2.8899,1,2.8899,6.0,inf
828,5,0.3996045844915684,-1.3114506611301655,-0.8441127123798706,2.8899,1,2.8899,6.0,inf
829,0,1.5595645351924803,0.7389886350861181,0.6363702217098985,2.8539,1,2.8539,6.0,inf
829,1,1.5595645351924803,0.7389886350861181,0.6363702217098985,2.8539,1,2.8539,6.0,inf
829,2,1.5595645351924803,0.7389886350861181,0.6363702217098985,2.8539,1,2.8539,6.0,inf
829,3,1.5595645351924803,0.7389886350861181,0.6363702217098985,2.8539,1,2.8539,6.0,inf
829,4,1.5595645351924803,0.7389886350861181,0.6363702217098985,2.8539,1,2.8539,6.0,inf
829,5,1.5595645351924803,0.7389886350861181,0.6363702217098985,2.8539,1,2.8539,6.0,inf
830,0,1.6187598207593297,0.0811727447722525,-0.2272114346493544,2.2611,1,2.2611,6.0,inf
830,1,1.6187598207593297,0.0811727447722525,-0.2272114346493544,2.2611,1,2.2611,6.0,inf
830,2,1.6187598207593297,0.0811727447722525,-0.2272114346493544,2.2611,1,2.2611,6.0,inf
830,3,1.6187598207593297,0.0811727447722525,-0.2272114346493544,2.2611,1,2.2611,6.0,inf
830,4,1.6187598207593297,0.0811727447722525,-0.2272114346493544,2.2611,1,2.2611,6.0,inf
830,5,1.6187598207593297,0.0811727447722525,-0.2272114346493544,2.2611,1,2.2611,6.0,inf
831,0,-0.07426338402303206,0.8120885751256567,1.0570424680344992,2.6969999999999996,1,2.6969999999999996,6.0,inf
831,1,-0.07426338402303206,0.8120885751256567,1.0570424680344992,2.6969999999999996,1,2.6969999999999996,6.0,inf
831,2,-0.07426338402303206,0.8120885751256567,1.0570424680344992,2.6969999999999996,1,2.6969999999999996,6.0,inf
831,3,-0.07426338402303206,0.8120885751256567,1.0570424680344992,2.6969999999999996,1,2.6969999999999996,6.0,inf
831,4,-0.07426338402303206,0.8120885751256567,1.0570424680344992,2.6969999999999996,1,2.6969999999999996,6.0,inf
831,5,-0.07426338402303206,0.8120885751256567,1.0570424680344992,2.6969999999999996,1,2.6969999999999996,6.0,inf
832,0,0.2115491925627452,-0.5241322445194215,0.5410723611848621,1.0545,1,1.0545,6.0,inf
832,1,0.2115491925627452,-0.5241322445194215,0.5410723611848621,1.0545,1,1.0545,6.0,inf
832,2,0.2115491925627452,-0.5241322445194215,0.5410723611848621,1.0545,1,1.0545,6.0,inf
832,3,0.2115491925627452,-0.5241322445194215,0.5410723611848621,1.0545,1,1.0545,6.0,inf
832,4,0.2115491925627452,-0.5241322445194215,0.5410723611848621,1.0545,1,1.0545,6.0,inf
832,5,0.2115491925627452,-0.5241322445194215,0.5410723611848621,1.0545,1,1.0545,6.0,inf
833,0,1.658076939502321,0.10020778273728029,-0.27086325263011013,2.1984,1,2.1984,6.0,inf
833,1,1.658076939502321,0.10020778273728029,-0.27086325263011013,2.1984,1,2.1984,6.0,inf
833,2,1.658076939502321,0.10020778273728029,-0.27086325263011013,2.1984,1,2.1984,6.0,inf
833,3,1.658076939502321,0.10020778273728029,-0.27086325263011013,2.1984,1,2.1984,6.0,inf
833,4,1.658076939502321,0.10020778273728029,-0.27086325263011013,2.1984,1,2.1984,6.0,inf
833,5,1.658076939502321,0.10020778273728029,-0.27086325263011013,2.1984,1,2.1984,6.0,inf
834,0,1.2356986317146772,-0.3541153854128507,-0.3698037795351783,0.1659,1,0.1659,6.0,inf
834,1,1.2356986317146772,-0.3541153854128507,-0.3698037795351783,0.1659,1,0.1659,6.0,inf
834,2,1.2356986317146772,-0.3541153854128507,-0.3698037795351783,0.1659,1,0.1659,6.0,inf
834,3,1.2356986317146772,-0.3541153854128507,-0.3698037795351783,0.1659,1,0.1659,6.0,inf
834,4,1.2356986317146772,-0.3541153854128507,-0.3698037795351783,0.1659,1,0.1659,6.0,inf
834,5,1.2356986317146772,-0.3541153854128507,-0.3698037795351783,0.1659,1,0.1659,6.0,inf
835,0,-0.006145513095888804,0.6900312472217054,1.727897786679351,1.329,1,1.329,6.0,inf
835,1,-0.006145513095888804,0.6900312472217054,1.727897786679351,1.329,1,1.329,6.0,inf
835,2,-0.006145513095888804,0.6900312472217054,1.727897786679351,1.329,1,1.329,6.0,inf
835,3,-0.006145513095888804,0.6900312472217054,1.727897786679351,1.329,1,1.329,6.0,inf
835,4,-0.006145513095888804,0.6900312472217054,1.727897786679351,1.329,1,1.329,6.0,inf
835,5,-0.006145513095888804,0.6900312472217054,1.727897786679351,1.329,1,1.329,6.0,inf
836,0,-2.0290161185554463,-0.5733237928898312,-0.8916212751546708,0.6680999999999999,1,0.6680999999999999,6.0,inf
836,1,-2.0290161185554463,-0.5733237928898312,-0.8916212751546708,0.6680999999999999,1,0.6680999999999999,6.0,inf
836,2,-2.0290161185554463,-0.5733237928898312,-0.8916212751546708,0.6680999999999999,1,0.6680999999999999,6.0,inf
836,3,-2.0290161185554463,-0.5733237928898312,-0.8916212751546708,0.6680999999999999,1,0.6680999999999999,6.0,inf
836,4,-2.0290161185554463,-0.5733237928898312,-0.8916212751546708,0.6680999999999999,1,0.6680999999999999,6.0,inf
836,5,-2.0290161185554463,-0.5733237928898312,-0.8916212751546708,0.6680999999999999,1,0.6680999999999999,6.0,inf
837,0,-0.19367428228863104,-1.2864031363065354,0.3834211727615863,0.6291,1,0.6291,6.0,inf
837,1,-0.19367428228863104,-1.2864031363065354,0.3834211727615863,0.6291,1,0.6291,6.0,inf
837,2,-0.19367428228863104,-1.2864031363065354,0.3834211727615863,0.6291,1,0.6291,6.0,inf
837,3,-0.19367428228863104,-1.2864031363065354,0.3834211727615863,0.6291,1,0.6291,6.0,inf
837,4,-0.19367428228863104,-1.2864031363065354,0.3834211727615863,0.6291,1,0.6291,6.0,inf
837,5,-0.19367428228863104,-1.2864031363065354,0.3834211727615863,0.6291,1,0.6291,6.0,inf
838,0,-0.13646744591791235,0.5380593337707228,-1.1551855688010717,4.0790999999999995,1,4.0790999999999995,6.0,inf
838,1,-0.13646744591791235,0.5380593337707228,-1.1551855688010717,4.0790999999999995,1,4.0790999999999995,6.0,inf
838,2,-0.13646744591791235,0.5380593337707228,-1.1551855688010717,4.0790999999999995,1,4.0790999999999995,6.0,inf
838,3,-0.13646744591791235,0.5380593337707228,-1.1551855688010717,4.0790999999999995,1,4.0790999999999995,6.0,inf
838,4,-0.13646744591791235,0.5380593337707228,-1.1551855688010717,4.0790999999999995,1,4.0790999999999995,6.0,inf
838,5,-0.13646744591791235,0.5380593337707228,-1.1551855688010717,4.0790999999999995,1,4.0790999999999995,6.0,inf
839,0,-1.8742134296462316,-0.22267827123073125,-0.4529455716725051,3.0938999999999997,1,3.0938999999999997,6.0,inf
839,1,-1.8742134296462316,-0.22267827123073125,-0.4529455716725051,3.0938999999999997,1,3.0938999999999997,6.0,inf
839,2,-1.8742134296462316,-0.22267827123073125,-0.4529455716725051,3.0938999999999997,1,3.0938999999999997,6.0,inf
839,3,-1.8742134296462316,-0.22267827123073125,-0.4529455716725051,3.0938999999999997,1,3.0938999999999997,6.0,inf
839,4,-1.8742134296462316,-0.22267827123073125,-0.4529455716725051,3.0938999999999997,1,3.0938999999999997,6.0,inf
839,5,-1.8742134296462316,-0.22267827123073125,-0.4529455716725051,3.0938999999999997,1,3.0938999999999997,6.0,inf
840,0,-0.7290324243717071,0.17494451923572613,-2.080826492079979,3.9957,1,3.9957,6.0,inf
840,1,-0.7290324243717071,0.17494451923572613,-2.080826492079979,3.9957,1,3.9957,6.0,inf
840,2,-0.7290324243717071,0.17494451923572613,-2.080826492079979,3.9957,1,3.9957,6.0,inf
840,3,-0.7290324243717071,0.17494451923572613,-2.080826492079979,3.9957,1,3.9957,6.0,inf
840,4,-0.7290324243717071,0.17494451923572613,-2.080826492079979,3.9957,1,3.9957,6.0,inf
840,5,-0.7290324243717071,0.17494451923572613,-2.080826492079979,3.9957,1,3.9957,6.0,inf
841,0,0.14578668038225587,0.2038863161823465,0.08323552868710747,2.4080999999999997,1,2.4080999999999997,6.0,inf
841,1,0.14578668038225587,0.2038863161823465,0.08323552868710747,2.4080999999999997,1,2.4080999999999997,6.0,inf
841,2,0.14578668038225587,0.2038863161823465,0.08323552868710747,2.4080999999999997,1,2.4080999999999997,6.0,inf
841,3,0.14578668038225587,0.2038863161823465,0.08323552868710747,2.4080999999999997,1,2.4080999999999997,6.0,inf
841,4,0.14578668038225587,0.2038863161823465,0.08323552868710747,2.4080999999999997,1,2.4080999999999997,6.0,inf
841,5,0.14578668038225587,0.2038863161823465,0.08323552868710747,2.4080999999999997,1,2.4080999999999997,6.0,inf
842,0,1.409871282225094,-0.6629428898858779,0.6054298513717705,2.025,1,2.025,6.0,inf
842,1,1.409871282225094,-0.6629428898858779,0.6054298513717705,2.025,1,2.025,6.0,inf
842,2,1.409871282225094,-0.6629428898858779,0.6054298513717705,2.025,1,2.025,6.0,inf
842,3,1.409871282225094,-0.6629428898858779,0.6054298513717705,2.025,1,2.025,6.0,inf
842,4,1.409871282225094,-0.6629428898858779,0.6054298513717705,2.025,1,2.025,6.0,inf
842,5,1.409871282225094,-0.6629428898858779,0.6054298513717705,2.025,1,2.025,6.0,inf
843,0,0.2943986434583689,1.6304518159414134,-0.5526210531280965,4.632,1,4.632,6.0,inf
843,1,0.2943986434583689,1.6304518159414134,-0.5526210531280965,4.632,1,4.632,6.0,inf
843,2,0.2943986434583689,1.6304518159414134,-0.5526210531280965,4.632,1,4.632,6.0,inf
843,3,0.2943986434583689,1.6304518159414134,-0.5526210531280965,4.632,1,4.632,6.0,inf
843,4,0.2943986434583689,1.6304518159414134,-0.5526210531280965,4.632,1,4.632,6.0,inf
843,5,0.2943986434583689,1.6304518159414134,-0.5526210531280965,4.632,1,4.632,6.0,inf
844,0,1.6827464146122189,0.745667379527394,1.543677201572295,2.1801,1,2.1801,6.0,inf
844,1,1.6827464146122189,0.745667379527394,1.543677201572295,2.1801,1,2.1801,6.0,inf
844,2,1.6827464146122189,0.745667379527394,1.543677201572295,2.1801,1,2.1801,6.0,inf
844,3,1.6827464146122189,0.745667379527394,1.543677201572295,2.1801,1,2.1801,6.0,inf
844,4,1.6827464146122189,0.745667379527394,1.543677201572295,2.1801,1,2.1801,6.0,inf
844,5,1.6827464146122189,0.745667379527394,1.543677201572295,2.1801,1,2.1801,6.0,inf
845,0,0.3080890040368653,0.4685886384116523,0.28328058691497915,1.5818999999999999,1,1.5818999999999999,6.0,inf
845,1,0.3080890040368653,0.4685886384116523,0.28328058691497915,1.5818999999999999,1,1.5818999999999999,6.0,inf
845,2,0.3080890040368653,0.4685886384116523,0.28328058691497915,1.5818999999999999,1,1.5818999999999999,6.0,inf
845,3,0.3080890040368653,0.4685886384116523,0.28328058691497915,1.5818999999999999,1,1.5818999999999999,6.0,inf
845,4,0.3080890040368653,0.4685886384116523,0.28328058691497915,1.5818999999999999,1,1.5818999999999999,6.0,inf
845,5,0.3080890040368653,0.4685886384116523,0.28328058691497915,1.5818999999999999,1,1.5818999999999999,6.0,inf
846,0,-0.5604760799255579,1.0992385125318103,-0.7264757434566723,5.764499999999999,1,5.764499999999999,6.0,inf
846,1,-0.5604760799255579,1.0992385125318103,-0.7264757434566723,5.764499999999999,1,5.764499999999999,6.0,inf
846,2,-0.5604760799255579,1.0992385125318103,-0.7264757434566723,5.764499999999999,1,5.764499999999999,6.0,inf
846,3,-0.5604760799255579,1.0992385125318103,-0.7264757434566723,5.764499999999999,1,5.764499999999999,6.0,inf
846,4,-0.5604760799255579,1.0992385125318103,-0.7264757434566723,5.764499999999999,1,5.764499999999999,6.0,inf
846,5,-0.5604760799255579,1.0992385125318103,-0.7264757434566723,5.764499999999999,1,5.764499999999999,6.0,inf
847,0,-0.06413189012098658,-0.48975502192101755,-1.1025365912105838,5.1681,1,5.1681,6.0,inf
847,1,-0.06413189012098658,-0.48975502192101755,-1.1025365912105838,5.1681,1,5.1681,6.0,inf
847,2,-0.06413189012098658,-0.48975502192101755,-1.1025365912105838,5.1681,1,5.1681,6.0,inf
847,3,-0.06413189012098658,-0.48975502192101755,-1.1025365912105838,5.1681,1,5.1681,6.0,inf
847,4,-0.06413189012098658,-0.48975502192101755,-1.1025365912105838,5.1681,1,5.1681,6.0,inf
847,5,-0.06413189012098658,-0.48975502192101755,-1.1025365912105838,5.1681,1,5.1681,6.0,inf
848,0,-0.4128934278365891,0.511456877134832,1.3144530195589916,6.0,0,7.988999999999999,6.0,inf
848,1,-0.4128934278365891,0.511456877134832,1.3144530195589916,6.0,0,7.988999999999999,6.0,inf
848,2,-0.4128934278365891,0.511456877134832,1.3144530195589916,6.0,0,7.988999999999999,6.0,inf
848,3,-0.4128934278365891,0.511456877134832,1.3144530195589916,6.0,0,7.988999999999999,6.0,inf
848,4,-0.4128934278365891,0.511456877134832,1.3144530195589916,6.0,0,7.988999999999999,6.0,inf
848,5,-0.4128934278365891,0.511456877134832,1.3144530195589916,6.0,0,7.988999999999999,6.0,inf
849,0,1.4751826935659618,0.16070873239246022,0.2934511923994444,0.12119999999999999,1,0.12119999999999999,6.0,inf
849,1,1.4751826935659618,0.16070873239246022,0.2934511923994444,0.12119999999999999,1,0.12119999999999999,6.0,inf
849,2,1.4751826935659618,0.16070873239246022,0.2934511923994444,0.12119999999999999,1,0.12119999999999999,6.0,inf
849,3,1.4751826935659618,0.16070873239246022,0.2934511923994444,0.12119999999999999,1,0.12119999999999999,6.0,inf
849,4,1.4751826935659618,0.16070873239246022,0.2934511923994444,0.12119999999999999,1,0.12119999999999999,6.0,inf
849,5,1.4751826935659618,0.16070873239246022,0.2934511923994444,0.12119999999999999,1,0.12119999999999999,6.0,inf
850,0,-0.49360158856970027,-0.5831444388431162,1.5456107524052156,1.5743999999999998,1,1.5743999999999998,6.0,inf
850,1,-0.49360158856970027,-0.5831444388431162,1.5456107524052156,1.5743999999999998,1,1.5743999999999998,6.0,inf
850,2,-0.49360158856970027,-0.5831444388431162,1.5456107524052156,1.5743999999999998,1,1.5743999999999998,6.0,inf
850,3,-0.49360158856970027,-0.5831444388431162,1.5456107524052156,1.5743999999999998,1,1.5743999999999998,6.0,inf
850,4,-0.49360158856970027,-0.5831444388431162,1.5456107524052156,1.5743999999999998,1,1.5743999999999998,6.0,inf
850,5,-0.49360158856970027,-0.5831444388431162,1.5456107524052156,1.5743999999999998,1,1.5743999999999998,6.0,inf
851,0,1.0209181484393675,0.8510824277959737,-0.10176218226628968,3.8870999999999998,1,3.8870999999999998,6.0,inf
851,1,1.0209181484393675,0.8510824277959737,-0.10176218226628968,3.8870999999999998,1,3.8870999999999998,6.0,inf
851,2,1.0209181484393675,0.8510824277959737,-0.10176218226628968,3.8870999999999998,1,3.8870999999999998,6.0,inf
851,3,1.0209181484393675,0.8510824277959737,-0.10176218226628968,3.8870999999999998,1,3.8870999999999998,6.0,inf
851,4,1.0209181484393675,0.8510824277959737,-0.10176218226628968,3.8870999999999998,1,3.8870999999999998,6.0,inf
851,5,1.0209181484393675,0.8510824277959737,-0.10176218226628968,3.8870999999999998,1,3.8870999999999998,6.0,inf
852,0,0.3318013908596242,0.6904820768070337,1.2889370529531559,4.3011,1,4.3011,6.0,inf
852,1,0.3318013908596242,0.6904820768070337,1.2889370529531559,4.3011,1,4.3011,6.0,inf
852,2,0.3318013908596242,0.6904820768070337,1.2889370529531559,4.3011,1,4.3011,6.0,inf
852,3,0.3318013908596242,0.6904820768070337,1.2889370529531559,4.3011,1,4.3011,6.0,inf
852,4,0.3318013908596242,0.6904820768070337,1.2889370529531559,4.3011,1,4.3011,6.0,inf
852,5,0.3318013908596242,0.6904820768070337,1.2889370529531559,4.3011,1,4.3011,6.0,inf
853,0,-0.8718373690572742,-2.5857176226319787,0.3936477733426342,1.0893,1,1.0893,6.0,inf
853,1,-0.8718373690572742,-2.5857176226319787,0.3936477733426342,1.0893,1,1.0893,6.0,inf
853,2,-0.8718373690572742,-2.5857176226319787,0.3936477733426342,1.0893,1,1.0893,6.0,inf
853,3,-0.8718373690572742,-2.5857176226319787,0.3936477733426342,1.0893,1,1.0893,6.0,inf
853,4,-0.8718373690572742,-2.5857176226319787,0.3936477733426342,1.0893,1,1.0893,6.0,inf
853,5,-0.8718373690572742,-2.5857176226319787,0.3936477733426342,1.0893,1,1.0893,6.0,inf
854,0,0.856853941190524,-1.2862567462445673,1.2444895172901687,1.7646,1,1.7646,6.0,inf
854,1,0.856853941190524,-1.2862567462445673,1.2444895172901687,1.7646,1,1.7646,6.0,inf
854,2,0.856853941190524,-1.2862567462445673,1.2444895172901687,1.7646,1,1.7646,6.0,inf
854,3,0.856853941190524,-1.2862567462445673,1.2444895172901687,1.7646,1,1.7646,6.0,inf
854,4,0.856853941190524,-1.2862567462445673,1.2444895172901687,1.7646,1,1.7646,6.0,inf
854,5,0.856853941190524,-1.2862567462445673,1.2444895172901687,1.7646,1,1.7646,6.0,inf
855,0,-1.0112839976223038,0.9996694392021677,-0.09249287811057916,5.6103,1,5.6103,6.0,inf
855,1,-1.0112839976223038,0.9996694392021677,-0.09249287811057916,5.6103,1,5.6103,6.0,inf
855,2,-1.0112839976223038,0.9996694392021677,-0.09249287811057916,5.6103,1,5.6103,6.0,inf
855,3,-1.0112839976223038,0.9996694392021677,-0.09249287811057916,5.6103,1,5.6103,6.0,inf
855,4,-1.0112839976223038,0.9996694392021677,-0.09249287811057916,5.6103,1,5.6103,6.0,inf
855,5,-1.0112839976223038,0.9996694392021677,-0.09249287811057916,5.6103,1,5.6103,6.0,inf
856,0,-0.027289666093108227,0.0888186376664888,-0.877388219257942,0.6183,1,0.6183,6.0,inf
856,1,-0.027289666093108227,0.0888186376664888,-0.877388219257942,0.6183,1,0.6183,6.0,inf
856,2,-0.027289666093108227,0.0888186376664888,-0.877388219257942,0.6183,1,0.6183,6.0,inf
856,3,-0.027289666093108227,0.0888186376664888,-0.877388219257942,0.6183,1,0.6183,6.0,inf
856,4,-0.027289666093108227,0.0888186376664888,-0.877388219257942,0.6183,1,0.6183,6.0,inf
856,5,-0.027289666093108227,0.0888186376664888,-0.877388219257942,0.6183,1,0.6183,6.0,inf
857,0,-0.11003953638038048,-0.8678406992403359,0.049779983596073246,1.9124999999999999,1,1.9124999999999999,6.0,inf
857,1,-0.11003953638038048,-0.8678406992403359,0.049779983596073246,1.9124999999999999,1,1.9124999999999999,6.0,inf
857,2,-0.11003953638038048,-0.8678406992403359,0.049779983596073246,1.9124999999999999,1,1.9124999999999999,6.0,inf
857,3,-0.11003953638038048,-0.8678406992403359,0.049779983596073246,1.9124999999999999,1,1.9124999999999999,6.0,inf
857,4,-0.11003953638038048,-0.8678406992403359,0.049779983596073246,1.9124999999999999,1,1.9124999999999999,6.0,inf
857,5,-0.11003953638038048,-0.8678406992403359,0.049779983596073246,1.9124999999999999,1,1.9124999999999999,6.0,inf
858,0,2.778522353720606,-0.12061329784698797,2.1102814197960864,2.0435999999999996,1,2.0435999999999996,6.0,inf
858,1,2.778522353720606,-0.12061329784698797,2.1102814197960864,2.0435999999999996,1,2.0435999999999996,6.0,inf
858,2,2.778522353720606,-0.12061329784698797,2.1102814197960864,2.0435999999999996,1,2.0435999999999996,6.0,inf
858,3,2.778522353720606,-0.12061329784698797,2.1102814197960864,2.0435999999999996,1,2.0435999999999996,6.0,inf
858,4,2.778522353720606,-0.12061329784698797,2.1102814197960864,2.0435999999999996,1,2.0435999999999996,6.0,inf
858,5,2.778522353720606,-0.12061329784698797,2.1102814197960864,2.0435999999999996,1,2.0435999999999996,6.0,inf
859,0,-0.2752505075435854,-0.5823057420976203,0.8075231270957067,1.4625,1,1.4625,6.0,inf
859,1,-0.2752505075435854,-0.5823057420976203,0.8075231270957067,1.4625,1,1.4625,6.0,inf
859,2,-0.2752505075435854,-0.5823057420976203,0.8075231270957067,1.4625,1,1.4625,6.0,inf
859,3,-0.2752505075435854,-0.5823057420976203,0.8075231270957067,1.4625,1,1.4625,6.0,inf
859,4,-0.2752505075435854,-0.5823057420976203,0.8075231270957067,1.4625,1,1.4625,6.0,inf
859,5,-0.2752505075435854,-0.5823057420976203,0.8075231270957067,1.4625,1,1.4625,6.0,inf
860,0,0.02860457926069937,-1.625234154009641,0.23801854553047117,0.7709999999999999,1,0.7709999999999999,6.0,inf
860,1,0.02860457926069937,-1.625234154009641,0.23801854553047117,0.7709999999999999,1,0.7709999999999999,6.0,inf
860,2,0.02860457926069937,-1.625234154009641,0.23801854553047117,0.7709999999999999,1,0.7709999999999999,6.0,inf
860,3,0.02860457926069937,-1.625234154009641,0.23801854553047117,0.7709999999999999,1,0.7709999999999999,6.0,inf
860,4,0.02860457926069937,-1.625234154009641,0.23801854553047117,0.7709999999999999,1,0.7709999999999999,6.0,inf
860,5,0.02860457926069937,-1.625234154009641,0.23801854553047117,0.7709999999999999,1,0.7709999999999999,6.0,inf
861,0,0.25267044039447806,-1.963798147411615,0.019801483639541227,1.8080999999999998,1,1.8080999999999998,6.0,inf
861,1,0.25267044039447806,-1.963798147411615,0.019801483639541227,1.8080999999999998,1,1.8080999999999998,6.0,inf
861,2,0.25267044039447806,-1.963798147411615,0.019801483639541227,1.8080999999999998,1,1.8080999999999998,6.0,inf
861,3,0.25267044039447806,-1.963798147411615,0.019801483639541227,1.8080999999999998,1,1.8080999999999998,6.0,inf
861,4,0.25267044039447806,-1.963798147411615,0.019801483639541227,1.8080999999999998,1,1.8080999999999998,6.0,inf
861,5,0.25267044039447806,-1.963798147411615,0.019801483639541227,1.8080999999999998,1,1.8080999999999998,6.0,inf
862,0,-0.19210648453258908,0.0873965658818255,2.346491779116826,0.1434,1,0.1434,6.0,inf
862,1,-0.19210648453258908,0.0873965658818255,2.346491779116826,0.1434,1,0.1434,6.0,inf
862,2,-0.19210648453258908,0.0873965658818255,2.346491779116826,0.1434,1,0.1434,6.0,inf
862,3,-0.19210648453258908,0.0873965658818255,2.346491779116826,0.1434,1,0.1434,6.0,inf
862,4,-0.19210648453258908,0.0873965658818255,2.346491779116826,0.1434,1,0.1434,6.0,inf
862,5,-0.19210648453258908,0.0873965658818255,2.346491779116826,0.1434,1,0.1434,6.0,inf
863,0,-1.2365200157708687,1.4050373860131673,0.15563843644364636,1.7675999999999998,1,1.7675999999999998,6.0,inf
863,1,-1.2365200157708687,1.4050373860131673,0.15563843644364636,1.7675999999999998,1,1.7675999999999998,6.0,inf
863,2,-1.2365200157708687,1.4050373860131673,0.15563843644364636,1.7675999999999998,1,1.7675999999999998,6.0,inf
863,3,-1.2365200157708687,1.4050373860131673,0.15563843644364636,1.7675999999999998,1,1.7675999999999998,6.0,inf
863,4,-1.2365200157708687,1.4050373860131673,0.15563843644364636,1.7675999999999998,1,1.7675999999999998,6.0,inf
863,5,-1.2365200157708687,1.4050373860131673,0.15563843644364636,1.7675999999999998,1,1.7675999999999998,6.0,inf
864,0,0.016064591794615158,1.999518907345027,0.3075758259595804,4.222799999999999,1,4.222799999999999,6.0,inf
864,1,0.016064591794615158,1.999518907345027,0.3075758259595804,4.222799999999999,1,4.222799999999999,6.0,inf
864,2,0.016064591794615158,1.999518907345027,0.3075758259595804,4.222799999999999,1,4.222799999999999,6.0,inf
864,3,0.016064591794615158,1.999518907345027,0.3075758259595804,4.222799999999999,1,4.222799999999999,6.0,inf
864,4,0.016064591794615158,1.999518907345027,0.3075758259595804,4.222799999999999,1,4.222799999999999,6.0,inf
864,5,0.016064591794615158,1.999518907345027,0.3075758259595804,4.222799999999999,1,4.222799999999999,6.0,inf
865,0,-0.09801001238240589,-1.1576794057390032,-0.15091608510875829,1.5800999999999998,1,1.5800999999999998,6.0,inf
865,1,-0.09801001238240589,-1.1576794057390032,-0.15091608510875829,1.5800999999999998,1,1.5800999999999998,6.0,inf
865,2,-0.09801001238240589,-1.1576794057390032,-0.15091608510875829,1.5800999999999998,1,1.5800999999999998,6.0,inf
865,3,-0.09801001238240589,-1.1576794057390032,-0.15091608510875829,1.5800999999999998,1,1.5800999999999998,6.0,inf
865,4,-0.09801001238240589,-1.1576794057390032,-0.15091608510875829,1.5800999999999998,1,1.5800999999999998,6.0,inf
865,5,-0.09801001238240589,-1.1576794057390032,-0.15091608510875829,1.5800999999999998,1,1.5800999999999998,6.0,inf
866,0,-0.6751662703854512,-0.002897367846741112,-0.6182922351992431,1.4546999999999999,1,1.4546999999999999,6.0,inf
866,1,-0.6751662703854512,-0.002897367846741112,-0.6182922351992431,1.4546999999999999,1,1.4546999999999999,6.0,inf
866,2,-0.6751662703854512,-0.002897367846741112,-0.6182922351992431,1.4546999999999999,1,1.4546999999999999,6.0,inf
866,3,-0.6751662703854512,-0.002897367846741112,-0.6182922351992431,1.4546999999999999,1,1.4546999999999999,6.0,inf
866,4,-0.6751662703854512,-0.002897367846741112,-0.6182922351992431,1.4546999999999999,1,1.4546999999999999,6.0,inf
866,5,-0.6751662703854512,-0.002897367846741112,-0.6182922351992431,1.4546999999999999,1,1.4546999999999999,6.0,inf
867,0,1.2458211022965928,-0.8433405680825385,0.2411201612563175,1.7871,1,1.7871,6.0,inf
867,1,1.2458211022965928,-0.8433405680825385,0.2411201612563175,1.7871,1,1.7871,6.0,inf
867,2,1.2458211022965928,-0.8433405680825385,0.2411201612563175,1.7871,1,1.7871,6.0,inf
867,3,1.2458211022965928,-0.8433405680825385,0.2411201612563175,1.7871,1,1.7871,6.0,inf
867,4,1.2458211022965928,-0.8433405680825385,0.2411201612563175,1.7871,1,1.7871,6.0,inf
867,5,1.2458211022965928,-0.8433405680825385,0.2411201612563175,1.7871,1,1.7871,6.0,inf
868,0,-0.39068012343322894,-0.14957364936416345,0.7208699576011294,2.4707999999999997,1,2.4707999999999997,6.0,inf
868,1,-0.39068012343322894,-0.14957364936416345,0.7208699576011294,2.4707999999999997,1,2.4707999999999997,6.0,inf
868,2,-0.39068012343322894,-0.14957364936416345,0.7208699576011294,2.4707999999999997,1,2.4707999999999997,6.0,inf
868,3,-0.39068012343322894,-0.14957364936416345,0.7208699576011294,2.4707999999999997,1,2.4707999999999997,6.0,inf
868,4,-0.39068012343322894,-0.14957364936416345,0.7208699576011294,2.4707999999999997,1,2.4707999999999997,6.0,inf
868,5,-0.39068012343322894,-0.14957364936416345,0.7208699576011294,2.4707999999999997,1,2.4707999999999997,6.0,inf
869,0,-0.30406592276757954,1.1216613150240882,0.06005701986084274,1.5881999999999998,1,1.5881999999999998,6.0,inf
869,1,-0.30406592276757954,1.1216613150240882,0.06005701986084274,1.5881999999999998,1,1.5881999999999998,6.0,inf
869,2,-0.30406592276757954,1.1216613150240882,0.06005701986084274,1.5881999999999998,1,1.5881999999999998,6.0,inf
869,3,-0.30406592276757954,1.1216613150240882,0.06005701986084274,1.5881999999999998,1,1.5881999999999998,6.0,inf
869,4,-0.30406592276757954,1.1216613150240882,0.06005701986084274,1.5881999999999998,1,1.5881999999999998,6.0,inf
869,5,-0.30406592276757954,1.1216613150240882,0.06005701986084274,1.5881999999999998,1,1.5881999999999998,6.0,inf
870,0,-0.270173466206834,0.3577763703275289,0.5635924839172952,3.1826999999999996,1,3.1826999999999996,6.0,inf
870,1,-0.270173466206834,0.3577763703275289,0.5635924839172952,3.1826999999999996,1,3.1826999999999996,6.0,inf
870,2,-0.270173466206834,0.3577763703275289,0.5635924839172952,3.1826999999999996,1,3.1826999999999996,6.0,inf
870,3,-0.270173466206834,0.3577763703275289,0.5635924839172952,3.1826999999999996,1,3.1826999999999996,6.0,inf
870,4,-0.270173466206834,0.3577763703275289,0.5635924839172952,3.1826999999999996,1,3.1826999999999996,6.0,inf
870,5,-0.270173466206834,0.3577763703275289,0.5635924839172952,3.1826999999999996,1,3.1826999999999996,6.0,inf
871,0,-0.9987879797153603,-0.5583843789861942,0.28317011805494186,2.7119999999999997,1,2.7119999999999997,6.0,inf
871,1,-0.9987879797153603,-0.5583843789861942,0.28317011805494186,2.7119999999999997,1,2.7119999999999997,6.0,inf
871,2,-0.9987879797153603,-0.5583843789861942,0.28317011805494186,2.7119999999999997,1,2.7119999999999997,6.0,inf
871,3,-0.9987879797153603,-0.5583843789861942,0.28317011805494186,2.7119999999999997,1,2.7119999999999997,6.0,inf
871,4,-0.9987879797153603,-0.5583843789861942,0.28317011805494186,2.7119999999999997,1,2.7119999999999997,6.0,inf
871,5,-0.9987879797153603,-0.5583843789861942,0.28317011805494186,2.7119999999999997,1,2.7119999999999997,6.0,inf
872,0,-0.5535425101341178,0.578726182025174,-0.5895948042931295,6.0,0,7.9971,6.0,inf
872,1,-0.5535425101341178,0.578726182025174,-0.5895948042931295,6.0,0,7.9971,6.0,inf
872,2,-0.5535425101341178,0.578726182025174,-0.5895948042931295,6.0,0,7.9971,6.0,inf
872,3,-0.5535425101341178,0.578726182025174,-0.5895948042931295,6.0,0,7.9971,6.0,inf
872,4,-0.5535425101341178,0.578726182025174,-0.5895948042931295,6.0,0,7.9971,6.0,inf
872,5,-0.5535425101341178,0.578726182025174,-0.5895948042931295,6.0,0,7.9971,6.0,inf
873,0,0.6235531256884986,1.1179828095444235,-2.6260778763623076,4.039499999999999,1,4.039499999999999,6.0,inf
873,1,0.6235531256884986,1.1179828095444235,-2.6260778763623076,4.039499999999999,1,4.039499999999999,6.0,inf
873,2,0.6235531256884986,1.1179828095444235,-2.6260778763623076,4.039499999999999,1,4.039499999999999,6.0,inf
873,3,0.6235531256884986,1.1179828095444235,-2.6260778763623076,4.039499999999999,1,4.039499999999999,6.0,inf
873,4,0.6235531256884986,1.1179828095444235,-2.6260778763623076,4.039499999999999,1,4.039499999999999,6.0,inf
873,5,0.6235531256884986,1.1179828095444235,-2.6260778763623076,4.039499999999999,1,4.039499999999999,6.0,inf
874,0,-0.26837796799685354,0.34921250347008526,1.4824991565270687,1.4463,1,1.4463,6.0,inf
874,1,-0.26837796799685354,0.34921250347008526,1.4824991565270687,1.4463,1,1.4463,6.0,inf
874,2,-0.26837796799685354,0.34921250347008526,1.4824991565270687,1.4463,1,1.4463,6.0,inf
874,3,-0.26837796799685354,0.34921250347008526,1.4824991565270687,1.4463,1,1.4463,6.0,inf
874,4,-0.26837796799685354,0.34921250347008526,1.4824991565270687,1.4463,1,1.4463,6.0,inf
874,5,-0.26837796799685354,0.34921250347008526,1.4824991565270687,1.4463,1,1.4463,6.0,inf
875,0,-0.35557231506024417,0.7671770937725407,-1.891084441893817,0.0987,1,0.0987,6.0,inf
875,1,-0.35557231506024417,0.7671770937725407,-1.891084441893817,0.0987,1,0.0987,6.0,inf
875,2,-0.35557231506024417,0.7671770937725407,-1.891084441893817,0.0987,1,0.0987,6.0,inf
875,3,-0.35557231506024417,0.7671770937725407,-1.891084441893817,0.0987,1,0.0987,6.0,inf
875,4,-0.35557231506024417,0.7671770937725407,-1.891084441893817,0.0987,1,0.0987,6.0,inf
875,5,-0.35557231506024417,0.7671770937725407,-1.891084441893817,0.0987,1,0.0987,6.0,inf
876,0,0.41402509996798076,-0.966055430416893,-1.059378420497998,0.6423,1,0.6423,6.0,inf
876,1,0.41402509996798076,-0.966055430416893,-1.059378420497998,0.6423,1,0.6423,6.0,inf
876,2,0.41402509996798076,-0.966055430416893,-1.059378420497998,0.6423,1,0.6423,6.0,inf
876,3,0.41402509996798076,-0.966055430416893,-1.059378420497998,0.6423,1,0.6423,6.0,inf
876,4,0.41402509996798076,-0.966055430416893,-1.059378420497998,0.6423,1,0.6423,6.0,inf
876,5,0.41402509996798076,-0.966055430416893,-1.059378420497998,0.6423,1,0.6423,6.0,inf
877,0,0.1329766465242115,1.1094678441169235,-0.6884864160562418,0.0003,1,0.0003,6.0,inf
877,1,0.1329766465242115,1.1094678441169235,-0.6884864160562418,0.0003,1,0.0003,6.0,inf
877,2,0.1329766465242115,1.1094678441169235,-0.6884864160562418,0.0003,1,0.0003,6.0,inf
877,3,0.1329766465242115,1.1094678441169235,-0.6884864160562418,0.0003,1,0.0003,6.0,inf
877,4,0.1329766465242115,1.1094678441169235,-0.6884864160562418,0.0003,1,0.0003,6.0,inf
877,5,0.1329766465242115,1.1094678441169235,-0.6884864160562418,0.0003,1,0.0003,6.0,inf
878,0,0.5745188250227973,0.9343395473236077,0.1321275779981649,1.9010999999999998,1,1.9010999999999998,6.0,inf
878,1,0.5745188250227973,0.9343395473236077,0.1321275779981649,1.9010999999999998,1,1.9010999999999998,6.0,inf
878,2,0.5745188250227973,0.9343395473236077,0.1321275779981649,1.9010999999999998,1,1.9010999999999998,6.0,inf
878,3,0.5745188250227973,0.9343395473236077,0.1321275779981649,1.9010999999999998,1,1.9010999999999998,6.0,inf
878,4,0.5745188250227973,0.9343395473236077,0.1321275779981649,1.9010999999999998,1,1.9010999999999998,6.0,inf
878,5,0.5745188250227973,0.9343395473236077,0.1321275779981649,1.9010999999999998,1,1.9010999999999998,6.0,inf
879,0,-0.3241819381209888,0.963034695661574,0.9007215558261384,4.4091,1,4.4091,6.0,inf
879,1,-0.3241819381209888,0.963034695661574,0.9007215558261384,4.4091,1,4.4091,6.0,inf
879,2,-0.3241819381209888,0.963034695661574,0.9007215558261384,4.4091,1,4.4091,6.0,inf
879,3,-0.3241819381209888,0.963034695661574,0.9007215558261384,4.4091,1,4.4091,6.0,inf
879,4,-0.3241819381209888,0.963034695661574,0.9007215558261384,4.4091,1,4.4091,6.0,inf
879,5,-0.3241819381209888,0.963034695661574,0.9007215558261384,4.4091,1,4.4091,6.0,inf
880,0,-0.04212848073692393,1.1328149688574822,0.25086426306079,6.0,0,8.0001,6.0,inf
880,1,-0.04212848073692393,1.1328149688574822,0.25086426306079,6.0,0,8.0001,6.0,inf
880,2,-0.04212848073692393,1.1328149688574822,0.25086426306079,6.0,0,8.0001,6.0,inf
880,3,-0.04212848073692393,1.1328149688574822,0.25086426306079,6.0,0,8.0001,6.0,inf
880,4,-0.04212848073692393,1.1328149688574822,0.25086426306079,6.0,0,8.0001,6.0,inf
880,5,-0.04212848073692393,1.1328149688574822,0.25086426306079,6.0,0,8.0001,6.0,inf
881,0,0.9195706521004519,1.4027095315287206,-0.366008826218354,5.212199999999999,1,5.212199999999999,6.0,inf
881,1,0.9195706521004519,1.4027095315287206,-0.366008826218354,5.212199999999999,1,5.212199999999999,6.0,inf
881,2,0.9195706521004519,1.4027095315287206,-0.366008826218354,5.212199999999999,1,5.212199999999999,6.0,inf
881,3,0.9195706521004519,1.4027095315287206,-0.366008826218354,5.212199999999999,1,5.212199999999999,6.0,inf
881,4,0.9195706521004519,1.4027095315287206,-0.366008826218354,5.212199999999999,1,5.212199999999999,6.0,inf
881,5,0.9195706521004519,1.4027095315287206,-0.366008826218354,5.212199999999999,1,5.212199999999999,6.0,inf
882,0,0.12667070514304135,2.2692052891409245,-0.456433618798685,5.229299999999999,1,5.229299999999999,6.0,inf
882,1,0.12667070514304135,2.2692052891409245,-0.456433618798685,5.229299999999999,1,5.229299999999999,6.0,inf
882,2,0.12667070514304135,2.2692052891409245,-0.456433618798685,5.229299999999999,1,5.229299999999999,6.0,inf
882,3,0.12667070514304135,2.2692052891409245,-0.456433618798685,5.229299999999999,1,5.229299999999999,6.0,inf
882,4,0.12667070514304135,2.2692052891409245,-0.456433618798685,5.229299999999999,1,5.229299999999999,6.0,inf
882,5,0.12667070514304135,2.2692052891409245,-0.456433618798685,5.229299999999999,1,5.229299999999999,6.0,inf
883,0,-0.4733211372683846,1.4778680577124506,-0.22024677373369048,5.353199999999999,1,5.353199999999999,6.0,inf
883,1,-0.4733211372683846,1.4778680577124506,-0.22024677373369048,5.353199999999999,1,5.353199999999999,6.0,inf
883,2,-0.4733211372683846,1.4778680577124506,-0.22024677373369048,5.353199999999999,1,5.353199999999999,6.0,inf
883,3,-0.4733211372683846,1.4778680577124506,-0.22024677373369048,5.353199999999999,1,5.353199999999999,6.0,inf
883,4,-0.4733211372683846,1.4778680577124506,-0.22024677373369048,5.353199999999999,1,5.353199999999999,6.0,inf
883,5,-0.4733211372683846,1.4778680577124506,-0.22024677373369048,5.353199999999999,1,5.353199999999999,6.0,inf
884,0,-0.8314712530686186,0.32567192688761265,0.9049060798443244,1.6307999999999998,1,1.6307999999999998,6.0,inf
884,1,-0.8314712530686186,0.32567192688761265,0.9049060798443244,1.6307999999999998,1,1.6307999999999998,6.0,inf
884,2,-0.8314712530686186,0.32567192688761265,0.9049060798443244,1.6307999999999998,1,1.6307999999999998,6.0,inf
884,3,-0.8314712530686186,0.32567192688761265,0.9049060798443244,1.6307999999999998,1,1.6307999999999998,6.0,inf
884,4,-0.8314712530686186,0.32567192688761265,0.9049060798443244,1.6307999999999998,1,1.6307999999999998,6.0,inf
884,5,-0.8314712530686186,0.32567192688761265,0.9049060798443244,1.6307999999999998,1,1.6307999999999998,6.0,inf
885,0,-0.06718345650021297,-0.28243696718652567,1.1831549810335993,2.9810999999999996,1,2.9810999999999996,6.0,inf
885,1,-0.06718345650021297,-0.28243696718652567,1.1831549810335993,2.9810999999999996,1,2.9810999999999996,6.0,inf
885,2,-0.06718345650021297,-0.28243696718652567,1.1831549810335993,2.9810999999999996,1,2.9810999999999996,6.0,inf
885,3,-0.06718345650021297,-0.28243696718652567,1.1831549810335993,2.9810999999999996,1,2.9810999999999996,6.0,inf
885,4,-0.06718345650021297,-0.28243696718652567,1.1831549810335993,2.9810999999999996,1,2.9810999999999996,6.0,inf
885,5,-0.06718345650021297,-0.28243696718652567,1.1831549810335993,2.9810999999999996,1,2.9810999999999996,6.0,inf
886,0,0.6314348812119279,-1.397636552618523,-0.21005963954465287,1.2993,1,1.2993,6.0,inf
886,1,0.6314348812119279,-1.397636552618523,-0.21005963954465287,1.2993,1,1.2993,6.0,inf
886,2,0.6314348812119279,-1.397636552618523,-0.21005963954465287,1.2993,1,1.2993,6.0,inf
886,3,0.6314348812119279,-1.397636552618523,-0.21005963954465287,1.2993,1,1.2993,6.0,inf
886,4,0.6314348812119279,-1.397636552618523,-0.21005963954465287,1.2993,1,1.2993,6.0,inf
886,5,0.6314348812119279,-1.397636552618523,-0.21005963954465287,1.2993,1,1.2993,6.0,inf
887,0,0.515405078217707,-0.8230795317778375,0.8327051459748062,3.2415,1,3.2415,6.0,inf
887,1,0.515405078217707,-0.8230795317778375,0.8327051459748062,3.2415,1,3.2415,6.0,inf
887,2,0.515405078217707,-0.8230795317778375,0.8327051459748062,3.2415,1,3.2415,6.0,inf
887,3,0.515405078217707,-0.8230795317778375,0.8327051459748062,3.2415,1,3.2415,6.0,inf
887,4,0.515405078217707,-0.8230795317778375,0.8327051459748062,3.2415,1,3.2415,6.0,inf
887,5,0.515405078217707,-0.8230795317778375,0.8327051459748062,3.2415,1,3.2415,6.0,inf
888,0,-0.0035681095959868366,-0.8268971945546293,0.5467255127963577,5.326199999999999,1,5.326199999999999,6.0,inf
888,1,-0.0035681095959868366,-0.8268971945546293,0.5467255127963577,5.326199999999999,1,5.326199999999999,6.0,inf
888,2,-0.0035681095959868366,-0.8268971945546293,0.5467255127963577,5.326199999999999,1,5.326199999999999,6.0,inf
888,3,-0.0035681095959868366,-0.8268971945546293,0.5467255127963577,5.326199999999999,1,5.326199999999999,6.0,inf
888,4,-0.0035681095959868366,-0.8268971945546293,0.5467255127963577,5.326199999999999,1,5.326199999999999,6.0,inf
888,5,-0.0035681095959868366,-0.8268971945546293,0.5467255127963577,5.326199999999999,1,5.326199999999999,6.0,inf
889,0,-0.29038481478198797,1.2119749774902233,0.051899745789005684,6.0,0,6.3762,6.0,inf
889,1,-0.29038481478198797,1.2119749774902233,0.051899745789005684,6.0,0,6.3762,6.0,inf
889,2,-0.29038481478198797,1.2119749774902233,0.051899745789005684,6.0,0,6.3762,6.0,inf
889,3,-0.29038481478198797,1.2119749774902233,0.051899745789005684,6.0,0,6.3762,6.0,inf
889,4,-0.29038481478198797,1.2119749774902233,0.051899745789005684,6.0,0,6.3762,6.0,inf
889,5,-0.29038481478198797,1.2119749774902233,0.051899745789005684,6.0,0,6.3762,6.0,inf
890,0,1.0307465668171147,0.21735069527778836,0.34892091841056794,3.0782999999999996,1,3.0782999999999996,6.0,inf
890,1,1.0307465668171147,0.21735069527778836,0.34892091841056794,3.0782999999999996,1,3.0782999999999996,6.0,inf
890,2,1.0307465668171147,0.21735069527778836,0.34892091841056794,3.0782999999999996,1,3.0782999999999996,6.0,inf
890,3,1.0307465668171147,0.21735069527778836,0.34892091841056794,3.0782999999999996,1,3.0782999999999996,6.0,inf
890,4,1.0307465668171147,0.21735069527778836,0.34892091841056794,3.0782999999999996,1,3.0782999999999996,6.0,inf
890,5,1.0307465668171147,0.21735069527778836,0.34892091841056794,3.0782999999999996,1,3.0782999999999996,6.0,inf
891,0,1.1467027877944902,-0.251101025510861,1.6149717508552364,1.1478,1,1.1478,6.0,inf
891,1,1.1467027877944902,-0.251101025510861,1.6149717508552364,1.1478,1,1.1478,6.0,inf
891,2,1.1467027877944902,-0.251101025510861,1.6149717508552364,1.1478,1,1.1478,6.0,inf
891,3,1.1467027877944902,-0.251101025510861,1.6149717508552364,1.1478,1,1.1478,6.0,inf
891,4,1.1467027877944902,-0.251101025510861,1.6149717508552364,1.1478,1,1.1478,6.0,inf
891,5,1.1467027877944902,-0.251101025510861,1.6149717508552364,1.1478,1,1.1478,6.0,inf
892,0,-0.19437795409570735,1.4029474205116919,-0.47850132284913616,4.1598,1,4.1598,6.0,inf
892,1,-0.19437795409570735,1.4029474205116919,-0.47850132284913616,4.1598,1,4.1598,6.0,inf
892,2,-0.19437795409570735,1.4029474205116919,-0.47850132284913616,4.1598,1,4.1598,6.0,inf
892,3,-0.19437795409570735,1.4029474205116919,-0.47850132284913616,4.1598,1,4.1598,6.0,inf
892,4,-0.19437795409570735,1.4029474205116919,-0.47850132284913616,4.1598,1,4.1598,6.0,inf
892,5,-0.19437795409570735,1.4029474205116919,-0.47850132284913616,4.1598,1,4.1598,6.0,inf
893,0,-2.294483756624382,0.07004461948301043,-1.4695838918052977,0.8592,1,0.8592,6.0,inf
893,1,-2.294483756624382,0.07004461948301043,-1.4695838918052977,0.8592,1,0.8592,6.0,inf
893,2,-2.294483756624382,0.07004461948301043,-1.4695838918052977,0.8592,1,0.8592,6.0,inf
893,3,-2.294483756624382,0.07004461948301043,-1.4695838918052977,0.8592,1,0.8592,6.0,inf
893,4,-2.294483756624382,0.07004461948301043,-1.4695838918052977,0.8592,1,0.8592,6.0,inf
893,5,-2.294483756624382,0.07004461948301043,-1.4695838918052977,0.8592,1,0.8592,6.0,inf
894,0,-1.3782351499496954,0.04600995116268712,2.2049557252123018,0.3888,1,0.3888,6.0,inf
894,1,-1.3782351499496954,0.04600995116268712,2.2049557252123018,0.3888,1,0.3888,6.0,inf
894,2,-1.3782351499496954,0.04600995116268712,2.2049557252123018,0.3888,1,0.3888,6.0,inf
894,3,-1.3782351499496954,0.04600995116268712,2.2049557252123018,0.3888,1,0.3888,6.0,inf
894,4,-1.3782351499496954,0.04600995116268712,2.2049557252123018,0.3888,1,0.3888,6.0,inf
894,5,-1.3782351499496954,0.04600995116268712,2.2049557252123018,0.3888,1,0.3888,6.0,inf
895,0,-1.1842415243961435,1.416337645694485,-0.8575074461803928,6.0,0,6.9216,6.0,inf
895,1,-1.1842415243961435,1.416337645694485,-0.8575074461803928,6.0,0,6.9216,6.0,inf
895,2,-1.1842415243961435,1.416337645694485,-0.8575074461803928,6.0,0,6.9216,6.0,inf
895,3,-1.1842415243961435,1.416337645694485,-0.8575074461803928,6.0,0,6.9216,6.0,inf
895,4,-1.1842415243961435,1.416337645694485,-0.8575074461803928,6.0,0,6.9216,6.0,inf
895,5,-1.1842415243961435,1.416337645694485,-0.8575074461803928,6.0,0,6.9216,6.0,inf
896,0,-0.9524095544493629,-0.24723853470867937,-0.6759755639939613,0.20759999999999998,1,0.20759999999999998,6.0,inf
896,1,-0.9524095544493629,-0.24723853470867937,-0.6759755639939613,0.20759999999999998,1,0.20759999999999998,6.0,inf
896,2,-0.9524095544493629,-0.24723853470867937,-0.6759755639939613,0.20759999999999998,1,0.20759999999999998,6.0,inf
896,3,-0.9524095544493629,-0.24723853470867937,-0.6759755639939613,0.20759999999999998,1,0.20759999999999998,6.0,inf
896,4,-0.9524095544493629,-0.24723853470867937,-0.6759755639939613,0.20759999999999998,1,0.20759999999999998,6.0,inf
896,5,-0.9524095544493629,-0.24723853470867937,-0.6759755639939613,0.20759999999999998,1,0.20759999999999998,6.0,inf
897,0,-0.1864345066657013,0.4177952694979028,-0.4490631055588292,0.7212,1,0.7212,6.0,inf
897,1,-0.1864345066657013,0.4177952694979028,-0.4490631055588292,0.7212,1,0.7212,6.0,inf
897,2,-0.1864345066657013,0.4177952694979028,-0.4490631055588292,0.7212,1,0.7212,6.0,inf
897,3,-0.1864345066657013,0.4177952694979028,-0.4490631055588292,0.7212,1,0.7212,6.0,inf
897,4,-0.1864345066657013,0.4177952694979028,-0.4490631055588292,0.7212,1,0.7212,6.0,inf
897,5,-0.1864345066657013,0.4177952694979028,-0.4490631055588292,0.7212,1,0.7212,6.0,inf
898,0,0.31696128515780153,-2.7586517005185955,1.3260319689770823,0.35609999999999997,1,0.35609999999999997,6.0,inf
898,1,0.31696128515780153,-2.7586517005185955,1.3260319689770823,0.35609999999999997,1,0.35609999999999997,6.0,inf
898,2,0.31696128515780153,-2.7586517005185955,1.3260319689770823,0.35609999999999997,1,0.35609999999999997,6.0,inf
898,3,0.31696128515780153,-2.7586517005185955,1.3260319689770823,0.35609999999999997,1,0.35609999999999997,6.0,inf
898,4,0.31696128515780153,-2.7586517005185955,1.3260319689770823,0.35609999999999997,1,0.35609999999999997,6.0,inf
898,5,0.31696128515780153,-2.7586517005185955,1.3260319689770823,0.35609999999999997,1,0.35609999999999997,6.0,inf
899,0,0.12626589690995418,2.0377034037870216,-1.4706052669141676,5.3831999999999995,1,5.3831999999999995,6.0,inf
899,1,0.12626589690995418,2.0377034037870216,-1.4706052669141676,5.3831999999999995,1,5.3831999999999995,6.0,inf
899,2,0.12626589690995418,2.0377034037870216,-1.4706052669141676,5.3831999999999995,1,5.3831999999999995,6.0,inf
899,3,0.12626589690995418,2.0377034037870216,-1.4706052669141676,5.3831999999999995,1,5.3831999999999995,6.0,inf
899,4,0.12626589690995418,2.0377034037870216,-1.4706052669141676,5.3831999999999995,1,5.3831999999999995,6.0,inf
899,5,0.12626589690995418,2.0377034037870216,-1.4706052669141676,5.3831999999999995,1,5.3831999999999995,6.0,inf
900,0,-0.27498697435665953,-0.2583867629531696,0.0834115677507642,1.0292999999999999,1,1.0292999999999999,6.0,inf
900,1,-0.27498697435665953,-0.2583867629531696,0.0834115677507642,1.0292999999999999,1,1.0292999999999999,6.0,inf
900,2,-0.27498697435665953,-0.2583867629531696,0.0834115677507642,1.0292999999999999,1,1.0292999999999999,6.0,inf
900,3,-0.27498697435665953,-0.2583867629531696,0.0834115677507642,1.0292999999999999,1,1.0292999999999999,6.0,inf
900,4,-0.27498697435665953,-0.2583867629531696,0.0834115677507642,1.0292999999999999,1,1.0292999999999999,6.0,inf
900,5,-0.27498697435665953,-0.2583867629531696,0.0834115677507642,1.0292999999999999,1,1.0292999999999999,6.0,inf
901,0,-1.6894514133042293,-0.2576827175992342,0.9553254267195347,0.9461999999999999,1,0.9461999999999999,6.0,inf
901,1,-1.6894514133042293,-0.2576827175992342,0.9553254267195347,0.9461999999999999,1,0.9461999999999999,6.0,inf
901,2,-1.6894514133042293,-0.2576827175992342,0.9553254267195347,0.9461999999999999,1,0.9461999999999999,6.0,inf
901,3,-1.6894514133042293,-0.2576827175992342,0.9553254267195347,0.9461999999999999,1,0.9461999999999999,6.0,inf
901,4,-1.6894514133042293,-0.2576827175992342,0.9553254267195347,0.9461999999999999,1,0.9461999999999999,6.0,inf
901,5,-1.6894514133042293,-0.2576827175992342,0.9553254267195347,0.9461999999999999,1,0.9461999999999999,6.0,inf
902,0,1.3844122282559597,0.5686384288031475,1.5533280815553265,2.1258,1,2.1258,6.0,inf
902,1,1.3844122282559597,0.5686384288031475,1.5533280815553265,2.1258,1,2.1258,6.0,inf
902,2,1.3844122282559597,0.5686384288031475,1.5533280815553265,2.1258,1,2.1258,6.0,inf
902,3,1.3844122282559597,0.5686384288031475,1.5533280815553265,2.1258,1,2.1258,6.0,inf
902,4,1.3844122282559597,0.5686384288031475,1.5533280815553265,2.1258,1,2.1258,6.0,inf
902,5,1.3844122282559597,0.5686384288031475,1.5533280815553265,2.1258,1,2.1258,6.0,inf
903,0,-1.2817207400752109,-0.4136363567726829,-0.5610603104287427,5.414999999999999,1,5.414999999999999,6.0,inf
903,1,-1.2817207400752109,-0.4136363567726829,-0.5610603104287427,5.414999999999999,1,5.414999999999999,6.0,inf
903,2,-1.2817207400752109,-0.4136363567726829,-0.5610603104287427,5.414999999999999,1,5.414999999999999,6.0,inf
903,3,-1.2817207400752109,-0.4136363567726829,-0.5610603104287427,5.414999999999999,1,5.414999999999999,6.0,inf
903,4,-1.2817207400752109,-0.4136363567726829,-0.5610603104287427,5.414999999999999,1,5.414999999999999,6.0,inf
903,5,-1.2817207400752109,-0.4136363567726829,-0.5610603104287427,5.414999999999999,1,5.414999999999999,6.0,inf
904,0,-0.0071357292251876675,-0.11735305425668967,-0.3765560438984516,4.2618,1,4.2618,6.0,inf
904,1,-0.0071357292251876675,-0.11735305425668967,-0.3765560438984516,4.2618,1,4.2618,6.0,inf
904,2,-0.0071357292251876675,-0.11735305425668967,-0.3765560438984516,4.2618,1,4.2618,6.0,inf
904,3,-0.0071357292251876675,-0.11735305425668967,-0.3765560438984516,4.2618,1,4.2618,6.0,inf
904,4,-0.0071357292251876675,-0.11735305425668967,-0.3765560438984516,4.2618,1,4.2618,6.0,inf
904,5,-0.0071357292251876675,-0.11735305425668967,-0.3765560438984516,4.2618,1,4.2618,6.0,inf
905,0,0.8371917433349965,-0.925936304034807,-0.05000437111469201,0.8363999999999999,1,0.8363999999999999,6.0,inf
905,1,0.8371917433349965,-0.925936304034807,-0.05000437111469201,0.8363999999999999,1,0.8363999999999999,6.0,inf
905,2,0.8371917433349965,-0.925936304034807,-0.05000437111469201,0.8363999999999999,1,0.8363999999999999,6.0,inf
905,3,0.8371917433349965,-0.925936304034807,-0.05000437111469201,0.8363999999999999,1,0.8363999999999999,6.0,inf
905,4,0.8371917433349965,-0.925936304034807,-0.05000437111469201,0.8363999999999999,1,0.8363999999999999,6.0,inf
905,5,0.8371917433349965,-0.925936304034807,-0.05000437111469201,0.8363999999999999,1,0.8363999999999999,6.0,inf
906,0,-1.0725151283087502,-2.307012356050108,-1.2696383945135565,0.32939999999999997,1,0.32939999999999997,6.0,inf
906,1,-1.0725151283087502,-2.307012356050108,-1.2696383945135565,0.32939999999999997,1,0.32939999999999997,6.0,inf
906,2,-1.0725151283087502,-2.307012356050108,-1.2696383945135565,0.32939999999999997,1,0.32939999999999997,6.0,inf
906,3,-1.0725151283087502,-2.307012356050108,-1.2696383945135565,0.32939999999999997,1,0.32939999999999997,6.0,inf
906,4,-1.0725151283087502,-2.307012356050108,-1.2696383945135565,0.32939999999999997,1,0.32939999999999997,6.0,inf
906,5,-1.0725151283087502,-2.307012356050108,-1.2696383945135565,0.32939999999999997,1,0.32939999999999997,6.0,inf
907,0,-0.8686924001945933,0.7642122411484052,-0.15296882456665428,4.26,1,4.26,6.0,inf
907,1,-0.8686924001945933,0.7642122411484052,-0.15296882456665428,4.26,1,4.26,6.0,inf
907,2,-0.8686924001945933,0.7642122411484052,-0.15296882456665428,4.26,1,4.26,6.0,inf
907,3,-0.8686924001945933,0.7642122411484052,-0.15296882456665428,4.26,1,4.26,6.0,inf
907,4,-0.8686924001945933,0.7642122411484052,-0.15296882456665428,4.26,1,4.26,6.0,inf
907,5,-0.8686924001945933,0.7642122411484052,-0.15296882456665428,4.26,1,4.26,6.0,inf
908,0,1.53898668328509,0.40205604383517507,-0.18641317936050214,1.7022,1,1.7022,6.0,inf
908,1,1.53898668328509,0.40205604383517507,-0.18641317936050214,1.7022,1,1.7022,6.0,inf
908,2,1.53898668328509,0.40205604383517507,-0.18641317936050214,1.7022,1,1.7022,6.0,inf
908,3,1.53898668328509,0.40205604383517507,-0.18641317936050214,1.7022,1,1.7022,6.0,inf
908,4,1.53898668328509,0.40205604383517507,-0.18641317936050214,1.7022,1,1.7022,6.0,inf
908,5,1.53898668328509,0.40205604383517507,-0.18641317936050214,1.7022,1,1.7022,6.0,inf
909,0,-0.8533881702306262,1.3537029702641472,0.043526235091629194,0.42569999999999997,1,0.42569999999999997,6.0,inf
909,1,-0.8533881702306262,1.3537029702641472,0.043526235091629194,0.42569999999999997,1,0.42569999999999997,6.0,inf
909,2,-0.8533881702306262,1.3537029702641472,0.043526235091629194,0.42569999999999997,1,0.42569999999999997,6.0,inf
909,3,-0.8533881702306262,1.3537029702641472,0.043526235091629194,0.42569999999999997,1,0.42569999999999997,6.0,inf
909,4,-0.8533881702306262,1.3537029702641472,0.043526235091629194,0.42569999999999997,1,0.42569999999999997,6.0,inf
909,5,-0.8533881702306262,1.3537029702641472,0.043526235091629194,0.42569999999999997,1,0.42569999999999997,6.0,inf
910,0,0.4700081174555881,-0.7087494509267852,-0.12171632908924299,1.2011999999999998,1,1.2011999999999998,6.0,inf
910,1,0.4700081174555881,-0.7087494509267852,-0.12171632908924299,1.2011999999999998,1,1.2011999999999998,6.0,inf
910,2,0.4700081174555881,-0.7087494509267852,-0.12171632908924299,1.2011999999999998,1,1.2011999999999998,6.0,inf
910,3,0.4700081174555881,-0.7087494509267852,-0.12171632908924299,1.2011999999999998,1,1.2011999999999998,6.0,inf
910,4,0.4700081174555881,-0.7087494509267852,-0.12171632908924299,1.2011999999999998,1,1.2011999999999998,6.0,inf
910,5,0.4700081174555881,-0.7087494509267852,-0.12171632908924299,1.2011999999999998,1,1.2011999999999998,6.0,inf
911,0,-0.28023860892503893,0.871972862771088,0.03508785311001653,6.0,0,8.0001,6.0,inf
911,1,-0.28023860892503893,0.871972862771088,0.03508785311001653,6.0,0,8.0001,6.0,inf
911,2,-0.28023860892503893,0.871972862771088,0.03508785311001653,6.0,0,8.0001,6.0,inf
911,3,-0.28023860892503893,0.871972862771088,0.03508785311001653,6.0,0,8.0001,6.0,inf
911,4,-0.28023860892503893,0.871972862771088,0.03508785311001653,6.0,0,8.0001,6.0,inf
911,5,-0.28023860892503893,0.871972862771088,0.03508785311001653,6.0,0,8.0001,6.0,inf
912,0,-0.5040450563974292,1.2881370714084983,0.7224028480703857,6.0,0,6.8355,6.0,inf
912,1,-0.5040450563974292,1.2881370714084983,0.7224028480703857,6.0,0,6.8355,6.0,inf
912,2,-0.5040450563974292,1.2881370714084983,0.7224028480703857,6.0,0,6.8355,6.0,inf
912,3,-0.5040450563974292,1.2881370714084983,0.7224028480703857,6.0,0,6.8355,6.0,inf
912,4,-0.5040450563974292,1.2881370714084983,0.7224028480703857,6.0,0,6.8355,6.0,inf
912,5,-0.5040450563974292,1.2881370714084983,0.7224028480703857,6.0,0,6.8355,6.0,inf
913,0,-0.12391887943464457,1.4061992008452,0.708045592857898,2.0418,1,2.0418,6.0,inf
913,1,-0.12391887943464457,1.4061992008452,0.708045592857898,2.0418,1,2.0418,6.0,inf
913,2,-0.12391887943464457,1.4061992008452,0.708045592857898,2.0418,1,2.0418,6.0,inf
913,3,-0.12391887943464457,1.4061992008452,0.708045592857898,2.0418,1,2.0418,6.0,inf
913,4,-0.12391887943464457,1.4061992008452,0.708045592857898,2.0418,1,2.0418,6.0,inf
913,5,-0.12391887943464457,1.4061992008452,0.708045592857898,2.0418,1,2.0418,6.0,inf
914,0,-0.9785252634014656,-0.4607351562405522,0.6460744782307566,1.8329999999999997,1,1.8329999999999997,6.0,inf
914,1,-0.9785252634014656,-0.4607351562405522,0.6460744782307566,1.8329999999999997,1,1.8329999999999997,6.0,inf
914,2,-0.9785252634014656,-0.4607351562405522,0.6460744782307566,1.8329999999999997,1,1.8329999999999997,6.0,inf
914,3,-0.9785252634014656,-0.4607351562405522,0.6460744782307566,1.8329999999999997,1,1.8329999999999997,6.0,inf
914,4,-0.9785252634014656,-0.4607351562405522,0.6460744782307566,1.8329999999999997,1,1.8329999999999997,6.0,inf
914,5,-0.9785252634014656,-0.4607351562405522,0.6460744782307566,1.8329999999999997,1,1.8329999999999997,6.0,inf
915,0,-1.0057810240897813,1.1130532319219366,-1.3467697252775608,6.0,0,7.163099999999999,6.0,inf
915,1,-1.0057810240897813,1.1130532319219366,-1.3467697252775608,6.0,0,7.163099999999999,6.0,inf
915,2,-1.0057810240897813,1.1130532319219366,-1.3467697252775608,6.0,0,7.163099999999999,6.0,inf
915,3,-1.0057810240897813,1.1130532319219366,-1.3467697252775608,6.0,0,7.163099999999999,6.0,inf
915,4,-1.0057810240897813,1.1130532319219366,-1.3467697252775608,6.0,0,7.163099999999999,6.0,inf
915,5,-1.0057810240897813,1.1130532319219366,-1.3467697252775608,6.0,0,7.163099999999999,6.0,inf
916,0,0.12330267406229778,1.0363543800621693,-0.0004552202638420808,5.987399999999999,1,5.987399999999999,6.0,inf
916,1,0.12330267406229778,1.0363543800621693,-0.0004552202638420808,5.987399999999999,1,5.987399999999999,6.0,inf
916,2,0.12330267406229778,1.0363543800621693,-0.0004552202638420808,5.987399999999999,1,5.987399999999999,6.0,inf
916,3,0.12330267406229778,1.0363543800621693,-0.0004552202638420808,5.987399999999999,1,5.987399999999999,6.0,inf
916,4,0.12330267406229778,1.0363543800621693,-0.0004552202638420808,5.987399999999999,1,5.987399999999999,6.0,inf
916,5,0.12330267406229778,1.0363543800621693,-0.0004552202638420808,5.987399999999999,1,5.987399999999999,6.0,inf
917,0,-0.09007872761208037,-0.0018726320031687736,-0.4170967077280722,0.6678,1,0.6678,6.0,inf
917,1,-0.09007872761208037,-0.0018726320031687736,-0.4170967077280722,0.6678,1,0.6678,6.0,inf
917,2,-0.09007872761208037,-0.0018726320031687736,-0.4170967077280722,0.6678,1,0.6678,6.0,inf
917,3,-0.09007872761208037,-0.0018726320031687736,-0.4170967077280722,0.6678,1,0.6678,6.0,inf
917,4,-0.09007872761208037,-0.0018726320031687736,-0.4170967077280722,0.6678,1,0.6678,6.0,inf
917,5,-0.09007872761208037,-0.0018726320031687736,-0.4170967077280722,0.6678,1,0.6678,6.0,inf
918,0,2.03261587013043,2.312147717520016,-0.3681618911437936,2.8709999999999996,1,2.8709999999999996,6.0,inf
918,1,2.03261587013043,2.312147717520016,-0.3681618911437936,2.8709999999999996,1,2.8709999999999996,6.0,inf
918,2,2.03261587013043,2.312147717520016,-0.3681618911437936,2.8709999999999996,1,2.8709999999999996,6.0,inf
918,3,2.03261587013043,2.312147717520016,-0.3681618911437936,2.8709999999999996,1,2.8709999999999996,6.0,inf
918,4,2.03261587013043,2.312147717520016,-0.3681618911437936,2.8709999999999996,1,2.8709999999999996,6.0,inf
918,5,2.03261587013043,2.312147717520016,-0.3681618911437936,2.8709999999999996,1,2.8709999999999996,6.0,inf
919,0,2.999660681965761,-0.20559373578018944,0.588095378003701,2.0298,1,2.0298,6.0,inf
919,1,2.999660681965761,-0.20559373578018944,0.588095378003701,2.0298,1,2.0298,6.0,inf
919,2,2.999660681965761,-0.20559373578018944,0.588095378003701,2.0298,1,2.0298,6.0,inf
919,3,2.999660681965761,-0.20559373578018944,0.588095378003701,2.0298,1,2.0298,6.0,inf
919,4,2.999660681965761,-0.20559373578018944,0.588095378003701,2.0298,1,2.0298,6.0,inf
919,5,2.999660681965761,-0.20559373578018944,0.588095378003701,2.0298,1,2.0298,6.0,inf
920,0,-0.0605695633001838,-0.23321695400274242,1.4554230924836051,1.2927,1,1.2927,6.0,inf
920,1,-0.0605695633001838,-0.23321695400274242,1.4554230924836051,1.2927,1,1.2927,6.0,inf
920,2,-0.0605695633001838,-0.23321695400274242,1.4554230924836051,1.2927,1,1.2927,6.0,inf
920,3,-0.0605695633001838,-0.23321695400274242,1.4554230924836051,1.2927,1,1.2927,6.0,inf
920,4,-0.0605695633001838,-0.23321695400274242,1.4554230924836051,1.2927,1,1.2927,6.0,inf
920,5,-0.0605695633001838,-0.23321695400274242,1.4554230924836051,1.2927,1,1.2927,6.0,inf
921,0,-0.4902915021863268,0.3869085097970828,-0.7086298151673448,0.33899999999999997,1,0.33899999999999997,6.0,inf
921,1,-0.4902915021863268,0.3869085097970828,-0.7086298151673448,0.33899999999999997,1,0.33899999999999997,6.0,inf
921,2,-0.4902915021863268,0.3869085097970828,-0.7086298151673448,0.33899999999999997,1,0.33899999999999997,6.0,inf
921,3,-0.4902915021863268,0.3869085097970828,-0.7086298151673448,0.33899999999999997,1,0.33899999999999997,6.0,inf
921,4,-0.4902915021863268,0.3869085097970828,-0.7086298151673448,0.33899999999999997,1,0.33899999999999997,6.0,inf
921,5,-0.4902915021863268,0.3869085097970828,-0.7086298151673448,0.33899999999999997,1,0.33899999999999997,6.0,inf
922,0,0.677890102481138,0.73666012225496,0.06433461505646755,4.3746,1,4.3746,6.0,inf
922,1,0.677890102481138,0.73666012225496,0.06433461505646755,4.3746,1,4.3746,6.0,inf
922,2,0.677890102481138,0.73666012225496,0.06433461505646755,4.3746,1,4.3746,6.0,inf
922,3,0.677890102481138,0.73666012225496,0.06433461505646755,4.3746,1,4.3746,6.0,inf
922,4,0.677890102481138,0.73666012225496,0.06433461505646755,4.3746,1,4.3746,6.0,inf
922,5,0.677890102481138,0.73666012225496,0.06433461505646755,4.3746,1,4.3746,6.0,inf
923,0,-0.39383354003461757,0.47245322620969205,-1.5980902273745499,3.9231,1,3.9231,6.0,inf
923,1,-0.39383354003461757,0.47245322620969205,-1.5980902273745499,3.9231,1,3.9231,6.0,inf
923,2,-0.39383354003461757,0.47245322620969205,-1.5980902273745499,3.9231,1,3.9231,6.0,inf
923,3,-0.39383354003461757,0.47245322620969205,-1.5980902273745499,3.9231,1,3.9231,6.0,inf
923,4,-0.39383354003461757,0.47245322620969205,-1.5980902273745499,3.9231,1,3.9231,6.0,inf
923,5,-0.39383354003461757,0.47245322620969205,-1.5980902273745499,3.9231,1,3.9231,6.0,inf
924,0,0.3597414811929415,-1.5783991572754195,1.4864261049688405,1.1058,1,1.1058,6.0,inf
924,1,0.3597414811929415,-1.5783991572754195,1.4864261049688405,1.1058,1,1.1058,6.0,inf
924,2,0.3597414811929415,-1.5783991572754195,1.4864261049688405,1.1058,1,1.1058,6.0,inf
924,3,0.3597414811929415,-1.5783991572754195,1.4864261049688405,1.1058,1,1.1058,6.0,inf
924,4,0.3597414811929415,-1.5783991572754195,1.4864261049688405,1.1058,1,1.1058,6.0,inf
924,5,0.3597414811929415,-1.5783991572754195,1.4864261049688405,1.1058,1,1.1058,6.0,inf
925,0,-1.4072767424409722,-0.04891880410884374,1.3774171841658356,1.2902999999999998,1,1.2902999999999998,6.0,inf
925,1,-1.4072767424409722,-0.04891880410884374,1.3774171841658356,1.2902999999999998,1,1.2902999999999998,6.0,inf
925,2,-1.4072767424409722,-0.04891880410884374,1.3774171841658356,1.2902999999999998,1,1.2902999999999998,6.0,inf
925,3,-1.4072767424409722,-0.04891880410884374,1.3774171841658356,1.2902999999999998,1,1.2902999999999998,6.0,inf
925,4,-1.4072767424409722,-0.04891880410884374,1.3774171841658356,1.2902999999999998,1,1.2902999999999998,6.0,inf
925,5,-1.4072767424409722,-0.04891880410884374,1.3774171841658356,1.2902999999999998,1,1.2902999999999998,6.0,inf
926,0,1.5651042449160057,-0.2513831782228283,0.9484904839064736,2.4029999999999996,1,2.4029999999999996,6.0,inf
926,1,1.5651042449160057,-0.2513831782228283,0.9484904839064736,2.4029999999999996,1,2.4029999999999996,6.0,inf
926,2,1.5651042449160057,-0.2513831782228283,0.9484904839064736,2.4029999999999996,1,2.4029999999999996,6.0,inf
926,3,1.5651042449160057,-0.2513831782228283,0.9484904839064736,2.4029999999999996,1,2.4029999999999996,6.0,inf
926,4,1.5651042449160057,-0.2513831782228283,0.9484904839064736,2.4029999999999996,1,2.4029999999999996,6.0,inf
926,5,1.5651042449160057,-0.2513831782228283,0.9484904839064736,2.4029999999999996,1,2.4029999999999996,6.0,inf
927,0,0.14865854674342815,-0.8397697551047483,1.009553828253302,2.0664,1,2.0664,6.0,inf
927,1,0.14865854674342815,-0.8397697551047483,1.009553828253302,2.0664,1,2.0664,6.0,inf
927,2,0.14865854674342815,-0.8397697551047483,1.009553828253302,2.0664,1,2.0664,6.0,inf
927,3,0.14865854674342815,-0.8397697551047483,1.009553828253302,2.0664,1,2.0664,6.0,inf
927,4,0.14865854674342815,-0.8397697551047483,1.009553828253302,2.0664,1,2.0664,6.0,inf
927,5,0.14865854674342815,-0.8397697551047483,1.009553828253302,2.0664,1,2.0664,6.0,inf
928,0,-2.2213374799804413,0.21699296338850282,-0.46185679910075955,0.7325999999999999,1,0.7325999999999999,6.0,inf
928,1,-2.2213374799804413,0.21699296338850282,-0.46185679910075955,0.7325999999999999,1,0.7325999999999999,6.0,inf
928,2,-2.2213374799804413,0.21699296338850282,-0.46185679910075955,0.7325999999999999,1,0.7325999999999999,6.0,inf
928,3,-2.2213374799804413,0.21699296338850282,-0.46185679910075955,0.7325999999999999,1,0.7325999999999999,6.0,inf
928,4,-2.2213374799804413,0.21699296338850282,-0.46185679910075955,0.7325999999999999,1,0.7325999999999999,6.0,inf
928,5,-2.2213374799804413,0.21699296338850282,-0.46185679910075955,0.7325999999999999,1,0.7325999999999999,6.0,inf
929,0,1.242066998051456,0.11029393411902852,-1.1788176217925403,2.0364,1,2.0364,6.0,inf
929,1,1.242066998051456,0.11029393411902852,-1.1788176217925403,2.0364,1,2.0364,6.0,inf
929,2,1.242066998051456,0.11029393411902852,-1.1788176217925403,2.0364,1,2.0364,6.0,inf
929,3,1.242066998051456,0.11029393411902852,-1.1788176217925403,2.0364,1,2.0364,6.0,inf
929,4,1.242066998051456,0.11029393411902852,-1.1788176217925403,2.0364,1,2.0364,6.0,inf
929,5,1.242066998051456,0.11029393411902852,-1.1788176217925403,2.0364,1,2.0364,6.0,inf
930,0,0.9369343670708218,-0.251453003270628,-0.3878683754293909,2.3354999999999997,1,2.3354999999999997,6.0,inf
930,1,0.9369343670708218,-0.251453003270628,-0.3878683754293909,2.3354999999999997,1,2.3354999999999997,6.0,inf
930,2,0.9369343670708218,-0.251453003270628,-0.3878683754293909,2.3354999999999997,1,2.3354999999999997,6.0,inf
930,3,0.9369343670708218,-0.251453003270628,-0.3878683754293909,2.3354999999999997,1,2.3354999999999997,6.0,inf
930,4,0.9369343670708218,-0.251453003270628,-0.3878683754293909,2.3354999999999997,1,2.3354999999999997,6.0,inf
930,5,0.9369343670708218,-0.251453003270628,-0.3878683754293909,2.3354999999999997,1,2.3354999999999997,6.0,inf
931,0,-0.4574077243060198,-1.422008904599744,0.4958593629174255,1.8398999999999999,1,1.8398999999999999,6.0,inf
931,1,-0.4574077243060198,-1.422008904599744,0.4958593629174255,1.8398999999999999,1,1.8398999999999999,6.0,inf
931,2,-0.4574077243060198,-1.422008904599744,0.4958593629174255,1.8398999999999999,1,1.8398999999999999,6.0,inf
931,3,-0.4574077243060198,-1.422008904599744,0.4958593629174255,1.8398999999999999,1,1.8398999999999999,6.0,inf
931,4,-0.4574077243060198,-1.422008904599744,0.4958593629174255,1.8398999999999999,1,1.8398999999999999,6.0,inf
931,5,-0.4574077243060198,-1.422008904599744,0.4958593629174255,1.8398999999999999,1,1.8398999999999999,6.0,inf
932,0,-0.8589756669575781,1.3038737556569138,0.9202047352063248,1.1159999999999999,1,1.1159999999999999,6.0,inf
932,1,-0.8589756669575781,1.3038737556569138,0.9202047352063248,1.1159999999999999,1,1.1159999999999999,6.0,inf
932,2,-0.8589756669575781,1.3038737556569138,0.9202047352063248,1.1159999999999999,1,1.1159999999999999,6.0,inf
932,3,-0.8589756669575781,1.3038737556569138,0.9202047352063248,1.1159999999999999,1,1.1159999999999999,6.0,inf
932,4,-0.8589756669575781,1.3038737556569138,0.9202047352063248,1.1159999999999999,1,1.1159999999999999,6.0,inf
932,5,-0.8589756669575781,1.3038737556569138,0.9202047352063248,1.1159999999999999,1,1.1159999999999999,6.0,inf
933,0,-1.3924588282517127,1.7613276967105371,-0.4560382477226389,2.3175,1,2.3175,6.0,inf
933,1,-1.3924588282517127,1.7613276967105371,-0.4560382477226389,2.3175,1,2.3175,6.0,inf
933,2,-1.3924588282517127,1.7613276967105371,-0.4560382477226389,2.3175,1,2.3175,6.0,inf
933,3,-1.3924588282517127,1.7613276967105371,-0.4560382477226389,2.3175,1,2.3175,6.0,inf
933,4,-1.3924588282517127,1.7613276967105371,-0.4560382477226389,2.3175,1,2.3175,6.0,inf
933,5,-1.3924588282517127,1.7613276967105371,-0.4560382477226389,2.3175,1,2.3175,6.0,inf
934,0,-0.2609878648654286,1.872121470333344,-0.19067949678502255,4.6605,1,4.6605,6.0,inf
934,1,-0.2609878648654286,1.872121470333344,-0.19067949678502255,4.6605,1,4.6605,6.0,inf
934,2,-0.2609878648654286,1.872121470333344,-0.19067949678502255,4.6605,1,4.6605,6.0,inf
934,3,-0.2609878648654286,1.872121470333344,-0.19067949678502255,4.6605,1,4.6605,6.0,inf
934,4,-0.2609878648654286,1.872121470333344,-0.19067949678502255,4.6605,1,4.6605,6.0,inf
934,5,-0.2609878648654286,1.872121470333344,-0.19067949678502255,4.6605,1,4.6605,6.0,inf
935,0,0.6651279051617798,0.4770617646008592,0.5431271264028595,2.2085999999999997,1,2.2085999999999997,6.0,inf
935,1,0.6651279051617798,0.4770617646008592,0.5431271264028595,2.2085999999999997,1,2.2085999999999997,6.0,inf
935,2,0.6651279051617798,0.4770617646008592,0.5431271264028595,2.2085999999999997,1,2.2085999999999997,6.0,inf
935,3,0.6651279051617798,0.4770617646008592,0.5431271264028595,2.2085999999999997,1,2.2085999999999997,6.0,inf
935,4,0.6651279051617798,0.4770617646008592,0.5431271264028595,2.2085999999999997,1,2.2085999999999997,6.0,inf
935,5,0.6651279051617798,0.4770617646008592,0.5431271264028595,2.2085999999999997,1,2.2085999999999997,6.0,inf
936,0,-0.34357158122825093,0.2212570344327358,0.4968881480833381,1.5351,1,1.5351,6.0,inf
936,1,-0.34357158122825093,0.2212570344327358,0.4968881480833381,1.5351,1,1.5351,6.0,inf
936,2,-0.34357158122825093,0.2212570344327358,0.4968881480833381,1.5351,1,1.5351,6.0,inf
936,3,-0.34357158122825093,0.2212570344327358,0.4968881480833381,1.5351,1,1.5351,6.0,inf
936,4,-0.34357158122825093,0.2212570344327358,0.4968881480833381,1.5351,1,1.5351,6.0,inf
936,5,-0.34357158122825093,0.2212570344327358,0.4968881480833381,1.5351,1,1.5351,6.0,inf
937,0,-0.6438572023482315,0.414731333216905,-1.1210909851747044,0.8573999999999999,1,0.8573999999999999,6.0,inf
937,1,-0.6438572023482315,0.414731333216905,-1.1210909851747044,0.8573999999999999,1,0.8573999999999999,6.0,inf
937,2,-0.6438572023482315,0.414731333216905,-1.1210909851747044,0.8573999999999999,1,0.8573999999999999,6.0,inf
937,3,-0.6438572023482315,0.414731333216905,-1.1210909851747044,0.8573999999999999,1,0.8573999999999999,6.0,inf
937,4,-0.6438572023482315,0.414731333216905,-1.1210909851747044,0.8573999999999999,1,0.8573999999999999,6.0,inf
937,5,-0.6438572023482315,0.414731333216905,-1.1210909851747044,0.8573999999999999,1,0.8573999999999999,6.0,inf
938,0,0.3048096326340725,0.01251433508943808,-0.6858059854965305,2.562,1,2.562,6.0,inf
938,1,0.3048096326340725,0.01251433508943808,-0.6858059854965305,2.562,1,2.562,6.0,inf
938,2,0.3048096326340725,0.01251433508943808,-0.6858059854965305,2.562,1,2.562,6.0,inf
938,3,0.3048096326340725,0.01251433508943808,-0.6858059854965305,2.562,1,2.562,6.0,inf
938,4,0.3048096326340725,0.01251433508943808,-0.6858059854965305,2.562,1,2.562,6.0,inf
938,5,0.3048096326340725,0.01251433508943808,-0.6858059854965305,2.562,1,2.562,6.0,inf
939,0,0.39460327988609867,-0.6864797141505393,-1.4786604636780905,3.4475999999999996,1,3.4475999999999996,6.0,inf
939,1,0.39460327988609867,-0.6864797141505393,-1.4786604636780905,3.4475999999999996,1,3.4475999999999996,6.0,inf
939,2,0.39460327988609867,-0.6864797141505393,-1.4786604636780905,3.4475999999999996,1,3.4475999999999996,6.0,inf
939,3,0.39460327988609867,-0.6864797141505393,-1.4786604636780905,3.4475999999999996,1,3.4475999999999996,6.0,inf
939,4,0.39460327988609867,-0.6864797141505393,-1.4786604636780905,3.4475999999999996,1,3.4475999999999996,6.0,inf
939,5,0.39460327988609867,-0.6864797141505393,-1.4786604636780905,3.4475999999999996,1,3.4475999999999996,6.0,inf
940,0,-0.5752949461538153,0.41254266884873075,-0.20314301930965167,3.3320999999999996,1,3.3320999999999996,6.0,inf
940,1,-0.5752949461538153,0.41254266884873075,-0.20314301930965167,3.3320999999999996,1,3.3320999999999996,6.0,inf
940,2,-0.5752949461538153,0.41254266884873075,-0.20314301930965167,3.3320999999999996,1,3.3320999999999996,6.0,inf
940,3,-0.5752949461538153,0.41254266884873075,-0.20314301930965167,3.3320999999999996,1,3.3320999999999996,6.0,inf
940,4,-0.5752949461538153,0.41254266884873075,-0.20314301930965167,3.3320999999999996,1,3.3320999999999996,6.0,inf
940,5,-0.5752949461538153,0.41254266884873075,-0.20314301930965167,3.3320999999999996,1,3.3320999999999996,6.0,inf
941,0,0.274037922172816,1.1048171580322697,-0.9467696769563753,4.445399999999999,1,4.445399999999999,6.0,inf
941,1,0.274037922172816,1.1048171580322697,-0.9467696769563753,4.445399999999999,1,4.445399999999999,6.0,inf
941,2,0.274037922172816,1.1048171580322697,-0.9467696769563753,4.445399999999999,1,4.445399999999999,6.0,inf
941,3,0.274037922172816,1.1048171580322697,-0.9467696769563753,4.445399999999999,1,4.445399999999999,6.0,inf
941,4,0.274037922172816,1.1048171580322697,-0.9467696769563753,4.445399999999999,1,4.445399999999999,6.0,inf
941,5,0.274037922172816,1.1048171580322697,-0.9467696769563753,4.445399999999999,1,4.445399999999999,6.0,inf
942,0,-2.033566926903562,-0.3033708652378323,0.7968357173710557,6.0,0,8.0001,6.0,inf
942,1,-2.033566926903562,-0.3033708652378323,0.7968357173710557,6.0,0,8.0001,6.0,inf
942,2,-2.033566926903562,-0.3033708652378323,0.7968357173710557,6.0,0,8.0001,6.0,inf
942,3,-2.033566926903562,-0.3033708652378323,0.7968357173710557,6.0,0,8.0001,6.0,inf
942,4,-2.033566926903562,-0.3033708652378323,0.7968357173710557,6.0,0,8.0001,6.0,inf
942,5,-2.033566926903562,-0.3033708652378323,0.7968357173710557,6.0,0,8.0001,6.0,inf
943,0,0.3127802845210335,1.4361019084466018,0.3716874135621342,4.5729,1,4.5729,6.0,inf
943,1,0.3127802845210335,1.4361019084466018,0.3716874135621342,4.5729,1,4.5729,6.0,inf
943,2,0.3127802845210335,1.4361019084466018,0.3716874135621342,4.5729,1,4.5729,6.0,inf
943,3,0.3127802845210335,1.4361019084466018,0.3716874135621342,4.5729,1,4.5729,6.0,inf
943,4,0.3127802845210335,1.4361019084466018,0.3716874135621342,4.5729,1,4.5729,6.0,inf
943,5,0.3127802845210335,1.4361019084466018,0.3716874135621342,4.5729,1,4.5729,6.0,inf
944,0,3.0019974494677224,0.054605945945271885,0.38971711065357645,0.1803,1,0.1803,6.0,inf
944,1,3.0019974494677224,0.054605945945271885,0.38971711065357645,0.1803,1,0.1803,6.0,inf
944,2,3.0019974494677224,0.054605945945271885,0.38971711065357645,0.1803,1,0.1803,6.0,inf
944,3,3.0019974494677224,0.054605945945271885,0.38971711065357645,0.1803,1,0.1803,6.0,inf
944,4,3.0019974494677224,0.054605945945271885,0.38971711065357645,0.1803,1,0.1803,6.0,inf
944,5,3.0019974494677224,0.054605945945271885,0.38971711065357645,0.1803,1,0.1803,6.0,inf
945,0,1.2129776310209797,-0.20969602850276783,0.7053523953002258,2.1321,1,2.1321,6.0,inf
945,1,1.2129776310209797,-0.20969602850276783,0.7053523953002258,2.1321,1,2.1321,6.0,inf
945,2,1.2129776310209797,-0.20969602850276783,0.7053523953002258,2.1321,1,2.1321,6.0,inf
945,3,1.2129776310209797,-0.20969602850276783,0.7053523953002258,2.1321,1,2.1321,6.0,inf
945,4,1.2129776310209797,-0.20969602850276783,0.7053523953002258,2.1321,1,2.1321,6.0,inf
945,5,1.2129776310209797,-0.20969602850276783,0.7053523953002258,2.1321,1,2.1321,6.0,inf
946,0,1.5060349783529847,-1.3389022427887802,0.16003402007369485,2.1881999999999997,1,2.1881999999999997,6.0,inf
946,1,1.5060349783529847,-1.3389022427887802,0.16003402007369485,2.1881999999999997,1,2.1881999999999997,6.0,inf
946,2,1.5060349783529847,-1.3389022427887802,0.16003402007369485,2.1881999999999997,1,2.1881999999999997,6.0,inf
946,3,1.5060349783529847,-1.3389022427887802,0.16003402007369485,2.1881999999999997,1,2.1881999999999997,6.0,inf
946,4,1.5060349783529847,-1.3389022427887802,0.16003402007369485,2.1881999999999997,1,2.1881999999999997,6.0,inf
946,5,1.5060349783529847,-1.3389022427887802,0.16003402007369485,2.1881999999999997,1,2.1881999999999997,6.0,inf
947,0,1.0168200644941314,0.7137720277023125,1.2334225316910234,3.3581999999999996,1,3.3581999999999996,6.0,inf
947,1,1.0168200644941314,0.7137720277023125,1.2334225316910234,3.3581999999999996,1,3.3581999999999996,6.0,inf
947,2,1.0168200644941314,0.7137720277023125,1.2334225316910234,3.3581999999999996,1,3.3581999999999996,6.0,inf
947,3,1.0168200644941314,0.7137720277023125,1.2334225316910234,3.3581999999999996,1,3.3581999999999996,6.0,inf
947,4,1.0168200644941314,0.7137720277023125,1.2334225316910234,3.3581999999999996,1,3.3581999999999996,6.0,inf
947,5,1.0168200644941314,0.7137720277023125,1.2334225316910234,3.3581999999999996,1,3.3581999999999996,6.0,inf
948,0,0.5810000501434438,-0.12637576156994543,-1.095408249369225,2.3966999999999996,1,2.3966999999999996,6.0,inf
948,1,0.5810000501434438,-0.12637576156994543,-1.095408249369225,2.3966999999999996,1,2.3966999999999996,6.0,inf
948,2,0.5810000501434438,-0.12637576156994543,-1.095408249369225,2.3966999999999996,1,2.3966999999999996,6.0,inf
948,3,0.5810000501434438,-0.12637576156994543,-1.095408249369225,2.3966999999999996,1,2.3966999999999996,6.0,inf
948,4,0.5810000501434438,-0.12637576156994543,-1.095408249369225,2.3966999999999996,1,2.3966999999999996,6.0,inf
948,5,0.5810000501434438,-0.12637576156994543,-1.095408249369225,2.3966999999999996,1,2.3966999999999996,6.0,inf
949,0,0.3067168465259302,0.11676070374346072,-1.1870815629143807,3.3234,1,3.3234,6.0,inf
949,1,0.3067168465259302,0.11676070374346072,-1.1870815629143807,3.3234,1,3.3234,6.0,inf
949,2,0.3067168465259302,0.11676070374346072,-1.1870815629143807,3.3234,1,3.3234,6.0,inf
949,3,0.3067168465259302,0.11676070374346072,-1.1870815629143807,3.3234,1,3.3234,6.0,inf
949,4,0.3067168465259302,0.11676070374346072,-1.1870815629143807,3.3234,1,3.3234,6.0,inf
949,5,0.3067168465259302,0.11676070374346072,-1.1870815629143807,3.3234,1,3.3234,6.0,inf
950,0,-2.1356568270428453,0.3153152875595124,1.0918959429745623,0.8534999999999999,1,0.8534999999999999,6.0,inf
950,1,-2.1356568270428453,0.3153152875595124,1.0918959429745623,0.8534999999999999,1,0.8534999999999999,6.0,inf
950,2,-2.1356568270428453,0.3153152875595124,1.0918959429745623,0.8534999999999999,1,0.8534999999999999,6.0,inf
950,3,-2.1356568270428453,0.3153152875595124,1.0918959429745623,0.8534999999999999,1,0.8534999999999999,6.0,inf
950,4,-2.1356568270428453,0.3153152875595124,1.0918959429745623,0.8534999999999999,1,0.8534999999999999,6.0,inf
950,5,-2.1356568270428453,0.3153152875595124,1.0918959429745623,0.8534999999999999,1,0.8534999999999999,6.0,inf
951,0,0.4664758341836569,0.6812131601540187,-0.07413363417507052,2.3447999999999998,1,2.3447999999999998,6.0,inf
951,1,0.4664758341836569,0.6812131601540187,-0.07413363417507052,2.3447999999999998,1,2.3447999999999998,6.0,inf
951,2,0.4664758341836569,0.6812131601540187,-0.07413363417507052,2.3447999999999998,1,2.3447999999999998,6.0,inf
951,3,0.4664758341836569,0.6812131601540187,-0.07413363417507052,2.3447999999999998,1,2.3447999999999998,6.0,inf
951,4,0.4664758341836569,0.6812131601540187,-0.07413363417507052,2.3447999999999998,1,2.3447999999999998,6.0,inf
951,5,0.4664758341836569,0.6812131601540187,-0.07413363417507052,2.3447999999999998,1,2.3447999999999998,6.0,inf
952,0,-0.6529149708010571,0.976792497170808,1.6497971154702256,1.1535,1,1.1535,6.0,inf
952,1,-0.6529149708010571,0.976792497170808,1.6497971154702256,1.1535,1,1.1535,6.0,inf
952,2,-0.6529149708010571,0.976792497170808,1.6497971154702256,1.1535,1,1.1535,6.0,inf
952,3,-0.6529149708010571,0.976792497170808,1.6497971154702256,1.1535,1,1.1535,6.0,inf
952,4,-0.6529149708010571,0.976792497170808,1.6497971154702256,1.1535,1,1.1535,6.0,inf
952,5,-0.6529149708010571,0.976792497170808,1.6497971154702256,1.1535,1,1.1535,6.0,inf
953,0,0.6503287072709769,2.7422902817564254,-1.051274067209771,4.529999999999999,1,4.529999999999999,6.0,inf
953,1,0.6503287072709769,2.7422902817564254,-1.051274067209771,4.529999999999999,1,4.529999999999999,6.0,inf
953,2,0.6503287072709769,2.7422902817564254,-1.051274067209771,4.529999999999999,1,4.529999999999999,6.0,inf
953,3,0.6503287072709769,2.7422902817564254,-1.051274067209771,4.529999999999999,1,4.529999999999999,6.0,inf
953,4,0.6503287072709769,2.7422902817564254,-1.051274067209771,4.529999999999999,1,4.529999999999999,6.0,inf
953,5,0.6503287072709769,2.7422902817564254,-1.051274067209771,4.529999999999999,1,4.529999999999999,6.0,inf
954,0,0.10168795788097143,1.7858289962553808,1.1215618038488895,4.9299,1,4.9299,6.0,inf
954,1,0.10168795788097143,1.7858289962553808,1.1215618038488895,4.9299,1,4.9299,6.0,inf
954,2,0.10168795788097143,1.7858289962553808,1.1215618038488895,4.9299,1,4.9299,6.0,inf
954,3,0.10168795788097143,1.7858289962553808,1.1215618038488895,4.9299,1,4.9299,6.0,inf
954,4,0.10168795788097143,1.7858289962553808,1.1215618038488895,4.9299,1,4.9299,6.0,inf
954,5,0.10168795788097143,1.7858289962553808,1.1215618038488895,4.9299,1,4.9299,6.0,inf
955,0,0.6700311886527428,-1.551820589185587,-0.739675755882439,0.3465,1,0.3465,6.0,inf
955,1,0.6700311886527428,-1.551820589185587,-0.739675755882439,0.3465,1,0.3465,6.0,inf
955,2,0.6700311886527428,-1.551820589185587,-0.739675755882439,0.3465,1,0.3465,6.0,inf
955,3,0.6700311886527428,-1.551820589185587,-0.739675755882439,0.3465,1,0.3465,6.0,inf
955,4,0.6700311886527428,-1.551820589185587,-0.739675755882439,0.3465,1,0.3465,6.0,inf
955,5,0.6700311886527428,-1.551820589185587,-0.739675755882439,0.3465,1,0.3465,6.0,inf
956,0,1.906914853496677,-0.06821833785814135,0.35259740425860475,2.1641999999999997,1,2.1641999999999997,6.0,inf
956,1,1.906914853496677,-0.06821833785814135,0.35259740425860475,2.1641999999999997,1,2.1641999999999997,6.0,inf
956,2,1.906914853496677,-0.06821833785814135,0.35259740425860475,2.1641999999999997,1,2.1641999999999997,6.0,inf
956,3,1.906914853496677,-0.06821833785814135,0.35259740425860475,2.1641999999999997,1,2.1641999999999997,6.0,inf
956,4,1.906914853496677,-0.06821833785814135,0.35259740425860475,2.1641999999999997,1,2.1641999999999997,6.0,inf
956,5,1.906914853496677,-0.06821833785814135,0.35259740425860475,2.1641999999999997,1,2.1641999999999997,6.0,inf
957,0,-0.4157576283686002,0.7102472838484118,-0.16626588068124318,4.8732,1,4.8732,6.0,inf
957,1,-0.4157576283686002,0.7102472838484118,-0.16626588068124318,4.8732,1,4.8732,6.0,inf
957,2,-0.4157576283686002,0.7102472838484118,-0.16626588068124318,4.8732,1,4.8732,6.0,inf
957,3,-0.4157576283686002,0.7102472838484118,-0.16626588068124318,4.8732,1,4.8732,6.0,inf
957,4,-0.4157576283686002,0.7102472838484118,-0.16626588068124318,4.8732,1,4.8732,6.0,inf
957,5,-0.4157576283686002,0.7102472838484118,-0.16626588068124318,4.8732,1,4.8732,6.0,inf
958,0,-0.3423141959433285,0.48042320403007843,1.128659921866604,0.34619999999999995,1,0.34619999999999995,6.0,inf
958,1,-0.3423141959433285,0.48042320403007843,1.128659921866604,0.34619999999999995,1,0.34619999999999995,6.0,inf
958,2,-0.3423141959433285,0.48042320403007843,1.128659921866604,0.34619999999999995,1,0.34619999999999995,6.0,inf
958,3,-0.3423141959433285,0.48042320403007843,1.128659921866604,0.34619999999999995,1,0.34619999999999995,6.0,inf
958,4,-0.3423141959433285,0.48042320403007843,1.128659921866604,0.34619999999999995,1,0.34619999999999995,6.0,inf
958,5,-0.3423141959433285,0.48042320403007843,1.128659921866604,0.34619999999999995,1,0.34619999999999995,6.0,inf
959,0,0.5503010816602217,-0.5767116191073314,-0.13255484934511366,1.5887999999999998,1,1.5887999999999998,6.0,inf
959,1,0.5503010816602217,-0.5767116191073314,-0.13255484934511366,1.5887999999999998,1,1.5887999999999998,6.0,inf
959,2,0.5503010816602217,-0.5767116191073314,-0.13255484934511366,1.5887999999999998,1,1.5887999999999998,6.0,inf
959,3,0.5503010816602217,-0.5767116191073314,-0.13255484934511366,1.5887999999999998,1,1.5887999999999998,6.0,inf
959,4,0.5503010816602217,-0.5767116191073314,-0.13255484934511366,1.5887999999999998,1,1.5887999999999998,6.0,inf
959,5,0.5503010816602217,-0.5767116191073314,-0.13255484934511366,1.5887999999999998,1,1.5887999999999998,6.0,inf
960,0,-1.9353411805832315,0.9757389980430102,0.9543245938360658,0.1176,1,0.1176,6.0,inf
960,1,-1.9353411805832315,0.9757389980430102,0.9543245938360658,0.1176,1,0.1176,6.0,inf
960,2,-1.9353411805832315,0.9757389980430102,0.9543245938360658,0.1176,1,0.1176,6.0,inf
960,3,-1.9353411805832315,0.9757389980430102,0.9543245938360658,0.1176,1,0.1176,6.0,inf
960,4,-1.9353411805832315,0.9757389980430102,0.9543245938360658,0.1176,1,0.1176,6.0,inf
960,5,-1.9353411805832315,0.9757389980430102,0.9543245938360658,0.1176,1,0.1176,6.0,inf
961,0,2.2327465789053687,-0.8324673449611761,0.1383690278730638,2.2973999999999997,1,2.2973999999999997,6.0,inf
961,1,2.2327465789053687,-0.8324673449611761,0.1383690278730638,2.2973999999999997,1,2.2973999999999997,6.0,inf
961,2,2.2327465789053687,-0.8324673449611761,0.1383690278730638,2.2973999999999997,1,2.2973999999999997,6.0,inf
961,3,2.2327465789053687,-0.8324673449611761,0.1383690278730638,2.2973999999999997,1,2.2973999999999997,6.0,inf
961,4,2.2327465789053687,-0.8324673449611761,0.1383690278730638,2.2973999999999997,1,2.2973999999999997,6.0,inf
961,5,2.2327465789053687,-0.8324673449611761,0.1383690278730638,2.2973999999999997,1,2.2973999999999997,6.0,inf
962,0,0.9394667388367849,1.1501683921051848,0.45274392485291076,3.3854999999999995,1,3.3854999999999995,6.0,inf
962,1,0.9394667388367849,1.1501683921051848,0.45274392485291076,3.3854999999999995,1,3.3854999999999995,6.0,inf
962,2,0.9394667388367849,1.1501683921051848,0.45274392485291076,3.3854999999999995,1,3.3854999999999995,6.0,inf
962,3,0.9394667388367849,1.1501683921051848,0.45274392485291076,3.3854999999999995,1,3.3854999999999995,6.0,inf
962,4,0.9394667388367849,1.1501683921051848,0.45274392485291076,3.3854999999999995,1,3.3854999999999995,6.0,inf
962,5,0.9394667388367849,1.1501683921051848,0.45274392485291076,3.3854999999999995,1,3.3854999999999995,6.0,inf
963,0,0.7244943758322652,-0.3283328663321735,1.5726756644472015,1.4447999999999999,1,1.4447999999999999,6.0,inf
963,1,0.7244943758322652,-0.3283328663321735,1.5726756644472015,1.4447999999999999,1,1.4447999999999999,6.0,inf
963,2,0.7244943758322652,-0.3283328663321735,1.5726756644472015,1.4447999999999999,1,1.4447999999999999,6.0,inf
963,3,0.7244943758322652,-0.3283328663321735,1.5726756644472015,1.4447999999999999,1,1.4447999999999999,6.0,inf
963,4,0.7244943758322652,-0.3283328663321735,1.5726756644472015,1.4447999999999999,1,1.4447999999999999,6.0,inf
963,5,0.7244943758322652,-0.3283328663321735,1.5726756644472015,1.4447999999999999,1,1.4447999999999999,6.0,inf
964,0,1.1710630827166766,0.46330278659194934,-0.6399295926270363,2.2274999999999996,1,2.2274999999999996,6.0,inf
964,1,1.1710630827166766,0.46330278659194934,-0.6399295926270363,2.2274999999999996,1,2.2274999999999996,6.0,inf
964,2,1.1710630827166766,0.46330278659194934,-0.6399295926270363,2.2274999999999996,1,2.2274999999999996,6.0,inf
964,3,1.1710630827166766,0.46330278659194934,-0.6399295926270363,2.2274999999999996,1,2.2274999999999996,6.0,inf
964,4,1.1710630827166766,0.46330278659194934,-0.6399295926270363,2.2274999999999996,1,2.2274999999999996,6.0,inf
964,5,1.1710630827166766,0.46330278659194934,-0.6399295926270363,2.2274999999999996,1,2.2274999999999996,6.0,inf
965,0,0.7291367621096037,-0.8289011374703239,-1.2502444813540328,3.0254999999999996,1,3.0254999999999996,6.0,inf
965,1,0.7291367621096037,-0.8289011374703239,-1.2502444813540328,3.0254999999999996,1,3.0254999999999996,6.0,inf
965,2,0.7291367621096037,-0.8289011374703239,-1.2502444813540328,3.0254999999999996,1,3.0254999999999996,6.0,inf
965,3,0.7291367621096037,-0.8289011374703239,-1.2502444813540328,3.0254999999999996,1,3.0254999999999996,6.0,inf
965,4,0.7291367621096037,-0.8289011374703239,-1.2502444813540328,3.0254999999999996,1,3.0254999999999996,6.0,inf
965,5,0.7291367621096037,-0.8289011374703239,-1.2502444813540328,3.0254999999999996,1,3.0254999999999996,6.0,inf
966,0,0.8445981910519009,0.49204603941792735,0.09616884281715514,3.687,1,3.687,6.0,inf
966,1,0.8445981910519009,0.49204603941792735,0.09616884281715514,3.687,1,3.687,6.0,inf
966,2,0.8445981910519009,0.49204603941792735,0.09616884281715514,3.687,1,3.687,6.0,inf
966,3,0.8445981910519009,0.49204603941792735,0.09616884281715514,3.687,1,3.687,6.0,inf
966,4,0.8445981910519009,0.49204603941792735,0.09616884281715514,3.687,1,3.687,6.0,inf
966,5,0.8445981910519009,0.49204603941792735,0.09616884281715514,3.687,1,3.687,6.0,inf
967,0,-1.0215620598639614,0.5792191127265389,-0.2654489129831721,6.0,0,8.0001,6.0,inf
967,1,-1.0215620598639614,0.5792191127265389,-0.2654489129831721,6.0,0,8.0001,6.0,inf
967,2,-1.0215620598639614,0.5792191127265389,-0.2654489129831721,6.0,0,8.0001,6.0,inf
967,3,-1.0215620598639614,0.5792191127265389,-0.2654489129831721,6.0,0,8.0001,6.0,inf
967,4,-1.0215620598639614,0.5792191127265389,-0.2654489129831721,6.0,0,8.0001,6.0,inf
967,5,-1.0215620598639614,0.5792191127265389,-0.2654489129831721,6.0,0,8.0001,6.0,inf
968,0,0.42913828705842316,0.5042727975585752,0.36183482805336536,2.5742999999999996,1,2.5742999999999996,6.0,inf
968,1,0.42913828705842316,0.5042727975585752,0.36183482805336536,2.5742999999999996,1,2.5742999999999996,6.0,inf
968,2,0.42913828705842316,0.5042727975585752,0.36183482805336536,2.5742999999999996,1,2.5742999999999996,6.0,inf
968,3,0.42913828705842316,0.5042727975585752,0.36183482805336536,2.5742999999999996,1,2.5742999999999996,6.0,inf
968,4,0.42913828705842316,0.5042727975585752,0.36183482805336536,2.5742999999999996,1,2.5742999999999996,6.0,inf
968,5,0.42913828705842316,0.5042727975585752,0.36183482805336536,2.5742999999999996,1,2.5742999999999996,6.0,inf
969,0,-1.365770628243899,-1.323779358628258,-0.1379094718281553,0.0003,1,0.0003,6.0,inf
969,1,-1.365770628243899,-1.323779358628258,-0.1379094718281553,0.0003,1,0.0003,6.0,inf
969,2,-1.365770628243899,-1.323779358628258,-0.1379094718281553,0.0003,1,0.0003,6.0,inf
969,3,-1.365770628243899,-1.323779358628258,-0.1379094718281553,0.0003,1,0.0003,6.0,inf
969,4,-1.365770628243899,-1.323779358628258,-0.1379094718281553,0.0003,1,0.0003,6.0,inf
969,5,-1.365770628243899,-1.323779358628258,-0.1379094718281553,0.0003,1,0.0003,6.0,inf
970,0,-0.12510772784544852,0.737760119050778,-0.28365296905746606,4.1829,1,4.1829,6.0,inf
970,1,-0.12510772784544852,0.737760119050778,-0.28365296905746606,4.1829,1,4.1829,6.0,inf
970,2,-0.12510772784544852,0.737760119050778,-0.28365296905746606,4.1829,1,4.1829,6.0,inf
970,3,-0.12510772784544852,0.737760119050778,-0.28365296905746606,4.1829,1,4.1829,6.0,inf
970,4,-0.12510772784544852,0.737760119050778,-0.28365296905746606,4.1829,1,4.1829,6.0,inf
970,5,-0.12510772784544852,0.737760119050778,-0.28365296905746606,4.1829,1,4.1829,6.0,inf
971,0,0.8573450572323899,1.4820206830336518,-0.04779148487003112,4.232399999999999,1,4.232399999999999,6.0,inf
971,1,0.8573450572323899,1.4820206830336518,-0.04779148487003112,4.232399999999999,1,4.232399999999999,6.0,inf
971,2,0.8573450572323899,1.4820206830336518,-0.04779148487003112,4.232399999999999,1,4.232399999999999,6.0,inf
971,3,0.8573450572323899,1.4820206830336518,-0.04779148487003112,4.232399999999999,1,4.232399999999999,6.0,inf
971,4,0.8573450572323899,1.4820206830336518,-0.04779148487003112,4.232399999999999,1,4.232399999999999,6.0,inf
971,5,0.8573450572323899,1.4820206830336518,-0.04779148487003112,4.232399999999999,1,4.232399999999999,6.0,inf
972,0,0.7175241930772039,1.0264201720084125,1.6616661292924928,1.4375999999999998,1,1.4375999999999998,6.0,inf
972,1,0.7175241930772039,1.0264201720084125,1.6616661292924928,1.4375999999999998,1,1.4375999999999998,6.0,inf
972,2,0.7175241930772039,1.0264201720084125,1.6616661292924928,1.4375999999999998,1,1.4375999999999998,6.0,inf
972,3,0.7175241930772039,1.0264201720084125,1.6616661292924928,1.4375999999999998,1,1.4375999999999998,6.0,inf
972,4,0.7175241930772039,1.0264201720084125,1.6616661292924928,1.4375999999999998,1,1.4375999999999998,6.0,inf
972,5,0.7175241930772039,1.0264201720084125,1.6616661292924928,1.4375999999999998,1,1.4375999999999998,6.0,inf
973,0,-1.4023841337058722,-0.5094976808822615,1.8211700197737921,1.4661,1,1.4661,6.0,inf
973,1,-1.4023841337058722,-0.5094976808822615,1.8211700197737921,1.4661,1,1.4661,6.0,inf
973,2,-1.4023841337058722,-0.5094976808822615,1.8211700197737921,1.4661,1,1.4661,6.0,inf
973,3,-1.4023841337058722,-0.5094976808822615,1.8211700197737921,1.4661,1,1.4661,6.0,inf
973,4,-1.4023841337058722,-0.5094976808822615,1.8211700197737921,1.4661,1,1.4661,6.0,inf
973,5,-1.4023841337058722,-0.5094976808822615,1.8211700197737921,1.4661,1,1.4661,6.0,inf
974,0,0.7866395575099993,-0.5869675809716945,2.848409583568376,0.6948,1,0.6948,6.0,inf
974,1,0.7866395575099993,-0.5869675809716945,2.848409583568376,0.6948,1,0.6948,6.0,inf
974,2,0.7866395575099993,-0.5869675809716945,2.848409583568376,0.6948,1,0.6948,6.0,inf
974,3,0.7866395575099993,-0.5869675809716945,2.848409583568376,0.6948,1,0.6948,6.0,inf
974,4,0.7866395575099993,-0.5869675809716945,2.848409583568376,0.6948,1,0.6948,6.0,inf
974,5,0.7866395575099993,-0.5869675809716945,2.848409583568376,0.6948,1,0.6948,6.0,inf
975,0,-0.5287216787683902,0.6085849675609379,-0.20748726918824842,1.1303999999999998,1,1.1303999999999998,6.0,inf
975,1,-0.5287216787683902,0.6085849675609379,-0.20748726918824842,1.1303999999999998,1,1.1303999999999998,6.0,inf
975,2,-0.5287216787683902,0.6085849675609379,-0.20748726918824842,1.1303999999999998,1,1.1303999999999998,6.0,inf
975,3,-0.5287216787683902,0.6085849675609379,-0.20748726918824842,1.1303999999999998,1,1.1303999999999998,6.0,inf
975,4,-0.5287216787683902,0.6085849675609379,-0.20748726918824842,1.1303999999999998,1,1.1303999999999998,6.0,inf
975,5,-0.5287216787683902,0.6085849675609379,-0.20748726918824842,1.1303999999999998,1,1.1303999999999998,6.0,inf
976,0,1.127752280014194,0.5724746013583036,0.47012359596439324,1.4615999999999998,1,1.4615999999999998,6.0,inf
976,1,1.127752280014194,0.5724746013583036,0.47012359596439324,1.4615999999999998,1,1.4615999999999998,6.0,inf
976,2,1.127752280014194,0.5724746013583036,0.47012359596439324,1.4615999999999998,1,1.4615999999999998,6.0,inf
976,3,1.127752280014194,0.5724746013583036,0.47012359596439324,1.4615999999999998,1,1.4615999999999998,6.0,inf
976,4,1.127752280014194,0.5724746013583036,0.47012359596439324,1.4615999999999998,1,1.4615999999999998,6.0,inf
976,5,1.127752280014194,0.5724746013583036,0.47012359596439324,1.4615999999999998,1,1.4615999999999998,6.0,inf
977,0,-1.1055757182492738,-0.7358440005298884,-0.2402343254162422,0.7691999999999999,1,0.7691999999999999,6.0,inf
977,1,-1.1055757182492738,-0.7358440005298884,-0.2402343254162422,0.7691999999999999,1,0.7691999999999999,6.0,inf
977,2,-1.1055757182492738,-0.7358440005298884,-0.2402343254162422,0.7691999999999999,1,0.7691999999999999,6.0,inf
977,3,-1.1055757182492738,-0.7358440005298884,-0.2402343254162422,0.7691999999999999,1,0.7691999999999999,6.0,inf
977,4,-1.1055757182492738,-0.7358440005298884,-0.2402343254162422,0.7691999999999999,1,0.7691999999999999,6.0,inf
977,5,-1.1055757182492738,-0.7358440005298884,-0.2402343254162422,0.7691999999999999,1,0.7691999999999999,6.0,inf
978,0,1.8512192789726747,-0.09947732120563169,0.7135583636672451,2.0511,1,2.0511,6.0,inf
978,1,1.8512192789726747,-0.09947732120563169,0.7135583636672451,2.0511,1,2.0511,6.0,inf
978,2,1.8512192789726747,-0.09947732120563169,0.7135583636672451,2.0511,1,2.0511,6.0,inf
978,3,1.8512192789726747,-0.09947732120563169,0.7135583636672451,2.0511,1,2.0511,6.0,inf
978,4,1.8512192789726747,-0.09947732120563169,0.7135583636672451,2.0511,1,2.0511,6.0,inf
978,5,1.8512192789726747,-0.09947732120563169,0.7135583636672451,2.0511,1,2.0511,6.0,inf
979,0,-0.15679797869204476,-1.5700194272371626,0.32849618094844835,0.34199999999999997,1,0.34199999999999997,6.0,inf
979,1,-0.15679797869204476,-1.5700194272371626,0.32849618094844835,0.34199999999999997,1,0.34199999999999997,6.0,inf
979,2,-0.15679797869204476,-1.5700194272371626,0.32849618094844835,0.34199999999999997,1,0.34199999999999997,6.0,inf
979,3,-0.15679797869204476,-1.5700194272371626,0.32849618094844835,0.34199999999999997,1,0.34199999999999997,6.0,inf
979,4,-0.15679797869204476,-1.5700194272371626,0.32849618094844835,0.34199999999999997,1,0.34199999999999997,6.0,inf
979,5,-0.15679797869204476,-1.5700194272371626,0.32849618094844835,0.34199999999999997,1,0.34199999999999997,6.0,inf
980,0,-0.5178839544502072,0.2571950930937254,-0.7670748306743349,0.21389999999999998,1,0.21389999999999998,6.0,inf
980,1,-0.5178839544502072,0.2571950930937254,-0.7670748306743349,0.21389999999999998,1,0.21389999999999998,6.0,inf
980,2,-0.5178839544502072,0.2571950930937254,-0.7670748306743349,0.21389999999999998,1,0.21389999999999998,6.0,inf
980,3,-0.5178839544502072,0.2571950930937254,-0.7670748306743349,0.21389999999999998,1,0.21389999999999998,6.0,inf
980,4,-0.5178839544502072,0.2571950930937254,-0.7670748306743349,0.21389999999999998,1,0.21389999999999998,6.0,inf
980,5,-0.5178839544502072,0.2571950930937254,-0.7670748306743349,0.21389999999999998,1,0.21389999999999998,6.0,inf
981,0,0.2309720803185411,-1.212960925705188,-0.24357563079744787,2.1233999999999997,1,2.1233999999999997,6.0,inf
981,1,0.2309720803185411,-1.212960925705188,-0.24357563079744787,2.1233999999999997,1,2.1233999999999997,6.0,inf
981,2,0.2309720803185411,-1.212960925705188,-0.24357563079744787,2.1233999999999997,1,2.1233999999999997,6.0,inf
981,3,0.2309720803185411,-1.212960925705188,-0.24357563079744787,2.1233999999999997,1,2.1233999999999997,6.0,inf
981,4,0.2309720803185411,-1.212960925705188,-0.24357563079744787,2.1233999999999997,1,2.1233999999999997,6.0,inf
981,5,0.2309720803185411,-1.212960925705188,-0.24357563079744787,2.1233999999999997,1,2.1233999999999997,6.0,inf
982,0,-0.42517219424836644,-1.4196326720559838,-0.17656917328183128,2.1723,1,2.1723,6.0,inf
982,1,-0.42517219424836644,-1.4196326720559838,-0.17656917328183128,2.1723,1,2.1723,6.0,inf
982,2,-0.42517219424836644,-1.4196326720559838,-0.17656917328183128,2.1723,1,2.1723,6.0,inf
982,3,-0.42517219424836644,-1.4196326720559838,-0.17656917328183128,2.1723,1,2.1723,6.0,inf
982,4,-0.42517219424836644,-1.4196326720559838,-0.17656917328183128,2.1723,1,2.1723,6.0,inf
982,5,-0.42517219424836644,-1.4196326720559838,-0.17656917328183128,2.1723,1,2.1723,6.0,inf
983,0,-0.15489054738634248,0.05746385697703912,0.9007766038696036,1.014,1,1.014,6.0,inf
983,1,-0.15489054738634248,0.05746385697703912,0.9007766038696036,1.014,1,1.014,6.0,inf
983,2,-0.15489054738634248,0.05746385697703912,0.9007766038696036,1.014,1,1.014,6.0,inf
983,3,-0.15489054738634248,0.05746385697703912,0.9007766038696036,1.014,1,1.014,6.0,inf
983,4,-0.15489054738634248,0.05746385697703912,0.9007766038696036,1.014,1,1.014,6.0,inf
983,5,-0.15489054738634248,0.05746385697703912,0.9007766038696036,1.014,1,1.014,6.0,inf
984,0,-1.5976957746323837,-1.1347843864295497,-0.7451869532453612,0.7730999999999999,1,0.7730999999999999,6.0,inf
984,1,-1.5976957746323837,-1.1347843864295497,-0.7451869532453612,0.7730999999999999,1,0.7730999999999999,6.0,inf
984,2,-1.5976957746323837,-1.1347843864295497,-0.7451869532453612,0.7730999999999999,1,0.7730999999999999,6.0,inf
984,3,-1.5976957746323837,-1.1347843864295497,-0.7451869532453612,0.7730999999999999,1,0.7730999999999999,6.0,inf
984,4,-1.5976957746323837,-1.1347843864295497,-0.7451869532453612,0.7730999999999999,1,0.7730999999999999,6.0,inf
984,5,-1.5976957746323837,-1.1347843864295497,-0.7451869532453612,0.7730999999999999,1,0.7730999999999999,6.0,inf
985,0,-0.10397736381882325,-0.8783042966764341,-0.3271649288998773,1.8992999999999998,1,1.8992999999999998,6.0,inf
985,1,-0.10397736381882325,-0.8783042966764341,-0.3271649288998773,1.8992999999999998,1,1.8992999999999998,6.0,inf
985,2,-0.10397736381882325,-0.8783042966764341,-0.3271649288998773,1.8992999999999998,1,1.8992999999999998,6.0,inf
985,3,-0.10397736381882325,-0.8783042966764341,-0.3271649288998773,1.8992999999999998,1,1.8992999999999998,6.0,inf
985,4,-0.10397736381882325,-0.8783042966764341,-0.3271649288998773,1.8992999999999998,1,1.8992999999999998,6.0,inf
985,5,-0.10397736381882325,-0.8783042966764341,-0.3271649288998773,1.8992999999999998,1,1.8992999999999998,6.0,inf
986,0,0.6329456717862099,0.3462214705812573,1.5954626697381116,1.6634999999999998,1,1.6634999999999998,6.0,inf
986,1,0.6329456717862099,0.3462214705812573,1.5954626697381116,1.6634999999999998,1,1.6634999999999998,6.0,inf
986,2,0.6329456717862099,0.3462214705812573,1.5954626697381116,1.6634999999999998,1,1.6634999999999998,6.0,inf
986,3,0.6329456717862099,0.3462214705812573,1.5954626697381116,1.6634999999999998,1,1.6634999999999998,6.0,inf
986,4,0.6329456717862099,0.3462214705812573,1.5954626697381116,1.6634999999999998,1,1.6634999999999998,6.0,inf
986,5,0.6329456717862099,0.3462214705812573,1.5954626697381116,1.6634999999999998,1,1.6634999999999998,6.0,inf
987,0,-1.0314908154745137,-1.333131405060284,-1.690752071669073,0.2226,1,0.2226,6.0,inf
987,1,-1.0314908154745137,-1.333131405060284,-1.690752071669073,0.2226,1,0.2226,6.0,inf
987,2,-1.0314908154745137,-1.333131405060284,-1.690752071669073,0.2226,1,0.2226,6.0,inf
987,3,-1.0314908154745137,-1.333131405060284,-1.690752071669073,0.2226,1,0.2226,6.0,inf
987,4,-1.0314908154745137,-1.333131405060284,-1.690752071669073,0.2226,1,0.2226,6.0,inf
987,5,-1.0314908154745137,-1.333131405060284,-1.690752071669073,0.2226,1,0.2226,6.0,inf
988,0,-0.2876677559049777,0.3308881676387619,0.38934089515449466,1.2387,1,1.2387,6.0,inf
988,1,-0.2876677559049777,0.3308881676387619,0.38934089515449466,1.2387,1,1.2387,6.0,inf
988,2,-0.2876677559049777,0.3308881676387619,0.38934089515449466,1.2387,1,1.2387,6.0,inf
988,3,-0.2876677559049777,0.3308881676387619,0.38934089515449466,1.2387,1,1.2387,6.0,inf
988,4,-0.2876677559049777,0.3308881676387619,0.38934089515449466,1.2387,1,1.2387,6.0,inf
988,5,-0.2876677559049777,0.3308881676387619,0.38934089515449466,1.2387,1,1.2387,6.0,inf
989,0,1.39934306407434,-0.5054306865886411,0.38963503194773963,2.1858,1,2.1858,6.0,inf
989,1,1.39934306407434,-0.5054306865886411,0.38963503194773963,2.1858,1,2.1858,6.0,inf
989,2,1.39934306407434,-0.5054306865886411,0.38963503194773963,2.1858,1,2.1858,6.0,inf
989,3,1.39934306407434,-0.5054306865886411,0.38963503194773963,2.1858,1,2.1858,6.0,inf
989,4,1.39934306407434,-0.5054306865886411,0.38963503194773963,2.1858,1,2.1858,6.0,inf
989,5,1.39934306407434,-0.5054306865886411,0.38963503194773963,2.1858,1,2.1858,6.0,inf
990,0,0.3797778554264565,0.24025412023369436,-0.3762549501037049,0.9602999999999999,1,0.9602999999999999,6.0,inf
990,1,0.3797778554264565,0.24025412023369436,-0.3762549501037049,0.9602999999999999,1,0.9602999999999999,6.0,inf
990,2,0.3797778554264565,0.24025412023369436,-0.3762549501037049,0.9602999999999999,1,0.9602999999999999,6.0,inf
990,3,0.3797778554264565,0.24025412023369436,-0.3762549501037049,0.9602999999999999,1,0.9602999999999999,6.0,inf
990,4,0.3797778554264565,0.24025412023369436,-0.3762549501037049,0.9602999999999999,1,0.9602999999999999,6.0,inf
990,5,0.3797778554264565,0.24025412023369436,-0.3762549501037049,0.9602999999999999,1,0.9602999999999999,6.0,inf
991,0,-1.4914070720080317,-0.9333522407365115,0.8721588901863861,0.9344999999999999,1,0.9344999999999999,6.0,inf
991,1,-1.4914070720080317,-0.9333522407365115,0.8721588901863861,0.9344999999999999,1,0.9344999999999999,6.0,inf
991,2,-1.4914070720080317,-0.9333522407365115,0.8721588901863861,0.9344999999999999,1,0.9344999999999999,6.0,inf
991,3,-1.4914070720080317,-0.9333522407365115,0.8721588901863861,0.9344999999999999,1,0.9344999999999999,6.0,inf
991,4,-1.4914070720080317,-0.9333522407365115,0.8721588901863861,0.9344999999999999,1,0.9344999999999999,6.0,inf
991,5,-1.4914070720080317,-0.9333522407365115,0.8721588901863861,0.9344999999999999,1,0.9344999999999999,6.0,inf
992,0,-0.4304454223130301,0.2221440682207581,0.781398985230896,1.5638999999999998,1,1.5638999999999998,6.0,inf
992,1,-0.4304454223130301,0.2221440682207581,0.781398985230896,1.5638999999999998,1,1.5638999999999998,6.0,inf
992,2,-0.4304454223130301,0.2221440682207581,0.781398985230896,1.5638999999999998,1,1.5638999999999998,6.0,inf
992,3,-0.4304454223130301,0.2221440682207581,0.781398985230896,1.5638999999999998,1,1.5638999999999998,6.0,inf
992,4,-0.4304454223130301,0.2221440682207581,0.781398985230896,1.5638999999999998,1,1.5638999999999998,6.0,inf
992,5,-0.4304454223130301,0.2221440682207581,0.781398985230896,1.5638999999999998,1,1.5638999999999998,6.0,inf
993,0,-0.3196876220868932,2.1121490241780423,-1.150015175418428,3.7478999999999996,1,3.7478999999999996,6.0,inf
993,1,-0.3196876220868932,2.1121490241780423,-1.150015175418428,3.7478999999999996,1,3.7478999999999996,6.0,inf
993,2,-0.3196876220868932,2.1121490241780423,-1.150015175418428,3.7478999999999996,1,3.7478999999999996,6.0,inf
993,3,-0.3196876220868932,2.1121490241780423,-1.150015175418428,3.7478999999999996,1,3.7478999999999996,6.0,inf
993,4,-0.3196876220868932,2.1121490241780423,-1.150015175418428,3.7478999999999996,1,3.7478999999999996,6.0,inf
993,5,-0.3196876220868932,2.1121490241780423,-1.150015175418428,3.7478999999999996,1,3.7478999999999996,6.0,inf
994,0,-0.0471276572917804,-0.23079794722627123,-0.16610412233301147,1.0089,1,1.0089,6.0,inf
994,1,-0.0471276572917804,-0.23079794722627123,-0.16610412233301147,1.0089,1,1.0089,6.0,inf
994,2,-0.0471276572917804,-0.23079794722627123,-0.16610412233301147,1.0089,1,1.0089,6.0,inf
994,3,-0.0471276572917804,-0.23079794722627123,-0.16610412233301147,1.0089,1,1.0089,6.0,inf
994,4,-0.0471276572917804,-0.23079794722627123,-0.16610412233301147,1.0089,1,1.0089,6.0,inf
994,5,-0.0471276572917804,-0.23079794722627123,-0.16610412233301147,1.0089,1,1.0089,6.0,inf
995,0,1.5223264616034937,-0.63358338269694,-0.40610806454352694,2.586,1,2.586,6.0,inf
995,1,1.5223264616034937,-0.63358338269694,-0.40610806454352694,2.586,1,2.586,6.0,inf
995,2,1.5223264616034937,-0.63358338269694,-0.40610806454352694,2.586,1,2.586,6.0,inf
995,3,1.5223264616034937,-0.63358338269694,-0.40610806454352694,2.586,1,2.586,6.0,inf
995,4,1.5223264616034937,-0.63358338269694,-0.40610806454352694,2.586,1,2.586,6.0,inf
995,5,1.5223264616034937,-0.63358338269694,-0.40610806454352694,2.586,1,2.586,6.0,inf
996,0,-0.8430125212100873,-2.6935049371137287,-0.25251339079918994,0.18239999999999998,1,0.18239999999999998,6.0,inf
996,1,-0.8430125212100873,-2.6935049371137287,-0.25251339079918994,0.18239999999999998,1,0.18239999999999998,6.0,inf
996,2,-0.8430125212100873,-2.6935049371137287,-0.25251339079918994,0.18239999999999998,1,0.18239999999999998,6.0,inf
996,3,-0.8430125212100873,-2.6935049371137287,-0.25251339079918994,0.18239999999999998,1,0.18239999999999998,6.0,inf
996,4,-0.8430125212100873,-2.6935049371137287,-0.25251339079918994,0.18239999999999998,1,0.18239999999999998,6.0,inf
996,5,-0.8430125212100873,-2.6935049371137287,-0.25251339079918994,0.18239999999999998,1,0.18239999999999998,6.0,inf
997,0,-1.1400548931224168,1.5347070975646178,-1.4259210254403336,5.295599999999999,1,5.295599999999999,6.0,inf
997,1,-1.1400548931224168,1.5347070975646178,-1.4259210254403336,5.295599999999999,1,5.295599999999999,6.0,inf
997,2,-1.1400548931224168,1.5347070975646178,-1.4259210254403336,5.295599999999999,1,5.295599999999999,6.0,inf
997,3,-1.1400548931224168,1.5347070975646178,-1.4259210254403336,5.295599999999999,1,5.295599999999999,6.0,inf
997,4,-1.1400548931224168,1.5347070975646178,-1.4259210254403336,5.295599999999999,1,5.295599999999999,6.0,inf
997,5,-1.1400548931224168,1.5347070975646178,-1.4259210254403336,5.295599999999999,1,5.295599999999999,6.0,inf
998,0,0.8768761115168977,1.2019772190780702,-1.6746414213202183,4.1163,1,4.1163,6.0,inf
998,1,0.8768761115168977,1.2019772190780702,-1.6746414213202183,4.1163,1,4.1163,6.0,inf
998,2,0.8768761115168977,1.2019772190780702,-1.6746414213202183,4.1163,1,4.1163,6.0,inf
998,3,0.8768761115168977,1.2019772190780702,-1.6746414213202183,4.1163,1,4.1163,6.0,inf
998,4,0.8768761115168977,1.2019772190780702,-1.6746414213202183,4.1163,1,4.1163,6.0,inf
998,5,0.8768761115168977,1.2019772190780702,-1.6746414213202183,4.1163,1,4.1163,6.0,inf
999,0,-1.6308377419819615,0.934151740953864,-1.007592271231956,6.0,0,8.0001,6.0,inf
999,1,-1.6308377419819615,0.934151740953864,-1.007592271231956,6.0,0,8.0001,6.0,inf
999,2,-1.6308377419819615,0.934151740953864,-1.007592271231956,6.0,0,8.0001,6.0,inf
999,3,-1.6308377419819615,0.934151740953864,-1.007592271231956,6.0,0,8.0001,6.0,inf
999,4,-1.6308377419819615,0.934151740953864,-1.007592271231956,6.0,0,8.0001,6.0,inf
999,5,-1.6308377419819615,0.934151740953864,-1.007592271231956,6.0,0,8.0001,6.0,inf
