id,k,x1,x2,x3,time,event,time_true,c1,c2
0,0,-0.24452589240875677,0.8853472185519033,0.29172813235891976,1.9601999999999997,1,1.9601999999999997,6.0,inf
0,1,-0.24452589240875677,0.8853472185519033,0.29172813235891976,1.9601999999999997,1,1.9601999999999997,6.0,inf
0,2,-0.24452589240875677,0.8853472185519033,0.29172813235891976,1.9601999999999997,1,1.9601999999999997,6.0,inf
0,3,-0.24452589240875677,0.8853472185519033,0.29172813235891976,1.9601999999999997,1,1.9601999999999997,6.0,inf
0,4,-0.24452589240875677,0.8853472185519033,0.29172813235891976,1.9601999999999997,1,1.9601999999999997,6.0,inf
0,5,-0.24452589240875677,0.8853472185519033,0.29172813235891976,1.9601999999999997,1,1.9601999999999997,6.0,inf
1,0,-0.5780110216178537,-0.03174425319580739,0.33589974069499706,6.0,0,8.0001,6.0,inf
1,1,-0.5780110216178537,-0.03174425319580739,0.33589974069499706,6.0,0,8.0001,6.0,inf
1,2,-0.5780110216178537,-0.03174425319580739,0.33589974069499706,6.0,0,8.0001,6.0,inf
1,3,-0.5780110216178537,-0.03174425319580739,0.33589974069499706,6.0,0,8.0001,6.0,inf
1,4,-0.5780110216178537,-0.03174425319580739,0.33589974069499706,6.0,0,8.0001,6.0,inf
1,5,-0.5780110216178537,-0.03174425319580739,0.33589974069499706,6.0,0,8.0001,6.0,inf
2,0,0.25992184646275546,0.16867703171471285,-0.7897786124428462,3.9974999999999996,1,3.9974999999999996,6.0,inf
2,1,0.25992184646275546,0.16867703171471285,-0.7897786124428462,3.9974999999999996,1,3.9974999999999996,6.0,inf
2,2,0.25992184646275546,0.16867703171471285,-0.7897786124428462,3.9974999999999996,1,3.9974999999999996,6.0,inf
2,3,0.25992184646275546,0.16867703171471285,-0.7897786124428462,3.9974999999999996,1,3.9974999999999996,6.0,inf
2,4,0.25992184646275546,0.16867703171471285,-0.7897786124428462,3.9974999999999996,1,3.9974999999999996,6.0,inf
2,5,0.25992184646275546,0.16867703171471285,-0.7897786124428462,3.9974999999999996,1,3.9974999999999996,6.0,inf
3,0,-1.0763976070681713,-0.7822666840084493,0.7112708938676311,1.9862999999999997,1,1.9862999999999997,6.0,inf
3,1,-1.0763976070681713,-0.7822666840084493,0.7112708938676311,1.9862999999999997,1,1.9862999999999997,6.0,inf
3,2,-1.0763976070681713,-0.7822666840084493,0.7112708938676311,1.9862999999999997,1,1.9862999999999997,6.0,inf
3,3,-1.0763976070681713,-0.7822666840084493,0.7112708938676311,1.9862999999999997,1,1.9862999999999997,6.0,inf
3,4,-1.0763976070681713,-0.7822666840084493,0.7112708938676311,1.9862999999999997,1,1.9862999999999997,6.0,inf
3,5,-1.0763976070681713,-0.7822666840084493,0.7112708938676311,1.9862999999999997,1,1.9862999999999997,6.0,inf
4,0,1.4689147777165177,-0.4309435370229029,1.6117945271269856,2.0930999999999997,1,2.0930999999999997,6.0,inf
4,1,1.4689147777165177,-0.4309435370229029,1.6117945271269856,2.0930999999999997,1,2.0930999999999997,6.0,inf
4,2,1.4689147777165177,-0.4309435370229029,1.6117945271269856,2.0930999999999997,1,2.0930999999999997,6.0,inf
4,3,1.4689147777165177,-0.4309435370229029,1.6117945271269856,2.0930999999999997,1,2.0930999999999997,6.0,inf
4,4,1.4689147777165177,-0.4309435370229029,1.6117945271269856,2.0930999999999997,1,2.0930999999999997,6.0,inf
4,5,1.4689147777165177,-0.4309435370229029,1.6117945271269856,2.0930999999999997,1,2.0930999999999997,6.0,inf
5,0,0.5915714688692306,-0.02941579333306599,0.7590165975106294,1.1352,1,1.1352,6.0,inf
5,1,0.5915714688692306,-0.02941579333306599,0.7590165975106294,1.1352,1,1.1352,6.0,inf
5,2,0.5915714688692306,-0.02941579333306599,0.7590165975106294,1.1352,1,1.1352,6.0,inf
5,3,0.5915714688692306,-0.02941579333306599,0.7590165975106294,1.1352,1,1.1352,6.0,inf
5,4,0.5915714688692306,-0.02941579333306599,0.7590165975106294,1.1352,1,1.1352,6.0,inf
5,5,0.5915714688692306,-0.02941579333306599,0.7590165975106294,1.1352,1,1.1352,6.0,inf
6,0,0.9671563153852168,1.6766750176788483,0.29840607874231717,1.2695999999999998,1,1.2695999999999998,6.0,inf
6,1,0.9671563153852168,1.6766750176788483,0.29840607874231717,1.2695999999999998,1,1.2695999999999998,6.0,inf
6,2,0.9671563153852168,1.6766750176788483,0.29840607874231717,1.2695999999999998,1,1.2695999999999998,6.0,inf
6,3,0.9671563153852168,1.6766750176788483,0.29840607874231717,1.2695999999999998,1,1.2695999999999998,6.0,inf
6,4,0.9671563153852168,1.6766750176788483,0.29840607874231717,1.2695999999999998,1,1.2695999999999998,6.0,inf
6,5,0.9671563153852168,1.6766750176788483,0.29840607874231717,1.2695999999999998,1,1.2695999999999998,6.0,inf
7,0,-0.2561426943344785,1.0752423447024553,-1.9326416200672474,4.3866,1,4.3866,6.0,inf
7,1,-0.2561426943344785,1.0752423447024553,-1.9326416200672474,4.3866,1,4.3866,6.0,inf
7,2,-0.2561426943344785,1.0752423447024553,-1.9326416200672474,4.3866,1,4.3866,6.0,inf
7,3,-0.2561426943344785,1.0752423447024553,-1.9326416200672474,4.3866,1,4.3866,6.0,inf
7,4,-0.2561426943344785,1.0752423447024553,-1.9326416200672474,4.3866,1,4.3866,6.0,inf
7,5,-0.2561426943344785,1.0752423447024553,-1.9326416200672474,4.3866,1,4.3866,6.0,inf
8,0,2.3699164848424257,0.25434426629127554,-0.6182953707639273,2.0084999999999997,1,2.0084999999999997,6.0,inf
8,1,2.3699164848424257,0.25434426629127554,-0.6182953707639273,2.0084999999999997,1,2.0084999999999997,6.0,inf
8,2,2.3699164848424257,0.25434426629127554,-0.6182953707639273,2.0084999999999997,1,2.0084999999999997,6.0,inf
8,3,2.3699164848424257,0.25434426629127554,-0.6182953707639273,2.0084999999999997,1,2.0084999999999997,6.0,inf
8,4,2.3699164848424257,0.25434426629127554,-0.6182953707639273,2.0084999999999997,1,2.0084999999999997,6.0,inf
8,5,2.3699164848424257,0.25434426629127554,-0.6182953707639273,2.0084999999999997,1,2.0084999999999997,6.0,inf
9,0,-0.3700262675911129,-3.039794780694216,0.2544805444184096,0.20129999999999998,1,0.20129999999999998,6.0,inf
9,1,-0.3700262675911129,-3.039794780694216,0.2544805444184096,0.20129999999999998,1,0.20129999999999998,6.0,inf
9,2,-0.3700262675911129,-3.039794780694216,0.2544805444184096,0.20129999999999998,1,0.20129999999999998,6.0,inf
9,3,-0.3700262675911129,-3.039794780694216,0.2544805444184096,0.20129999999999998,1,0.20129999999999998,6.0,inf
9,4,-0.3700262675911129,-3.039794780694216,0.2544805444184096,0.20129999999999998,1,0.20129999999999998,6.0,inf
9,5,-0.3700262675911129,-3.039794780694216,0.2544805444184096,0.20129999999999998,1,0.20129999999999998,6.0,inf
10,0,-0.5875593520145187,-1.8637212933847709,1.0411872105130504,1.0284,1,1.0284,6.0,inf
10,1,-0.5875593520145187,-1.8637212933847709,1.0411872105130504,1.0284,1,1.0284,6.0,inf
10,2,-0.5875593520145187,-1.8637212933847709,1.0411872105130504,1.0284,1,1.0284,6.0,inf
10,3,-0.5875593520145187,-1.8637212933847709,1.0411872105130504,1.0284,1,1.0284,6.0,inf
10,4,-0.5875593520145187,-1.8637212933847709,1.0411872105130504,1.0284,1,1.0284,6.0,inf
10,5,-0.5875593520145187,-1.8637212933847709,1.0411872105130504,1.0284,1,1.0284,6.0,inf
11,0,0.7848963753390155,-0.3230240970642343,0.4487652344912253,2.5079999999999996,1,2.5079999999999996,6.0,inf
11,1,0.7848963753390155,-0.3230240970642343,0.4487652344912253,2.5079999999999996,1,2.5079999999999996,6.0,inf
11,2,0.7848963753390155,-0.3230240970642343,0.4487652344912253,2.5079999999999996,1,2.5079999999999996,6.0,inf
11,3,0.7848963753390155,-0.3230240970642343,0.4487652344912253,2.5079999999999996,1,2.5079999999999996,6.0,inf
11,4,0.7848963753390155,-0.3230240970642343,0.4487652344912253,2.5079999999999996,1,2.5079999999999996,6.0,inf
11,5,0.7848963753390155,-0.3230240970642343,0.4487652344912253,2.5079999999999996,1,2.5079999999999996,6.0,inf
12,0,-1.5827279558643654,-0.4198628688225954,0.9267874714239904,0.6752999999999999,1,0.6752999999999999,6.0,inf
12,1,-1.5827279558643654,-0.4198628688225954,0.9267874714239904,0.6752999999999999,1,0.6752999999999999,6.0,inf
12,2,-1.5827279558643654,-0.4198628688225954,0.9267874714239904,0.6752999999999999,1,0.6752999999999999,6.0,inf
12,3,-1.5827279558643654,-0.4198628688225954,0.9267874714239904,0.6752999999999999,1,0.6752999999999999,6.0,inf
12,4,-1.5827279558643654,-0.4198628688225954,0.9267874714239904,0.6752999999999999,1,0.6752999999999999,6.0,inf
12,5,-1.5827279558643654,-0.4198628688225954,0.9267874714239904,0.6752999999999999,1,0.6752999999999999,6.0,inf
13,0,-0.8692936788046843,-0.5207692344283185,1.2330573053150808,1.8213,1,1.8213,6.0,inf
13,1,-0.8692936788046843,-0.5207692344283185,1.2330573053150808,1.8213,1,1.8213,6.0,inf
13,2,-0.8692936788046843,-0.5207692344283185,1.2330573053150808,1.8213,1,1.8213,6.0,inf
13,3,-0.8692936788046843,-0.5207692344283185,1.2330573053150808,1.8213,1,1.8213,6.0,inf
13,4,-0.8692936788046843,-0.5207692344283185,1.2330573053150808,1.8213,1,1.8213,6.0,inf
13,5,-0.8692936788046843,-0.5207692344283185,1.2330573053150808,1.8213,1,1.8213,6.0,inf
14,0,0.6871636940477637,-1.7243663377328007,0.6441297792036395,0.8216999999999999,1,0.8216999999999999,6.0,inf
14,1,0.6871636940477637,-1.7243663377328007,0.6441297792036395,0.8216999999999999,1,0.8216999999999999,6.0,inf
14,2,0.6871636940477637,-1.7243663377328007,0.6441297792036395,0.8216999999999999,1,0.8216999999999999,6.0,inf
14,3,0.6871636940477637,-1.7243663377328007,0.6441297792036395,0.8216999999999999,1,0.8216999999999999,6.0,inf
14,4,0.6871636940477637,-1.7243663377328007,0.6441297792036395,0.8216999999999999,1,0.8216999999999999,6.0,inf
14,5,0.6871636940477637,-1.7243663377328007,0.6441297792036395,0.8216999999999999,1,0.8216999999999999,6.0,inf
15,0,-0.9441044053078529,0.2643934437471066,-0.37826804896356103,1.7928,1,1.7928,6.0,inf
15,1,-0.9441044053078529,0.2643934437471066,-0.37826804896356103,1.7928,1,1.7928,6.0,inf
15,2,-0.9441044053078529,0.2643934437471066,-0.37826804896356103,1.7928,1,1.7928,6.0,inf
15,3,-0.9441044053078529,0.2643934437471066,-0.37826804896356103,1.7928,1,1.7928,6.0,inf
15,4,-0.9441044053078529,0.2643934437471066,-0.37826804896356103,1.7928,1,1.7928,6.0,inf
15,5,-0.9441044053078529,0.2643934437471066,-0.37826804896356103,1.7928,1,1.7928,6.0,inf
16,0,-2.2262258783325364,0.2675250328616194,0.7468765232063134,0.40769999999999995,1,0.40769999999999995,6.0,inf
16,1,-2.2262258783325364,0.2675250328616194,0.7468765232063134,0.40769999999999995,1,0.40769999999999995,6.0,inf
16,2,-2.2262258783325364,0.2675250328616194,0.7468765232063134,0.40769999999999995,1,0.40769999999999995,6.0,inf
16,3,-2.2262258783325364,0.2675250328616194,0.7468765232063134,0.40769999999999995,1,0.40769999999999995,6.0,inf
16,4,-2.2262258783325364,0.2675250328616194,0.7468765232063134,0.40769999999999995,1,0.40769999999999995,6.0,inf
16,5,-2.2262258783325364,0.2675250328616194,0.7468765232063134,0.40769999999999995,1,0.40769999999999995,6.0,inf
17,0,-0.09439365543620738,-0.3848868510001185,-1.5815216744032643,3.6767999999999996,1,3.6767999999999996,6.0,inf
17,1,-0.09439365543620738,-0.3848868510001185,-1.5815216744032643,3.6767999999999996,1,3.6767999999999996,6.0,inf
17,2,-0.09439365543620738,-0.3848868510001185,-1.5815216744032643,3.6767999999999996,1,3.6767999999999996,6.0,inf
17,3,-0.09439365543620738,-0.3848868510001185,-1.5815216744032643,3.6767999999999996,1,3.6767999999999996,6.0,inf
17,4,-0.09439365543620738,-0.3848868510001185,-1.5815216744032643,3.6767999999999996,1,3.6767999999999996,6.0,inf
17,5,-0.09439365543620738,-0.3848868510001185,-1.5815216744032643,3.6767999999999996,1,3.6767999999999996,6.0,inf
18,0,0.9169514734795129,-1.3912062205695719,0.3724617237070739,0.7887,1,0.7887,6.0,inf
18,1,0.9169514734795129,-1.3912062205695719,0.3724617237070739,0.7887,1,0.7887,6.0,inf
18,2,0.9169514734795129,-1.3912062205695719,0.3724617237070739,0.7887,1,0.7887,6.0,inf
18,3,0.9169514734795129,-1.3912062205695719,0.3724617237070739,0.7887,1,0.7887,6.0,inf
18,4,0.9169514734795129,-1.3912062205695719,0.3724617237070739,0.7887,1,0.7887,6.0,inf
18,5,0.9169514734795129,-1.3912062205695719,0.3724617237070739,0.7887,1,0.7887,6.0,inf
19,0,-0.12981077377746217,-0.7385672829201803,-2.1830626586053077,2.9213999999999998,1,2.9213999999999998,6.0,inf
19,1,-0.12981077377746217,-0.7385672829201803,-2.1830626586053077,2.9213999999999998,1,2.9213999999999998,6.0,inf
19,2,-0.12981077377746217,-0.7385672829201803,-2.1830626586053077,2.9213999999999998,1,2.9213999999999998,6.0,inf
19,3,-0.12981077377746217,-0.7385672829201803,-2.1830626586053077,2.9213999999999998,1,2.9213999999999998,6.0,inf
19,4,-0.12981077377746217,-0.7385672829201803,-2.1830626586053077,2.9213999999999998,1,2.9213999999999998,6.0,inf
19,5,-0.12981077377746217,-0.7385672829201803,-2.1830626586053077,2.9213999999999998,1,2.9213999999999998,6.0,inf
20,0,1.0582712645874404,1.1282861687531687,0.8117470715464784,3.1148999999999996,1,3.1148999999999996,6.0,inf
20,1,1.0582712645874404,1.1282861687531687,0.8117470715464784,3.1148999999999996,1,3.1148999999999996,6.0,inf
20,2,1.0582712645874404,1.1282861687531687,0.8117470715464784,3.1148999999999996,1,3.1148999999999996,6.0,inf
20,3,1.0582712645874404,1.1282861687531687,0.8117470715464784,3.1148999999999996,1,3.1148999999999996,6.0,inf
20,4,1.0582712645874404,1.1282861687531687,0.8117470715464784,3.1148999999999996,1,3.1148999999999996,6.0,inf
20,5,1.0582712645874404,1.1282861687531687,0.8117470715464784,3.1148999999999996,1,3.1148999999999996,6.0,inf
21,0,-0.5908776750207771,-1.3112458025592801,0.11817903019333688,2.4711,1,2.4711,6.0,inf
21,1,-0.5908776750207771,-1.3112458025592801,0.11817903019333688,2.4711,1,2.4711,6.0,inf
21,2,-0.5908776750207771,-1.3112458025592801,0.11817903019333688,2.4711,1,2.4711,6.0,inf
21,3,-0.5908776750207771,-1.3112458025592801,0.11817903019333688,2.4711,1,2.4711,6.0,inf
21,4,-0.5908776750207771,-1.3112458025592801,0.11817903019333688,2.4711,1,2.4711,6.0,inf
21,5,-0.5908776750207771,-1.3112458025592801,0.11817903019333688,2.4711,1,2.4711,6.0,inf
22,0,-1.6532895940242869,-0.7632100843860495,0.9439673863060486,1.1658,1,1.1658,6.0,inf
22,1,-1.6532895940242869,-0.7632100843860495,0.9439673863060486,1.1658,1,1.1658,6.0,inf
22,2,-1.6532895940242869,-0.7632100843860495,0.9439673863060486,1.1658,1,1.1658,6.0,inf
22,3,-1.6532895940242869,-0.7632100843860495,0.9439673863060486,1.1658,1,1.1658,6.0,inf
22,4,-1.6532895940242869,-0.7632100843860495,0.9439673863060486,1.1658,1,1.1658,6.0,inf
22,5,-1.6532895940242869,-0.7632100843860495,0.9439673863060486,1.1658,1,1.1658,6.0,inf
23,0,-0.6463304437694615,0.8298800232067668,0.5714253548920047,2.0444999999999998,1,2.0444999999999998,6.0,inf
23,1,-0.6463304437694615,0.8298800232067668,0.5714253548920047,2.0444999999999998,1,2.0444999999999998,6.0,inf
23,2,-0.6463304437694615,0.8298800232067668,0.5714253548920047,2.0444999999999998,1,2.0444999999999998,6.0,inf
23,3,-0.6463304437694615,0.8298800232067668,0.5714253548920047,2.0444999999999998,1,2.0444999999999998,6.0,inf
23,4,-0.6463304437694615,0.8298800232067668,0.5714253548920047,2.0444999999999998,1,2.0444999999999998,6.0,inf
23,5,-0.6463304437694615,0.8298800232067668,0.5714253548920047,2.0444999999999998,1,2.0444999999999998,6.0,inf
24,0,-0.023491368675553258,-0.9160955577893477,1.0844988711108534,2.01,1,2.01,6.0,inf
24,1,-0.023491368675553258,-0.9160955577893477,1.0844988711108534,2.01,1,2.01,6.0,inf
24,2,-0.023491368675553258,-0.9160955577893477,1.0844988711108534,2.01,1,2.01,6.0,inf
24,3,-0.023491368675553258,-0.9160955577893477,1.0844988711108534,2.01,1,2.01,6.0,inf
24,4,-0.023491368675553258,-0.9160955577893477,1.0844988711108534,2.01,1,2.01,6.0,inf
24,5,-0.023491368675553258,-0.9160955577893477,1.0844988711108534,2.01,1,2.01,6.0,inf
25,0,-0.34578242355159633,1.2394088262060303,1.4219581956867478,6.0,0,8.0001,6.0,inf
25,1,-0.34578242355159633,1.2394088262060303,1.4219581956867478,6.0,0,8.0001,6.0,inf
25,2,-0.34578242355159633,1.2394088262060303,1.4219581956867478,6.0,0,8.0001,6.0,inf
25,3,-0.34578242355159633,1.2394088262060303,1.4219581956867478,6.0,0,8.0001,6.0,inf
25,4,-0.34578242355159633,1.2394088262060303,1.4219581956867478,6.0,0,8.0001,6.0,inf
25,5,-0.34578242355159633,1.2394088262060303,1.4219581956867478,6.0,0,8.0001,6.0,inf
26,0,-0.2755362434305202,0.6104710586516865,-0.3873664413982041,3.6335999999999995,1,3.6335999999999995,6.0,inf
26,1,-0.2755362434305202,0.6104710586516865,-0.3873664413982041,3.6335999999999995,1,3.6335999999999995,6.0,inf
26,2,-0.2755362434305202,0.6104710586516865,-0.3873664413982041,3.6335999999999995,1,3.6335999999999995,6.0,inf
26,3,-0.2755362434305202,0.6104710586516865,-0.3873664413982041,3.6335999999999995,1,3.6335999999999995,6.0,inf
26,4,-0.2755362434305202,0.6104710586516865,-0.3873664413982041,3.6335999999999995,1,3.6335999999999995,6.0,inf
26,5,-0.2755362434305202,0.6104710586516865,-0.3873664413982041,3.6335999999999995,1,3.6335999999999995,6.0,inf
27,0,0.12684318816410767,0.6303311410441467,0.33585705266009025,1.6889999999999998,1,1.6889999999999998,6.0,inf
27,1,0.12684318816410767,0.6303311410441467,0.33585705266009025,1.6889999999999998,1,1.6889999999999998,6.0,inf
27,2,0.12684318816410767,0.6303311410441467,0.33585705266009025,1.6889999999999998,1,1.6889999999999998,6.0,inf
27,3,0.12684318816410767,0.6303311410441467,0.33585705266009025,1.6889999999999998,1,1.6889999999999998,6.0,inf
27,4,0.12684318816410767,0.6303311410441467,0.33585705266009025,1.6889999999999998,1,1.6889999999999998,6.0,inf
27,5,0.12684318816410767,0.6303311410441467,0.33585705266009025,1.6889999999999998,1,1.6889999999999998,6.0,inf
28,0,0.807168067276995,0.8625959097116198,-0.7459495512512344,0.8853,1,0.8853,6.0,inf
28,1,0.807168067276995,0.8625959097116198,-0.7459495512512344,0.8853,1,0.8853,6.0,inf
28,2,0.807168067276995,0.8625959097116198,-0.7459495512512344,0.8853,1,0.8853,6.0,inf
28,3,0.807168067276995,0.8625959097116198,-0.7459495512512344,0.8853,1,0.8853,6.0,inf
28,4,0.807168067276995,0.8625959097116198,-0.7459495512512344,0.8853,1,0.8853,6.0,inf
28,5,0.807168067276995,0.8625959097116198,-0.7459495512512344,0.8853,1,0.8853,6.0,inf
29,0,-0.9322523506946014,1.395646783857689,-1.4770335288054006,4.0656,1,4.0656,6.0,inf
29,1,-0.9322523506946014,1.395646783857689,-1.4770335288054006,4.0656,1,4.0656,6.0,inf
29,2,-0.9322523506946014,1.395646783857689,-1.4770335288054006,4.0656,1,4.0656,6.0,inf
29,3,-0.9322523506946014,1.395646783857689,-1.4770335288054006,4.0656,1,4.0656,6.0,inf
29,4,-0.9322523506946014,1.395646783857689,-1.4770335288054006,4.0656,1,4.0656,6.0,inf
29,5,-0.9322523506946014,1.395646783857689,-1.4770335288054006,4.0656,1,4.0656,6.0,inf
30,0,-0.061726780186397656,-0.2469882036623119,-1.9976387091427283,0.4266,1,0.4266,6.0,inf
30,1,-0.061726780186397656,-0.2469882036623119,-1.9976387091427283,0.4266,1,0.4266,6.0,inf
30,2,-0.061726780186397656,-0.2469882036623119,-1.9976387091427283,0.4266,1,0.4266,6.0,inf
30,3,-0.061726780186397656,-0.2469882036623119,-1.9976387091427283,0.4266,1,0.4266,6.0,inf
30,4,-0.061726780186397656,-0.2469882036623119,-1.9976387091427283,0.4266,1,0.4266,6.0,inf
30,5,-0.061726780186397656,-0.2469882036623119,-1.9976387091427283,0.4266,1,0.4266,6.0,inf
31,0,-0.47763162828490974,0.5924325942819904,-0.9110484895409096,0.8678999999999999,1,0.8678999999999999,6.0,inf
31,1,-0.47763162828490974,0.5924325942819904,-0.9110484895409096,0.8678999999999999,1,0.8678999999999999,6.0,inf
31,2,-0.47763162828490974,0.5924325942819904,-0.9110484895409096,0.8678999999999999,1,0.8678999999999999,6.0,inf
31,3,-0.47763162828490974,0.5924325942819904,-0.9110484895409096,0.8678999999999999,1,0.8678999999999999,6.0,inf
31,4,-0.47763162828490974,0.5924325942819904,-0.9110484895409096,0.8678999999999999,1,0.8678999999999999,6.0,inf
31,5,-0.47763162828490974,0.5924325942819904,-0.9110484895409096,0.8678999999999999,1,0.8678999999999999,6.0,inf
32,0,0.006567873119251025,0.11908448318230687,1.6201424910838893,2.2089,1,2.2089,6.0,inf
32,1,0.006567873119251025,0.11908448318230687,1.6201424910838893,2.2089,1,2.2089,6.0,inf
32,2,0.006567873119251025,0.11908448318230687,1.6201424910838893,2.2089,1,2.2089,6.0,inf
32,3,0.006567873119251025,0.11908448318230687,1.6201424910838893,2.2089,1,2.2089,6.0,inf
32,4,0.006567873119251025,0.11908448318230687,1.6201424910838893,2.2089,1,2.2089,6.0,inf
32,5,0.006567873119251025,0.11908448318230687,1.6201424910838893,2.2089,1,2.2089,6.0,inf
33,0,0.18104700640987004,1.7354342357665073,0.8653056452168006,1.4241,1,1.4241,6.0,inf
33,1,0.18104700640987004,1.7354342357665073,0.8653056452168006,1.4241,1,1.4241,6.0,inf
33,2,0.18104700640987004,1.7354342357665073,0.8653056452168006,1.4241,1,1.4241,6.0,inf
33,3,0.18104700640987004,1.7354342357665073,0.8653056452168006,1.4241,1,1.4241,6.0,inf
33,4,0.18104700640987004,1.7354342357665073,0.8653056452168006,1.4241,1,1.4241,6.0,inf
33,5,0.18104700640987004,1.7354342357665073,0.8653056452168006,1.4241,1,1.4241,6.0,inf
34,0,0.6070901217994388,0.3897417538862573,-0.7841826357475705,2.1290999999999998,1,2.1290999999999998,6.0,inf
34,1,0.6070901217994388,0.3897417538862573,-0.7841826357475705,2.1290999999999998,1,2.1290999999999998,6.0,inf
34,2,0.6070901217994388,0.3897417538862573,-0.7841826357475705,2.1290999999999998,1,2.1290999999999998,6.0,inf
34,3,0.6070901217994388,0.3897417538862573,-0.7841826357475705,2.1290999999999998,1,2.1290999999999998,6.0,inf
34,4,0.6070901217994388,0.3897417538862573,-0.7841826357475705,2.1290999999999998,1,2.1290999999999998,6.0,inf
34,5,0.6070901217994388,0.3897417538862573,-0.7841826357475705,2.1290999999999998,1,2.1290999999999998,6.0,inf
35,0,-0.8299574253723951,0.90946721461804,0.13172278765012127,5.7509999999999994,1,5.7509999999999994,6.0,inf
35,1,-0.8299574253723951,0.90946721461804,0.13172278765012127,5.7509999999999994,1,5.7509999999999994,6.0,inf
35,2,-0.8299574253723951,0.90946721461804,0.13172278765012127,5.7509999999999994,1,5.7509999999999994,6.0,inf
35,3,-0.8299574253723951,0.90946721461804,0.13172278765012127,5.7509999999999994,1,5.7509999999999994,6.0,inf
35,4,-0.8299574253723951,0.90946721461804,0.13172278765012127,5.7509999999999994,1,5.7509999999999994,6.0,inf
35,5,-0.8299574253723951,0.90946721461804,0.13172278765012127,5.7509999999999994,1,5.7509999999999994,6.0,inf
36,0,-0.9361834962948392,-1.5833914766669424,-0.9739656424418245,0.4443,1,0.4443,6.0,inf
36,1,-0.9361834962948392,-1.5833914766669424,-0.9739656424418245,0.4443,1,0.4443,6.0,inf
36,2,-0.9361834962948392,-1.5833914766669424,-0.9739656424418245,0.4443,1,0.4443,6.0,inf
36,3,-0.9361834962948392,-1.5833914766669424,-0.9739656424418245,0.4443,1,0.4443,6.0,inf
36,4,-0.9361834962948392,-1.5833914766669424,-0.9739656424418245,0.4443,1,0.4443,6.0,inf
36,5,-0.9361834962948392,-1.5833914766669424,-0.9739656424418245,0.4443,1,0.4443,6.0,inf
37,0,-0.5311906557057555,-2.208492873131024,-0.49510540488571797,0.29129999999999995,1,0.29129999999999995,6.0,inf
37,1,-0.5311906557057555,-2.208492873131024,-0.49510540488571797,0.29129999999999995,1,0.29129999999999995,6.0,inf
37,2,-0.5311906557057555,-2.208492873131024,-0.49510540488571797,0.29129999999999995,1,0.29129999999999995,6.0,inf
37,3,-0.5311906557057555,-2.208492873131024,-0.49510540488571797,0.29129999999999995,1,0.29129999999999995,6.0,inf
37,4,-0.5311906557057555,-2.208492873131024,-0.49510540488571797,0.29129999999999995,1,0.29129999999999995,6.0,inf
37,5,-0.5311906557057555,-2.208492873131024,-0.49510540488571797,0.29129999999999995,1,0.29129999999999995,6.0,inf
38,0,0.11644232970472002,1.53995407427424,0.7570787383362103,4.629,1,4.629,6.0,inf
38,1,0.11644232970472002,1.53995407427424,0.7570787383362103,4.629,1,4.629,6.0,inf
38,2,0.11644232970472002,1.53995407427424,0.7570787383362103,4.629,1,4.629,6.0,inf
38,3,0.11644232970472002,1.53995407427424,0.7570787383362103,4.629,1,4.629,6.0,inf
38,4,0.11644232970472002,1.53995407427424,0.7570787383362103,4.629,1,4.629,6.0,inf
38,5,0.11644232970472002,1.53995407427424,0.7570787383362103,4.629,1,4.629,6.0,inf
39,0,-0.36463916371351196,-2.253985386122527,2.620033397755511,1.0091999999999999,1,1.0091999999999999,6.0,inf
39,1,-0.36463916371351196,-2.253985386122527,2.620033397755511,1.0091999999999999,1,1.0091999999999999,6.0,inf
39,2,-0.36463916371351196,-2.253985386122527,2.620033397755511,1.0091999999999999,1,1.0091999999999999,6.0,inf
39,3,-0.36463916371351196,-2.253985386122527,2.620033397755511,1.0091999999999999,1,1.0091999999999999,6.0,inf
39,4,-0.36463916371351196,-2.253985386122527,2.620033397755511,1.0091999999999999,1,1.0091999999999999,6.0,inf
39,5,-0.36463916371351196,-2.253985386122527,2.620033397755511,1.0091999999999999,1,1.0091999999999999,6.0,inf
40,0,-0.5047623833761073,1.104841179159391,-1.6332091018189239,5.990399999999999,1,5.990399999999999,6.0,inf
40,1,-0.5047623833761073,1.104841179159391,-1.6332091018189239,5.990399999999999,1,5.990399999999999,6.0,inf
40,2,-0.5047623833761073,1.104841179159391,-1.6332091018189239,5.990399999999999,1,5.990399999999999,6.0,inf
40,3,-0.5047623833761073,1.104841179159391,-1.6332091018189239,5.990399999999999,1,5.990399999999999,6.0,inf
40,4,-0.5047623833761073,1.104841179159391,-1.6332091018189239,5.990399999999999,1,5.990399999999999,6.0,inf
40,5,-0.5047623833761073,1.104841179159391,-1.6332091018189239,5.990399999999999,1,5.990399999999999,6.0,inf
41,0,1.7115063056688269,3.1113502748152864,-0.23283854246467464,3.5168999999999997,1,3.5168999999999997,6.0,inf
41,1,1.7115063056688269,3.1113502748152864,-0.23283854246467464,3.5168999999999997,1,3.5168999999999997,6.0,inf
41,2,1.7115063056688269,3.1113502748152864,-0.23283854246467464,3.5168999999999997,1,3.5168999999999997,6.0,inf
41,3,1.7115063056688269,3.1113502748152864,-0.23283854246467464,3.5168999999999997,1,3.5168999999999997,6.0,inf
41,4,1.7115063056688269,3.1113502748152864,-0.23283854246467464,3.5168999999999997,1,3.5168999999999997,6.0,inf
41,5,1.7115063056688269,3.1113502748152864,-0.23283854246467464,3.5168999999999997,1,3.5168999999999997,6.0,inf
42,0,-1.3771860614187654,-0.6395155181776568,-0.28756350160112715,3.7811999999999997,1,3.7811999999999997,6.0,inf
42,1,-1.3771860614187654,-0.6395155181776568,-0.28756350160112715,3.7811999999999997,1,3.7811999999999997,6.0,inf
42,2,-1.3771860614187654,-0.6395155181776568,-0.28756350160112715,3.7811999999999997,1,3.7811999999999997,6.0,inf
42,3,-1.3771860614187654,-0.6395155181776568,-0.28756350160112715,3.7811999999999997,1,3.7811999999999997,6.0,inf
42,4,-1.3771860614187654,-0.6395155181776568,-0.28756350160112715,3.7811999999999997,1,3.7811999999999997,6.0,inf
42,5,-1.3771860614187654,-0.6395155181776568,-0.28756350160112715,3.7811999999999997,1,3.7811999999999997,6.0,inf
43,0,1.3201216850927406,-0.5092124839527764,-1.8690049412099279,1.4711999999999998,1,1.4711999999999998,6.0,inf
43,1,1.3201216850927406,-0.5092124839527764,-1.8690049412099279,1.4711999999999998,1,1.4711999999999998,6.0,inf
43,2,1.3201216850927406,-0.5092124839527764,-1.8690049412099279,1.4711999999999998,1,1.4711999999999998,6.0,inf
43,3,1.3201216850927406,-0.5092124839527764,-1.8690049412099279,1.4711999999999998,1,1.4711999999999998,6.0,inf
43,4,1.3201216850927406,-0.5092124839527764,-1.8690049412099279,1.4711999999999998,1,1.4711999999999998,6.0,inf
43,5,1.3201216850927406,-0.5092124839527764,-1.8690049412099279,1.4711999999999998,1,1.4711999999999998,6.0,inf
44,0,-0.032110194756472955,0.5252539014336737,0.1810885994484114,4.9914,1,4.9914,6.0,inf
44,1,-0.032110194756472955,0.5252539014336737,0.1810885994484114,4.9914,1,4.9914,6.0,inf
44,2,-0.032110194756472955,0.5252539014336737,0.1810885994484114,4.9914,1,4.9914,6.0,inf
44,3,-0.032110194756472955,0.5252539014336737,0.1810885994484114,4.9914,1,4.9914,6.0,inf
44,4,-0.032110194756472955,0.5252539014336737,0.1810885994484114,4.9914,1,4.9914,6.0,inf
44,5,-0.032110194756472955,0.5252539014336737,0.1810885994484114,4.9914,1,4.9914,6.0,inf
45,0,-0.2679932901128698,-0.480026543384729,-1.4367429279320347,3.4614,1,3.4614,6.0,inf
45,1,-0.2679932901128698,-0.480026543384729,-1.4367429279320347,3.4614,1,3.4614,6.0,inf
45,2,-0.2679932901128698,-0.480026543384729,-1.4367429279320347,3.4614,1,3.4614,6.0,inf
45,3,-0.2679932901128698,-0.480026543384729,-1.4367429279320347,3.4614,1,3.4614,6.0,inf
45,4,-0.2679932901128698,-0.480026543384729,-1.4367429279320347,3.4614,1,3.4614,6.0,inf
45,5,-0.2679932901128698,-0.480026543384729,-1.4367429279320347,3.4614,1,3.4614,6.0,inf
46,0,0.0689099155130489,0.45730614845952555,0.40206613739485875,6.0,0,8.0001,6.0,inf
46,1,0.0689099155130489,0.45730614845952555,0.40206613739485875,6.0,0,8.0001,6.0,inf
46,2,0.0689099155130489,0.45730614845952555,0.40206613739485875,6.0,0,8.0001,6.0,inf
46,3,0.0689099155130489,0.45730614845952555,0.40206613739485875,6.0,0,8.0001,6.0,inf
46,4,0.0689099155130489,0.45730614845952555,0.40206613739485875,6.0,0,8.0001,6.0,inf
46,5,0.0689099155130489,0.45730614845952555,0.40206613739485875,6.0,0,8.0001,6.0,inf
47,0,2.2053711377771843,1.8700826675776117,-1.7236902614334018,4.0221,1,4.0221,6.0,inf
47,1,2.2053711377771843,1.8700826675776117,-1.7236902614334018,4.0221,1,4.0221,6.0,inf
47,2,2.2053711377771843,1.8700826675776117,-1.7236902614334018,4.0221,1,4.0221,6.0,inf
47,3,2.2053711377771843,1.8700826675776117,-1.7236902614334018,4.0221,1,4.0221,6.0,inf
47,4,2.2053711377771843,1.8700826675776117,-1.7236902614334018,4.0221,1,4.0221,6.0,inf
47,5,2.2053711377771843,1.8700826675776117,-1.7236902614334018,4.0221,1,4.0221,6.0,inf
48,0,-1.3719417201254873,1.7479655700271999,1.3704515410645222,2.7497999999999996,1,2.7497999999999996,6.0,inf
48,1,-1.3719417201254873,1.7479655700271999,1.3704515410645222,2.7497999999999996,1,2.7497999999999996,6.0,inf
48,2,-1.3719417201254873,1.7479655700271999,1.3704515410645222,2.7497999999999996,1,2.7497999999999996,6.0,inf
48,3,-1.3719417201254873,1.7479655700271999,1.3704515410645222,2.7497999999999996,1,2.7497999999999996,6.0,inf
48,4,-1.3719417201254873,1.7479655700271999,1.3704515410645222,2.7497999999999996,1,2.7497999999999996,6.0,inf
48,5,-1.3719417201254873,1.7479655700271999,1.3704515410645222,2.7497999999999996,1,2.7497999999999996,6.0,inf
49,0,-0.20662584604493045,-1.5177690424749521,-2.0001016314632585,1.3742999999999999,1,1.3742999999999999,6.0,inf
49,1,-0.20662584604493045,-1.5177690424749521,-2.0001016314632585,1.3742999999999999,1,1.3742999999999999,6.0,inf
49,2,-0.20662584604493045,-1.5177690424749521,-2.0001016314632585,1.3742999999999999,1,1.3742999999999999,6.0,inf
49,3,-0.20662584604493045,-1.5177690424749521,-2.0001016314632585,1.3742999999999999,1,1.3742999999999999,6.0,inf
49,4,-0.20662584604493045,-1.5177690424749521,-2.0001016314632585,1.3742999999999999,1,1.3742999999999999,6.0,inf
49,5,-0.20662584604493045,-1.5177690424749521,-2.0001016314632585,1.3742999999999999,1,1.3742999999999999,6.0,inf
50,0,-0.3191544047950159,-1.1447879472605056,-1.2404396181422588,3.7061999999999995,1,3.7061999999999995,6.0,inf
50,1,-0.3191544047950159,-1.1447879472605056,-1.2404396181422588,3.7061999999999995,1,3.7061999999999995,6.0,inf
50,2,-0.3191544047950159,-1.1447879472605056,-1.2404396181422588,3.7061999999999995,1,3.7061999999999995,6.0,inf
50,3,-0.3191544047950159,-1.1447879472605056,-1.2404396181422588,3.7061999999999995,1,3.7061999999999995,6.0,inf
50,4,-0.3191544047950159,-1.1447879472605056,-1.2404396181422588,3.7061999999999995,1,3.7061999999999995,6.0,inf
50,5,-0.3191544047950159,-1.1447879472605056,-1.2404396181422588,3.7061999999999995,1,3.7061999999999995,6.0,inf
51,0,0.36150317516077035,-0.01129972308311839,-0.7541185429511217,3.6011999999999995,1,3.6011999999999995,6.0,inf
51,1,0.36150317516077035,-0.01129972308311839,-0.7541185429511217,3.6011999999999995,1,3.6011999999999995,6.0,inf
51,2,0.36150317516077035,-0.01129972308311839,-0.7541185429511217,3.6011999999999995,1,3.6011999999999995,6.0,inf
51,3,0.36150317516077035,-0.01129972308311839,-0.7541185429511217,3.6011999999999995,1,3.6011999999999995,6.0,inf
51,4,0.36150317516077035,-0.01129972308311839,-0.7541185429511217,3.6011999999999995,1,3.6011999999999995,6.0,inf
51,5,0.36150317516077035,-0.01129972308311839,-0.7541185429511217,3.6011999999999995,1,3.6011999999999995,6.0,inf
52,0,-2.372714081327,-0.22914419763795144,0.23665625651024488,6.0,0,8.0001,6.0,inf
52,1,-2.372714081327,-0.22914419763795144,0.23665625651024488,6.0,0,8.0001,6.0,inf
52,2,-2.372714081327,-0.22914419763795144,0.23665625651024488,6.0,0,8.0001,6.0,inf
52,3,-2.372714081327,-0.22914419763795144,0.23665625651024488,6.0,0,8.0001,6.0,inf
52,4,-2.372714081327,-0.22914419763795144,0.23665625651024488,6.0,0,8.0001,6.0,inf
52,5,-2.372714081327,-0.22914419763795144,0.23665625651024488,6.0,0,8.0001,6.0,inf
53,0,1.024334737741135,1.4960901020871133,0.40604250270383313,3.3017999999999996,1,3.3017999999999996,6.0,inf
53,1,1.024334737741135,1.4960901020871133,0.40604250270383313,3.3017999999999996,1,3.3017999999999996,6.0,inf
53,2,1.024334737741135,1.4960901020871133,0.40604250270383313,3.3017999999999996,1,3.3017999999999996,6.0,inf
53,3,1.024334737741135,1.4960901020871133,0.40604250270383313,3.3017999999999996,1,3.3017999999999996,6.0,inf
53,4,1.024334737741135,1.4960901020871133,0.40604250270383313,3.3017999999999996,1,3.3017999999999996,6.0,inf
53,5,1.024334737741135,1.4960901020871133,0.40604250270383313,3.3017999999999996,1,3.3017999999999996,6.0,inf
54,0,-1.0394205360911595,-0.8457963118642087,-0.15837331687378864,1.1703,1,1.1703,6.0,inf
54,1,-1.0394205360911595,-0.8457963118642087,-0.15837331687378864,1.1703,1,1.1703,6.0,inf
54,2,-1.0394205360911595,-0.8457963118642087,-0.15837331687378864,1.1703,1,1.1703,6.0,inf
54,3,-1.0394205360911595,-0.8457963118642087,-0.15837331687378864,1.1703,1,1.1703,6.0,inf
54,4,-1.0394205360911595,-0.8457963118642087,-0.15837331687378864,1.1703,1,1.1703,6.0,inf
54,5,-1.0394205360911595,-0.8457963118642087,-0.15837331687378864,1.1703,1,1.1703,6.0,inf
55,0,1.8325334256754808,-1.178571019461773,-1.5761546844167496,2.3181,1,2.3181,6.0,inf
55,1,1.8325334256754808,-1.178571019461773,-1.5761546844167496,2.3181,1,2.3181,6.0,inf
55,2,1.8325334256754808,-1.178571019461773,-1.5761546844167496,2.3181,1,2.3181,6.0,inf
55,3,1.8325334256754808,-1.178571019461773,-1.5761546844167496,2.3181,1,2.3181,6.0,inf
55,4,1.8325334256754808,-1.178571019461773,-1.5761546844167496,2.3181,1,2.3181,6.0,inf
55,5,1.8325334256754808,-1.178571019461773,-1.5761546844167496,2.3181,1,2.3181,6.0,inf
56,0,-0.39016039548448034,1.066266262808633,-0.49446973015512286,1.4316,1,1.4316,6.0,inf
56,1,-0.39016039548448034,1.066266262808633,-0.49446973015512286,1.4316,1,1.4316,6.0,inf
56,2,-0.39016039548448034,1.066266262808633,-0.49446973015512286,1.4316,1,1.4316,6.0,inf
56,3,-0.39016039548448034,1.066266262808633,-0.49446973015512286,1.4316,1,1.4316,6.0,inf
56,4,-0.39016039548448034,1.066266262808633,-0.49446973015512286,1.4316,1,1.4316,6.0,inf
56,5,-0.39016039548448034,1.066266262808633,-0.49446973015512286,1.4316,1,1.4316,6.0,inf
57,0,-0.2805128773738366,0.2579828889518747,-0.906921330168928,2.739,1,2.739,6.0,inf
57,1,-0.2805128773738366,0.2579828889518747,-0.906921330168928,2.739,1,2.739,6.0,inf
57,2,-0.2805128773738366,0.2579828889518747,-0.906921330168928,2.739,1,2.739,6.0,inf
57,3,-0.2805128773738366,0.2579828889518747,-0.906921330168928,2.739,1,2.739,6.0,inf
57,4,-0.2805128773738366,0.2579828889518747,-0.906921330168928,2.739,1,2.739,6.0,inf
57,5,-0.2805128773738366,0.2579828889518747,-0.906921330168928,2.739,1,2.739,6.0,inf
58,0,-1.0115032858452444,0.05242735506836988,0.7074023205613355,3.0416999999999996,1,3.0416999999999996,6.0,inf
58,1,-1.0115032858452444,0.05242735506836988,0.7074023205613355,3.0416999999999996,1,3.0416999999999996,6.0,inf
58,2,-1.0115032858452444,0.05242735506836988,0.7074023205613355,3.0416999999999996,1,3.0416999999999996,6.0,inf
58,3,-1.0115032858452444,0.05242735506836988,0.7074023205613355,3.0416999999999996,1,3.0416999999999996,6.0,inf
58,4,-1.0115032858452444,0.05242735506836988,0.7074023205613355,3.0416999999999996,1,3.0416999999999996,6.0,inf
58,5,-1.0115032858452444,0.05242735506836988,0.7074023205613355,3.0416999999999996,1,3.0416999999999996,6.0,inf
59,0,-0.21858123626110879,-0.5216894857937207,-0.850399617731256,0.7524,1,0.7524,6.0,inf
59,1,-0.21858123626110879,-0.5216894857937207,-0.850399617731256,0.7524,1,0.7524,6.0,inf
59,2,-0.21858123626110879,-0.5216894857937207,-0.850399617731256,0.7524,1,0.7524,6.0,inf
59,3,-0.21858123626110879,-0.5216894857937207,-0.850399617731256,0.7524,1,0.7524,6.0,inf
59,4,-0.21858123626110879,-0.5216894857937207,-0.850399617731256,0.7524,1,0.7524,6.0,inf
59,5,-0.21858123626110879,-0.5216894857937207,-0.850399617731256,0.7524,1,0.7524,6.0,inf
60,0,1.3192226035896701,-1.1297819645134572,1.8655453624107423,1.3008,1,1.3008,6.0,inf
60,1,1.3192226035896701,-1.1297819645134572,1.8655453624107423,1.3008,1,1.3008,6.0,inf
60,2,1.3192226035896701,-1.1297819645134572,1.8655453624107423,1.3008,1,1.3008,6.0,inf
60,3,1.3192226035896701,-1.1297819645134572,1.8655453624107423,1.3008,1,1.3008,6.0,inf
60,4,1.3192226035896701,-1.1297819645134572,1.8655453624107423,1.3008,1,1.3008,6.0,inf
60,5,1.3192226035896701,-1.1297819645134572,1.8655453624107423,1.3008,1,1.3008,6.0,inf
61,0,0.5590906402635684,-0.15882344514124333,0.8343599506889661,1.2209999999999999,1,1.2209999999999999,6.0,inf
61,1,0.5590906402635684,-0.15882344514124333,0.8343599506889661,1.2209999999999999,1,1.2209999999999999,6.0,inf
61,2,0.5590906402635684,-0.15882344514124333,0.8343599506889661,1.2209999999999999,1,1.2209999999999999,6.0,inf
61,3,0.5590906402635684,-0.15882344514124333,0.8343599506889661,1.2209999999999999,1,1.2209999999999999,6.0,inf
61,4,0.5590906402635684,-0.15882344514124333,0.8343599506889661,1.2209999999999999,1,1.2209999999999999,6.0,inf
61,5,0.5590906402635684,-0.15882344514124333,0.8343599506889661,1.2209999999999999,1,1.2209999999999999,6.0,inf
62,0,0.05718993387638357,0.2709451853490577,-0.056377887575548194,2.3385,1,2.3385,6.0,inf
62,1,0.05718993387638357,0.2709451853490577,-0.056377887575548194,2.3385,1,2.3385,6.0,inf
62,2,0.05718993387638357,0.2709451853490577,-0.056377887575548194,2.3385,1,2.3385,6.0,inf
62,3,0.05718993387638357,0.2709451853490577,-0.056377887575548194,2.3385,1,2.3385,6.0,inf
62,4,0.05718993387638357,0.2709451853490577,-0.056377887575548194,2.3385,1,2.3385,6.0,inf
62,5,0.05718993387638357,0.2709451853490577,-0.056377887575548194,2.3385,1,2.3385,6.0,inf
63,0,-1.078242074843876,-2.0260444029362765,0.39887581941224665,0.9843,1,0.9843,6.0,inf
63,1,-1.078242074843876,-2.0260444029362765,0.39887581941224665,0.9843,1,0.9843,6.0,inf
63,2,-1.078242074843876,-2.0260444029362765,0.39887581941224665,0.9843,1,0.9843,6.0,inf
63,3,-1.078242074843876,-2.0260444029362765,0.39887581941224665,0.9843,1,0.9843,6.0,inf
63,4,-1.078242074843876,-2.0260444029362765,0.39887581941224665,0.9843,1,0.9843,6.0,inf
63,5,-1.078242074843876,-2.0260444029362765,0.39887581941224665,0.9843,1,0.9843,6.0,inf
64,0,-1.7408057579592493,0.36076056887351826,-0.8158932305599313,5.009399999999999,1,5.009399999999999,6.0,inf
64,1,-1.7408057579592493,0.36076056887351826,-0.8158932305599313,5.009399999999999,1,5.009399999999999,6.0,inf
64,2,-1.7408057579592493,0.36076056887351826,-0.8158932305599313,5.009399999999999,1,5.009399999999999,6.0,inf
64,3,-1.7408057579592493,0.36076056887351826,-0.8158932305599313,5.009399999999999,1,5.009399999999999,6.0,inf
64,4,-1.7408057579592493,0.36076056887351826,-0.8158932305599313,5.009399999999999,1,5.009399999999999,6.0,inf
64,5,-1.7408057579592493,0.36076056887351826,-0.8158932305599313,5.009399999999999,1,5.009399999999999,6.0,inf
65,0,0.9237412677382515,0.6741542715896369,1.8523234470164518,3.4979999999999998,1,3.4979999999999998,6.0,inf
65,1,0.9237412677382515,0.6741542715896369,1.8523234470164518,3.4979999999999998,1,3.4979999999999998,6.0,inf
65,2,0.9237412677382515,0.6741542715896369,1.8523234470164518,3.4979999999999998,1,3.4979999999999998,6.0,inf
65,3,0.9237412677382515,0.6741542715896369,1.8523234470164518,3.4979999999999998,1,3.4979999999999998,6.0,inf
65,4,0.9237412677382515,0.6741542715896369,1.8523234470164518,3.4979999999999998,1,3.4979999999999998,6.0,inf
65,5,0.9237412677382515,0.6741542715896369,1.8523234470164518,3.4979999999999998,1,3.4979999999999998,6.0,inf
66,0,2.639615395076054,1.3041355277371816,-0.8375344204448335,2.5848,1,2.5848,6.0,inf
66,1,2.639615395076054,1.3041355277371816,-0.8375344204448335,2.5848,1,2.5848,6.0,inf
66,2,2.639615395076054,1.3041355277371816,-0.8375344204448335,2.5848,1,2.5848,6.0,inf
66,3,2.639615395076054,1.3041355277371816,-0.8375344204448335,2.5848,1,2.5848,6.0,inf
66,4,2.639615395076054,1.3041355277371816,-0.8375344204448335,2.5848,1,2.5848,6.0,inf
66,5,2.639615395076054,1.3041355277371816,-0.8375344204448335,2.5848,1,2.5848,6.0,inf
67,0,0.4233722640664311,2.0984606459680024,0.22603119265374855,3.4898999999999996,1,3.4898999999999996,6.0,inf
67,1,0.4233722640664311,2.0984606459680024,0.22603119265374855,3.4898999999999996,1,3.4898999999999996,6.0,inf
67,2,0.4233722640664311,2.0984606459680024,0.22603119265374855,3.4898999999999996,1,3.4898999999999996,6.0,inf
67,3,0.4233722640664311,2.0984606459680024,0.22603119265374855,3.4898999999999996,1,3.4898999999999996,6.0,inf
67,4,0.4233722640664311,2.0984606459680024,0.22603119265374855,3.4898999999999996,1,3.4898999999999996,6.0,inf
67,5,0.4233722640664311,2.0984606459680024,0.22603119265374855,3.4898999999999996,1,3.4898999999999996,6.0,inf
68,0,1.4706176752477713,0.8264297890537451,-0.17539058130922158,0.7901999999999999,1,0.7901999999999999,6.0,inf
68,1,1.4706176752477713,0.8264297890537451,-0.17539058130922158,0.7901999999999999,1,0.7901999999999999,6.0,inf
68,2,1.4706176752477713,0.8264297890537451,-0.17539058130922158,0.7901999999999999,1,0.7901999999999999,6.0,inf
68,3,1.4706176752477713,0.8264297890537451,-0.17539058130922158,0.7901999999999999,1,0.7901999999999999,6.0,inf
68,4,1.4706176752477713,0.8264297890537451,-0.17539058130922158,0.7901999999999999,1,0.7901999999999999,6.0,inf
68,5,1.4706176752477713,0.8264297890537451,-0.17539058130922158,0.7901999999999999,1,0.7901999999999999,6.0,inf
69,0,-0.17925420631703726,-0.4916092283580696,-0.8189223245358772,2.9000999999999997,1,2.9000999999999997,6.0,inf
69,1,-0.17925420631703726,-0.4916092283580696,-0.8189223245358772,2.9000999999999997,1,2.9000999999999997,6.0,inf
69,2,-0.17925420631703726,-0.4916092283580696,-0.8189223245358772,2.9000999999999997,1,2.9000999999999997,6.0,inf
69,3,-0.17925420631703726,-0.4916092283580696,-0.8189223245358772,2.9000999999999997,1,2.9000999999999997,6.0,inf
69,4,-0.17925420631703726,-0.4916092283580696,-0.8189223245358772,2.9000999999999997,1,2.9000999999999997,6.0,inf
69,5,-0.17925420631703726,-0.4916092283580696,-0.8189223245358772,2.9000999999999997,1,2.9000999999999997,6.0,inf
70,0,0.5935886468906786,0.09110972709271449,1.4571834741169822,1.7498999999999998,1,1.7498999999999998,6.0,inf
70,1,0.5935886468906786,0.09110972709271449,1.4571834741169822,1.7498999999999998,1,1.7498999999999998,6.0,inf
70,2,0.5935886468906786,0.09110972709271449,1.4571834741169822,1.7498999999999998,1,1.7498999999999998,6.0,inf
70,3,0.5935886468906786,0.09110972709271449,1.4571834741169822,1.7498999999999998,1,1.7498999999999998,6.0,inf
70,4,0.5935886468906786,0.09110972709271449,1.4571834741169822,1.7498999999999998,1,1.7498999999999998,6.0,inf
70,5,0.5935886468906786,0.09110972709271449,1.4571834741169822,1.7498999999999998,1,1.7498999999999998,6.0,inf
71,0,-1.0400215664125119,2.075509377266291,1.0049230281612032,4.714499999999999,1,4.714499999999999,6.0,inf
71,1,-1.0400215664125119,2.075509377266291,1.0049230281612032,4.714499999999999,1,4.714499999999999,6.0,inf
71,2,-1.0400215664125119,2.075509377266291,1.0049230281612032,4.714499999999999,1,4.714499999999999,6.0,inf
71,3,-1.0400215664125119,2.075509377266291,1.0049230281612032,4.714499999999999,1,4.714499999999999,6.0,inf
71,4,-1.0400215664125119,2.075509377266291,1.0049230281612032,4.714499999999999,1,4.714499999999999,6.0,inf
71,5,-1.0400215664125119,2.075509377266291,1.0049230281612032,4.714499999999999,1,4.714499999999999,6.0,inf
72,0,0.9256888797933668,0.40178896369717776,-1.7005190873518214,3.2306999999999997,1,3.2306999999999997,6.0,inf
72,1,0.9256888797933668,0.40178896369717776,-1.7005190873518214,3.2306999999999997,1,3.2306999999999997,6.0,inf
72,2,0.9256888797933668,0.40178896369717776,-1.7005190873518214,3.2306999999999997,1,3.2306999999999997,6.0,inf
72,3,0.9256888797933668,0.40178896369717776,-1.7005190873518214,3.2306999999999997,1,3.2306999999999997,6.0,inf
72,4,0.9256888797933668,0.40178896369717776,-1.7005190873518214,3.2306999999999997,1,3.2306999999999997,6.0,inf
72,5,0.9256888797933668,0.40178896369717776,-1.7005190873518214,3.2306999999999997,1,3.2306999999999997,6.0,inf
73,0,-1.8312032294986238,-2.182002793870325,2.706181512804649,0.7605,1,0.7605,6.0,inf
73,1,-1.8312032294986238,-2.182002793870325,2.706181512804649,0.7605,1,0.7605,6.0,inf
73,2,-1.8312032294986238,-2.182002793870325,2.706181512804649,0.7605,1,0.7605,6.0,inf
73,3,-1.8312032294986238,-2.182002793870325,2.706181512804649,0.7605,1,0.7605,6.0,inf
73,4,-1.8312032294986238,-2.182002793870325,2.706181512804649,0.7605,1,0.7605,6.0,inf
73,5,-1.8312032294986238,-2.182002793870325,2.706181512804649,0.7605,1,0.7605,6.0,inf
74,0,-0.3786058271033238,0.7903276254764896,-0.6516838475537565,6.0,0,6.6594,6.0,inf
74,1,-0.3786058271033238,0.7903276254764896,-0.6516838475537565,6.0,0,6.6594,6.0,inf
74,2,-0.3786058271033238,0.7903276254764896,-0.6516838475537565,6.0,0,6.6594,6.0,inf
74,3,-0.3786058271033238,0.7903276254764896,-0.6516838475537565,6.0,0,6.6594,6.0,inf
74,4,-0.3786058271033238,0.7903276254764896,-0.6516838475537565,6.0,0,6.6594,6.0,inf
74,5,-0.3786058271033238,0.7903276254764896,-0.6516838475537565,6.0,0,6.6594,6.0,inf
75,0,0.6916930185004526,0.4982470434022707,0.6314986561736351,2.2866,1,2.2866,6.0,inf
75,1,0.6916930185004526,0.4982470434022707,0.6314986561736351,2.2866,1,2.2866,6.0,inf
75,2,0.6916930185004526,0.4982470434022707,0.6314986561736351,2.2866,1,2.2866,6.0,inf
75,3,0.6916930185004526,0.4982470434022707,0.6314986561736351,2.2866,1,2.2866,6.0,inf
75,4,0.6916930185004526,0.4982470434022707,0.6314986561736351,2.2866,1,2.2866,6.0,inf
75,5,0.6916930185004526,0.4982470434022707,0.6314986561736351,2.2866,1,2.2866,6.0,inf
76,0,0.40491459172007976,0.9681768333623066,-0.31938708938229277,2.8931999999999998,1,2.8931999999999998,6.0,inf
76,1,0.40491459172007976,0.9681768333623066,-0.31938708938229277,2.8931999999999998,1,2.8931999999999998,6.0,inf
76,2,0.40491459172007976,0.9681768333623066,-0.31938708938229277,2.8931999999999998,1,2.8931999999999998,6.0,inf
76,3,0.40491459172007976,0.9681768333623066,-0.31938708938229277,2.8931999999999998,1,2.8931999999999998,6.0,inf
76,4,0.40491459172007976,0.9681768333623066,-0.31938708938229277,2.8931999999999998,1,2.8931999999999998,6.0,inf
76,5,0.40491459172007976,0.9681768333623066,-0.31938708938229277,2.8931999999999998,1,2.8931999999999998,6.0,inf
77,0,-0.1009189466722701,-0.3173417537261697,-0.17242816570263322,1.1475,1,1.1475,6.0,inf
77,1,-0.1009189466722701,-0.3173417537261697,-0.17242816570263322,1.1475,1,1.1475,6.0,inf
77,2,-0.1009189466722701,-0.3173417537261697,-0.17242816570263322,1.1475,1,1.1475,6.0,inf
77,3,-0.1009189466722701,-0.3173417537261697,-0.17242816570263322,1.1475,1,1.1475,6.0,inf
77,4,-0.1009189466722701,-0.3173417537261697,-0.17242816570263322,1.1475,1,1.1475,6.0,inf
77,5,-0.1009189466722701,-0.3173417537261697,-0.17242816570263322,1.1475,1,1.1475,6.0,inf
78,0,1.7531990976772327,0.06270179766439372,-2.1375746060297796,3.0368999999999997,1,3.0368999999999997,6.0,inf
78,1,1.7531990976772327,0.06270179766439372,-2.1375746060297796,3.0368999999999997,1,3.0368999999999997,6.0,inf
78,2,1.7531990976772327,0.06270179766439372,-2.1375746060297796,3.0368999999999997,1,3.0368999999999997,6.0,inf
78,3,1.7531990976772327,0.06270179766439372,-2.1375746060297796,3.0368999999999997,1,3.0368999999999997,6.0,inf
78,4,1.7531990976772327,0.06270179766439372,-2.1375746060297796,3.0368999999999997,1,3.0368999999999997,6.0,inf
78,5,1.7531990976772327,0.06270179766439372,-2.1375746060297796,3.0368999999999997,1,3.0368999999999997,6.0,inf
79,0,-0.7940484016604873,1.0194650841578237,0.375251747688843,5.530799999999999,1,5.530799999999999,6.0,inf
79,1,-0.7940484016604873,1.0194650841578237,0.375251747688843,5.530799999999999,1,5.530799999999999,6.0,inf
79,2,-0.7940484016604873,1.0194650841578237,0.375251747688843,5.530799999999999,1,5.530799999999999,6.0,inf
79,3,-0.7940484016604873,1.0194650841578237,0.375251747688843,5.530799999999999,1,5.530799999999999,6.0,inf
79,4,-0.7940484016604873,1.0194650841578237,0.375251747688843,5.530799999999999,1,5.530799999999999,6.0,inf
79,5,-0.7940484016604873,1.0194650841578237,0.375251747688843,5.530799999999999,1,5.530799999999999,6.0,inf
80,0,0.7213502360614858,0.2166000714438291,0.7574417865222214,6.0,0,6.5969999999999995,6.0,inf
80,1,0.7213502360614858,0.2166000714438291,0.7574417865222214,6.0,0,6.5969999999999995,6.0,inf
80,2,0.7213502360614858,0.2166000714438291,0.7574417865222214,6.0,0,6.5969999999999995,6.0,inf
80,3,0.7213502360614858,0.2166000714438291,0.7574417865222214,6.0,0,6.5969999999999995,6.0,inf
80,4,0.7213502360614858,0.2166000714438291,0.7574417865222214,6.0,0,6.5969999999999995,6.0,inf
80,5,0.7213502360614858,0.2166000714438291,0.7574417865222214,6.0,0,6.5969999999999995,6.0,inf
81,0,0.9311239677615935,-0.2969964173403367,-0.6066771081600968,1.4747999999999999,1,1.4747999999999999,6.0,inf
81,1,0.9311239677615935,-0.2969964173403367,-0.6066771081600968,1.4747999999999999,1,1.4747999999999999,6.0,inf
81,2,0.9311239677615935,-0.2969964173403367,-0.6066771081600968,1.4747999999999999,1,1.4747999999999999,6.0,inf
81,3,0.9311239677615935,-0.2969964173403367,-0.6066771081600968,1.4747999999999999,1,1.4747999999999999,6.0,inf
81,4,0.9311239677615935,-0.2969964173403367,-0.6066771081600968,1.4747999999999999,1,1.4747999999999999,6.0,inf
81,5,0.9311239677615935,-0.2969964173403367,-0.6066771081600968,1.4747999999999999,1,1.4747999999999999,6.0,inf
82,0,1.4695371524273215,0.4503041823731304,2.875020076305568,2.097,1,2.097,6.0,inf
82,1,1.4695371524273215,0.4503041823731304,2.875020076305568,2.097,1,2.097,6.0,inf
82,2,1.4695371524273215,0.4503041823731304,2.875020076305568,2.097,1,2.097,6.0,inf
82,3,1.4695371524273215,0.4503041823731304,2.875020076305568,2.097,1,2.097,6.0,inf
82,4,1.4695371524273215,0.4503041823731304,2.875020076305568,2.097,1,2.097,6.0,inf
82,5,1.4695371524273215,0.4503041823731304,2.875020076305568,2.097,1,2.097,6.0,inf
83,0,2.5681559994626255,-1.051153783218075,1.0283536259096975,1.8761999999999999,1,1.8761999999999999,6.0,inf
83,1,2.5681559994626255,-1.051153783218075,1.0283536259096975,1.8761999999999999,1,1.8761999999999999,6.0,inf
83,2,2.5681559994626255,-1.051153783218075,1.0283536259096975,1.8761999999999999,1,1.8761999999999999,6.0,inf
83,3,2.5681559994626255,-1.051153783218075,1.0283536259096975,1.8761999999999999,1,1.8761999999999999,6.0,inf
83,4,2.5681559994626255,-1.051153783218075,1.0283536259096975,1.8761999999999999,1,1.8761999999999999,6.0,inf
83,5,2.5681559994626255,-1.051153783218075,1.0283536259096975,1.8761999999999999,1,1.8761999999999999,6.0,inf
84,0,0.9807928000449767,-1.64765101345593,-1.0466119403941927,2.3291999999999997,1,2.3291999999999997,6.0,inf
84,1,0.9807928000449767,-1.64765101345593,-1.0466119403941927,2.3291999999999997,1,2.3291999999999997,6.0,inf
84,2,0.9807928000449767,-1.64765101345593,-1.0466119403941927,2.3291999999999997,1,2.3291999999999997,6.0,inf
84,3,0.9807928000449767,-1.64765101345593,-1.0466119403941927,2.3291999999999997,1,2.3291999999999997,6.0,inf
84,4,0.9807928000449767,-1.64765101345593,-1.0466119403941927,2.3291999999999997,1,2.3291999999999997,6.0,inf
84,5,0.9807928000449767,-1.64765101345593,-1.0466119403941927,2.3291999999999997,1,2.3291999999999997,6.0,inf
85,0,0.16442129740208428,2.1012468301991967,-0.8263778152736998,2.7903,1,2.7903,6.0,inf
85,1,0.16442129740208428,2.1012468301991967,-0.8263778152736998,2.7903,1,2.7903,6.0,inf
85,2,0.16442129740208428,2.1012468301991967,-0.8263778152736998,2.7903,1,2.7903,6.0,inf
85,3,0.16442129740208428,2.1012468301991967,-0.8263778152736998,2.7903,1,2.7903,6.0,inf
85,4,0.16442129740208428,2.1012468301991967,-0.8263778152736998,2.7903,1,2.7903,6.0,inf
85,5,0.16442129740208428,2.1012468301991967,-0.8263778152736998,2.7903,1,2.7903,6.0,inf
86,0,-0.34308630878144414,0.27922305451452784,0.06850902455490923,0.42689999999999995,1,0.42689999999999995,6.0,inf
86,1,-0.34308630878144414,0.27922305451452784,0.06850902455490923,0.42689999999999995,1,0.42689999999999995,6.0,inf
86,2,-0.34308630878144414,0.27922305451452784,0.06850902455490923,0.42689999999999995,1,0.42689999999999995,6.0,inf
86,3,-0.34308630878144414,0.27922305451452784,0.06850902455490923,0.42689999999999995,1,0.42689999999999995,6.0,inf
86,4,-0.34308630878144414,0.27922305451452784,0.06850902455490923,0.42689999999999995,1,0.42689999999999995,6.0,inf
86,5,-0.34308630878144414,0.27922305451452784,0.06850902455490923,0.42689999999999995,1,0.42689999999999995,6.0,inf
87,0,-0.3337046771901273,-2.2905520779687913,-0.665908739013629,1.2593999999999999,1,1.2593999999999999,6.0,inf
87,1,-0.3337046771901273,-2.2905520779687913,-0.665908739013629,1.2593999999999999,1,1.2593999999999999,6.0,inf
87,2,-0.3337046771901273,-2.2905520779687913,-0.665908739013629,1.2593999999999999,1,1.2593999999999999,6.0,inf
87,3,-0.3337046771901273,-2.2905520779687913,-0.665908739013629,1.2593999999999999,1,1.2593999999999999,6.0,inf
87,4,-0.3337046771901273,-2.2905520779687913,-0.665908739013629,1.2593999999999999,1,1.2593999999999999,6.0,inf
87,5,-0.3337046771901273,-2.2905520779687913,-0.665908739013629,1.2593999999999999,1,1.2593999999999999,6.0,inf
88,0,0.8761437812831068,-0.7518339207410686,-1.8655411552990813,0.49439999999999995,1,0.49439999999999995,6.0,inf
88,1,0.8761437812831068,-0.7518339207410686,-1.8655411552990813,0.49439999999999995,1,0.49439999999999995,6.0,inf
88,2,0.8761437812831068,-0.7518339207410686,-1.8655411552990813,0.49439999999999995,1,0.49439999999999995,6.0,inf
88,3,0.8761437812831068,-0.7518339207410686,-1.8655411552990813,0.49439999999999995,1,0.49439999999999995,6.0,inf
88,4,0.8761437812831068,-0.7518339207410686,-1.8655411552990813,0.49439999999999995,1,0.49439999999999995,6.0,inf
88,5,0.8761437812831068,-0.7518339207410686,-1.8655411552990813,0.49439999999999995,1,0.49439999999999995,6.0,inf
89,0,-0.3349766477525208,1.4488644926712215,-0.5768482894019014,4.7928,1,4.7928,6.0,inf
89,1,-0.3349766477525208,1.4488644926712215,-0.5768482894019014,4.7928,1,4.7928,6.0,inf
89,2,-0.3349766477525208,1.4488644926712215,-0.5768482894019014,4.7928,1,4.7928,6.0,inf
89,3,-0.3349766477525208,1.4488644926712215,-0.5768482894019014,4.7928,1,4.7928,6.0,inf
89,4,-0.3349766477525208,1.4488644926712215,-0.5768482894019014,4.7928,1,4.7928,6.0,inf
89,5,-0.3349766477525208,1.4488644926712215,-0.5768482894019014,4.7928,1,4.7928,6.0,inf
90,0,0.19311915954866188,-0.8257332488760312,0.5298365519010583,0.8268,1,0.8268,6.0,inf
90,1,0.19311915954866188,-0.8257332488760312,0.5298365519010583,0.8268,1,0.8268,6.0,inf
90,2,0.19311915954866188,-0.8257332488760312,0.5298365519010583,0.8268,1,0.8268,6.0,inf
90,3,0.19311915954866188,-0.8257332488760312,0.5298365519010583,0.8268,1,0.8268,6.0,inf
90,4,0.19311915954866188,-0.8257332488760312,0.5298365519010583,0.8268,1,0.8268,6.0,inf
90,5,0.19311915954866188,-0.8257332488760312,0.5298365519010583,0.8268,1,0.8268,6.0,inf
91,0,0.22008293365084297,-0.3680034651408822,2.310139811207394,1.0337999999999998,1,1.0337999999999998,6.0,inf
91,1,0.22008293365084297,-0.3680034651408822,2.310139811207394,1.0337999999999998,1,1.0337999999999998,6.0,inf
91,2,0.22008293365084297,-0.3680034651408822,2.310139811207394,1.0337999999999998,1,1.0337999999999998,6.0,inf
91,3,0.22008293365084297,-0.3680034651408822,2.310139811207394,1.0337999999999998,1,1.0337999999999998,6.0,inf
91,4,0.22008293365084297,-0.3680034651408822,2.310139811207394,1.0337999999999998,1,1.0337999999999998,6.0,inf
91,5,0.22008293365084297,-0.3680034651408822,2.310139811207394,1.0337999999999998,1,1.0337999999999998,6.0,inf
92,0,1.2551662499283343,-0.31378680418204674,0.0011549108484384452,1.9106999999999998,1,1.9106999999999998,6.0,inf
92,1,1.2551662499283343,-0.31378680418204674,0.0011549108484384452,1.9106999999999998,1,1.9106999999999998,6.0,inf
92,2,1.2551662499283343,-0.31378680418204674,0.0011549108484384452,1.9106999999999998,1,1.9106999999999998,6.0,inf
92,3,1.2551662499283343,-0.31378680418204674,0.0011549108484384452,1.9106999999999998,1,1.9106999999999998,6.0,inf
92,4,1.2551662499283343,-0.31378680418204674,0.0011549108484384452,1.9106999999999998,1,1.9106999999999998,6.0,inf
92,5,1.2551662499283343,-0.31378680418204674,0.0011549108484384452,1.9106999999999998,1,1.9106999999999998,6.0,inf
93,0,0.043735231460827896,-0.9568414639727147,0.62087115663199,2.1485999999999996,1,2.1485999999999996,6.0,inf
93,1,0.043735231460827896,-0.9568414639727147,0.62087115663199,2.1485999999999996,1,2.1485999999999996,6.0,inf
93,2,0.043735231460827896,-0.9568414639727147,0.62087115663199,2.1485999999999996,1,2.1485999999999996,6.0,inf
93,3,0.043735231460827896,-0.9568414639727147,0.62087115663199,2.1485999999999996,1,2.1485999999999996,6.0,inf
93,4,0.043735231460827896,-0.9568414639727147,0.62087115663199,2.1485999999999996,1,2.1485999999999996,6.0,inf
93,5,0.043735231460827896,-0.9568414639727147,0.62087115663199,2.1485999999999996,1,2.1485999999999996,6.0,inf
94,0,-0.9693155609567187,0.5550537439545166,0.07574118356250874,6.0,0,7.7177999999999995,6.0,inf
94,1,-0.9693155609567187,0.5550537439545166,0.07574118356250874,6.0,0,7.7177999999999995,6.0,inf
94,2,-0.9693155609567187,0.5550537439545166,0.07574118356250874,6.0,0,7.7177999999999995,6.0,inf
94,3,-0.9693155609567187,0.5550537439545166,0.07574118356250874,6.0,0,7.7177999999999995,6.0,inf
94,4,-0.9693155609567187,0.5550537439545166,0.07574118356250874,6.0,0,7.7177999999999995,6.0,inf
94,5,-0.9693155609567187,0.5550537439545166,0.07574118356250874,6.0,0,7.7177999999999995,6.0,inf
95,0,0.6086806857586985,-0.9979266496007257,-0.2385840763883212,2.0978999999999997,1,2.0978999999999997,6.0,inf
95,1,0.6086806857586985,-0.9979266496007257,-0.2385840763883212,2.0978999999999997,1,2.0978999999999997,6.0,inf
95,2,0.6086806857586985,-0.9979266496007257,-0.2385840763883212,2.0978999999999997,1,2.0978999999999997,6.0,inf
95,3,0.6086806857586985,-0.9979266496007257,-0.2385840763883212,2.0978999999999997,1,2.0978999999999997,6.0,inf
95,4,0.6086806857586985,-0.9979266496007257,-0.2385840763883212,2.0978999999999997,1,2.0978999999999997,6.0,inf
95,5,0.6086806857586985,-0.9979266496007257,-0.2385840763883212,2.0978999999999997,1,2.0978999999999997,6.0,inf
96,0,-1.4860424199259885,2.183228725513862,-0.76338829041989,6.0,0,8.0001,6.0,inf
96,1,-1.4860424199259885,2.183228725513862,-0.76338829041989,6.0,0,8.0001,6.0,inf
96,2,-1.4860424199259885,2.183228725513862,-0.76338829041989,6.0,0,8.0001,6.0,inf
96,3,-1.4860424199259885,2.183228725513862,-0.76338829041989,6.0,0,8.0001,6.0,inf
96,4,-1.4860424199259885,2.183228725513862,-0.76338829041989,6.0,0,8.0001,6.0,inf
96,5,-1.4860424199259885,2.183228725513862,-0.76338829041989,6.0,0,8.0001,6.0,inf
97,0,-0.0770494172242499,-1.6923169524799082,-1.660203218483889,0.3339,1,0.3339,6.0,inf
97,1,-0.0770494172242499,-1.6923169524799082,-1.660203218483889,0.3339,1,0.3339,6.0,inf
97,2,-0.0770494172242499,-1.6923169524799082,-1.660203218483889,0.3339,1,0.3339,6.0,inf
97,3,-0.0770494172242499,-1.6923169524799082,-1.660203218483889,0.3339,1,0.3339,6.0,inf
97,4,-0.0770494172242499,-1.6923169524799082,-1.660203218483889,0.3339,1,0.3339,6.0,inf
97,5,-0.0770494172242499,-1.6923169524799082,-1.660203218483889,0.3339,1,0.3339,6.0,inf
98,0,0.11703361218590755,-0.9100840438211308,1.0829660763786697,2.0679,1,2.0679,6.0,inf
98,1,0.11703361218590755,-0.9100840438211308,1.0829660763786697,2.0679,1,2.0679,6.0,inf
98,2,0.11703361218590755,-0.9100840438211308,1.0829660763786697,2.0679,1,2.0679,6.0,inf
98,3,0.11703361218590755,-0.9100840438211308,1.0829660763786697,2.0679,1,2.0679,6.0,inf
98,4,0.11703361218590755,-0.9100840438211308,1.0829660763786697,2.0679,1,2.0679,6.0,inf
98,5,0.11703361218590755,-0.9100840438211308,1.0829660763786697,2.0679,1,2.0679,6.0,inf
99,0,1.4588317296266229,0.2643905963208459,-1.2904564723117224,3.8939999999999997,1,3.8939999999999997,6.0,inf
99,1,1.4588317296266229,0.2643905963208459,-1.2904564723117224,3.8939999999999997,1,3.8939999999999997,6.0,inf
99,2,1.4588317296266229,0.2643905963208459,-1.2904564723117224,3.8939999999999997,1,3.8939999999999997,6.0,inf
99,3,1.4588317296266229,0.2643905963208459,-1.2904564723117224,3.8939999999999997,1,3.8939999999999997,6.0,inf
99,4,1.4588317296266229,0.2643905963208459,-1.2904564723117224,3.8939999999999997,1,3.8939999999999997,6.0,inf
99,5,1.4588317296266229,0.2643905963208459,-1.2904564723117224,3.8939999999999997,1,3.8939999999999997,6.0,inf
100,0,0.6766145662333672,0.7923575570688017,0.869514221730675,2.1654,1,2.1654,6.0,inf
100,1,0.6766145662333672,0.7923575570688017,0.869514221730675,2.1654,1,2.1654,6.0,inf
100,2,0.6766145662333672,0.7923575570688017,0.869514221730675,2.1654,1,2.1654,6.0,inf
100,3,0.6766145662333672,0.7923575570688017,0.869514221730675,2.1654,1,2.1654,6.0,inf
100,4,0.6766145662333672,0.7923575570688017,0.869514221730675,2.1654,1,2.1654,6.0,inf
100,5,0.6766145662333672,0.7923575570688017,0.869514221730675,2.1654,1,2.1654,6.0,inf
101,0,-0.9772064295224522,0.03454548414538323,-1.159940233490464,3.7505999999999995,1,3.7505999999999995,6.0,inf
101,1,-0.9772064295224522,0.03454548414538323,-1.159940233490464,3.7505999999999995,1,3.7505999999999995,6.0,inf
101,2,-0.9772064295224522,0.03454548414538323,-1.159940233490464,3.7505999999999995,1,3.7505999999999995,6.0,inf
101,3,-0.9772064295224522,0.03454548414538323,-1.159940233490464,3.7505999999999995,1,3.7505999999999995,6.0,inf
101,4,-0.9772064295224522,0.03454548414538323,-1.159940233490464,3.7505999999999995,1,3.7505999999999995,6.0,inf
101,5,-0.9772064295224522,0.03454548414538323,-1.159940233490464,3.7505999999999995,1,3.7505999999999995,6.0,inf
102,0,0.7060792699524142,1.2176933073639074,1.815205634198319,1.2047999999999999,1,1.2047999999999999,6.0,inf
102,1,0.7060792699524142,1.2176933073639074,1.815205634198319,1.2047999999999999,1,1.2047999999999999,6.0,inf
102,2,0.7060792699524142,1.2176933073639074,1.815205634198319,1.2047999999999999,1,1.2047999999999999,6.0,inf
102,3,0.7060792699524142,1.2176933073639074,1.815205634198319,1.2047999999999999,1,1.2047999999999999,6.0,inf
102,4,0.7060792699524142,1.2176933073639074,1.815205634198319,1.2047999999999999,1,1.2047999999999999,6.0,inf
102,5,0.7060792699524142,1.2176933073639074,1.815205634198319,1.2047999999999999,1,1.2047999999999999,6.0,inf
103,0,-0.8894475197888622,-0.8968283122031054,-0.6765940549126233,4.3107,1,4.3107,6.0,inf
103,1,-0.8894475197888622,-0.8968283122031054,-0.6765940549126233,4.3107,1,4.3107,6.0,inf
103,2,-0.8894475197888622,-0.8968283122031054,-0.6765940549126233,4.3107,1,4.3107,6.0,inf
103,3,-0.8894475197888622,-0.8968283122031054,-0.6765940549126233,4.3107,1,4.3107,6.0,inf
103,4,-0.8894475197888622,-0.8968283122031054,-0.6765940549126233,4.3107,1,4.3107,6.0,inf
103,5,-0.8894475197888622,-0.8968283122031054,-0.6765940549126233,4.3107,1,4.3107,6.0,inf
104,0,0.8432687987578613,0.46647134319630407,0.37962857147214457,2.6729999999999996,1,2.6729999999999996,6.0,inf
104,1,0.8432687987578613,0.46647134319630407,0.37962857147214457,2.6729999999999996,1,2.6729999999999996,6.0,inf
104,2,0.8432687987578613,0.46647134319630407,0.37962857147214457,2.6729999999999996,1,2.6729999999999996,6.0,inf
104,3,0.8432687987578613,0.46647134319630407,0.37962857147214457,2.6729999999999996,1,2.6729999999999996,6.0,inf
104,4,0.8432687987578613,0.46647134319630407,0.37962857147214457,2.6729999999999996,1,2.6729999999999996,6.0,inf
104,5,0.8432687987578613,0.46647134319630407,0.37962857147214457,2.6729999999999996,1,2.6729999999999996,6.0,inf
105,0,0.05584853086875746,-0.9361043141459784,-0.38283897842932085,1.2345,1,1.2345,6.0,inf
105,1,0.05584853086875746,-0.9361043141459784,-0.38283897842932085,1.2345,1,1.2345,6.0,inf
105,2,0.05584853086875746,-0.9361043141459784,-0.38283897842932085,1.2345,1,1.2345,6.0,inf
105,3,0.05584853086875746,-0.9361043141459784,-0.38283897842932085,1.2345,1,1.2345,6.0,inf
105,4,0.05584853086875746,-0.9361043141459784,-0.38283897842932085,1.2345,1,1.2345,6.0,inf
105,5,0.05584853086875746,-0.9361043141459784,-0.38283897842932085,1.2345,1,1.2345,6.0,inf
106,0,0.05218568766827063,-1.7482864908920146,-1.834598454648204,0.21389999999999998,1,0.21389999999999998,6.0,inf
106,1,0.05218568766827063,-1.7482864908920146,-1.834598454648204,0.21389999999999998,1,0.21389999999999998,6.0,inf
106,2,0.05218568766827063,-1.7482864908920146,-1.834598454648204,0.21389999999999998,1,0.21389999999999998,6.0,inf
106,3,0.05218568766827063,-1.7482864908920146,-1.834598454648204,0.21389999999999998,1,0.21389999999999998,6.0,inf
106,4,0.05218568766827063,-1.7482864908920146,-1.834598454648204,0.21389999999999998,1,0.21389999999999998,6.0,inf
106,5,0.05218568766827063,-1.7482864908920146,-1.834598454648204,0.21389999999999998,1,0.21389999999999998,6.0,inf
107,0,1.5461726232424717,-0.6431379754981451,0.6300411073648625,2.1654,1,2.1654,6.0,inf
107,1,1.5461726232424717,-0.6431379754981451,0.6300411073648625,2.1654,1,2.1654,6.0,inf
107,2,1.5461726232424717,-0.6431379754981451,0.6300411073648625,2.1654,1,2.1654,6.0,inf
107,3,1.5461726232424717,-0.6431379754981451,0.6300411073648625,2.1654,1,2.1654,6.0,inf
107,4,1.5461726232424717,-0.6431379754981451,0.6300411073648625,2.1654,1,2.1654,6.0,inf
107,5,1.5461726232424717,-0.6431379754981451,0.6300411073648625,2.1654,1,2.1654,6.0,inf
108,0,-0.3165842293507836,0.7010485571926768,0.6408365973974771,1.6377,1,1.6377,6.0,inf
108,1,-0.3165842293507836,0.7010485571926768,0.6408365973974771,1.6377,1,1.6377,6.0,inf
108,2,-0.3165842293507836,0.7010485571926768,0.6408365973974771,1.6377,1,1.6377,6.0,inf
108,3,-0.3165842293507836,0.7010485571926768,0.6408365973974771,1.6377,1,1.6377,6.0,inf
108,4,-0.3165842293507836,0.7010485571926768,0.6408365973974771,1.6377,1,1.6377,6.0,inf
108,5,-0.3165842293507836,0.7010485571926768,0.6408365973974771,1.6377,1,1.6377,6.0,inf
109,0,0.590550257181447,-0.9948070919477696,-0.7808715654447884,3.2175,1,3.2175,6.0,inf
109,1,0.590550257181447,-0.9948070919477696,-0.7808715654447884,3.2175,1,3.2175,6.0,inf
109,2,0.590550257181447,-0.9948070919477696,-0.7808715654447884,3.2175,1,3.2175,6.0,inf
109,3,0.590550257181447,-0.9948070919477696,-0.7808715654447884,3.2175,1,3.2175,6.0,inf
109,4,0.590550257181447,-0.9948070919477696,-0.7808715654447884,3.2175,1,3.2175,6.0,inf
109,5,0.590550257181447,-0.9948070919477696,-0.7808715654447884,3.2175,1,3.2175,6.0,inf
110,0,-0.8717691666516756,0.7642015650944278,1.1264503786678681,1.2821999999999998,1,1.2821999999999998,6.0,inf
110,1,-0.8717691666516756,0.7642015650944278,1.1264503786678681,1.2821999999999998,1,1.2821999999999998,6.0,inf
110,2,-0.8717691666516756,0.7642015650944278,1.1264503786678681,1.2821999999999998,1,1.2821999999999998,6.0,inf
110,3,-0.8717691666516756,0.7642015650944278,1.1264503786678681,1.2821999999999998,1,1.2821999999999998,6.0,inf
110,4,-0.8717691666516756,0.7642015650944278,1.1264503786678681,1.2821999999999998,1,1.2821999999999998,6.0,inf
110,5,-0.8717691666516756,0.7642015650944278,1.1264503786678681,1.2821999999999998,1,1.2821999999999998,6.0,inf
111,0,-1.3802333365435313,0.5230748707642405,0.6583884429901433,5.061599999999999,1,5.061599999999999,6.0,inf
111,1,-1.3802333365435313,0.5230748707642405,0.6583884429901433,5.061599999999999,1,5.061599999999999,6.0,inf
111,2,-1.3802333365435313,0.5230748707642405,0.6583884429901433,5.061599999999999,1,5.061599999999999,6.0,inf
111,3,-1.3802333365435313,0.5230748707642405,0.6583884429901433,5.061599999999999,1,5.061599999999999,6.0,inf
111,4,-1.3802333365435313,0.5230748707642405,0.6583884429901433,5.061599999999999,1,5.061599999999999,6.0,inf
111,5,-1.3802333365435313,0.5230748707642405,0.6583884429901433,5.061599999999999,1,5.061599999999999,6.0,inf
112,0,1.0233915063574042,0.43968422818054276,0.6704761532252305,2.6957999999999998,1,2.6957999999999998,6.0,inf
112,1,1.0233915063574042,0.43968422818054276,0.6704761532252305,2.6957999999999998,1,2.6957999999999998,6.0,inf
112,2,1.0233915063574042,0.43968422818054276,0.6704761532252305,2.6957999999999998,1,2.6957999999999998,6.0,inf
112,3,1.0233915063574042,0.43968422818054276,0.6704761532252305,2.6957999999999998,1,2.6957999999999998,6.0,inf
112,4,1.0233915063574042,0.43968422818054276,0.6704761532252305,2.6957999999999998,1,2.6957999999999998,6.0,inf
112,5,1.0233915063574042,0.43968422818054276,0.6704761532252305,2.6957999999999998,1,2.6957999999999998,6.0,inf
113,0,0.1954669482807695,0.029896081835813562,0.8228794719321365,2.7318,1,2.7318,6.0,inf
113,1,0.1954669482807695,0.029896081835813562,0.8228794719321365,2.7318,1,2.7318,6.0,inf
113,2,0.1954669482807695,0.029896081835813562,0.8228794719321365,2.7318,1,2.7318,6.0,inf
113,3,0.1954669482807695,0.029896081835813562,0.8228794719321365,2.7318,1,2.7318,6.0,inf
113,4,0.1954669482807695,0.029896081835813562,0.8228794719321365,2.7318,1,2.7318,6.0,inf
113,5,0.1954669482807695,0.029896081835813562,0.8228794719321365,2.7318,1,2.7318,6.0,inf
114,0,0.7825095799886811,-1.9804879064240943,-0.013006996998829871,1.5821999999999998,1,1.5821999999999998,6.0,inf
114,1,0.7825095799886811,-1.9804879064240943,-0.013006996998829871,1.5821999999999998,1,1.5821999999999998,6.0,inf
114,2,0.7825095799886811,-1.9804879064240943,-0.013006996998829871,1.5821999999999998,1,1.5821999999999998,6.0,inf
114,3,0.7825095799886811,-1.9804879064240943,-0.013006996998829871,1.5821999999999998,1,1.5821999999999998,6.0,inf
114,4,0.7825095799886811,-1.9804879064240943,-0.013006996998829871,1.5821999999999998,1,1.5821999999999998,6.0,inf
114,5,0.7825095799886811,-1.9804879064240943,-0.013006996998829871,1.5821999999999998,1,1.5821999999999998,6.0,inf
115,0,-1.1449438593200432,0.46618954266446977,1.2247506292369603,1.9997999999999998,1,1.9997999999999998,6.0,inf
115,1,-1.1449438593200432,0.46618954266446977,1.2247506292369603,1.9997999999999998,1,1.9997999999999998,6.0,inf
115,2,-1.1449438593200432,0.46618954266446977,1.2247506292369603,1.9997999999999998,1,1.9997999999999998,6.0,inf
115,3,-1.1449438593200432,0.46618954266446977,1.2247506292369603,1.9997999999999998,1,1.9997999999999998,6.0,inf
115,4,-1.1449438593200432,0.46618954266446977,1.2247506292369603,1.9997999999999998,1,1.9997999999999998,6.0,inf
115,5,-1.1449438593200432,0.46618954266446977,1.2247506292369603,1.9997999999999998,1,1.9997999999999998,6.0,inf
116,0,-1.6688924810634438,-0.04701753547538578,0.7930830231454502,1.2128999999999999,1,1.2128999999999999,6.0,inf
116,1,-1.6688924810634438,-0.04701753547538578,0.7930830231454502,1.2128999999999999,1,1.2128999999999999,6.0,inf
116,2,-1.6688924810634438,-0.04701753547538578,0.7930830231454502,1.2128999999999999,1,1.2128999999999999,6.0,inf
116,3,-1.6688924810634438,-0.04701753547538578,0.7930830231454502,1.2128999999999999,1,1.2128999999999999,6.0,inf
116,4,-1.6688924810634438,-0.04701753547538578,0.7930830231454502,1.2128999999999999,1,1.2128999999999999,6.0,inf
116,5,-1.6688924810634438,-0.04701753547538578,0.7930830231454502,1.2128999999999999,1,1.2128999999999999,6.0,inf
117,0,2.253309030421626,0.6719696879115791,0.99102325094262,2.0679,1,2.0679,6.0,inf
117,1,2.253309030421626,0.6719696879115791,0.99102325094262,2.0679,1,2.0679,6.0,inf
117,2,2.253309030421626,0.6719696879115791,0.99102325094262,2.0679,1,2.0679,6.0,inf
117,3,2.253309030421626,0.6719696879115791,0.99102325094262,2.0679,1,2.0679,6.0,inf
117,4,2.253309030421626,0.6719696879115791,0.99102325094262,2.0679,1,2.0679,6.0,inf
117,5,2.253309030421626,0.6719696879115791,0.99102325094262,2.0679,1,2.0679,6.0,inf
118,0,0.07741589519272664,0.5785004190339035,0.08029697748504334,1.6412999999999998,1,1.6412999999999998,6.0,inf
118,1,0.07741589519272664,0.5785004190339035,0.08029697748504334,1.6412999999999998,1,1.6412999999999998,6.0,inf
118,2,0.07741589519272664,0.5785004190339035,0.08029697748504334,1.6412999999999998,1,1.6412999999999998,6.0,inf
118,3,0.07741589519272664,0.5785004190339035,0.08029697748504334,1.6412999999999998,1,1.6412999999999998,6.0,inf
118,4,0.07741589519272664,0.5785004190339035,0.08029697748504334,1.6412999999999998,1,1.6412999999999998,6.0,inf
118,5,0.07741589519272664,0.5785004190339035,0.08029697748504334,1.6412999999999998,1,1.6412999999999998,6.0,inf
119,0,-0.1383440720825428,1.150964506767924,0.5712518155523637,4.7139,1,4.7139,6.0,inf
119,1,-0.1383440720825428,1.150964506767924,0.5712518155523637,4.7139,1,4.7139,6.0,inf
119,2,-0.1383440720825428,1.150964506767924,0.5712518155523637,4.7139,1,4.7139,6.0,inf
119,3,-0.1383440720825428,1.150964506767924,0.5712518155523637,4.7139,1,4.7139,6.0,inf
119,4,-0.1383440720825428,1.150964506767924,0.5712518155523637,4.7139,1,4.7139,6.0,inf
119,5,-0.1383440720825428,1.150964506767924,0.5712518155523637,4.7139,1,4.7139,6.0,inf
120,0,0.7950485270206763,-0.34655019561400474,-0.5290620131026912,0.3354,1,0.3354,6.0,inf
120,1,0.7950485270206763,-0.34655019561400474,-0.5290620131026912,0.3354,1,0.3354,6.0,inf
120,2,0.7950485270206763,-0.34655019561400474,-0.5290620131026912,0.3354,1,0.3354,6.0,inf
120,3,0.7950485270206763,-0.34655019561400474,-0.5290620131026912,0.3354,1,0.3354,6.0,inf
120,4,0.7950485270206763,-0.34655019561400474,-0.5290620131026912,0.3354,1,0.3354,6.0,inf
120,5,0.7950485270206763,-0.34655019561400474,-0.5290620131026912,0.3354,1,0.3354,6.0,inf
121,0,0.09808378261578411,1.0964756741159674,-1.0643873566983835,3.6230999999999995,1,3.6230999999999995,6.0,inf
121,1,0.09808378261578411,1.0964756741159674,-1.0643873566983835,3.6230999999999995,1,3.6230999999999995,6.0,inf
121,2,0.09808378261578411,1.0964756741159674,-1.0643873566983835,3.6230999999999995,1,3.6230999999999995,6.0,inf
121,3,0.09808378261578411,1.0964756741159674,-1.0643873566983835,3.6230999999999995,1,3.6230999999999995,6.0,inf
121,4,0.09808378261578411,1.0964756741159674,-1.0643873566983835,3.6230999999999995,1,3.6230999999999995,6.0,inf
121,5,0.09808378261578411,1.0964756741159674,-1.0643873566983835,3.6230999999999995,1,3.6230999999999995,6.0,inf
122,0,-1.7133949337125916,1.0093167623684984,0.6686140698739436,1.4690999999999999,1,1.4690999999999999,6.0,inf
122,1,-1.7133949337125916,1.0093167623684984,0.6686140698739436,1.4690999999999999,1,1.4690999999999999,6.0,inf
122,2,-1.7133949337125916,1.0093167623684984,0.6686140698739436,1.4690999999999999,1,1.4690999999999999,6.0,inf
122,3,-1.7133949337125916,1.0093167623684984,0.6686140698739436,1.4690999999999999,1,1.4690999999999999,6.0,inf
122,4,-1.7133949337125916,1.0093167623684984,0.6686140698739436,1.4690999999999999,1,1.4690999999999999,6.0,inf
122,5,-1.7133949337125916,1.0093167623684984,0.6686140698739436,1.4690999999999999,1,1.4690999999999999,6.0,inf
123,0,-0.7041797948601429,0.766675336963242,-1.130254690854206,3.0410999999999997,1,3.0410999999999997,6.0,inf
123,1,-0.7041797948601429,0.766675336963242,-1.130254690854206,3.0410999999999997,1,3.0410999999999997,6.0,inf
123,2,-0.7041797948601429,0.766675336963242,-1.130254690854206,3.0410999999999997,1,3.0410999999999997,6.0,inf
123,3,-0.7041797948601429,0.766675336963242,-1.130254690854206,3.0410999999999997,1,3.0410999999999997,6.0,inf
123,4,-0.7041797948601429,0.766675336963242,-1.130254690854206,3.0410999999999997,1,3.0410999999999997,6.0,inf
123,5,-0.7041797948601429,0.766675336963242,-1.130254690854206,3.0410999999999997,1,3.0410999999999997,6.0,inf
124,0,-0.28946398180520916,1.1368521313107773,1.1304930857786366,6.0,0,6.2136,6.0,inf
124,1,-0.28946398180520916,1.1368521313107773,1.1304930857786366,6.0,0,6.2136,6.0,inf
124,2,-0.28946398180520916,1.1368521313107773,1.1304930857786366,6.0,0,6.2136,6.0,inf
124,3,-0.28946398180520916,1.1368521313107773,1.1304930857786366,6.0,0,6.2136,6.0,inf
124,4,-0.28946398180520916,1.1368521313107773,1.1304930857786366,6.0,0,6.2136,6.0,inf
124,5,-0.28946398180520916,1.1368521313107773,1.1304930857786366,6.0,0,6.2136,6.0,inf
125,0,0.5657272061877178,-1.498262869965034,-1.0628547968812712,3.0869999999999997,1,3.0869999999999997,6.0,inf
125,1,0.5657272061877178,-1.498262869965034,-1.0628547968812712,3.0869999999999997,1,3.0869999999999997,6.0,inf
125,2,0.5657272061877178,-1.498262869965034,-1.0628547968812712,3.0869999999999997,1,3.0869999999999997,6.0,inf
125,3,0.5657272061877178,-1.498262869965034,-1.0628547968812712,3.0869999999999997,1,3.0869999999999997,6.0,inf
125,4,0.5657272061877178,-1.498262869965034,-1.0628547968812712,3.0869999999999997,1,3.0869999999999997,6.0,inf
125,5,0.5657272061877178,-1.498262869965034,-1.0628547968812712,3.0869999999999997,1,3.0869999999999997,6.0,inf
126,0,0.897730297528086,-0.8423380962778299,1.206159220662552,1.5563999999999998,1,1.5563999999999998,6.0,inf
126,1,0.897730297528086,-0.8423380962778299,1.206159220662552,1.5563999999999998,1,1.5563999999999998,6.0,inf
126,2,0.897730297528086,-0.8423380962778299,1.206159220662552,1.5563999999999998,1,1.5563999999999998,6.0,inf
126,3,0.897730297528086,-0.8423380962778299,1.206159220662552,1.5563999999999998,1,1.5563999999999998,6.0,inf
126,4,0.897730297528086,-0.8423380962778299,1.206159220662552,1.5563999999999998,1,1.5563999999999998,6.0,inf
126,5,0.897730297528086,-0.8423380962778299,1.206159220662552,1.5563999999999998,1,1.5563999999999998,6.0,inf
127,0,-0.42455459455579003,0.9386523369028261,-0.7383110176623084,3.9503999999999997,1,3.9503999999999997,6.0,inf
127,1,-0.42455459455579003,0.9386523369028261,-0.7383110176623084,3.9503999999999997,1,3.9503999999999997,6.0,inf
127,2,-0.42455459455579003,0.9386523369028261,-0.7383110176623084,3.9503999999999997,1,3.9503999999999997,6.0,inf
127,3,-0.42455459455579003,0.9386523369028261,-0.7383110176623084,3.9503999999999997,1,3.9503999999999997,6.0,inf
127,4,-0.42455459455579003,0.9386523369028261,-0.7383110176623084,3.9503999999999997,1,3.9503999999999997,6.0,inf
127,5,-0.42455459455579003,0.9386523369028261,-0.7383110176623084,3.9503999999999997,1,3.9503999999999997,6.0,inf
128,0,-0.48979959296416925,1.9884107317803823,-0.2639445489437934,5.5218,1,5.5218,6.0,inf
128,1,-0.48979959296416925,1.9884107317803823,-0.2639445489437934,5.5218,1,5.5218,6.0,inf
128,2,-0.48979959296416925,1.9884107317803823,-0.2639445489437934,5.5218,1,5.5218,6.0,inf
128,3,-0.48979959296416925,1.9884107317803823,-0.2639445489437934,5.5218,1,5.5218,6.0,inf
128,4,-0.48979959296416925,1.9884107317803823,-0.2639445489437934,5.5218,1,5.5218,6.0,inf
128,5,-0.48979959296416925,1.9884107317803823,-0.2639445489437934,5.5218,1,5.5218,6.0,inf
129,0,-1.0656938503293898,-0.6985915734399276,1.6686044245519263,1.5827999999999998,1,1.5827999999999998,6.0,inf
129,1,-1.0656938503293898,-0.6985915734399276,1.6686044245519263,1.5827999999999998,1,1.5827999999999998,6.0,inf
129,2,-1.0656938503293898,-0.6985915734399276,1.6686044245519263,1.5827999999999998,1,1.5827999999999998,6.0,inf
129,3,-1.0656938503293898,-0.6985915734399276,1.6686044245519263,1.5827999999999998,1,1.5827999999999998,6.0,inf
129,4,-1.0656938503293898,-0.6985915734399276,1.6686044245519263,1.5827999999999998,1,1.5827999999999998,6.0,inf
129,5,-1.0656938503293898,-0.6985915734399276,1.6686044245519263,1.5827999999999998,1,1.5827999999999998,6.0,inf
130,0,-0.1805784969262574,0.11689881708720108,-0.7035201065304706,3.1016999999999997,1,3.1016999999999997,6.0,inf
130,1,-0.1805784969262574,0.11689881708720108,-0.7035201065304706,3.1016999999999997,1,3.1016999999999997,6.0,inf
130,2,-0.1805784969262574,0.11689881708720108,-0.7035201065304706,3.1016999999999997,1,3.1016999999999997,6.0,inf
130,3,-0.1805784969262574,0.11689881708720108,-0.7035201065304706,3.1016999999999997,1,3.1016999999999997,6.0,inf
130,4,-0.1805784969262574,0.11689881708720108,-0.7035201065304706,3.1016999999999997,1,3.1016999999999997,6.0,inf
130,5,-0.1805784969262574,0.11689881708720108,-0.7035201065304706,3.1016999999999997,1,3.1016999999999997,6.0,inf
131,0,-1.702997788238616,-0.330464846561938,-1.2692949199186394,0.9158999999999999,1,0.9158999999999999,6.0,inf
131,1,-1.702997788238616,-0.330464846561938,-1.2692949199186394,0.9158999999999999,1,0.9158999999999999,6.0,inf
131,2,-1.702997788238616,-0.330464846561938,-1.2692949199186394,0.9158999999999999,1,0.9158999999999999,6.0,inf
131,3,-1.702997788238616,-0.330464846561938,-1.2692949199186394,0.9158999999999999,1,0.9158999999999999,6.0,inf
131,4,-1.702997788238616,-0.330464846561938,-1.2692949199186394,0.9158999999999999,1,0.9158999999999999,6.0,inf
131,5,-1.702997788238616,-0.330464846561938,-1.2692949199186394,0.9158999999999999,1,0.9158999999999999,6.0,inf
132,0,-0.3891948405735875,-1.0119101184285522,-0.20733887744650242,2.8829999999999996,1,2.8829999999999996,6.0,inf
132,1,-0.3891948405735875,-1.0119101184285522,-0.20733887744650242,2.8829999999999996,1,2.8829999999999996,6.0,inf
132,2,-0.3891948405735875,-1.0119101184285522,-0.20733887744650242,2.8829999999999996,1,2.8829999999999996,6.0,inf
132,3,-0.3891948405735875,-1.0119101184285522,-0.20733887744650242,2.8829999999999996,1,2.8829999999999996,6.0,inf
132,4,-0.3891948405735875,-1.0119101184285522,-0.20733887744650242,2.8829999999999996,1,2.8829999999999996,6.0,inf
132,5,-0.3891948405735875,-1.0119101184285522,-0.20733887744650242,2.8829999999999996,1,2.8829999999999996,6.0,inf
133,0,0.509414514386454,1.2819088770193585,-0.48485613846918924,4.433999999999999,1,4.433999999999999,6.0,inf
133,1,0.509414514386454,1.2819088770193585,-0.48485613846918924,4.433999999999999,1,4.433999999999999,6.0,inf
133,2,0.509414514386454,1.2819088770193585,-0.48485613846918924,4.433999999999999,1,4.433999999999999,6.0,inf
133,3,0.509414514386454,1.2819088770193585,-0.48485613846918924,4.433999999999999,1,4.433999999999999,6.0,inf
133,4,0.509414514386454,1.2819088770193585,-0.48485613846918924,4.433999999999999,1,4.433999999999999,6.0,inf
133,5,0.509414514386454,1.2819088770193585,-0.48485613846918924,4.433999999999999,1,4.433999999999999,6.0,inf
134,0,-1.1526136310686026,0.9968528020279618,1.6415141729219875,0.5304,1,0.5304,6.0,inf
134,1,-1.1526136310686026,0.9968528020279618,1.6415141729219875,0.5304,1,0.5304,6.0,inf
134,2,-1.1526136310686026,0.9968528020279618,1.6415141729219875,0.5304,1,0.5304,6.0,inf
134,3,-1.1526136310686026,0.9968528020279618,1.6415141729219875,0.5304,1,0.5304,6.0,inf
134,4,-1.1526136310686026,0.9968528020279618,1.6415141729219875,0.5304,1,0.5304,6.0,inf
134,5,-1.1526136310686026,0.9968528020279618,1.6415141729219875,0.5304,1,0.5304,6.0,inf
135,0,0.6605295661959313,0.28903618575882917,0.6502039784552862,1.5479999999999998,1,1.5479999999999998,6.0,inf
135,1,0.6605295661959313,0.28903618575882917,0.6502039784552862,1.5479999999999998,1,1.5479999999999998,6.0,inf
135,2,0.6605295661959313,0.28903618575882917,0.6502039784552862,1.5479999999999998,1,1.5479999999999998,6.0,inf
135,3,0.6605295661959313,0.28903618575882917,0.6502039784552862,1.5479999999999998,1,1.5479999999999998,6.0,inf
135,4,0.6605295661959313,0.28903618575882917,0.6502039784552862,1.5479999999999998,1,1.5479999999999998,6.0,inf
135,5,0.6605295661959313,0.28903618575882917,0.6502039784552862,1.5479999999999998,1,1.5479999999999998,6.0,inf
136,0,-0.925146474628047,-0.13385297900426812,-0.6464719452134795,6.0,0,8.0001,6.0,inf
136,1,-0.925146474628047,-0.13385297900426812,-0.6464719452134795,6.0,0,8.0001,6.0,inf
136,2,-0.925146474628047,-0.13385297900426812,-0.6464719452134795,6.0,0,8.0001,6.0,inf
136,3,-0.925146474628047,-0.13385297900426812,-0.6464719452134795,6.0,0,8.0001,6.0,inf
136,4,-0.925146474628047,-0.13385297900426812,-0.6464719452134795,6.0,0,8.0001,6.0,inf
136,5,-0.925146474628047,-0.13385297900426812,-0.6464719452134795,6.0,0,8.0001,6.0,inf
137,0,0.7983887006623481,-1.4710053284192783,0.9756787000222739,0.14579999999999999,1,0.14579999999999999,6.0,inf
137,1,0.7983887006623481,-1.4710053284192783,0.9756787000222739,0.14579999999999999,1,0.14579999999999999,6.0,inf
137,2,0.7983887006623481,-1.4710053284192783,0.9756787000222739,0.14579999999999999,1,0.14579999999999999,6.0,inf
137,3,0.7983887006623481,-1.4710053284192783,0.9756787000222739,0.14579999999999999,1,0.14579999999999999,6.0,inf
137,4,0.7983887006623481,-1.4710053284192783,0.9756787000222739,0.14579999999999999,1,0.14579999999999999,6.0,inf
137,5,0.7983887006623481,-1.4710053284192783,0.9756787000222739,0.14579999999999999,1,0.14579999999999999,6.0,inf
138,0,1.02485698230819,-0.22877372110226532,0.2631440224215373,4.8797999999999995,1,4.8797999999999995,6.0,inf
138,1,1.02485698230819,-0.22877372110226532,0.2631440224215373,4.8797999999999995,1,4.8797999999999995,6.0,inf
138,2,1.02485698230819,-0.22877372110226532,0.2631440224215373,4.8797999999999995,1,4.8797999999999995,6.0,inf
138,3,1.02485698230819,-0.22877372110226532,0.2631440224215373,4.8797999999999995,1,4.8797999999999995,6.0,inf
138,4,1.02485698230819,-0.22877372110226532,0.2631440224215373,4.8797999999999995,1,4.8797999999999995,6.0,inf
138,5,1.02485698230819,-0.22877372110226532,0.2631440224215373,4.8797999999999995,1,4.8797999999999995,6.0,inf
139,0,-0.41089731776194094,2.4545333378920784,-0.36293199448286645,5.422499999999999,1,5.422499999999999,6.0,inf
139,1,-0.41089731776194094,2.4545333378920784,-0.36293199448286645,5.422499999999999,1,5.422499999999999,6.0,inf
139,2,-0.41089731776194094,2.4545333378920784,-0.36293199448286645,5.422499999999999,1,5.422499999999999,6.0,inf
139,3,-0.41089731776194094,2.4545333378920784,-0.36293199448286645,5.422499999999999,1,5.422499999999999,6.0,inf
139,4,-0.41089731776194094,2.4545333378920784,-0.36293199448286645,5.422499999999999,1,5.422499999999999,6.0,inf
139,5,-0.41089731776194094,2.4545333378920784,-0.36293199448286645,5.422499999999999,1,5.422499999999999,6.0,inf
140,0,0.5509781594269506,-0.10462505695435785,1.8735324645470766,0.7503,1,0.7503,6.0,inf
140,1,0.5509781594269506,-0.10462505695435785,1.8735324645470766,0.7503,1,0.7503,6.0,inf
140,2,0.5509781594269506,-0.10462505695435785,1.8735324645470766,0.7503,1,0.7503,6.0,inf
140,3,0.5509781594269506,-0.10462505695435785,1.8735324645470766,0.7503,1,0.7503,6.0,inf
140,4,0.5509781594269506,-0.10462505695435785,1.8735324645470766,0.7503,1,0.7503,6.0,inf
140,5,0.5509781594269506,-0.10462505695435785,1.8735324645470766,0.7503,1,0.7503,6.0,inf
141,0,0.5013698063733542,0.3472672004958595,0.6898088994273968,4.6803,1,4.6803,6.0,inf
141,1,0.5013698063733542,0.3472672004958595,0.6898088994273968,4.6803,1,4.6803,6.0,inf
141,2,0.5013698063733542,0.3472672004958595,0.6898088994273968,4.6803,1,4.6803,6.0,inf
141,3,0.5013698063733542,0.3472672004958595,0.6898088994273968,4.6803,1,4.6803,6.0,inf
141,4,0.5013698063733542,0.3472672004958595,0.6898088994273968,4.6803,1,4.6803,6.0,inf
141,5,0.5013698063733542,0.3472672004958595,0.6898088994273968,4.6803,1,4.6803,6.0,inf
142,0,0.2748003135842169,-1.5495088248863549,-0.20443195329694894,0.48419999999999996,1,0.48419999999999996,6.0,inf
142,1,0.2748003135842169,-1.5495088248863549,-0.20443195329694894,0.48419999999999996,1,0.48419999999999996,6.0,inf
142,2,0.2748003135842169,-1.5495088248863549,-0.20443195329694894,0.48419999999999996,1,0.48419999999999996,6.0,inf
142,3,0.2748003135842169,-1.5495088248863549,-0.20443195329694894,0.48419999999999996,1,0.48419999999999996,6.0,inf
142,4,0.2748003135842169,-1.5495088248863549,-0.20443195329694894,0.48419999999999996,1,0.48419999999999996,6.0,inf
142,5,0.2748003135842169,-1.5495088248863549,-0.20443195329694894,0.48419999999999996,1,0.48419999999999996,6.0,inf
143,0,-0.46380973341691684,-1.3792324491564683,-0.28770675116884736,3.1148999999999996,1,3.1148999999999996,6.0,inf
143,1,-0.46380973341691684,-1.3792324491564683,-0.28770675116884736,3.1148999999999996,1,3.1148999999999996,6.0,inf
143,2,-0.46380973341691684,-1.3792324491564683,-0.28770675116884736,3.1148999999999996,1,3.1148999999999996,6.0,inf
143,3,-0.46380973341691684,-1.3792324491564683,-0.28770675116884736,3.1148999999999996,1,3.1148999999999996,6.0,inf
143,4,-0.46380973341691684,-1.3792324491564683,-0.28770675116884736,3.1148999999999996,1,3.1148999999999996,6.0,inf
143,5,-0.46380973341691684,-1.3792324491564683,-0.28770675116884736,3.1148999999999996,1,3.1148999999999996,6.0,inf
144,0,-0.4570987033302585,1.204241474697248,1.0573750764980934,6.0,0,6.342899999999999,6.0,inf
144,1,-0.4570987033302585,1.204241474697248,1.0573750764980934,6.0,0,6.342899999999999,6.0,inf
144,2,-0.4570987033302585,1.204241474697248,1.0573750764980934,6.0,0,6.342899999999999,6.0,inf
144,3,-0.4570987033302585,1.204241474697248,1.0573750764980934,6.0,0,6.342899999999999,6.0,inf
144,4,-0.4570987033302585,1.204241474697248,1.0573750764980934,6.0,0,6.342899999999999,6.0,inf
144,5,-0.4570987033302585,1.204241474697248,1.0573750764980934,6.0,0,6.342899999999999,6.0,inf
145,0,-1.2460674437971289,-1.868527732533662,0.8084085565870162,0.46559999999999996,1,0.46559999999999996,6.0,inf
145,1,-1.2460674437971289,-1.868527732533662,0.8084085565870162,0.46559999999999996,1,0.46559999999999996,6.0,inf
145,2,-1.2460674437971289,-1.868527732533662,0.8084085565870162,0.46559999999999996,1,0.46559999999999996,6.0,inf
145,3,-1.2460674437971289,-1.868527732533662,0.8084085565870162,0.46559999999999996,1,0.46559999999999996,6.0,inf
145,4,-1.2460674437971289,-1.868527732533662,0.8084085565870162,0.46559999999999996,1,0.46559999999999996,6.0,inf
145,5,-1.2460674437971289,-1.868527732533662,0.8084085565870162,0.46559999999999996,1,0.46559999999999996,6.0,inf
146,0,0.17989384398190666,-0.5881904444803244,-0.05035285769009942,0.5595,1,0.5595,6.0,inf
146,1,0.17989384398190666,-0.5881904444803244,-0.05035285769009942,0.5595,1,0.5595,6.0,inf
146,2,0.17989384398190666,-0.5881904444803244,-0.05035285769009942,0.5595,1,0.5595,6.0,inf
146,3,0.17989384398190666,-0.5881904444803244,-0.05035285769009942,0.5595,1,0.5595,6.0,inf
146,4,0.17989384398190666,-0.5881904444803244,-0.05035285769009942,0.5595,1,0.5595,6.0,inf
146,5,0.17989384398190666,-0.5881904444803244,-0.05035285769009942,0.5595,1,0.5595,6.0,inf
147,0,-0.050965506394494736,0.34438986485976997,-0.635950755370505,3.3716999999999997,1,3.3716999999999997,6.0,inf
147,1,-0.050965506394494736,0.34438986485976997,-0.635950755370505,3.3716999999999997,1,3.3716999999999997,6.0,inf
147,2,-0.050965506394494736,0.34438986485976997,-0.635950755370505,3.3716999999999997,1,3.3716999999999997,6.0,inf
147,3,-0.050965506394494736,0.34438986485976997,-0.635950755370505,3.3716999999999997,1,3.3716999999999997,6.0,inf
147,4,-0.050965506394494736,0.34438986485976997,-0.635950755370505,3.3716999999999997,1,3.3716999999999997,6.0,inf
147,5,-0.050965506394494736,0.34438986485976997,-0.635950755370505,3.3716999999999997,1,3.3716999999999997,6.0,inf
148,0,0.40063399573348424,-0.5639299864985219,0.47223389277819317,4.3209,1,4.3209,6.0,inf
148,1,0.40063399573348424,-0.5639299864985219,0.47223389277819317,4.3209,1,4.3209,6.0,inf
148,2,0.40063399573348424,-0.5639299864985219,0.47223389277819317,4.3209,1,4.3209,6.0,inf
148,3,0.40063399573348424,-0.5639299864985219,0.47223389277819317,4.3209,1,4.3209,6.0,inf
148,4,0.40063399573348424,-0.5639299864985219,0.47223389277819317,4.3209,1,4.3209,6.0,inf
148,5,0.40063399573348424,-0.5639299864985219,0.47223389277819317,4.3209,1,4.3209,6.0,inf
149,0,2.6271455022440517,0.10857749232483,-2.2898416910660186,3.0143999999999997,1,3.0143999999999997,6.0,inf
149,1,2.6271455022440517,0.10857749232483,-2.2898416910660186,3.0143999999999997,1,3.0143999999999997,6.0,inf
149,2,2.6271455022440517,0.10857749232483,-2.2898416910660186,3.0143999999999997,1,3.0143999999999997,6.0,inf
149,3,2.6271455022440517,0.10857749232483,-2.2898416910660186,3.0143999999999997,1,3.0143999999999997,6.0,inf
149,4,2.6271455022440517,0.10857749232483,-2.2898416910660186,3.0143999999999997,1,3.0143999999999997,6.0,inf
149,5,2.6271455022440517,0.10857749232483,-2.2898416910660186,3.0143999999999997,1,3.0143999999999997,6.0,inf
150,0,-1.6014446922544237,-0.8362935637536975,-0.6630346724944812,6.0,0,8.0001,6.0,inf
150,1,-1.6014446922544237,-0.8362935637536975,-0.6630346724944812,6.0,0,8.0001,6.0,inf
150,2,-1.6014446922544237,-0.8362935637536975,-0.6630346724944812,6.0,0,8.0001,6.0,inf
150,3,-1.6014446922544237,-0.8362935637536975,-0.6630346724944812,6.0,0,8.0001,6.0,inf
150,4,-1.6014446922544237,-0.8362935637536975,-0.6630346724944812,6.0,0,8.0001,6.0,inf
150,5,-1.6014446922544237,-0.8362935637536975,-0.6630346724944812,6.0,0,8.0001,6.0,inf
151,0,-0.02730667155525008,1.1426865516384606,-0.5422289160265797,4.3857,1,4.3857,6.0,inf
151,1,-0.02730667155525008,1.1426865516384606,-0.5422289160265797,4.3857,1,4.3857,6.0,inf
151,2,-0.02730667155525008,1.1426865516384606,-0.5422289160265797,4.3857,1,4.3857,6.0,inf
151,3,-0.02730667155525008,1.1426865516384606,-0.5422289160265797,4.3857,1,4.3857,6.0,inf
151,4,-0.02730667155525008,1.1426865516384606,-0.5422289160265797,4.3857,1,4.3857,6.0,inf
151,5,-0.02730667155525008,1.1426865516384606,-0.5422289160265797,4.3857,1,4.3857,6.0,inf
152,0,0.20226776892531556,-0.4717029603437496,-0.46083675157681603,1.5479999999999998,1,1.5479999999999998,6.0,inf
152,1,0.20226776892531556,-0.4717029603437496,-0.46083675157681603,1.5479999999999998,1,1.5479999999999998,6.0,inf
152,2,0.20226776892531556,-0.4717029603437496,-0.46083675157681603,1.5479999999999998,1,1.5479999999999998,6.0,inf
152,3,0.20226776892531556,-0.4717029603437496,-0.46083675157681603,1.5479999999999998,1,1.5479999999999998,6.0,inf
152,4,0.20226776892531556,-0.4717029603437496,-0.46083675157681603,1.5479999999999998,1,1.5479999999999998,6.0,inf
152,5,0.20226776892531556,-0.4717029603437496,-0.46083675157681603,1.5479999999999998,1,1.5479999999999998,6.0,inf
153,0,-1.2924272451475614,-0.2013545163751464,1.279953202489064,1.7262,1,1.7262,6.0,inf
153,1,-1.2924272451475614,-0.2013545163751464,1.279953202489064,1.7262,1,1.7262,6.0,inf
153,2,-1.2924272451475614,-0.2013545163751464,1.279953202489064,1.7262,1,1.7262,6.0,inf
153,3,-1.2924272451475614,-0.2013545163751464,1.279953202489064,1.7262,1,1.7262,6.0,inf
153,4,-1.2924272451475614,-0.2013545163751464,1.279953202489064,1.7262,1,1.7262,6.0,inf
153,5,-1.2924272451475614,-0.2013545163751464,1.279953202489064,1.7262,1,1.7262,6.0,inf
154,0,0.6508989869342996,0.3390203851271134,0.4839548061257962,1.9143,1,1.9143,6.0,inf
154,1,0.6508989869342996,0.3390203851271134,0.4839548061257962,1.9143,1,1.9143,6.0,inf
154,2,0.6508989869342996,0.3390203851271134,0.4839548061257962,1.9143,1,1.9143,6.0,inf
154,3,0.6508989869342996,0.3390203851271134,0.4839548061257962,1.9143,1,1.9143,6.0,inf
154,4,0.6508989869342996,0.3390203851271134,0.4839548061257962,1.9143,1,1.9143,6.0,inf
154,5,0.6508989869342996,0.3390203851271134,0.4839548061257962,1.9143,1,1.9143,6.0,inf
155,0,-0.03682362525351357,-0.0439274886818226,-0.7981416114016214,0.47729999999999995,1,0.47729999999999995,6.0,inf
155,1,-0.03682362525351357,-0.0439274886818226,-0.7981416114016214,0.47729999999999995,1,0.47729999999999995,6.0,inf
155,2,-0.03682362525351357,-0.0439274886818226,-0.7981416114016214,0.47729999999999995,1,0.47729999999999995,6.0,inf
155,3,-0.03682362525351357,-0.0439274886818226,-0.7981416114016214,0.47729999999999995,1,0.47729999999999995,6.0,inf
155,4,-0.03682362525351357,-0.0439274886818226,-0.7981416114016214,0.47729999999999995,1,0.47729999999999995,6.0,inf
155,5,-0.03682362525351357,-0.0439274886818226,-0.7981416114016214,0.47729999999999995,1,0.47729999999999995,6.0,inf
156,0,3.140279890791044,-0.4628065681793584,0.703743736695507,2.0238,1,2.0238,6.0,inf
156,1,3.140279890791044,-0.4628065681793584,0.703743736695507,2.0238,1,2.0238,6.0,inf
156,2,3.140279890791044,-0.4628065681793584,0.703743736695507,2.0238,1,2.0238,6.0,inf
156,3,3.140279890791044,-0.4628065681793584,0.703743736695507,2.0238,1,2.0238,6.0,inf
156,4,3.140279890791044,-0.4628065681793584,0.703743736695507,2.0238,1,2.0238,6.0,inf
156,5,3.140279890791044,-0.4628065681793584,0.703743736695507,2.0238,1,2.0238,6.0,inf
157,0,-0.1209056243628149,-0.7123213995318369,0.1453380419683271,2.9315999999999995,1,2.9315999999999995,6.0,inf
157,1,-0.1209056243628149,-0.7123213995318369,0.1453380419683271,2.9315999999999995,1,2.9315999999999995,6.0,inf
157,2,-0.1209056243628149,-0.7123213995318369,0.1453380419683271,2.9315999999999995,1,2.9315999999999995,6.0,inf
157,3,-0.1209056243628149,-0.7123213995318369,0.1453380419683271,2.9315999999999995,1,2.9315999999999995,6.0,inf
157,4,-0.1209056243628149,-0.7123213995318369,0.1453380419683271,2.9315999999999995,1,2.9315999999999995,6.0,inf
157,5,-0.1209056243628149,-0.7123213995318369,0.1453380419683271,2.9315999999999995,1,2.9315999999999995,6.0,inf
158,0,-0.8607030486159962,0.27568470415378377,-0.013874514218731938,0.5202,1,0.5202,6.0,inf
158,1,-0.8607030486159962,0.27568470415378377,-0.013874514218731938,0.5202,1,0.5202,6.0,inf
158,2,-0.8607030486159962,0.27568470415378377,-0.013874514218731938,0.5202,1,0.5202,6.0,inf
158,3,-0.8607030486159962,0.27568470415378377,-0.013874514218731938,0.5202,1,0.5202,6.0,inf
158,4,-0.8607030486159962,0.27568470415378377,-0.013874514218731938,0.5202,1,0.5202,6.0,inf
158,5,-0.8607030486159962,0.27568470415378377,-0.013874514218731938,0.5202,1,0.5202,6.0,inf
159,0,-0.7148005467393586,-2.7341501412692253,0.6297480134111342,0.13379999999999997,1,0.13379999999999997,6.0,inf
159,1,-0.7148005467393586,-2.7341501412692253,0.6297480134111342,0.13379999999999997,1,0.13379999999999997,6.0,inf
159,2,-0.7148005467393586,-2.7341501412692253,0.6297480134111342,0.13379999999999997,1,0.13379999999999997,6.0,inf
159,3,-0.7148005467393586,-2.7341501412692253,0.6297480134111342,0.13379999999999997,1,0.13379999999999997,6.0,inf
159,4,-0.7148005467393586,-2.7341501412692253,0.6297480134111342,0.13379999999999997,1,0.13379999999999997,6.0,inf
159,5,-0.7148005467393586,-2.7341501412692253,0.6297480134111342,0.13379999999999997,1,0.13379999999999997,6.0,inf
160,0,-0.8371211959653883,0.20488204854558206,0.2796358304103349,6.0,0,6.9818999999999996,6.0,inf
160,1,-0.8371211959653883,0.20488204854558206,0.2796358304103349,6.0,0,6.9818999999999996,6.0,inf
160,2,-0.8371211959653883,0.20488204854558206,0.2796358304103349,6.0,0,6.9818999999999996,6.0,inf
160,3,-0.8371211959653883,0.20488204854558206,0.2796358304103349,6.0,0,6.9818999999999996,6.0,inf
160,4,-0.8371211959653883,0.20488204854558206,0.2796358304103349,6.0,0,6.9818999999999996,6.0,inf
160,5,-0.8371211959653883,0.20488204854558206,0.2796358304103349,6.0,0,6.9818999999999996,6.0,inf
161,0,-0.9674561742133693,-0.861843519439227,-0.7654137024658555,0.3606,1,0.3606,6.0,inf
161,1,-0.9674561742133693,-0.861843519439227,-0.7654137024658555,0.3606,1,0.3606,6.0,inf
161,2,-0.9674561742133693,-0.861843519439227,-0.7654137024658555,0.3606,1,0.3606,6.0,inf
161,3,-0.9674561742133693,-0.861843519439227,-0.7654137024658555,0.3606,1,0.3606,6.0,inf
161,4,-0.9674561742133693,-0.861843519439227,-0.7654137024658555,0.3606,1,0.3606,6.0,inf
161,5,-0.9674561742133693,-0.861843519439227,-0.7654137024658555,0.3606,1,0.3606,6.0,inf
162,0,0.36131466995266576,-0.981620849814994,-0.48479470785883944,2.6517,1,2.6517,6.0,inf
162,1,0.36131466995266576,-0.981620849814994,-0.48479470785883944,2.6517,1,2.6517,6.0,inf
162,2,0.36131466995266576,-0.981620849814994,-0.48479470785883944,2.6517,1,2.6517,6.0,inf
162,3,0.36131466995266576,-0.981620849814994,-0.48479470785883944,2.6517,1,2.6517,6.0,inf
162,4,0.36131466995266576,-0.981620849814994,-0.48479470785883944,2.6517,1,2.6517,6.0,inf
162,5,0.36131466995266576,-0.981620849814994,-0.48479470785883944,2.6517,1,2.6517,6.0,inf
163,0,0.8773658194068634,-0.4456100087035242,0.39850623527922724,2.8011,1,2.8011,6.0,inf
163,1,0.8773658194068634,-0.4456100087035242,0.39850623527922724,2.8011,1,2.8011,6.0,inf
163,2,0.8773658194068634,-0.4456100087035242,0.39850623527922724,2.8011,1,2.8011,6.0,inf
163,3,0.8773658194068634,-0.4456100087035242,0.39850623527922724,2.8011,1,2.8011,6.0,inf
163,4,0.8773658194068634,-0.4456100087035242,0.39850623527922724,2.8011,1,2.8011,6.0,inf
163,5,0.8773658194068634,-0.4456100087035242,0.39850623527922724,2.8011,1,2.8011,6.0,inf
164,0,0.7095646972808191,-0.7521328262157341,-1.1042587455771553,3.417,1,3.417,6.0,inf
164,1,0.7095646972808191,-0.7521328262157341,-1.1042587455771553,3.417,1,3.417,6.0,inf
164,2,0.7095646972808191,-0.7521328262157341,-1.1042587455771553,3.417,1,3.417,6.0,inf
164,3,0.7095646972808191,-0.7521328262157341,-1.1042587455771553,3.417,1,3.417,6.0,inf
164,4,0.7095646972808191,-0.7521328262157341,-1.1042587455771553,3.417,1,3.417,6.0,inf
164,5,0.7095646972808191,-0.7521328262157341,-1.1042587455771553,3.417,1,3.417,6.0,inf
165,0,0.24670060225124277,0.48060168331046726,0.9784798395758791,1.3494,1,1.3494,6.0,inf
165,1,0.24670060225124277,0.48060168331046726,0.9784798395758791,1.3494,1,1.3494,6.0,inf
165,2,0.24670060225124277,0.48060168331046726,0.9784798395758791,1.3494,1,1.3494,6.0,inf
165,3,0.24670060225124277,0.48060168331046726,0.9784798395758791,1.3494,1,1.3494,6.0,inf
165,4,0.24670060225124277,0.48060168331046726,0.9784798395758791,1.3494,1,1.3494,6.0,inf
165,5,0.24670060225124277,0.48060168331046726,0.9784798395758791,1.3494,1,1.3494,6.0,inf
166,0,0.850620050109409,-1.1950523458726339,1.0415223828464018,2.2314,1,2.2314,6.0,inf
166,1,0.850620050109409,-1.1950523458726339,1.0415223828464018,2.2314,1,2.2314,6.0,inf
166,2,0.850620050109409,-1.1950523458726339,1.0415223828464018,2.2314,1,2.2314,6.0,inf
166,3,0.850620050109409,-1.1950523458726339,1.0415223828464018,2.2314,1,2.2314,6.0,inf
166,4,0.850620050109409,-1.1950523458726339,1.0415223828464018,2.2314,1,2.2314,6.0,inf
166,5,0.850620050109409,-1.1950523458726339,1.0415223828464018,2.2314,1,2.2314,6.0,inf
167,0,-0.38524243026125443,-0.7925632861564436,1.7904858125598386,1.002,1,1.002,6.0,inf
167,1,-0.38524243026125443,-0.7925632861564436,1.7904858125598386,1.002,1,1.002,6.0,inf
167,2,-0.38524243026125443,-0.7925632861564436,1.7904858125598386,1.002,1,1.002,6.0,inf
167,3,-0.38524243026125443,-0.7925632861564436,1.7904858125598386,1.002,1,1.002,6.0,inf
167,4,-0.38524243026125443,-0.7925632861564436,1.7904858125598386,1.002,1,1.002,6.0,inf
167,5,-0.38524243026125443,-0.7925632861564436,1.7904858125598386,1.002,1,1.002,6.0,inf
168,0,-0.4087732233208657,0.1168893808826308,0.36141886182670363,4.185,1,4.185,6.0,inf
168,1,-0.4087732233208657,0.1168893808826308,0.36141886182670363,4.185,1,4.185,6.0,inf
168,2,-0.4087732233208657,0.1168893808826308,0.36141886182670363,4.185,1,4.185,6.0,inf
168,3,-0.4087732233208657,0.1168893808826308,0.36141886182670363,4.185,1,4.185,6.0,inf
168,4,-0.4087732233208657,0.1168893808826308,0.36141886182670363,4.185,1,4.185,6.0,inf
168,5,-0.4087732233208657,0.1168893808826308,0.36141886182670363,4.185,1,4.185,6.0,inf
169,0,1.1367487133502918,0.35285831294337466,-1.233250517897304,3.1253999999999995,1,3.1253999999999995,6.0,inf
169,1,1.1367487133502918,0.35285831294337466,-1.233250517897304,3.1253999999999995,1,3.1253999999999995,6.0,inf
169,2,1.1367487133502918,0.35285831294337466,-1.233250517897304,3.1253999999999995,1,3.1253999999999995,6.0,inf
169,3,1.1367487133502918,0.35285831294337466,-1.233250517897304,3.1253999999999995,1,3.1253999999999995,6.0,inf
169,4,1.1367487133502918,0.35285831294337466,-1.233250517897304,3.1253999999999995,1,3.1253999999999995,6.0,inf
169,5,1.1367487133502918,0.35285831294337466,-1.233250517897304,3.1253999999999995,1,3.1253999999999995,6.0,inf
170,0,0.4147309908070032,-0.24556811964543648,0.10822960775866258,3.6203999999999996,1,3.6203999999999996,6.0,inf
170,1,0.4147309908070032,-0.24556811964543648,0.10822960775866258,3.6203999999999996,1,3.6203999999999996,6.0,inf
170,2,0.4147309908070032,-0.24556811964543648,0.10822960775866258,3.6203999999999996,1,3.6203999999999996,6.0,inf
170,3,0.4147309908070032,-0.24556811964543648,0.10822960775866258,3.6203999999999996,1,3.6203999999999996,6.0,inf
170,4,0.4147309908070032,-0.24556811964543648,0.10822960775866258,3.6203999999999996,1,3.6203999999999996,6.0,inf
170,5,0.4147309908070032,-0.24556811964543648,0.10822960775866258,3.6203999999999996,1,3.6203999999999996,6.0,inf
171,0,0.35897398689672944,-2.628260528512856,-2.065407449986421,0.5184,1,0.5184,6.0,inf
171,1,0.35897398689672944,-2.628260528512856,-2.065407449986421,0.5184,1,0.5184,6.0,inf
171,2,0.35897398689672944,-2.628260528512856,-2.065407449986421,0.5184,1,0.5184,6.0,inf
171,3,0.35897398689672944,-2.628260528512856,-2.065407449986421,0.5184,1,0.5184,6.0,inf
171,4,0.35897398689672944,-2.628260528512856,-2.065407449986421,0.5184,1,0.5184,6.0,inf
171,5,0.35897398689672944,-2.628260528512856,-2.065407449986421,0.5184,1,0.5184,6.0,inf
172,0,0.11848895220431475,-1.6378479907432046,0.14262356121892975,1.329,1,1.329,6.0,inf
172,1,0.11848895220431475,-1.6378479907432046,0.14262356121892975,1.329,1,1.329,6.0,inf
172,2,0.11848895220431475,-1.6378479907432046,0.14262356121892975,1.329,1,1.329,6.0,inf
172,3,0.11848895220431475,-1.6378479907432046,0.14262356121892975,1.329,1,1.329,6.0,inf
172,4,0.11848895220431475,-1.6378479907432046,0.14262356121892975,1.329,1,1.329,6.0,inf
172,5,0.11848895220431475,-1.6378479907432046,0.14262356121892975,1.329,1,1.329,6.0,inf
173,0,1.1508905135675933,0.06874443126222607,0.6053153920706997,2.2424999999999997,1,2.2424999999999997,6.0,inf
173,1,1.1508905135675933,0.06874443126222607,0.6053153920706997,2.2424999999999997,1,2.2424999999999997,6.0,inf
173,2,1.1508905135675933,0.06874443126222607,0.6053153920706997,2.2424999999999997,1,2.2424999999999997,6.0,inf
173,3,1.1508905135675933,0.06874443126222607,0.6053153920706997,2.2424999999999997,1,2.2424999999999997,6.0,inf
173,4,1.1508905135675933,0.06874443126222607,0.6053153920706997,2.2424999999999997,1,2.2424999999999997,6.0,inf
173,5,1.1508905135675933,0.06874443126222607,0.6053153920706997,2.2424999999999997,1,2.2424999999999997,6.0,inf
174,0,-0.9384665132007126,1.1477047647754253,-0.6086313018089302,1.5521999999999998,1,1.5521999999999998,6.0,inf
174,1,-0.9384665132007126,1.1477047647754253,-0.6086313018089302,1.5521999999999998,1,1.5521999999999998,6.0,inf
174,2,-0.9384665132007126,1.1477047647754253,-0.6086313018089302,1.5521999999999998,1,1.5521999999999998,6.0,inf
174,3,-0.9384665132007126,1.1477047647754253,-0.6086313018089302,1.5521999999999998,1,1.5521999999999998,6.0,inf
174,4,-0.9384665132007126,1.1477047647754253,-0.6086313018089302,1.5521999999999998,1,1.5521999999999998,6.0,inf
174,5,-0.9384665132007126,1.1477047647754253,-0.6086313018089302,1.5521999999999998,1,1.5521999999999998,6.0,inf
175,0,0.8039248528311378,-2.513705578299294,1.0527888649250685,1.0841999999999998,1,1.0841999999999998,6.0,inf
175,1,0.8039248528311378,-2.513705578299294,1.0527888649250685,1.0841999999999998,1,1.0841999999999998,6.0,inf
175,2,0.8039248528311378,-2.513705578299294,1.0527888649250685,1.0841999999999998,1,1.0841999999999998,6.0,inf
175,3,0.8039248528311378,-2.513705578299294,1.0527888649250685,1.0841999999999998,1,1.0841999999999998,6.0,inf
175,4,0.8039248528311378,-2.513705578299294,1.0527888649250685,1.0841999999999998,1,1.0841999999999998,6.0,inf
175,5,0.8039248528311378,-2.513705578299294,1.0527888649250685,1.0841999999999998,1,1.0841999999999998,6.0,inf
176,0,-1.577582975117263,-0.3272135543325813,0.20865598264017474,1.0047,1,1.0047,6.0,inf
176,1,-1.577582975117263,-0.3272135543325813,0.20865598264017474,1.0047,1,1.0047,6.0,inf
176,2,-1.577582975117263,-0.3272135543325813,0.20865598264017474,1.0047,1,1.0047,6.0,inf
176,3,-1.577582975117263,-0.3272135543325813,0.20865598264017474,1.0047,1,1.0047,6.0,inf
176,4,-1.577582975117263,-0.3272135543325813,0.20865598264017474,1.0047,1,1.0047,6.0,inf
176,5,-1.577582975117263,-0.3272135543325813,0.20865598264017474,1.0047,1,1.0047,6.0,inf
177,0,0.4881088442324124,1.5270927636432683,0.13762991235963914,2.1563999999999997,1,2.1563999999999997,6.0,inf
177,1,0.4881088442324124,1.5270927636432683,0.13762991235963914,2.1563999999999997,1,2.1563999999999997,6.0,inf
177,2,0.4881088442324124,1.5270927636432683,0.13762991235963914,2.1563999999999997,1,2.1563999999999997,6.0,inf
177,3,0.4881088442324124,1.5270927636432683,0.13762991235963914,2.1563999999999997,1,2.1563999999999997,6.0,inf
177,4,0.4881088442324124,1.5270927636432683,0.13762991235963914,2.1563999999999997,1,2.1563999999999997,6.0,inf
177,5,0.4881088442324124,1.5270927636432683,0.13762991235963914,2.1563999999999997,1,2.1563999999999997,6.0,inf
178,0,0.06575218319312648,0.15236800824806043,0.43767101730637614,1.7691,1,1.7691,6.0,inf
178,1,0.06575218319312648,0.15236800824806043,0.43767101730637614,1.7691,1,1.7691,6.0,inf
178,2,0.06575218319312648,0.15236800824806043,0.43767101730637614,1.7691,1,1.7691,6.0,inf
178,3,0.06575218319312648,0.15236800824806043,0.43767101730637614,1.7691,1,1.7691,6.0,inf
178,4,0.06575218319312648,0.15236800824806043,0.43767101730637614,1.7691,1,1.7691,6.0,inf
178,5,0.06575218319312648,0.15236800824806043,0.43767101730637614,1.7691,1,1.7691,6.0,inf
179,0,0.012425630505546698,-1.419616134364928,0.34955134573522867,0.20099999999999998,1,0.20099999999999998,6.0,inf
179,1,0.012425630505546698,-1.419616134364928,0.34955134573522867,0.20099999999999998,1,0.20099999999999998,6.0,inf
179,2,0.012425630505546698,-1.419616134364928,0.34955134573522867,0.20099999999999998,1,0.20099999999999998,6.0,inf
179,3,0.012425630505546698,-1.419616134364928,0.34955134573522867,0.20099999999999998,1,0.20099999999999998,6.0,inf
179,4,0.012425630505546698,-1.419616134364928,0.34955134573522867,0.20099999999999998,1,0.20099999999999998,6.0,inf
179,5,0.012425630505546698,-1.419616134364928,0.34955134573522867,0.20099999999999998,1,0.20099999999999998,6.0,inf
180,0,-1.0220326303160658,0.8320936047717575,0.9337054837439824,1.8065999999999998,1,1.8065999999999998,6.0,inf
180,1,-1.0220326303160658,0.8320936047717575,0.9337054837439824,1.8065999999999998,1,1.8065999999999998,6.0,inf
180,2,-1.0220326303160658,0.8320936047717575,0.9337054837439824,1.8065999999999998,1,1.8065999999999998,6.0,inf
180,3,-1.0220326303160658,0.8320936047717575,0.9337054837439824,1.8065999999999998,1,1.8065999999999998,6.0,inf
180,4,-1.0220326303160658,0.8320936047717575,0.9337054837439824,1.8065999999999998,1,1.8065999999999998,6.0,inf
180,5,-1.0220326303160658,0.8320936047717575,0.9337054837439824,1.8065999999999998,1,1.8065999999999998,6.0,inf
181,0,-0.46318840844381953,-0.3331749970779972,0.5294623254570348,2.9741999999999997,1,2.9741999999999997,6.0,inf
181,1,-0.46318840844381953,-0.3331749970779972,0.5294623254570348,2.9741999999999997,1,2.9741999999999997,6.0,inf
181,2,-0.46318840844381953,-0.3331749970779972,0.5294623254570348,2.9741999999999997,1,2.9741999999999997,6.0,inf
181,3,-0.46318840844381953,-0.3331749970779972,0.5294623254570348,2.9741999999999997,1,2.9741999999999997,6.0,inf
181,4,-0.46318840844381953,-0.3331749970779972,0.5294623254570348,2.9741999999999997,1,2.9741999999999997,6.0,inf
181,5,-0.46318840844381953,-0.3331749970779972,0.5294623254570348,2.9741999999999997,1,2.9741999999999997,6.0,inf
182,0,0.2905569606195282,0.04462633120643456,1.0210970405216282,1.7198999999999998,1,1.7198999999999998,6.0,inf
182,1,0.2905569606195282,0.04462633120643456,1.0210970405216282,1.7198999999999998,1,1.7198999999999998,6.0,inf
182,2,0.2905569606195282,0.04462633120643456,1.0210970405216282,1.7198999999999998,1,1.7198999999999998,6.0,inf
182,3,0.2905569606195282,0.04462633120643456,1.0210970405216282,1.7198999999999998,1,1.7198999999999998,6.0,inf
182,4,0.2905569606195282,0.04462633120643456,1.0210970405216282,1.7198999999999998,1,1.7198999999999998,6.0,inf
182,5,0.2905569606195282,0.04462633120643456,1.0210970405216282,1.7198999999999998,1,1.7198999999999998,6.0,inf
183,0,0.9409111483529199,0.004726907794708992,-0.4865136181097188,3.2234999999999996,1,3.2234999999999996,6.0,inf
183,1,0.9409111483529199,0.004726907794708992,-0.4865136181097188,3.2234999999999996,1,3.2234999999999996,6.0,inf
183,2,0.9409111483529199,0.004726907794708992,-0.4865136181097188,3.2234999999999996,1,3.2234999999999996,6.0,inf
183,3,0.9409111483529199,0.004726907794708992,-0.4865136181097188,3.2234999999999996,1,3.2234999999999996,6.0,inf
183,4,0.9409111483529199,0.004726907794708992,-0.4865136181097188,3.2234999999999996,1,3.2234999999999996,6.0,inf
183,5,0.9409111483529199,0.004726907794708992,-0.4865136181097188,3.2234999999999996,1,3.2234999999999996,6.0,inf
184,0,-0.374487221105266,0.2745239722186306,0.2460216177887671,6.0,0,6.847799999999999,6.0,inf
184,1,-0.374487221105266,0.2745239722186306,0.2460216177887671,6.0,0,6.847799999999999,6.0,inf
184,2,-0.374487221105266,0.2745239722186306,0.2460216177887671,6.0,0,6.847799999999999,6.0,inf
184,3,-0.374487221105266,0.2745239722186306,0.2460216177887671,6.0,0,6.847799999999999,6.0,inf
184,4,-0.374487221105266,0.2745239722186306,0.2460216177887671,6.0,0,6.847799999999999,6.0,inf
184,5,-0.374487221105266,0.2745239722186306,0.2460216177887671,6.0,0,6.847799999999999,6.0,inf
185,0,-0.23954523171341643,-0.33975502947997926,0.48584605734245917,1.0760999999999998,1,1.0760999999999998,6.0,inf
185,1,-0.23954523171341643,-0.33975502947997926,0.48584605734245917,1.0760999999999998,1,1.0760999999999998,6.0,inf
185,2,-0.23954523171341643,-0.33975502947997926,0.48584605734245917,1.0760999999999998,1,1.0760999999999998,6.0,inf
185,3,-0.23954523171341643,-0.33975502947997926,0.48584605734245917,1.0760999999999998,1,1.0760999999999998,6.0,inf
185,4,-0.23954523171341643,-0.33975502947997926,0.48584605734245917,1.0760999999999998,1,1.0760999999999998,6.0,inf
185,5,-0.23954523171341643,-0.33975502947997926,0.48584605734245917,1.0760999999999998,1,1.0760999999999998,6.0,inf
186,0,0.3582480866442646,-0.18439390018966423,-1.1091427788731698,3.4841999999999995,1,3.4841999999999995,6.0,inf
186,1,0.3582480866442646,-0.18439390018966423,-1.1091427788731698,3.4841999999999995,1,3.4841999999999995,6.0,inf
186,2,0.3582480866442646,-0.18439390018966423,-1.1091427788731698,3.4841999999999995,1,3.4841999999999995,6.0,inf
186,3,0.3582480866442646,-0.18439390018966423,-1.1091427788731698,3.4841999999999995,1,3.4841999999999995,6.0,inf
186,4,0.3582480866442646,-0.18439390018966423,-1.1091427788731698,3.4841999999999995,1,3.4841999999999995,6.0,inf
186,5,0.3582480866442646,-0.18439390018966423,-1.1091427788731698,3.4841999999999995,1,3.4841999999999995,6.0,inf
187,0,0.2359737063222368,0.05999548437259849,-0.8243995132672524,3.5510999999999995,1,3.5510999999999995,6.0,inf
187,1,0.2359737063222368,0.05999548437259849,-0.8243995132672524,3.5510999999999995,1,3.5510999999999995,6.0,inf
187,2,0.2359737063222368,0.05999548437259849,-0.8243995132672524,3.5510999999999995,1,3.5510999999999995,6.0,inf
187,3,0.2359737063222368,0.05999548437259849,-0.8243995132672524,3.5510999999999995,1,3.5510999999999995,6.0,inf
187,4,0.2359737063222368,0.05999548437259849,-0.8243995132672524,3.5510999999999995,1,3.5510999999999995,6.0,inf
187,5,0.2359737063222368,0.05999548437259849,-0.8243995132672524,3.5510999999999995,1,3.5510999999999995,6.0,inf
188,0,-1.170668628425808,-1.5044064406168358,1.1590060592607778,0.07139999999999999,1,0.07139999999999999,6.0,inf
188,1,-1.170668628425808,-1.5044064406168358,1.1590060592607778,0.07139999999999999,1,0.07139999999999999,6.0,inf
188,2,-1.170668628425808,-1.5044064406168358,1.1590060592607778,0.07139999999999999,1,0.07139999999999999,6.0,inf
188,3,-1.170668628425808,-1.5044064406168358,1.1590060592607778,0.07139999999999999,1,0.07139999999999999,6.0,inf
188,4,-1.170668628425808,-1.5044064406168358,1.1590060592607778,0.07139999999999999,1,0.07139999999999999,6.0,inf
188,5,-1.170668628425808,-1.5044064406168358,1.1590060592607778,0.07139999999999999,1,0.07139999999999999,6.0,inf
189,0,-0.49477351073185233,-0.11933905193329386,-0.5773863798232202,3.3558,1,3.3558,6.0,inf
189,1,-0.49477351073185233,-0.11933905193329386,-0.5773863798232202,3.3558,1,3.3558,6.0,inf
189,2,-0.49477351073185233,-0.11933905193329386,-0.5773863798232202,3.3558,1,3.3558,6.0,inf
189,3,-0.49477351073185233,-0.11933905193329386,-0.5773863798232202,3.3558,1,3.3558,6.0,inf
189,4,-0.49477351073185233,-0.11933905193329386,-0.5773863798232202,3.3558,1,3.3558,6.0,inf
189,5,-0.49477351073185233,-0.11933905193329386,-0.5773863798232202,3.3558,1,3.3558,6.0,inf
190,0,0.9371320572760306,-1.7974431372601571,-0.30295587670813245,1.6314,1,1.6314,6.0,inf
190,1,0.9371320572760306,-1.7974431372601571,-0.30295587670813245,1.6314,1,1.6314,6.0,inf
190,2,0.9371320572760306,-1.7974431372601571,-0.30295587670813245,1.6314,1,1.6314,6.0,inf
190,3,0.9371320572760306,-1.7974431372601571,-0.30295587670813245,1.6314,1,1.6314,6.0,inf
190,4,0.9371320572760306,-1.7974431372601571,-0.30295587670813245,1.6314,1,1.6314,6.0,inf
190,5,0.9371320572760306,-1.7974431372601571,-0.30295587670813245,1.6314,1,1.6314,6.0,inf
191,0,0.8511045519382565,0.6232084479092995,0.4136906283439615,0.8955,1,0.8955,6.0,inf
191,1,0.8511045519382565,0.6232084479092995,0.4136906283439615,0.8955,1,0.8955,6.0,inf
191,2,0.8511045519382565,0.6232084479092995,0.4136906283439615,0.8955,1,0.8955,6.0,inf
191,3,0.8511045519382565,0.6232084479092995,0.4136906283439615,0.8955,1,0.8955,6.0,inf
191,4,0.8511045519382565,0.6232084479092995,0.4136906283439615,0.8955,1,0.8955,6.0,inf
191,5,0.8511045519382565,0.6232084479092995,0.4136906283439615,0.8955,1,0.8955,6.0,inf
192,0,-2.391308275819903,-0.4023191332627733,-0.41029133783592814,0.5778,1,0.5778,6.0,inf
192,1,-2.391308275819903,-0.4023191332627733,-0.41029133783592814,0.5778,1,0.5778,6.0,inf
192,2,-2.391308275819903,-0.4023191332627733,-0.41029133783592814,0.5778,1,0.5778,6.0,inf
192,3,-2.391308275819903,-0.4023191332627733,-0.41029133783592814,0.5778,1,0.5778,6.0,inf
192,4,-2.391308275819903,-0.4023191332627733,-0.41029133783592814,0.5778,1,0.5778,6.0,inf
192,5,-2.391308275819903,-0.4023191332627733,-0.41029133783592814,0.5778,1,0.5778,6.0,inf
193,0,0.7325509087657279,1.2364249604086464,-1.219454768491022,2.0532,1,2.0532,6.0,inf
193,1,0.7325509087657279,1.2364249604086464,-1.219454768491022,2.0532,1,2.0532,6.0,inf
193,2,0.7325509087657279,1.2364249604086464,-1.219454768491022,2.0532,1,2.0532,6.0,inf
193,3,0.7325509087657279,1.2364249604086464,-1.219454768491022,2.0532,1,2.0532,6.0,inf
193,4,0.7325509087657279,1.2364249604086464,-1.219454768491022,2.0532,1,2.0532,6.0,inf
193,5,0.7325509087657279,1.2364249604086464,-1.219454768491022,2.0532,1,2.0532,6.0,inf
194,0,1.2577045947305774,-1.9811148939151455,-0.2436739896077467,1.5077999999999998,1,1.5077999999999998,6.0,inf
194,1,1.2577045947305774,-1.9811148939151455,-0.2436739896077467,1.5077999999999998,1,1.5077999999999998,6.0,inf
194,2,1.2577045947305774,-1.9811148939151455,-0.2436739896077467,1.5077999999999998,1,1.5077999999999998,6.0,inf
194,3,1.2577045947305774,-1.9811148939151455,-0.2436739896077467,1.5077999999999998,1,1.5077999999999998,6.0,inf
194,4,1.2577045947305774,-1.9811148939151455,-0.2436739896077467,1.5077999999999998,1,1.5077999999999998,6.0,inf
194,5,1.2577045947305774,-1.9811148939151455,-0.2436739896077467,1.5077999999999998,1,1.5077999999999998,6.0,inf
195,0,0.8178584962688977,0.8743609506403249,-0.04682737053310864,4.0518,1,4.0518,6.0,inf
195,1,0.8178584962688977,0.8743609506403249,-0.04682737053310864,4.0518,1,4.0518,6.0,inf
195,2,0.8178584962688977,0.8743609506403249,-0.04682737053310864,4.0518,1,4.0518,6.0,inf
195,3,0.8178584962688977,0.8743609506403249,-0.04682737053310864,4.0518,1,4.0518,6.0,inf
195,4,0.8178584962688977,0.8743609506403249,-0.04682737053310864,4.0518,1,4.0518,6.0,inf
195,5,0.8178584962688977,0.8743609506403249,-0.04682737053310864,4.0518,1,4.0518,6.0,inf
196,0,-0.18165340916218645,1.6248117075331636,-1.2088269684858075,5.8458,1,5.8458,6.0,inf
196,1,-0.18165340916218645,1.6248117075331636,-1.2088269684858075,5.8458,1,5.8458,6.0,inf
196,2,-0.18165340916218645,1.6248117075331636,-1.2088269684858075,5.8458,1,5.8458,6.0,inf
196,3,-0.18165340916218645,1.6248117075331636,-1.2088269684858075,5.8458,1,5.8458,6.0,inf
196,4,-0.18165340916218645,1.6248117075331636,-1.2088269684858075,5.8458,1,5.8458,6.0,inf
196,5,-0.18165340916218645,1.6248117075331636,-1.2088269684858075,5.8458,1,5.8458,6.0,inf
197,0,-0.22720264391910394,-0.15390991476571284,-1.0773302791575734,5.364299999999999,1,5.364299999999999,6.0,inf
197,1,-0.22720264391910394,-0.15390991476571284,-1.0773302791575734,5.364299999999999,1,5.364299999999999,6.0,inf
197,2,-0.22720264391910394,-0.15390991476571284,-1.0773302791575734,5.364299999999999,1,5.364299999999999,6.0,inf
197,3,-0.22720264391910394,-0.15390991476571284,-1.0773302791575734,5.364299999999999,1,5.364299999999999,6.0,inf
197,4,-0.22720264391910394,-0.15390991476571284,-1.0773302791575734,5.364299999999999,1,5.364299999999999,6.0,inf
197,5,-0.22720264391910394,-0.15390991476571284,-1.0773302791575734,5.364299999999999,1,5.364299999999999,6.0,inf
198,0,1.063712596735342,-0.11957623296477107,0.7319301430486552,2.6435999999999997,1,2.6435999999999997,6.0,inf
198,1,1.063712596735342,-0.11957623296477107,0.7319301430486552,2.6435999999999997,1,2.6435999999999997,6.0,inf
198,2,1.063712596735342,-0.11957623296477107,0.7319301430486552,2.6435999999999997,1,2.6435999999999997,6.0,inf
198,3,1.063712596735342,-0.11957623296477107,0.7319301430486552,2.6435999999999997,1,2.6435999999999997,6.0,inf
198,4,1.063712596735342,-0.11957623296477107,0.7319301430486552,2.6435999999999997,1,2.6435999999999997,6.0,inf
198,5,1.063712596735342,-0.11957623296477107,0.7319301430486552,2.6435999999999997,1,2.6435999999999997,6.0,inf
199,0,0.37895540476361,0.6971615242288429,0.30429361616619655,3.9458999999999995,1,3.9458999999999995,6.0,inf
199,1,0.37895540476361,0.6971615242288429,0.30429361616619655,3.9458999999999995,1,3.9458999999999995,6.0,inf
199,2,0.37895540476361,0.6971615242288429,0.30429361616619655,3.9458999999999995,1,3.9458999999999995,6.0,inf
199,3,0.37895540476361,0.6971615242288429,0.30429361616619655,3.9458999999999995,1,3.9458999999999995,6.0,inf
199,4,0.37895540476361,0.6971615242288429,0.30429361616619655,3.9458999999999995,1,3.9458999999999995,6.0,inf
199,5,0.37895540476361,0.6971615242288429,0.30429361616619655,3.9458999999999995,1,3.9458999999999995,6.0,inf
200,0,1.7408287527823914,1.1955634278758058,-0.6575434510815391,2.2121999999999997,1,2.2121999999999997,6.0,inf
200,1,1.7408287527823914,1.1955634278758058,-0.6575434510815391,2.2121999999999997,1,2.2121999999999997,6.0,inf
200,2,1.7408287527823914,1.1955634278758058,-0.6575434510815391,2.2121999999999997,1,2.2121999999999997,6.0,inf
200,3,1.7408287527823914,1.1955634278758058,-0.6575434510815391,2.2121999999999997,1,2.2121999999999997,6.0,inf
200,4,1.7408287527823914,1.1955634278758058,-0.6575434510815391,2.2121999999999997,1,2.2121999999999997,6.0,inf
200,5,1.7408287527823914,1.1955634278758058,-0.6575434510815391,2.2121999999999997,1,2.2121999999999997,6.0,inf
201,0,-1.0127072300851323,-1.1019177650012373,-0.3411603911992928,2.8185,1,2.8185,6.0,inf
201,1,-1.0127072300851323,-1.1019177650012373,-0.3411603911992928,2.8185,1,2.8185,6.0,inf
201,2,-1.0127072300851323,-1.1019177650012373,-0.3411603911992928,2.8185,1,2.8185,6.0,inf
201,3,-1.0127072300851323,-1.1019177650012373,-0.3411603911992928,2.8185,1,2.8185,6.0,inf
201,4,-1.0127072300851323,-1.1019177650012373,-0.3411603911992928,2.8185,1,2.8185,6.0,inf
201,5,-1.0127072300851323,-1.1019177650012373,-0.3411603911992928,2.8185,1,2.8185,6.0,inf
202,0,1.2659720141804187,0.505130226437304,1.9243231729929768,2.0090999999999997,1,2.0090999999999997,6.0,inf
202,1,1.2659720141804187,0.505130226437304,1.9243231729929768,2.0090999999999997,1,2.0090999999999997,6.0,inf
202,2,1.2659720141804187,0.505130226437304,1.9243231729929768,2.0090999999999997,1,2.0090999999999997,6.0,inf
202,3,1.2659720141804187,0.505130226437304,1.9243231729929768,2.0090999999999997,1,2.0090999999999997,6.0,inf
202,4,1.2659720141804187,0.505130226437304,1.9243231729929768,2.0090999999999997,1,2.0090999999999997,6.0,inf
202,5,1.2659720141804187,0.505130226437304,1.9243231729929768,2.0090999999999997,1,2.0090999999999997,6.0,inf
203,0,-0.19510095726697607,1.3014152488255109,-1.4719624738656432,4.1265,1,4.1265,6.0,inf
203,1,-0.19510095726697607,1.3014152488255109,-1.4719624738656432,4.1265,1,4.1265,6.0,inf
203,2,-0.19510095726697607,1.3014152488255109,-1.4719624738656432,4.1265,1,4.1265,6.0,inf
203,3,-0.19510095726697607,1.3014152488255109,-1.4719624738656432,4.1265,1,4.1265,6.0,inf
203,4,-0.19510095726697607,1.3014152488255109,-1.4719624738656432,4.1265,1,4.1265,6.0,inf
203,5,-0.19510095726697607,1.3014152488255109,-1.4719624738656432,4.1265,1,4.1265,6.0,inf
204,0,0.12121553246081938,-0.6961481982732916,0.6235786042471223,2.0808,1,2.0808,6.0,inf
204,1,0.12121553246081938,-0.6961481982732916,0.6235786042471223,2.0808,1,2.0808,6.0,inf
204,2,0.12121553246081938,-0.6961481982732916,0.6235786042471223,2.0808,1,2.0808,6.0,inf
204,3,0.12121553246081938,-0.6961481982732916,0.6235786042471223,2.0808,1,2.0808,6.0,inf
204,4,0.12121553246081938,-0.6961481982732916,0.6235786042471223,2.0808,1,2.0808,6.0,inf
204,5,0.12121553246081938,-0.6961481982732916,0.6235786042471223,2.0808,1,2.0808,6.0,inf
205,0,-1.0828597851640571,-1.0808266116332044,-0.21688527727259813,3.3156,1,3.3156,6.0,inf
205,1,-1.0828597851640571,-1.0808266116332044,-0.21688527727259813,3.3156,1,3.3156,6.0,inf
205,2,-1.0828597851640571,-1.0808266116332044,-0.21688527727259813,3.3156,1,3.3156,6.0,inf
205,3,-1.0828597851640571,-1.0808266116332044,-0.21688527727259813,3.3156,1,3.3156,6.0,inf
205,4,-1.0828597851640571,-1.0808266116332044,-0.21688527727259813,3.3156,1,3.3156,6.0,inf
205,5,-1.0828597851640571,-1.0808266116332044,-0.21688527727259813,3.3156,1,3.3156,6.0,inf
206,0,-0.29047775040755003,-1.650806493610853,-0.4234394506114581,1.9517999999999998,1,1.9517999999999998,6.0,inf
206,1,-0.29047775040755003,-1.650806493610853,-0.4234394506114581,1.9517999999999998,1,1.9517999999999998,6.0,inf
206,2,-0.29047775040755003,-1.650806493610853,-0.4234394506114581,1.9517999999999998,1,1.9517999999999998,6.0,inf
206,3,-0.29047775040755003,-1.650806493610853,-0.4234394506114581,1.9517999999999998,1,1.9517999999999998,6.0,inf
206,4,-0.29047775040755003,-1.650806493610853,-0.4234394506114581,1.9517999999999998,1,1.9517999999999998,6.0,inf
206,5,-0.29047775040755003,-1.650806493610853,-0.4234394506114581,1.9517999999999998,1,1.9517999999999998,6.0,inf
207,0,1.0075288877306796,-0.8351009825310856,0.09020420002077012,0.7769999999999999,1,0.7769999999999999,6.0,inf
207,1,1.0075288877306796,-0.8351009825310856,0.09020420002077012,0.7769999999999999,1,0.7769999999999999,6.0,inf
207,2,1.0075288877306796,-0.8351009825310856,0.09020420002077012,0.7769999999999999,1,0.7769999999999999,6.0,inf
207,3,1.0075288877306796,-0.8351009825310856,0.09020420002077012,0.7769999999999999,1,0.7769999999999999,6.0,inf
207,4,1.0075288877306796,-0.8351009825310856,0.09020420002077012,0.7769999999999999,1,0.7769999999999999,6.0,inf
207,5,1.0075288877306796,-0.8351009825310856,0.09020420002077012,0.7769999999999999,1,0.7769999999999999,6.0,inf
208,0,-0.7262523230325616,1.3133331523164575,-0.8764423610267139,0.11699999999999999,1,0.11699999999999999,6.0,inf
208,1,-0.7262523230325616,1.3133331523164575,-0.8764423610267139,0.11699999999999999,1,0.11699999999999999,6.0,inf
208,2,-0.7262523230325616,1.3133331523164575,-0.8764423610267139,0.11699999999999999,1,0.11699999999999999,6.0,inf
208,3,-0.7262523230325616,1.3133331523164575,-0.8764423610267139,0.11699999999999999,1,0.11699999999999999,6.0,inf
208,4,-0.7262523230325616,1.3133331523164575,-0.8764423610267139,0.11699999999999999,1,0.11699999999999999,6.0,inf
208,5,-0.7262523230325616,1.3133331523164575,-0.8764423610267139,0.11699999999999999,1,0.11699999999999999,6.0,inf
209,0,-0.07293513874019028,-2.781693922820356,-0.8882914591286818,0.8835,1,0.8835,6.0,inf
209,1,-0.07293513874019028,-2.781693922820356,-0.8882914591286818,0.8835,1,0.8835,6.0,inf
209,2,-0.07293513874019028,-2.781693922820356,-0.8882914591286818,0.8835,1,0.8835,6.0,inf
209,3,-0.07293513874019028,-2.781693922820356,-0.8882914591286818,0.8835,1,0.8835,6.0,inf
209,4,-0.07293513874019028,-2.781693922820356,-0.8882914591286818,0.8835,1,0.8835,6.0,inf
209,5,-0.07293513874019028,-2.781693922820356,-0.8882914591286818,0.8835,1,0.8835,6.0,inf
210,0,0.8656086120378284,0.7331017104539439,0.014239274361975628,2.7876,1,2.7876,6.0,inf
210,1,0.8656086120378284,0.7331017104539439,0.014239274361975628,2.7876,1,2.7876,6.0,inf
210,2,0.8656086120378284,0.7331017104539439,0.014239274361975628,2.7876,1,2.7876,6.0,inf
210,3,0.8656086120378284,0.7331017104539439,0.014239274361975628,2.7876,1,2.7876,6.0,inf
210,4,0.8656086120378284,0.7331017104539439,0.014239274361975628,2.7876,1,2.7876,6.0,inf
210,5,0.8656086120378284,0.7331017104539439,0.014239274361975628,2.7876,1,2.7876,6.0,inf
211,0,0.16296788779866608,-0.16398654346777264,-0.6863818259780438,3.3333,1,3.3333,6.0,inf
211,1,0.16296788779866608,-0.16398654346777264,-0.6863818259780438,3.3333,1,3.3333,6.0,inf
211,2,0.16296788779866608,-0.16398654346777264,-0.6863818259780438,3.3333,1,3.3333,6.0,inf
211,3,0.16296788779866608,-0.16398654346777264,-0.6863818259780438,3.3333,1,3.3333,6.0,inf
211,4,0.16296788779866608,-0.16398654346777264,-0.6863818259780438,3.3333,1,3.3333,6.0,inf
211,5,0.16296788779866608,-0.16398654346777264,-0.6863818259780438,3.3333,1,3.3333,6.0,inf
212,0,-0.5336155269570463,0.06295090526449743,-0.22282403284164773,3.6165,1,3.6165,6.0,inf
212,1,-0.5336155269570463,0.06295090526449743,-0.22282403284164773,3.6165,1,3.6165,6.0,inf
212,2,-0.5336155269570463,0.06295090526449743,-0.22282403284164773,3.6165,1,3.6165,6.0,inf
212,3,-0.5336155269570463,0.06295090526449743,-0.22282403284164773,3.6165,1,3.6165,6.0,inf
212,4,-0.5336155269570463,0.06295090526449743,-0.22282403284164773,3.6165,1,3.6165,6.0,inf
212,5,-0.5336155269570463,0.06295090526449743,-0.22282403284164773,3.6165,1,3.6165,6.0,inf
213,0,-1.3273156309671323,0.8965360791292193,0.03895382610354863,1.6934999999999998,1,1.6934999999999998,6.0,inf
213,1,-1.3273156309671323,0.8965360791292193,0.03895382610354863,1.6934999999999998,1,1.6934999999999998,6.0,inf
213,2,-1.3273156309671323,0.8965360791292193,0.03895382610354863,1.6934999999999998,1,1.6934999999999998,6.0,inf
213,3,-1.3273156309671323,0.8965360791292193,0.03895382610354863,1.6934999999999998,1,1.6934999999999998,6.0,inf
213,4,-1.3273156309671323,0.8965360791292193,0.03895382610354863,1.6934999999999998,1,1.6934999999999998,6.0,inf
213,5,-1.3273156309671323,0.8965360791292193,0.03895382610354863,1.6934999999999998,1,1.6934999999999998,6.0,inf
214,0,-0.428034857310643,0.9336902789662738,-0.20789864480119924,1.9184999999999999,1,1.9184999999999999,6.0,inf
214,1,-0.428034857310643,0.9336902789662738,-0.20789864480119924,1.9184999999999999,1,1.9184999999999999,6.0,inf
214,2,-0.428034857310643,0.9336902789662738,-0.20789864480119924,1.9184999999999999,1,1.9184999999999999,6.0,inf
214,3,-0.428034857310643,0.9336902789662738,-0.20789864480119924,1.9184999999999999,1,1.9184999999999999,6.0,inf
214,4,-0.428034857310643,0.9336902789662738,-0.20789864480119924,1.9184999999999999,1,1.9184999999999999,6.0,inf
214,5,-0.428034857310643,0.9336902789662738,-0.20789864480119924,1.9184999999999999,1,1.9184999999999999,6.0,inf
215,0,-0.38059651668259664,0.14545249059123647,-1.3808149675957908,4.02,1,4.02,6.0,inf
215,1,-0.38059651668259664,0.14545249059123647,-1.3808149675957908,4.02,1,4.02,6.0,inf
215,2,-0.38059651668259664,0.14545249059123647,-1.3808149675957908,4.02,1,4.02,6.0,inf
215,3,-0.38059651668259664,0.14545249059123647,-1.3808149675957908,4.02,1,4.02,6.0,inf
215,4,-0.38059651668259664,0.14545249059123647,-1.3808149675957908,4.02,1,4.02,6.0,inf
215,5,-0.38059651668259664,0.14545249059123647,-1.3808149675957908,4.02,1,4.02,6.0,inf
216,0,-0.10354866932840218,1.4865061455980366,1.5916371276007761,5.980499999999999,1,5.980499999999999,6.0,inf
216,1,-0.10354866932840218,1.4865061455980366,1.5916371276007761,5.980499999999999,1,5.980499999999999,6.0,inf
216,2,-0.10354866932840218,1.4865061455980366,1.5916371276007761,5.980499999999999,1,5.980499999999999,6.0,inf
216,3,-0.10354866932840218,1.4865061455980366,1.5916371276007761,5.980499999999999,1,5.980499999999999,6.0,inf
216,4,-0.10354866932840218,1.4865061455980366,1.5916371276007761,5.980499999999999,1,5.980499999999999,6.0,inf
216,5,-0.10354866932840218,1.4865061455980366,1.5916371276007761,5.980499999999999,1,5.980499999999999,6.0,inf
217,0,0.9850865611471584,0.20777817518802497,1.0378233324838104,1.5119999999999998,1,1.5119999999999998,6.0,inf
217,1,0.9850865611471584,0.20777817518802497,1.0378233324838104,1.5119999999999998,1,1.5119999999999998,6.0,inf
217,2,0.9850865611471584,0.20777817518802497,1.0378233324838104,1.5119999999999998,1,1.5119999999999998,6.0,inf
217,3,0.9850865611471584,0.20777817518802497,1.0378233324838104,1.5119999999999998,1,1.5119999999999998,6.0,inf
217,4,0.9850865611471584,0.20777817518802497,1.0378233324838104,1.5119999999999998,1,1.5119999999999998,6.0,inf
217,5,0.9850865611471584,0.20777817518802497,1.0378233324838104,1.5119999999999998,1,1.5119999999999998,6.0,inf
218,0,-0.07239002663843097,-1.529253638991058,0.345111453990059,1.3413,1,1.3413,6.0,inf
218,1,-0.07239002663843097,-1.529253638991058,0.345111453990059,1.3413,1,1.3413,6.0,inf
218,2,-0.07239002663843097,-1.529253638991058,0.345111453990059,1.3413,1,1.3413,6.0,inf
218,3,-0.07239002663843097,-1.529253638991058,0.345111453990059,1.3413,1,1.3413,6.0,inf
218,4,-0.07239002663843097,-1.529253638991058,0.345111453990059,1.3413,1,1.3413,6.0,inf
218,5,-0.07239002663843097,-1.529253638991058,0.345111453990059,1.3413,1,1.3413,6.0,inf
219,0,-0.7850729273575723,-0.8189565510977898,0.09919497474001837,0.36479999999999996,1,0.36479999999999996,6.0,inf
219,1,-0.7850729273575723,-0.8189565510977898,0.09919497474001837,0.36479999999999996,1,0.36479999999999996,6.0,inf
219,2,-0.7850729273575723,-0.8189565510977898,0.09919497474001837,0.36479999999999996,1,0.36479999999999996,6.0,inf
219,3,-0.7850729273575723,-0.8189565510977898,0.09919497474001837,0.36479999999999996,1,0.36479999999999996,6.0,inf
219,4,-0.7850729273575723,-0.8189565510977898,0.09919497474001837,0.36479999999999996,1,0.36479999999999996,6.0,inf
219,5,-0.7850729273575723,-0.8189565510977898,0.09919497474001837,0.36479999999999996,1,0.36479999999999996,6.0,inf
220,0,0.45756633632193855,-0.5291646081817794,-1.0969142158120264,3.0117,1,3.0117,6.0,inf
220,1,0.45756633632193855,-0.5291646081817794,-1.0969142158120264,3.0117,1,3.0117,6.0,inf
220,2,0.45756633632193855,-0.5291646081817794,-1.0969142158120264,3.0117,1,3.0117,6.0,inf
220,3,0.45756633632193855,-0.5291646081817794,-1.0969142158120264,3.0117,1,3.0117,6.0,inf
220,4,0.45756633632193855,-0.5291646081817794,-1.0969142158120264,3.0117,1,3.0117,6.0,inf
220,5,0.45756633632193855,-0.5291646081817794,-1.0969142158120264,3.0117,1,3.0117,6.0,inf
221,0,-0.2765491740441311,-0.7660058926308262,-1.4489139471760113,5.7291,1,5.7291,6.0,inf
221,1,-0.2765491740441311,-0.7660058926308262,-1.4489139471760113,5.7291,1,5.7291,6.0,inf
221,2,-0.2765491740441311,-0.7660058926308262,-1.4489139471760113,5.7291,1,5.7291,6.0,inf
221,3,-0.2765491740441311,-0.7660058926308262,-1.4489139471760113,5.7291,1,5.7291,6.0,inf
221,4,-0.2765491740441311,-0.7660058926308262,-1.4489139471760113,5.7291,1,5.7291,6.0,inf
221,5,-0.2765491740441311,-0.7660058926308262,-1.4489139471760113,5.7291,1,5.7291,6.0,inf
222,0,0.7371863527485392,0.599637428079825,-0.26470311430806476,2.0987999999999998,1,2.0987999999999998,6.0,inf
222,1,0.7371863527485392,0.599637428079825,-0.26470311430806476,2.0987999999999998,1,2.0987999999999998,6.0,inf
222,2,0.7371863527485392,0.599637428079825,-0.26470311430806476,2.0987999999999998,1,2.0987999999999998,6.0,inf
222,3,0.7371863527485392,0.599637428079825,-0.26470311430806476,2.0987999999999998,1,2.0987999999999998,6.0,inf
222,4,0.7371863527485392,0.599637428079825,-0.26470311430806476,2.0987999999999998,1,2.0987999999999998,6.0,inf
222,5,0.7371863527485392,0.599637428079825,-0.26470311430806476,2.0987999999999998,1,2.0987999999999998,6.0,inf
223,0,-0.017352436656867993,0.47433340342170094,-1.3295820313482494,0.17789999999999997,1,0.17789999999999997,6.0,inf
223,1,-0.017352436656867993,0.47433340342170094,-1.3295820313482494,0.17789999999999997,1,0.17789999999999997,6.0,inf
223,2,-0.017352436656867993,0.47433340342170094,-1.3295820313482494,0.17789999999999997,1,0.17789999999999997,6.0,inf
223,3,-0.017352436656867993,0.47433340342170094,-1.3295820313482494,0.17789999999999997,1,0.17789999999999997,6.0,inf
223,4,-0.017352436656867993,0.47433340342170094,-1.3295820313482494,0.17789999999999997,1,0.17789999999999997,6.0,inf
223,5,-0.017352436656867993,0.47433340342170094,-1.3295820313482494,0.17789999999999997,1,0.17789999999999997,6.0,inf
224,0,-0.4540599838606116,-1.0530155337325062,-1.0554797512270766,1.8231,1,1.8231,6.0,inf
224,1,-0.4540599838606116,-1.0530155337325062,-1.0554797512270766,1.8231,1,1.8231,6.0,inf
224,2,-0.4540599838606116,-1.0530155337325062,-1.0554797512270766,1.8231,1,1.8231,6.0,inf
224,3,-0.4540599838606116,-1.0530155337325062,-1.0554797512270766,1.8231,1,1.8231,6.0,inf
224,4,-0.4540599838606116,-1.0530155337325062,-1.0554797512270766,1.8231,1,1.8231,6.0,inf
224,5,-0.4540599838606116,-1.0530155337325062,-1.0554797512270766,1.8231,1,1.8231,6.0,inf
225,0,0.9003214306467144,-0.14691385766685064,1.2225359658309245,0.5018999999999999,1,0.5018999999999999,6.0,inf
225,1,0.9003214306467144,-0.14691385766685064,1.2225359658309245,0.5018999999999999,1,0.5018999999999999,6.0,inf
225,2,0.9003214306467144,-0.14691385766685064,1.2225359658309245,0.5018999999999999,1,0.5018999999999999,6.0,inf
225,3,0.9003214306467144,-0.14691385766685064,1.2225359658309245,0.5018999999999999,1,0.5018999999999999,6.0,inf
225,4,0.9003214306467144,-0.14691385766685064,1.2225359658309245,0.5018999999999999,1,0.5018999999999999,6.0,inf
225,5,0.9003214306467144,-0.14691385766685064,1.2225359658309245,0.5018999999999999,1,0.5018999999999999,6.0,inf
226,0,-0.26406379030056315,0.010215012387646749,-0.21186292165169893,4.9506,1,4.9506,6.0,inf
226,1,-0.26406379030056315,0.010215012387646749,-0.21186292165169893,4.9506,1,4.9506,6.0,inf
226,2,-0.26406379030056315,0.010215012387646749,-0.21186292165169893,4.9506,1,4.9506,6.0,inf
226,3,-0.26406379030056315,0.010215012387646749,-0.21186292165169893,4.9506,1,4.9506,6.0,inf
226,4,-0.26406379030056315,0.010215012387646749,-0.21186292165169893,4.9506,1,4.9506,6.0,inf
226,5,-0.26406379030056315,0.010215012387646749,-0.21186292165169893,4.9506,1,4.9506,6.0,inf
227,0,-1.7163762393891557,-1.354273131477879,0.9747968434453202,1.3721999999999999,1,1.3721999999999999,6.0,inf
227,1,-1.7163762393891557,-1.354273131477879,0.9747968434453202,1.3721999999999999,1,1.3721999999999999,6.0,inf
227,2,-1.7163762393891557,-1.354273131477879,0.9747968434453202,1.3721999999999999,1,1.3721999999999999,6.0,inf
227,3,-1.7163762393891557,-1.354273131477879,0.9747968434453202,1.3721999999999999,1,1.3721999999999999,6.0,inf
227,4,-1.7163762393891557,-1.354273131477879,0.9747968434453202,1.3721999999999999,1,1.3721999999999999,6.0,inf
227,5,-1.7163762393891557,-1.354273131477879,0.9747968434453202,1.3721999999999999,1,1.3721999999999999,6.0,inf
228,0,-1.1191399336680257,2.5018040225041247,-0.48565026399820377,5.995799999999999,1,5.995799999999999,6.0,inf
228,1,-1.1191399336680257,2.5018040225041247,-0.48565026399820377,5.995799999999999,1,5.995799999999999,6.0,inf
228,2,-1.1191399336680257,2.5018040225041247,-0.48565026399820377,5.995799999999999,1,5.995799999999999,6.0,inf
228,3,-1.1191399336680257,2.5018040225041247,-0.48565026399820377,5.995799999999999,1,5.995799999999999,6.0,inf
228,4,-1.1191399336680257,2.5018040225041247,-0.48565026399820377,5.995799999999999,1,5.995799999999999,6.0,inf
228,5,-1.1191399336680257,2.5018040225041247,-0.48565026399820377,5.995799999999999,1,5.995799999999999,6.0,inf
229,0,-0.31470872860220467,1.8318360051187645,-0.12959234705167627,4.7307,1,4.7307,6.0,inf
229,1,-0.31470872860220467,1.8318360051187645,-0.12959234705167627,4.7307,1,4.7307,6.0,inf
229,2,-0.31470872860220467,1.8318360051187645,-0.12959234705167627,4.7307,1,4.7307,6.0,inf
229,3,-0.31470872860220467,1.8318360051187645,-0.12959234705167627,4.7307,1,4.7307,6.0,inf
229,4,-0.31470872860220467,1.8318360051187645,-0.12959234705167627,4.7307,1,4.7307,6.0,inf
229,5,-0.31470872860220467,1.8318360051187645,-0.12959234705167627,4.7307,1,4.7307,6.0,inf
230,0,-1.3276411094058131,0.7542191927162072,0.543893454555612,0.7304999999999999,1,0.7304999999999999,6.0,inf
230,1,-1.3276411094058131,0.7542191927162072,0.543893454555612,0.7304999999999999,1,0.7304999999999999,6.0,inf
230,2,-1.3276411094058131,0.7542191927162072,0.543893454555612,0.7304999999999999,1,0.7304999999999999,6.0,inf
230,3,-1.3276411094058131,0.7542191927162072,0.543893454555612,0.7304999999999999,1,0.7304999999999999,6.0,inf
230,4,-1.3276411094058131,0.7542191927162072,0.543893454555612,0.7304999999999999,1,0.7304999999999999,6.0,inf
230,5,-1.3276411094058131,0.7542191927162072,0.543893454555612,0.7304999999999999,1,0.7304999999999999,6.0,inf
231,0,0.8981761846981796,-0.28622486060055313,1.5297523220671216,0.3348,1,0.3348,6.0,inf
231,1,0.8981761846981796,-0.28622486060055313,1.5297523220671216,0.3348,1,0.3348,6.0,inf
231,2,0.8981761846981796,-0.28622486060055313,1.5297523220671216,0.3348,1,0.3348,6.0,inf
231,3,0.8981761846981796,-0.28622486060055313,1.5297523220671216,0.3348,1,0.3348,6.0,inf
231,4,0.8981761846981796,-0.28622486060055313,1.5297523220671216,0.3348,1,0.3348,6.0,inf
231,5,0.8981761846981796,-0.28622486060055313,1.5297523220671216,0.3348,1,0.3348,6.0,inf
232,0,0.7357269348393283,0.39665941666002374,-0.05817656897740837,2.5281,1,2.5281,6.0,inf
232,1,0.7357269348393283,0.39665941666002374,-0.05817656897740837,2.5281,1,2.5281,6.0,inf
232,2,0.7357269348393283,0.39665941666002374,-0.05817656897740837,2.5281,1,2.5281,6.0,inf
232,3,0.7357269348393283,0.39665941666002374,-0.05817656897740837,2.5281,1,2.5281,6.0,inf
232,4,0.7357269348393283,0.39665941666002374,-0.05817656897740837,2.5281,1,2.5281,6.0,inf
232,5,0.7357269348393283,0.39665941666002374,-0.05817656897740837,2.5281,1,2.5281,6.0,inf
233,0,1.1115539418705247,1.1278072823797052,1.196670137317958,1.9644,1,1.9644,6.0,inf
233,1,1.1115539418705247,1.1278072823797052,1.196670137317958,1.9644,1,1.9644,6.0,inf
233,2,1.1115539418705247,1.1278072823797052,1.196670137317958,1.9644,1,1.9644,6.0,inf
233,3,1.1115539418705247,1.1278072823797052,1.196670137317958,1.9644,1,1.9644,6.0,inf
233,4,1.1115539418705247,1.1278072823797052,1.196670137317958,1.9644,1,1.9644,6.0,inf
233,5,1.1115539418705247,1.1278072823797052,1.196670137317958,1.9644,1,1.9644,6.0,inf
234,0,-0.7346603745109183,-0.22594931394298765,-0.10515047437566818,1.4408999999999998,1,1.4408999999999998,6.0,inf
234,1,-0.7346603745109183,-0.22594931394298765,-0.10515047437566818,1.4408999999999998,1,1.4408999999999998,6.0,inf
234,2,-0.7346603745109183,-0.22594931394298765,-0.10515047437566818,1.4408999999999998,1,1.4408999999999998,6.0,inf
234,3,-0.7346603745109183,-0.22594931394298765,-0.10515047437566818,1.4408999999999998,1,1.4408999999999998,6.0,inf
234,4,-0.7346603745109183,-0.22594931394298765,-0.10515047437566818,1.4408999999999998,1,1.4408999999999998,6.0,inf
234,5,-0.7346603745109183,-0.22594931394298765,-0.10515047437566818,1.4408999999999998,1,1.4408999999999998,6.0,inf
235,0,-0.0989885252022864,0.6495057590930434,-1.451929241945547,0.9275999999999999,1,0.9275999999999999,6.0,inf
235,1,-0.0989885252022864,0.6495057590930434,-1.451929241945547,0.9275999999999999,1,0.9275999999999999,6.0,inf
235,2,-0.0989885252022864,0.6495057590930434,-1.451929241945547,0.9275999999999999,1,0.9275999999999999,6.0,inf
235,3,-0.0989885252022864,0.6495057590930434,-1.451929241945547,0.9275999999999999,1,0.9275999999999999,6.0,inf
235,4,-0.0989885252022864,0.6495057590930434,-1.451929241945547,0.9275999999999999,1,0.9275999999999999,6.0,inf
235,5,-0.0989885252022864,0.6495057590930434,-1.451929241945547,0.9275999999999999,1,0.9275999999999999,6.0,inf
236,0,1.5443526817491104,-0.5973993459798759,0.6778542244849985,2.3766,1,2.3766,6.0,inf
236,1,1.5443526817491104,-0.5973993459798759,0.6778542244849985,2.3766,1,2.3766,6.0,inf
236,2,1.5443526817491104,-0.5973993459798759,0.6778542244849985,2.3766,1,2.3766,6.0,inf
236,3,1.5443526817491104,-0.5973993459798759,0.6778542244849985,2.3766,1,2.3766,6.0,inf
236,4,1.5443526817491104,-0.5973993459798759,0.6778542244849985,2.3766,1,2.3766,6.0,inf
236,5,1.5443526817491104,-0.5973993459798759,0.6778542244849985,2.3766,1,2.3766,6.0,inf
237,0,-0.3513816626198128,-0.540421647717505,-0.8646863326396146,1.8626999999999998,1,1.8626999999999998,6.0,inf
237,1,-0.3513816626198128,-0.540421647717505,-0.8646863326396146,1.8626999999999998,1,1.8626999999999998,6.0,inf
237,2,-0.3513816626198128,-0.540421647717505,-0.8646863326396146,1.8626999999999998,1,1.8626999999999998,6.0,inf
237,3,-0.3513816626198128,-0.540421647717505,-0.8646863326396146,1.8626999999999998,1,1.8626999999999998,6.0,inf
237,4,-0.3513816626198128,-0.540421647717505,-0.8646863326396146,1.8626999999999998,1,1.8626999999999998,6.0,inf
237,5,-0.3513816626198128,-0.540421647717505,-0.8646863326396146,1.8626999999999998,1,1.8626999999999998,6.0,inf
238,0,0.2655123671518947,-0.834168456573636,-0.46521200672704616,0.7683,1,0.7683,6.0,inf
238,1,0.2655123671518947,-0.834168456573636,-0.46521200672704616,0.7683,1,0.7683,6.0,inf
238,2,0.2655123671518947,-0.834168456573636,-0.46521200672704616,0.7683,1,0.7683,6.0,inf
238,3,0.2655123671518947,-0.834168456573636,-0.46521200672704616,0.7683,1,0.7683,6.0,inf
238,4,0.2655123671518947,-0.834168456573636,-0.46521200672704616,0.7683,1,0.7683,6.0,inf
238,5,0.2655123671518947,-0.834168456573636,-0.46521200672704616,0.7683,1,0.7683,6.0,inf
239,0,0.819753541344389,-0.1487588947810642,0.7459669310572276,1.2356999999999998,1,1.2356999999999998,6.0,inf
239,1,0.819753541344389,-0.1487588947810642,0.7459669310572276,1.2356999999999998,1,1.2356999999999998,6.0,inf
239,2,0.819753541344389,-0.1487588947810642,0.7459669310572276,1.2356999999999998,1,1.2356999999999998,6.0,inf
239,3,0.819753541344389,-0.1487588947810642,0.7459669310572276,1.2356999999999998,1,1.2356999999999998,6.0,inf
239,4,0.819753541344389,-0.1487588947810642,0.7459669310572276,1.2356999999999998,1,1.2356999999999998,6.0,inf
239,5,0.819753541344389,-0.1487588947810642,0.7459669310572276,1.2356999999999998,1,1.2356999999999998,6.0,inf
240,0,-0.2858110324755239,1.3797439552746915,0.21437625180493394,1.9022999999999999,1,1.9022999999999999,6.0,inf
240,1,-0.2858110324755239,1.3797439552746915,0.21437625180493394,1.9022999999999999,1,1.9022999999999999,6.0,inf
240,2,-0.2858110324755239,1.3797439552746915,0.21437625180493394,1.9022999999999999,1,1.9022999999999999,6.0,inf
240,3,-0.2858110324755239,1.3797439552746915,0.21437625180493394,1.9022999999999999,1,1.9022999999999999,6.0,inf
240,4,-0.2858110324755239,1.3797439552746915,0.21437625180493394,1.9022999999999999,1,1.9022999999999999,6.0,inf
240,5,-0.2858110324755239,1.3797439552746915,0.21437625180493394,1.9022999999999999,1,1.9022999999999999,6.0,inf
241,0,-0.5893333564462249,-1.4204908456630514,-0.05147321950841373,0.1035,1,0.1035,6.0,inf
241,1,-0.5893333564462249,-1.4204908456630514,-0.05147321950841373,0.1035,1,0.1035,6.0,inf
241,2,-0.5893333564462249,-1.4204908456630514,-0.05147321950841373,0.1035,1,0.1035,6.0,inf
241,3,-0.5893333564462249,-1.4204908456630514,-0.05147321950841373,0.1035,1,0.1035,6.0,inf
241,4,-0.5893333564462249,-1.4204908456630514,-0.05147321950841373,0.1035,1,0.1035,6.0,inf
241,5,-0.5893333564462249,-1.4204908456630514,-0.05147321950841373,0.1035,1,0.1035,6.0,inf
242,0,0.7333929127953931,-0.059776217476935484,-0.34728979894682,4.856999999999999,1,4.856999999999999,6.0,inf
242,1,0.7333929127953931,-0.059776217476935484,-0.34728979894682,4.856999999999999,1,4.856999999999999,6.0,inf
242,2,0.7333929127953931,-0.059776217476935484,-0.34728979894682,4.856999999999999,1,4.856999999999999,6.0,inf
242,3,0.7333929127953931,-0.059776217476935484,-0.34728979894682,4.856999999999999,1,4.856999999999999,6.0,inf
242,4,0.7333929127953931,-0.059776217476935484,-0.34728979894682,4.856999999999999,1,4.856999999999999,6.0,inf
242,5,0.7333929127953931,-0.059776217476935484,-0.34728979894682,4.856999999999999,1,4.856999999999999,6.0,inf
243,0,0.07322778376054417,1.3329739608432714,1.4737793471292666,6.0,0,6.0809999999999995,6.0,inf
243,1,0.07322778376054417,1.3329739608432714,1.4737793471292666,6.0,0,6.0809999999999995,6.0,inf
243,2,0.07322778376054417,1.3329739608432714,1.4737793471292666,6.0,0,6.0809999999999995,6.0,inf
243,3,0.07322778376054417,1.3329739608432714,1.4737793471292666,6.0,0,6.0809999999999995,6.0,inf
243,4,0.07322778376054417,1.3329739608432714,1.4737793471292666,6.0,0,6.0809999999999995,6.0,inf
243,5,0.07322778376054417,1.3329739608432714,1.4737793471292666,6.0,0,6.0809999999999995,6.0,inf
244,0,0.531552371645763,0.29090405320249635,-2.1753636485697116,3.7868999999999997,1,3.7868999999999997,6.0,inf
244,1,0.531552371645763,0.29090405320249635,-2.1753636485697116,3.7868999999999997,1,3.7868999999999997,6.0,inf
244,2,0.531552371645763,0.29090405320249635,-2.1753636485697116,3.7868999999999997,1,3.7868999999999997,6.0,inf
244,3,0.531552371645763,0.29090405320249635,-2.1753636485697116,3.7868999999999997,1,3.7868999999999997,6.0,inf
244,4,0.531552371645763,0.29090405320249635,-2.1753636485697116,3.7868999999999997,1,3.7868999999999997,6.0,inf
244,5,0.531552371645763,0.29090405320249635,-2.1753636485697116,3.7868999999999997,1,3.7868999999999997,6.0,inf
245,0,0.8416232078449171,0.5972410416726983,-0.10460339844946712,2.4372,1,2.4372,6.0,inf
245,1,0.8416232078449171,0.5972410416726983,-0.10460339844946712,2.4372,1,2.4372,6.0,inf
245,2,0.8416232078449171,0.5972410416726983,-0.10460339844946712,2.4372,1,2.4372,6.0,inf
245,3,0.8416232078449171,0.5972410416726983,-0.10460339844946712,2.4372,1,2.4372,6.0,inf
245,4,0.8416232078449171,0.5972410416726983,-0.10460339844946712,2.4372,1,2.4372,6.0,inf
245,5,0.8416232078449171,0.5972410416726983,-0.10460339844946712,2.4372,1,2.4372,6.0,inf
246,0,-1.7417826813326711,0.45146019723128405,0.024001681617446532,3.7040999999999995,1,3.7040999999999995,6.0,inf
246,1,-1.7417826813326711,0.45146019723128405,0.024001681617446532,3.7040999999999995,1,3.7040999999999995,6.0,inf
246,2,-1.7417826813326711,0.45146019723128405,0.024001681617446532,3.7040999999999995,1,3.7040999999999995,6.0,inf
246,3,-1.7417826813326711,0.45146019723128405,0.024001681617446532,3.7040999999999995,1,3.7040999999999995,6.0,inf
246,4,-1.7417826813326711,0.45146019723128405,0.024001681617446532,3.7040999999999995,1,3.7040999999999995,6.0,inf
246,5,-1.7417826813326711,0.45146019723128405,0.024001681617446532,3.7040999999999995,1,3.7040999999999995,6.0,inf
247,0,-0.11366458786309297,0.02846687457661859,-1.012105738660803,5.5455,1,5.5455,6.0,inf
247,1,-0.11366458786309297,0.02846687457661859,-1.012105738660803,5.5455,1,5.5455,6.0,inf
247,2,-0.11366458786309297,0.02846687457661859,-1.012105738660803,5.5455,1,5.5455,6.0,inf
247,3,-0.11366458786309297,0.02846687457661859,-1.012105738660803,5.5455,1,5.5455,6.0,inf
247,4,-0.11366458786309297,0.02846687457661859,-1.012105738660803,5.5455,1,5.5455,6.0,inf
247,5,-0.11366458786309297,0.02846687457661859,-1.012105738660803,5.5455,1,5.5455,6.0,inf
248,0,-0.2303480198861112,-0.18883557766029513,-1.4768668447983624,3.7544999999999997,1,3.7544999999999997,6.0,inf
248,1,-0.2303480198861112,-0.18883557766029513,-1.4768668447983624,3.7544999999999997,1,3.7544999999999997,6.0,inf
248,2,-0.2303480198861112,-0.18883557766029513,-1.4768668447983624,3.7544999999999997,1,3.7544999999999997,6.0,inf
248,3,-0.2303480198861112,-0.18883557766029513,-1.4768668447983624,3.7544999999999997,1,3.7544999999999997,6.0,inf
248,4,-0.2303480198861112,-0.18883557766029513,-1.4768668447983624,3.7544999999999997,1,3.7544999999999997,6.0,inf
248,5,-0.2303480198861112,-0.18883557766029513,-1.4768668447983624,3.7544999999999997,1,3.7544999999999997,6.0,inf
249,0,0.5415210408761836,-1.010603448097943,-0.6255988328411204,2.3337,1,2.3337,6.0,inf
249,1,0.5415210408761836,-1.010603448097943,-0.6255988328411204,2.3337,1,2.3337,6.0,inf
249,2,0.5415210408761836,-1.010603448097943,-0.6255988328411204,2.3337,1,2.3337,6.0,inf
249,3,0.5415210408761836,-1.010603448097943,-0.6255988328411204,2.3337,1,2.3337,6.0,inf
249,4,0.5415210408761836,-1.010603448097943,-0.6255988328411204,2.3337,1,2.3337,6.0,inf
249,5,0.5415210408761836,-1.010603448097943,-0.6255988328411204,2.3337,1,2.3337,6.0,inf
250,0,-0.5246057414000015,1.069674942318968,-0.5268592405642537,4.1480999999999995,1,4.1480999999999995,6.0,inf
250,1,-0.5246057414000015,1.069674942318968,-0.5268592405642537,4.1480999999999995,1,4.1480999999999995,6.0,inf
250,2,-0.5246057414000015,1.069674942318968,-0.5268592405642537,4.1480999999999995,1,4.1480999999999995,6.0,inf
250,3,-0.5246057414000015,1.069674942318968,-0.5268592405642537,4.1480999999999995,1,4.1480999999999995,6.0,inf
250,4,-0.5246057414000015,1.069674942318968,-0.5268592405642537,4.1480999999999995,1,4.1480999999999995,6.0,inf
250,5,-0.5246057414000015,1.069674942318968,-0.5268592405642537,4.1480999999999995,1,4.1480999999999995,6.0,inf
251,0,-0.40642507439474695,-0.9283670893508577,1.800314875244765,0.9749999999999999,1,0.9749999999999999,6.0,inf
251,1,-0.40642507439474695,-0.9283670893508577,1.800314875244765,0.9749999999999999,1,0.9749999999999999,6.0,inf
251,2,-0.40642507439474695,-0.9283670893508577,1.800314875244765,0.9749999999999999,1,0.9749999999999999,6.0,inf
251,3,-0.40642507439474695,-0.9283670893508577,1.800314875244765,0.9749999999999999,1,0.9749999999999999,6.0,inf
251,4,-0.40642507439474695,-0.9283670893508577,1.800314875244765,0.9749999999999999,1,0.9749999999999999,6.0,inf
251,5,-0.40642507439474695,-0.9283670893508577,1.800314875244765,0.9749999999999999,1,0.9749999999999999,6.0,inf
252,0,-1.6415365006765512,0.7295391113694127,1.420804546953148,1.5507,1,1.5507,6.0,inf
252,1,-1.6415365006765512,0.7295391113694127,1.420804546953148,1.5507,1,1.5507,6.0,inf
252,2,-1.6415365006765512,0.7295391113694127,1.420804546953148,1.5507,1,1.5507,6.0,inf
252,3,-1.6415365006765512,0.7295391113694127,1.420804546953148,1.5507,1,1.5507,6.0,inf
252,4,-1.6415365006765512,0.7295391113694127,1.420804546953148,1.5507,1,1.5507,6.0,inf
252,5,-1.6415365006765512,0.7295391113694127,1.420804546953148,1.5507,1,1.5507,6.0,inf
253,0,0.9900583300295192,-0.433862779891224,0.18721487401887246,1.0311,1,1.0311,6.0,inf
253,1,0.9900583300295192,-0.433862779891224,0.18721487401887246,1.0311,1,1.0311,6.0,inf
253,2,0.9900583300295192,-0.433862779891224,0.18721487401887246,1.0311,1,1.0311,6.0,inf
253,3,0.9900583300295192,-0.433862779891224,0.18721487401887246,1.0311,1,1.0311,6.0,inf
253,4,0.9900583300295192,-0.433862779891224,0.18721487401887246,1.0311,1,1.0311,6.0,inf
253,5,0.9900583300295192,-0.433862779891224,0.18721487401887246,1.0311,1,1.0311,6.0,inf
254,0,-0.42279283995006844,0.1798615590301867,0.9088207161457592,1.6613999999999998,1,1.6613999999999998,6.0,inf
254,1,-0.42279283995006844,0.1798615590301867,0.9088207161457592,1.6613999999999998,1,1.6613999999999998,6.0,inf
254,2,-0.42279283995006844,0.1798615590301867,0.9088207161457592,1.6613999999999998,1,1.6613999999999998,6.0,inf
254,3,-0.42279283995006844,0.1798615590301867,0.9088207161457592,1.6613999999999998,1,1.6613999999999998,6.0,inf
254,4,-0.42279283995006844,0.1798615590301867,0.9088207161457592,1.6613999999999998,1,1.6613999999999998,6.0,inf
254,5,-0.42279283995006844,0.1798615590301867,0.9088207161457592,1.6613999999999998,1,1.6613999999999998,6.0,inf
255,0,-0.10416570064163592,-0.7064637552714279,-1.6767297743219622,3.1988999999999996,1,3.1988999999999996,6.0,inf
255,1,-0.10416570064163592,-0.7064637552714279,-1.6767297743219622,3.1988999999999996,1,3.1988999999999996,6.0,inf
255,2,-0.10416570064163592,-0.7064637552714279,-1.6767297743219622,3.1988999999999996,1,3.1988999999999996,6.0,inf
255,3,-0.10416570064163592,-0.7064637552714279,-1.6767297743219622,3.1988999999999996,1,3.1988999999999996,6.0,inf
255,4,-0.10416570064163592,-0.7064637552714279,-1.6767297743219622,3.1988999999999996,1,3.1988999999999996,6.0,inf
255,5,-0.10416570064163592,-0.7064637552714279,-1.6767297743219622,3.1988999999999996,1,3.1988999999999996,6.0,inf
256,0,-0.48097377138758957,0.20232840880335792,0.06759195188047334,1.0622999999999998,1,1.0622999999999998,6.0,inf
256,1,-0.48097377138758957,0.20232840880335792,0.06759195188047334,1.0622999999999998,1,1.0622999999999998,6.0,inf
256,2,-0.48097377138758957,0.20232840880335792,0.06759195188047334,1.0622999999999998,1,1.0622999999999998,6.0,inf
256,3,-0.48097377138758957,0.20232840880335792,0.06759195188047334,1.0622999999999998,1,1.0622999999999998,6.0,inf
256,4,-0.48097377138758957,0.20232840880335792,0.06759195188047334,1.0622999999999998,1,1.0622999999999998,6.0,inf
256,5,-0.48097377138758957,0.20232840880335792,0.06759195188047334,1.0622999999999998,1,1.0622999999999998,6.0,inf
257,0,-0.20192803605930884,-1.0410264484024399,1.0893385549663221,1.8728999999999998,1,1.8728999999999998,6.0,inf
257,1,-0.20192803605930884,-1.0410264484024399,1.0893385549663221,1.8728999999999998,1,1.8728999999999998,6.0,inf
257,2,-0.20192803605930884,-1.0410264484024399,1.0893385549663221,1.8728999999999998,1,1.8728999999999998,6.0,inf
257,3,-0.20192803605930884,-1.0410264484024399,1.0893385549663221,1.8728999999999998,1,1.8728999999999998,6.0,inf
257,4,-0.20192803605930884,-1.0410264484024399,1.0893385549663221,1.8728999999999998,1,1.8728999999999998,6.0,inf
257,5,-0.20192803605930884,-1.0410264484024399,1.0893385549663221,1.8728999999999998,1,1.8728999999999998,6.0,inf
258,0,-0.07670418203613717,0.18860618250201278,-0.04427050502960826,0.7556999999999999,1,0.7556999999999999,6.0,inf
258,1,-0.07670418203613717,0.18860618250201278,-0.04427050502960826,0.7556999999999999,1,0.7556999999999999,6.0,inf
258,2,-0.07670418203613717,0.18860618250201278,-0.04427050502960826,0.7556999999999999,1,0.7556999999999999,6.0,inf
258,3,-0.07670418203613717,0.18860618250201278,-0.04427050502960826,0.7556999999999999,1,0.7556999999999999,6.0,inf
258,4,-0.07670418203613717,0.18860618250201278,-0.04427050502960826,0.7556999999999999,1,0.7556999999999999,6.0,inf
258,5,-0.07670418203613717,0.18860618250201278,-0.04427050502960826,0.7556999999999999,1,0.7556999999999999,6.0,inf
259,0,0.9955003716047592,-0.1335111553274648,-0.8864095239571359,2.127,1,2.127,6.0,inf
259,1,0.9955003716047592,-0.1335111553274648,-0.8864095239571359,2.127,1,2.127,6.0,inf
259,2,0.9955003716047592,-0.1335111553274648,-0.8864095239571359,2.127,1,2.127,6.0,inf
259,3,0.9955003716047592,-0.1335111553274648,-0.8864095239571359,2.127,1,2.127,6.0,inf
259,4,0.9955003716047592,-0.1335111553274648,-0.8864095239571359,2.127,1,2.127,6.0,inf
259,5,0.9955003716047592,-0.1335111553274648,-0.8864095239571359,2.127,1,2.127,6.0,inf
260,0,-1.7126213651559863,-0.4375194773327409,-0.6378876474803846,0.2178,1,0.2178,6.0,inf
260,1,-1.7126213651559863,-0.4375194773327409,-0.6378876474803846,0.2178,1,0.2178,6.0,inf
260,2,-1.7126213651559863,-0.4375194773327409,-0.6378876474803846,0.2178,1,0.2178,6.0,inf
260,3,-1.7126213651559863,-0.4375194773327409,-0.6378876474803846,0.2178,1,0.2178,6.0,inf
260,4,-1.7126213651559863,-0.4375194773327409,-0.6378876474803846,0.2178,1,0.2178,6.0,inf
260,5,-1.7126213651559863,-0.4375194773327409,-0.6378876474803846,0.2178,1,0.2178,6.0,inf
261,0,1.2949060109577237,0.6521506425528932,-0.3267503459620939,3.4340999999999995,1,3.4340999999999995,6.0,inf
261,1,1.2949060109577237,0.6521506425528932,-0.3267503459620939,3.4340999999999995,1,3.4340999999999995,6.0,inf
261,2,1.2949060109577237,0.6521506425528932,-0.3267503459620939,3.4340999999999995,1,3.4340999999999995,6.0,inf
261,3,1.2949060109577237,0.6521506425528932,-0.3267503459620939,3.4340999999999995,1,3.4340999999999995,6.0,inf
261,4,1.2949060109577237,0.6521506425528932,-0.3267503459620939,3.4340999999999995,1,3.4340999999999995,6.0,inf
261,5,1.2949060109577237,0.6521506425528932,-0.3267503459620939,3.4340999999999995,1,3.4340999999999995,6.0,inf
262,0,-1.5484529021098536,-1.8963020560623487,0.6673631984619135,1.236,1,1.236,6.0,inf
262,1,-1.5484529021098536,-1.8963020560623487,0.6673631984619135,1.236,1,1.236,6.0,inf
262,2,-1.5484529021098536,-1.8963020560623487,0.6673631984619135,1.236,1,1.236,6.0,inf
262,3,-1.5484529021098536,-1.8963020560623487,0.6673631984619135,1.236,1,1.236,6.0,inf
262,4,-1.5484529021098536,-1.8963020560623487,0.6673631984619135,1.236,1,1.236,6.0,inf
262,5,-1.5484529021098536,-1.8963020560623487,0.6673631984619135,1.236,1,1.236,6.0,inf
263,0,0.24678432418626253,-0.20170582851554236,1.1915496366164484,1.7142,1,1.7142,6.0,inf
263,1,0.24678432418626253,-0.20170582851554236,1.1915496366164484,1.7142,1,1.7142,6.0,inf
263,2,0.24678432418626253,-0.20170582851554236,1.1915496366164484,1.7142,1,1.7142,6.0,inf
263,3,0.24678432418626253,-0.20170582851554236,1.1915496366164484,1.7142,1,1.7142,6.0,inf
263,4,0.24678432418626253,-0.20170582851554236,1.1915496366164484,1.7142,1,1.7142,6.0,inf
263,5,0.24678432418626253,-0.20170582851554236,1.1915496366164484,1.7142,1,1.7142,6.0,inf
264,0,-0.1720978929202448,0.5527238492298515,0.2880013889648565,5.5359,1,5.5359,6.0,inf
264,1,-0.1720978929202448,0.5527238492298515,0.2880013889648565,5.5359,1,5.5359,6.0,inf
264,2,-0.1720978929202448,0.5527238492298515,0.2880013889648565,5.5359,1,5.5359,6.0,inf
264,3,-0.1720978929202448,0.5527238492298515,0.2880013889648565,5.5359,1,5.5359,6.0,inf
264,4,-0.1720978929202448,0.5527238492298515,0.2880013889648565,5.5359,1,5.5359,6.0,inf
264,5,-0.1720978929202448,0.5527238492298515,0.2880013889648565,5.5359,1,5.5359,6.0,inf
265,0,-1.143984553972783,1.7578501480185984,1.4648132237970326,6.0,0,8.0001,6.0,inf
265,1,-1.143984553972783,1.7578501480185984,1.4648132237970326,6.0,0,8.0001,6.0,inf
265,2,-1.143984553972783,1.7578501480185984,1.4648132237970326,6.0,0,8.0001,6.0,inf
265,3,-1.143984553972783,1.7578501480185984,1.4648132237970326,6.0,0,8.0001,6.0,inf
265,4,-1.143984553972783,1.7578501480185984,1.4648132237970326,6.0,0,8.0001,6.0,inf
265,5,-1.143984553972783,1.7578501480185984,1.4648132237970326,6.0,0,8.0001,6.0,inf
266,0,0.5664486091722689,-0.45384531825848823,-0.21171653518859268,2.5995,1,2.5995,6.0,inf
266,1,0.5664486091722689,-0.45384531825848823,-0.21171653518859268,2.5995,1,2.5995,6.0,inf
266,2,0.5664486091722689,-0.45384531825848823,-0.21171653518859268,2.5995,1,2.5995,6.0,inf
266,3,0.5664486091722689,-0.45384531825848823,-0.21171653518859268,2.5995,1,2.5995,6.0,inf
266,4,0.5664486091722689,-0.45384531825848823,-0.21171653518859268,2.5995,1,2.5995,6.0,inf
266,5,0.5664486091722689,-0.45384531825848823,-0.21171653518859268,2.5995,1,2.5995,6.0,inf
267,0,-1.0703748212081134,-0.827772685871493,-0.5419386357937581,0.7136999999999999,1,0.7136999999999999,6.0,inf
267,1,-1.0703748212081134,-0.827772685871493,-0.5419386357937581,0.7136999999999999,1,0.7136999999999999,6.0,inf
267,2,-1.0703748212081134,-0.827772685871493,-0.5419386357937581,0.7136999999999999,1,0.7136999999999999,6.0,inf
267,3,-1.0703748212081134,-0.827772685871493,-0.5419386357937581,0.7136999999999999,1,0.7136999999999999,6.0,inf
267,4,-1.0703748212081134,-0.827772685871493,-0.5419386357937581,0.7136999999999999,1,0.7136999999999999,6.0,inf
267,5,-1.0703748212081134,-0.827772685871493,-0.5419386357937581,0.7136999999999999,1,0.7136999999999999,6.0,inf
268,0,1.9101051296596556,0.9680542489106087,0.006698241545341132,1.5432,1,1.5432,6.0,inf
268,1,1.9101051296596556,0.9680542489106087,0.006698241545341132,1.5432,1,1.5432,6.0,inf
268,2,1.9101051296596556,0.9680542489106087,0.006698241545341132,1.5432,1,1.5432,6.0,inf
268,3,1.9101051296596556,0.9680542489106087,0.006698241545341132,1.5432,1,1.5432,6.0,inf
268,4,1.9101051296596556,0.9680542489106087,0.006698241545341132,1.5432,1,1.5432,6.0,inf
268,5,1.9101051296596556,0.9680542489106087,0.006698241545341132,1.5432,1,1.5432,6.0,inf
269,0,0.6192770941672238,0.30278319792410696,0.9485300794176124,2.6439,1,2.6439,6.0,inf
269,1,0.6192770941672238,0.30278319792410696,0.9485300794176124,2.6439,1,2.6439,6.0,inf
269,2,0.6192770941672238,0.30278319792410696,0.9485300794176124,2.6439,1,2.6439,6.0,inf
269,3,0.6192770941672238,0.30278319792410696,0.9485300794176124,2.6439,1,2.6439,6.0,inf
269,4,0.6192770941672238,0.30278319792410696,0.9485300794176124,2.6439,1,2.6439,6.0,inf
269,5,0.6192770941672238,0.30278319792410696,0.9485300794176124,2.6439,1,2.6439,6.0,inf
270,0,0.2696182873392011,-0.04845897278360558,0.05832734900665793,0.45899999999999996,1,0.45899999999999996,6.0,inf
270,1,0.2696182873392011,-0.04845897278360558,0.05832734900665793,0.45899999999999996,1,0.45899999999999996,6.0,inf
270,2,0.2696182873392011,-0.04845897278360558,0.05832734900665793,0.45899999999999996,1,0.45899999999999996,6.0,inf
270,3,0.2696182873392011,-0.04845897278360558,0.05832734900665793,0.45899999999999996,1,0.45899999999999996,6.0,inf
270,4,0.2696182873392011,-0.04845897278360558,0.05832734900665793,0.45899999999999996,1,0.45899999999999996,6.0,inf
270,5,0.2696182873392011,-0.04845897278360558,0.05832734900665793,0.45899999999999996,1,0.45899999999999996,6.0,inf
271,0,-1.3428675214578267,0.3416183337436067,1.6370343293795282,6.0,0,8.0001,6.0,inf
271,1,-1.3428675214578267,0.3416183337436067,1.6370343293795282,6.0,0,8.0001,6.0,inf
271,2,-1.3428675214578267,0.3416183337436067,1.6370343293795282,6.0,0,8.0001,6.0,inf
271,3,-1.3428675214578267,0.3416183337436067,1.6370343293795282,6.0,0,8.0001,6.0,inf
271,4,-1.3428675214578267,0.3416183337436067,1.6370343293795282,6.0,0,8.0001,6.0,inf
271,5,-1.3428675214578267,0.3416183337436067,1.6370343293795282,6.0,0,8.0001,6.0,inf
272,0,-0.7451219543019629,1.8613861747008769,0.01622908581371335,6.0,0,8.0001,6.0,inf
272,1,-0.7451219543019629,1.8613861747008769,0.01622908581371335,6.0,0,8.0001,6.0,inf
272,2,-0.7451219543019629,1.8613861747008769,0.01622908581371335,6.0,0,8.0001,6.0,inf
272,3,-0.7451219543019629,1.8613861747008769,0.01622908581371335,6.0,0,8.0001,6.0,inf
272,4,-0.7451219543019629,1.8613861747008769,0.01622908581371335,6.0,0,8.0001,6.0,inf
272,5,-0.7451219543019629,1.8613861747008769,0.01622908581371335,6.0,0,8.0001,6.0,inf
273,0,0.041108090585965075,-0.9771934243811378,0.2907501978687394,1.0323,1,1.0323,6.0,inf
273,1,0.041108090585965075,-0.9771934243811378,0.2907501978687394,1.0323,1,1.0323,6.0,inf
273,2,0.041108090585965075,-0.9771934243811378,0.2907501978687394,1.0323,1,1.0323,6.0,inf
273,3,0.041108090585965075,-0.9771934243811378,0.2907501978687394,1.0323,1,1.0323,6.0,inf
273,4,0.041108090585965075,-0.9771934243811378,0.2907501978687394,1.0323,1,1.0323,6.0,inf
273,5,0.041108090585965075,-0.9771934243811378,0.2907501978687394,1.0323,1,1.0323,6.0,inf
274,0,-0.04492445968638682,-0.47171091494903955,0.8229470665444436,4.0524,1,4.0524,6.0,inf
274,1,-0.04492445968638682,-0.47171091494903955,0.8229470665444436,4.0524,1,4.0524,6.0,inf
274,2,-0.04492445968638682,-0.47171091494903955,0.8229470665444436,4.0524,1,4.0524,6.0,inf
274,3,-0.04492445968638682,-0.47171091494903955,0.8229470665444436,4.0524,1,4.0524,6.0,inf
274,4,-0.04492445968638682,-0.47171091494903955,0.8229470665444436,4.0524,1,4.0524,6.0,inf
274,5,-0.04492445968638682,-0.47171091494903955,0.8229470665444436,4.0524,1,4.0524,6.0,inf
275,0,0.06842837164903712,-0.016731353783019272,-1.9106084525464733,0.23459999999999998,1,0.23459999999999998,6.0,inf
275,1,0.06842837164903712,-0.016731353783019272,-1.9106084525464733,0.23459999999999998,1,0.23459999999999998,6.0,inf
275,2,0.06842837164903712,-0.016731353783019272,-1.9106084525464733,0.23459999999999998,1,0.23459999999999998,6.0,inf
275,3,0.06842837164903712,-0.016731353783019272,-1.9106084525464733,0.23459999999999998,1,0.23459999999999998,6.0,inf
275,4,0.06842837164903712,-0.016731353783019272,-1.9106084525464733,0.23459999999999998,1,0.23459999999999998,6.0,inf
275,5,0.06842837164903712,-0.016731353783019272,-1.9106084525464733,0.23459999999999998,1,0.23459999999999998,6.0,inf
276,0,1.2387220422787795,0.802228310650991,-1.376001850371397,3.4577999999999998,1,3.4577999999999998,6.0,inf
276,1,1.2387220422787795,0.802228310650991,-1.376001850371397,3.4577999999999998,1,3.4577999999999998,6.0,inf
276,2,1.2387220422787795,0.802228310650991,-1.376001850371397,3.4577999999999998,1,3.4577999999999998,6.0,inf
276,3,1.2387220422787795,0.802228310650991,-1.376001850371397,3.4577999999999998,1,3.4577999999999998,6.0,inf
276,4,1.2387220422787795,0.802228310650991,-1.376001850371397,3.4577999999999998,1,3.4577999999999998,6.0,inf
276,5,1.2387220422787795,0.802228310650991,-1.376001850371397,3.4577999999999998,1,3.4577999999999998,6.0,inf
277,0,0.288600729507986,0.6685795783425481,1.1038485082489797,4.496099999999999,1,4.496099999999999,6.0,inf
277,1,0.288600729507986,0.6685795783425481,1.1038485082489797,4.496099999999999,1,4.496099999999999,6.0,inf
277,2,0.288600729507986,0.6685795783425481,1.1038485082489797,4.496099999999999,1,4.496099999999999,6.0,inf
277,3,0.288600729507986,0.6685795783425481,1.1038485082489797,4.496099999999999,1,4.496099999999999,6.0,inf
277,4,0.288600729507986,0.6685795783425481,1.1038485082489797,4.496099999999999,1,4.496099999999999,6.0,inf
277,5,0.288600729507986,0.6685795783425481,1.1038485082489797,4.496099999999999,1,4.496099999999999,6.0,inf
278,0,-0.7719036854785458,0.6712175160783328,0.7590264112469601,1.2575999999999998,1,1.2575999999999998,6.0,inf
278,1,-0.7719036854785458,0.6712175160783328,0.7590264112469601,1.2575999999999998,1,1.2575999999999998,6.0,inf
278,2,-0.7719036854785458,0.6712175160783328,0.7590264112469601,1.2575999999999998,1,1.2575999999999998,6.0,inf
278,3,-0.7719036854785458,0.6712175160783328,0.7590264112469601,1.2575999999999998,1,1.2575999999999998,6.0,inf
278,4,-0.7719036854785458,0.6712175160783328,0.7590264112469601,1.2575999999999998,1,1.2575999999999998,6.0,inf
278,5,-0.7719036854785458,0.6712175160783328,0.7590264112469601,1.2575999999999998,1,1.2575999999999998,6.0,inf
279,0,0.7140505145833219,-1.3680429843491753,0.37758109044446414,1.6518,1,1.6518,6.0,inf
279,1,0.7140505145833219,-1.3680429843491753,0.37758109044446414,1.6518,1,1.6518,6.0,inf
279,2,0.7140505145833219,-1.3680429843491753,0.37758109044446414,1.6518,1,1.6518,6.0,inf
279,3,0.7140505145833219,-1.3680429843491753,0.37758109044446414,1.6518,1,1.6518,6.0,inf
279,4,0.7140505145833219,-1.3680429843491753,0.37758109044446414,1.6518,1,1.6518,6.0,inf
279,5,0.7140505145833219,-1.3680429843491753,0.37758109044446414,1.6518,1,1.6518,6.0,inf
280,0,1.1301198234579535,0.7273741598847566,0.1702750629442862,1.1148,1,1.1148,6.0,inf
280,1,1.1301198234579535,0.7273741598847566,0.1702750629442862,1.1148,1,1.1148,6.0,inf
280,2,1.1301198234579535,0.7273741598847566,0.1702750629442862,1.1148,1,1.1148,6.0,inf
280,3,1.1301198234579535,0.7273741598847566,0.1702750629442862,1.1148,1,1.1148,6.0,inf
280,4,1.1301198234579535,0.7273741598847566,0.1702750629442862,1.1148,1,1.1148,6.0,inf
280,5,1.1301198234579535,0.7273741598847566,0.1702750629442862,1.1148,1,1.1148,6.0,inf
281,0,-0.905113003843754,0.7200007675563534,-0.14863386127032194,3.9299999999999997,1,3.9299999999999997,6.0,inf
281,1,-0.905113003843754,0.7200007675563534,-0.14863386127032194,3.9299999999999997,1,3.9299999999999997,6.0,inf
281,2,-0.905113003843754,0.7200007675563534,-0.14863386127032194,3.9299999999999997,1,3.9299999999999997,6.0,inf
281,3,-0.905113003843754,0.7200007675563534,-0.14863386127032194,3.9299999999999997,1,3.9299999999999997,6.0,inf
281,4,-0.905113003843754,0.7200007675563534,-0.14863386127032194,3.9299999999999997,1,3.9299999999999997,6.0,inf
281,5,-0.905113003843754,0.7200007675563534,-0.14863386127032194,3.9299999999999997,1,3.9299999999999997,6.0,inf
282,0,-1.206902963098339,-1.05054857415008,0.3915506572632395,6.0,0,8.0001,6.0,inf
282,1,-1.206902963098339,-1.05054857415008,0.3915506572632395,6.0,0,8.0001,6.0,inf
282,2,-1.206902963098339,-1.05054857415008,0.3915506572632395,6.0,0,8.0001,6.0,inf
282,3,-1.206902963098339,-1.05054857415008,0.3915506572632395,6.0,0,8.0001,6.0,inf
282,4,-1.206902963098339,-1.05054857415008,0.3915506572632395,6.0,0,8.0001,6.0,inf
282,5,-1.206902963098339,-1.05054857415008,0.3915506572632395,6.0,0,8.0001,6.0,inf
283,0,1.1256603044031392,0.16258986830328995,0.03751391858969068,3.2217,1,3.2217,6.0,inf
283,1,1.1256603044031392,0.16258986830328995,0.03751391858969068,3.2217,1,3.2217,6.0,inf
283,2,1.1256603044031392,0.16258986830328995,0.03751391858969068,3.2217,1,3.2217,6.0,inf
283,3,1.1256603044031392,0.16258986830328995,0.03751391858969068,3.2217,1,3.2217,6.0,inf
283,4,1.1256603044031392,0.16258986830328995,0.03751391858969068,3.2217,1,3.2217,6.0,inf
283,5,1.1256603044031392,0.16258986830328995,0.03751391858969068,3.2217,1,3.2217,6.0,inf
284,0,-0.09007366928387209,1.574520274442075,0.008460048240048399,6.0,0,6.269699999999999,6.0,inf
284,1,-0.09007366928387209,1.574520274442075,0.008460048240048399,6.0,0,6.269699999999999,6.0,inf
284,2,-0.09007366928387209,1.574520274442075,0.008460048240048399,6.0,0,6.269699999999999,6.0,inf
284,3,-0.09007366928387209,1.574520274442075,0.008460048240048399,6.0,0,6.269699999999999,6.0,inf
284,4,-0.09007366928387209,1.574520274442075,0.008460048240048399,6.0,0,6.269699999999999,6.0,inf
284,5,-0.09007366928387209,1.574520274442075,0.008460048240048399,6.0,0,6.269699999999999,6.0,inf
285,0,2.7437278205766873,0.5442250408159405,-0.5902413391100912,2.6496,1,2.6496,6.0,inf
285,1,2.7437278205766873,0.5442250408159405,-0.5902413391100912,2.6496,1,2.6496,6.0,inf
285,2,2.7437278205766873,0.5442250408159405,-0.5902413391100912,2.6496,1,2.6496,6.0,inf
285,3,2.7437278205766873,0.5442250408159405,-0.5902413391100912,2.6496,1,2.6496,6.0,inf
285,4,2.7437278205766873,0.5442250408159405,-0.5902413391100912,2.6496,1,2.6496,6.0,inf
285,5,2.7437278205766873,0.5442250408159405,-0.5902413391100912,2.6496,1,2.6496,6.0,inf
286,0,-0.5312197280845513,1.392727598471192,0.5883164662212685,5.7033,1,5.7033,6.0,inf
286,1,-0.5312197280845513,1.392727598471192,0.5883164662212685,5.7033,1,5.7033,6.0,inf
286,2,-0.5312197280845513,1.392727598471192,0.5883164662212685,5.7033,1,5.7033,6.0,inf
286,3,-0.5312197280845513,1.392727598471192,0.5883164662212685,5.7033,1,5.7033,6.0,inf
286,4,-0.5312197280845513,1.392727598471192,0.5883164662212685,5.7033,1,5.7033,6.0,inf
286,5,-0.5312197280845513,1.392727598471192,0.5883164662212685,5.7033,1,5.7033,6.0,inf
287,0,0.17864822012121828,-0.8456899213211228,0.593262618459196,3.0578999999999996,1,3.0578999999999996,6.0,inf
287,1,0.17864822012121828,-0.8456899213211228,0.593262618459196,3.0578999999999996,1,3.0578999999999996,6.0,inf
287,2,0.17864822012121828,-0.8456899213211228,0.593262618459196,3.0578999999999996,1,3.0578999999999996,6.0,inf
287,3,0.17864822012121828,-0.8456899213211228,0.593262618459196,3.0578999999999996,1,3.0578999999999996,6.0,inf
287,4,0.17864822012121828,-0.8456899213211228,0.593262618459196,3.0578999999999996,1,3.0578999999999996,6.0,inf
287,5,0.17864822012121828,-0.8456899213211228,0.593262618459196,3.0578999999999996,1,3.0578999999999996,6.0,inf
288,0,0.15631294295651021,-1.1958484752772665,0.5426676832426508,0.5145,1,0.5145,6.0,inf
288,1,0.15631294295651021,-1.1958484752772665,0.5426676832426508,0.5145,1,0.5145,6.0,inf
288,2,0.15631294295651021,-1.1958484752772665,0.5426676832426508,0.5145,1,0.5145,6.0,inf
288,3,0.15631294295651021,-1.1958484752772665,0.5426676832426508,0.5145,1,0.5145,6.0,inf
288,4,0.15631294295651021,-1.1958484752772665,0.5426676832426508,0.5145,1,0.5145,6.0,inf
288,5,0.15631294295651021,-1.1958484752772665,0.5426676832426508,0.5145,1,0.5145,6.0,inf
289,0,1.3742906098329024,-1.2751341782303967,0.19966583853868983,1.2536999999999998,1,1.2536999999999998,6.0,inf
289,1,1.3742906098329024,-1.2751341782303967,0.19966583853868983,1.2536999999999998,1,1.2536999999999998,6.0,inf
289,2,1.3742906098329024,-1.2751341782303967,0.19966583853868983,1.2536999999999998,1,1.2536999999999998,6.0,inf
289,3,1.3742906098329024,-1.2751341782303967,0.19966583853868983,1.2536999999999998,1,1.2536999999999998,6.0,inf
289,4,1.3742906098329024,-1.2751341782303967,0.19966583853868983,1.2536999999999998,1,1.2536999999999998,6.0,inf
289,5,1.3742906098329024,-1.2751341782303967,0.19966583853868983,1.2536999999999998,1,1.2536999999999998,6.0,inf
290,0,2.5449990935285594,0.0949737903569109,-0.22756355074107798,2.1803999999999997,1,2.1803999999999997,6.0,inf
290,1,2.5449990935285594,0.0949737903569109,-0.22756355074107798,2.1803999999999997,1,2.1803999999999997,6.0,inf
290,2,2.5449990935285594,0.0949737903569109,-0.22756355074107798,2.1803999999999997,1,2.1803999999999997,6.0,inf
290,3,2.5449990935285594,0.0949737903569109,-0.22756355074107798,2.1803999999999997,1,2.1803999999999997,6.0,inf
290,4,2.5449990935285594,0.0949737903569109,-0.22756355074107798,2.1803999999999997,1,2.1803999999999997,6.0,inf
290,5,2.5449990935285594,0.0949737903569109,-0.22756355074107798,2.1803999999999997,1,2.1803999999999997,6.0,inf
291,0,-0.9035968523992882,-0.2621912584880138,-1.117531185870021,0.45089999999999997,1,0.45089999999999997,6.0,inf
291,1,-0.9035968523992882,-0.2621912584880138,-1.117531185870021,0.45089999999999997,1,0.45089999999999997,6.0,inf
291,2,-0.9035968523992882,-0.2621912584880138,-1.117531185870021,0.45089999999999997,1,0.45089999999999997,6.0,inf
291,3,-0.9035968523992882,-0.2621912584880138,-1.117531185870021,0.45089999999999997,1,0.45089999999999997,6.0,inf
291,4,-0.9035968523992882,-0.2621912584880138,-1.117531185870021,0.45089999999999997,1,0.45089999999999997,6.0,inf
291,5,-0.9035968523992882,-0.2621912584880138,-1.117531185870021,0.45089999999999997,1,0.45089999999999997,6.0,inf
292,0,0.5414544664284114,-0.32821106579618375,1.4187950478002702,1.3509,1,1.3509,6.0,inf
292,1,0.5414544664284114,-0.32821106579618375,1.4187950478002702,1.3509,1,1.3509,6.0,inf
292,2,0.5414544664284114,-0.32821106579618375,1.4187950478002702,1.3509,1,1.3509,6.0,inf
292,3,0.5414544664284114,-0.32821106579618375,1.4187950478002702,1.3509,1,1.3509,6.0,inf
292,4,0.5414544664284114,-0.32821106579618375,1.4187950478002702,1.3509,1,1.3509,6.0,inf
292,5,0.5414544664284114,-0.32821106579618375,1.4187950478002702,1.3509,1,1.3509,6.0,inf
293,0,0.35580595349264155,-0.5971318780983809,-1.2908226074687899,1.5152999999999999,1,1.5152999999999999,6.0,inf
293,1,0.35580595349264155,-0.5971318780983809,-1.2908226074687899,1.5152999999999999,1,1.5152999999999999,6.0,inf
293,2,0.35580595349264155,-0.5971318780983809,-1.2908226074687899,1.5152999999999999,1,1.5152999999999999,6.0,inf
293,3,0.35580595349264155,-0.5971318780983809,-1.2908226074687899,1.5152999999999999,1,1.5152999999999999,6.0,inf
293,4,0.35580595349264155,-0.5971318780983809,-1.2908226074687899,1.5152999999999999,1,1.5152999999999999,6.0,inf
293,5,0.35580595349264155,-0.5971318780983809,-1.2908226074687899,1.5152999999999999,1,1.5152999999999999,6.0,inf
294,0,-0.17365004313039878,0.5414532122653387,0.9339633768262217,1.4312999999999998,1,1.4312999999999998,6.0,inf
294,1,-0.17365004313039878,0.5414532122653387,0.9339633768262217,1.4312999999999998,1,1.4312999999999998,6.0,inf
294,2,-0.17365004313039878,0.5414532122653387,0.9339633768262217,1.4312999999999998,1,1.4312999999999998,6.0,inf
294,3,-0.17365004313039878,0.5414532122653387,0.9339633768262217,1.4312999999999998,1,1.4312999999999998,6.0,inf
294,4,-0.17365004313039878,0.5414532122653387,0.9339633768262217,1.4312999999999998,1,1.4312999999999998,6.0,inf
294,5,-0.17365004313039878,0.5414532122653387,0.9339633768262217,1.4312999999999998,1,1.4312999999999998,6.0,inf
295,0,0.17053666683888055,-0.8304671404870553,-0.20351187149428746,2.0553,1,2.0553,6.0,inf
295,1,0.17053666683888055,-0.8304671404870553,-0.20351187149428746,2.0553,1,2.0553,6.0,inf
295,2,0.17053666683888055,-0.8304671404870553,-0.20351187149428746,2.0553,1,2.0553,6.0,inf
295,3,0.17053666683888055,-0.8304671404870553,-0.20351187149428746,2.0553,1,2.0553,6.0,inf
295,4,0.17053666683888055,-0.8304671404870553,-0.20351187149428746,2.0553,1,2.0553,6.0,inf
295,5,0.17053666683888055,-0.8304671404870553,-0.20351187149428746,2.0553,1,2.0553,6.0,inf
296,0,1.6196782248663555,-0.652152134039943,-0.7687041760320897,2.5460999999999996,1,2.5460999999999996,6.0,inf
296,1,1.6196782248663555,-0.652152134039943,-0.7687041760320897,2.5460999999999996,1,2.5460999999999996,6.0,inf
296,2,1.6196782248663555,-0.652152134039943,-0.7687041760320897,2.5460999999999996,1,2.5460999999999996,6.0,inf
296,3,1.6196782248663555,-0.652152134039943,-0.7687041760320897,2.5460999999999996,1,2.5460999999999996,6.0,inf
296,4,1.6196782248663555,-0.652152134039943,-0.7687041760320897,2.5460999999999996,1,2.5460999999999996,6.0,inf
296,5,1.6196782248663555,-0.652152134039943,-0.7687041760320897,2.5460999999999996,1,2.5460999999999996,6.0,inf
297,0,0.3286308271404828,0.11459130048444559,0.22706582417103224,0.8306999999999999,1,0.8306999999999999,6.0,inf
297,1,0.3286308271404828,0.11459130048444559,0.22706582417103224,0.8306999999999999,1,0.8306999999999999,6.0,inf
297,2,0.3286308271404828,0.11459130048444559,0.22706582417103224,0.8306999999999999,1,0.8306999999999999,6.0,inf
297,3,0.3286308271404828,0.11459130048444559,0.22706582417103224,0.8306999999999999,1,0.8306999999999999,6.0,inf
297,4,0.3286308271404828,0.11459130048444559,0.22706582417103224,0.8306999999999999,1,0.8306999999999999,6.0,inf
297,5,0.3286308271404828,0.11459130048444559,0.22706582417103224,0.8306999999999999,1,0.8306999999999999,6.0,inf
298,0,-1.0337359456111666,1.1860150334691684,-1.2699465153754042,5.0328,1,5.0328,6.0,inf
298,1,-1.0337359456111666,1.1860150334691684,-1.2699465153754042,5.0328,1,5.0328,6.0,inf
298,2,-1.0337359456111666,1.1860150334691684,-1.2699465153754042,5.0328,1,5.0328,6.0,inf
298,3,-1.0337359456111666,1.1860150334691684,-1.2699465153754042,5.0328,1,5.0328,6.0,inf
298,4,-1.0337359456111666,1.1860150334691684,-1.2699465153754042,5.0328,1,5.0328,6.0,inf
298,5,-1.0337359456111666,1.1860150334691684,-1.2699465153754042,5.0328,1,5.0328,6.0,inf
299,0,0.21550170208919772,0.10746600872496541,-1.4231524117635537,3.3002999999999996,1,3.3002999999999996,6.0,inf
299,1,0.21550170208919772,0.10746600872496541,-1.4231524117635537,3.3002999999999996,1,3.3002999999999996,6.0,inf
299,2,0.21550170208919772,0.10746600872496541,-1.4231524117635537,3.3002999999999996,1,3.3002999999999996,6.0,inf
299,3,0.21550170208919772,0.10746600872496541,-1.4231524117635537,3.3002999999999996,1,3.3002999999999996,6.0,inf
299,4,0.21550170208919772,0.10746600872496541,-1.4231524117635537,3.3002999999999996,1,3.3002999999999996,6.0,inf
299,5,0.21550170208919772,0.10746600872496541,-1.4231524117635537,3.3002999999999996,1,3.3002999999999996,6.0,inf
300,0,0.008052529154298878,1.3070637037719846,0.9412930506735258,4.614599999999999,1,4.614599999999999,6.0,inf
300,1,0.008052529154298878,1.3070637037719846,0.9412930506735258,4.614599999999999,1,4.614599999999999,6.0,inf
300,2,0.008052529154298878,1.3070637037719846,0.9412930506735258,4.614599999999999,1,4.614599999999999,6.0,inf
300,3,0.008052529154298878,1.3070637037719846,0.9412930506735258,4.614599999999999,1,4.614599999999999,6.0,inf
300,4,0.008052529154298878,1.3070637037719846,0.9412930506735258,4.614599999999999,1,4.614599999999999,6.0,inf
300,5,0.008052529154298878,1.3070637037719846,0.9412930506735258,4.614599999999999,1,4.614599999999999,6.0,inf
301,0,-0.43322626208580467,-1.6575311108285546,-0.9182540731484454,0.9092999999999999,1,0.9092999999999999,6.0,inf
301,1,-0.43322626208580467,-1.6575311108285546,-0.9182540731484454,0.9092999999999999,1,0.9092999999999999,6.0,inf
301,2,-0.43322626208580467,-1.6575311108285546,-0.9182540731484454,0.9092999999999999,1,0.9092999999999999,6.0,inf
301,3,-0.43322626208580467,-1.6575311108285546,-0.9182540731484454,0.9092999999999999,1,0.9092999999999999,6.0,inf
301,4,-0.43322626208580467,-1.6575311108285546,-0.9182540731484454,0.9092999999999999,1,0.9092999999999999,6.0,inf
301,5,-0.43322626208580467,-1.6575311108285546,-0.9182540731484454,0.9092999999999999,1,0.9092999999999999,6.0,inf
302,0,-0.1358684313990748,1.299776278520645,-0.18102759696812268,3.9122999999999997,1,3.9122999999999997,6.0,inf
302,1,-0.1358684313990748,1.299776278520645,-0.18102759696812268,3.9122999999999997,1,3.9122999999999997,6.0,inf
302,2,-0.1358684313990748,1.299776278520645,-0.18102759696812268,3.9122999999999997,1,3.9122999999999997,6.0,inf
302,3,-0.1358684313990748,1.299776278520645,-0.18102759696812268,3.9122999999999997,1,3.9122999999999997,6.0,inf
302,4,-0.1358684313990748,1.299776278520645,-0.18102759696812268,3.9122999999999997,1,3.9122999999999997,6.0,inf
302,5,-0.1358684313990748,1.299776278520645,-0.18102759696812268,3.9122999999999997,1,3.9122999999999997,6.0,inf
303,0,-1.447563998771037,-0.322980514034513,0.27794731435237285,1.6437,1,1.6437,6.0,inf
303,1,-1.447563998771037,-0.322980514034513,0.27794731435237285,1.6437,1,1.6437,6.0,inf
303,2,-1.447563998771037,-0.322980514034513,0.27794731435237285,1.6437,1,1.6437,6.0,inf
303,3,-1.447563998771037,-0.322980514034513,0.27794731435237285,1.6437,1,1.6437,6.0,inf
303,4,-1.447563998771037,-0.322980514034513,0.27794731435237285,1.6437,1,1.6437,6.0,inf
303,5,-1.447563998771037,-0.322980514034513,0.27794731435237285,1.6437,1,1.6437,6.0,inf
304,0,0.42096702409759457,-0.9259275828771596,0.8411648970681448,1.7921999999999998,1,1.7921999999999998,6.0,inf
304,1,0.42096702409759457,-0.9259275828771596,0.8411648970681448,1.7921999999999998,1,1.7921999999999998,6.0,inf
304,2,0.42096702409759457,-0.9259275828771596,0.8411648970681448,1.7921999999999998,1,1.7921999999999998,6.0,inf
304,3,0.42096702409759457,-0.9259275828771596,0.8411648970681448,1.7921999999999998,1,1.7921999999999998,6.0,inf
304,4,0.42096702409759457,-0.9259275828771596,0.8411648970681448,1.7921999999999998,1,1.7921999999999998,6.0,inf
304,5,0.42096702409759457,-0.9259275828771596,0.8411648970681448,1.7921999999999998,1,1.7921999999999998,6.0,inf
305,0,0.5296991207300578,-0.7589433674392998,1.520518898809878,1.3107,1,1.3107,6.0,inf
305,1,0.5296991207300578,-0.7589433674392998,1.520518898809878,1.3107,1,1.3107,6.0,inf
305,2,0.5296991207300578,-0.7589433674392998,1.520518898809878,1.3107,1,1.3107,6.0,inf
305,3,0.5296991207300578,-0.7589433674392998,1.520518898809878,1.3107,1,1.3107,6.0,inf
305,4,0.5296991207300578,-0.7589433674392998,1.520518898809878,1.3107,1,1.3107,6.0,inf
305,5,0.5296991207300578,-0.7589433674392998,1.520518898809878,1.3107,1,1.3107,6.0,inf
306,0,-0.7424495668025425,0.6080005956749541,-2.451546071243215,4.0668,1,4.0668,6.0,inf
306,1,-0.7424495668025425,0.6080005956749541,-2.451546071243215,4.0668,1,4.0668,6.0,inf
306,2,-0.7424495668025425,0.6080005956749541,-2.451546071243215,4.0668,1,4.0668,6.0,inf
306,3,-0.7424495668025425,0.6080005956749541,-2.451546071243215,4.0668,1,4.0668,6.0,inf
306,4,-0.7424495668025425,0.6080005956749541,-2.451546071243215,4.0668,1,4.0668,6.0,inf
306,5,-0.7424495668025425,0.6080005956749541,-2.451546071243215,4.0668,1,4.0668,6.0,inf
307,0,-1.0385433394036667,-0.38022607069590014,1.2074035703981567,0.9335999999999999,1,0.9335999999999999,6.0,inf
307,1,-1.0385433394036667,-0.38022607069590014,1.2074035703981567,0.9335999999999999,1,0.9335999999999999,6.0,inf
307,2,-1.0385433394036667,-0.38022607069590014,1.2074035703981567,0.9335999999999999,1,0.9335999999999999,6.0,inf
307,3,-1.0385433394036667,-0.38022607069590014,1.2074035703981567,0.9335999999999999,1,0.9335999999999999,6.0,inf
307,4,-1.0385433394036667,-0.38022607069590014,1.2074035703981567,0.9335999999999999,1,0.9335999999999999,6.0,inf
307,5,-1.0385433394036667,-0.38022607069590014,1.2074035703981567,0.9335999999999999,1,0.9335999999999999,6.0,inf
308,0,-0.8907158640290088,-1.2516603164995368,-0.17794981051157735,3.1719,1,3.1719,6.0,inf
308,1,-0.8907158640290088,-1.2516603164995368,-0.17794981051157735,3.1719,1,3.1719,6.0,inf
308,2,-0.8907158640290088,-1.2516603164995368,-0.17794981051157735,3.1719,1,3.1719,6.0,inf
308,3,-0.8907158640290088,-1.2516603164995368,-0.17794981051157735,3.1719,1,3.1719,6.0,inf
308,4,-0.8907158640290088,-1.2516603164995368,-0.17794981051157735,3.1719,1,3.1719,6.0,inf
308,5,-0.8907158640290088,-1.2516603164995368,-0.17794981051157735,3.1719,1,3.1719,6.0,inf
309,0,2.1443947892813493,1.7210391287118239,-0.4913065062268243,2.3360999999999996,1,2.3360999999999996,6.0,inf
309,1,2.1443947892813493,1.7210391287118239,-0.4913065062268243,2.3360999999999996,1,2.3360999999999996,6.0,inf
309,2,2.1443947892813493,1.7210391287118239,-0.4913065062268243,2.3360999999999996,1,2.3360999999999996,6.0,inf
309,3,2.1443947892813493,1.7210391287118239,-0.4913065062268243,2.3360999999999996,1,2.3360999999999996,6.0,inf
309,4,2.1443947892813493,1.7210391287118239,-0.4913065062268243,2.3360999999999996,1,2.3360999999999996,6.0,inf
309,5,2.1443947892813493,1.7210391287118239,-0.4913065062268243,2.3360999999999996,1,2.3360999999999996,6.0,inf
310,0,0.35179914055616,0.680801716724993,-0.10161154565588588,4.3728,1,4.3728,6.0,inf
310,1,0.35179914055616,0.680801716724993,-0.10161154565588588,4.3728,1,4.3728,6.0,inf
310,2,0.35179914055616,0.680801716724993,-0.10161154565588588,4.3728,1,4.3728,6.0,inf
310,3,0.35179914055616,0.680801716724993,-0.10161154565588588,4.3728,1,4.3728,6.0,inf
310,4,0.35179914055616,0.680801716724993,-0.10161154565588588,4.3728,1,4.3728,6.0,inf
310,5,0.35179914055616,0.680801716724993,-0.10161154565588588,4.3728,1,4.3728,6.0,inf
311,0,0.36046594302080137,-0.029550732883270057,-1.3883386924296892,0.46829999999999994,1,0.46829999999999994,6.0,inf
311,1,0.36046594302080137,-0.029550732883270057,-1.3883386924296892,0.46829999999999994,1,0.46829999999999994,6.0,inf
311,2,0.36046594302080137,-0.029550732883270057,-1.3883386924296892,0.46829999999999994,1,0.46829999999999994,6.0,inf
311,3,0.36046594302080137,-0.029550732883270057,-1.3883386924296892,0.46829999999999994,1,0.46829999999999994,6.0,inf
311,4,0.36046594302080137,-0.029550732883270057,-1.3883386924296892,0.46829999999999994,1,0.46829999999999994,6.0,inf
311,5,0.36046594302080137,-0.029550732883270057,-1.3883386924296892,0.46829999999999994,1,0.46829999999999994,6.0,inf
312,0,2.2183659862510092,-0.6144705804692784,1.9920449319775448,1.7565,1,1.7565,6.0,inf
312,1,2.2183659862510092,-0.6144705804692784,1.9920449319775448,1.7565,1,1.7565,6.0,inf
312,2,2.2183659862510092,-0.6144705804692784,1.9920449319775448,1.7565,1,1.7565,6.0,inf
312,3,2.2183659862510092,-0.6144705804692784,1.9920449319775448,1.7565,1,1.7565,6.0,inf
312,4,2.2183659862510092,-0.6144705804692784,1.9920449319775448,1.7565,1,1.7565,6.0,inf
312,5,2.2183659862510092,-0.6144705804692784,1.9920449319775448,1.7565,1,1.7565,6.0,inf
313,0,-0.36662463033179593,0.9014386436163847,-0.05401925891648863,4.717199999999999,1,4.717199999999999,6.0,inf
313,1,-0.36662463033179593,0.9014386436163847,-0.05401925891648863,4.717199999999999,1,4.717199999999999,6.0,inf
313,2,-0.36662463033179593,0.9014386436163847,-0.05401925891648863,4.717199999999999,1,4.717199999999999,6.0,inf
313,3,-0.36662463033179593,0.9014386436163847,-0.05401925891648863,4.717199999999999,1,4.717199999999999,6.0,inf
313,4,-0.36662463033179593,0.9014386436163847,-0.05401925891648863,4.717199999999999,1,4.717199999999999,6.0,inf
313,5,-0.36662463033179593,0.9014386436163847,-0.05401925891648863,4.717199999999999,1,4.717199999999999,6.0,inf
314,0,-0.45802311150013303,0.627228192763513,1.8542579699928885,0.9318,1,0.9318,6.0,inf
314,1,-0.45802311150013303,0.627228192763513,1.8542579699928885,0.9318,1,0.9318,6.0,inf
314,2,-0.45802311150013303,0.627228192763513,1.8542579699928885,0.9318,1,0.9318,6.0,inf
314,3,-0.45802311150013303,0.627228192763513,1.8542579699928885,0.9318,1,0.9318,6.0,inf
314,4,-0.45802311150013303,0.627228192763513,1.8542579699928885,0.9318,1,0.9318,6.0,inf
314,5,-0.45802311150013303,0.627228192763513,1.8542579699928885,0.9318,1,0.9318,6.0,inf
315,0,-0.15301600440681187,0.7501385512166697,0.3473264392523999,6.0,0,7.506899999999999,6.0,inf
315,1,-0.15301600440681187,0.7501385512166697,0.3473264392523999,6.0,0,7.506899999999999,6.0,inf
315,2,-0.15301600440681187,0.7501385512166697,0.3473264392523999,6.0,0,7.506899999999999,6.0,inf
315,3,-0.15301600440681187,0.7501385512166697,0.3473264392523999,6.0,0,7.506899999999999,6.0,inf
315,4,-0.15301600440681187,0.7501385512166697,0.3473264392523999,6.0,0,7.506899999999999,6.0,inf
315,5,-0.15301600440681187,0.7501385512166697,0.3473264392523999,6.0,0,7.506899999999999,6.0,inf
316,0,0.26674717429621636,0.051481393393310246,-1.5886428397593688,0.21389999999999998,1,0.21389999999999998,6.0,inf
316,1,0.26674717429621636,0.051481393393310246,-1.5886428397593688,0.21389999999999998,1,0.21389999999999998,6.0,inf
316,2,0.26674717429621636,0.051481393393310246,-1.5886428397593688,0.21389999999999998,1,0.21389999999999998,6.0,inf
316,3,0.26674717429621636,0.051481393393310246,-1.5886428397593688,0.21389999999999998,1,0.21389999999999998,6.0,inf
316,4,0.26674717429621636,0.051481393393310246,-1.5886428397593688,0.21389999999999998,1,0.21389999999999998,6.0,inf
316,5,0.26674717429621636,0.051481393393310246,-1.5886428397593688,0.21389999999999998,1,0.21389999999999998,6.0,inf
317,0,0.7289898639818139,-1.8579177277620387,-0.8256952906665043,0.26549999999999996,1,0.26549999999999996,6.0,inf
317,1,0.7289898639818139,-1.8579177277620387,-0.8256952906665043,0.26549999999999996,1,0.26549999999999996,6.0,inf
317,2,0.7289898639818139,-1.8579177277620387,-0.8256952906665043,0.26549999999999996,1,0.26549999999999996,6.0,inf
317,3,0.7289898639818139,-1.8579177277620387,-0.8256952906665043,0.26549999999999996,1,0.26549999999999996,6.0,inf
317,4,0.7289898639818139,-1.8579177277620387,-0.8256952906665043,0.26549999999999996,1,0.26549999999999996,6.0,inf
317,5,0.7289898639818139,-1.8579177277620387,-0.8256952906665043,0.26549999999999996,1,0.26549999999999996,6.0,inf
318,0,-1.0499144455221485,-1.2607978767505115,-0.5666021357732448,0.7626,1,0.7626,6.0,inf
318,1,-1.0499144455221485,-1.2607978767505115,-0.5666021357732448,0.7626,1,0.7626,6.0,inf
318,2,-1.0499144455221485,-1.2607978767505115,-0.5666021357732448,0.7626,1,0.7626,6.0,inf
318,3,-1.0499144455221485,-1.2607978767505115,-0.5666021357732448,0.7626,1,0.7626,6.0,inf
318,4,-1.0499144455221485,-1.2607978767505115,-0.5666021357732448,0.7626,1,0.7626,6.0,inf
318,5,-1.0499144455221485,-1.2607978767505115,-0.5666021357732448,0.7626,1,0.7626,6.0,inf
319,0,-0.2044567544097261,0.8128432706307384,0.5493615583769997,2.3019,1,2.3019,6.0,inf
319,1,-0.2044567544097261,0.8128432706307384,0.5493615583769997,2.3019,1,2.3019,6.0,inf
319,2,-0.2044567544097261,0.8128432706307384,0.5493615583769997,2.3019,1,2.3019,6.0,inf
319,3,-0.2044567544097261,0.8128432706307384,0.5493615583769997,2.3019,1,2.3019,6.0,inf
319,4,-0.2044567544097261,0.8128432706307384,0.5493615583769997,2.3019,1,2.3019,6.0,inf
319,5,-0.2044567544097261,0.8128432706307384,0.5493615583769997,2.3019,1,2.3019,6.0,inf
320,0,-0.5285265461796793,-0.6346895774568635,-0.8056929950088295,1.8440999999999999,1,1.8440999999999999,6.0,inf
320,1,-0.5285265461796793,-0.6346895774568635,-0.8056929950088295,1.8440999999999999,1,1.8440999999999999,6.0,inf
320,2,-0.5285265461796793,-0.6346895774568635,-0.8056929950088295,1.8440999999999999,1,1.8440999999999999,6.0,inf
320,3,-0.5285265461796793,-0.6346895774568635,-0.8056929950088295,1.8440999999999999,1,1.8440999999999999,6.0,inf
320,4,-0.5285265461796793,-0.6346895774568635,-0.8056929950088295,1.8440999999999999,1,1.8440999999999999,6.0,inf
320,5,-0.5285265461796793,-0.6346895774568635,-0.8056929950088295,1.8440999999999999,1,1.8440999999999999,6.0,inf
321,0,0.7088423322561175,-0.04203991679706505,0.8725014441917026,3.1043999999999996,1,3.1043999999999996,6.0,inf
321,1,0.7088423322561175,-0.04203991679706505,0.8725014441917026,3.1043999999999996,1,3.1043999999999996,6.0,inf
321,2,0.7088423322561175,-0.04203991679706505,0.8725014441917026,3.1043999999999996,1,3.1043999999999996,6.0,inf
321,3,0.7088423322561175,-0.04203991679706505,0.8725014441917026,3.1043999999999996,1,3.1043999999999996,6.0,inf
321,4,0.7088423322561175,-0.04203991679706505,0.8725014441917026,3.1043999999999996,1,3.1043999999999996,6.0,inf
321,5,0.7088423322561175,-0.04203991679706505,0.8725014441917026,3.1043999999999996,1,3.1043999999999996,6.0,inf
322,0,0.7529959405996249,1.607401396942715,0.1353890584951722,5.006399999999999,1,5.006399999999999,6.0,inf
322,1,0.7529959405996249,1.607401396942715,0.1353890584951722,5.006399999999999,1,5.006399999999999,6.0,inf
322,2,0.7529959405996249,1.607401396942715,0.1353890584951722,5.006399999999999,1,5.006399999999999,6.0,inf
322,3,0.7529959405996249,1.607401396942715,0.1353890584951722,5.006399999999999,1,5.006399999999999,6.0,inf
322,4,0.7529959405996249,1.607401396942715,0.1353890584951722,5.006399999999999,1,5.006399999999999,6.0,inf
322,5,0.7529959405996249,1.607401396942715,0.1353890584951722,5.006399999999999,1,5.006399999999999,6.0,inf
323,0,0.06281443403130278,0.4306112383187243,1.3680535653985073,1.3763999999999998,1,1.3763999999999998,6.0,inf
323,1,0.06281443403130278,0.4306112383187243,1.3680535653985073,1.3763999999999998,1,1.3763999999999998,6.0,inf
323,2,0.06281443403130278,0.4306112383187243,1.3680535653985073,1.3763999999999998,1,1.3763999999999998,6.0,inf
323,3,0.06281443403130278,0.4306112383187243,1.3680535653985073,1.3763999999999998,1,1.3763999999999998,6.0,inf
323,4,0.06281443403130278,0.4306112383187243,1.3680535653985073,1.3763999999999998,1,1.3763999999999998,6.0,inf
323,5,0.06281443403130278,0.4306112383187243,1.3680535653985073,1.3763999999999998,1,1.3763999999999998,6.0,inf
324,0,-0.8113799300760796,-1.5553445801175731,0.0976975084922354,0.1671,1,0.1671,6.0,inf
324,1,-0.8113799300760796,-1.5553445801175731,0.0976975084922354,0.1671,1,0.1671,6.0,inf
324,2,-0.8113799300760796,-1.5553445801175731,0.0976975084922354,0.1671,1,0.1671,6.0,inf
324,3,-0.8113799300760796,-1.5553445801175731,0.0976975084922354,0.1671,1,0.1671,6.0,inf
324,4,-0.8113799300760796,-1.5553445801175731,0.0976975084922354,0.1671,1,0.1671,6.0,inf
324,5,-0.8113799300760796,-1.5553445801175731,0.0976975084922354,0.1671,1,0.1671,6.0,inf
325,0,0.817046204116273,-1.656861819574902,3.043184320850745,1.0682999999999998,1,1.0682999999999998,6.0,inf
325,1,0.817046204116273,-1.656861819574902,3.043184320850745,1.0682999999999998,1,1.0682999999999998,6.0,inf
325,2,0.817046204116273,-1.656861819574902,3.043184320850745,1.0682999999999998,1,1.0682999999999998,6.0,inf
325,3,0.817046204116273,-1.656861819574902,3.043184320850745,1.0682999999999998,1,1.0682999999999998,6.0,inf
325,4,0.817046204116273,-1.656861819574902,3.043184320850745,1.0682999999999998,1,1.0682999999999998,6.0,inf
325,5,0.817046204116273,-1.656861819574902,3.043184320850745,1.0682999999999998,1,1.0682999999999998,6.0,inf
326,0,1.0025536035747942,-0.9132042821111469,-0.08867078113869385,4.967099999999999,1,4.967099999999999,6.0,inf
326,1,1.0025536035747942,-0.9132042821111469,-0.08867078113869385,4.967099999999999,1,4.967099999999999,6.0,inf
326,2,1.0025536035747942,-0.9132042821111469,-0.08867078113869385,4.967099999999999,1,4.967099999999999,6.0,inf
326,3,1.0025536035747942,-0.9132042821111469,-0.08867078113869385,4.967099999999999,1,4.967099999999999,6.0,inf
326,4,1.0025536035747942,-0.9132042821111469,-0.08867078113869385,4.967099999999999,1,4.967099999999999,6.0,inf
326,5,1.0025536035747942,-0.9132042821111469,-0.08867078113869385,4.967099999999999,1,4.967099999999999,6.0,inf
327,0,-1.4285957716188866,-0.33812835652349926,-0.7641396874793969,0.5958,1,0.5958,6.0,inf
327,1,-1.4285957716188866,-0.33812835652349926,-0.7641396874793969,0.5958,1,0.5958,6.0,inf
327,2,-1.4285957716188866,-0.33812835652349926,-0.7641396874793969,0.5958,1,0.5958,6.0,inf
327,3,-1.4285957716188866,-0.33812835652349926,-0.7641396874793969,0.5958,1,0.5958,6.0,inf
327,4,-1.4285957716188866,-0.33812835652349926,-0.7641396874793969,0.5958,1,0.5958,6.0,inf
327,5,-1.4285957716188866,-0.33812835652349926,-0.7641396874793969,0.5958,1,0.5958,6.0,inf
328,0,-0.6818325725969612,-0.5094076833513362,-0.06037596529626971,0.6881999999999999,1,0.6881999999999999,6.0,inf
328,1,-0.6818325725969612,-0.5094076833513362,-0.06037596529626971,0.6881999999999999,1,0.6881999999999999,6.0,inf
328,2,-0.6818325725969612,-0.5094076833513362,-0.06037596529626971,0.6881999999999999,1,0.6881999999999999,6.0,inf
328,3,-0.6818325725969612,-0.5094076833513362,-0.06037596529626971,0.6881999999999999,1,0.6881999999999999,6.0,inf
328,4,-0.6818325725969612,-0.5094076833513362,-0.06037596529626971,0.6881999999999999,1,0.6881999999999999,6.0,inf
328,5,-0.6818325725969612,-0.5094076833513362,-0.06037596529626971,0.6881999999999999,1,0.6881999999999999,6.0,inf
329,0,0.7325972486309703,0.7560258736801279,0.4755843598114058,2.9301,1,2.9301,6.0,inf
329,1,0.7325972486309703,0.7560258736801279,0.4755843598114058,2.9301,1,2.9301,6.0,inf
329,2,0.7325972486309703,0.7560258736801279,0.4755843598114058,2.9301,1,2.9301,6.0,inf
329,3,0.7325972486309703,0.7560258736801279,0.4755843598114058,2.9301,1,2.9301,6.0,inf
329,4,0.7325972486309703,0.7560258736801279,0.4755843598114058,2.9301,1,2.9301,6.0,inf
329,5,0.7325972486309703,0.7560258736801279,0.4755843598114058,2.9301,1,2.9301,6.0,inf
330,0,-1.5043223837594304,0.38079569487560944,0.4497451572337373,1.2953999999999999,1,1.2953999999999999,6.0,inf
330,1,-1.5043223837594304,0.38079569487560944,0.4497451572337373,1.2953999999999999,1,1.2953999999999999,6.0,inf
330,2,-1.5043223837594304,0.38079569487560944,0.4497451572337373,1.2953999999999999,1,1.2953999999999999,6.0,inf
330,3,-1.5043223837594304,0.38079569487560944,0.4497451572337373,1.2953999999999999,1,1.2953999999999999,6.0,inf
330,4,-1.5043223837594304,0.38079569487560944,0.4497451572337373,1.2953999999999999,1,1.2953999999999999,6.0,inf
330,5,-1.5043223837594304,0.38079569487560944,0.4497451572337373,1.2953999999999999,1,1.2953999999999999,6.0,inf
331,0,1.069084943528356,-0.49827510150149135,-0.3969265196425484,3.1401,1,3.1401,6.0,inf
331,1,1.069084943528356,-0.49827510150149135,-0.3969265196425484,3.1401,1,3.1401,6.0,inf
331,2,1.069084943528356,-0.49827510150149135,-0.3969265196425484,3.1401,1,3.1401,6.0,inf
331,3,1.069084943528356,-0.49827510150149135,-0.3969265196425484,3.1401,1,3.1401,6.0,inf
331,4,1.069084943528356,-0.49827510150149135,-0.3969265196425484,3.1401,1,3.1401,6.0,inf
331,5,1.069084943528356,-0.49827510150149135,-0.3969265196425484,3.1401,1,3.1401,6.0,inf
332,0,-1.3461829812885897,-0.7253429985833278,-0.20188576393277902,5.0870999999999995,1,5.0870999999999995,6.0,inf
332,1,-1.3461829812885897,-0.7253429985833278,-0.20188576393277902,5.0870999999999995,1,5.0870999999999995,6.0,inf
332,2,-1.3461829812885897,-0.7253429985833278,-0.20188576393277902,5.0870999999999995,1,5.0870999999999995,6.0,inf
332,3,-1.3461829812885897,-0.7253429985833278,-0.20188576393277902,5.0870999999999995,1,5.0870999999999995,6.0,inf
332,4,-1.3461829812885897,-0.7253429985833278,-0.20188576393277902,5.0870999999999995,1,5.0870999999999995,6.0,inf
332,5,-1.3461829812885897,-0.7253429985833278,-0.20188576393277902,5.0870999999999995,1,5.0870999999999995,6.0,inf
333,0,0.5631287587613313,-0.723429404911387,-0.5850195752358556,1.2533999999999998,1,1.2533999999999998,6.0,inf
333,1,0.5631287587613313,-0.723429404911387,-0.5850195752358556,1.2533999999999998,1,1.2533999999999998,6.0,inf
333,2,0.5631287587613313,-0.723429404911387,-0.5850195752358556,1.2533999999999998,1,1.2533999999999998,6.0,inf
333,3,0.5631287587613313,-0.723429404911387,-0.5850195752358556,1.2533999999999998,1,1.2533999999999998,6.0,inf
333,4,0.5631287587613313,-0.723429404911387,-0.5850195752358556,1.2533999999999998,1,1.2533999999999998,6.0,inf
333,5,0.5631287587613313,-0.723429404911387,-0.5850195752358556,1.2533999999999998,1,1.2533999999999998,6.0,inf
334,0,-1.3301891729550128,-0.7475209165955509,-0.573971420589615,1.3815,1,1.3815,6.0,inf
334,1,-1.3301891729550128,-0.7475209165955509,-0.573971420589615,1.3815,1,1.3815,6.0,inf
334,2,-1.3301891729550128,-0.7475209165955509,-0.573971420589615,1.3815,1,1.3815,6.0,inf
334,3,-1.3301891729550128,-0.7475209165955509,-0.573971420589615,1.3815,1,1.3815,6.0,inf
334,4,-1.3301891729550128,-0.7475209165955509,-0.573971420589615,1.3815,1,1.3815,6.0,inf
334,5,-1.3301891729550128,-0.7475209165955509,-0.573971420589615,1.3815,1,1.3815,6.0,inf
335,0,-0.6359502633410228,0.10093545435598004,-0.26558594660075424,1.9238999999999997,1,1.9238999999999997,6.0,inf
335,1,-0.6359502633410228,0.10093545435598004,-0.26558594660075424,1.9238999999999997,1,1.9238999999999997,6.0,inf
335,2,-0.6359502633410228,0.10093545435598004,-0.26558594660075424,1.9238999999999997,1,1.9238999999999997,6.0,inf
335,3,-0.6359502633410228,0.10093545435598004,-0.26558594660075424,1.9238999999999997,1,1.9238999999999997,6.0,inf
335,4,-0.6359502633410228,0.10093545435598004,-0.26558594660075424,1.9238999999999997,1,1.9238999999999997,6.0,inf
335,5,-0.6359502633410228,0.10093545435598004,-0.26558594660075424,1.9238999999999997,1,1.9238999999999997,6.0,inf
336,0,0.10147038926818443,-1.5301766848985896,0.19122509378659883,1.2236999999999998,1,1.2236999999999998,6.0,inf
336,1,0.10147038926818443,-1.5301766848985896,0.19122509378659883,1.2236999999999998,1,1.2236999999999998,6.0,inf
336,2,0.10147038926818443,-1.5301766848985896,0.19122509378659883,1.2236999999999998,1,1.2236999999999998,6.0,inf
336,3,0.10147038926818443,-1.5301766848985896,0.19122509378659883,1.2236999999999998,1,1.2236999999999998,6.0,inf
336,4,0.10147038926818443,-1.5301766848985896,0.19122509378659883,1.2236999999999998,1,1.2236999999999998,6.0,inf
336,5,0.10147038926818443,-1.5301766848985896,0.19122509378659883,1.2236999999999998,1,1.2236999999999998,6.0,inf
337,0,-0.9775020339333724,0.33399454651957117,0.16454330304612086,0.44129999999999997,1,0.44129999999999997,6.0,inf
337,1,-0.9775020339333724,0.33399454651957117,0.16454330304612086,0.44129999999999997,1,0.44129999999999997,6.0,inf
337,2,-0.9775020339333724,0.33399454651957117,0.16454330304612086,0.44129999999999997,1,0.44129999999999997,6.0,inf
337,3,-0.9775020339333724,0.33399454651957117,0.16454330304612086,0.44129999999999997,1,0.44129999999999997,6.0,inf
337,4,-0.9775020339333724,0.33399454651957117,0.16454330304612086,0.44129999999999997,1,0.44129999999999997,6.0,inf
337,5,-0.9775020339333724,0.33399454651957117,0.16454330304612086,0.44129999999999997,1,0.44129999999999997,6.0,inf
338,0,0.31392151463343604,-0.5814186291709391,0.7612835111084582,1.0224,1,1.0224,6.0,inf
338,1,0.31392151463343604,-0.5814186291709391,0.7612835111084582,1.0224,1,1.0224,6.0,inf
338,2,0.31392151463343604,-0.5814186291709391,0.7612835111084582,1.0224,1,1.0224,6.0,inf
338,3,0.31392151463343604,-0.5814186291709391,0.7612835111084582,1.0224,1,1.0224,6.0,inf
338,4,0.31392151463343604,-0.5814186291709391,0.7612835111084582,1.0224,1,1.0224,6.0,inf
338,5,0.31392151463343604,-0.5814186291709391,0.7612835111084582,1.0224,1,1.0224,6.0,inf
339,0,-1.536997051434088,0.9544679021781491,-1.0925381750587455,0.6458999999999999,1,0.6458999999999999,6.0,inf
339,1,-1.536997051434088,0.9544679021781491,-1.0925381750587455,0.6458999999999999,1,0.6458999999999999,6.0,inf
339,2,-1.536997051434088,0.9544679021781491,-1.0925381750587455,0.6458999999999999,1,0.6458999999999999,6.0,inf
339,3,-1.536997051434088,0.9544679021781491,-1.0925381750587455,0.6458999999999999,1,0.6458999999999999,6.0,inf
339,4,-1.536997051434088,0.9544679021781491,-1.0925381750587455,0.6458999999999999,1,0.6458999999999999,6.0,inf
339,5,-1.536997051434088,0.9544679021781491,-1.0925381750587455,0.6458999999999999,1,0.6458999999999999,6.0,inf
340,0,-1.180885776516574,-0.9152923313552934,-0.7259292538698899,3.0896999999999997,1,3.0896999999999997,6.0,inf
340,1,-1.180885776516574,-0.9152923313552934,-0.7259292538698899,3.0896999999999997,1,3.0896999999999997,6.0,inf
340,2,-1.180885776516574,-0.9152923313552934,-0.7259292538698899,3.0896999999999997,1,3.0896999999999997,6.0,inf
340,3,-1.180885776516574,-0.9152923313552934,-0.7259292538698899,3.0896999999999997,1,3.0896999999999997,6.0,inf
340,4,-1.180885776516574,-0.9152923313552934,-0.7259292538698899,3.0896999999999997,1,3.0896999999999997,6.0,inf
340,5,-1.180885776516574,-0.9152923313552934,-0.7259292538698899,3.0896999999999997,1,3.0896999999999997,6.0,inf
341,0,-1.047385854049139,-2.5376617773063725,-0.791827771756947,0.059399999999999994,1,0.059399999999999994,6.0,inf
341,1,-1.047385854049139,-2.5376617773063725,-0.791827771756947,0.059399999999999994,1,0.059399999999999994,6.0,inf
341,2,-1.047385854049139,-2.5376617773063725,-0.791827771756947,0.059399999999999994,1,0.059399999999999994,6.0,inf
341,3,-1.047385854049139,-2.5376617773063725,-0.791827771756947,0.059399999999999994,1,0.059399999999999994,6.0,inf
341,4,-1.047385854049139,-2.5376617773063725,-0.791827771756947,0.059399999999999994,1,0.059399999999999994,6.0,inf
341,5,-1.047385854049139,-2.5376617773063725,-0.791827771756947,0.059399999999999994,1,0.059399999999999994,6.0,inf
342,0,-0.5538694416990547,-0.047729934945374496,-1.952079490860227,0.7383,1,0.7383,6.0,inf
342,1,-0.5538694416990547,-0.047729934945374496,-1.952079490860227,0.7383,1,0.7383,6.0,inf
342,2,-0.5538694416990547,-0.047729934945374496,-1.952079490860227,0.7383,1,0.7383,6.0,inf
342,3,-0.5538694416990547,-0.047729934945374496,-1.952079490860227,0.7383,1,0.7383,6.0,inf
342,4,-0.5538694416990547,-0.047729934945374496,-1.952079490860227,0.7383,1,0.7383,6.0,inf
342,5,-0.5538694416990547,-0.047729934945374496,-1.952079490860227,0.7383,1,0.7383,6.0,inf
343,0,0.23584254250972458,1.4612522477451377,0.3549360946855557,5.798399999999999,1,5.798399999999999,6.0,inf
343,1,0.23584254250972458,1.4612522477451377,0.3549360946855557,5.798399999999999,1,5.798399999999999,6.0,inf
343,2,0.23584254250972458,1.4612522477451377,0.3549360946855557,5.798399999999999,1,5.798399999999999,6.0,inf
343,3,0.23584254250972458,1.4612522477451377,0.3549360946855557,5.798399999999999,1,5.798399999999999,6.0,inf
343,4,0.23584254250972458,1.4612522477451377,0.3549360946855557,5.798399999999999,1,5.798399999999999,6.0,inf
343,5,0.23584254250972458,1.4612522477451377,0.3549360946855557,5.798399999999999,1,5.798399999999999,6.0,inf
344,0,0.5442490469946925,0.7940958105053401,-0.29035498778415386,4.9239,1,4.9239,6.0,inf
344,1,0.5442490469946925,0.7940958105053401,-0.29035498778415386,4.9239,1,4.9239,6.0,inf
344,2,0.5442490469946925,0.7940958105053401,-0.29035498778415386,4.9239,1,4.9239,6.0,inf
344,3,0.5442490469946925,0.7940958105053401,-0.29035498778415386,4.9239,1,4.9239,6.0,inf
344,4,0.5442490469946925,0.7940958105053401,-0.29035498778415386,4.9239,1,4.9239,6.0,inf
344,5,0.5442490469946925,0.7940958105053401,-0.29035498778415386,4.9239,1,4.9239,6.0,inf
345,0,0.6985231579097259,-0.5652315676695439,0.17150994229898628,2.7369,1,2.7369,6.0,inf
345,1,0.6985231579097259,-0.5652315676695439,0.17150994229898628,2.7369,1,2.7369,6.0,inf
345,2,0.6985231579097259,-0.5652315676695439,0.17150994229898628,2.7369,1,2.7369,6.0,inf
345,3,0.6985231579097259,-0.5652315676695439,0.17150994229898628,2.7369,1,2.7369,6.0,inf
345,4,0.6985231579097259,-0.5652315676695439,0.17150994229898628,2.7369,1,2.7369,6.0,inf
345,5,0.6985231579097259,-0.5652315676695439,0.17150994229898628,2.7369,1,2.7369,6.0,inf
346,0,0.15228548551358398,1.195916744747751,1.3487218519360606,2.8166999999999995,1,2.8166999999999995,6.0,inf
346,1,0.15228548551358398,1.195916744747751,1.3487218519360606,2.8166999999999995,1,2.8166999999999995,6.0,inf
346,2,0.15228548551358398,1.195916744747751,1.3487218519360606,2.8166999999999995,1,2.8166999999999995,6.0,inf
346,3,0.15228548551358398,1.195916744747751,1.3487218519360606,2.8166999999999995,1,2.8166999999999995,6.0,inf
346,4,0.15228548551358398,1.195916744747751,1.3487218519360606,2.8166999999999995,1,2.8166999999999995,6.0,inf
346,5,0.15228548551358398,1.195916744747751,1.3487218519360606,2.8166999999999995,1,2.8166999999999995,6.0,inf
347,0,2.1101613220072464,0.3864370465118819,-0.5618439696074459,2.8503,1,2.8503,6.0,inf
347,1,2.1101613220072464,0.3864370465118819,-0.5618439696074459,2.8503,1,2.8503,6.0,inf
347,2,2.1101613220072464,0.3864370465118819,-0.5618439696074459,2.8503,1,2.8503,6.0,inf
347,3,2.1101613220072464,0.3864370465118819,-0.5618439696074459,2.8503,1,2.8503,6.0,inf
347,4,2.1101613220072464,0.3864370465118819,-0.5618439696074459,2.8503,1,2.8503,6.0,inf
347,5,2.1101613220072464,0.3864370465118819,-0.5618439696074459,2.8503,1,2.8503,6.0,inf
348,0,-0.9280821090916488,0.3677578856715049,1.4388633770591568,6.0,0,8.0001,6.0,inf
348,1,-0.9280821090916488,0.3677578856715049,1.4388633770591568,6.0,0,8.0001,6.0,inf
348,2,-0.9280821090916488,0.3677578856715049,1.4388633770591568,6.0,0,8.0001,6.0,inf
348,3,-0.9280821090916488,0.3677578856715049,1.4388633770591568,6.0,0,8.0001,6.0,inf
348,4,-0.9280821090916488,0.3677578856715049,1.4388633770591568,6.0,0,8.0001,6.0,inf
348,5,-0.9280821090916488,0.3677578856715049,1.4388633770591568,6.0,0,8.0001,6.0,inf
349,0,0.9734146646163309,1.4972360770194997,-0.32790273586299934,3.5309999999999997,1,3.5309999999999997,6.0,inf
349,1,0.9734146646163309,1.4972360770194997,-0.32790273586299934,3.5309999999999997,1,3.5309999999999997,6.0,inf
349,2,0.9734146646163309,1.4972360770194997,-0.32790273586299934,3.5309999999999997,1,3.5309999999999997,6.0,inf
349,3,0.9734146646163309,1.4972360770194997,-0.32790273586299934,3.5309999999999997,1,3.5309999999999997,6.0,inf
349,4,0.9734146646163309,1.4972360770194997,-0.32790273586299934,3.5309999999999997,1,3.5309999999999997,6.0,inf
349,5,0.9734146646163309,1.4972360770194997,-0.32790273586299934,3.5309999999999997,1,3.5309999999999997,6.0,inf
350,0,0.5815496873419111,-0.48732662427903184,-0.9065598739487468,3.2102999999999997,1,3.2102999999999997,6.0,inf
350,1,0.5815496873419111,-0.48732662427903184,-0.9065598739487468,3.2102999999999997,1,3.2102999999999997,6.0,inf
350,2,0.5815496873419111,-0.48732662427903184,-0.9065598739487468,3.2102999999999997,1,3.2102999999999997,6.0,inf
350,3,0.5815496873419111,-0.48732662427903184,-0.9065598739487468,3.2102999999999997,1,3.2102999999999997,6.0,inf
350,4,0.5815496873419111,-0.48732662427903184,-0.9065598739487468,3.2102999999999997,1,3.2102999999999997,6.0,inf
350,5,0.5815496873419111,-0.48732662427903184,-0.9065598739487468,3.2102999999999997,1,3.2102999999999997,6.0,inf
351,0,1.10307471978292,-1.4936695498308872,0.36294090882570806,1.5915,1,1.5915,6.0,inf
351,1,1.10307471978292,-1.4936695498308872,0.36294090882570806,1.5915,1,1.5915,6.0,inf
351,2,1.10307471978292,-1.4936695498308872,0.36294090882570806,1.5915,1,1.5915,6.0,inf
351,3,1.10307471978292,-1.4936695498308872,0.36294090882570806,1.5915,1,1.5915,6.0,inf
351,4,1.10307471978292,-1.4936695498308872,0.36294090882570806,1.5915,1,1.5915,6.0,inf
351,5,1.10307471978292,-1.4936695498308872,0.36294090882570806,1.5915,1,1.5915,6.0,inf
352,0,-1.1623974798980559,2.3948429972623124,-1.2249075281159745,4.0482,1,4.0482,6.0,inf
352,1,-1.1623974798980559,2.3948429972623124,-1.2249075281159745,4.0482,1,4.0482,6.0,inf
352,2,-1.1623974798980559,2.3948429972623124,-1.2249075281159745,4.0482,1,4.0482,6.0,inf
352,3,-1.1623974798980559,2.3948429972623124,-1.2249075281159745,4.0482,1,4.0482,6.0,inf
352,4,-1.1623974798980559,2.3948429972623124,-1.2249075281159745,4.0482,1,4.0482,6.0,inf
352,5,-1.1623974798980559,2.3948429972623124,-1.2249075281159745,4.0482,1,4.0482,6.0,inf
353,0,-0.9156857389506887,0.430391708690615,0.30065654970806843,4.583399999999999,1,4.583399999999999,6.0,inf
353,1,-0.9156857389506887,0.430391708690615,0.30065654970806843,4.583399999999999,1,4.583399999999999,6.0,inf
353,2,-0.9156857389506887,0.430391708690615,0.30065654970806843,4.583399999999999,1,4.583399999999999,6.0,inf
353,3,-0.9156857389506887,0.430391708690615,0.30065654970806843,4.583399999999999,1,4.583399999999999,6.0,inf
353,4,-0.9156857389506887,0.430391708690615,0.30065654970806843,4.583399999999999,1,4.583399999999999,6.0,inf
353,5,-0.9156857389506887,0.430391708690615,0.30065654970806843,4.583399999999999,1,4.583399999999999,6.0,inf
354,0,0.8343025969726398,-0.13839106924597627,-1.6226786998858684,4.001099999999999,1,4.001099999999999,6.0,inf
354,1,0.8343025969726398,-0.13839106924597627,-1.6226786998858684,4.001099999999999,1,4.001099999999999,6.0,inf
354,2,0.8343025969726398,-0.13839106924597627,-1.6226786998858684,4.001099999999999,1,4.001099999999999,6.0,inf
354,3,0.8343025969726398,-0.13839106924597627,-1.6226786998858684,4.001099999999999,1,4.001099999999999,6.0,inf
354,4,0.8343025969726398,-0.13839106924597627,-1.6226786998858684,4.001099999999999,1,4.001099999999999,6.0,inf
354,5,0.8343025969726398,-0.13839106924597627,-1.6226786998858684,4.001099999999999,1,4.001099999999999,6.0,inf
355,0,0.017288671487412127,-1.801853132640877,-0.08445710042506654,0.46259999999999996,1,0.46259999999999996,6.0,inf
355,1,0.017288671487412127,-1.801853132640877,-0.08445710042506654,0.46259999999999996,1,0.46259999999999996,6.0,inf
355,2,0.017288671487412127,-1.801853132640877,-0.08445710042506654,0.46259999999999996,1,0.46259999999999996,6.0,inf
355,3,0.017288671487412127,-1.801853132640877,-0.08445710042506654,0.46259999999999996,1,0.46259999999999996,6.0,inf
355,4,0.017288671487412127,-1.801853132640877,-0.08445710042506654,0.46259999999999996,1,0.46259999999999996,6.0,inf
355,5,0.017288671487412127,-1.801853132640877,-0.08445710042506654,0.46259999999999996,1,0.46259999999999996,6.0,inf
356,0,-1.9460113726254011,2.330775388000665,-0.9857778024294458,5.991899999999999,1,5.991899999999999,6.0,inf
356,1,-1.9460113726254011,2.330775388000665,-0.9857778024294458,5.991899999999999,1,5.991899999999999,6.0,inf
356,2,-1.9460113726254011,2.330775388000665,-0.9857778024294458,5.991899999999999,1,5.991899999999999,6.0,inf
356,3,-1.9460113726254011,2.330775388000665,-0.9857778024294458,5.991899999999999,1,5.991899999999999,6.0,inf
356,4,-1.9460113726254011,2.330775388000665,-0.9857778024294458,5.991899999999999,1,5.991899999999999,6.0,inf
356,5,-1.9460113726254011,2.330775388000665,-0.9857778024294458,5.991899999999999,1,5.991899999999999,6.0,inf
357,0,-1.1965797697913325,1.1076977896600846,-0.5721472668145356,6.0,0,6.630299999999999,6.0,inf
357,1,-1.1965797697913325,1.1076977896600846,-0.5721472668145356,6.0,0,6.630299999999999,6.0,inf
357,2,-1.1965797697913325,1.1076977896600846,-0.5721472668145356,6.0,0,6.630299999999999,6.0,inf
357,3,-1.1965797697913325,1.1076977896600846,-0.5721472668145356,6.0,0,6.630299999999999,6.0,inf
357,4,-1.1965797697913325,1.1076977896600846,-0.5721472668145356,6.0,0,6.630299999999999,6.0,inf
357,5,-1.1965797697913325,1.1076977896600846,-0.5721472668145356,6.0,0,6.630299999999999,6.0,inf
358,0,0.5792256634399993,-0.012187953215409374,-1.3831909465676278,0.5117999999999999,1,0.5117999999999999,6.0,inf
358,1,0.5792256634399993,-0.012187953215409374,-1.3831909465676278,0.5117999999999999,1,0.5117999999999999,6.0,inf
358,2,0.5792256634399993,-0.012187953215409374,-1.3831909465676278,0.5117999999999999,1,0.5117999999999999,6.0,inf
358,3,0.5792256634399993,-0.012187953215409374,-1.3831909465676278,0.5117999999999999,1,0.5117999999999999,6.0,inf
358,4,0.5792256634399993,-0.012187953215409374,-1.3831909465676278,0.5117999999999999,1,0.5117999999999999,6.0,inf
358,5,0.5792256634399993,-0.012187953215409374,-1.3831909465676278,0.5117999999999999,1,0.5117999999999999,6.0,inf
359,0,-1.6409324190527954,0.8335385703102881,-0.2664930335606036,1.4178,1,1.4178,6.0,inf
359,1,-1.6409324190527954,0.8335385703102881,-0.2664930335606036,1.4178,1,1.4178,6.0,inf
359,2,-1.6409324190527954,0.8335385703102881,-0.2664930335606036,1.4178,1,1.4178,6.0,inf
359,3,-1.6409324190527954,0.8335385703102881,-0.2664930335606036,1.4178,1,1.4178,6.0,inf
359,4,-1.6409324190527954,0.8335385703102881,-0.2664930335606036,1.4178,1,1.4178,6.0,inf
359,5,-1.6409324190527954,0.8335385703102881,-0.2664930335606036,1.4178,1,1.4178,6.0,inf
360,0,-0.24966632897937124,0.6092912526784747,0.11801349384784178,3.5690999999999997,1,3.5690999999999997,6.0,inf
360,1,-0.24966632897937124,0.6092912526784747,0.11801349384784178,3.5690999999999997,1,3.5690999999999997,6.0,inf
360,2,-0.24966632897937124,0.6092912526784747,0.11801349384784178,3.5690999999999997,1,3.5690999999999997,6.0,inf
360,3,-0.24966632897937124,0.6092912526784747,0.11801349384784178,3.5690999999999997,1,3.5690999999999997,6.0,inf
360,4,-0.24966632897937124,0.6092912526784747,0.11801349384784178,3.5690999999999997,1,3.5690999999999997,6.0,inf
360,5,-0.24966632897937124,0.6092912526784747,0.11801349384784178,3.5690999999999997,1,3.5690999999999997,6.0,inf
361,0,-0.5944721731471186,-0.1378343909203936,-0.2906334208814524,3.5132999999999996,1,3.5132999999999996,6.0,inf
361,1,-0.5944721731471186,-0.1378343909203936,-0.2906334208814524,3.5132999999999996,1,3.5132999999999996,6.0,inf
361,2,-0.5944721731471186,-0.1378343909203936,-0.2906334208814524,3.5132999999999996,1,3.5132999999999996,6.0,inf
361,3,-0.5944721731471186,-0.1378343909203936,-0.2906334208814524,3.5132999999999996,1,3.5132999999999996,6.0,inf
361,4,-0.5944721731471186,-0.1378343909203936,-0.2906334208814524,3.5132999999999996,1,3.5132999999999996,6.0,inf
361,5,-0.5944721731471186,-0.1378343909203936,-0.2906334208814524,3.5132999999999996,1,3.5132999999999996,6.0,inf
362,0,-0.5491934117039662,-1.6785832492501336,1.5498879226967313,1.6278,1,1.6278,6.0,inf
362,1,-0.5491934117039662,-1.6785832492501336,1.5498879226967313,1.6278,1,1.6278,6.0,inf
362,2,-0.5491934117039662,-1.6785832492501336,1.5498879226967313,1.6278,1,1.6278,6.0,inf
362,3,-0.5491934117039662,-1.6785832492501336,1.5498879226967313,1.6278,1,1.6278,6.0,inf
362,4,-0.5491934117039662,-1.6785832492501336,1.5498879226967313,1.6278,1,1.6278,6.0,inf
362,5,-0.5491934117039662,-1.6785832492501336,1.5498879226967313,1.6278,1,1.6278,6.0,inf
363,0,-0.9643805137541399,1.9230331372476126,-1.3392396446144466,5.4693,1,5.4693,6.0,inf
363,1,-0.9643805137541399,1.9230331372476126,-1.3392396446144466,5.4693,1,5.4693,6.0,inf
363,2,-0.9643805137541399,1.9230331372476126,-1.3392396446144466,5.4693,1,5.4693,6.0,inf
363,3,-0.9643805137541399,1.9230331372476126,-1.3392396446144466,5.4693,1,5.4693,6.0,inf
363,4,-0.9643805137541399,1.9230331372476126,-1.3392396446144466,5.4693,1,5.4693,6.0,inf
363,5,-0.9643805137541399,1.9230331372476126,-1.3392396446144466,5.4693,1,5.4693,6.0,inf
364,0,0.41059059046966306,-0.07015735021111914,-1.3357202119925142,1.9778999999999998,1,1.9778999999999998,6.0,inf
364,1,0.41059059046966306,-0.07015735021111914,-1.3357202119925142,1.9778999999999998,1,1.9778999999999998,6.0,inf
364,2,0.41059059046966306,-0.07015735021111914,-1.3357202119925142,1.9778999999999998,1,1.9778999999999998,6.0,inf
364,3,0.41059059046966306,-0.07015735021111914,-1.3357202119925142,1.9778999999999998,1,1.9778999999999998,6.0,inf
364,4,0.41059059046966306,-0.07015735021111914,-1.3357202119925142,1.9778999999999998,1,1.9778999999999998,6.0,inf
364,5,0.41059059046966306,-0.07015735021111914,-1.3357202119925142,1.9778999999999998,1,1.9778999999999998,6.0,inf
365,0,0.052676157259559854,-0.9058133570796147,-1.96304748213644,3.7784999999999997,1,3.7784999999999997,6.0,inf
365,1,0.052676157259559854,-0.9058133570796147,-1.96304748213644,3.7784999999999997,1,3.7784999999999997,6.0,inf
365,2,0.052676157259559854,-0.9058133570796147,-1.96304748213644,3.7784999999999997,1,3.7784999999999997,6.0,inf
365,3,0.052676157259559854,-0.9058133570796147,-1.96304748213644,3.7784999999999997,1,3.7784999999999997,6.0,inf
365,4,0.052676157259559854,-0.9058133570796147,-1.96304748213644,3.7784999999999997,1,3.7784999999999997,6.0,inf
365,5,0.052676157259559854,-0.9058133570796147,-1.96304748213644,3.7784999999999997,1,3.7784999999999997,6.0,inf
366,0,0.7579306988514812,-0.5401246728415584,0.7847121965343736,2.0435999999999996,1,2.0435999999999996,6.0,inf
366,1,0.7579306988514812,-0.5401246728415584,0.7847121965343736,2.0435999999999996,1,2.0435999999999996,6.0,inf
366,2,0.7579306988514812,-0.5401246728415584,0.7847121965343736,2.0435999999999996,1,2.0435999999999996,6.0,inf
366,3,0.7579306988514812,-0.5401246728415584,0.7847121965343736,2.0435999999999996,1,2.0435999999999996,6.0,inf
366,4,0.7579306988514812,-0.5401246728415584,0.7847121965343736,2.0435999999999996,1,2.0435999999999996,6.0,inf
366,5,0.7579306988514812,-0.5401246728415584,0.7847121965343736,2.0435999999999996,1,2.0435999999999996,6.0,inf
367,0,-0.2700851767766158,0.677787820822509,-2.0167538460500434,3.3413999999999997,1,3.3413999999999997,6.0,inf
367,1,-0.2700851767766158,0.677787820822509,-2.0167538460500434,3.3413999999999997,1,3.3413999999999997,6.0,inf
367,2,-0.2700851767766158,0.677787820822509,-2.0167538460500434,3.3413999999999997,1,3.3413999999999997,6.0,inf
367,3,-0.2700851767766158,0.677787820822509,-2.0167538460500434,3.3413999999999997,1,3.3413999999999997,6.0,inf
367,4,-0.2700851767766158,0.677787820822509,-2.0167538460500434,3.3413999999999997,1,3.3413999999999997,6.0,inf
367,5,-0.2700851767766158,0.677787820822509,-2.0167538460500434,3.3413999999999997,1,3.3413999999999997,6.0,inf
368,0,0.3555521273603279,0.16665194116438484,-0.5816948303300357,1.7300999999999997,1,1.7300999999999997,6.0,inf
368,1,0.3555521273603279,0.16665194116438484,-0.5816948303300357,1.7300999999999997,1,1.7300999999999997,6.0,inf
368,2,0.3555521273603279,0.16665194116438484,-0.5816948303300357,1.7300999999999997,1,1.7300999999999997,6.0,inf
368,3,0.3555521273603279,0.16665194116438484,-0.5816948303300357,1.7300999999999997,1,1.7300999999999997,6.0,inf
368,4,0.3555521273603279,0.16665194116438484,-0.5816948303300357,1.7300999999999997,1,1.7300999999999997,6.0,inf
368,5,0.3555521273603279,0.16665194116438484,-0.5816948303300357,1.7300999999999997,1,1.7300999999999997,6.0,inf
369,0,-0.9681633788002014,0.8886657707754124,-1.0508599107751744,1.9566,1,1.9566,6.0,inf
369,1,-0.9681633788002014,0.8886657707754124,-1.0508599107751744,1.9566,1,1.9566,6.0,inf
369,2,-0.9681633788002014,0.8886657707754124,-1.0508599107751744,1.9566,1,1.9566,6.0,inf
369,3,-0.9681633788002014,0.8886657707754124,-1.0508599107751744,1.9566,1,1.9566,6.0,inf
369,4,-0.9681633788002014,0.8886657707754124,-1.0508599107751744,1.9566,1,1.9566,6.0,inf
369,5,-0.9681633788002014,0.8886657707754124,-1.0508599107751744,1.9566,1,1.9566,6.0,inf
370,0,-1.6674663398098508,0.476115391087469,0.7859582600736944,4.2650999999999994,1,4.2650999999999994,6.0,inf
370,1,-1.6674663398098508,0.476115391087469,0.7859582600736944,4.2650999999999994,1,4.2650999999999994,6.0,inf
370,2,-1.6674663398098508,0.476115391087469,0.7859582600736944,4.2650999999999994,1,4.2650999999999994,6.0,inf
370,3,-1.6674663398098508,0.476115391087469,0.7859582600736944,4.2650999999999994,1,4.2650999999999994,6.0,inf
370,4,-1.6674663398098508,0.476115391087469,0.7859582600736944,4.2650999999999994,1,4.2650999999999994,6.0,inf
370,5,-1.6674663398098508,0.476115391087469,0.7859582600736944,4.2650999999999994,1,4.2650999999999994,6.0,inf
371,0,-0.6139776151026591,1.9573730226077535,0.934353788149801,5.7258,1,5.7258,6.0,inf
371,1,-0.6139776151026591,1.9573730226077535,0.934353788149801,5.7258,1,5.7258,6.0,inf
371,2,-0.6139776151026591,1.9573730226077535,0.934353788149801,5.7258,1,5.7258,6.0,inf
371,3,-0.6139776151026591,1.9573730226077535,0.934353788149801,5.7258,1,5.7258,6.0,inf
371,4,-0.6139776151026591,1.9573730226077535,0.934353788149801,5.7258,1,5.7258,6.0,inf
371,5,-0.6139776151026591,1.9573730226077535,0.934353788149801,5.7258,1,5.7258,6.0,inf
372,0,1.2182330287898384,-1.306216737617465,-1.1605440434964647,3.0041999999999995,1,3.0041999999999995,6.0,inf
372,1,1.2182330287898384,-1.306216737617465,-1.1605440434964647,3.0041999999999995,1,3.0041999999999995,6.0,inf
372,2,1.2182330287898384,-1.306216737617465,-1.1605440434964647,3.0041999999999995,1,3.0041999999999995,6.0,inf
372,3,1.2182330287898384,-1.306216737617465,-1.1605440434964647,3.0041999999999995,1,3.0041999999999995,6.0,inf
372,4,1.2182330287898384,-1.306216737617465,-1.1605440434964647,3.0041999999999995,1,3.0041999999999995,6.0,inf
372,5,1.2182330287898384,-1.306216737617465,-1.1605440434964647,3.0041999999999995,1,3.0041999999999995,6.0,inf
373,0,-0.15335854027776355,1.2440634330928664,1.3089130476995101,1.5476999999999999,1,1.5476999999999999,6.0,inf
373,1,-0.15335854027776355,1.2440634330928664,1.3089130476995101,1.5476999999999999,1,1.5476999999999999,6.0,inf
373,2,-0.15335854027776355,1.2440634330928664,1.3089130476995101,1.5476999999999999,1,1.5476999999999999,6.0,inf
373,3,-0.15335854027776355,1.2440634330928664,1.3089130476995101,1.5476999999999999,1,1.5476999999999999,6.0,inf
373,4,-0.15335854027776355,1.2440634330928664,1.3089130476995101,1.5476999999999999,1,1.5476999999999999,6.0,inf
373,5,-0.15335854027776355,1.2440634330928664,1.3089130476995101,1.5476999999999999,1,1.5476999999999999,6.0,inf
374,0,0.17973173781307156,1.2520419876932747,0.5065055548935327,4.5996,1,4.5996,6.0,inf
374,1,0.17973173781307156,1.2520419876932747,0.5065055548935327,4.5996,1,4.5996,6.0,inf
374,2,0.17973173781307156,1.2520419876932747,0.5065055548935327,4.5996,1,4.5996,6.0,inf
374,3,0.17973173781307156,1.2520419876932747,0.5065055548935327,4.5996,1,4.5996,6.0,inf
374,4,0.17973173781307156,1.2520419876932747,0.5065055548935327,4.5996,1,4.5996,6.0,inf
374,5,0.17973173781307156,1.2520419876932747,0.5065055548935327,4.5996,1,4.5996,6.0,inf
375,0,0.7764275080063866,-0.5382509983234364,0.7011660702915908,1.8518999999999999,1,1.8518999999999999,6.0,inf
375,1,0.7764275080063866,-0.5382509983234364,0.7011660702915908,1.8518999999999999,1,1.8518999999999999,6.0,inf
375,2,0.7764275080063866,-0.5382509983234364,0.7011660702915908,1.8518999999999999,1,1.8518999999999999,6.0,inf
375,3,0.7764275080063866,-0.5382509983234364,0.7011660702915908,1.8518999999999999,1,1.8518999999999999,6.0,inf
375,4,0.7764275080063866,-0.5382509983234364,0.7011660702915908,1.8518999999999999,1,1.8518999999999999,6.0,inf
375,5,0.7764275080063866,-0.5382509983234364,0.7011660702915908,1.8518999999999999,1,1.8518999999999999,6.0,inf
376,0,-1.0197581623472283,1.914112239583093,1.328126301686075,1.1063999999999998,1,1.1063999999999998,6.0,inf
376,1,-1.0197581623472283,1.914112239583093,1.328126301686075,1.1063999999999998,1,1.1063999999999998,6.0,inf
376,2,-1.0197581623472283,1.914112239583093,1.328126301686075,1.1063999999999998,1,1.1063999999999998,6.0,inf
376,3,-1.0197581623472283,1.914112239583093,1.328126301686075,1.1063999999999998,1,1.1063999999999998,6.0,inf
376,4,-1.0197581623472283,1.914112239583093,1.328126301686075,1.1063999999999998,1,1.1063999999999998,6.0,inf
376,5,-1.0197581623472283,1.914112239583093,1.328126301686075,1.1063999999999998,1,1.1063999999999998,6.0,inf
377,0,-0.30088643910125523,1.4530479352018828,0.5750248350582837,6.0,0,8.0001,6.0,inf
377,1,-0.30088643910125523,1.4530479352018828,0.5750248350582837,6.0,0,8.0001,6.0,inf
377,2,-0.30088643910125523,1.4530479352018828,0.5750248350582837,6.0,0,8.0001,6.0,inf
377,3,-0.30088643910125523,1.4530479352018828,0.5750248350582837,6.0,0,8.0001,6.0,inf
377,4,-0.30088643910125523,1.4530479352018828,0.5750248350582837,6.0,0,8.0001,6.0,inf
377,5,-0.30088643910125523,1.4530479352018828,0.5750248350582837,6.0,0,8.0001,6.0,inf
378,0,0.19789703936922898,1.0078780266901706,1.0571290473923467,1.2006,1,1.2006,6.0,inf
378,1,0.19789703936922898,1.0078780266901706,1.0571290473923467,1.2006,1,1.2006,6.0,inf
378,2,0.19789703936922898,1.0078780266901706,1.0571290473923467,1.2006,1,1.2006,6.0,inf
378,3,0.19789703936922898,1.0078780266901706,1.0571290473923467,1.2006,1,1.2006,6.0,inf
378,4,0.19789703936922898,1.0078780266901706,1.0571290473923467,1.2006,1,1.2006,6.0,inf
378,5,0.19789703936922898,1.0078780266901706,1.0571290473923467,1.2006,1,1.2006,6.0,inf
379,0,-0.48487374408883677,-1.2995869206015755,0.5182815957964095,0.7644,1,0.7644,6.0,inf
379,1,-0.48487374408883677,-1.2995869206015755,0.5182815957964095,0.7644,1,0.7644,6.0,inf
379,2,-0.48487374408883677,-1.2995869206015755,0.5182815957964095,0.7644,1,0.7644,6.0,inf
379,3,-0.48487374408883677,-1.2995869206015755,0.5182815957964095,0.7644,1,0.7644,6.0,inf
379,4,-0.48487374408883677,-1.2995869206015755,0.5182815957964095,0.7644,1,0.7644,6.0,inf
379,5,-0.48487374408883677,-1.2995869206015755,0.5182815957964095,0.7644,1,0.7644,6.0,inf
380,0,0.5421437469130115,-0.9488949074283253,0.5348086233551087,1.248,1,1.248,6.0,inf
380,1,0.5421437469130115,-0.9488949074283253,0.5348086233551087,1.248,1,1.248,6.0,inf
380,2,0.5421437469130115,-0.9488949074283253,0.5348086233551087,1.248,1,1.248,6.0,inf
380,3,0.5421437469130115,-0.9488949074283253,0.5348086233551087,1.248,1,1.248,6.0,inf
380,4,0.5421437469130115,-0.9488949074283253,0.5348086233551087,1.248,1,1.248,6.0,inf
380,5,0.5421437469130115,-0.9488949074283253,0.5348086233551087,1.248,1,1.248,6.0,inf
381,0,-0.3635112391990406,0.802376005588076,-1.1902913933707227,4.178699999999999,1,4.178699999999999,6.0,inf
381,1,-0.3635112391990406,0.802376005588076,-1.1902913933707227,4.178699999999999,1,4.178699999999999,6.0,inf
381,2,-0.3635112391990406,0.802376005588076,-1.1902913933707227,4.178699999999999,1,4.178699999999999,6.0,inf
381,3,-0.3635112391990406,0.802376005588076,-1.1902913933707227,4.178699999999999,1,4.178699999999999,6.0,inf
381,4,-0.3635112391990406,0.802376005588076,-1.1902913933707227,4.178699999999999,1,4.178699999999999,6.0,inf
381,5,-0.3635112391990406,0.802376005588076,-1.1902913933707227,4.178699999999999,1,4.178699999999999,6.0,inf
382,0,-1.189751593180286,-1.163561157318365,0.6586451046254245,0.9587999999999999,1,0.9587999999999999,6.0,inf
382,1,-1.189751593180286,-1.163561157318365,0.6586451046254245,0.9587999999999999,1,0.9587999999999999,6.0,inf
382,2,-1.189751593180286,-1.163561157318365,0.6586451046254245,0.9587999999999999,1,0.9587999999999999,6.0,inf
382,3,-1.189751593180286,-1.163561157318365,0.6586451046254245,0.9587999999999999,1,0.9587999999999999,6.0,inf
382,4,-1.189751593180286,-1.163561157318365,0.6586451046254245,0.9587999999999999,1,0.9587999999999999,6.0,inf
382,5,-1.189751593180286,-1.163561157318365,0.6586451046254245,0.9587999999999999,1,0.9587999999999999,6.0,inf
383,0,-0.24539588942227644,-0.3416154473609698,-1.6750693981856999,0.29279999999999995,1,0.29279999999999995,6.0,inf
383,1,-0.24539588942227644,-0.3416154473609698,-1.6750693981856999,0.29279999999999995,1,0.29279999999999995,6.0,inf
383,2,-0.24539588942227644,-0.3416154473609698,-1.6750693981856999,0.29279999999999995,1,0.29279999999999995,6.0,inf
383,3,-0.24539588942227644,-0.3416154473609698,-1.6750693981856999,0.29279999999999995,1,0.29279999999999995,6.0,inf
383,4,-0.24539588942227644,-0.3416154473609698,-1.6750693981856999,0.29279999999999995,1,0.29279999999999995,6.0,inf
383,5,-0.24539588942227644,-0.3416154473609698,-1.6750693981856999,0.29279999999999995,1,0.29279999999999995,6.0,inf
384,0,-0.08803891902838219,2.7887605853819983,0.6728871291899309,6.0,0,6.8675999999999995,6.0,inf
384,1,-0.08803891902838219,2.7887605853819983,0.6728871291899309,6.0,0,6.8675999999999995,6.0,inf
384,2,-0.08803891902838219,2.7887605853819983,0.6728871291899309,6.0,0,6.8675999999999995,6.0,inf
384,3,-0.08803891902838219,2.7887605853819983,0.6728871291899309,6.0,0,6.8675999999999995,6.0,inf
384,4,-0.08803891902838219,2.7887605853819983,0.6728871291899309,6.0,0,6.8675999999999995,6.0,inf
384,5,-0.08803891902838219,2.7887605853819983,0.6728871291899309,6.0,0,6.8675999999999995,6.0,inf
385,0,2.090152252679027,1.1047305326760959,0.7572381901710268,2.9124,1,2.9124,6.0,inf
385,1,2.090152252679027,1.1047305326760959,0.7572381901710268,2.9124,1,2.9124,6.0,inf
385,2,2.090152252679027,1.1047305326760959,0.7572381901710268,2.9124,1,2.9124,6.0,inf
385,3,2.090152252679027,1.1047305326760959,0.7572381901710268,2.9124,1,2.9124,6.0,inf
385,4,2.090152252679027,1.1047305326760959,0.7572381901710268,2.9124,1,2.9124,6.0,inf
385,5,2.090152252679027,1.1047305326760959,0.7572381901710268,2.9124,1,2.9124,6.0,inf
386,0,-2.1393023727499263,0.1867110789010746,1.3615064157248424,1.5291,1,1.5291,6.0,inf
386,1,-2.1393023727499263,0.1867110789010746,1.3615064157248424,1.5291,1,1.5291,6.0,inf
386,2,-2.1393023727499263,0.1867110789010746,1.3615064157248424,1.5291,1,1.5291,6.0,inf
386,3,-2.1393023727499263,0.1867110789010746,1.3615064157248424,1.5291,1,1.5291,6.0,inf
386,4,-2.1393023727499263,0.1867110789010746,1.3615064157248424,1.5291,1,1.5291,6.0,inf
386,5,-2.1393023727499263,0.1867110789010746,1.3615064157248424,1.5291,1,1.5291,6.0,inf
387,0,0.018015591673651323,-0.11629102290695101,1.5446934652271784,2.5961999999999996,1,2.5961999999999996,6.0,inf
387,1,0.018015591673651323,-0.11629102290695101,1.5446934652271784,2.5961999999999996,1,2.5961999999999996,6.0,inf
387,2,0.018015591673651323,-0.11629102290695101,1.5446934652271784,2.5961999999999996,1,2.5961999999999996,6.0,inf
387,3,0.018015591673651323,-0.11629102290695101,1.5446934652271784,2.5961999999999996,1,2.5961999999999996,6.0,inf
387,4,0.018015591673651323,-0.11629102290695101,1.5446934652271784,2.5961999999999996,1,2.5961999999999996,6.0,inf
387,5,0.018015591673651323,-0.11629102290695101,1.5446934652271784,2.5961999999999996,1,2.5961999999999996,6.0,inf
388,0,1.2446531619329628,0.7526487822009155,-0.46142209783778765,0.9581999999999999,1,0.9581999999999999,6.0,inf
388,1,1.2446531619329628,0.7526487822009155,-0.46142209783778765,0.9581999999999999,1,0.9581999999999999,6.0,inf
388,2,1.2446531619329628,0.7526487822009155,-0.46142209783778765,0.9581999999999999,1,0.9581999999999999,6.0,inf
388,3,1.2446531619329628,0.7526487822009155,-0.46142209783778765,0.9581999999999999,1,0.9581999999999999,6.0,inf
388,4,1.2446531619329628,0.7526487822009155,-0.46142209783778765,0.9581999999999999,1,0.9581999999999999,6.0,inf
388,5,1.2446531619329628,0.7526487822009155,-0.46142209783778765,0.9581999999999999,1,0.9581999999999999,6.0,inf
389,0,-1.0205737911603348,0.010660150652367435,-0.5213101474620178,0.8951999999999999,1,0.8951999999999999,6.0,inf
389,1,-1.0205737911603348,0.010660150652367435,-0.5213101474620178,0.8951999999999999,1,0.8951999999999999,6.0,inf
389,2,-1.0205737911603348,0.010660150652367435,-0.5213101474620178,0.8951999999999999,1,0.8951999999999999,6.0,inf
389,3,-1.0205737911603348,0.010660150652367435,-0.5213101474620178,0.8951999999999999,1,0.8951999999999999,6.0,inf
389,4,-1.0205737911603348,0.010660150652367435,-0.5213101474620178,0.8951999999999999,1,0.8951999999999999,6.0,inf
389,5,-1.0205737911603348,0.010660150652367435,-0.5213101474620178,0.8951999999999999,1,0.8951999999999999,6.0,inf
390,0,0.2373177686814207,0.5202934548095153,0.9340034140044493,4.1678999999999995,1,4.1678999999999995,6.0,inf
390,1,0.2373177686814207,0.5202934548095153,0.9340034140044493,4.1678999999999995,1,4.1678999999999995,6.0,inf
390,2,0.2373177686814207,0.5202934548095153,0.9340034140044493,4.1678999999999995,1,4.1678999999999995,6.0,inf
390,3,0.2373177686814207,0.5202934548095153,0.9340034140044493,4.1678999999999995,1,4.1678999999999995,6.0,inf
390,4,0.2373177686814207,0.5202934548095153,0.9340034140044493,4.1678999999999995,1,4.1678999999999995,6.0,inf
390,5,0.2373177686814207,0.5202934548095153,0.9340034140044493,4.1678999999999995,1,4.1678999999999995,6.0,inf
391,0,0.33565112540831593,1.0000372177387622,0.69741963593646,3.1115999999999997,1,3.1115999999999997,6.0,inf
391,1,0.33565112540831593,1.0000372177387622,0.69741963593646,3.1115999999999997,1,3.1115999999999997,6.0,inf
391,2,0.33565112540831593,1.0000372177387622,0.69741963593646,3.1115999999999997,1,3.1115999999999997,6.0,inf
391,3,0.33565112540831593,1.0000372177387622,0.69741963593646,3.1115999999999997,1,3.1115999999999997,6.0,inf
391,4,0.33565112540831593,1.0000372177387622,0.69741963593646,3.1115999999999997,1,3.1115999999999997,6.0,inf
391,5,0.33565112540831593,1.0000372177387622,0.69741963593646,3.1115999999999997,1,3.1115999999999997,6.0,inf
392,0,1.7139194967574196,-0.35785135357020137,0.331373639850561,2.1317999999999997,1,2.1317999999999997,6.0,inf
392,1,1.7139194967574196,-0.35785135357020137,0.331373639850561,2.1317999999999997,1,2.1317999999999997,6.0,inf
392,2,1.7139194967574196,-0.35785135357020137,0.331373639850561,2.1317999999999997,1,2.1317999999999997,6.0,inf
392,3,1.7139194967574196,-0.35785135357020137,0.331373639850561,2.1317999999999997,1,2.1317999999999997,6.0,inf
392,4,1.7139194967574196,-0.35785135357020137,0.331373639850561,2.1317999999999997,1,2.1317999999999997,6.0,inf
392,5,1.7139194967574196,-0.35785135357020137,0.331373639850561,2.1317999999999997,1,2.1317999999999997,6.0,inf
393,0,0.8074998415153691,-0.40869136184028576,1.2624691925739988,0.43379999999999996,1,0.43379999999999996,6.0,inf
393,1,0.8074998415153691,-0.40869136184028576,1.2624691925739988,0.43379999999999996,1,0.43379999999999996,6.0,inf
393,2,0.8074998415153691,-0.40869136184028576,1.2624691925739988,0.43379999999999996,1,0.43379999999999996,6.0,inf
393,3,0.8074998415153691,-0.40869136184028576,1.2624691925739988,0.43379999999999996,1,0.43379999999999996,6.0,inf
393,4,0.8074998415153691,-0.40869136184028576,1.2624691925739988,0.43379999999999996,1,0.43379999999999996,6.0,inf
393,5,0.8074998415153691,-0.40869136184028576,1.2624691925739988,0.43379999999999996,1,0.43379999999999996,6.0,inf
394,0,-0.7843503994628858,-0.5643003052699872,-1.052168463086046,3.4862999999999995,1,3.4862999999999995,6.0,inf
394,1,-0.7843503994628858,-0.5643003052699872,-1.052168463086046,3.4862999999999995,1,3.4862999999999995,6.0,inf
394,2,-0.7843503994628858,-0.5643003052699872,-1.052168463086046,3.4862999999999995,1,3.4862999999999995,6.0,inf
394,3,-0.7843503994628858,-0.5643003052699872,-1.052168463086046,3.4862999999999995,1,3.4862999999999995,6.0,inf
394,4,-0.7843503994628858,-0.5643003052699872,-1.052168463086046,3.4862999999999995,1,3.4862999999999995,6.0,inf
394,5,-0.7843503994628858,-0.5643003052699872,-1.052168463086046,3.4862999999999995,1,3.4862999999999995,6.0,inf
395,0,-0.5467729579882936,-2.1913164255372415,-0.6021143355913334,0.8558999999999999,1,0.8558999999999999,6.0,inf
395,1,-0.5467729579882936,-2.1913164255372415,-0.6021143355913334,0.8558999999999999,1,0.8558999999999999,6.0,inf
395,2,-0.5467729579882936,-2.1913164255372415,-0.6021143355913334,0.8558999999999999,1,0.8558999999999999,6.0,inf
395,3,-0.5467729579882936,-2.1913164255372415,-0.6021143355913334,0.8558999999999999,1,0.8558999999999999,6.0,inf
395,4,-0.5467729579882936,-2.1913164255372415,-0.6021143355913334,0.8558999999999999,1,0.8558999999999999,6.0,inf
395,5,-0.5467729579882936,-2.1913164255372415,-0.6021143355913334,0.8558999999999999,1,0.8558999999999999,6.0,inf
396,0,-0.2892237742099848,1.2154860308566047,-0.5569494020438742,4.0493999999999994,1,4.0493999999999994,6.0,inf
396,1,-0.2892237742099848,1.2154860308566047,-0.5569494020438742,4.0493999999999994,1,4.0493999999999994,6.0,inf
396,2,-0.2892237742099848,1.2154860308566047,-0.5569494020438742,4.0493999999999994,1,4.0493999999999994,6.0,inf
396,3,-0.2892237742099848,1.2154860308566047,-0.5569494020438742,4.0493999999999994,1,4.0493999999999994,6.0,inf
396,4,-0.2892237742099848,1.2154860308566047,-0.5569494020438742,4.0493999999999994,1,4.0493999999999994,6.0,inf
396,5,-0.2892237742099848,1.2154860308566047,-0.5569494020438742,4.0493999999999994,1,4.0493999999999994,6.0,inf
397,0,-1.5535764950343074,-1.4350596358861993,-0.371860081099228,0.4674,1,0.4674,6.0,inf
397,1,-1.5535764950343074,-1.4350596358861993,-0.371860081099228,0.4674,1,0.4674,6.0,inf
397,2,-1.5535764950343074,-1.4350596358861993,-0.371860081099228,0.4674,1,0.4674,6.0,inf
397,3,-1.5535764950343074,-1.4350596358861993,-0.371860081099228,0.4674,1,0.4674,6.0,inf
397,4,-1.5535764950343074,-1.4350596358861993,-0.371860081099228,0.4674,1,0.4674,6.0,inf
397,5,-1.5535764950343074,-1.4350596358861993,-0.371860081099228,0.4674,1,0.4674,6.0,inf
398,0,0.5068402209109862,-1.6615127937707026,-0.2757900918947069,0.44909999999999994,1,0.44909999999999994,6.0,inf
398,1,0.5068402209109862,-1.6615127937707026,-0.2757900918947069,0.44909999999999994,1,0.44909999999999994,6.0,inf
398,2,0.5068402209109862,-1.6615127937707026,-0.2757900918947069,0.44909999999999994,1,0.44909999999999994,6.0,inf
398,3,0.5068402209109862,-1.6615127937707026,-0.2757900918947069,0.44909999999999994,1,0.44909999999999994,6.0,inf
398,4,0.5068402209109862,-1.6615127937707026,-0.2757900918947069,0.44909999999999994,1,0.44909999999999994,6.0,inf
398,5,0.5068402209109862,-1.6615127937707026,-0.2757900918947069,0.44909999999999994,1,0.44909999999999994,6.0,inf
399,0,0.2532723937341143,0.44942362059801716,-0.7352439488815873,2.4311999999999996,1,2.4311999999999996,6.0,inf
399,1,0.2532723937341143,0.44942362059801716,-0.7352439488815873,2.4311999999999996,1,2.4311999999999996,6.0,inf
399,2,0.2532723937341143,0.44942362059801716,-0.7352439488815873,2.4311999999999996,1,2.4311999999999996,6.0,inf
399,3,0.2532723937341143,0.44942362059801716,-0.7352439488815873,2.4311999999999996,1,2.4311999999999996,6.0,inf
399,4,0.2532723937341143,0.44942362059801716,-0.7352439488815873,2.4311999999999996,1,2.4311999999999996,6.0,inf
399,5,0.2532723937341143,0.44942362059801716,-0.7352439488815873,2.4311999999999996,1,2.4311999999999996,6.0,inf
400,0,-2.09184644594904,-1.3172005471753672,-2.236498554675755,0.9383999999999999,1,0.9383999999999999,6.0,inf
400,1,-2.09184644594904,-1.3172005471753672,-2.236498554675755,0.9383999999999999,1,0.9383999999999999,6.0,inf
400,2,-2.09184644594904,-1.3172005471753672,-2.236498554675755,0.9383999999999999,1,0.9383999999999999,6.0,inf
400,3,-2.09184644594904,-1.3172005471753672,-2.236498554675755,0.9383999999999999,1,0.9383999999999999,6.0,inf
400,4,-2.09184644594904,-1.3172005471753672,-2.236498554675755,0.9383999999999999,1,0.9383999999999999,6.0,inf
400,5,-2.09184644594904,-1.3172005471753672,-2.236498554675755,0.9383999999999999,1,0.9383999999999999,6.0,inf
401,0,0.13820717634250235,-0.2501258336727498,-1.308947737831507,3.6698999999999997,1,3.6698999999999997,6.0,inf
401,1,0.13820717634250235,-0.2501258336727498,-1.308947737831507,3.6698999999999997,1,3.6698999999999997,6.0,inf
401,2,0.13820717634250235,-0.2501258336727498,-1.308947737831507,3.6698999999999997,1,3.6698999999999997,6.0,inf
401,3,0.13820717634250235,-0.2501258336727498,-1.308947737831507,3.6698999999999997,1,3.6698999999999997,6.0,inf
401,4,0.13820717634250235,-0.2501258336727498,-1.308947737831507,3.6698999999999997,1,3.6698999999999997,6.0,inf
401,5,0.13820717634250235,-0.2501258336727498,-1.308947737831507,3.6698999999999997,1,3.6698999999999997,6.0,inf
402,0,-1.0950906765307502,0.9547368972926109,0.14311737248089035,5.0150999999999994,1,5.0150999999999994,6.0,inf
402,1,-1.0950906765307502,0.9547368972926109,0.14311737248089035,5.0150999999999994,1,5.0150999999999994,6.0,inf
402,2,-1.0950906765307502,0.9547368972926109,0.14311737248089035,5.0150999999999994,1,5.0150999999999994,6.0,inf
402,3,-1.0950906765307502,0.9547368972926109,0.14311737248089035,5.0150999999999994,1,5.0150999999999994,6.0,inf
402,4,-1.0950906765307502,0.9547368972926109,0.14311737248089035,5.0150999999999994,1,5.0150999999999994,6.0,inf
402,5,-1.0950906765307502,0.9547368972926109,0.14311737248089035,5.0150999999999994,1,5.0150999999999994,6.0,inf
403,0,1.1040996115482102,0.0568208877030012,0.7035767209245481,2.0090999999999997,1,2.0090999999999997,6.0,inf
403,1,1.1040996115482102,0.0568208877030012,0.7035767209245481,2.0090999999999997,1,2.0090999999999997,6.0,inf
403,2,1.1040996115482102,0.0568208877030012,0.7035767209245481,2.0090999999999997,1,2.0090999999999997,6.0,inf
403,3,1.1040996115482102,0.0568208877030012,0.7035767209245481,2.0090999999999997,1,2.0090999999999997,6.0,inf
403,4,1.1040996115482102,0.0568208877030012,0.7035767209245481,2.0090999999999997,1,2.0090999999999997,6.0,inf
403,5,1.1040996115482102,0.0568208877030012,0.7035767209245481,2.0090999999999997,1,2.0090999999999997,6.0,inf
404,0,-0.784163474615328,-0.2795864223799227,-0.04518606675638917,0.9399,1,0.9399,6.0,inf
404,1,-0.784163474615328,-0.2795864223799227,-0.04518606675638917,0.9399,1,0.9399,6.0,inf
404,2,-0.784163474615328,-0.2795864223799227,-0.04518606675638917,0.9399,1,0.9399,6.0,inf
404,3,-0.784163474615328,-0.2795864223799227,-0.04518606675638917,0.9399,1,0.9399,6.0,inf
404,4,-0.784163474615328,-0.2795864223799227,-0.04518606675638917,0.9399,1,0.9399,6.0,inf
404,5,-0.784163474615328,-0.2795864223799227,-0.04518606675638917,0.9399,1,0.9399,6.0,inf
405,0,-0.749360622358534,2.2003146971224092,-0.17157277240990598,0.7196999999999999,1,0.7196999999999999,6.0,inf
405,1,-0.749360622358534,2.2003146971224092,-0.17157277240990598,0.7196999999999999,1,0.7196999999999999,6.0,inf
405,2,-0.749360622358534,2.2003146971224092,-0.17157277240990598,0.7196999999999999,1,0.7196999999999999,6.0,inf
405,3,-0.749360622358534,2.2003146971224092,-0.17157277240990598,0.7196999999999999,1,0.7196999999999999,6.0,inf
405,4,-0.749360622358534,2.2003146971224092,-0.17157277240990598,0.7196999999999999,1,0.7196999999999999,6.0,inf
405,5,-0.749360622358534,2.2003146971224092,-0.17157277240990598,0.7196999999999999,1,0.7196999999999999,6.0,inf
406,0,1.0626267581907607,0.10696696413475189,1.1855805343946373,1.0506,1,1.0506,6.0,inf
406,1,1.0626267581907607,0.10696696413475189,1.1855805343946373,1.0506,1,1.0506,6.0,inf
406,2,1.0626267581907607,0.10696696413475189,1.1855805343946373,1.0506,1,1.0506,6.0,inf
406,3,1.0626267581907607,0.10696696413475189,1.1855805343946373,1.0506,1,1.0506,6.0,inf
406,4,1.0626267581907607,0.10696696413475189,1.1855805343946373,1.0506,1,1.0506,6.0,inf
406,5,1.0626267581907607,0.10696696413475189,1.1855805343946373,1.0506,1,1.0506,6.0,inf
407,0,-0.17115595256139096,1.5850259586688389,1.2375526320008168,1.5182999999999998,1,1.5182999999999998,6.0,inf
407,1,-0.17115595256139096,1.5850259586688389,1.2375526320008168,1.5182999999999998,1,1.5182999999999998,6.0,inf
407,2,-0.17115595256139096,1.5850259586688389,1.2375526320008168,1.5182999999999998,1,1.5182999999999998,6.0,inf
407,3,-0.17115595256139096,1.5850259586688389,1.2375526320008168,1.5182999999999998,1,1.5182999999999998,6.0,inf
407,4,-0.17115595256139096,1.5850259586688389,1.2375526320008168,1.5182999999999998,1,1.5182999999999998,6.0,inf
407,5,-0.17115595256139096,1.5850259586688389,1.2375526320008168,1.5182999999999998,1,1.5182999999999998,6.0,inf
408,0,1.189703882618994,-0.7157276622637444,0.2992780154665695,0.6495,1,0.6495,6.0,inf
408,1,1.189703882618994,-0.7157276622637444,0.2992780154665695,0.6495,1,0.6495,6.0,inf
408,2,1.189703882618994,-0.7157276622637444,0.2992780154665695,0.6495,1,0.6495,6.0,inf
408,3,1.189703882618994,-0.7157276622637444,0.2992780154665695,0.6495,1,0.6495,6.0,inf
408,4,1.189703882618994,-0.7157276622637444,0.2992780154665695,0.6495,1,0.6495,6.0,inf
408,5,1.189703882618994,-0.7157276622637444,0.2992780154665695,0.6495,1,0.6495,6.0,inf
409,0,1.3103580084334439,-0.6738161329003849,-0.5538478572749748,1.6727999999999998,1,1.6727999999999998,6.0,inf
409,1,1.3103580084334439,-0.6738161329003849,-0.5538478572749748,1.6727999999999998,1,1.6727999999999998,6.0,inf
409,2,1.3103580084334439,-0.6738161329003849,-0.5538478572749748,1.6727999999999998,1,1.6727999999999998,6.0,inf
409,3,1.3103580084334439,-0.6738161329003849,-0.5538478572749748,1.6727999999999998,1,1.6727999999999998,6.0,inf
409,4,1.3103580084334439,-0.6738161329003849,-0.5538478572749748,1.6727999999999998,1,1.6727999999999998,6.0,inf
409,5,1.3103580084334439,-0.6738161329003849,-0.5538478572749748,1.6727999999999998,1,1.6727999999999998,6.0,inf
410,0,-1.0475305322857575,-0.924180525038963,-1.9842279445486097,0.19979999999999998,1,0.19979999999999998,6.0,inf
410,1,-1.0475305322857575,-0.924180525038963,-1.9842279445486097,0.19979999999999998,1,0.19979999999999998,6.0,inf
410,2,-1.0475305322857575,-0.924180525038963,-1.9842279445486097,0.19979999999999998,1,0.19979999999999998,6.0,inf
410,3,-1.0475305322857575,-0.924180525038963,-1.9842279445486097,0.19979999999999998,1,0.19979999999999998,6.0,inf
410,4,-1.0475305322857575,-0.924180525038963,-1.9842279445486097,0.19979999999999998,1,0.19979999999999998,6.0,inf
410,5,-1.0475305322857575,-0.924180525038963,-1.9842279445486097,0.19979999999999998,1,0.19979999999999998,6.0,inf
411,0,-1.490821311860583,0.9126601158663584,-0.6555301521405843,4.525799999999999,1,4.525799999999999,6.0,inf
411,1,-1.490821311860583,0.9126601158663584,-0.6555301521405843,4.525799999999999,1,4.525799999999999,6.0,inf
411,2,-1.490821311860583,0.9126601158663584,-0.6555301521405843,4.525799999999999,1,4.525799999999999,6.0,inf
411,3,-1.490821311860583,0.9126601158663584,-0.6555301521405843,4.525799999999999,1,4.525799999999999,6.0,inf
411,4,-1.490821311860583,0.9126601158663584,-0.6555301521405843,4.525799999999999,1,4.525799999999999,6.0,inf
411,5,-1.490821311860583,0.9126601158663584,-0.6555301521405843,4.525799999999999,1,4.525799999999999,6.0,inf
412,0,-1.0584582618032778,-0.44405414184689884,-0.40933418873311633,6.0,0,7.534199999999999,6.0,inf
412,1,-1.0584582618032778,-0.44405414184689884,-0.40933418873311633,6.0,0,7.534199999999999,6.0,inf
412,2,-1.0584582618032778,-0.44405414184689884,-0.40933418873311633,6.0,0,7.534199999999999,6.0,inf
412,3,-1.0584582618032778,-0.44405414184689884,-0.40933418873311633,6.0,0,7.534199999999999,6.0,inf
412,4,-1.0584582618032778,-0.44405414184689884,-0.40933418873311633,6.0,0,7.534199999999999,6.0,inf
412,5,-1.0584582618032778,-0.44405414184689884,-0.40933418873311633,6.0,0,7.534199999999999,6.0,inf
413,0,-1.4201893144761786,-0.4584752820774779,-0.4146582307877079,0.8333999999999999,1,0.8333999999999999,6.0,inf
413,1,-1.4201893144761786,-0.4584752820774779,-0.4146582307877079,0.8333999999999999,1,0.8333999999999999,6.0,inf
413,2,-1.4201893144761786,-0.4584752820774779,-0.4146582307877079,0.8333999999999999,1,0.8333999999999999,6.0,inf
413,3,-1.4201893144761786,-0.4584752820774779,-0.4146582307877079,0.8333999999999999,1,0.8333999999999999,6.0,inf
413,4,-1.4201893144761786,-0.4584752820774779,-0.4146582307877079,0.8333999999999999,1,0.8333999999999999,6.0,inf
413,5,-1.4201893144761786,-0.4584752820774779,-0.4146582307877079,0.8333999999999999,1,0.8333999999999999,6.0,inf
414,0,-0.7718015680718552,-0.09533417846538078,-0.25276878572975936,0.33569999999999994,1,0.33569999999999994,6.0,inf
414,1,-0.7718015680718552,-0.09533417846538078,-0.25276878572975936,0.33569999999999994,1,0.33569999999999994,6.0,inf
414,2,-0.7718015680718552,-0.09533417846538078,-0.25276878572975936,0.33569999999999994,1,0.33569999999999994,6.0,inf
414,3,-0.7718015680718552,-0.09533417846538078,-0.25276878572975936,0.33569999999999994,1,0.33569999999999994,6.0,inf
414,4,-0.7718015680718552,-0.09533417846538078,-0.25276878572975936,0.33569999999999994,1,0.33569999999999994,6.0,inf
414,5,-0.7718015680718552,-0.09533417846538078,-0.25276878572975936,0.33569999999999994,1,0.33569999999999994,6.0,inf
415,0,0.630594196406939,-0.340586004296999,-1.7062587391160213,4.142399999999999,1,4.142399999999999,6.0,inf
415,1,0.630594196406939,-0.340586004296999,-1.7062587391160213,4.142399999999999,1,4.142399999999999,6.0,inf
415,2,0.630594196406939,-0.340586004296999,-1.7062587391160213,4.142399999999999,1,4.142399999999999,6.0,inf
415,3,0.630594196406939,-0.340586004296999,-1.7062587391160213,4.142399999999999,1,4.142399999999999,6.0,inf
415,4,0.630594196406939,-0.340586004296999,-1.7062587391160213,4.142399999999999,1,4.142399999999999,6.0,inf
415,5,0.630594196406939,-0.340586004296999,-1.7062587391160213,4.142399999999999,1,4.142399999999999,6.0,inf
416,0,-0.34757941436109524,-0.5060544480252078,-0.235965012196153,1.4327999999999999,1,1.4327999999999999,6.0,inf
416,1,-0.34757941436109524,-0.5060544480252078,-0.235965012196153,1.4327999999999999,1,1.4327999999999999,6.0,inf
416,2,-0.34757941436109524,-0.5060544480252078,-0.235965012196153,1.4327999999999999,1,1.4327999999999999,6.0,inf
416,3,-0.34757941436109524,-0.5060544480252078,-0.235965012196153,1.4327999999999999,1,1.4327999999999999,6.0,inf
416,4,-0.34757941436109524,-0.5060544480252078,-0.235965012196153,1.4327999999999999,1,1.4327999999999999,6.0,inf
416,5,-0.34757941436109524,-0.5060544480252078,-0.235965012196153,1.4327999999999999,1,1.4327999999999999,6.0,inf
417,0,-0.298438571137163,1.091667035718611,2.9100415291085397,1.6655999999999997,1,1.6655999999999997,6.0,inf
417,1,-0.298438571137163,1.091667035718611,2.9100415291085397,1.6655999999999997,1,1.6655999999999997,6.0,inf
417,2,-0.298438571137163,1.091667035718611,2.9100415291085397,1.6655999999999997,1,1.6655999999999997,6.0,inf
417,3,-0.298438571137163,1.091667035718611,2.9100415291085397,1.6655999999999997,1,1.6655999999999997,6.0,inf
417,4,-0.298438571137163,1.091667035718611,2.9100415291085397,1.6655999999999997,1,1.6655999999999997,6.0,inf
417,5,-0.298438571137163,1.091667035718611,2.9100415291085397,1.6655999999999997,1,1.6655999999999997,6.0,inf
418,0,-0.02745742292702942,1.9321420764712811,1.7835772558046101,2.8286999999999995,1,2.8286999999999995,6.0,inf
418,1,-0.02745742292702942,1.9321420764712811,1.7835772558046101,2.8286999999999995,1,2.8286999999999995,6.0,inf
418,2,-0.02745742292702942,1.9321420764712811,1.7835772558046101,2.8286999999999995,1,2.8286999999999995,6.0,inf
418,3,-0.02745742292702942,1.9321420764712811,1.7835772558046101,2.8286999999999995,1,2.8286999999999995,6.0,inf
418,4,-0.02745742292702942,1.9321420764712811,1.7835772558046101,2.8286999999999995,1,2.8286999999999995,6.0,inf
418,5,-0.02745742292702942,1.9321420764712811,1.7835772558046101,2.8286999999999995,1,2.8286999999999995,6.0,inf
419,0,0.20650661433273598,0.0977147777055729,0.10574146738728683,0.6324,1,0.6324,6.0,inf
419,1,0.20650661433273598,0.0977147777055729,0.10574146738728683,0.6324,1,0.6324,6.0,inf
419,2,0.20650661433273598,0.0977147777055729,0.10574146738728683,0.6324,1,0.6324,6.0,inf
419,3,0.20650661433273598,0.0977147777055729,0.10574146738728683,0.6324,1,0.6324,6.0,inf
419,4,0.20650661433273598,0.0977147777055729,0.10574146738728683,0.6324,1,0.6324,6.0,inf
419,5,0.20650661433273598,0.0977147777055729,0.10574146738728683,0.6324,1,0.6324,6.0,inf
420,0,-0.03593467071855729,0.02616180449830192,0.6600684411406359,2.5088999999999997,1,2.5088999999999997,6.0,inf
420,1,-0.03593467071855729,0.02616180449830192,0.6600684411406359,2.5088999999999997,1,2.5088999999999997,6.0,inf
420,2,-0.03593467071855729,0.02616180449830192,0.6600684411406359,2.5088999999999997,1,2.5088999999999997,6.0,inf
420,3,-0.03593467071855729,0.02616180449830192,0.6600684411406359,2.5088999999999997,1,2.5088999999999997,6.0,inf
420,4,-0.03593467071855729,0.02616180449830192,0.6600684411406359,2.5088999999999997,1,2.5088999999999997,6.0,inf
420,5,-0.03593467071855729,0.02616180449830192,0.6600684411406359,2.5088999999999997,1,2.5088999999999997,6.0,inf
421,0,0.17714358461616223,-0.6915212221783592,-0.4257322880629809,1.5123,1,1.5123,6.0,inf
421,1,0.17714358461616223,-0.6915212221783592,-0.4257322880629809,1.5123,1,1.5123,6.0,inf
421,2,0.17714358461616223,-0.6915212221783592,-0.4257322880629809,1.5123,1,1.5123,6.0,inf
421,3,0.17714358461616223,-0.6915212221783592,-0.4257322880629809,1.5123,1,1.5123,6.0,inf
421,4,0.17714358461616223,-0.6915212221783592,-0.4257322880629809,1.5123,1,1.5123,6.0,inf
421,5,0.17714358461616223,-0.6915212221783592,-0.4257322880629809,1.5123,1,1.5123,6.0,inf
422,0,1.1862761153563177,0.20151051905554387,-1.9093703489817466,3.1193999999999997,1,3.1193999999999997,6.0,inf
422,1,1.1862761153563177,0.20151051905554387,-1.9093703489817466,3.1193999999999997,1,3.1193999999999997,6.0,inf
422,2,1.1862761153563177,0.20151051905554387,-1.9093703489817466,3.1193999999999997,1,3.1193999999999997,6.0,inf
422,3,1.1862761153563177,0.20151051905554387,-1.9093703489817466,3.1193999999999997,1,3.1193999999999997,6.0,inf
422,4,1.1862761153563177,0.20151051905554387,-1.9093703489817466,3.1193999999999997,1,3.1193999999999997,6.0,inf
422,5,1.1862761153563177,0.20151051905554387,-1.9093703489817466,3.1193999999999997,1,3.1193999999999997,6.0,inf
423,0,1.6418214745865385,-0.7917960215614974,-0.6399522495762038,0.5061,1,0.5061,6.0,inf
423,1,1.6418214745865385,-0.7917960215614974,-0.6399522495762038,0.5061,1,0.5061,6.0,inf
423,2,1.6418214745865385,-0.7917960215614974,-0.6399522495762038,0.5061,1,0.5061,6.0,inf
423,3,1.6418214745865385,-0.7917960215614974,-0.6399522495762038,0.5061,1,0.5061,6.0,inf
423,4,1.6418214745865385,-0.7917960215614974,-0.6399522495762038,0.5061,1,0.5061,6.0,inf
423,5,1.6418214745865385,-0.7917960215614974,-0.6399522495762038,0.5061,1,0.5061,6.0,inf
424,0,0.056568274223022505,-0.49124371553677515,-1.2781559310871575,3.2057999999999995,1,3.2057999999999995,6.0,inf
424,1,0.056568274223022505,-0.49124371553677515,-1.2781559310871575,3.2057999999999995,1,3.2057999999999995,6.0,inf
424,2,0.056568274223022505,-0.49124371553677515,-1.2781559310871575,3.2057999999999995,1,3.2057999999999995,6.0,inf
424,3,0.056568274223022505,-0.49124371553677515,-1.2781559310871575,3.2057999999999995,1,3.2057999999999995,6.0,inf
424,4,0.056568274223022505,-0.49124371553677515,-1.2781559310871575,3.2057999999999995,1,3.2057999999999995,6.0,inf
424,5,0.056568274223022505,-0.49124371553677515,-1.2781559310871575,3.2057999999999995,1,3.2057999999999995,6.0,inf
425,0,-0.37759548277312516,0.7965780988960386,0.15665460995197084,6.0,0,6.879899999999999,6.0,inf
425,1,-0.37759548277312516,0.7965780988960386,0.15665460995197084,6.0,0,6.879899999999999,6.0,inf
425,2,-0.37759548277312516,0.7965780988960386,0.15665460995197084,6.0,0,6.879899999999999,6.0,inf
425,3,-0.37759548277312516,0.7965780988960386,0.15665460995197084,6.0,0,6.879899999999999,6.0,inf
425,4,-0.37759548277312516,0.7965780988960386,0.15665460995197084,6.0,0,6.879899999999999,6.0,inf
425,5,-0.37759548277312516,0.7965780988960386,0.15665460995197084,6.0,0,6.879899999999999,6.0,inf
426,0,-2.283850934717158,1.3237438163128699,1.6104406542454297,1.7265,1,1.7265,6.0,inf
426,1,-2.283850934717158,1.3237438163128699,1.6104406542454297,1.7265,1,1.7265,6.0,inf
426,2,-2.283850934717158,1.3237438163128699,1.6104406542454297,1.7265,1,1.7265,6.0,inf
426,3,-2.283850934717158,1.3237438163128699,1.6104406542454297,1.7265,1,1.7265,6.0,inf
426,4,-2.283850934717158,1.3237438163128699,1.6104406542454297,1.7265,1,1.7265,6.0,inf
426,5,-2.283850934717158,1.3237438163128699,1.6104406542454297,1.7265,1,1.7265,6.0,inf
427,0,0.04978058209251634,-0.8679265331168866,-0.8788532503914407,2.5911,1,2.5911,6.0,inf
427,1,0.04978058209251634,-0.8679265331168866,-0.8788532503914407,2.5911,1,2.5911,6.0,inf
427,2,0.04978058209251634,-0.8679265331168866,-0.8788532503914407,2.5911,1,2.5911,6.0,inf
427,3,0.04978058209251634,-0.8679265331168866,-0.8788532503914407,2.5911,1,2.5911,6.0,inf
427,4,0.04978058209251634,-0.8679265331168866,-0.8788532503914407,2.5911,1,2.5911,6.0,inf
427,5,0.04978058209251634,-0.8679265331168866,-0.8788532503914407,2.5911,1,2.5911,6.0,inf
428,0,1.4755587094289604,2.1377208424719947,-0.9108467763985548,2.2241999999999997,1,2.2241999999999997,6.0,inf
428,1,1.4755587094289604,2.1377208424719947,-0.9108467763985548,2.2241999999999997,1,2.2241999999999997,6.0,inf
428,2,1.4755587094289604,2.1377208424719947,-0.9108467763985548,2.2241999999999997,1,2.2241999999999997,6.0,inf
428,3,1.4755587094289604,2.1377208424719947,-0.9108467763985548,2.2241999999999997,1,2.2241999999999997,6.0,inf
428,4,1.4755587094289604,2.1377208424719947,-0.9108467763985548,2.2241999999999997,1,2.2241999999999997,6.0,inf
428,5,1.4755587094289604,2.1377208424719947,-0.9108467763985548,2.2241999999999997,1,2.2241999999999997,6.0,inf
429,0,0.09614966104628242,-0.2974107368738005,0.09157485752488635,2.7171,1,2.7171,6.0,inf
429,1,0.09614966104628242,-0.2974107368738005,0.09157485752488635,2.7171,1,2.7171,6.0,inf
429,2,0.09614966104628242,-0.2974107368738005,0.09157485752488635,2.7171,1,2.7171,6.0,inf
429,3,0.09614966104628242,-0.2974107368738005,0.09157485752488635,2.7171,1,2.7171,6.0,inf
429,4,0.09614966104628242,-0.2974107368738005,0.09157485752488635,2.7171,1,2.7171,6.0,inf
429,5,0.09614966104628242,-0.2974107368738005,0.09157485752488635,2.7171,1,2.7171,6.0,inf
430,0,0.6587361554625253,-0.5856199502336659,0.39732518071296075,2.3112,1,2.3112,6.0,inf
430,1,0.6587361554625253,-0.5856199502336659,0.39732518071296075,2.3112,1,2.3112,6.0,inf
430,2,0.6587361554625253,-0.5856199502336659,0.39732518071296075,2.3112,1,2.3112,6.0,inf
430,3,0.6587361554625253,-0.5856199502336659,0.39732518071296075,2.3112,1,2.3112,6.0,inf
430,4,0.6587361554625253,-0.5856199502336659,0.39732518071296075,2.3112,1,2.3112,6.0,inf
430,5,0.6587361554625253,-0.5856199502336659,0.39732518071296075,2.3112,1,2.3112,6.0,inf
431,0,0.41995349778828805,-0.2126948278512392,1.0250489318769842,1.9670999999999998,1,1.9670999999999998,6.0,inf
431,1,0.41995349778828805,-0.2126948278512392,1.0250489318769842,1.9670999999999998,1,1.9670999999999998,6.0,inf
431,2,0.41995349778828805,-0.2126948278512392,1.0250489318769842,1.9670999999999998,1,1.9670999999999998,6.0,inf
431,3,0.41995349778828805,-0.2126948278512392,1.0250489318769842,1.9670999999999998,1,1.9670999999999998,6.0,inf
431,4,0.41995349778828805,-0.2126948278512392,1.0250489318769842,1.9670999999999998,1,1.9670999999999998,6.0,inf
431,5,0.41995349778828805,-0.2126948278512392,1.0250489318769842,1.9670999999999998,1,1.9670999999999998,6.0,inf
432,0,-0.6057900615161923,-1.1285125459492082,1.5271203042483086,1.0034999999999998,1,1.0034999999999998,6.0,inf
432,1,-0.6057900615161923,-1.1285125459492082,1.5271203042483086,1.0034999999999998,1,1.0034999999999998,6.0,inf
432,2,-0.6057900615161923,-1.1285125459492082,1.5271203042483086,1.0034999999999998,1,1.0034999999999998,6.0,inf
432,3,-0.6057900615161923,-1.1285125459492082,1.5271203042483086,1.0034999999999998,1,1.0034999999999998,6.0,inf
432,4,-0.6057900615161923,-1.1285125459492082,1.5271203042483086,1.0034999999999998,1,1.0034999999999998,6.0,inf
432,5,-0.6057900615161923,-1.1285125459492082,1.5271203042483086,1.0034999999999998,1,1.0034999999999998,6.0,inf
433,0,-0.19471657437681944,-0.9248149046305568,-0.597482127386083,2.1443999999999996,1,2.1443999999999996,6.0,inf
433,1,-0.19471657437681944,-0.9248149046305568,-0.597482127386083,2.1443999999999996,1,2.1443999999999996,6.0,inf
433,2,-0.19471657437681944,-0.9248149046305568,-0.597482127386083,2.1443999999999996,1,2.1443999999999996,6.0,inf
433,3,-0.19471657437681944,-0.9248149046305568,-0.597482127386083,2.1443999999999996,1,2.1443999999999996,6.0,inf
433,4,-0.19471657437681944,-0.9248149046305568,-0.597482127386083,2.1443999999999996,1,2.1443999999999996,6.0,inf
433,5,-0.19471657437681944,-0.9248149046305568,-0.597482127386083,2.1443999999999996,1,2.1443999999999996,6.0,inf
434,0,-2.334646983404602,-0.2553599492478951,0.23050167723757695,1.248,1,1.248,6.0,inf
434,1,-2.334646983404602,-0.2553599492478951,0.23050167723757695,1.248,1,1.248,6.0,inf
434,2,-2.334646983404602,-0.2553599492478951,0.23050167723757695,1.248,1,1.248,6.0,inf
434,3,-2.334646983404602,-0.2553599492478951,0.23050167723757695,1.248,1,1.248,6.0,inf
434,4,-2.334646983404602,-0.2553599492478951,0.23050167723757695,1.248,1,1.248,6.0,inf
434,5,-2.334646983404602,-0.2553599492478951,0.23050167723757695,1.248,1,1.248,6.0,inf
435,0,2.397591177522507,1.765322894102629,0.5120319700384331,2.1224999999999996,1,2.1224999999999996,6.0,inf
435,1,2.397591177522507,1.765322894102629,0.5120319700384331,2.1224999999999996,1,2.1224999999999996,6.0,inf
435,2,2.397591177522507,1.765322894102629,0.5120319700384331,2.1224999999999996,1,2.1224999999999996,6.0,inf
435,3,2.397591177522507,1.765322894102629,0.5120319700384331,2.1224999999999996,1,2.1224999999999996,6.0,inf
435,4,2.397591177522507,1.765322894102629,0.5120319700384331,2.1224999999999996,1,2.1224999999999996,6.0,inf
435,5,2.397591177522507,1.765322894102629,0.5120319700384331,2.1224999999999996,1,2.1224999999999996,6.0,inf
436,0,1.042035215120103,0.8671322798316,-0.938794418633352,4.6818,1,4.6818,6.0,inf
436,1,1.042035215120103,0.8671322798316,-0.938794418633352,4.6818,1,4.6818,6.0,inf
436,2,1.042035215120103,0.8671322798316,-0.938794418633352,4.6818,1,4.6818,6.0,inf
436,3,1.042035215120103,0.8671322798316,-0.938794418633352,4.6818,1,4.6818,6.0,inf
436,4,1.042035215120103,0.8671322798316,-0.938794418633352,4.6818,1,4.6818,6.0,inf
436,5,1.042035215120103,0.8671322798316,-0.938794418633352,4.6818,1,4.6818,6.0,inf
437,0,1.1905752589869454,2.8395449505372974,-0.42129628896654814,4.445399999999999,1,4.445399999999999,6.0,inf
437,1,1.1905752589869454,2.8395449505372974,-0.42129628896654814,4.445399999999999,1,4.445399999999999,6.0,inf
437,2,1.1905752589869454,2.8395449505372974,-0.42129628896654814,4.445399999999999,1,4.445399999999999,6.0,inf
437,3,1.1905752589869454,2.8395449505372974,-0.42129628896654814,4.445399999999999,1,4.445399999999999,6.0,inf
437,4,1.1905752589869454,2.8395449505372974,-0.42129628896654814,4.445399999999999,1,4.445399999999999,6.0,inf
437,5,1.1905752589869454,2.8395449505372974,-0.42129628896654814,4.445399999999999,1,4.445399999999999,6.0,inf
438,0,-0.13363364732830854,-0.4370933461173768,0.5639359322862719,1.1316,1,1.1316,6.0,inf
438,1,-0.13363364732830854,-0.4370933461173768,0.5639359322862719,1.1316,1,1.1316,6.0,inf
438,2,-0.13363364732830854,-0.4370933461173768,0.5639359322862719,1.1316,1,1.1316,6.0,inf
438,3,-0.13363364732830854,-0.4370933461173768,0.5639359322862719,1.1316,1,1.1316,6.0,inf
438,4,-0.13363364732830854,-0.4370933461173768,0.5639359322862719,1.1316,1,1.1316,6.0,inf
438,5,-0.13363364732830854,-0.4370933461173768,0.5639359322862719,1.1316,1,1.1316,6.0,inf
439,0,0.2537160624340153,0.9435320720236245,0.6283666504140943,1.0172999999999999,1,1.0172999999999999,6.0,inf
439,1,0.2537160624340153,0.9435320720236245,0.6283666504140943,1.0172999999999999,1,1.0172999999999999,6.0,inf
439,2,0.2537160624340153,0.9435320720236245,0.6283666504140943,1.0172999999999999,1,1.0172999999999999,6.0,inf
439,3,0.2537160624340153,0.9435320720236245,0.6283666504140943,1.0172999999999999,1,1.0172999999999999,6.0,inf
439,4,0.2537160624340153,0.9435320720236245,0.6283666504140943,1.0172999999999999,1,1.0172999999999999,6.0,inf
439,5,0.2537160624340153,0.9435320720236245,0.6283666504140943,1.0172999999999999,1,1.0172999999999999,6.0,inf
440,0,0.19625755951692725,0.9862752579572402,0.5230599050491291,1.2084,1,1.2084,6.0,inf
440,1,0.19625755951692725,0.9862752579572402,0.5230599050491291,1.2084,1,1.2084,6.0,inf
440,2,0.19625755951692725,0.9862752579572402,0.5230599050491291,1.2084,1,1.2084,6.0,inf
440,3,0.19625755951692725,0.9862752579572402,0.5230599050491291,1.2084,1,1.2084,6.0,inf
440,4,0.19625755951692725,0.9862752579572402,0.5230599050491291,1.2084,1,1.2084,6.0,inf
440,5,0.19625755951692725,0.9862752579572402,0.5230599050491291,1.2084,1,1.2084,6.0,inf
441,0,-0.6644437703383023,0.507023471171588,0.30166802233538087,1.4939999999999998,1,1.4939999999999998,6.0,inf
441,1,-0.6644437703383023,0.507023471171588,0.30166802233538087,1.4939999999999998,1,1.4939999999999998,6.0,inf
441,2,-0.6644437703383023,0.507023471171588,0.30166802233538087,1.4939999999999998,1,1.4939999999999998,6.0,inf
441,3,-0.6644437703383023,0.507023471171588,0.30166802233538087,1.4939999999999998,1,1.4939999999999998,6.0,inf
441,4,-0.6644437703383023,0.507023471171588,0.30166802233538087,1.4939999999999998,1,1.4939999999999998,6.0,inf
441,5,-0.6644437703383023,0.507023471171588,0.30166802233538087,1.4939999999999998,1,1.4939999999999998,6.0,inf
442,0,0.8214063588826461,1.3683697714144754,-1.2080904444934923,0.36239999999999994,1,0.36239999999999994,6.0,inf
442,1,0.8214063588826461,1.3683697714144754,-1.2080904444934923,0.36239999999999994,1,0.36239999999999994,6.0,inf
442,2,0.8214063588826461,1.3683697714144754,-1.2080904444934923,0.36239999999999994,1,0.36239999999999994,6.0,inf
442,3,0.8214063588826461,1.3683697714144754,-1.2080904444934923,0.36239999999999994,1,0.36239999999999994,6.0,inf
442,4,0.8214063588826461,1.3683697714144754,-1.2080904444934923,0.36239999999999994,1,0.36239999999999994,6.0,inf
442,5,0.8214063588826461,1.3683697714144754,-1.2080904444934923,0.36239999999999994,1,0.36239999999999994,6.0,inf
443,0,-0.5334998330296868,-1.2623270890487552,0.5310653881025899,0.5015999999999999,1,0.5015999999999999,6.0,inf
443,1,-0.5334998330296868,-1.2623270890487552,0.5310653881025899,0.5015999999999999,1,0.5015999999999999,6.0,inf
443,2,-0.5334998330296868,-1.2623270890487552,0.5310653881025899,0.5015999999999999,1,0.5015999999999999,6.0,inf
443,3,-0.5334998330296868,-1.2623270890487552,0.5310653881025899,0.5015999999999999,1,0.5015999999999999,6.0,inf
443,4,-0.5334998330296868,-1.2623270890487552,0.5310653881025899,0.5015999999999999,1,0.5015999999999999,6.0,inf
443,5,-0.5334998330296868,-1.2623270890487552,0.5310653881025899,0.5015999999999999,1,0.5015999999999999,6.0,inf
444,0,2.3524707082490903,-0.19733306566889822,1.9377310147370832,1.3802999999999999,1,1.3802999999999999,6.0,inf
444,1,2.3524707082490903,-0.19733306566889822,1.9377310147370832,1.3802999999999999,1,1.3802999999999999,6.0,inf
444,2,2.3524707082490903,-0.19733306566889822,1.9377310147370832,1.3802999999999999,1,1.3802999999999999,6.0,inf
444,3,2.3524707082490903,-0.19733306566889822,1.9377310147370832,1.3802999999999999,1,1.3802999999999999,6.0,inf
444,4,2.3524707082490903,-0.19733306566889822,1.9377310147370832,1.3802999999999999,1,1.3802999999999999,6.0,inf
444,5,2.3524707082490903,-0.19733306566889822,1.9377310147370832,1.3802999999999999,1,1.3802999999999999,6.0,inf
445,0,-0.3324338711034779,-1.5275654338566476,1.5172514420099315,1.0089,1,1.0089,6.0,inf
445,1,-0.3324338711034779,-1.5275654338566476,1.5172514420099315,1.0089,1,1.0089,6.0,inf
445,2,-0.3324338711034779,-1.5275654338566476,1.5172514420099315,1.0089,1,1.0089,6.0,inf
445,3,-0.3324338711034779,-1.5275654338566476,1.5172514420099315,1.0089,1,1.0089,6.0,inf
445,4,-0.3324338711034779,-1.5275654338566476,1.5172514420099315,1.0089,1,1.0089,6.0,inf
445,5,-0.3324338711034779,-1.5275654338566476,1.5172514420099315,1.0089,1,1.0089,6.0,inf
446,0,1.0919705302209477,0.44032198838375963,0.790082384356878,1.2081,1,1.2081,6.0,inf
446,1,1.0919705302209477,0.44032198838375963,0.790082384356878,1.2081,1,1.2081,6.0,inf
446,2,1.0919705302209477,0.44032198838375963,0.790082384356878,1.2081,1,1.2081,6.0,inf
446,3,1.0919705302209477,0.44032198838375963,0.790082384356878,1.2081,1,1.2081,6.0,inf
446,4,1.0919705302209477,0.44032198838375963,0.790082384356878,1.2081,1,1.2081,6.0,inf
446,5,1.0919705302209477,0.44032198838375963,0.790082384356878,1.2081,1,1.2081,6.0,inf
447,0,-0.6932876145759296,0.42248089843223574,-0.07686628941368592,0.7736999999999999,1,0.7736999999999999,6.0,inf
447,1,-0.6932876145759296,0.42248089843223574,-0.07686628941368592,0.7736999999999999,1,0.7736999999999999,6.0,inf
447,2,-0.6932876145759296,0.42248089843223574,-0.07686628941368592,0.7736999999999999,1,0.7736999999999999,6.0,inf
447,3,-0.6932876145759296,0.42248089843223574,-0.07686628941368592,0.7736999999999999,1,0.7736999999999999,6.0,inf
447,4,-0.6932876145759296,0.42248089843223574,-0.07686628941368592,0.7736999999999999,1,0.7736999999999999,6.0,inf
447,5,-0.6932876145759296,0.42248089843223574,-0.07686628941368592,0.7736999999999999,1,0.7736999999999999,6.0,inf
448,0,-1.6522874350245567,-0.8461250716738024,-1.089219773748519,3.5414999999999996,1,3.5414999999999996,6.0,inf
448,1,-1.6522874350245567,-0.8461250716738024,-1.089219773748519,3.5414999999999996,1,3.5414999999999996,6.0,inf
448,2,-1.6522874350245567,-0.8461250716738024,-1.089219773748519,3.5414999999999996,1,3.5414999999999996,6.0,inf
448,3,-1.6522874350245567,-0.8461250716738024,-1.089219773748519,3.5414999999999996,1,3.5414999999999996,6.0,inf
448,4,-1.6522874350245567,-0.8461250716738024,-1.089219773748519,3.5414999999999996,1,3.5414999999999996,6.0,inf
448,5,-1.6522874350245567,-0.8461250716738024,-1.089219773748519,3.5414999999999996,1,3.5414999999999996,6.0,inf
449,0,-1.6776643053984694,-0.20070767691815522,0.30952885503893474,0.5933999999999999,1,0.5933999999999999,6.0,inf
449,1,-1.6776643053984694,-0.20070767691815522,0.30952885503893474,0.5933999999999999,1,0.5933999999999999,6.0,inf
449,2,-1.6776643053984694,-0.20070767691815522,0.30952885503893474,0.5933999999999999,1,0.5933999999999999,6.0,inf
449,3,-1.6776643053984694,-0.20070767691815522,0.30952885503893474,0.5933999999999999,1,0.5933999999999999,6.0,inf
449,4,-1.6776643053984694,-0.20070767691815522,0.30952885503893474,0.5933999999999999,1,0.5933999999999999,6.0,inf
449,5,-1.6776643053984694,-0.20070767691815522,0.30952885503893474,0.5933999999999999,1,0.5933999999999999,6.0,inf
450,0,0.5394278233212527,-1.2797836530701332,0.6853675677143356,1.2261,1,1.2261,6.0,inf
450,1,0.5394278233212527,-1.2797836530701332,0.6853675677143356,1.2261,1,1.2261,6.0,inf
450,2,0.5394278233212527,-1.2797836530701332,0.6853675677143356,1.2261,1,1.2261,6.0,inf
450,3,0.5394278233212527,-1.2797836530701332,0.6853675677143356,1.2261,1,1.2261,6.0,inf
450,4,0.5394278233212527,-1.2797836530701332,0.6853675677143356,1.2261,1,1.2261,6.0,inf
450,5,0.5394278233212527,-1.2797836530701332,0.6853675677143356,1.2261,1,1.2261,6.0,inf
451,0,-0.33446626177455485,0.7927018142238814,-0.46133453215834636,6.0,0,8.0001,6.0,inf
451,1,-0.33446626177455485,0.7927018142238814,-0.46133453215834636,6.0,0,8.0001,6.0,inf
451,2,-0.33446626177455485,0.7927018142238814,-0.46133453215834636,6.0,0,8.0001,6.0,inf
451,3,-0.33446626177455485,0.7927018142238814,-0.46133453215834636,6.0,0,8.0001,6.0,inf
451,4,-0.33446626177455485,0.7927018142238814,-0.46133453215834636,6.0,0,8.0001,6.0,inf
451,5,-0.33446626177455485,0.7927018142238814,-0.46133453215834636,6.0,0,8.0001,6.0,inf
452,0,2.854600660646506,-0.5000387206327068,0.9773594585832891,2.0732999999999997,1,2.0732999999999997,6.0,inf
452,1,2.854600660646506,-0.5000387206327068,0.9773594585832891,2.0732999999999997,1,2.0732999999999997,6.0,inf
452,2,2.854600660646506,-0.5000387206327068,0.9773594585832891,2.0732999999999997,1,2.0732999999999997,6.0,inf
452,3,2.854600660646506,-0.5000387206327068,0.9773594585832891,2.0732999999999997,1,2.0732999999999997,6.0,inf
452,4,2.854600660646506,-0.5000387206327068,0.9773594585832891,2.0732999999999997,1,2.0732999999999997,6.0,inf
452,5,2.854600660646506,-0.5000387206327068,0.9773594585832891,2.0732999999999997,1,2.0732999999999997,6.0,inf
453,0,-0.7239314101818494,0.12574445736051204,1.13788832653618,1.0767,1,1.0767,6.0,inf
453,1,-0.7239314101818494,0.12574445736051204,1.13788832653618,1.0767,1,1.0767,6.0,inf
453,2,-0.7239314101818494,0.12574445736051204,1.13788832653618,1.0767,1,1.0767,6.0,inf
453,3,-0.7239314101818494,0.12574445736051204,1.13788832653618,1.0767,1,1.0767,6.0,inf
453,4,-0.7239314101818494,0.12574445736051204,1.13788832653618,1.0767,1,1.0767,6.0,inf
453,5,-0.7239314101818494,0.12574445736051204,1.13788832653618,1.0767,1,1.0767,6.0,inf
454,0,0.15327333321276432,-0.8254149144142322,1.007157819062614,1.7234999999999998,1,1.7234999999999998,6.0,inf
454,1,0.15327333321276432,-0.8254149144142322,1.007157819062614,1.7234999999999998,1,1.7234999999999998,6.0,inf
454,2,0.15327333321276432,-0.8254149144142322,1.007157819062614,1.7234999999999998,1,1.7234999999999998,6.0,inf
454,3,0.15327333321276432,-0.8254149144142322,1.007157819062614,1.7234999999999998,1,1.7234999999999998,6.0,inf
454,4,0.15327333321276432,-0.8254149144142322,1.007157819062614,1.7234999999999998,1,1.7234999999999998,6.0,inf
454,5,0.15327333321276432,-0.8254149144142322,1.007157819062614,1.7234999999999998,1,1.7234999999999998,6.0,inf
455,0,1.7054897081239782,-1.36232358022807,1.7277679452637569,0.8909999999999999,1,0.8909999999999999,6.0,inf
455,1,1.7054897081239782,-1.36232358022807,1.7277679452637569,0.8909999999999999,1,0.8909999999999999,6.0,inf
455,2,1.7054897081239782,-1.36232358022807,1.7277679452637569,0.8909999999999999,1,0.8909999999999999,6.0,inf
455,3,1.7054897081239782,-1.36232358022807,1.7277679452637569,0.8909999999999999,1,0.8909999999999999,6.0,inf
455,4,1.7054897081239782,-1.36232358022807,1.7277679452637569,0.8909999999999999,1,0.8909999999999999,6.0,inf
455,5,1.7054897081239782,-1.36232358022807,1.7277679452637569,0.8909999999999999,1,0.8909999999999999,6.0,inf
456,0,-0.5961939834813312,1.3106056850134968,0.2857510240468838,3.1388999999999996,1,3.1388999999999996,6.0,inf
456,1,-0.5961939834813312,1.3106056850134968,0.2857510240468838,3.1388999999999996,1,3.1388999999999996,6.0,inf
456,2,-0.5961939834813312,1.3106056850134968,0.2857510240468838,3.1388999999999996,1,3.1388999999999996,6.0,inf
456,3,-0.5961939834813312,1.3106056850134968,0.2857510240468838,3.1388999999999996,1,3.1388999999999996,6.0,inf
456,4,-0.5961939834813312,1.3106056850134968,0.2857510240468838,3.1388999999999996,1,3.1388999999999996,6.0,inf
456,5,-0.5961939834813312,1.3106056850134968,0.2857510240468838,3.1388999999999996,1,3.1388999999999996,6.0,inf
457,0,0.2625425930882105,0.0999389458837493,-0.5755198933909866,0.16679999999999998,1,0.16679999999999998,6.0,inf
457,1,0.2625425930882105,0.0999389458837493,-0.5755198933909866,0.16679999999999998,1,0.16679999999999998,6.0,inf
457,2,0.2625425930882105,0.0999389458837493,-0.5755198933909866,0.16679999999999998,1,0.16679999999999998,6.0,inf
457,3,0.2625425930882105,0.0999389458837493,-0.5755198933909866,0.16679999999999998,1,0.16679999999999998,6.0,inf
457,4,0.2625425930882105,0.0999389458837493,-0.5755198933909866,0.16679999999999998,1,0.16679999999999998,6.0,inf
457,5,0.2625425930882105,0.0999389458837493,-0.5755198933909866,0.16679999999999998,1,0.16679999999999998,6.0,inf
458,0,-0.5845352078715222,1.505395420709649,-0.9597818644938829,3.1338,1,3.1338,6.0,inf
458,1,-0.5845352078715222,1.505395420709649,-0.9597818644938829,3.1338,1,3.1338,6.0,inf
458,2,-0.5845352078715222,1.505395420709649,-0.9597818644938829,3.1338,1,3.1338,6.0,inf
458,3,-0.5845352078715222,1.505395420709649,-0.9597818644938829,3.1338,1,3.1338,6.0,inf
458,4,-0.5845352078715222,1.505395420709649,-0.9597818644938829,3.1338,1,3.1338,6.0,inf
458,5,-0.5845352078715222,1.505395420709649,-0.9597818644938829,3.1338,1,3.1338,6.0,inf
459,0,0.016731631883234205,-0.9254474423194922,-0.8251181196786644,3.8915999999999995,1,3.8915999999999995,6.0,inf
459,1,0.016731631883234205,-0.9254474423194922,-0.8251181196786644,3.8915999999999995,1,3.8915999999999995,6.0,inf
459,2,0.016731631883234205,-0.9254474423194922,-0.8251181196786644,3.8915999999999995,1,3.8915999999999995,6.0,inf
459,3,0.016731631883234205,-0.9254474423194922,-0.8251181196786644,3.8915999999999995,1,3.8915999999999995,6.0,inf
459,4,0.016731631883234205,-0.9254474423194922,-0.8251181196786644,3.8915999999999995,1,3.8915999999999995,6.0,inf
459,5,0.016731631883234205,-0.9254474423194922,-0.8251181196786644,3.8915999999999995,1,3.8915999999999995,6.0,inf
460,0,0.10617745273684505,-2.510224922007753,0.06815722788947369,0.3549,1,0.3549,6.0,inf
460,1,0.10617745273684505,-2.510224922007753,0.06815722788947369,0.3549,1,0.3549,6.0,inf
460,2,0.10617745273684505,-2.510224922007753,0.06815722788947369,0.3549,1,0.3549,6.0,inf
460,3,0.10617745273684505,-2.510224922007753,0.06815722788947369,0.3549,1,0.3549,6.0,inf
460,4,0.10617745273684505,-2.510224922007753,0.06815722788947369,0.3549,1,0.3549,6.0,inf
460,5,0.10617745273684505,-2.510224922007753,0.06815722788947369,0.3549,1,0.3549,6.0,inf
461,0,-1.3811256219349728,0.34649355717678476,1.4836712327896902,1.1937,1,1.1937,6.0,inf
461,1,-1.3811256219349728,0.34649355717678476,1.4836712327896902,1.1937,1,1.1937,6.0,inf
461,2,-1.3811256219349728,0.34649355717678476,1.4836712327896902,1.1937,1,1.1937,6.0,inf
461,3,-1.3811256219349728,0.34649355717678476,1.4836712327896902,1.1937,1,1.1937,6.0,inf
461,4,-1.3811256219349728,0.34649355717678476,1.4836712327896902,1.1937,1,1.1937,6.0,inf
461,5,-1.3811256219349728,0.34649355717678476,1.4836712327896902,1.1937,1,1.1937,6.0,inf
462,0,-0.9083356147222935,-0.06354651422513012,0.7449462375038733,3.4101,1,3.4101,6.0,inf
462,1,-0.9083356147222935,-0.06354651422513012,0.7449462375038733,3.4101,1,3.4101,6.0,inf
462,2,-0.9083356147222935,-0.06354651422513012,0.7449462375038733,3.4101,1,3.4101,6.0,inf
462,3,-0.9083356147222935,-0.06354651422513012,0.7449462375038733,3.4101,1,3.4101,6.0,inf
462,4,-0.9083356147222935,-0.06354651422513012,0.7449462375038733,3.4101,1,3.4101,6.0,inf
462,5,-0.9083356147222935,-0.06354651422513012,0.7449462375038733,3.4101,1,3.4101,6.0,inf
463,0,0.7301304850132254,-1.184942910003157,0.37239141242181617,1.5161999999999998,1,1.5161999999999998,6.0,inf
463,1,0.7301304850132254,-1.184942910003157,0.37239141242181617,1.5161999999999998,1,1.5161999999999998,6.0,inf
463,2,0.7301304850132254,-1.184942910003157,0.37239141242181617,1.5161999999999998,1,1.5161999999999998,6.0,inf
463,3,0.7301304850132254,-1.184942910003157,0.37239141242181617,1.5161999999999998,1,1.5161999999999998,6.0,inf
463,4,0.7301304850132254,-1.184942910003157,0.37239141242181617,1.5161999999999998,1,1.5161999999999998,6.0,inf
463,5,0.7301304850132254,-1.184942910003157,0.37239141242181617,1.5161999999999998,1,1.5161999999999998,6.0,inf
464,0,-0.5968804954724743,-0.5881059419974572,-0.5721200522253281,4.6034999999999995,1,4.6034999999999995,6.0,inf
464,1,-0.5968804954724743,-0.5881059419974572,-0.5721200522253281,4.6034999999999995,1,4.6034999999999995,6.0,inf
464,2,-0.5968804954724743,-0.5881059419974572,-0.5721200522253281,4.6034999999999995,1,4.6034999999999995,6.0,inf
464,3,-0.5968804954724743,-0.5881059419974572,-0.5721200522253281,4.6034999999999995,1,4.6034999999999995,6.0,inf
464,4,-0.5968804954724743,-0.5881059419974572,-0.5721200522253281,4.6034999999999995,1,4.6034999999999995,6.0,inf
464,5,-0.5968804954724743,-0.5881059419974572,-0.5721200522253281,4.6034999999999995,1,4.6034999999999995,6.0,inf
465,0,-1.6267839544056955,-0.26574739247038626,-1.1633279007191804,3.8699999999999997,1,3.8699999999999997,6.0,inf
465,1,-1.6267839544056955,-0.26574739247038626,-1.1633279007191804,3.8699999999999997,1,3.8699999999999997,6.0,inf
465,2,-1.6267839544056955,-0.26574739247038626,-1.1633279007191804,3.8699999999999997,1,3.8699999999999997,6.0,inf
465,3,-1.6267839544056955,-0.26574739247038626,-1.1633279007191804,3.8699999999999997,1,3.8699999999999997,6.0,inf
465,4,-1.6267839544056955,-0.26574739247038626,-1.1633279007191804,3.8699999999999997,1,3.8699999999999997,6.0,inf
465,5,-1.6267839544056955,-0.26574739247038626,-1.1633279007191804,3.8699999999999997,1,3.8699999999999997,6.0,inf
466,0,-1.0697166160655016,0.02501953733982817,-0.6482975162706461,1.0221,1,1.0221,6.0,inf
466,1,-1.0697166160655016,0.02501953733982817,-0.6482975162706461,1.0221,1,1.0221,6.0,inf
466,2,-1.0697166160655016,0.02501953733982817,-0.6482975162706461,1.0221,1,1.0221,6.0,inf
466,3,-1.0697166160655016,0.02501953733982817,-0.6482975162706461,1.0221,1,1.0221,6.0,inf
466,4,-1.0697166160655016,0.02501953733982817,-0.6482975162706461,1.0221,1,1.0221,6.0,inf
466,5,-1.0697166160655016,0.02501953733982817,-0.6482975162706461,1.0221,1,1.0221,6.0,inf
467,0,-0.785442731188462,-0.785901280571482,0.874937693575456,1.3646999999999998,1,1.3646999999999998,6.0,inf
467,1,-0.785442731188462,-0.785901280571482,0.874937693575456,1.3646999999999998,1,1.3646999999999998,6.0,inf
467,2,-0.785442731188462,-0.785901280571482,0.874937693575456,1.3646999999999998,1,1.3646999999999998,6.0,inf
467,3,-0.785442731188462,-0.785901280571482,0.874937693575456,1.3646999999999998,1,1.3646999999999998,6.0,inf
467,4,-0.785442731188462,-0.785901280571482,0.874937693575456,1.3646999999999998,1,1.3646999999999998,6.0,inf
467,5,-0.785442731188462,-0.785901280571482,0.874937693575456,1.3646999999999998,1,1.3646999999999998,6.0,inf
468,0,-0.08647748036251426,-0.20208358713469307,-1.2301358880737112,1.9010999999999998,1,1.9010999999999998,6.0,inf
468,1,-0.08647748036251426,-0.20208358713469307,-1.2301358880737112,1.9010999999999998,1,1.9010999999999998,6.0,inf
468,2,-0.08647748036251426,-0.20208358713469307,-1.2301358880737112,1.9010999999999998,1,1.9010999999999998,6.0,inf
468,3,-0.08647748036251426,-0.20208358713469307,-1.2301358880737112,1.9010999999999998,1,1.9010999999999998,6.0,inf
468,4,-0.08647748036251426,-0.20208358713469307,-1.2301358880737112,1.9010999999999998,1,1.9010999999999998,6.0,inf
468,5,-0.08647748036251426,-0.20208358713469307,-1.2301358880737112,1.9010999999999998,1,1.9010999999999998,6.0,inf
469,0,-0.10868437269610608,-0.44111378765494713,0.8661130013895109,0.5972999999999999,1,0.5972999999999999,6.0,inf
469,1,-0.10868437269610608,-0.44111378765494713,0.8661130013895109,0.5972999999999999,1,0.5972999999999999,6.0,inf
469,2,-0.10868437269610608,-0.44111378765494713,0.8661130013895109,0.5972999999999999,1,0.5972999999999999,6.0,inf
469,3,-0.10868437269610608,-0.44111378765494713,0.8661130013895109,0.5972999999999999,1,0.5972999999999999,6.0,inf
469,4,-0.10868437269610608,-0.44111378765494713,0.8661130013895109,0.5972999999999999,1,0.5972999999999999,6.0,inf
469,5,-0.10868437269610608,-0.44111378765494713,0.8661130013895109,0.5972999999999999,1,0.5972999999999999,6.0,inf
470,0,1.6911578580698632,-1.0852101441727968,0.33363285635779544,1.3086,1,1.3086,6.0,inf
470,1,1.6911578580698632,-1.0852101441727968,0.33363285635779544,1.3086,1,1.3086,6.0,inf
470,2,1.6911578580698632,-1.0852101441727968,0.33363285635779544,1.3086,1,1.3086,6.0,inf
470,3,1.6911578580698632,-1.0852101441727968,0.33363285635779544,1.3086,1,1.3086,6.0,inf
470,4,1.6911578580698632,-1.0852101441727968,0.33363285635779544,1.3086,1,1.3086,6.0,inf
470,5,1.6911578580698632,-1.0852101441727968,0.33363285635779544,1.3086,1,1.3086,6.0,inf
471,0,0.1475012788945181,-1.2678521399961498,0.9400560050021864,2.2754999999999996,1,2.2754999999999996,6.0,inf
471,1,0.1475012788945181,-1.2678521399961498,0.9400560050021864,2.2754999999999996,1,2.2754999999999996,6.0,inf
471,2,0.1475012788945181,-1.2678521399961498,0.9400560050021864,2.2754999999999996,1,2.2754999999999996,6.0,inf
471,3,0.1475012788945181,-1.2678521399961498,0.9400560050021864,2.2754999999999996,1,2.2754999999999996,6.0,inf
471,4,0.1475012788945181,-1.2678521399961498,0.9400560050021864,2.2754999999999996,1,2.2754999999999996,6.0,inf
471,5,0.1475012788945181,-1.2678521399961498,0.9400560050021864,2.2754999999999996,1,2.2754999999999996,6.0,inf
472,0,-0.2665133113384393,-1.2307795095342668,-0.8623953831122478,1.9355999999999998,1,1.9355999999999998,6.0,inf
472,1,-0.2665133113384393,-1.2307795095342668,-0.8623953831122478,1.9355999999999998,1,1.9355999999999998,6.0,inf
472,2,-0.2665133113384393,-1.2307795095342668,-0.8623953831122478,1.9355999999999998,1,1.9355999999999998,6.0,inf
472,3,-0.2665133113384393,-1.2307795095342668,-0.8623953831122478,1.9355999999999998,1,1.9355999999999998,6.0,inf
472,4,-0.2665133113384393,-1.2307795095342668,-0.8623953831122478,1.9355999999999998,1,1.9355999999999998,6.0,inf
472,5,-0.2665133113384393,-1.2307795095342668,-0.8623953831122478,1.9355999999999998,1,1.9355999999999998,6.0,inf
473,0,0.8351682117529826,0.17060002171749777,1.0018921348224608,2.2962,1,2.2962,6.0,inf
473,1,0.8351682117529826,0.17060002171749777,1.0018921348224608,2.2962,1,2.2962,6.0,inf
473,2,0.8351682117529826,0.17060002171749777,1.0018921348224608,2.2962,1,2.2962,6.0,inf
473,3,0.8351682117529826,0.17060002171749777,1.0018921348224608,2.2962,1,2.2962,6.0,inf
473,4,0.8351682117529826,0.17060002171749777,1.0018921348224608,2.2962,1,2.2962,6.0,inf
473,5,0.8351682117529826,0.17060002171749777,1.0018921348224608,2.2962,1,2.2962,6.0,inf
474,0,-1.2554702866880765,-0.6051376517058991,1.0347731351660232,1.2783,1,1.2783,6.0,inf
474,1,-1.2554702866880765,-0.6051376517058991,1.0347731351660232,1.2783,1,1.2783,6.0,inf
474,2,-1.2554702866880765,-0.6051376517058991,1.0347731351660232,1.2783,1,1.2783,6.0,inf
474,3,-1.2554702866880765,-0.6051376517058991,1.0347731351660232,1.2783,1,1.2783,6.0,inf
474,4,-1.2554702866880765,-0.6051376517058991,1.0347731351660232,1.2783,1,1.2783,6.0,inf
474,5,-1.2554702866880765,-0.6051376517058991,1.0347731351660232,1.2783,1,1.2783,6.0,inf
475,0,-0.36873802255149507,0.0835782348084845,-1.1190001847688227,0.5838,1,0.5838,6.0,inf
475,1,-0.36873802255149507,0.0835782348084845,-1.1190001847688227,0.5838,1,0.5838,6.0,inf
475,2,-0.36873802255149507,0.0835782348084845,-1.1190001847688227,0.5838,1,0.5838,6.0,inf
475,3,-0.36873802255149507,0.0835782348084845,-1.1190001847688227,0.5838,1,0.5838,6.0,inf
475,4,-0.36873802255149507,0.0835782348084845,-1.1190001847688227,0.5838,1,0.5838,6.0,inf
475,5,-0.36873802255149507,0.0835782348084845,-1.1190001847688227,0.5838,1,0.5838,6.0,inf
476,0,1.1198476208908321,-1.2655007749956588,-0.6131172142017517,2.2611,1,2.2611,6.0,inf
476,1,1.1198476208908321,-1.2655007749956588,-0.6131172142017517,2.2611,1,2.2611,6.0,inf
476,2,1.1198476208908321,-1.2655007749956588,-0.6131172142017517,2.2611,1,2.2611,6.0,inf
476,3,1.1198476208908321,-1.2655007749956588,-0.6131172142017517,2.2611,1,2.2611,6.0,inf
476,4,1.1198476208908321,-1.2655007749956588,-0.6131172142017517,2.2611,1,2.2611,6.0,inf
476,5,1.1198476208908321,-1.2655007749956588,-0.6131172142017517,2.2611,1,2.2611,6.0,inf
477,0,0.5397154402561062,-1.0961509338863316,2.0331884680594574,1.0298999999999998,1,1.0298999999999998,6.0,inf
477,1,0.5397154402561062,-1.0961509338863316,2.0331884680594574,1.0298999999999998,1,1.0298999999999998,6.0,inf
477,2,0.5397154402561062,-1.0961509338863316,2.0331884680594574,1.0298999999999998,1,1.0298999999999998,6.0,inf
477,3,0.5397154402561062,-1.0961509338863316,2.0331884680594574,1.0298999999999998,1,1.0298999999999998,6.0,inf
477,4,0.5397154402561062,-1.0961509338863316,2.0331884680594574,1.0298999999999998,1,1.0298999999999998,6.0,inf
477,5,0.5397154402561062,-1.0961509338863316,2.0331884680594574,1.0298999999999998,1,1.0298999999999998,6.0,inf
478,0,0.4739901408075531,0.11018553430499131,1.019230718335182,2.0073,1,2.0073,6.0,inf
478,1,0.4739901408075531,0.11018553430499131,1.019230718335182,2.0073,1,2.0073,6.0,inf
478,2,0.4739901408075531,0.11018553430499131,1.019230718335182,2.0073,1,2.0073,6.0,inf
478,3,0.4739901408075531,0.11018553430499131,1.019230718335182,2.0073,1,2.0073,6.0,inf
478,4,0.4739901408075531,0.11018553430499131,1.019230718335182,2.0073,1,2.0073,6.0,inf
478,5,0.4739901408075531,0.11018553430499131,1.019230718335182,2.0073,1,2.0073,6.0,inf
479,0,-0.7466909260197933,0.8987231358297231,-1.4252692230303554,1.0274999999999999,1,1.0274999999999999,6.0,inf
479,1,-0.7466909260197933,0.8987231358297231,-1.4252692230303554,1.0274999999999999,1,1.0274999999999999,6.0,inf
479,2,-0.7466909260197933,0.8987231358297231,-1.4252692230303554,1.0274999999999999,1,1.0274999999999999,6.0,inf
479,3,-0.7466909260197933,0.8987231358297231,-1.4252692230303554,1.0274999999999999,1,1.0274999999999999,6.0,inf
479,4,-0.7466909260197933,0.8987231358297231,-1.4252692230303554,1.0274999999999999,1,1.0274999999999999,6.0,inf
479,5,-0.7466909260197933,0.8987231358297231,-1.4252692230303554,1.0274999999999999,1,1.0274999999999999,6.0,inf
480,0,-0.08922982486909146,0.2681182481295456,0.5403376690516137,3.8724,1,3.8724,6.0,inf
480,1,-0.08922982486909146,0.2681182481295456,0.5403376690516137,3.8724,1,3.8724,6.0,inf
480,2,-0.08922982486909146,0.2681182481295456,0.5403376690516137,3.8724,1,3.8724,6.0,inf
480,3,-0.08922982486909146,0.2681182481295456,0.5403376690516137,3.8724,1,3.8724,6.0,inf
480,4,-0.08922982486909146,0.2681182481295456,0.5403376690516137,3.8724,1,3.8724,6.0,inf
480,5,-0.08922982486909146,0.2681182481295456,0.5403376690516137,3.8724,1,3.8724,6.0,inf
481,0,0.557253683316365,-0.750734255194182,0.37962723196608866,1.6865999999999999,1,1.6865999999999999,6.0,inf
481,1,0.557253683316365,-0.750734255194182,0.37962723196608866,1.6865999999999999,1,1.6865999999999999,6.0,inf
481,2,0.557253683316365,-0.750734255194182,0.37962723196608866,1.6865999999999999,1,1.6865999999999999,6.0,inf
481,3,0.557253683316365,-0.750734255194182,0.37962723196608866,1.6865999999999999,1,1.6865999999999999,6.0,inf
481,4,0.557253683316365,-0.750734255194182,0.37962723196608866,1.6865999999999999,1,1.6865999999999999,6.0,inf
481,5,0.557253683316365,-0.750734255194182,0.37962723196608866,1.6865999999999999,1,1.6865999999999999,6.0,inf
482,0,-0.07174678274655923,-0.8946619837958412,1.5353989131226826,1.1162999999999998,1,1.1162999999999998,6.0,inf
482,1,-0.07174678274655923,-0.8946619837958412,1.5353989131226826,1.1162999999999998,1,1.1162999999999998,6.0,inf
482,2,-0.07174678274655923,-0.8946619837958412,1.5353989131226826,1.1162999999999998,1,1.1162999999999998,6.0,inf
482,3,-0.07174678274655923,-0.8946619837958412,1.5353989131226826,1.1162999999999998,1,1.1162999999999998,6.0,inf
482,4,-0.07174678274655923,-0.8946619837958412,1.5353989131226826,1.1162999999999998,1,1.1162999999999998,6.0,inf
482,5,-0.07174678274655923,-0.8946619837958412,1.5353989131226826,1.1162999999999998,1,1.1162999999999998,6.0,inf
483,0,-1.9635251213545166,0.9591885229641448,0.029506778074886775,6.0,0,6.484799999999999,6.0,inf
483,1,-1.9635251213545166,0.9591885229641448,0.029506778074886775,6.0,0,6.484799999999999,6.0,inf
483,2,-1.9635251213545166,0.9591885229641448,0.029506778074886775,6.0,0,6.484799999999999,6.0,inf
483,3,-1.9635251213545166,0.9591885229641448,0.029506778074886775,6.0,0,6.484799999999999,6.0,inf
483,4,-1.9635251213545166,0.9591885229641448,0.029506778074886775,6.0,0,6.484799999999999,6.0,inf
483,5,-1.9635251213545166,0.9591885229641448,0.029506778074886775,6.0,0,6.484799999999999,6.0,inf
484,0,-0.015139718531565715,-0.747298948350745,0.014926010709405803,1.5242999999999998,1,1.5242999999999998,6.0,inf
484,1,-0.015139718531565715,-0.747298948350745,0.014926010709405803,1.5242999999999998,1,1.5242999999999998,6.0,inf
484,2,-0.015139718531565715,-0.747298948350745,0.014926010709405803,1.5242999999999998,1,1.5242999999999998,6.0,inf
484,3,-0.015139718531565715,-0.747298948350745,0.014926010709405803,1.5242999999999998,1,1.5242999999999998,6.0,inf
484,4,-0.015139718531565715,-0.747298948350745,0.014926010709405803,1.5242999999999998,1,1.5242999999999998,6.0,inf
484,5,-0.015139718531565715,-0.747298948350745,0.014926010709405803,1.5242999999999998,1,1.5242999999999998,6.0,inf
485,0,-0.0012794113858502897,-0.08525120893001294,-0.724585997960347,3.6431999999999998,1,3.6431999999999998,6.0,inf
485,1,-0.0012794113858502897,-0.08525120893001294,-0.724585997960347,3.6431999999999998,1,3.6431999999999998,6.0,inf
485,2,-0.0012794113858502897,-0.08525120893001294,-0.724585997960347,3.6431999999999998,1,3.6431999999999998,6.0,inf
485,3,-0.0012794113858502897,-0.08525120893001294,-0.724585997960347,3.6431999999999998,1,3.6431999999999998,6.0,inf
485,4,-0.0012794113858502897,-0.08525120893001294,-0.724585997960347,3.6431999999999998,1,3.6431999999999998,6.0,inf
485,5,-0.0012794113858502897,-0.08525120893001294,-0.724585997960347,3.6431999999999998,1,3.6431999999999998,6.0,inf
486,0,1.0386604388154836,0.30370390126485663,-1.3568446680594521,0.18719999999999998,1,0.18719999999999998,6.0,inf
486,1,1.0386604388154836,0.30370390126485663,-1.3568446680594521,0.18719999999999998,1,0.18719999999999998,6.0,inf
486,2,1.0386604388154836,0.30370390126485663,-1.3568446680594521,0.18719999999999998,1,0.18719999999999998,6.0,inf
486,3,1.0386604388154836,0.30370390126485663,-1.3568446680594521,0.18719999999999998,1,0.18719999999999998,6.0,inf
486,4,1.0386604388154836,0.30370390126485663,-1.3568446680594521,0.18719999999999998,1,0.18719999999999998,6.0,inf
486,5,1.0386604388154836,0.30370390126485663,-1.3568446680594521,0.18719999999999998,1,0.18719999999999998,6.0,inf
487,0,1.1202890706297275,-0.27395547041637064,0.6994412183965711,1.4969999999999999,1,1.4969999999999999,6.0,inf
487,1,1.1202890706297275,-0.27395547041637064,0.6994412183965711,1.4969999999999999,1,1.4969999999999999,6.0,inf
487,2,1.1202890706297275,-0.27395547041637064,0.6994412183965711,1.4969999999999999,1,1.4969999999999999,6.0,inf
487,3,1.1202890706297275,-0.27395547041637064,0.6994412183965711,1.4969999999999999,1,1.4969999999999999,6.0,inf
487,4,1.1202890706297275,-0.27395547041637064,0.6994412183965711,1.4969999999999999,1,1.4969999999999999,6.0,inf
487,5,1.1202890706297275,-0.27395547041637064,0.6994412183965711,1.4969999999999999,1,1.4969999999999999,6.0,inf
488,0,0.7797023343640506,0.2732208963002081,-1.7018723574681276,3.0062999999999995,1,3.0062999999999995,6.0,inf
488,1,0.7797023343640506,0.2732208963002081,-1.7018723574681276,3.0062999999999995,1,3.0062999999999995,6.0,inf
488,2,0.7797023343640506,0.2732208963002081,-1.7018723574681276,3.0062999999999995,1,3.0062999999999995,6.0,inf
488,3,0.7797023343640506,0.2732208963002081,-1.7018723574681276,3.0062999999999995,1,3.0062999999999995,6.0,inf
488,4,0.7797023343640506,0.2732208963002081,-1.7018723574681276,3.0062999999999995,1,3.0062999999999995,6.0,inf
488,5,0.7797023343640506,0.2732208963002081,-1.7018723574681276,3.0062999999999995,1,3.0062999999999995,6.0,inf
489,0,-0.9214235051780352,1.0866656373841153,0.8492384836121459,0.6897,1,0.6897,6.0,inf
489,1,-0.9214235051780352,1.0866656373841153,0.8492384836121459,0.6897,1,0.6897,6.0,inf
489,2,-0.9214235051780352,1.0866656373841153,0.8492384836121459,0.6897,1,0.6897,6.0,inf
489,3,-0.9214235051780352,1.0866656373841153,0.8492384836121459,0.6897,1,0.6897,6.0,inf
489,4,-0.9214235051780352,1.0866656373841153,0.8492384836121459,0.6897,1,0.6897,6.0,inf
489,5,-0.9214235051780352,1.0866656373841153,0.8492384836121459,0.6897,1,0.6897,6.0,inf
490,0,-0.013102200733332205,-0.1687419043778456,-0.7403765349703191,3.0887999999999995,1,3.0887999999999995,6.0,inf
490,1,-0.013102200733332205,-0.1687419043778456,-0.7403765349703191,3.0887999999999995,1,3.0887999999999995,6.0,inf
490,2,-0.013102200733332205,-0.1687419043778456,-0.7403765349703191,3.0887999999999995,1,3.0887999999999995,6.0,inf
490,3,-0.013102200733332205,-0.1687419043778456,-0.7403765349703191,3.0887999999999995,1,3.0887999999999995,6.0,inf
490,4,-0.013102200733332205,-0.1687419043778456,-0.7403765349703191,3.0887999999999995,1,3.0887999999999995,6.0,inf
490,5,-0.013102200733332205,-0.1687419043778456,-0.7403765349703191,3.0887999999999995,1,3.0887999999999995,6.0,inf
491,0,-0.38555386329893354,1.2006788839985763,-0.05115454706268927,0.30569999999999997,1,0.30569999999999997,6.0,inf
491,1,-0.38555386329893354,1.2006788839985763,-0.05115454706268927,0.30569999999999997,1,0.30569999999999997,6.0,inf
491,2,-0.38555386329893354,1.2006788839985763,-0.05115454706268927,0.30569999999999997,1,0.30569999999999997,6.0,inf
491,3,-0.38555386329893354,1.2006788839985763,-0.05115454706268927,0.30569999999999997,1,0.30569999999999997,6.0,inf
491,4,-0.38555386329893354,1.2006788839985763,-0.05115454706268927,0.30569999999999997,1,0.30569999999999997,6.0,inf
491,5,-0.38555386329893354,1.2006788839985763,-0.05115454706268927,0.30569999999999997,1,0.30569999999999997,6.0,inf
492,0,0.2571927517555953,1.6061633374993018,1.4187957405722835,6.0,0,6.1956,6.0,inf
492,1,0.2571927517555953,1.6061633374993018,1.4187957405722835,6.0,0,6.1956,6.0,inf
492,2,0.2571927517555953,1.6061633374993018,1.4187957405722835,6.0,0,6.1956,6.0,inf
492,3,0.2571927517555953,1.6061633374993018,1.4187957405722835,6.0,0,6.1956,6.0,inf
492,4,0.2571927517555953,1.6061633374993018,1.4187957405722835,6.0,0,6.1956,6.0,inf
492,5,0.2571927517555953,1.6061633374993018,1.4187957405722835,6.0,0,6.1956,6.0,inf
493,0,-0.9879558775400706,-0.03067748401395531,-0.21186795716692428,0.11699999999999999,1,0.11699999999999999,6.0,inf
493,1,-0.9879558775400706,-0.03067748401395531,-0.21186795716692428,0.11699999999999999,1,0.11699999999999999,6.0,inf
493,2,-0.9879558775400706,-0.03067748401395531,-0.21186795716692428,0.11699999999999999,1,0.11699999999999999,6.0,inf
493,3,-0.9879558775400706,-0.03067748401395531,-0.21186795716692428,0.11699999999999999,1,0.11699999999999999,6.0,inf
493,4,-0.9879558775400706,-0.03067748401395531,-0.21186795716692428,0.11699999999999999,1,0.11699999999999999,6.0,inf
493,5,-0.9879558775400706,-0.03067748401395531,-0.21186795716692428,0.11699999999999999,1,0.11699999999999999,6.0,inf
494,0,-2.2465044980140516,0.20523112324837958,0.8071030922716081,1.0347,1,1.0347,6.0,inf
494,1,-2.2465044980140516,0.20523112324837958,0.8071030922716081,1.0347,1,1.0347,6.0,inf
494,2,-2.2465044980140516,0.20523112324837958,0.8071030922716081,1.0347,1,1.0347,6.0,inf
494,3,-2.2465044980140516,0.20523112324837958,0.8071030922716081,1.0347,1,1.0347,6.0,inf
494,4,-2.2465044980140516,0.20523112324837958,0.8071030922716081,1.0347,1,1.0347,6.0,inf
494,5,-2.2465044980140516,0.20523112324837958,0.8071030922716081,1.0347,1,1.0347,6.0,inf
495,0,1.3235741177111882,-0.07630893578370468,-1.684503825911394,2.6942999999999997,1,2.6942999999999997,6.0,inf
495,1,1.3235741177111882,-0.07630893578370468,-1.684503825911394,2.6942999999999997,1,2.6942999999999997,6.0,inf
495,2,1.3235741177111882,-0.07630893578370468,-1.684503825911394,2.6942999999999997,1,2.6942999999999997,6.0,inf
495,3,1.3235741177111882,-0.07630893578370468,-1.684503825911394,2.6942999999999997,1,2.6942999999999997,6.0,inf
495,4,1.3235741177111882,-0.07630893578370468,-1.684503825911394,2.6942999999999997,1,2.6942999999999997,6.0,inf
495,5,1.3235741177111882,-0.07630893578370468,-1.684503825911394,2.6942999999999997,1,2.6942999999999997,6.0,inf
496,0,-1.4735569055512314,0.11599762418468634,0.16491492763170193,3.4256999999999995,1,3.4256999999999995,6.0,inf
496,1,-1.4735569055512314,0.11599762418468634,0.16491492763170193,3.4256999999999995,1,3.4256999999999995,6.0,inf
496,2,-1.4735569055512314,0.11599762418468634,0.16491492763170193,3.4256999999999995,1,3.4256999999999995,6.0,inf
496,3,-1.4735569055512314,0.11599762418468634,0.16491492763170193,3.4256999999999995,1,3.4256999999999995,6.0,inf
496,4,-1.4735569055512314,0.11599762418468634,0.16491492763170193,3.4256999999999995,1,3.4256999999999995,6.0,inf
496,5,-1.4735569055512314,0.11599762418468634,0.16491492763170193,3.4256999999999995,1,3.4256999999999995,6.0,inf
497,0,0.22269206239614392,-0.12533319395749398,1.0870377287033681,2.4842999999999997,1,2.4842999999999997,6.0,inf
497,1,0.22269206239614392,-0.12533319395749398,1.0870377287033681,2.4842999999999997,1,2.4842999999999997,6.0,inf
497,2,0.22269206239614392,-0.12533319395749398,1.0870377287033681,2.4842999999999997,1,2.4842999999999997,6.0,inf
497,3,0.22269206239614392,-0.12533319395749398,1.0870377287033681,2.4842999999999997,1,2.4842999999999997,6.0,inf
497,4,0.22269206239614392,-0.12533319395749398,1.0870377287033681,2.4842999999999997,1,2.4842999999999997,6.0,inf
497,5,0.22269206239614392,-0.12533319395749398,1.0870377287033681,2.4842999999999997,1,2.4842999999999997,6.0,inf
498,0,-0.03785432749746234,1.4812784858178942,-0.30814576863550425,0.3399,1,0.3399,6.0,inf
498,1,-0.03785432749746234,1.4812784858178942,-0.30814576863550425,0.3399,1,0.3399,6.0,inf
498,2,-0.03785432749746234,1.4812784858178942,-0.30814576863550425,0.3399,1,0.3399,6.0,inf
498,3,-0.03785432749746234,1.4812784858178942,-0.30814576863550425,0.3399,1,0.3399,6.0,inf
498,4,-0.03785432749746234,1.4812784858178942,-0.30814576863550425,0.3399,1,0.3399,6.0,inf
498,5,-0.03785432749746234,1.4812784858178942,-0.30814576863550425,0.3399,1,0.3399,6.0,inf
499,0,0.5488757192534598,0.6478675761931922,-0.18246575156890324,4.053599999999999,1,4.053599999999999,6.0,inf
499,1,0.5488757192534598,0.6478675761931922,-0.18246575156890324,4.053599999999999,1,4.053599999999999,6.0,inf
499,2,0.5488757192534598,0.6478675761931922,-0.18246575156890324,4.053599999999999,1,4.053599999999999,6.0,inf
499,3,0.5488757192534598,0.6478675761931922,-0.18246575156890324,4.053599999999999,1,4.053599999999999,6.0,inf
499,4,0.5488757192534598,0.6478675761931922,-0.18246575156890324,4.053599999999999,1,4.053599999999999,6.0,inf
499,5,0.5488757192534598,0.6478675761931922,-0.18246575156890324,4.053599999999999,1,4.053599999999999,6.0,inf
500,0,-1.3953160778428044,-2.166697875869638,1.7674061379388202,0.2874,1,0.2874,6.0,inf
500,1,-1.3953160778428044,-2.166697875869638,1.7674061379388202,0.2874,1,0.2874,6.0,inf
500,2,-1.3953160778428044,-2.166697875869638,1.7674061379388202,0.2874,1,0.2874,6.0,inf
500,3,-1.3953160778428044,-2.166697875869638,1.7674061379388202,0.2874,1,0.2874,6.0,inf
500,4,-1.3953160778428044,-2.166697875869638,1.7674061379388202,0.2874,1,0.2874,6.0,inf
500,5,-1.3953160778428044,-2.166697875869638,1.7674061379388202,0.2874,1,0.2874,6.0,inf
501,0,1.1289647491766155,1.8840257356091736,1.625036705343097,4.869,1,4.869,6.0,inf
501,1,1.1289647491766155,1.8840257356091736,1.625036705343097,4.869,1,4.869,6.0,inf
501,2,1.1289647491766155,1.8840257356091736,1.625036705343097,4.869,1,4.869,6.0,inf
501,3,1.1289647491766155,1.8840257356091736,1.625036705343097,4.869,1,4.869,6.0,inf
501,4,1.1289647491766155,1.8840257356091736,1.625036705343097,4.869,1,4.869,6.0,inf
501,5,1.1289647491766155,1.8840257356091736,1.625036705343097,4.869,1,4.869,6.0,inf
502,0,-1.080772641635824,0.051689897122703776,-1.8609339803336284,0.7475999999999999,1,0.7475999999999999,6.0,inf
502,1,-1.080772641635824,0.051689897122703776,-1.8609339803336284,0.7475999999999999,1,0.7475999999999999,6.0,inf
502,2,-1.080772641635824,0.051689897122703776,-1.8609339803336284,0.7475999999999999,1,0.7475999999999999,6.0,inf
502,3,-1.080772641635824,0.051689897122703776,-1.8609339803336284,0.7475999999999999,1,0.7475999999999999,6.0,inf
502,4,-1.080772641635824,0.051689897122703776,-1.8609339803336284,0.7475999999999999,1,0.7475999999999999,6.0,inf
502,5,-1.080772641635824,0.051689897122703776,-1.8609339803336284,0.7475999999999999,1,0.7475999999999999,6.0,inf
503,0,1.0367687098123848,-0.17787274926156615,2.1302691589437637,1.0214999999999999,1,1.0214999999999999,6.0,inf
503,1,1.0367687098123848,-0.17787274926156615,2.1302691589437637,1.0214999999999999,1,1.0214999999999999,6.0,inf
503,2,1.0367687098123848,-0.17787274926156615,2.1302691589437637,1.0214999999999999,1,1.0214999999999999,6.0,inf
503,3,1.0367687098123848,-0.17787274926156615,2.1302691589437637,1.0214999999999999,1,1.0214999999999999,6.0,inf
503,4,1.0367687098123848,-0.17787274926156615,2.1302691589437637,1.0214999999999999,1,1.0214999999999999,6.0,inf
503,5,1.0367687098123848,-0.17787274926156615,2.1302691589437637,1.0214999999999999,1,1.0214999999999999,6.0,inf
504,0,-0.24365051081614397,0.9203253896893359,0.9810608293254038,4.6869,1,4.6869,6.0,inf
504,1,-0.24365051081614397,0.9203253896893359,0.9810608293254038,4.6869,1,4.6869,6.0,inf
504,2,-0.24365051081614397,0.9203253896893359,0.9810608293254038,4.6869,1,4.6869,6.0,inf
504,3,-0.24365051081614397,0.9203253896893359,0.9810608293254038,4.6869,1,4.6869,6.0,inf
504,4,-0.24365051081614397,0.9203253896893359,0.9810608293254038,4.6869,1,4.6869,6.0,inf
504,5,-0.24365051081614397,0.9203253896893359,0.9810608293254038,4.6869,1,4.6869,6.0,inf
505,0,-1.1221552256067087,-0.5825565458697688,0.9997400910964557,0.16649999999999998,1,0.16649999999999998,6.0,inf
505,1,-1.1221552256067087,-0.5825565458697688,0.9997400910964557,0.16649999999999998,1,0.16649999999999998,6.0,inf
505,2,-1.1221552256067087,-0.5825565458697688,0.9997400910964557,0.16649999999999998,1,0.16649999999999998,6.0,inf
505,3,-1.1221552256067087,-0.5825565458697688,0.9997400910964557,0.16649999999999998,1,0.16649999999999998,6.0,inf
505,4,-1.1221552256067087,-0.5825565458697688,0.9997400910964557,0.16649999999999998,1,0.16649999999999998,6.0,inf
505,5,-1.1221552256067087,-0.5825565458697688,0.9997400910964557,0.16649999999999998,1,0.16649999999999998,6.0,inf
506,0,-0.4469388793268024,0.19762656429929057,0.6301480503240224,2.5673999999999997,1,2.5673999999999997,6.0,inf
506,1,-0.4469388793268024,0.19762656429929057,0.6301480503240224,2.5673999999999997,1,2.5673999999999997,6.0,inf
506,2,-0.4469388793268024,0.19762656429929057,0.6301480503240224,2.5673999999999997,1,2.5673999999999997,6.0,inf
506,3,-0.4469388793268024,0.19762656429929057,0.6301480503240224,2.5673999999999997,1,2.5673999999999997,6.0,inf
506,4,-0.4469388793268024,0.19762656429929057,0.6301480503240224,2.5673999999999997,1,2.5673999999999997,6.0,inf
506,5,-0.4469388793268024,0.19762656429929057,0.6301480503240224,2.5673999999999997,1,2.5673999999999997,6.0,inf
507,0,2.425984835182036,0.2897993811995487,1.3484267614422187,2.1618,1,2.1618,6.0,inf
507,1,2.425984835182036,0.2897993811995487,1.3484267614422187,2.1618,1,2.1618,6.0,inf
507,2,2.425984835182036,0.2897993811995487,1.3484267614422187,2.1618,1,2.1618,6.0,inf
507,3,2.425984835182036,0.2897993811995487,1.3484267614422187,2.1618,1,2.1618,6.0,inf
507,4,2.425984835182036,0.2897993811995487,1.3484267614422187,2.1618,1,2.1618,6.0,inf
507,5,2.425984835182036,0.2897993811995487,1.3484267614422187,2.1618,1,2.1618,6.0,inf
508,0,-0.9111505723155326,1.6852980612765698,0.8421758890095403,5.1381,1,5.1381,6.0,inf
508,1,-0.9111505723155326,1.6852980612765698,0.8421758890095403,5.1381,1,5.1381,6.0,inf
508,2,-0.9111505723155326,1.6852980612765698,0.8421758890095403,5.1381,1,5.1381,6.0,inf
508,3,-0.9111505723155326,1.6852980612765698,0.8421758890095403,5.1381,1,5.1381,6.0,inf
508,4,-0.9111505723155326,1.6852980612765698,0.8421758890095403,5.1381,1,5.1381,6.0,inf
508,5,-0.9111505723155326,1.6852980612765698,0.8421758890095403,5.1381,1,5.1381,6.0,inf
509,0,-0.9335268603407013,-0.4944765816839801,1.570307089742802,0.21569999999999998,1,0.21569999999999998,6.0,inf
509,1,-0.9335268603407013,-0.4944765816839801,1.570307089742802,0.21569999999999998,1,0.21569999999999998,6.0,inf
509,2,-0.9335268603407013,-0.4944765816839801,1.570307089742802,0.21569999999999998,1,0.21569999999999998,6.0,inf
509,3,-0.9335268603407013,-0.4944765816839801,1.570307089742802,0.21569999999999998,1,0.21569999999999998,6.0,inf
509,4,-0.9335268603407013,-0.4944765816839801,1.570307089742802,0.21569999999999998,1,0.21569999999999998,6.0,inf
509,5,-0.9335268603407013,-0.4944765816839801,1.570307089742802,0.21569999999999998,1,0.21569999999999998,6.0,inf
510,0,-1.8662089730837659,0.651470133670348,1.0086617808306206,6.0,0,8.0001,6.0,inf
510,1,-1.8662089730837659,0.651470133670348,1.0086617808306206,6.0,0,8.0001,6.0,inf
510,2,-1.8662089730837659,0.651470133670348,1.0086617808306206,6.0,0,8.0001,6.0,inf
510,3,-1.8662089730837659,0.651470133670348,1.0086617808306206,6.0,0,8.0001,6.0,inf
510,4,-1.8662089730837659,0.651470133670348,1.0086617808306206,6.0,0,8.0001,6.0,inf
510,5,-1.8662089730837659,0.651470133670348,1.0086617808306206,6.0,0,8.0001,6.0,inf
511,0,-0.469709575935111,-0.48989133993222633,0.8134509532289593,1.1211,1,1.1211,6.0,inf
511,1,-0.469709575935111,-0.48989133993222633,0.8134509532289593,1.1211,1,1.1211,6.0,inf
511,2,-0.469709575935111,-0.48989133993222633,0.8134509532289593,1.1211,1,1.1211,6.0,inf
511,3,-0.469709575935111,-0.48989133993222633,0.8134509532289593,1.1211,1,1.1211,6.0,inf
511,4,-0.469709575935111,-0.48989133993222633,0.8134509532289593,1.1211,1,1.1211,6.0,inf
511,5,-0.469709575935111,-0.48989133993222633,0.8134509532289593,1.1211,1,1.1211,6.0,inf
512,0,-1.4789230382602976,0.2370130875593747,2.270397659683835,1.7234999999999998,1,1.7234999999999998,6.0,inf
512,1,-1.4789230382602976,0.2370130875593747,2.270397659683835,1.7234999999999998,1,1.7234999999999998,6.0,inf
512,2,-1.4789230382602976,0.2370130875593747,2.270397659683835,1.7234999999999998,1,1.7234999999999998,6.0,inf
512,3,-1.4789230382602976,0.2370130875593747,2.270397659683835,1.7234999999999998,1,1.7234999999999998,6.0,inf
512,4,-1.4789230382602976,0.2370130875593747,2.270397659683835,1.7234999999999998,1,1.7234999999999998,6.0,inf
512,5,-1.4789230382602976,0.2370130875593747,2.270397659683835,1.7234999999999998,1,1.7234999999999998,6.0,inf
513,0,-0.5886996191321543,0.9444001671673727,-0.45148870333985236,2.6426999999999996,1,2.6426999999999996,6.0,inf
513,1,-0.5886996191321543,0.9444001671673727,-0.45148870333985236,2.6426999999999996,1,2.6426999999999996,6.0,inf
513,2,-0.5886996191321543,0.9444001671673727,-0.45148870333985236,2.6426999999999996,1,2.6426999999999996,6.0,inf
513,3,-0.5886996191321543,0.9444001671673727,-0.45148870333985236,2.6426999999999996,1,2.6426999999999996,6.0,inf
513,4,-0.5886996191321543,0.9444001671673727,-0.45148870333985236,2.6426999999999996,1,2.6426999999999996,6.0,inf
513,5,-0.5886996191321543,0.9444001671673727,-0.45148870333985236,2.6426999999999996,1,2.6426999999999996,6.0,inf
514,0,0.8828036586995415,-1.7314085942987658,1.1168947423768183,1.8743999999999998,1,1.8743999999999998,6.0,inf
514,1,0.8828036586995415,-1.7314085942987658,1.1168947423768183,1.8743999999999998,1,1.8743999999999998,6.0,inf
514,2,0.8828036586995415,-1.7314085942987658,1.1168947423768183,1.8743999999999998,1,1.8743999999999998,6.0,inf
514,3,0.8828036586995415,-1.7314085942987658,1.1168947423768183,1.8743999999999998,1,1.8743999999999998,6.0,inf
514,4,0.8828036586995415,-1.7314085942987658,1.1168947423768183,1.8743999999999998,1,1.8743999999999998,6.0,inf
514,5,0.8828036586995415,-1.7314085942987658,1.1168947423768183,1.8743999999999998,1,1.8743999999999998,6.0,inf
515,0,-0.8212758262044837,1.4598021234862806,1.604092971425218,0.7922999999999999,1,0.7922999999999999,6.0,inf
515,1,-0.8212758262044837,1.4598021234862806,1.604092971425218,0.7922999999999999,1,0.7922999999999999,6.0,inf
515,2,-0.8212758262044837,1.4598021234862806,1.604092971425218,0.7922999999999999,1,0.7922999999999999,6.0,inf
515,3,-0.8212758262044837,1.4598021234862806,1.604092971425218,0.7922999999999999,1,0.7922999999999999,6.0,inf
515,4,-0.8212758262044837,1.4598021234862806,1.604092971425218,0.7922999999999999,1,0.7922999999999999,6.0,inf
515,5,-0.8212758262044837,1.4598021234862806,1.604092971425218,0.7922999999999999,1,0.7922999999999999,6.0,inf
516,0,-0.7076691726020772,-1.7307921231275263,-0.2072761301004615,0.255,1,0.255,6.0,inf
516,1,-0.7076691726020772,-1.7307921231275263,-0.2072761301004615,0.255,1,0.255,6.0,inf
516,2,-0.7076691726020772,-1.7307921231275263,-0.2072761301004615,0.255,1,0.255,6.0,inf
516,3,-0.7076691726020772,-1.7307921231275263,-0.2072761301004615,0.255,1,0.255,6.0,inf
516,4,-0.7076691726020772,-1.7307921231275263,-0.2072761301004615,0.255,1,0.255,6.0,inf
516,5,-0.7076691726020772,-1.7307921231275263,-0.2072761301004615,0.255,1,0.255,6.0,inf
517,0,-0.5808475136485783,0.578559579971372,0.26232862915839256,0.20759999999999998,1,0.20759999999999998,6.0,inf
517,1,-0.5808475136485783,0.578559579971372,0.26232862915839256,0.20759999999999998,1,0.20759999999999998,6.0,inf
517,2,-0.5808475136485783,0.578559579971372,0.26232862915839256,0.20759999999999998,1,0.20759999999999998,6.0,inf
517,3,-0.5808475136485783,0.578559579971372,0.26232862915839256,0.20759999999999998,1,0.20759999999999998,6.0,inf
517,4,-0.5808475136485783,0.578559579971372,0.26232862915839256,0.20759999999999998,1,0.20759999999999998,6.0,inf
517,5,-0.5808475136485783,0.578559579971372,0.26232862915839256,0.20759999999999998,1,0.20759999999999998,6.0,inf
518,0,-0.20541529538006498,-1.622653769155648,0.9827085467264615,0.423,1,0.423,6.0,inf
518,1,-0.20541529538006498,-1.622653769155648,0.9827085467264615,0.423,1,0.423,6.0,inf
518,2,-0.20541529538006498,-1.622653769155648,0.9827085467264615,0.423,1,0.423,6.0,inf
518,3,-0.20541529538006498,-1.622653769155648,0.9827085467264615,0.423,1,0.423,6.0,inf
518,4,-0.20541529538006498,-1.622653769155648,0.9827085467264615,0.423,1,0.423,6.0,inf
518,5,-0.20541529538006498,-1.622653769155648,0.9827085467264615,0.423,1,0.423,6.0,inf
519,0,-1.966914499513141,-1.8214730257799652,1.2247502030417492,1.0227,1,1.0227,6.0,inf
519,1,-1.966914499513141,-1.8214730257799652,1.2247502030417492,1.0227,1,1.0227,6.0,inf
519,2,-1.966914499513141,-1.8214730257799652,1.2247502030417492,1.0227,1,1.0227,6.0,inf
519,3,-1.966914499513141,-1.8214730257799652,1.2247502030417492,1.0227,1,1.0227,6.0,inf
519,4,-1.966914499513141,-1.8214730257799652,1.2247502030417492,1.0227,1,1.0227,6.0,inf
519,5,-1.966914499513141,-1.8214730257799652,1.2247502030417492,1.0227,1,1.0227,6.0,inf
520,0,-2.8907739619924206,0.5477733392818905,0.26274082911509966,1.6442999999999999,1,1.6442999999999999,6.0,inf
520,1,-2.8907739619924206,0.5477733392818905,0.26274082911509966,1.6442999999999999,1,1.6442999999999999,6.0,inf
520,2,-2.8907739619924206,0.5477733392818905,0.26274082911509966,1.6442999999999999,1,1.6442999999999999,6.0,inf
520,3,-2.8907739619924206,0.5477733392818905,0.26274082911509966,1.6442999999999999,1,1.6442999999999999,6.0,inf
520,4,-2.8907739619924206,0.5477733392818905,0.26274082911509966,1.6442999999999999,1,1.6442999999999999,6.0,inf
520,5,-2.8907739619924206,0.5477733392818905,0.26274082911509966,1.6442999999999999,1,1.6442999999999999,6.0,inf
521,0,2.0399307028090936,-0.21014512865850607,-1.5650146458088847,2.9423999999999997,1,2.9423999999999997,6.0,inf
521,1,2.0399307028090936,-0.21014512865850607,-1.5650146458088847,2.9423999999999997,1,2.9423999999999997,6.0,inf
521,2,2.0399307028090936,-0.21014512865850607,-1.5650146458088847,2.9423999999999997,1,2.9423999999999997,6.0,inf
521,3,2.0399307028090936,-0.21014512865850607,-1.5650146458088847,2.9423999999999997,1,2.9423999999999997,6.0,inf
521,4,2.0399307028090936,-0.21014512865850607,-1.5650146458088847,2.9423999999999997,1,2.9423999999999997,6.0,inf
521,5,2.0399307028090936,-0.21014512865850607,-1.5650146458088847,2.9423999999999997,1,2.9423999999999997,6.0,inf
522,0,-1.2039955707573708,0.5706061286955968,-0.32948972362093326,3.9059999999999997,1,3.9059999999999997,6.0,inf
522,1,-1.2039955707573708,0.5706061286955968,-0.32948972362093326,3.9059999999999997,1,3.9059999999999997,6.0,inf
522,2,-1.2039955707573708,0.5706061286955968,-0.32948972362093326,3.9059999999999997,1,3.9059999999999997,6.0,inf
522,3,-1.2039955707573708,0.5706061286955968,-0.32948972362093326,3.9059999999999997,1,3.9059999999999997,6.0,inf
522,4,-1.2039955707573708,0.5706061286955968,-0.32948972362093326,3.9059999999999997,1,3.9059999999999997,6.0,inf
522,5,-1.2039955707573708,0.5706061286955968,-0.32948972362093326,3.9059999999999997,1,3.9059999999999997,6.0,inf
523,0,-1.2519119468093232,-0.9254669752432986,-0.1648431227386579,2.6496,1,2.6496,6.0,inf
523,1,-1.2519119468093232,-0.9254669752432986,-0.1648431227386579,2.6496,1,2.6496,6.0,inf
523,2,-1.2519119468093232,-0.9254669752432986,-0.1648431227386579,2.6496,1,2.6496,6.0,inf
523,3,-1.2519119468093232,-0.9254669752432986,-0.1648431227386579,2.6496,1,2.6496,6.0,inf
523,4,-1.2519119468093232,-0.9254669752432986,-0.1648431227386579,2.6496,1,2.6496,6.0,inf
523,5,-1.2519119468093232,-0.9254669752432986,-0.1648431227386579,2.6496,1,2.6496,6.0,inf
524,0,-0.7623821406554668,0.16501226146026832,-0.28959527278607833,0.31139999999999995,1,0.31139999999999995,6.0,inf
524,1,-0.7623821406554668,0.16501226146026832,-0.28959527278607833,0.31139999999999995,1,0.31139999999999995,6.0,inf
524,2,-0.7623821406554668,0.16501226146026832,-0.28959527278607833,0.31139999999999995,1,0.31139999999999995,6.0,inf
524,3,-0.7623821406554668,0.16501226146026832,-0.28959527278607833,0.31139999999999995,1,0.31139999999999995,6.0,inf
524,4,-0.7623821406554668,0.16501226146026832,-0.28959527278607833,0.31139999999999995,1,0.31139999999999995,6.0,inf
524,5,-0.7623821406554668,0.16501226146026832,-0.28959527278607833,0.31139999999999995,1,0.31139999999999995,6.0,inf
525,0,-0.08636051493770106,0.6452368539126523,0.24657813698972675,3.3516,1,3.3516,6.0,inf
525,1,-0.08636051493770106,0.6452368539126523,0.24657813698972675,3.3516,1,3.3516,6.0,inf
525,2,-0.08636051493770106,0.6452368539126523,0.24657813698972675,3.3516,1,3.3516,6.0,inf
525,3,-0.08636051493770106,0.6452368539126523,0.24657813698972675,3.3516,1,3.3516,6.0,inf
525,4,-0.08636051493770106,0.6452368539126523,0.24657813698972675,3.3516,1,3.3516,6.0,inf
525,5,-0.08636051493770106,0.6452368539126523,0.24657813698972675,3.3516,1,3.3516,6.0,inf
526,0,1.613458626080682,0.3799455564811736,1.5261106007294294,2.1066,1,2.1066,6.0,inf
526,1,1.613458626080682,0.3799455564811736,1.5261106007294294,2.1066,1,2.1066,6.0,inf
526,2,1.613458626080682,0.3799455564811736,1.5261106007294294,2.1066,1,2.1066,6.0,inf
526,3,1.613458626080682,0.3799455564811736,1.5261106007294294,2.1066,1,2.1066,6.0,inf
526,4,1.613458626080682,0.3799455564811736,1.5261106007294294,2.1066,1,2.1066,6.0,inf
526,5,1.613458626080682,0.3799455564811736,1.5261106007294294,2.1066,1,2.1066,6.0,inf
527,0,-0.13178734078041512,-0.7780943332842046,-1.2355586241786771,0.3087,1,0.3087,6.0,inf
527,1,-0.13178734078041512,-0.7780943332842046,-1.2355586241786771,0.3087,1,0.3087,6.0,inf
527,2,-0.13178734078041512,-0.7780943332842046,-1.2355586241786771,0.3087,1,0.3087,6.0,inf
527,3,-0.13178734078041512,-0.7780943332842046,-1.2355586241786771,0.3087,1,0.3087,6.0,inf
527,4,-0.13178734078041512,-0.7780943332842046,-1.2355586241786771,0.3087,1,0.3087,6.0,inf
527,5,-0.13178734078041512,-0.7780943332842046,-1.2355586241786771,0.3087,1,0.3087,6.0,inf
528,0,-2.7053588125513905,1.4556461081271386,-0.635452820858773,6.0,0,8.0001,6.0,inf
528,1,-2.7053588125513905,1.4556461081271386,-0.635452820858773,6.0,0,8.0001,6.0,inf
528,2,-2.7053588125513905,1.4556461081271386,-0.635452820858773,6.0,0,8.0001,6.0,inf
528,3,-2.7053588125513905,1.4556461081271386,-0.635452820858773,6.0,0,8.0001,6.0,inf
528,4,-2.7053588125513905,1.4556461081271386,-0.635452820858773,6.0,0,8.0001,6.0,inf
528,5,-2.7053588125513905,1.4556461081271386,-0.635452820858773,6.0,0,8.0001,6.0,inf
529,0,0.4267983030650275,0.39323050453159936,1.0457182195776362,2.1992999999999996,1,2.1992999999999996,6.0,inf
529,1,0.4267983030650275,0.39323050453159936,1.0457182195776362,2.1992999999999996,1,2.1992999999999996,6.0,inf
529,2,0.4267983030650275,0.39323050453159936,1.0457182195776362,2.1992999999999996,1,2.1992999999999996,6.0,inf
529,3,0.4267983030650275,0.39323050453159936,1.0457182195776362,2.1992999999999996,1,2.1992999999999996,6.0,inf
529,4,0.4267983030650275,0.39323050453159936,1.0457182195776362,2.1992999999999996,1,2.1992999999999996,6.0,inf
529,5,0.4267983030650275,0.39323050453159936,1.0457182195776362,2.1992999999999996,1,2.1992999999999996,6.0,inf
530,0,-2.8749353603236263,1.6720237219243481,0.35424472149455516,1.7928,1,1.7928,6.0,inf
530,1,-2.8749353603236263,1.6720237219243481,0.35424472149455516,1.7928,1,1.7928,6.0,inf
530,2,-2.8749353603236263,1.6720237219243481,0.35424472149455516,1.7928,1,1.7928,6.0,inf
530,3,-2.8749353603236263,1.6720237219243481,0.35424472149455516,1.7928,1,1.7928,6.0,inf
530,4,-2.8749353603236263,1.6720237219243481,0.35424472149455516,1.7928,1,1.7928,6.0,inf
530,5,-2.8749353603236263,1.6720237219243481,0.35424472149455516,1.7928,1,1.7928,6.0,inf
531,0,-1.8166471689164647,-1.0793843285715892,0.26194292626465765,0.6407999999999999,1,0.6407999999999999,6.0,inf
531,1,-1.8166471689164647,-1.0793843285715892,0.26194292626465765,0.6407999999999999,1,0.6407999999999999,6.0,inf
531,2,-1.8166471689164647,-1.0793843285715892,0.26194292626465765,0.6407999999999999,1,0.6407999999999999,6.0,inf
531,3,-1.8166471689164647,-1.0793843285715892,0.26194292626465765,0.6407999999999999,1,0.6407999999999999,6.0,inf
531,4,-1.8166471689164647,-1.0793843285715892,0.26194292626465765,0.6407999999999999,1,0.6407999999999999,6.0,inf
531,5,-1.8166471689164647,-1.0793843285715892,0.26194292626465765,0.6407999999999999,1,0.6407999999999999,6.0,inf
532,0,-0.07552785352455833,0.2418476490818877,-0.37331265112775075,3.3225,1,3.3225,6.0,inf
532,1,-0.07552785352455833,0.2418476490818877,-0.37331265112775075,3.3225,1,3.3225,6.0,inf
532,2,-0.07552785352455833,0.2418476490818877,-0.37331265112775075,3.3225,1,3.3225,6.0,inf
532,3,-0.07552785352455833,0.2418476490818877,-0.37331265112775075,3.3225,1,3.3225,6.0,inf
532,4,-0.07552785352455833,0.2418476490818877,-0.37331265112775075,3.3225,1,3.3225,6.0,inf
532,5,-0.07552785352455833,0.2418476490818877,-0.37331265112775075,3.3225,1,3.3225,6.0,inf
533,0,2.072381825509353,0.5356289354356358,-1.9318010778297405,3.1535999999999995,1,3.1535999999999995,6.0,inf
533,1,2.072381825509353,0.5356289354356358,-1.9318010778297405,3.1535999999999995,1,3.1535999999999995,6.0,inf
533,2,2.072381825509353,0.5356289354356358,-1.9318010778297405,3.1535999999999995,1,3.1535999999999995,6.0,inf
533,3,2.072381825509353,0.5356289354356358,-1.9318010778297405,3.1535999999999995,1,3.1535999999999995,6.0,inf
533,4,2.072381825509353,0.5356289354356358,-1.9318010778297405,3.1535999999999995,1,3.1535999999999995,6.0,inf
533,5,2.072381825509353,0.5356289354356358,-1.9318010778297405,3.1535999999999995,1,3.1535999999999995,6.0,inf
534,0,0.1534256024913275,-1.040513668829223,0.4215561812911751,1.2045,1,1.2045,6.0,inf
534,1,0.1534256024913275,-1.040513668829223,0.4215561812911751,1.2045,1,1.2045,6.0,inf
534,2,0.1534256024913275,-1.040513668829223,0.4215561812911751,1.2045,1,1.2045,6.0,inf
534,3,0.1534256024913275,-1.040513668829223,0.4215561812911751,1.2045,1,1.2045,6.0,inf
534,4,0.1534256024913275,-1.040513668829223,0.4215561812911751,1.2045,1,1.2045,6.0,inf
534,5,0.1534256024913275,-1.040513668829223,0.4215561812911751,1.2045,1,1.2045,6.0,inf
535,0,-0.20318897646287884,0.016701860821207108,-0.5219013723437009,4.752,1,4.752,6.0,inf
535,1,-0.20318897646287884,0.016701860821207108,-0.5219013723437009,4.752,1,4.752,6.0,inf
535,2,-0.20318897646287884,0.016701860821207108,-0.5219013723437009,4.752,1,4.752,6.0,inf
535,3,-0.20318897646287884,0.016701860821207108,-0.5219013723437009,4.752,1,4.752,6.0,inf
535,4,-0.20318897646287884,0.016701860821207108,-0.5219013723437009,4.752,1,4.752,6.0,inf
535,5,-0.20318897646287884,0.016701860821207108,-0.5219013723437009,4.752,1,4.752,6.0,inf
536,0,0.06451375853903231,-0.9953453590550381,0.6949708041512427,1.1870999999999998,1,1.1870999999999998,6.0,inf
536,1,0.06451375853903231,-0.9953453590550381,0.6949708041512427,1.1870999999999998,1,1.1870999999999998,6.0,inf
536,2,0.06451375853903231,-0.9953453590550381,0.6949708041512427,1.1870999999999998,1,1.1870999999999998,6.0,inf
536,3,0.06451375853903231,-0.9953453590550381,0.6949708041512427,1.1870999999999998,1,1.1870999999999998,6.0,inf
536,4,0.06451375853903231,-0.9953453590550381,0.6949708041512427,1.1870999999999998,1,1.1870999999999998,6.0,inf
536,5,0.06451375853903231,-0.9953453590550381,0.6949708041512427,1.1870999999999998,1,1.1870999999999998,6.0,inf
537,0,2.0274621119303133,1.1169004875432387,-0.5262949176508934,2.3484,1,2.3484,6.0,inf
537,1,2.0274621119303133,1.1169004875432387,-0.5262949176508934,2.3484,1,2.3484,6.0,inf
537,2,2.0274621119303133,1.1169004875432387,-0.5262949176508934,2.3484,1,2.3484,6.0,inf
537,3,2.0274621119303133,1.1169004875432387,-0.5262949176508934,2.3484,1,2.3484,6.0,inf
537,4,2.0274621119303133,1.1169004875432387,-0.5262949176508934,2.3484,1,2.3484,6.0,inf
537,5,2.0274621119303133,1.1169004875432387,-0.5262949176508934,2.3484,1,2.3484,6.0,inf
538,0,0.6407284387398916,-0.7802826357795984,-0.16565119385098287,1.4978999999999998,1,1.4978999999999998,6.0,inf
538,1,0.6407284387398916,-0.7802826357795984,-0.16565119385098287,1.4978999999999998,1,1.4978999999999998,6.0,inf
538,2,0.6407284387398916,-0.7802826357795984,-0.16565119385098287,1.4978999999999998,1,1.4978999999999998,6.0,inf
538,3,0.6407284387398916,-0.7802826357795984,-0.16565119385098287,1.4978999999999998,1,1.4978999999999998,6.0,inf
538,4,0.6407284387398916,-0.7802826357795984,-0.16565119385098287,1.4978999999999998,1,1.4978999999999998,6.0,inf
538,5,0.6407284387398916,-0.7802826357795984,-0.16565119385098287,1.4978999999999998,1,1.4978999999999998,6.0,inf
539,0,1.182161160703478,1.3884327307703344,-1.1745256231583094,3.6146999999999996,1,3.6146999999999996,6.0,inf
539,1,1.182161160703478,1.3884327307703344,-1.1745256231583094,3.6146999999999996,1,3.6146999999999996,6.0,inf
539,2,1.182161160703478,1.3884327307703344,-1.1745256231583094,3.6146999999999996,1,3.6146999999999996,6.0,inf
539,3,1.182161160703478,1.3884327307703344,-1.1745256231583094,3.6146999999999996,1,3.6146999999999996,6.0,inf
539,4,1.182161160703478,1.3884327307703344,-1.1745256231583094,3.6146999999999996,1,3.6146999999999996,6.0,inf
539,5,1.182161160703478,1.3884327307703344,-1.1745256231583094,3.6146999999999996,1,3.6146999999999996,6.0,inf
540,0,0.19207427332527974,-0.37398681225354913,-0.8917207585288657,3.0921,1,3.0921,6.0,inf
540,1,0.19207427332527974,-0.37398681225354913,-0.8917207585288657,3.0921,1,3.0921,6.0,inf
540,2,0.19207427332527974,-0.37398681225354913,-0.8917207585288657,3.0921,1,3.0921,6.0,inf
540,3,0.19207427332527974,-0.37398681225354913,-0.8917207585288657,3.0921,1,3.0921,6.0,inf
540,4,0.19207427332527974,-0.37398681225354913,-0.8917207585288657,3.0921,1,3.0921,6.0,inf
540,5,0.19207427332527974,-0.37398681225354913,-0.8917207585288657,3.0921,1,3.0921,6.0,inf
541,0,-1.2933558827877298,0.939017263899844,-0.41072419507945046,6.0,0,6.648,6.0,inf
541,1,-1.2933558827877298,0.939017263899844,-0.41072419507945046,6.0,0,6.648,6.0,inf
541,2,-1.2933558827877298,0.939017263899844,-0.41072419507945046,6.0,0,6.648,6.0,inf
541,3,-1.2933558827877298,0.939017263899844,-0.41072419507945046,6.0,0,6.648,6.0,inf
541,4,-1.2933558827877298,0.939017263899844,-0.41072419507945046,6.0,0,6.648,6.0,inf
541,5,-1.2933558827877298,0.939017263899844,-0.41072419507945046,6.0,0,6.648,6.0,inf
542,0,-0.02501698197817504,-0.08307288114436769,-0.3345829509229825,1.0866,1,1.0866,6.0,inf
542,1,-0.02501698197817504,-0.08307288114436769,-0.3345829509229825,1.0866,1,1.0866,6.0,inf
542,2,-0.02501698197817504,-0.08307288114436769,-0.3345829509229825,1.0866,1,1.0866,6.0,inf
542,3,-0.02501698197817504,-0.08307288114436769,-0.3345829509229825,1.0866,1,1.0866,6.0,inf
542,4,-0.02501698197817504,-0.08307288114436769,-0.3345829509229825,1.0866,1,1.0866,6.0,inf
542,5,-0.02501698197817504,-0.08307288114436769,-0.3345829509229825,1.0866,1,1.0866,6.0,inf
543,0,0.905038566349186,-0.5010965240049491,-0.05079692440103104,1.4223,1,1.4223,6.0,inf
543,1,0.905038566349186,-0.5010965240049491,-0.05079692440103104,1.4223,1,1.4223,6.0,inf
543,2,0.905038566349186,-0.5010965240049491,-0.05079692440103104,1.4223,1,1.4223,6.0,inf
543,3,0.905038566349186,-0.5010965240049491,-0.05079692440103104,1.4223,1,1.4223,6.0,inf
543,4,0.905038566349186,-0.5010965240049491,-0.05079692440103104,1.4223,1,1.4223,6.0,inf
543,5,0.905038566349186,-0.5010965240049491,-0.05079692440103104,1.4223,1,1.4223,6.0,inf
544,0,2.4631720219717503,0.7127025390241858,-0.49020333581271147,2.1323999999999996,1,2.1323999999999996,6.0,inf
544,1,2.4631720219717503,0.7127025390241858,-0.49020333581271147,2.1323999999999996,1,2.1323999999999996,6.0,inf
544,2,2.4631720219717503,0.7127025390241858,-0.49020333581271147,2.1323999999999996,1,2.1323999999999996,6.0,inf
544,3,2.4631720219717503,0.7127025390241858,-0.49020333581271147,2.1323999999999996,1,2.1323999999999996,6.0,inf
544,4,2.4631720219717503,0.7127025390241858,-0.49020333581271147,2.1323999999999996,1,2.1323999999999996,6.0,inf
544,5,2.4631720219717503,0.7127025390241858,-0.49020333581271147,2.1323999999999996,1,2.1323999999999996,6.0,inf
545,0,0.1503031004616108,-0.36823533180967416,-0.6875002174861969,0.2304,1,0.2304,6.0,inf
545,1,0.1503031004616108,-0.36823533180967416,-0.6875002174861969,0.2304,1,0.2304,6.0,inf
545,2,0.1503031004616108,-0.36823533180967416,-0.6875002174861969,0.2304,1,0.2304,6.0,inf
545,3,0.1503031004616108,-0.36823533180967416,-0.6875002174861969,0.2304,1,0.2304,6.0,inf
545,4,0.1503031004616108,-0.36823533180967416,-0.6875002174861969,0.2304,1,0.2304,6.0,inf
545,5,0.1503031004616108,-0.36823533180967416,-0.6875002174861969,0.2304,1,0.2304,6.0,inf
546,0,-0.880154149619172,-0.6774205085992582,-0.1825100703055835,0.45599999999999996,1,0.45599999999999996,6.0,inf
546,1,-0.880154149619172,-0.6774205085992582,-0.1825100703055835,0.45599999999999996,1,0.45599999999999996,6.0,inf
546,2,-0.880154149619172,-0.6774205085992582,-0.1825100703055835,0.45599999999999996,1,0.45599999999999996,6.0,inf
546,3,-0.880154149619172,-0.6774205085992582,-0.1825100703055835,0.45599999999999996,1,0.45599999999999996,6.0,inf
546,4,-0.880154149619172,-0.6774205085992582,-0.1825100703055835,0.45599999999999996,1,0.45599999999999996,6.0,inf
546,5,-0.880154149619172,-0.6774205085992582,-0.1825100703055835,0.45599999999999996,1,0.45599999999999996,6.0,inf
547,0,-2.0356136295154674,0.04301128261425356,1.0145229716562745,1.4468999999999999,1,1.4468999999999999,6.0,inf
547,1,-2.0356136295154674,0.04301128261425356,1.0145229716562745,1.4468999999999999,1,1.4468999999999999,6.0,inf
547,2,-2.0356136295154674,0.04301128261425356,1.0145229716562745,1.4468999999999999,1,1.4468999999999999,6.0,inf
547,3,-2.0356136295154674,0.04301128261425356,1.0145229716562745,1.4468999999999999,1,1.4468999999999999,6.0,inf
547,4,-2.0356136295154674,0.04301128261425356,1.0145229716562745,1.4468999999999999,1,1.4468999999999999,6.0,inf
547,5,-2.0356136295154674,0.04301128261425356,1.0145229716562745,1.4468999999999999,1,1.4468999999999999,6.0,inf
548,0,0.8352499873747176,2.0101278301691634,-0.7277454784146398,3.0246,1,3.0246,6.0,inf
548,1,0.8352499873747176,2.0101278301691634,-0.7277454784146398,3.0246,1,3.0246,6.0,inf
548,2,0.8352499873747176,2.0101278301691634,-0.7277454784146398,3.0246,1,3.0246,6.0,inf
548,3,0.8352499873747176,2.0101278301691634,-0.7277454784146398,3.0246,1,3.0246,6.0,inf
548,4,0.8352499873747176,2.0101278301691634,-0.7277454784146398,3.0246,1,3.0246,6.0,inf
548,5,0.8352499873747176,2.0101278301691634,-0.7277454784146398,3.0246,1,3.0246,6.0,inf
549,0,1.12540631701572,-0.0947544096314702,-0.7524465764014149,2.1803999999999997,1,2.1803999999999997,6.0,inf
549,1,1.12540631701572,-0.0947544096314702,-0.7524465764014149,2.1803999999999997,1,2.1803999999999997,6.0,inf
549,2,1.12540631701572,-0.0947544096314702,-0.7524465764014149,2.1803999999999997,1,2.1803999999999997,6.0,inf
549,3,1.12540631701572,-0.0947544096314702,-0.7524465764014149,2.1803999999999997,1,2.1803999999999997,6.0,inf
549,4,1.12540631701572,-0.0947544096314702,-0.7524465764014149,2.1803999999999997,1,2.1803999999999997,6.0,inf
549,5,1.12540631701572,-0.0947544096314702,-0.7524465764014149,2.1803999999999997,1,2.1803999999999997,6.0,inf
550,0,-0.09836651708465623,0.2255495135539701,0.9444733011782126,1.7607,1,1.7607,6.0,inf
550,1,-0.09836651708465623,0.2255495135539701,0.9444733011782126,1.7607,1,1.7607,6.0,inf
550,2,-0.09836651708465623,0.2255495135539701,0.9444733011782126,1.7607,1,1.7607,6.0,inf
550,3,-0.09836651708465623,0.2255495135539701,0.9444733011782126,1.7607,1,1.7607,6.0,inf
550,4,-0.09836651708465623,0.2255495135539701,0.9444733011782126,1.7607,1,1.7607,6.0,inf
550,5,-0.09836651708465623,0.2255495135539701,0.9444733011782126,1.7607,1,1.7607,6.0,inf
551,0,-1.3382381586993504,-0.8834586242785297,0.5950973553374516,2.3436,1,2.3436,6.0,inf
551,1,-1.3382381586993504,-0.8834586242785297,0.5950973553374516,2.3436,1,2.3436,6.0,inf
551,2,-1.3382381586993504,-0.8834586242785297,0.5950973553374516,2.3436,1,2.3436,6.0,inf
551,3,-1.3382381586993504,-0.8834586242785297,0.5950973553374516,2.3436,1,2.3436,6.0,inf
551,4,-1.3382381586993504,-0.8834586242785297,0.5950973553374516,2.3436,1,2.3436,6.0,inf
551,5,-1.3382381586993504,-0.8834586242785297,0.5950973553374516,2.3436,1,2.3436,6.0,inf
552,0,-2.133201871692974,-0.1763389777048304,-0.6755249288658269,1.6103999999999998,1,1.6103999999999998,6.0,inf
552,1,-2.133201871692974,-0.1763389777048304,-0.6755249288658269,1.6103999999999998,1,1.6103999999999998,6.0,inf
552,2,-2.133201871692974,-0.1763389777048304,-0.6755249288658269,1.6103999999999998,1,1.6103999999999998,6.0,inf
552,3,-2.133201871692974,-0.1763389777048304,-0.6755249288658269,1.6103999999999998,1,1.6103999999999998,6.0,inf
552,4,-2.133201871692974,-0.1763389777048304,-0.6755249288658269,1.6103999999999998,1,1.6103999999999998,6.0,inf
552,5,-2.133201871692974,-0.1763389777048304,-0.6755249288658269,1.6103999999999998,1,1.6103999999999998,6.0,inf
553,0,0.034259487938499256,-0.34852700744668424,0.246376802890051,3.1460999999999997,1,3.1460999999999997,6.0,inf
553,1,0.034259487938499256,-0.34852700744668424,0.246376802890051,3.1460999999999997,1,3.1460999999999997,6.0,inf
553,2,0.034259487938499256,-0.34852700744668424,0.246376802890051,3.1460999999999997,1,3.1460999999999997,6.0,inf
553,3,0.034259487938499256,-0.34852700744668424,0.246376802890051,3.1460999999999997,1,3.1460999999999997,6.0,inf
553,4,0.034259487938499256,-0.34852700744668424,0.246376802890051,3.1460999999999997,1,3.1460999999999997,6.0,inf
553,5,0.034259487938499256,-0.34852700744668424,0.246376802890051,3.1460999999999997,1,3.1460999999999997,6.0,inf
554,0,0.015088218463927787,-0.01442330969401363,1.4962696105307411,1.0635,1,1.0635,6.0,inf
554,1,0.015088218463927787,-0.01442330969401363,1.4962696105307411,1.0635,1,1.0635,6.0,inf
554,2,0.015088218463927787,-0.01442330969401363,1.4962696105307411,1.0635,1,1.0635,6.0,inf
554,3,0.015088218463927787,-0.01442330969401363,1.4962696105307411,1.0635,1,1.0635,6.0,inf
554,4,0.015088218463927787,-0.01442330969401363,1.4962696105307411,1.0635,1,1.0635,6.0,inf
554,5,0.015088218463927787,-0.01442330969401363,1.4962696105307411,1.0635,1,1.0635,6.0,inf
555,0,-0.22016055656042965,0.08909261967016972,0.9684572159388963,1.2084,1,1.2084,6.0,inf
555,1,-0.22016055656042965,0.08909261967016972,0.9684572159388963,1.2084,1,1.2084,6.0,inf
555,2,-0.22016055656042965,0.08909261967016972,0.9684572159388963,1.2084,1,1.2084,6.0,inf
555,3,-0.22016055656042965,0.08909261967016972,0.9684572159388963,1.2084,1,1.2084,6.0,inf
555,4,-0.22016055656042965,0.08909261967016972,0.9684572159388963,1.2084,1,1.2084,6.0,inf
555,5,-0.22016055656042965,0.08909261967016972,0.9684572159388963,1.2084,1,1.2084,6.0,inf
556,0,0.6509577274647249,-1.6223996708851611,-0.08864859459762287,2.3043,1,2.3043,6.0,inf
556,1,0.6509577274647249,-1.6223996708851611,-0.08864859459762287,2.3043,1,2.3043,6.0,inf
556,2,0.6509577274647249,-1.6223996708851611,-0.08864859459762287,2.3043,1,2.3043,6.0,inf
556,3,0.6509577274647249,-1.6223996708851611,-0.08864859459762287,2.3043,1,2.3043,6.0,inf
556,4,0.6509577274647249,-1.6223996708851611,-0.08864859459762287,2.3043,1,2.3043,6.0,inf
556,5,0.6509577274647249,-1.6223996708851611,-0.08864859459762287,2.3043,1,2.3043,6.0,inf
557,0,-0.8161655509291341,-0.18607650631257427,0.34939267313050604,6.0,0,7.348199999999999,6.0,inf
557,1,-0.8161655509291341,-0.18607650631257427,0.34939267313050604,6.0,0,7.348199999999999,6.0,inf
557,2,-0.8161655509291341,-0.18607650631257427,0.34939267313050604,6.0,0,7.348199999999999,6.0,inf
557,3,-0.8161655509291341,-0.18607650631257427,0.34939267313050604,6.0,0,7.348199999999999,6.0,inf
557,4,-0.8161655509291341,-0.18607650631257427,0.34939267313050604,6.0,0,7.348199999999999,6.0,inf
557,5,-0.8161655509291341,-0.18607650631257427,0.34939267313050604,6.0,0,7.348199999999999,6.0,inf
558,0,0.8185569261475819,1.0018602743727938,2.378957832309264,2.4288,1,2.4288,6.0,inf
558,1,0.8185569261475819,1.0018602743727938,2.378957832309264,2.4288,1,2.4288,6.0,inf
558,2,0.8185569261475819,1.0018602743727938,2.378957832309264,2.4288,1,2.4288,6.0,inf
558,3,0.8185569261475819,1.0018602743727938,2.378957832309264,2.4288,1,2.4288,6.0,inf
558,4,0.8185569261475819,1.0018602743727938,2.378957832309264,2.4288,1,2.4288,6.0,inf
558,5,0.8185569261475819,1.0018602743727938,2.378957832309264,2.4288,1,2.4288,6.0,inf
559,0,0.46889586400690964,-2.1895675881519114,0.9336085198330052,0.5864999999999999,1,0.5864999999999999,6.0,inf
559,1,0.46889586400690964,-2.1895675881519114,0.9336085198330052,0.5864999999999999,1,0.5864999999999999,6.0,inf
559,2,0.46889586400690964,-2.1895675881519114,0.9336085198330052,0.5864999999999999,1,0.5864999999999999,6.0,inf
559,3,0.46889586400690964,-2.1895675881519114,0.9336085198330052,0.5864999999999999,1,0.5864999999999999,6.0,inf
559,4,0.46889586400690964,-2.1895675881519114,0.9336085198330052,0.5864999999999999,1,0.5864999999999999,6.0,inf
559,5,0.46889586400690964,-2.1895675881519114,0.9336085198330052,0.5864999999999999,1,0.5864999999999999,6.0,inf
560,0,0.2279595298937016,0.7998314410159629,1.2686758260679598,0.7457999999999999,1,0.7457999999999999,6.0,inf
560,1,0.2279595298937016,0.7998314410159629,1.2686758260679598,0.7457999999999999,1,0.7457999999999999,6.0,inf
560,2,0.2279595298937016,0.7998314410159629,1.2686758260679598,0.7457999999999999,1,0.7457999999999999,6.0,inf
560,3,0.2279595298937016,0.7998314410159629,1.2686758260679598,0.7457999999999999,1,0.7457999999999999,6.0,inf
560,4,0.2279595298937016,0.7998314410159629,1.2686758260679598,0.7457999999999999,1,0.7457999999999999,6.0,inf
560,5,0.2279595298937016,0.7998314410159629,1.2686758260679598,0.7457999999999999,1,0.7457999999999999,6.0,inf
561,0,-0.31916297224025236,0.3864648758017477,0.6954506981016894,3.4859999999999998,1,3.4859999999999998,6.0,inf
561,1,-0.31916297224025236,0.3864648758017477,0.6954506981016894,3.4859999999999998,1,3.4859999999999998,6.0,inf
561,2,-0.31916297224025236,0.3864648758017477,0.6954506981016894,3.4859999999999998,1,3.4859999999999998,6.0,inf
561,3,-0.31916297224025236,0.3864648758017477,0.6954506981016894,3.4859999999999998,1,3.4859999999999998,6.0,inf
561,4,-0.31916297224025236,0.3864648758017477,0.6954506981016894,3.4859999999999998,1,3.4859999999999998,6.0,inf
561,5,-0.31916297224025236,0.3864648758017477,0.6954506981016894,3.4859999999999998,1,3.4859999999999998,6.0,inf
562,0,-0.04759352548035215,0.6904592732788918,0.19392873034140712,5.8617,1,5.8617,6.0,inf
562,1,-0.04759352548035215,0.6904592732788918,0.19392873034140712,5.8617,1,5.8617,6.0,inf
562,2,-0.04759352548035215,0.6904592732788918,0.19392873034140712,5.8617,1,5.8617,6.0,inf
562,3,-0.04759352548035215,0.6904592732788918,0.19392873034140712,5.8617,1,5.8617,6.0,inf
562,4,-0.04759352548035215,0.6904592732788918,0.19392873034140712,5.8617,1,5.8617,6.0,inf
562,5,-0.04759352548035215,0.6904592732788918,0.19392873034140712,5.8617,1,5.8617,6.0,inf
563,0,-0.45093445505918284,-0.40374937921160303,0.2325098341900329,1.1415,1,1.1415,6.0,inf
563,1,-0.45093445505918284,-0.40374937921160303,0.2325098341900329,1.1415,1,1.1415,6.0,inf
563,2,-0.45093445505918284,-0.40374937921160303,0.2325098341900329,1.1415,1,1.1415,6.0,inf
563,3,-0.45093445505918284,-0.40374937921160303,0.2325098341900329,1.1415,1,1.1415,6.0,inf
563,4,-0.45093445505918284,-0.40374937921160303,0.2325098341900329,1.1415,1,1.1415,6.0,inf
563,5,-0.45093445505918284,-0.40374937921160303,0.2325098341900329,1.1415,1,1.1415,6.0,inf
564,0,0.43584704926601125,-0.38554971213146394,0.00783402319794803,2.0562,1,2.0562,6.0,inf
564,1,0.43584704926601125,-0.38554971213146394,0.00783402319794803,2.0562,1,2.0562,6.0,inf
564,2,0.43584704926601125,-0.38554971213146394,0.00783402319794803,2.0562,1,2.0562,6.0,inf
564,3,0.43584704926601125,-0.38554971213146394,0.00783402319794803,2.0562,1,2.0562,6.0,inf
564,4,0.43584704926601125,-0.38554971213146394,0.00783402319794803,2.0562,1,2.0562,6.0,inf
564,5,0.43584704926601125,-0.38554971213146394,0.00783402319794803,2.0562,1,2.0562,6.0,inf
565,0,-0.824893778202713,-1.1583933110757252,-0.4988063053684238,0.9591,1,0.9591,6.0,inf
565,1,-0.824893778202713,-1.1583933110757252,-0.4988063053684238,0.9591,1,0.9591,6.0,inf
565,2,-0.824893778202713,-1.1583933110757252,-0.4988063053684238,0.9591,1,0.9591,6.0,inf
565,3,-0.824893778202713,-1.1583933110757252,-0.4988063053684238,0.9591,1,0.9591,6.0,inf
565,4,-0.824893778202713,-1.1583933110757252,-0.4988063053684238,0.9591,1,0.9591,6.0,inf
565,5,-0.824893778202713,-1.1583933110757252,-0.4988063053684238,0.9591,1,0.9591,6.0,inf
566,0,-0.4569674428292192,-1.9104527266178355,0.705234352408917,1.0355999999999999,1,1.0355999999999999,6.0,inf
566,1,-0.4569674428292192,-1.9104527266178355,0.705234352408917,1.0355999999999999,1,1.0355999999999999,6.0,inf
566,2,-0.4569674428292192,-1.9104527266178355,0.705234352408917,1.0355999999999999,1,1.0355999999999999,6.0,inf
566,3,-0.4569674428292192,-1.9104527266178355,0.705234352408917,1.0355999999999999,1,1.0355999999999999,6.0,inf
566,4,-0.4569674428292192,-1.9104527266178355,0.705234352408917,1.0355999999999999,1,1.0355999999999999,6.0,inf
566,5,-0.4569674428292192,-1.9104527266178355,0.705234352408917,1.0355999999999999,1,1.0355999999999999,6.0,inf
567,0,-1.7870400142713578,-1.4612813807184328,-0.5815460984425104,0.38999999999999996,1,0.38999999999999996,6.0,inf
567,1,-1.7870400142713578,-1.4612813807184328,-0.5815460984425104,0.38999999999999996,1,0.38999999999999996,6.0,inf
567,2,-1.7870400142713578,-1.4612813807184328,-0.5815460984425104,0.38999999999999996,1,0.38999999999999996,6.0,inf
567,3,-1.7870400142713578,-1.4612813807184328,-0.5815460984425104,0.38999999999999996,1,0.38999999999999996,6.0,inf
567,4,-1.7870400142713578,-1.4612813807184328,-0.5815460984425104,0.38999999999999996,1,0.38999999999999996,6.0,inf
567,5,-1.7870400142713578,-1.4612813807184328,-0.5815460984425104,0.38999999999999996,1,0.38999999999999996,6.0,inf
568,0,-0.1004758464707325,0.12015084806070099,-0.853570178979788,2.739,1,2.739,6.0,inf
568,1,-0.1004758464707325,0.12015084806070099,-0.853570178979788,2.739,1,2.739,6.0,inf
568,2,-0.1004758464707325,0.12015084806070099,-0.853570178979788,2.739,1,2.739,6.0,inf
568,3,-0.1004758464707325,0.12015084806070099,-0.853570178979788,2.739,1,2.739,6.0,inf
568,4,-0.1004758464707325,0.12015084806070099,-0.853570178979788,2.739,1,2.739,6.0,inf
568,5,-0.1004758464707325,0.12015084806070099,-0.853570178979788,2.739,1,2.739,6.0,inf
569,0,-1.4434241499429008,2.182323683800973,-1.058193412087679,3.7001999999999997,1,3.7001999999999997,6.0,inf
569,1,-1.4434241499429008,2.182323683800973,-1.058193412087679,3.7001999999999997,1,3.7001999999999997,6.0,inf
569,2,-1.4434241499429008,2.182323683800973,-1.058193412087679,3.7001999999999997,1,3.7001999999999997,6.0,inf
569,3,-1.4434241499429008,2.182323683800973,-1.058193412087679,3.7001999999999997,1,3.7001999999999997,6.0,inf
569,4,-1.4434241499429008,2.182323683800973,-1.058193412087679,3.7001999999999997,1,3.7001999999999997,6.0,inf
569,5,-1.4434241499429008,2.182323683800973,-1.058193412087679,3.7001999999999997,1,3.7001999999999997,6.0,inf
570,0,0.5104393495173879,-0.05314571755878302,0.13214776693024236,1.7576999999999998,1,1.7576999999999998,6.0,inf
570,1,0.5104393495173879,-0.05314571755878302,0.13214776693024236,1.7576999999999998,1,1.7576999999999998,6.0,inf
570,2,0.5104393495173879,-0.05314571755878302,0.13214776693024236,1.7576999999999998,1,1.7576999999999998,6.0,inf
570,3,0.5104393495173879,-0.05314571755878302,0.13214776693024236,1.7576999999999998,1,1.7576999999999998,6.0,inf
570,4,0.5104393495173879,-0.05314571755878302,0.13214776693024236,1.7576999999999998,1,1.7576999999999998,6.0,inf
570,5,0.5104393495173879,-0.05314571755878302,0.13214776693024236,1.7576999999999998,1,1.7576999999999998,6.0,inf
571,0,-0.3932760632595081,1.1613188413252702,0.044522046870444434,2.4246,1,2.4246,6.0,inf
571,1,-0.3932760632595081,1.1613188413252702,0.044522046870444434,2.4246,1,2.4246,6.0,inf
571,2,-0.3932760632595081,1.1613188413252702,0.044522046870444434,2.4246,1,2.4246,6.0,inf
571,3,-0.3932760632595081,1.1613188413252702,0.044522046870444434,2.4246,1,2.4246,6.0,inf
571,4,-0.3932760632595081,1.1613188413252702,0.044522046870444434,2.4246,1,2.4246,6.0,inf
571,5,-0.3932760632595081,1.1613188413252702,0.044522046870444434,2.4246,1,2.4246,6.0,inf
572,0,1.1401747190257554,0.08616561648224871,-0.5790344116764921,2.0132999999999996,1,2.0132999999999996,6.0,inf
572,1,1.1401747190257554,0.08616561648224871,-0.5790344116764921,2.0132999999999996,1,2.0132999999999996,6.0,inf
572,2,1.1401747190257554,0.08616561648224871,-0.5790344116764921,2.0132999999999996,1,2.0132999999999996,6.0,inf
572,3,1.1401747190257554,0.08616561648224871,-0.5790344116764921,2.0132999999999996,1,2.0132999999999996,6.0,inf
572,4,1.1401747190257554,0.08616561648224871,-0.5790344116764921,2.0132999999999996,1,2.0132999999999996,6.0,inf
572,5,1.1401747190257554,0.08616561648224871,-0.5790344116764921,2.0132999999999996,1,2.0132999999999996,6.0,inf
573,0,1.1791833510746246,-1.4265337537450817,-2.593338279426909,1.9352999999999998,1,1.9352999999999998,6.0,inf
573,1,1.1791833510746246,-1.4265337537450817,-2.593338279426909,1.9352999999999998,1,1.9352999999999998,6.0,inf
573,2,1.1791833510746246,-1.4265337537450817,-2.593338279426909,1.9352999999999998,1,1.9352999999999998,6.0,inf
573,3,1.1791833510746246,-1.4265337537450817,-2.593338279426909,1.9352999999999998,1,1.9352999999999998,6.0,inf
573,4,1.1791833510746246,-1.4265337537450817,-2.593338279426909,1.9352999999999998,1,1.9352999999999998,6.0,inf
573,5,1.1791833510746246,-1.4265337537450817,-2.593338279426909,1.9352999999999998,1,1.9352999999999998,6.0,inf
574,0,-0.8527876333555761,-0.9870788072878136,-0.9883979152213805,2.61,1,2.61,6.0,inf
574,1,-0.8527876333555761,-0.9870788072878136,-0.9883979152213805,2.61,1,2.61,6.0,inf
574,2,-0.8527876333555761,-0.9870788072878136,-0.9883979152213805,2.61,1,2.61,6.0,inf
574,3,-0.8527876333555761,-0.9870788072878136,-0.9883979152213805,2.61,1,2.61,6.0,inf
574,4,-0.8527876333555761,-0.9870788072878136,-0.9883979152213805,2.61,1,2.61,6.0,inf
574,5,-0.8527876333555761,-0.9870788072878136,-0.9883979152213805,2.61,1,2.61,6.0,inf
575,0,-0.05544572938943855,-1.5661826781774992,-0.5286405738694752,1.6562999999999999,1,1.6562999999999999,6.0,inf
575,1,-0.05544572938943855,-1.5661826781774992,-0.5286405738694752,1.6562999999999999,1,1.6562999999999999,6.0,inf
575,2,-0.05544572938943855,-1.5661826781774992,-0.5286405738694752,1.6562999999999999,1,1.6562999999999999,6.0,inf
575,3,-0.05544572938943855,-1.5661826781774992,-0.5286405738694752,1.6562999999999999,1,1.6562999999999999,6.0,inf
575,4,-0.05544572938943855,-1.5661826781774992,-0.5286405738694752,1.6562999999999999,1,1.6562999999999999,6.0,inf
575,5,-0.05544572938943855,-1.5661826781774992,-0.5286405738694752,1.6562999999999999,1,1.6562999999999999,6.0,inf
576,0,-1.6059813245694983,-0.4764478441097212,-0.5513157760842351,6.0,0,8.0001,6.0,inf
576,1,-1.6059813245694983,-0.4764478441097212,-0.5513157760842351,6.0,0,8.0001,6.0,inf
576,2,-1.6059813245694983,-0.4764478441097212,-0.5513157760842351,6.0,0,8.0001,6.0,inf
576,3,-1.6059813245694983,-0.4764478441097212,-0.5513157760842351,6.0,0,8.0001,6.0,inf
576,4,-1.6059813245694983,-0.4764478441097212,-0.5513157760842351,6.0,0,8.0001,6.0,inf
576,5,-1.6059813245694983,-0.4764478441097212,-0.5513157760842351,6.0,0,8.0001,6.0,inf
577,0,-1.3011656704922876,0.9816517776251134,1.2063487873978105,6.0,0,8.0001,6.0,inf
577,1,-1.3011656704922876,0.9816517776251134,1.2063487873978105,6.0,0,8.0001,6.0,inf
577,2,-1.3011656704922876,0.9816517776251134,1.2063487873978105,6.0,0,8.0001,6.0,inf
577,3,-1.3011656704922876,0.9816517776251134,1.2063487873978105,6.0,0,8.0001,6.0,inf
577,4,-1.3011656704922876,0.9816517776251134,1.2063487873978105,6.0,0,8.0001,6.0,inf
577,5,-1.3011656704922876,0.9816517776251134,1.2063487873978105,6.0,0,8.0001,6.0,inf
578,0,-0.28636517329056527,1.7193533856785674,0.3857898950367579,4.438199999999999,1,4.438199999999999,6.0,inf
578,1,-0.28636517329056527,1.7193533856785674,0.3857898950367579,4.438199999999999,1,4.438199999999999,6.0,inf
578,2,-0.28636517329056527,1.7193533856785674,0.3857898950367579,4.438199999999999,1,4.438199999999999,6.0,inf
578,3,-0.28636517329056527,1.7193533856785674,0.3857898950367579,4.438199999999999,1,4.438199999999999,6.0,inf
578,4,-0.28636517329056527,1.7193533856785674,0.3857898950367579,4.438199999999999,1,4.438199999999999,6.0,inf
578,5,-0.28636517329056527,1.7193533856785674,0.3857898950367579,4.438199999999999,1,4.438199999999999,6.0,inf
579,0,1.1856022606283814,-2.476389268008221,-1.3295867442661222,0.44999999999999996,1,0.44999999999999996,6.0,inf
579,1,1.1856022606283814,-2.476389268008221,-1.3295867442661222,0.44999999999999996,1,0.44999999999999996,6.0,inf
579,2,1.1856022606283814,-2.476389268008221,-1.3295867442661222,0.44999999999999996,1,0.44999999999999996,6.0,inf
579,3,1.1856022606283814,-2.476389268008221,-1.3295867442661222,0.44999999999999996,1,0.44999999999999996,6.0,inf
579,4,1.1856022606283814,-2.476389268008221,-1.3295867442661222,0.44999999999999996,1,0.44999999999999996,6.0,inf
579,5,1.1856022606283814,-2.476389268008221,-1.3295867442661222,0.44999999999999996,1,0.44999999999999996,6.0,inf
580,0,-0.799325621248391,1.8135394527621194,-1.5746951464242258,3.9566999999999997,1,3.9566999999999997,6.0,inf
580,1,-0.799325621248391,1.8135394527621194,-1.5746951464242258,3.9566999999999997,1,3.9566999999999997,6.0,inf
580,2,-0.799325621248391,1.8135394527621194,-1.5746951464242258,3.9566999999999997,1,3.9566999999999997,6.0,inf
580,3,-0.799325621248391,1.8135394527621194,-1.5746951464242258,3.9566999999999997,1,3.9566999999999997,6.0,inf
580,4,-0.799325621248391,1.8135394527621194,-1.5746951464242258,3.9566999999999997,1,3.9566999999999997,6.0,inf
580,5,-0.799325621248391,1.8135394527621194,-1.5746951464242258,3.9566999999999997,1,3.9566999999999997,6.0,inf
581,0,1.3994810257860082,0.14457102635198496,0.6836773941964703,2.2184999999999997,1,2.2184999999999997,6.0,inf
581,1,1.3994810257860082,0.14457102635198496,0.6836773941964703,2.2184999999999997,1,2.2184999999999997,6.0,inf
581,2,1.3994810257860082,0.14457102635198496,0.6836773941964703,2.2184999999999997,1,2.2184999999999997,6.0,inf
581,3,1.3994810257860082,0.14457102635198496,0.6836773941964703,2.2184999999999997,1,2.2184999999999997,6.0,inf
581,4,1.3994810257860082,0.14457102635198496,0.6836773941964703,2.2184999999999997,1,2.2184999999999997,6.0,inf
581,5,1.3994810257860082,0.14457102635198496,0.6836773941964703,2.2184999999999997,1,2.2184999999999997,6.0,inf
582,0,2.0230350959811676,-0.8447742411657552,2.0812646809658117,1.4414999999999998,1,1.4414999999999998,6.0,inf
582,1,2.0230350959811676,-0.8447742411657552,2.0812646809658117,1.4414999999999998,1,1.4414999999999998,6.0,inf
582,2,2.0230350959811676,-0.8447742411657552,2.0812646809658117,1.4414999999999998,1,1.4414999999999998,6.0,inf
582,3,2.0230350959811676,-0.8447742411657552,2.0812646809658117,1.4414999999999998,1,1.4414999999999998,6.0,inf
582,4,2.0230350959811676,-0.8447742411657552,2.0812646809658117,1.4414999999999998,1,1.4414999999999998,6.0,inf
582,5,2.0230350959811676,-0.8447742411657552,2.0812646809658117,1.4414999999999998,1,1.4414999999999998,6.0,inf
583,0,-0.3806899792082487,0.03236547637280172,1.526838889512586,1.0073999999999999,1,1.0073999999999999,6.0,inf
583,1,-0.3806899792082487,0.03236547637280172,1.526838889512586,1.0073999999999999,1,1.0073999999999999,6.0,inf
583,2,-0.3806899792082487,0.03236547637280172,1.526838889512586,1.0073999999999999,1,1.0073999999999999,6.0,inf
583,3,-0.3806899792082487,0.03236547637280172,1.526838889512586,1.0073999999999999,1,1.0073999999999999,6.0,inf
583,4,-0.3806899792082487,0.03236547637280172,1.526838889512586,1.0073999999999999,1,1.0073999999999999,6.0,inf
583,5,-0.3806899792082487,0.03236547637280172,1.526838889512586,1.0073999999999999,1,1.0073999999999999,6.0,inf
584,0,0.7564729953355863,0.19584495089550863,1.9538767736667952,1.1481,1,1.1481,6.0,inf
584,1,0.7564729953355863,0.19584495089550863,1.9538767736667952,1.1481,1,1.1481,6.0,inf
584,2,0.7564729953355863,0.19584495089550863,1.9538767736667952,1.1481,1,1.1481,6.0,inf
584,3,0.7564729953355863,0.19584495089550863,1.9538767736667952,1.1481,1,1.1481,6.0,inf
584,4,0.7564729953355863,0.19584495089550863,1.9538767736667952,1.1481,1,1.1481,6.0,inf
584,5,0.7564729953355863,0.19584495089550863,1.9538767736667952,1.1481,1,1.1481,6.0,inf
585,0,0.6364948318955644,0.2546965039854637,0.600937806549445,1.9469999999999998,1,1.9469999999999998,6.0,inf
585,1,0.6364948318955644,0.2546965039854637,0.600937806549445,1.9469999999999998,1,1.9469999999999998,6.0,inf
585,2,0.6364948318955644,0.2546965039854637,0.600937806549445,1.9469999999999998,1,1.9469999999999998,6.0,inf
585,3,0.6364948318955644,0.2546965039854637,0.600937806549445,1.9469999999999998,1,1.9469999999999998,6.0,inf
585,4,0.6364948318955644,0.2546965039854637,0.600937806549445,1.9469999999999998,1,1.9469999999999998,6.0,inf
585,5,0.6364948318955644,0.2546965039854637,0.600937806549445,1.9469999999999998,1,1.9469999999999998,6.0,inf
586,0,-0.2471902286377473,-1.9920505344883372,-1.928927752368819,0.3162,1,0.3162,6.0,inf
586,1,-0.2471902286377473,-1.9920505344883372,-1.928927752368819,0.3162,1,0.3162,6.0,inf
586,2,-0.2471902286377473,-1.9920505344883372,-1.928927752368819,0.3162,1,0.3162,6.0,inf
586,3,-0.2471902286377473,-1.9920505344883372,-1.928927752368819,0.3162,1,0.3162,6.0,inf
586,4,-0.2471902286377473,-1.9920505344883372,-1.928927752368819,0.3162,1,0.3162,6.0,inf
586,5,-0.2471902286377473,-1.9920505344883372,-1.928927752368819,0.3162,1,0.3162,6.0,inf
587,0,-0.7936804149980498,0.6185033104290986,2.7339156005613563,0.3177,1,0.3177,6.0,inf
587,1,-0.7936804149980498,0.6185033104290986,2.7339156005613563,0.3177,1,0.3177,6.0,inf
587,2,-0.7936804149980498,0.6185033104290986,2.7339156005613563,0.3177,1,0.3177,6.0,inf
587,3,-0.7936804149980498,0.6185033104290986,2.7339156005613563,0.3177,1,0.3177,6.0,inf
587,4,-0.7936804149980498,0.6185033104290986,2.7339156005613563,0.3177,1,0.3177,6.0,inf
587,5,-0.7936804149980498,0.6185033104290986,2.7339156005613563,0.3177,1,0.3177,6.0,inf
588,0,-0.7873009617571611,-0.03322207724247871,-0.49926601717156543,1.6874999999999998,1,1.6874999999999998,6.0,inf
588,1,-0.7873009617571611,-0.03322207724247871,-0.49926601717156543,1.6874999999999998,1,1.6874999999999998,6.0,inf
588,2,-0.7873009617571611,-0.03322207724247871,-0.49926601717156543,1.6874999999999998,1,1.6874999999999998,6.0,inf
588,3,-0.7873009617571611,-0.03322207724247871,-0.49926601717156543,1.6874999999999998,1,1.6874999999999998,6.0,inf
588,4,-0.7873009617571611,-0.03322207724247871,-0.49926601717156543,1.6874999999999998,1,1.6874999999999998,6.0,inf
588,5,-0.7873009617571611,-0.03322207724247871,-0.49926601717156543,1.6874999999999998,1,1.6874999999999998,6.0,inf
589,0,-1.4260244880002266,0.6350648220528701,-1.9078762980765414,0.23009999999999997,1,0.23009999999999997,6.0,inf
589,1,-1.4260244880002266,0.6350648220528701,-1.9078762980765414,0.23009999999999997,1,0.23009999999999997,6.0,inf
589,2,-1.4260244880002266,0.6350648220528701,-1.9078762980765414,0.23009999999999997,1,0.23009999999999997,6.0,inf
589,3,-1.4260244880002266,0.6350648220528701,-1.9078762980765414,0.23009999999999997,1,0.23009999999999997,6.0,inf
589,4,-1.4260244880002266,0.6350648220528701,-1.9078762980765414,0.23009999999999997,1,0.23009999999999997,6.0,inf
589,5,-1.4260244880002266,0.6350648220528701,-1.9078762980765414,0.23009999999999997,1,0.23009999999999997,6.0,inf
590,0,-1.0570286376979858,0.6249882242107895,-1.8172719556689916,6.0,0,6.882,6.0,inf
590,1,-1.0570286376979858,0.6249882242107895,-1.8172719556689916,6.0,0,6.882,6.0,inf
590,2,-1.0570286376979858,0.6249882242107895,-1.8172719556689916,6.0,0,6.882,6.0,inf
590,3,-1.0570286376979858,0.6249882242107895,-1.8172719556689916,6.0,0,6.882,6.0,inf
590,4,-1.0570286376979858,0.6249882242107895,-1.8172719556689916,6.0,0,6.882,6.0,inf
590,5,-1.0570286376979858,0.6249882242107895,-1.8172719556689916,6.0,0,6.882,6.0,inf
591,0,0.2561526428149154,0.12653060082869683,0.0328516114055585,1.3227,1,1.3227,6.0,inf
591,1,0.2561526428149154,0.12653060082869683,0.0328516114055585,1.3227,1,1.3227,6.0,inf
591,2,0.2561526428149154,0.12653060082869683,0.0328516114055585,1.3227,1,1.3227,6.0,inf
591,3,0.2561526428149154,0.12653060082869683,0.0328516114055585,1.3227,1,1.3227,6.0,inf
591,4,0.2561526428149154,0.12653060082869683,0.0328516114055585,1.3227,1,1.3227,6.0,inf
591,5,0.2561526428149154,0.12653060082869683,0.0328516114055585,1.3227,1,1.3227,6.0,inf
592,0,-1.0484421604487875,0.556749701787698,1.1690349911346543,6.0,0,8.0001,6.0,inf
592,1,-1.0484421604487875,0.556749701787698,1.1690349911346543,6.0,0,8.0001,6.0,inf
592,2,-1.0484421604487875,0.556749701787698,1.1690349911346543,6.0,0,8.0001,6.0,inf
592,3,-1.0484421604487875,0.556749701787698,1.1690349911346543,6.0,0,8.0001,6.0,inf
592,4,-1.0484421604487875,0.556749701787698,1.1690349911346543,6.0,0,8.0001,6.0,inf
592,5,-1.0484421604487875,0.556749701787698,1.1690349911346543,6.0,0,8.0001,6.0,inf
593,0,2.388312934125159,-1.0812149734160206,-0.43733842088432073,2.2167,1,2.2167,6.0,inf
593,1,2.388312934125159,-1.0812149734160206,-0.43733842088432073,2.2167,1,2.2167,6.0,inf
593,2,2.388312934125159,-1.0812149734160206,-0.43733842088432073,2.2167,1,2.2167,6.0,inf
593,3,2.388312934125159,-1.0812149734160206,-0.43733842088432073,2.2167,1,2.2167,6.0,inf
593,4,2.388312934125159,-1.0812149734160206,-0.43733842088432073,2.2167,1,2.2167,6.0,inf
593,5,2.388312934125159,-1.0812149734160206,-0.43733842088432073,2.2167,1,2.2167,6.0,inf
594,0,-0.6949448269717421,2.1782834076813513,1.2644281158520931,5.887499999999999,1,5.887499999999999,6.0,inf
594,1,-0.6949448269717421,2.1782834076813513,1.2644281158520931,5.887499999999999,1,5.887499999999999,6.0,inf
594,2,-0.6949448269717421,2.1782834076813513,1.2644281158520931,5.887499999999999,1,5.887499999999999,6.0,inf
594,3,-0.6949448269717421,2.1782834076813513,1.2644281158520931,5.887499999999999,1,5.887499999999999,6.0,inf
594,4,-0.6949448269717421,2.1782834076813513,1.2644281158520931,5.887499999999999,1,5.887499999999999,6.0,inf
594,5,-0.6949448269717421,2.1782834076813513,1.2644281158520931,5.887499999999999,1,5.887499999999999,6.0,inf
595,0,-0.14857821809531244,-0.8343773206973234,1.2344669184631194,2.2176,1,2.2176,6.0,inf
595,1,-0.14857821809531244,-0.8343773206973234,1.2344669184631194,2.2176,1,2.2176,6.0,inf
595,2,-0.14857821809531244,-0.8343773206973234,1.2344669184631194,2.2176,1,2.2176,6.0,inf
595,3,-0.14857821809531244,-0.8343773206973234,1.2344669184631194,2.2176,1,2.2176,6.0,inf
595,4,-0.14857821809531244,-0.8343773206973234,1.2344669184631194,2.2176,1,2.2176,6.0,inf
595,5,-0.14857821809531244,-0.8343773206973234,1.2344669184631194,2.2176,1,2.2176,6.0,inf
596,0,-0.589323317762986,-1.5061020406609658,0.4297998374899787,0.732,1,0.732,6.0,inf
596,1,-0.589323317762986,-1.5061020406609658,0.4297998374899787,0.732,1,0.732,6.0,inf
596,2,-0.589323317762986,-1.5061020406609658,0.4297998374899787,0.732,1,0.732,6.0,inf
596,3,-0.589323317762986,-1.5061020406609658,0.4297998374899787,0.732,1,0.732,6.0,inf
596,4,-0.589323317762986,-1.5061020406609658,0.4297998374899787,0.732,1,0.732,6.0,inf
596,5,-0.589323317762986,-1.5061020406609658,0.4297998374899787,0.732,1,0.732,6.0,inf
597,0,-0.09521138141029557,1.777587482221241,0.4194685122762006,4.7924999999999995,1,4.7924999999999995,6.0,inf
597,1,-0.09521138141029557,1.777587482221241,0.4194685122762006,4.7924999999999995,1,4.7924999999999995,6.0,inf
597,2,-0.09521138141029557,1.777587482221241,0.4194685122762006,4.7924999999999995,1,4.7924999999999995,6.0,inf
597,3,-0.09521138141029557,1.777587482221241,0.4194685122762006,4.7924999999999995,1,4.7924999999999995,6.0,inf
597,4,-0.09521138141029557,1.777587482221241,0.4194685122762006,4.7924999999999995,1,4.7924999999999995,6.0,inf
597,5,-0.09521138141029557,1.777587482221241,0.4194685122762006,4.7924999999999995,1,4.7924999999999995,6.0,inf
598,0,0.8180073207948682,1.2311956980982501,-0.835389260007751,4.277699999999999,1,4.277699999999999,6.0,inf
598,1,0.8180073207948682,1.2311956980982501,-0.835389260007751,4.277699999999999,1,4.277699999999999,6.0,inf
598,2,0.8180073207948682,1.2311956980982501,-0.835389260007751,4.277699999999999,1,4.277699999999999,6.0,inf
598,3,0.8180073207948682,1.2311956980982501,-0.835389260007751,4.277699999999999,1,4.277699999999999,6.0,inf
598,4,0.8180073207948682,1.2311956980982501,-0.835389260007751,4.277699999999999,1,4.277699999999999,6.0,inf
598,5,0.8180073207948682,1.2311956980982501,-0.835389260007751,4.277699999999999,1,4.277699999999999,6.0,inf
599,0,-1.3516882765267055,-0.9361962194350284,1.1558897224438964,1.545,1,1.545,6.0,inf
599,1,-1.3516882765267055,-0.9361962194350284,1.1558897224438964,1.545,1,1.545,6.0,inf
599,2,-1.3516882765267055,-0.9361962194350284,1.1558897224438964,1.545,1,1.545,6.0,inf
599,3,-1.3516882765267055,-0.9361962194350284,1.1558897224438964,1.545,1,1.545,6.0,inf
599,4,-1.3516882765267055,-0.9361962194350284,1.1558897224438964,1.545,1,1.545,6.0,inf
599,5,-1.3516882765267055,-0.9361962194350284,1.1558897224438964,1.545,1,1.545,6.0,inf
600,0,1.1815728989139467,1.2365142572025836,-1.368365869591451,4.5042,1,4.5042,6.0,inf
600,1,1.1815728989139467,1.2365142572025836,-1.368365869591451,4.5042,1,4.5042,6.0,inf
600,2,1.1815728989139467,1.2365142572025836,-1.368365869591451,4.5042,1,4.5042,6.0,inf
600,3,1.1815728989139467,1.2365142572025836,-1.368365869591451,4.5042,1,4.5042,6.0,inf
600,4,1.1815728989139467,1.2365142572025836,-1.368365869591451,4.5042,1,4.5042,6.0,inf
600,5,1.1815728989139467,1.2365142572025836,-1.368365869591451,4.5042,1,4.5042,6.0,inf
601,0,-0.6389501734930308,1.1158113437117636,0.20411798483242533,0.48629999999999995,1,0.48629999999999995,6.0,inf
601,1,-0.6389501734930308,1.1158113437117636,0.20411798483242533,0.48629999999999995,1,0.48629999999999995,6.0,inf
601,2,-0.6389501734930308,1.1158113437117636,0.20411798483242533,0.48629999999999995,1,0.48629999999999995,6.0,inf
601,3,-0.6389501734930308,1.1158113437117636,0.20411798483242533,0.48629999999999995,1,0.48629999999999995,6.0,inf
601,4,-0.6389501734930308,1.1158113437117636,0.20411798483242533,0.48629999999999995,1,0.48629999999999995,6.0,inf
601,5,-0.6389501734930308,1.1158113437117636,0.20411798483242533,0.48629999999999995,1,0.48629999999999995,6.0,inf
602,0,0.46005381793063954,-1.1659525680369858,0.335670898262646,0.2859,1,0.2859,6.0,inf
602,1,0.46005381793063954,-1.1659525680369858,0.335670898262646,0.2859,1,0.2859,6.0,inf
602,2,0.46005381793063954,-1.1659525680369858,0.335670898262646,0.2859,1,0.2859,6.0,inf
602,3,0.46005381793063954,-1.1659525680369858,0.335670898262646,0.2859,1,0.2859,6.0,inf
602,4,0.46005381793063954,-1.1659525680369858,0.335670898262646,0.2859,1,0.2859,6.0,inf
602,5,0.46005381793063954,-1.1659525680369858,0.335670898262646,0.2859,1,0.2859,6.0,inf
603,0,-0.08592027713163262,0.1483929645336776,-0.21047382715243926,4.106999999999999,1,4.106999999999999,6.0,inf
603,1,-0.08592027713163262,0.1483929645336776,-0.21047382715243926,4.106999999999999,1,4.106999999999999,6.0,inf
603,2,-0.08592027713163262,0.1483929645336776,-0.21047382715243926,4.106999999999999,1,4.106999999999999,6.0,inf
603,3,-0.08592027713163262,0.1483929645336776,-0.21047382715243926,4.106999999999999,1,4.106999999999999,6.0,inf
603,4,-0.08592027713163262,0.1483929645336776,-0.21047382715243926,4.106999999999999,1,4.106999999999999,6.0,inf
603,5,-0.08592027713163262,0.1483929645336776,-0.21047382715243926,4.106999999999999,1,4.106999999999999,6.0,inf
604,0,-0.18222921655730143,1.3249020079000493,0.8304876803927324,1.8950999999999998,1,1.8950999999999998,6.0,inf
604,1,-0.18222921655730143,1.3249020079000493,0.8304876803927324,1.8950999999999998,1,1.8950999999999998,6.0,inf
604,2,-0.18222921655730143,1.3249020079000493,0.8304876803927324,1.8950999999999998,1,1.8950999999999998,6.0,inf
604,3,-0.18222921655730143,1.3249020079000493,0.8304876803927324,1.8950999999999998,1,1.8950999999999998,6.0,inf
604,4,-0.18222921655730143,1.3249020079000493,0.8304876803927324,1.8950999999999998,1,1.8950999999999998,6.0,inf
604,5,-0.18222921655730143,1.3249020079000493,0.8304876803927324,1.8950999999999998,1,1.8950999999999998,6.0,inf
605,0,0.8369935646018659,-0.01604309662516567,0.1373089540615082,4.3602,1,4.3602,6.0,inf
605,1,0.8369935646018659,-0.01604309662516567,0.1373089540615082,4.3602,1,4.3602,6.0,inf
605,2,0.8369935646018659,-0.01604309662516567,0.1373089540615082,4.3602,1,4.3602,6.0,inf
605,3,0.8369935646018659,-0.01604309662516567,0.1373089540615082,4.3602,1,4.3602,6.0,inf
605,4,0.8369935646018659,-0.01604309662516567,0.1373089540615082,4.3602,1,4.3602,6.0,inf
605,5,0.8369935646018659,-0.01604309662516567,0.1373089540615082,4.3602,1,4.3602,6.0,inf
606,0,0.13740606606617345,-1.6760510822313366,-0.10260738513435573,1.6638,1,1.6638,6.0,inf
606,1,0.13740606606617345,-1.6760510822313366,-0.10260738513435573,1.6638,1,1.6638,6.0,inf
606,2,0.13740606606617345,-1.6760510822313366,-0.10260738513435573,1.6638,1,1.6638,6.0,inf
606,3,0.13740606606617345,-1.6760510822313366,-0.10260738513435573,1.6638,1,1.6638,6.0,inf
606,4,0.13740606606617345,-1.6760510822313366,-0.10260738513435573,1.6638,1,1.6638,6.0,inf
606,5,0.13740606606617345,-1.6760510822313366,-0.10260738513435573,1.6638,1,1.6638,6.0,inf
607,0,-0.2774514177985568,-1.1499991675248074,-0.26122668969922197,0.9314999999999999,1,0.9314999999999999,6.0,inf
607,1,-0.2774514177985568,-1.1499991675248074,-0.26122668969922197,0.9314999999999999,1,0.9314999999999999,6.0,inf
607,2,-0.2774514177985568,-1.1499991675248074,-0.26122668969922197,0.9314999999999999,1,0.9314999999999999,6.0,inf
607,3,-0.2774514177985568,-1.1499991675248074,-0.26122668969922197,0.9314999999999999,1,0.9314999999999999,6.0,inf
607,4,-0.2774514177985568,-1.1499991675248074,-0.26122668969922197,0.9314999999999999,1,0.9314999999999999,6.0,inf
607,5,-0.2774514177985568,-1.1499991675248074,-0.26122668969922197,0.9314999999999999,1,0.9314999999999999,6.0,inf
608,0,-1.090894496086903,1.1535953342596756,0.7382042190598637,6.0,0,7.255199999999999,6.0,inf
608,1,-1.090894496086903,1.1535953342596756,0.7382042190598637,6.0,0,7.255199999999999,6.0,inf
608,2,-1.090894496086903,1.1535953342596756,0.7382042190598637,6.0,0,7.255199999999999,6.0,inf
608,3,-1.090894496086903,1.1535953342596756,0.7382042190598637,6.0,0,7.255199999999999,6.0,inf
608,4,-1.090894496086903,1.1535953342596756,0.7382042190598637,6.0,0,7.255199999999999,6.0,inf
608,5,-1.090894496086903,1.1535953342596756,0.7382042190598637,6.0,0,7.255199999999999,6.0,inf
609,0,0.5009609064542808,-1.536404027444634,2.1744129028038106,1.2314999999999998,1,1.2314999999999998,6.0,inf
609,1,0.5009609064542808,-1.536404027444634,2.1744129028038106,1.2314999999999998,1,1.2314999999999998,6.0,inf
609,2,0.5009609064542808,-1.536404027444634,2.1744129028038106,1.2314999999999998,1,1.2314999999999998,6.0,inf
609,3,0.5009609064542808,-1.536404027444634,2.1744129028038106,1.2314999999999998,1,1.2314999999999998,6.0,inf
609,4,0.5009609064542808,-1.536404027444634,2.1744129028038106,1.2314999999999998,1,1.2314999999999998,6.0,inf
609,5,0.5009609064542808,-1.536404027444634,2.1744129028038106,1.2314999999999998,1,1.2314999999999998,6.0,inf
610,0,2.1783566027050196,0.05806356810286358,0.0701080190669345,2.5536,1,2.5536,6.0,inf
610,1,2.1783566027050196,0.05806356810286358,0.0701080190669345,2.5536,1,2.5536,6.0,inf
610,2,2.1783566027050196,0.05806356810286358,0.0701080190669345,2.5536,1,2.5536,6.0,inf
610,3,2.1783566027050196,0.05806356810286358,0.0701080190669345,2.5536,1,2.5536,6.0,inf
610,4,2.1783566027050196,0.05806356810286358,0.0701080190669345,2.5536,1,2.5536,6.0,inf
610,5,2.1783566027050196,0.05806356810286358,0.0701080190669345,2.5536,1,2.5536,6.0,inf
611,0,0.32040739283568964,1.0761496974479774,-1.0924481067561962,4.614,1,4.614,6.0,inf
611,1,0.32040739283568964,1.0761496974479774,-1.0924481067561962,4.614,1,4.614,6.0,inf
611,2,0.32040739283568964,1.0761496974479774,-1.0924481067561962,4.614,1,4.614,6.0,inf
611,3,0.32040739283568964,1.0761496974479774,-1.0924481067561962,4.614,1,4.614,6.0,inf
611,4,0.32040739283568964,1.0761496974479774,-1.0924481067561962,4.614,1,4.614,6.0,inf
611,5,0.32040739283568964,1.0761496974479774,-1.0924481067561962,4.614,1,4.614,6.0,inf
612,0,0.4216068952830411,-1.1245088723270134,1.5434848019941234,2.6780999999999997,1,2.6780999999999997,6.0,inf
612,1,0.4216068952830411,-1.1245088723270134,1.5434848019941234,2.6780999999999997,1,2.6780999999999997,6.0,inf
612,2,0.4216068952830411,-1.1245088723270134,1.5434848019941234,2.6780999999999997,1,2.6780999999999997,6.0,inf
612,3,0.4216068952830411,-1.1245088723270134,1.5434848019941234,2.6780999999999997,1,2.6780999999999997,6.0,inf
612,4,0.4216068952830411,-1.1245088723270134,1.5434848019941234,2.6780999999999997,1,2.6780999999999997,6.0,inf
612,5,0.4216068952830411,-1.1245088723270134,1.5434848019941234,2.6780999999999997,1,2.6780999999999997,6.0,inf
613,0,0.979461841963928,0.7322911256360619,0.5219204107177897,2.7297,1,2.7297,6.0,inf
613,1,0.979461841963928,0.7322911256360619,0.5219204107177897,2.7297,1,2.7297,6.0,inf
613,2,0.979461841963928,0.7322911256360619,0.5219204107177897,2.7297,1,2.7297,6.0,inf
613,3,0.979461841963928,0.7322911256360619,0.5219204107177897,2.7297,1,2.7297,6.0,inf
613,4,0.979461841963928,0.7322911256360619,0.5219204107177897,2.7297,1,2.7297,6.0,inf
613,5,0.979461841963928,0.7322911256360619,0.5219204107177897,2.7297,1,2.7297,6.0,inf
614,0,0.12221833726570991,1.0337424035500145,-0.40418435031960287,4.0226999999999995,1,4.0226999999999995,6.0,inf
614,1,0.12221833726570991,1.0337424035500145,-0.40418435031960287,4.0226999999999995,1,4.0226999999999995,6.0,inf
614,2,0.12221833726570991,1.0337424035500145,-0.40418435031960287,4.0226999999999995,1,4.0226999999999995,6.0,inf
614,3,0.12221833726570991,1.0337424035500145,-0.40418435031960287,4.0226999999999995,1,4.0226999999999995,6.0,inf
614,4,0.12221833726570991,1.0337424035500145,-0.40418435031960287,4.0226999999999995,1,4.0226999999999995,6.0,inf
614,5,0.12221833726570991,1.0337424035500145,-0.40418435031960287,4.0226999999999995,1,4.0226999999999995,6.0,inf
615,0,1.5295924405300854,-0.609770262335029,2.1387059653502147,1.5014999999999998,1,1.5014999999999998,6.0,inf
615,1,1.5295924405300854,-0.609770262335029,2.1387059653502147,1.5014999999999998,1,1.5014999999999998,6.0,inf
615,2,1.5295924405300854,-0.609770262335029,2.1387059653502147,1.5014999999999998,1,1.5014999999999998,6.0,inf
615,3,1.5295924405300854,-0.609770262335029,2.1387059653502147,1.5014999999999998,1,1.5014999999999998,6.0,inf
615,4,1.5295924405300854,-0.609770262335029,2.1387059653502147,1.5014999999999998,1,1.5014999999999998,6.0,inf
615,5,1.5295924405300854,-0.609770262335029,2.1387059653502147,1.5014999999999998,1,1.5014999999999998,6.0,inf
616,0,-0.5467675803745853,-1.2049394435973833,0.35805876660045177,1.755,1,1.755,6.0,inf
616,1,-0.5467675803745853,-1.2049394435973833,0.35805876660045177,1.755,1,1.755,6.0,inf
616,2,-0.5467675803745853,-1.2049394435973833,0.35805876660045177,1.755,1,1.755,6.0,inf
616,3,-0.5467675803745853,-1.2049394435973833,0.35805876660045177,1.755,1,1.755,6.0,inf
616,4,-0.5467675803745853,-1.2049394435973833,0.35805876660045177,1.755,1,1.755,6.0,inf
616,5,-0.5467675803745853,-1.2049394435973833,0.35805876660045177,1.755,1,1.755,6.0,inf
617,0,1.3558513199443223,0.5499818408649048,-0.9929635152532645,2.8526999999999996,1,2.8526999999999996,6.0,inf
617,1,1.3558513199443223,0.5499818408649048,-0.9929635152532645,2.8526999999999996,1,2.8526999999999996,6.0,inf
617,2,1.3558513199443223,0.5499818408649048,-0.9929635152532645,2.8526999999999996,1,2.8526999999999996,6.0,inf
617,3,1.3558513199443223,0.5499818408649048,-0.9929635152532645,2.8526999999999996,1,2.8526999999999996,6.0,inf
617,4,1.3558513199443223,0.5499818408649048,-0.9929635152532645,2.8526999999999996,1,2.8526999999999996,6.0,inf
617,5,1.3558513199443223,0.5499818408649048,-0.9929635152532645,2.8526999999999996,1,2.8526999999999996,6.0,inf
618,0,0.6799176427775332,-0.33492769062559413,-0.49405957233870273,4.725899999999999,1,4.725899999999999,6.0,inf
618,1,0.6799176427775332,-0.33492769062559413,-0.49405957233870273,4.725899999999999,1,4.725899999999999,6.0,inf
618,2,0.6799176427775332,-0.33492769062559413,-0.49405957233870273,4.725899999999999,1,4.725899999999999,6.0,inf
618,3,0.6799176427775332,-0.33492769062559413,-0.49405957233870273,4.725899999999999,1,4.725899999999999,6.0,inf
618,4,0.6799176427775332,-0.33492769062559413,-0.49405957233870273,4.725899999999999,1,4.725899999999999,6.0,inf
618,5,0.6799176427775332,-0.33492769062559413,-0.49405957233870273,4.725899999999999,1,4.725899999999999,6.0,inf
619,0,2.4643236747842585,0.3579495117332135,-1.3324335916812435,2.634,1,2.634,6.0,inf
619,1,2.4643236747842585,0.3579495117332135,-1.3324335916812435,2.634,1,2.634,6.0,inf
619,2,2.4643236747842585,0.3579495117332135,-1.3324335916812435,2.634,1,2.634,6.0,inf
619,3,2.4643236747842585,0.3579495117332135,-1.3324335916812435,2.634,1,2.634,6.0,inf
619,4,2.4643236747842585,0.3579495117332135,-1.3324335916812435,2.634,1,2.634,6.0,inf
619,5,2.4643236747842585,0.3579495117332135,-1.3324335916812435,2.634,1,2.634,6.0,inf
620,0,0.25151178044366673,-0.9397446110784713,-0.4450375808081759,1.4132999999999998,1,1.4132999999999998,6.0,inf
620,1,0.25151178044366673,-0.9397446110784713,-0.4450375808081759,1.4132999999999998,1,1.4132999999999998,6.0,inf
620,2,0.25151178044366673,-0.9397446110784713,-0.4450375808081759,1.4132999999999998,1,1.4132999999999998,6.0,inf
620,3,0.25151178044366673,-0.9397446110784713,-0.4450375808081759,1.4132999999999998,1,1.4132999999999998,6.0,inf
620,4,0.25151178044366673,-0.9397446110784713,-0.4450375808081759,1.4132999999999998,1,1.4132999999999998,6.0,inf
620,5,0.25151178044366673,-0.9397446110784713,-0.4450375808081759,1.4132999999999998,1,1.4132999999999998,6.0,inf
621,0,-0.8706584260649425,-0.7028928372031515,0.4903791905157007,0.8303999999999999,1,0.8303999999999999,6.0,inf
621,1,-0.8706584260649425,-0.7028928372031515,0.4903791905157007,0.8303999999999999,1,0.8303999999999999,6.0,inf
621,2,-0.8706584260649425,-0.7028928372031515,0.4903791905157007,0.8303999999999999,1,0.8303999999999999,6.0,inf
621,3,-0.8706584260649425,-0.7028928372031515,0.4903791905157007,0.8303999999999999,1,0.8303999999999999,6.0,inf
621,4,-0.8706584260649425,-0.7028928372031515,0.4903791905157007,0.8303999999999999,1,0.8303999999999999,6.0,inf
621,5,-0.8706584260649425,-0.7028928372031515,0.4903791905157007,0.8303999999999999,1,0.8303999999999999,6.0,inf
622,0,-0.1226959897061413,-1.850334139300372,0.4447438193323695,0.0501,1,0.0501,6.0,inf
622,1,-0.1226959897061413,-1.850334139300372,0.4447438193323695,0.0501,1,0.0501,6.0,inf
622,2,-0.1226959897061413,-1.850334139300372,0.4447438193323695,0.0501,1,0.0501,6.0,inf
622,3,-0.1226959897061413,-1.850334139300372,0.4447438193323695,0.0501,1,0.0501,6.0,inf
622,4,-0.1226959897061413,-1.850334139300372,0.4447438193323695,0.0501,1,0.0501,6.0,inf
622,5,-0.1226959897061413,-1.850334139300372,0.4447438193323695,0.0501,1,0.0501,6.0,inf
623,0,-1.4268893509664011,-1.03814789988678,1.451717557982788,1.1486999999999998,1,1.1486999999999998,6.0,inf
623,1,-1.4268893509664011,-1.03814789988678,1.451717557982788,1.1486999999999998,1,1.1486999999999998,6.0,inf
623,2,-1.4268893509664011,-1.03814789988678,1.451717557982788,1.1486999999999998,1,1.1486999999999998,6.0,inf
623,3,-1.4268893509664011,-1.03814789988678,1.451717557982788,1.1486999999999998,1,1.1486999999999998,6.0,inf
623,4,-1.4268893509664011,-1.03814789988678,1.451717557982788,1.1486999999999998,1,1.1486999999999998,6.0,inf
623,5,-1.4268893509664011,-1.03814789988678,1.451717557982788,1.1486999999999998,1,1.1486999999999998,6.0,inf
624,0,-0.4664410603703089,-0.15326992741048326,-0.6913468020846801,0.37049999999999994,1,0.37049999999999994,6.0,inf
624,1,-0.4664410603703089,-0.15326992741048326,-0.6913468020846801,0.37049999999999994,1,0.37049999999999994,6.0,inf
624,2,-0.4664410603703089,-0.15326992741048326,-0.6913468020846801,0.37049999999999994,1,0.37049999999999994,6.0,inf
624,3,-0.4664410603703089,-0.15326992741048326,-0.6913468020846801,0.37049999999999994,1,0.37049999999999994,6.0,inf
624,4,-0.4664410603703089,-0.15326992741048326,-0.6913468020846801,0.37049999999999994,1,0.37049999999999994,6.0,inf
624,5,-0.4664410603703089,-0.15326992741048326,-0.6913468020846801,0.37049999999999994,1,0.37049999999999994,6.0,inf
625,0,-0.5527324481545688,2.257894095288699,-0.8674152514299805,1.3893,1,1.3893,6.0,inf
625,1,-0.5527324481545688,2.257894095288699,-0.8674152514299805,1.3893,1,1.3893,6.0,inf
625,2,-0.5527324481545688,2.257894095288699,-0.8674152514299805,1.3893,1,1.3893,6.0,inf
625,3,-0.5527324481545688,2.257894095288699,-0.8674152514299805,1.3893,1,1.3893,6.0,inf
625,4,-0.5527324481545688,2.257894095288699,-0.8674152514299805,1.3893,1,1.3893,6.0,inf
625,5,-0.5527324481545688,2.257894095288699,-0.8674152514299805,1.3893,1,1.3893,6.0,inf
626,0,-1.7441301335292219,-0.841062043216771,0.437818480428012,2.4621,1,2.4621,6.0,inf
626,1,-1.7441301335292219,-0.841062043216771,0.437818480428012,2.4621,1,2.4621,6.0,inf
626,2,-1.7441301335292219,-0.841062043216771,0.437818480428012,2.4621,1,2.4621,6.0,inf
626,3,-1.7441301335292219,-0.841062043216771,0.437818480428012,2.4621,1,2.4621,6.0,inf
626,4,-1.7441301335292219,-0.841062043216771,0.437818480428012,2.4621,1,2.4621,6.0,inf
626,5,-1.7441301335292219,-0.841062043216771,0.437818480428012,2.4621,1,2.4621,6.0,inf
627,0,1.3033302252037104,-1.9663100246909833,0.8912952586825441,1.2434999999999998,1,1.2434999999999998,6.0,inf
627,1,1.3033302252037104,-1.9663100246909833,0.8912952586825441,1.2434999999999998,1,1.2434999999999998,6.0,inf
627,2,1.3033302252037104,-1.9663100246909833,0.8912952586825441,1.2434999999999998,1,1.2434999999999998,6.0,inf
627,3,1.3033302252037104,-1.9663100246909833,0.8912952586825441,1.2434999999999998,1,1.2434999999999998,6.0,inf
627,4,1.3033302252037104,-1.9663100246909833,0.8912952586825441,1.2434999999999998,1,1.2434999999999998,6.0,inf
627,5,1.3033302252037104,-1.9663100246909833,0.8912952586825441,1.2434999999999998,1,1.2434999999999998,6.0,inf
628,0,1.9471774974431835,-1.2701530987789968,-0.09503505508053454,2.1803999999999997,1,2.1803999999999997,6.0,inf
628,1,1.9471774974431835,-1.2701530987789968,-0.09503505508053454,2.1803999999999997,1,2.1803999999999997,6.0,inf
628,2,1.9471774974431835,-1.2701530987789968,-0.09503505508053454,2.1803999999999997,1,2.1803999999999997,6.0,inf
628,3,1.9471774974431835,-1.2701530987789968,-0.09503505508053454,2.1803999999999997,1,2.1803999999999997,6.0,inf
628,4,1.9471774974431835,-1.2701530987789968,-0.09503505508053454,2.1803999999999997,1,2.1803999999999997,6.0,inf
628,5,1.9471774974431835,-1.2701530987789968,-0.09503505508053454,2.1803999999999997,1,2.1803999999999997,6.0,inf
629,0,0.08063415581920497,-1.0438609635918734,-0.4459380621958281,0.7223999999999999,1,0.7223999999999999,6.0,inf
629,1,0.08063415581920497,-1.0438609635918734,-0.4459380621958281,0.7223999999999999,1,0.7223999999999999,6.0,inf
629,2,0.08063415581920497,-1.0438609635918734,-0.4459380621958281,0.7223999999999999,1,0.7223999999999999,6.0,inf
629,3,0.08063415581920497,-1.0438609635918734,-0.4459380621958281,0.7223999999999999,1,0.7223999999999999,6.0,inf
629,4,0.08063415581920497,-1.0438609635918734,-0.4459380621958281,0.7223999999999999,1,0.7223999999999999,6.0,inf
629,5,0.08063415581920497,-1.0438609635918734,-0.4459380621958281,0.7223999999999999,1,0.7223999999999999,6.0,inf
630,0,-0.31161814947849875,1.9625570265974572,-0.8534520724009605,3.6332999999999998,1,3.6332999999999998,6.0,inf
630,1,-0.31161814947849875,1.9625570265974572,-0.8534520724009605,3.6332999999999998,1,3.6332999999999998,6.0,inf
630,2,-0.31161814947849875,1.9625570265974572,-0.8534520724009605,3.6332999999999998,1,3.6332999999999998,6.0,inf
630,3,-0.31161814947849875,1.9625570265974572,-0.8534520724009605,3.6332999999999998,1,3.6332999999999998,6.0,inf
630,4,-0.31161814947849875,1.9625570265974572,-0.8534520724009605,3.6332999999999998,1,3.6332999999999998,6.0,inf
630,5,-0.31161814947849875,1.9625570265974572,-0.8534520724009605,3.6332999999999998,1,3.6332999999999998,6.0,inf
631,0,-0.1263061498829549,1.127517442649211,-0.3824170531308685,0.38699999999999996,1,0.38699999999999996,6.0,inf
631,1,-0.1263061498829549,1.127517442649211,-0.3824170531308685,0.38699999999999996,1,0.38699999999999996,6.0,inf
631,2,-0.1263061498829549,1.127517442649211,-0.3824170531308685,0.38699999999999996,1,0.38699999999999996,6.0,inf
631,3,-0.1263061498829549,1.127517442649211,-0.3824170531308685,0.38699999999999996,1,0.38699999999999996,6.0,inf
631,4,-0.1263061498829549,1.127517442649211,-0.3824170531308685,0.38699999999999996,1,0.38699999999999996,6.0,inf
631,5,-0.1263061498829549,1.127517442649211,-0.3824170531308685,0.38699999999999996,1,0.38699999999999996,6.0,inf
632,0,0.03178099362790913,0.0629267623750332,-0.7113326938194613,5.558699999999999,1,5.558699999999999,6.0,inf
632,1,0.03178099362790913,0.0629267623750332,-0.7113326938194613,5.558699999999999,1,5.558699999999999,6.0,inf
632,2,0.03178099362790913,0.0629267623750332,-0.7113326938194613,5.558699999999999,1,5.558699999999999,6.0,inf
632,3,0.03178099362790913,0.0629267623750332,-0.7113326938194613,5.558699999999999,1,5.558699999999999,6.0,inf
632,4,0.03178099362790913,0.0629267623750332,-0.7113326938194613,5.558699999999999,1,5.558699999999999,6.0,inf
632,5,0.03178099362790913,0.0629267623750332,-0.7113326938194613,5.558699999999999,1,5.558699999999999,6.0,inf
633,0,-0.27719794890031385,0.0079637744049105,1.1460162631068067,1.7633999999999999,1,1.7633999999999999,6.0,inf
633,1,-0.27719794890031385,0.0079637744049105,1.1460162631068067,1.7633999999999999,1,1.7633999999999999,6.0,inf
633,2,-0.27719794890031385,0.0079637744049105,1.1460162631068067,1.7633999999999999,1,1.7633999999999999,6.0,inf
633,3,-0.27719794890031385,0.0079637744049105,1.1460162631068067,1.7633999999999999,1,1.7633999999999999,6.0,inf
633,4,-0.27719794890031385,0.0079637744049105,1.1460162631068067,1.7633999999999999,1,1.7633999999999999,6.0,inf
633,5,-0.27719794890031385,0.0079637744049105,1.1460162631068067,1.7633999999999999,1,1.7633999999999999,6.0,inf
634,0,1.0219414381661827,-1.5327224973928386,1.9620085835010215,1.2987,1,1.2987,6.0,inf
634,1,1.0219414381661827,-1.5327224973928386,1.9620085835010215,1.2987,1,1.2987,6.0,inf
634,2,1.0219414381661827,-1.5327224973928386,1.9620085835010215,1.2987,1,1.2987,6.0,inf
634,3,1.0219414381661827,-1.5327224973928386,1.9620085835010215,1.2987,1,1.2987,6.0,inf
634,4,1.0219414381661827,-1.5327224973928386,1.9620085835010215,1.2987,1,1.2987,6.0,inf
634,5,1.0219414381661827,-1.5327224973928386,1.9620085835010215,1.2987,1,1.2987,6.0,inf
635,0,1.1554221899111399,1.4860105598449755,1.1473484245246617,2.1168,1,2.1168,6.0,inf
635,1,1.1554221899111399,1.4860105598449755,1.1473484245246617,2.1168,1,2.1168,6.0,inf
635,2,1.1554221899111399,1.4860105598449755,1.1473484245246617,2.1168,1,2.1168,6.0,inf
635,3,1.1554221899111399,1.4860105598449755,1.1473484245246617,2.1168,1,2.1168,6.0,inf
635,4,1.1554221899111399,1.4860105598449755,1.1473484245246617,2.1168,1,2.1168,6.0,inf
635,5,1.1554221899111399,1.4860105598449755,1.1473484245246617,2.1168,1,2.1168,6.0,inf
636,0,1.2792351343082589,0.7812602163263276,-1.2646685557239545,3.0713999999999997,1,3.0713999999999997,6.0,inf
636,1,1.2792351343082589,0.7812602163263276,-1.2646685557239545,3.0713999999999997,1,3.0713999999999997,6.0,inf
636,2,1.2792351343082589,0.7812602163263276,-1.2646685557239545,3.0713999999999997,1,3.0713999999999997,6.0,inf
636,3,1.2792351343082589,0.7812602163263276,-1.2646685557239545,3.0713999999999997,1,3.0713999999999997,6.0,inf
636,4,1.2792351343082589,0.7812602163263276,-1.2646685557239545,3.0713999999999997,1,3.0713999999999997,6.0,inf
636,5,1.2792351343082589,0.7812602163263276,-1.2646685557239545,3.0713999999999997,1,3.0713999999999997,6.0,inf
637,0,0.8829771112597736,0.4467140193036508,-0.4669560494189134,2.5646999999999998,1,2.5646999999999998,6.0,inf
637,1,0.8829771112597736,0.4467140193036508,-0.4669560494189134,2.5646999999999998,1,2.5646999999999998,6.0,inf
637,2,0.8829771112597736,0.4467140193036508,-0.4669560494189134,2.5646999999999998,1,2.5646999999999998,6.0,inf
637,3,0.8829771112597736,0.4467140193036508,-0.4669560494189134,2.5646999999999998,1,2.5646999999999998,6.0,inf
637,4,0.8829771112597736,0.4467140193036508,-0.4669560494189134,2.5646999999999998,1,2.5646999999999998,6.0,inf
637,5,0.8829771112597736,0.4467140193036508,-0.4669560494189134,2.5646999999999998,1,2.5646999999999998,6.0,inf
638,0,1.0675418525416938,-0.07387374867033862,0.2433051953488028,2.9936999999999996,1,2.9936999999999996,6.0,inf
638,1,1.0675418525416938,-0.07387374867033862,0.2433051953488028,2.9936999999999996,1,2.9936999999999996,6.0,inf
638,2,1.0675418525416938,-0.07387374867033862,0.2433051953488028,2.9936999999999996,1,2.9936999999999996,6.0,inf
638,3,1.0675418525416938,-0.07387374867033862,0.2433051953488028,2.9936999999999996,1,2.9936999999999996,6.0,inf
638,4,1.0675418525416938,-0.07387374867033862,0.2433051953488028,2.9936999999999996,1,2.9936999999999996,6.0,inf
638,5,1.0675418525416938,-0.07387374867033862,0.2433051953488028,2.9936999999999996,1,2.9936999999999996,6.0,inf
639,0,-1.5492097645672445,-0.12363211899664481,-1.9929394785585872,0.2622,1,0.2622,6.0,inf
639,1,-1.5492097645672445,-0.12363211899664481,-1.9929394785585872,0.2622,1,0.2622,6.0,inf
639,2,-1.5492097645672445,-0.12363211899664481,-1.9929394785585872,0.2622,1,0.2622,6.0,inf
639,3,-1.5492097645672445,-0.12363211899664481,-1.9929394785585872,0.2622,1,0.2622,6.0,inf
639,4,-1.5492097645672445,-0.12363211899664481,-1.9929394785585872,0.2622,1,0.2622,6.0,inf
639,5,-1.5492097645672445,-0.12363211899664481,-1.9929394785585872,0.2622,1,0.2622,6.0,inf
640,0,-0.7098499681769435,0.018975243684495845,0.11172630109006436,3.6245999999999996,1,3.6245999999999996,6.0,inf
640,1,-0.7098499681769435,0.018975243684495845,0.11172630109006436,3.6245999999999996,1,3.6245999999999996,6.0,inf
640,2,-0.7098499681769435,0.018975243684495845,0.11172630109006436,3.6245999999999996,1,3.6245999999999996,6.0,inf
640,3,-0.7098499681769435,0.018975243684495845,0.11172630109006436,3.6245999999999996,1,3.6245999999999996,6.0,inf
640,4,-0.7098499681769435,0.018975243684495845,0.11172630109006436,3.6245999999999996,1,3.6245999999999996,6.0,inf
640,5,-0.7098499681769435,0.018975243684495845,0.11172630109006436,3.6245999999999996,1,3.6245999999999996,6.0,inf
641,0,0.3429915877764458,0.5060782470902336,0.48234284620072054,2.7417,1,2.7417,6.0,inf
641,1,0.3429915877764458,0.5060782470902336,0.48234284620072054,2.7417,1,2.7417,6.0,inf
641,2,0.3429915877764458,0.5060782470902336,0.48234284620072054,2.7417,1,2.7417,6.0,inf
641,3,0.3429915877764458,0.5060782470902336,0.48234284620072054,2.7417,1,2.7417,6.0,inf
641,4,0.3429915877764458,0.5060782470902336,0.48234284620072054,2.7417,1,2.7417,6.0,inf
641,5,0.3429915877764458,0.5060782470902336,0.48234284620072054,2.7417,1,2.7417,6.0,inf
642,0,-0.2803414753823858,2.0576050686123426,-0.16917177122590948,5.5161,1,5.5161,6.0,inf
642,1,-0.2803414753823858,2.0576050686123426,-0.16917177122590948,5.5161,1,5.5161,6.0,inf
642,2,-0.2803414753823858,2.0576050686123426,-0.16917177122590948,5.5161,1,5.5161,6.0,inf
642,3,-0.2803414753823858,2.0576050686123426,-0.16917177122590948,5.5161,1,5.5161,6.0,inf
642,4,-0.2803414753823858,2.0576050686123426,-0.16917177122590948,5.5161,1,5.5161,6.0,inf
642,5,-0.2803414753823858,2.0576050686123426,-0.16917177122590948,5.5161,1,5.5161,6.0,inf
643,0,1.3967935831825178,1.6762373186159312,-0.8892753802931389,3.7781999999999996,1,3.7781999999999996,6.0,inf
643,1,1.3967935831825178,1.6762373186159312,-0.8892753802931389,3.7781999999999996,1,3.7781999999999996,6.0,inf
643,2,1.3967935831825178,1.6762373186159312,-0.8892753802931389,3.7781999999999996,1,3.7781999999999996,6.0,inf
643,3,1.3967935831825178,1.6762373186159312,-0.8892753802931389,3.7781999999999996,1,3.7781999999999996,6.0,inf
643,4,1.3967935831825178,1.6762373186159312,-0.8892753802931389,3.7781999999999996,1,3.7781999999999996,6.0,inf
643,5,1.3967935831825178,1.6762373186159312,-0.8892753802931389,3.7781999999999996,1,3.7781999999999996,6.0,inf
644,0,-2.289998241523792,-0.3577470504927658,0.4432946749527791,1.4766,1,1.4766,6.0,inf
644,1,-2.289998241523792,-0.3577470504927658,0.4432946749527791,1.4766,1,1.4766,6.0,inf
644,2,-2.289998241523792,-0.3577470504927658,0.4432946749527791,1.4766,1,1.4766,6.0,inf
644,3,-2.289998241523792,-0.3577470504927658,0.4432946749527791,1.4766,1,1.4766,6.0,inf
644,4,-2.289998241523792,-0.3577470504927658,0.4432946749527791,1.4766,1,1.4766,6.0,inf
644,5,-2.289998241523792,-0.3577470504927658,0.4432946749527791,1.4766,1,1.4766,6.0,inf
645,0,-0.5808433277365128,-0.24648019007674737,-0.4589574295968674,4.0842,1,4.0842,6.0,inf
645,1,-0.5808433277365128,-0.24648019007674737,-0.4589574295968674,4.0842,1,4.0842,6.0,inf
645,2,-0.5808433277365128,-0.24648019007674737,-0.4589574295968674,4.0842,1,4.0842,6.0,inf
645,3,-0.5808433277365128,-0.24648019007674737,-0.4589574295968674,4.0842,1,4.0842,6.0,inf
645,4,-0.5808433277365128,-0.24648019007674737,-0.4589574295968674,4.0842,1,4.0842,6.0,inf
645,5,-0.5808433277365128,-0.24648019007674737,-0.4589574295968674,4.0842,1,4.0842,6.0,inf
646,0,0.09631549274545258,-0.47170308351926143,0.5465482741561979,1.8410999999999997,1,1.8410999999999997,6.0,inf
646,1,0.09631549274545258,-0.47170308351926143,0.5465482741561979,1.8410999999999997,1,1.8410999999999997,6.0,inf
646,2,0.09631549274545258,-0.47170308351926143,0.5465482741561979,1.8410999999999997,1,1.8410999999999997,6.0,inf
646,3,0.09631549274545258,-0.47170308351926143,0.5465482741561979,1.8410999999999997,1,1.8410999999999997,6.0,inf
646,4,0.09631549274545258,-0.47170308351926143,0.5465482741561979,1.8410999999999997,1,1.8410999999999997,6.0,inf
646,5,0.09631549274545258,-0.47170308351926143,0.5465482741561979,1.8410999999999997,1,1.8410999999999997,6.0,inf
647,0,-0.9779995515059591,0.5225712252794418,-2.9062574539202,0.729,1,0.729,6.0,inf
647,1,-0.9779995515059591,0.5225712252794418,-2.9062574539202,0.729,1,0.729,6.0,inf
647,2,-0.9779995515059591,0.5225712252794418,-2.9062574539202,0.729,1,0.729,6.0,inf
647,3,-0.9779995515059591,0.5225712252794418,-2.9062574539202,0.729,1,0.729,6.0,inf
647,4,-0.9779995515059591,0.5225712252794418,-2.9062574539202,0.729,1,0.729,6.0,inf
647,5,-0.9779995515059591,0.5225712252794418,-2.9062574539202,0.729,1,0.729,6.0,inf
648,0,0.3780115212079517,-1.0081106225052987,-0.5882370521339892,0.6227999999999999,1,0.6227999999999999,6.0,inf
648,1,0.3780115212079517,-1.0081106225052987,-0.5882370521339892,0.6227999999999999,1,0.6227999999999999,6.0,inf
648,2,0.3780115212079517,-1.0081106225052987,-0.5882370521339892,0.6227999999999999,1,0.6227999999999999,6.0,inf
648,3,0.3780115212079517,-1.0081106225052987,-0.5882370521339892,0.6227999999999999,1,0.6227999999999999,6.0,inf
648,4,0.3780115212079517,-1.0081106225052987,-0.5882370521339892,0.6227999999999999,1,0.6227999999999999,6.0,inf
648,5,0.3780115212079517,-1.0081106225052987,-0.5882370521339892,0.6227999999999999,1,0.6227999999999999,6.0,inf
649,0,-1.1190257204419336,0.7757142398421328,-0.1573811156234487,2.4684,1,2.4684,6.0,inf
649,1,-1.1190257204419336,0.7757142398421328,-0.1573811156234487,2.4684,1,2.4684,6.0,inf
649,2,-1.1190257204419336,0.7757142398421328,-0.1573811156234487,2.4684,1,2.4684,6.0,inf
649,3,-1.1190257204419336,0.7757142398421328,-0.1573811156234487,2.4684,1,2.4684,6.0,inf
649,4,-1.1190257204419336,0.7757142398421328,-0.1573811156234487,2.4684,1,2.4684,6.0,inf
649,5,-1.1190257204419336,0.7757142398421328,-0.1573811156234487,2.4684,1,2.4684,6.0,inf
650,0,-1.0169644299692657,1.7493784497611153,0.29724507996426064,4.548,1,4.548,6.0,inf
650,1,-1.0169644299692657,1.7493784497611153,0.29724507996426064,4.548,1,4.548,6.0,inf
650,2,-1.0169644299692657,1.7493784497611153,0.29724507996426064,4.548,1,4.548,6.0,inf
650,3,-1.0169644299692657,1.7493784497611153,0.29724507996426064,4.548,1,4.548,6.0,inf
650,4,-1.0169644299692657,1.7493784497611153,0.29724507996426064,4.548,1,4.548,6.0,inf
650,5,-1.0169644299692657,1.7493784497611153,0.29724507996426064,4.548,1,4.548,6.0,inf
651,0,0.6948729217558689,0.23564378130154265,-1.8310359149181517,3.0416999999999996,1,3.0416999999999996,6.0,inf
651,1,0.6948729217558689,0.23564378130154265,-1.8310359149181517,3.0416999999999996,1,3.0416999999999996,6.0,inf
651,2,0.6948729217558689,0.23564378130154265,-1.8310359149181517,3.0416999999999996,1,3.0416999999999996,6.0,inf
651,3,0.6948729217558689,0.23564378130154265,-1.8310359149181517,3.0416999999999996,1,3.0416999999999996,6.0,inf
651,4,0.6948729217558689,0.23564378130154265,-1.8310359149181517,3.0416999999999996,1,3.0416999999999996,6.0,inf
651,5,0.6948729217558689,0.23564378130154265,-1.8310359149181517,3.0416999999999996,1,3.0416999999999996,6.0,inf
652,0,-0.10482439840170267,-1.3986962686046247,1.1376732425042166,1.1754,1,1.1754,6.0,inf
652,1,-0.10482439840170267,-1.3986962686046247,1.1376732425042166,1.1754,1,1.1754,6.0,inf
652,2,-0.10482439840170267,-1.3986962686046247,1.1376732425042166,1.1754,1,1.1754,6.0,inf
652,3,-0.10482439840170267,-1.3986962686046247,1.1376732425042166,1.1754,1,1.1754,6.0,inf
652,4,-0.10482439840170267,-1.3986962686046247,1.1376732425042166,1.1754,1,1.1754,6.0,inf
652,5,-0.10482439840170267,-1.3986962686046247,1.1376732425042166,1.1754,1,1.1754,6.0,inf
653,0,1.8473880280310342,-0.5486830450397878,-0.216269859009492,2.8023,1,2.8023,6.0,inf
653,1,1.8473880280310342,-0.5486830450397878,-0.216269859009492,2.8023,1,2.8023,6.0,inf
653,2,1.8473880280310342,-0.5486830450397878,-0.216269859009492,2.8023,1,2.8023,6.0,inf
653,3,1.8473880280310342,-0.5486830450397878,-0.216269859009492,2.8023,1,2.8023,6.0,inf
653,4,1.8473880280310342,-0.5486830450397878,-0.216269859009492,2.8023,1,2.8023,6.0,inf
653,5,1.8473880280310342,-0.5486830450397878,-0.216269859009492,2.8023,1,2.8023,6.0,inf
654,0,1.0005263481242908,0.17014945904730155,-1.4079987375662972,3.7568999999999995,1,3.7568999999999995,6.0,inf
654,1,1.0005263481242908,0.17014945904730155,-1.4079987375662972,3.7568999999999995,1,3.7568999999999995,6.0,inf
654,2,1.0005263481242908,0.17014945904730155,-1.4079987375662972,3.7568999999999995,1,3.7568999999999995,6.0,inf
654,3,1.0005263481242908,0.17014945904730155,-1.4079987375662972,3.7568999999999995,1,3.7568999999999995,6.0,inf
654,4,1.0005263481242908,0.17014945904730155,-1.4079987375662972,3.7568999999999995,1,3.7568999999999995,6.0,inf
654,5,1.0005263481242908,0.17014945904730155,-1.4079987375662972,3.7568999999999995,1,3.7568999999999995,6.0,inf
655,0,-1.293593110738164,-0.33812938077246424,-1.7865821960603796,3.1584,1,3.1584,6.0,inf
655,1,-1.293593110738164,-0.33812938077246424,-1.7865821960603796,3.1584,1,3.1584,6.0,inf
655,2,-1.293593110738164,-0.33812938077246424,-1.7865821960603796,3.1584,1,3.1584,6.0,inf
655,3,-1.293593110738164,-0.33812938077246424,-1.7865821960603796,3.1584,1,3.1584,6.0,inf
655,4,-1.293593110738164,-0.33812938077246424,-1.7865821960603796,3.1584,1,3.1584,6.0,inf
655,5,-1.293593110738164,-0.33812938077246424,-1.7865821960603796,3.1584,1,3.1584,6.0,inf
656,0,0.04646087893253702,-1.3142042071406828,-0.6754422719221383,3.6369,1,3.6369,6.0,inf
656,1,0.04646087893253702,-1.3142042071406828,-0.6754422719221383,3.6369,1,3.6369,6.0,inf
656,2,0.04646087893253702,-1.3142042071406828,-0.6754422719221383,3.6369,1,3.6369,6.0,inf
656,3,0.04646087893253702,-1.3142042071406828,-0.6754422719221383,3.6369,1,3.6369,6.0,inf
656,4,0.04646087893253702,-1.3142042071406828,-0.6754422719221383,3.6369,1,3.6369,6.0,inf
656,5,0.04646087893253702,-1.3142042071406828,-0.6754422719221383,3.6369,1,3.6369,6.0,inf
657,0,-0.5125238537263297,2.0303536354208886,-0.7669858488299393,6.0,0,6.1701,6.0,inf
657,1,-0.5125238537263297,2.0303536354208886,-0.7669858488299393,6.0,0,6.1701,6.0,inf
657,2,-0.5125238537263297,2.0303536354208886,-0.7669858488299393,6.0,0,6.1701,6.0,inf
657,3,-0.5125238537263297,2.0303536354208886,-0.7669858488299393,6.0,0,6.1701,6.0,inf
657,4,-0.5125238537263297,2.0303536354208886,-0.7669858488299393,6.0,0,6.1701,6.0,inf
657,5,-0.5125238537263297,2.0303536354208886,-0.7669858488299393,6.0,0,6.1701,6.0,inf
658,0,0.774924628232912,0.10621763606470745,0.7912228336176335,1.7492999999999999,1,1.7492999999999999,6.0,inf
658,1,0.774924628232912,0.10621763606470745,0.7912228336176335,1.7492999999999999,1,1.7492999999999999,6.0,inf
658,2,0.774924628232912,0.10621763606470745,0.7912228336176335,1.7492999999999999,1,1.7492999999999999,6.0,inf
658,3,0.774924628232912,0.10621763606470745,0.7912228336176335,1.7492999999999999,1,1.7492999999999999,6.0,inf
658,4,0.774924628232912,0.10621763606470745,0.7912228336176335,1.7492999999999999,1,1.7492999999999999,6.0,inf
658,5,0.774924628232912,0.10621763606470745,0.7912228336176335,1.7492999999999999,1,1.7492999999999999,6.0,inf
659,0,-0.3639940372959434,0.8859852772446717,-0.25831487076231924,0.5598,1,0.5598,6.0,inf
659,1,-0.3639940372959434,0.8859852772446717,-0.25831487076231924,0.5598,1,0.5598,6.0,inf
659,2,-0.3639940372959434,0.8859852772446717,-0.25831487076231924,0.5598,1,0.5598,6.0,inf
659,3,-0.3639940372959434,0.8859852772446717,-0.25831487076231924,0.5598,1,0.5598,6.0,inf
659,4,-0.3639940372959434,0.8859852772446717,-0.25831487076231924,0.5598,1,0.5598,6.0,inf
659,5,-0.3639940372959434,0.8859852772446717,-0.25831487076231924,0.5598,1,0.5598,6.0,inf
660,0,0.6910781612851458,0.8359034211731021,1.6852297804737437,4.8969,1,4.8969,6.0,inf
660,1,0.6910781612851458,0.8359034211731021,1.6852297804737437,4.8969,1,4.8969,6.0,inf
660,2,0.6910781612851458,0.8359034211731021,1.6852297804737437,4.8969,1,4.8969,6.0,inf
660,3,0.6910781612851458,0.8359034211731021,1.6852297804737437,4.8969,1,4.8969,6.0,inf
660,4,0.6910781612851458,0.8359034211731021,1.6852297804737437,4.8969,1,4.8969,6.0,inf
660,5,0.6910781612851458,0.8359034211731021,1.6852297804737437,4.8969,1,4.8969,6.0,inf
661,0,-1.342694925250691,1.067555285209918,-1.556236047257315,4.0832999999999995,1,4.0832999999999995,6.0,inf
661,1,-1.342694925250691,1.067555285209918,-1.556236047257315,4.0832999999999995,1,4.0832999999999995,6.0,inf
661,2,-1.342694925250691,1.067555285209918,-1.556236047257315,4.0832999999999995,1,4.0832999999999995,6.0,inf
661,3,-1.342694925250691,1.067555285209918,-1.556236047257315,4.0832999999999995,1,4.0832999999999995,6.0,inf
661,4,-1.342694925250691,1.067555285209918,-1.556236047257315,4.0832999999999995,1,4.0832999999999995,6.0,inf
661,5,-1.342694925250691,1.067555285209918,-1.556236047257315,4.0832999999999995,1,4.0832999999999995,6.0,inf
662,0,-2.351836587647764,0.43149376377531373,-2.1885178274955375,4.6026,1,4.6026,6.0,inf
662,1,-2.351836587647764,0.43149376377531373,-2.1885178274955375,4.6026,1,4.6026,6.0,inf
662,2,-2.351836587647764,0.43149376377531373,-2.1885178274955375,4.6026,1,4.6026,6.0,inf
662,3,-2.351836587647764,0.43149376377531373,-2.1885178274955375,4.6026,1,4.6026,6.0,inf
662,4,-2.351836587647764,0.43149376377531373,-2.1885178274955375,4.6026,1,4.6026,6.0,inf
662,5,-2.351836587647764,0.43149376377531373,-2.1885178274955375,4.6026,1,4.6026,6.0,inf
663,0,-1.6444301928174776,0.1815678856858902,0.6097349730280053,6.0,0,8.0001,6.0,inf
663,1,-1.6444301928174776,0.1815678856858902,0.6097349730280053,6.0,0,8.0001,6.0,inf
663,2,-1.6444301928174776,0.1815678856858902,0.6097349730280053,6.0,0,8.0001,6.0,inf
663,3,-1.6444301928174776,0.1815678856858902,0.6097349730280053,6.0,0,8.0001,6.0,inf
663,4,-1.6444301928174776,0.1815678856858902,0.6097349730280053,6.0,0,8.0001,6.0,inf
663,5,-1.6444301928174776,0.1815678856858902,0.6097349730280053,6.0,0,8.0001,6.0,inf
664,0,0.7050443435657889,-0.8700916300901242,-0.15851249981303583,0.9446999999999999,1,0.9446999999999999,6.0,inf
664,1,0.7050443435657889,-0.8700916300901242,-0.15851249981303583,0.9446999999999999,1,0.9446999999999999,6.0,inf
664,2,0.7050443435657889,-0.8700916300901242,-0.15851249981303583,0.9446999999999999,1,0.9446999999999999,6.0,inf
664,3,0.7050443435657889,-0.8700916300901242,-0.15851249981303583,0.9446999999999999,1,0.9446999999999999,6.0,inf
664,4,0.7050443435657889,-0.8700916300901242,-0.15851249981303583,0.9446999999999999,1,0.9446999999999999,6.0,inf
664,5,0.7050443435657889,-0.8700916300901242,-0.15851249981303583,0.9446999999999999,1,0.9446999999999999,6.0,inf
665,0,1.0429782677656605,-0.05780938707024576,0.522512986705514,1.5834,1,1.5834,6.0,inf
665,1,1.0429782677656605,-0.05780938707024576,0.522512986705514,1.5834,1,1.5834,6.0,inf
665,2,1.0429782677656605,-0.05780938707024576,0.522512986705514,1.5834,1,1.5834,6.0,inf
665,3,1.0429782677656605,-0.05780938707024576,0.522512986705514,1.5834,1,1.5834,6.0,inf
665,4,1.0429782677656605,-0.05780938707024576,0.522512986705514,1.5834,1,1.5834,6.0,inf
665,5,1.0429782677656605,-0.05780938707024576,0.522512986705514,1.5834,1,1.5834,6.0,inf
666,0,0.3705305278856125,0.01384310173264604,-0.33582526887531383,0.5177999999999999,1,0.5177999999999999,6.0,inf
666,1,0.3705305278856125,0.01384310173264604,-0.33582526887531383,0.5177999999999999,1,0.5177999999999999,6.0,inf
666,2,0.3705305278856125,0.01384310173264604,-0.33582526887531383,0.5177999999999999,1,0.5177999999999999,6.0,inf
666,3,0.3705305278856125,0.01384310173264604,-0.33582526887531383,0.5177999999999999,1,0.5177999999999999,6.0,inf
666,4,0.3705305278856125,0.01384310173264604,-0.33582526887531383,0.5177999999999999,1,0.5177999999999999,6.0,inf
666,5,0.3705305278856125,0.01384310173264604,-0.33582526887531383,0.5177999999999999,1,0.5177999999999999,6.0,inf
667,0,0.6232708304602547,0.258060376754849,-0.65921090457467,2.2712999999999997,1,2.2712999999999997,6.0,inf
667,1,0.6232708304602547,0.258060376754849,-0.65921090457467,2.2712999999999997,1,2.2712999999999997,6.0,inf
667,2,0.6232708304602547,0.258060376754849,-0.65921090457467,2.2712999999999997,1,2.2712999999999997,6.0,inf
667,3,0.6232708304602547,0.258060376754849,-0.65921090457467,2.2712999999999997,1,2.2712999999999997,6.0,inf
667,4,0.6232708304602547,0.258060376754849,-0.65921090457467,2.2712999999999997,1,2.2712999999999997,6.0,inf
667,5,0.6232708304602547,0.258060376754849,-0.65921090457467,2.2712999999999997,1,2.2712999999999997,6.0,inf
668,0,-0.07086755455029292,-0.59320771358679,0.041616509322997035,1.1219999999999999,1,1.1219999999999999,6.0,inf
668,1,-0.07086755455029292,-0.59320771358679,0.041616509322997035,1.1219999999999999,1,1.1219999999999999,6.0,inf
668,2,-0.07086755455029292,-0.59320771358679,0.041616509322997035,1.1219999999999999,1,1.1219999999999999,6.0,inf
668,3,-0.07086755455029292,-0.59320771358679,0.041616509322997035,1.1219999999999999,1,1.1219999999999999,6.0,inf
668,4,-0.07086755455029292,-0.59320771358679,0.041616509322997035,1.1219999999999999,1,1.1219999999999999,6.0,inf
668,5,-0.07086755455029292,-0.59320771358679,0.041616509322997035,1.1219999999999999,1,1.1219999999999999,6.0,inf
669,0,-0.042205590817414006,-0.7479456892149119,-0.14268136795239558,2.3558999999999997,1,2.3558999999999997,6.0,inf
669,1,-0.042205590817414006,-0.7479456892149119,-0.14268136795239558,2.3558999999999997,1,2.3558999999999997,6.0,inf
669,2,-0.042205590817414006,-0.7479456892149119,-0.14268136795239558,2.3558999999999997,1,2.3558999999999997,6.0,inf
669,3,-0.042205590817414006,-0.7479456892149119,-0.14268136795239558,2.3558999999999997,1,2.3558999999999997,6.0,inf
669,4,-0.042205590817414006,-0.7479456892149119,-0.14268136795239558,2.3558999999999997,1,2.3558999999999997,6.0,inf
669,5,-0.042205590817414006,-0.7479456892149119,-0.14268136795239558,2.3558999999999997,1,2.3558999999999997,6.0,inf
670,0,-0.58971441819369,1.8514030002196527,0.13203157425178544,4.2837,1,4.2837,6.0,inf
670,1,-0.58971441819369,1.8514030002196527,0.13203157425178544,4.2837,1,4.2837,6.0,inf
670,2,-0.58971441819369,1.8514030002196527,0.13203157425178544,4.2837,1,4.2837,6.0,inf
670,3,-0.58971441819369,1.8514030002196527,0.13203157425178544,4.2837,1,4.2837,6.0,inf
670,4,-0.58971441819369,1.8514030002196527,0.13203157425178544,4.2837,1,4.2837,6.0,inf
670,5,-0.58971441819369,1.8514030002196527,0.13203157425178544,4.2837,1,4.2837,6.0,inf
671,0,1.3597299186789271,1.1804416312399615,-0.7230793978990658,2.7800999999999996,1,2.7800999999999996,6.0,inf
671,1,1.3597299186789271,1.1804416312399615,-0.7230793978990658,2.7800999999999996,1,2.7800999999999996,6.0,inf
671,2,1.3597299186789271,1.1804416312399615,-0.7230793978990658,2.7800999999999996,1,2.7800999999999996,6.0,inf
671,3,1.3597299186789271,1.1804416312399615,-0.7230793978990658,2.7800999999999996,1,2.7800999999999996,6.0,inf
671,4,1.3597299186789271,1.1804416312399615,-0.7230793978990658,2.7800999999999996,1,2.7800999999999996,6.0,inf
671,5,1.3597299186789271,1.1804416312399615,-0.7230793978990658,2.7800999999999996,1,2.7800999999999996,6.0,inf
672,0,-0.32782405749215365,-0.07858866379838188,0.39151521442949017,5.4372,1,5.4372,6.0,inf
672,1,-0.32782405749215365,-0.07858866379838188,0.39151521442949017,5.4372,1,5.4372,6.0,inf
672,2,-0.32782405749215365,-0.07858866379838188,0.39151521442949017,5.4372,1,5.4372,6.0,inf
672,3,-0.32782405749215365,-0.07858866379838188,0.39151521442949017,5.4372,1,5.4372,6.0,inf
672,4,-0.32782405749215365,-0.07858866379838188,0.39151521442949017,5.4372,1,5.4372,6.0,inf
672,5,-0.32782405749215365,-0.07858866379838188,0.39151521442949017,5.4372,1,5.4372,6.0,inf
673,0,0.3314574394071205,-0.6485819800582433,0.8968294282335441,2.2815,1,2.2815,6.0,inf
673,1,0.3314574394071205,-0.6485819800582433,0.8968294282335441,2.2815,1,2.2815,6.0,inf
673,2,0.3314574394071205,-0.6485819800582433,0.8968294282335441,2.2815,1,2.2815,6.0,inf
673,3,0.3314574394071205,-0.6485819800582433,0.8968294282335441,2.2815,1,2.2815,6.0,inf
673,4,0.3314574394071205,-0.6485819800582433,0.8968294282335441,2.2815,1,2.2815,6.0,inf
673,5,0.3314574394071205,-0.6485819800582433,0.8968294282335441,2.2815,1,2.2815,6.0,inf
674,0,-0.9137960243355443,0.7512354557214114,-1.8214462441518122,5.1293999999999995,1,5.1293999999999995,6.0,inf
674,1,-0.9137960243355443,0.7512354557214114,-1.8214462441518122,5.1293999999999995,1,5.1293999999999995,6.0,inf
674,2,-0.9137960243355443,0.7512354557214114,-1.8214462441518122,5.1293999999999995,1,5.1293999999999995,6.0,inf
674,3,-0.9137960243355443,0.7512354557214114,-1.8214462441518122,5.1293999999999995,1,5.1293999999999995,6.0,inf
674,4,-0.9137960243355443,0.7512354557214114,-1.8214462441518122,5.1293999999999995,1,5.1293999999999995,6.0,inf
674,5,-0.9137960243355443,0.7512354557214114,-1.8214462441518122,5.1293999999999995,1,5.1293999999999995,6.0,inf
675,0,-0.548481731385692,0.20301033939285654,-1.4754775778205105,3.0749999999999997,1,3.0749999999999997,6.0,inf
675,1,-0.548481731385692,0.20301033939285654,-1.4754775778205105,3.0749999999999997,1,3.0749999999999997,6.0,inf
675,2,-0.548481731385692,0.20301033939285654,-1.4754775778205105,3.0749999999999997,1,3.0749999999999997,6.0,inf
675,3,-0.548481731385692,0.20301033939285654,-1.4754775778205105,3.0749999999999997,1,3.0749999999999997,6.0,inf
675,4,-0.548481731385692,0.20301033939285654,-1.4754775778205105,3.0749999999999997,1,3.0749999999999997,6.0,inf
675,5,-0.548481731385692,0.20301033939285654,-1.4754775778205105,3.0749999999999997,1,3.0749999999999997,6.0,inf
676,0,0.020575610992006475,-0.4458586979005982,-0.21166497566155942,1.9133999999999998,1,1.9133999999999998,6.0,inf
676,1,0.020575610992006475,-0.4458586979005982,-0.21166497566155942,1.9133999999999998,1,1.9133999999999998,6.0,inf
676,2,0.020575610992006475,-0.4458586979005982,-0.21166497566155942,1.9133999999999998,1,1.9133999999999998,6.0,inf
676,3,0.020575610992006475,-0.4458586979005982,-0.21166497566155942,1.9133999999999998,1,1.9133999999999998,6.0,inf
676,4,0.020575610992006475,-0.4458586979005982,-0.21166497566155942,1.9133999999999998,1,1.9133999999999998,6.0,inf
676,5,0.020575610992006475,-0.4458586979005982,-0.21166497566155942,1.9133999999999998,1,1.9133999999999998,6.0,inf
677,0,-0.7281040436754899,0.5306261002843559,1.0897376650984878,2.6862,1,2.6862,6.0,inf
677,1,-0.7281040436754899,0.5306261002843559,1.0897376650984878,2.6862,1,2.6862,6.0,inf
677,2,-0.7281040436754899,0.5306261002843559,1.0897376650984878,2.6862,1,2.6862,6.0,inf
677,3,-0.7281040436754899,0.5306261002843559,1.0897376650984878,2.6862,1,2.6862,6.0,inf
677,4,-0.7281040436754899,0.5306261002843559,1.0897376650984878,2.6862,1,2.6862,6.0,inf
677,5,-0.7281040436754899,0.5306261002843559,1.0897376650984878,2.6862,1,2.6862,6.0,inf
678,0,-0.4969333909962277,1.2064811236125952,1.3431175161846014,1.3065,1,1.3065,6.0,inf
678,1,-0.4969333909962277,1.2064811236125952,1.3431175161846014,1.3065,1,1.3065,6.0,inf
678,2,-0.4969333909962277,1.2064811236125952,1.3431175161846014,1.3065,1,1.3065,6.0,inf
678,3,-0.4969333909962277,1.2064811236125952,1.3431175161846014,1.3065,1,1.3065,6.0,inf
678,4,-0.4969333909962277,1.2064811236125952,1.3431175161846014,1.3065,1,1.3065,6.0,inf
678,5,-0.4969333909962277,1.2064811236125952,1.3431175161846014,1.3065,1,1.3065,6.0,inf
679,0,-1.972391451555159,-1.1328267400597265,-0.648219569094664,0.6176999999999999,1,0.6176999999999999,6.0,inf
679,1,-1.972391451555159,-1.1328267400597265,-0.648219569094664,0.6176999999999999,1,0.6176999999999999,6.0,inf
679,2,-1.972391451555159,-1.1328267400597265,-0.648219569094664,0.6176999999999999,1,0.6176999999999999,6.0,inf
679,3,-1.972391451555159,-1.1328267400597265,-0.648219569094664,0.6176999999999999,1,0.6176999999999999,6.0,inf
679,4,-1.972391451555159,-1.1328267400597265,-0.648219569094664,0.6176999999999999,1,0.6176999999999999,6.0,inf
679,5,-1.972391451555159,-1.1328267400597265,-0.648219569094664,0.6176999999999999,1,0.6176999999999999,6.0,inf
680,0,0.3173807404157799,1.2464533953002535,0.5261870869834274,5.2344,1,5.2344,6.0,inf
680,1,0.3173807404157799,1.2464533953002535,0.5261870869834274,5.2344,1,5.2344,6.0,inf
680,2,0.3173807404157799,1.2464533953002535,0.5261870869834274,5.2344,1,5.2344,6.0,inf
680,3,0.3173807404157799,1.2464533953002535,0.5261870869834274,5.2344,1,5.2344,6.0,inf
680,4,0.3173807404157799,1.2464533953002535,0.5261870869834274,5.2344,1,5.2344,6.0,inf
680,5,0.3173807404157799,1.2464533953002535,0.5261870869834274,5.2344,1,5.2344,6.0,inf
681,0,0.4296310953086996,-1.2913566431517216,-0.3460738990087408,0.7172999999999999,1,0.7172999999999999,6.0,inf
681,1,0.4296310953086996,-1.2913566431517216,-0.3460738990087408,0.7172999999999999,1,0.7172999999999999,6.0,inf
681,2,0.4296310953086996,-1.2913566431517216,-0.3460738990087408,0.7172999999999999,1,0.7172999999999999,6.0,inf
681,3,0.4296310953086996,-1.2913566431517216,-0.3460738990087408,0.7172999999999999,1,0.7172999999999999,6.0,inf
681,4,0.4296310953086996,-1.2913566431517216,-0.3460738990087408,0.7172999999999999,1,0.7172999999999999,6.0,inf
681,5,0.4296310953086996,-1.2913566431517216,-0.3460738990087408,0.7172999999999999,1,0.7172999999999999,6.0,inf
682,0,-0.30163509774002206,0.309385347077213,-2.8769166073032166,3.6813,1,3.6813,6.0,inf
682,1,-0.30163509774002206,0.309385347077213,-2.8769166073032166,3.6813,1,3.6813,6.0,inf
682,2,-0.30163509774002206,0.309385347077213,-2.8769166073032166,3.6813,1,3.6813,6.0,inf
682,3,-0.30163509774002206,0.309385347077213,-2.8769166073032166,3.6813,1,3.6813,6.0,inf
682,4,-0.30163509774002206,0.309385347077213,-2.8769166073032166,3.6813,1,3.6813,6.0,inf
682,5,-0.30163509774002206,0.309385347077213,-2.8769166073032166,3.6813,1,3.6813,6.0,inf
683,0,-1.032687243304839,-0.0454727243293078,1.484109700873409,1.4048999999999998,1,1.4048999999999998,6.0,inf
683,1,-1.032687243304839,-0.0454727243293078,1.484109700873409,1.4048999999999998,1,1.4048999999999998,6.0,inf
683,2,-1.032687243304839,-0.0454727243293078,1.484109700873409,1.4048999999999998,1,1.4048999999999998,6.0,inf
683,3,-1.032687243304839,-0.0454727243293078,1.484109700873409,1.4048999999999998,1,1.4048999999999998,6.0,inf
683,4,-1.032687243304839,-0.0454727243293078,1.484109700873409,1.4048999999999998,1,1.4048999999999998,6.0,inf
683,5,-1.032687243304839,-0.0454727243293078,1.484109700873409,1.4048999999999998,1,1.4048999999999998,6.0,inf
684,0,0.7275454009536385,-1.0107095084650408,-0.27026190250975535,2.7647999999999997,1,2.7647999999999997,6.0,inf
684,1,0.7275454009536385,-1.0107095084650408,-0.27026190250975535,2.7647999999999997,1,2.7647999999999997,6.0,inf
684,2,0.7275454009536385,-1.0107095084650408,-0.27026190250975535,2.7647999999999997,1,2.7647999999999997,6.0,inf
684,3,0.7275454009536385,-1.0107095084650408,-0.27026190250975535,2.7647999999999997,1,2.7647999999999997,6.0,inf
684,4,0.7275454009536385,-1.0107095084650408,-0.27026190250975535,2.7647999999999997,1,2.7647999999999997,6.0,inf
684,5,0.7275454009536385,-1.0107095084650408,-0.27026190250975535,2.7647999999999997,1,2.7647999999999997,6.0,inf
685,0,-0.02546418027197874,-0.7475034390866525,1.3559670720162291,1.4708999999999999,1,1.4708999999999999,6.0,inf
685,1,-0.02546418027197874,-0.7475034390866525,1.3559670720162291,1.4708999999999999,1,1.4708999999999999,6.0,inf
685,2,-0.02546418027197874,-0.7475034390866525,1.3559670720162291,1.4708999999999999,1,1.4708999999999999,6.0,inf
685,3,-0.02546418027197874,-0.7475034390866525,1.3559670720162291,1.4708999999999999,1,1.4708999999999999,6.0,inf
685,4,-0.02546418027197874,-0.7475034390866525,1.3559670720162291,1.4708999999999999,1,1.4708999999999999,6.0,inf
685,5,-0.02546418027197874,-0.7475034390866525,1.3559670720162291,1.4708999999999999,1,1.4708999999999999,6.0,inf
686,0,0.7724402071471104,1.8256767495564783,0.8109319583656039,4.4052,1,4.4052,6.0,inf
686,1,0.7724402071471104,1.8256767495564783,0.8109319583656039,4.4052,1,4.4052,6.0,inf
686,2,0.7724402071471104,1.8256767495564783,0.8109319583656039,4.4052,1,4.4052,6.0,inf
686,3,0.7724402071471104,1.8256767495564783,0.8109319583656039,4.4052,1,4.4052,6.0,inf
686,4,0.7724402071471104,1.8256767495564783,0.8109319583656039,4.4052,1,4.4052,6.0,inf
686,5,0.7724402071471104,1.8256767495564783,0.8109319583656039,4.4052,1,4.4052,6.0,inf
687,0,-0.6947617716333881,1.3895387563823205,0.036264213755118915,2.13,1,2.13,6.0,inf
687,1,-0.6947617716333881,1.3895387563823205,0.036264213755118915,2.13,1,2.13,6.0,inf
687,2,-0.6947617716333881,1.3895387563823205,0.036264213755118915,2.13,1,2.13,6.0,inf
687,3,-0.6947617716333881,1.3895387563823205,0.036264213755118915,2.13,1,2.13,6.0,inf
687,4,-0.6947617716333881,1.3895387563823205,0.036264213755118915,2.13,1,2.13,6.0,inf
687,5,-0.6947617716333881,1.3895387563823205,0.036264213755118915,2.13,1,2.13,6.0,inf
688,0,-0.8600329238966976,0.26350795705127117,0.49452583874772665,1.6275,1,1.6275,6.0,inf
688,1,-0.8600329238966976,0.26350795705127117,0.49452583874772665,1.6275,1,1.6275,6.0,inf
688,2,-0.8600329238966976,0.26350795705127117,0.49452583874772665,1.6275,1,1.6275,6.0,inf
688,3,-0.8600329238966976,0.26350795705127117,0.49452583874772665,1.6275,1,1.6275,6.0,inf
688,4,-0.8600329238966976,0.26350795705127117,0.49452583874772665,1.6275,1,1.6275,6.0,inf
688,5,-0.8600329238966976,0.26350795705127117,0.49452583874772665,1.6275,1,1.6275,6.0,inf
689,0,0.9879300612318838,-0.22148602373074228,-0.5312844874032848,0.7935,1,0.7935,6.0,inf
689,1,0.9879300612318838,-0.22148602373074228,-0.5312844874032848,0.7935,1,0.7935,6.0,inf
689,2,0.9879300612318838,-0.22148602373074228,-0.5312844874032848,0.7935,1,0.7935,6.0,inf
689,3,0.9879300612318838,-0.22148602373074228,-0.5312844874032848,0.7935,1,0.7935,6.0,inf
689,4,0.9879300612318838,-0.22148602373074228,-0.5312844874032848,0.7935,1,0.7935,6.0,inf
689,5,0.9879300612318838,-0.22148602373074228,-0.5312844874032848,0.7935,1,0.7935,6.0,inf
690,0,-1.794713400116058,-1.6084533393295992,-0.11688403380412417,1.6958999999999997,1,1.6958999999999997,6.0,inf
690,1,-1.794713400116058,-1.6084533393295992,-0.11688403380412417,1.6958999999999997,1,1.6958999999999997,6.0,inf
690,2,-1.794713400116058,-1.6084533393295992,-0.11688403380412417,1.6958999999999997,1,1.6958999999999997,6.0,inf
690,3,-1.794713400116058,-1.6084533393295992,-0.11688403380412417,1.6958999999999997,1,1.6958999999999997,6.0,inf
690,4,-1.794713400116058,-1.6084533393295992,-0.11688403380412417,1.6958999999999997,1,1.6958999999999997,6.0,inf
690,5,-1.794713400116058,-1.6084533393295992,-0.11688403380412417,1.6958999999999997,1,1.6958999999999997,6.0,inf
691,0,0.2940637530285484,1.01666710098894,-0.5265032061823283,3.2478,1,3.2478,6.0,inf
691,1,0.2940637530285484,1.01666710098894,-0.5265032061823283,3.2478,1,3.2478,6.0,inf
691,2,0.2940637530285484,1.01666710098894,-0.5265032061823283,3.2478,1,3.2478,6.0,inf
691,3,0.2940637530285484,1.01666710098894,-0.5265032061823283,3.2478,1,3.2478,6.0,inf
691,4,0.2940637530285484,1.01666710098894,-0.5265032061823283,3.2478,1,3.2478,6.0,inf
691,5,0.2940637530285484,1.01666710098894,-0.5265032061823283,3.2478,1,3.2478,6.0,inf
692,0,-0.9130043696723041,1.3469669014141585,-1.785503668295282,4.404599999999999,1,4.404599999999999,6.0,inf
692,1,-0.9130043696723041,1.3469669014141585,-1.785503668295282,4.404599999999999,1,4.404599999999999,6.0,inf
692,2,-0.9130043696723041,1.3469669014141585,-1.785503668295282,4.404599999999999,1,4.404599999999999,6.0,inf
692,3,-0.9130043696723041,1.3469669014141585,-1.785503668295282,4.404599999999999,1,4.404599999999999,6.0,inf
692,4,-0.9130043696723041,1.3469669014141585,-1.785503668295282,4.404599999999999,1,4.404599999999999,6.0,inf
692,5,-0.9130043696723041,1.3469669014141585,-1.785503668295282,4.404599999999999,1,4.404599999999999,6.0,inf
693,0,2.57040696821701,1.0599711953168605,1.900451331476852,2.0382,1,2.0382,6.0,inf
693,1,2.57040696821701,1.0599711953168605,1.900451331476852,2.0382,1,2.0382,6.0,inf
693,2,2.57040696821701,1.0599711953168605,1.900451331476852,2.0382,1,2.0382,6.0,inf
693,3,2.57040696821701,1.0599711953168605,1.900451331476852,2.0382,1,2.0382,6.0,inf
693,4,2.57040696821701,1.0599711953168605,1.900451331476852,2.0382,1,2.0382,6.0,inf
693,5,2.57040696821701,1.0599711953168605,1.900451331476852,2.0382,1,2.0382,6.0,inf
694,0,1.822339421566552,-0.6926469918832459,-0.4038563194333906,1.4802,1,1.4802,6.0,inf
694,1,1.822339421566552,-0.6926469918832459,-0.4038563194333906,1.4802,1,1.4802,6.0,inf
694,2,1.822339421566552,-0.6926469918832459,-0.4038563194333906,1.4802,1,1.4802,6.0,inf
694,3,1.822339421566552,-0.6926469918832459,-0.4038563194333906,1.4802,1,1.4802,6.0,inf
694,4,1.822339421566552,-0.6926469918832459,-0.4038563194333906,1.4802,1,1.4802,6.0,inf
694,5,1.822339421566552,-0.6926469918832459,-0.4038563194333906,1.4802,1,1.4802,6.0,inf
695,0,-0.011736784624026952,0.5255980747611212,1.2914915094396382,2.106,1,2.106,6.0,inf
695,1,-0.011736784624026952,0.5255980747611212,1.2914915094396382,2.106,1,2.106,6.0,inf
695,2,-0.011736784624026952,0.5255980747611212,1.2914915094396382,2.106,1,2.106,6.0,inf
695,3,-0.011736784624026952,0.5255980747611212,1.2914915094396382,2.106,1,2.106,6.0,inf
695,4,-0.011736784624026952,0.5255980747611212,1.2914915094396382,2.106,1,2.106,6.0,inf
695,5,-0.011736784624026952,0.5255980747611212,1.2914915094396382,2.106,1,2.106,6.0,inf
696,0,1.1887441587119927,-1.7782023445644821,0.9758424439670267,1.0196999999999998,1,1.0196999999999998,6.0,inf
696,1,1.1887441587119927,-1.7782023445644821,0.9758424439670267,1.0196999999999998,1,1.0196999999999998,6.0,inf
696,2,1.1887441587119927,-1.7782023445644821,0.9758424439670267,1.0196999999999998,1,1.0196999999999998,6.0,inf
696,3,1.1887441587119927,-1.7782023445644821,0.9758424439670267,1.0196999999999998,1,1.0196999999999998,6.0,inf
696,4,1.1887441587119927,-1.7782023445644821,0.9758424439670267,1.0196999999999998,1,1.0196999999999998,6.0,inf
696,5,1.1887441587119927,-1.7782023445644821,0.9758424439670267,1.0196999999999998,1,1.0196999999999998,6.0,inf
697,0,-0.14829596332488965,-1.238742210713977,-1.1851258024548013,3.0675,1,3.0675,6.0,inf
697,1,-0.14829596332488965,-1.238742210713977,-1.1851258024548013,3.0675,1,3.0675,6.0,inf
697,2,-0.14829596332488965,-1.238742210713977,-1.1851258024548013,3.0675,1,3.0675,6.0,inf
697,3,-0.14829596332488965,-1.238742210713977,-1.1851258024548013,3.0675,1,3.0675,6.0,inf
697,4,-0.14829596332488965,-1.238742210713977,-1.1851258024548013,3.0675,1,3.0675,6.0,inf
697,5,-0.14829596332488965,-1.238742210713977,-1.1851258024548013,3.0675,1,3.0675,6.0,inf
698,0,-0.1584345338997469,0.2049421419549329,0.2021578602072457,5.4063,1,5.4063,6.0,inf
698,1,-0.1584345338997469,0.2049421419549329,0.2021578602072457,5.4063,1,5.4063,6.0,inf
698,2,-0.1584345338997469,0.2049421419549329,0.2021578602072457,5.4063,1,5.4063,6.0,inf
698,3,-0.1584345338997469,0.2049421419549329,0.2021578602072457,5.4063,1,5.4063,6.0,inf
698,4,-0.1584345338997469,0.2049421419549329,0.2021578602072457,5.4063,1,5.4063,6.0,inf
698,5,-0.1584345338997469,0.2049421419549329,0.2021578602072457,5.4063,1,5.4063,6.0,inf
699,0,-0.7515858314068021,-0.5339794276289229,-0.5225000808996094,0.7448999999999999,1,0.7448999999999999,6.0,inf
699,1,-0.7515858314068021,-0.5339794276289229,-0.5225000808996094,0.7448999999999999,1,0.7448999999999999,6.0,inf
699,2,-0.7515858314068021,-0.5339794276289229,-0.5225000808996094,0.7448999999999999,1,0.7448999999999999,6.0,inf
699,3,-0.7515858314068021,-0.5339794276289229,-0.5225000808996094,0.7448999999999999,1,0.7448999999999999,6.0,inf
699,4,-0.7515858314068021,-0.5339794276289229,-0.5225000808996094,0.7448999999999999,1,0.7448999999999999,6.0,inf
699,5,-0.7515858314068021,-0.5339794276289229,-0.5225000808996094,0.7448999999999999,1,0.7448999999999999,6.0,inf
700,0,-1.1112284834515493,1.2040479120468368,-0.22999735915140576,4.448099999999999,1,4.448099999999999,6.0,inf
700,1,-1.1112284834515493,1.2040479120468368,-0.22999735915140576,4.448099999999999,1,4.448099999999999,6.0,inf
700,2,-1.1112284834515493,1.2040479120468368,-0.22999735915140576,4.448099999999999,1,4.448099999999999,6.0,inf
700,3,-1.1112284834515493,1.2040479120468368,-0.22999735915140576,4.448099999999999,1,4.448099999999999,6.0,inf
700,4,-1.1112284834515493,1.2040479120468368,-0.22999735915140576,4.448099999999999,1,4.448099999999999,6.0,inf
700,5,-1.1112284834515493,1.2040479120468368,-0.22999735915140576,4.448099999999999,1,4.448099999999999,6.0,inf
701,0,-2.164862870569113,-0.3384893318840365,0.25301824386983796,1.9647,1,1.9647,6.0,inf
701,1,-2.164862870569113,-0.3384893318840365,0.25301824386983796,1.9647,1,1.9647,6.0,inf
701,2,-2.164862870569113,-0.3384893318840365,0.25301824386983796,1.9647,1,1.9647,6.0,inf
701,3,-2.164862870569113,-0.3384893318840365,0.25301824386983796,1.9647,1,1.9647,6.0,inf
701,4,-2.164862870569113,-0.3384893318840365,0.25301824386983796,1.9647,1,1.9647,6.0,inf
701,5,-2.164862870569113,-0.3384893318840365,0.25301824386983796,1.9647,1,1.9647,6.0,inf
702,0,-1.236221813638897,0.649076241878724,0.8942457007569234,1.9383,1,1.9383,6.0,inf
702,1,-1.236221813638897,0.649076241878724,0.8942457007569234,1.9383,1,1.9383,6.0,inf
702,2,-1.236221813638897,0.649076241878724,0.8942457007569234,1.9383,1,1.9383,6.0,inf
702,3,-1.236221813638897,0.649076241878724,0.8942457007569234,1.9383,1,1.9383,6.0,inf
702,4,-1.236221813638897,0.649076241878724,0.8942457007569234,1.9383,1,1.9383,6.0,inf
702,5,-1.236221813638897,0.649076241878724,0.8942457007569234,1.9383,1,1.9383,6.0,inf
703,0,-0.6276402842013721,-1.135324784478644,-1.5397940566072423,0.8541,1,0.8541,6.0,inf
703,1,-0.6276402842013721,-1.135324784478644,-1.5397940566072423,0.8541,1,0.8541,6.0,inf
703,2,-0.6276402842013721,-1.135324784478644,-1.5397940566072423,0.8541,1,0.8541,6.0,inf
703,3,-0.6276402842013721,-1.135324784478644,-1.5397940566072423,0.8541,1,0.8541,6.0,inf
703,4,-0.6276402842013721,-1.135324784478644,-1.5397940566072423,0.8541,1,0.8541,6.0,inf
703,5,-0.6276402842013721,-1.135324784478644,-1.5397940566072423,0.8541,1,0.8541,6.0,inf
704,0,1.3373859187347015,0.6863324154968112,0.9071524675647359,2.5347,1,2.5347,6.0,inf
704,1,1.3373859187347015,0.6863324154968112,0.9071524675647359,2.5347,1,2.5347,6.0,inf
704,2,1.3373859187347015,0.6863324154968112,0.9071524675647359,2.5347,1,2.5347,6.0,inf
704,3,1.3373859187347015,0.6863324154968112,0.9071524675647359,2.5347,1,2.5347,6.0,inf
704,4,1.3373859187347015,0.6863324154968112,0.9071524675647359,2.5347,1,2.5347,6.0,inf
704,5,1.3373859187347015,0.6863324154968112,0.9071524675647359,2.5347,1,2.5347,6.0,inf
705,0,0.13569709404806554,-0.6487435418722073,-0.8188698156769625,3.5687999999999995,1,3.5687999999999995,6.0,inf
705,1,0.13569709404806554,-0.6487435418722073,-0.8188698156769625,3.5687999999999995,1,3.5687999999999995,6.0,inf
705,2,0.13569709404806554,-0.6487435418722073,-0.8188698156769625,3.5687999999999995,1,3.5687999999999995,6.0,inf
705,3,0.13569709404806554,-0.6487435418722073,-0.8188698156769625,3.5687999999999995,1,3.5687999999999995,6.0,inf
705,4,0.13569709404806554,-0.6487435418722073,-0.8188698156769625,3.5687999999999995,1,3.5687999999999995,6.0,inf
705,5,0.13569709404806554,-0.6487435418722073,-0.8188698156769625,3.5687999999999995,1,3.5687999999999995,6.0,inf
706,0,-0.6356884450640193,0.09177235236888509,0.03564709281985565,0.1146,1,0.1146,6.0,inf
706,1,-0.6356884450640193,0.09177235236888509,0.03564709281985565,0.1146,1,0.1146,6.0,inf
706,2,-0.6356884450640193,0.09177235236888509,0.03564709281985565,0.1146,1,0.1146,6.0,inf
706,3,-0.6356884450640193,0.09177235236888509,0.03564709281985565,0.1146,1,0.1146,6.0,inf
706,4,-0.6356884450640193,0.09177235236888509,0.03564709281985565,0.1146,1,0.1146,6.0,inf
706,5,-0.6356884450640193,0.09177235236888509,0.03564709281985565,0.1146,1,0.1146,6.0,inf
707,0,-1.2427451630723814,0.06300475805575625,-0.19412316359958023,6.0,0,6.797699999999999,6.0,inf
707,1,-1.2427451630723814,0.06300475805575625,-0.19412316359958023,6.0,0,6.797699999999999,6.0,inf
707,2,-1.2427451630723814,0.06300475805575625,-0.19412316359958023,6.0,0,6.797699999999999,6.0,inf
707,3,-1.2427451630723814,0.06300475805575625,-0.19412316359958023,6.0,0,6.797699999999999,6.0,inf
707,4,-1.2427451630723814,0.06300475805575625,-0.19412316359958023,6.0,0,6.797699999999999,6.0,inf
707,5,-1.2427451630723814,0.06300475805575625,-0.19412316359958023,6.0,0,6.797699999999999,6.0,inf
708,0,-0.7601900137925354,1.302926627336544,-0.03460888795214577,5.4246,1,5.4246,6.0,inf
708,1,-0.7601900137925354,1.302926627336544,-0.03460888795214577,5.4246,1,5.4246,6.0,inf
708,2,-0.7601900137925354,1.302926627336544,-0.03460888795214577,5.4246,1,5.4246,6.0,inf
708,3,-0.7601900137925354,1.302926627336544,-0.03460888795214577,5.4246,1,5.4246,6.0,inf
708,4,-0.7601900137925354,1.302926627336544,-0.03460888795214577,5.4246,1,5.4246,6.0,inf
708,5,-0.7601900137925354,1.302926627336544,-0.03460888795214577,5.4246,1,5.4246,6.0,inf
709,0,2.2416097115498546,0.822436092636394,1.300575720726812,2.1149999999999998,1,2.1149999999999998,6.0,inf
709,1,2.2416097115498546,0.822436092636394,1.300575720726812,2.1149999999999998,1,2.1149999999999998,6.0,inf
709,2,2.2416097115498546,0.822436092636394,1.300575720726812,2.1149999999999998,1,2.1149999999999998,6.0,inf
709,3,2.2416097115498546,0.822436092636394,1.300575720726812,2.1149999999999998,1,2.1149999999999998,6.0,inf
709,4,2.2416097115498546,0.822436092636394,1.300575720726812,2.1149999999999998,1,2.1149999999999998,6.0,inf
709,5,2.2416097115498546,0.822436092636394,1.300575720726812,2.1149999999999998,1,2.1149999999999998,6.0,inf
710,0,-1.1260630898329356,-0.48146298998821235,-1.4169422868307373,0.48059999999999997,1,0.48059999999999997,6.0,inf
710,1,-1.1260630898329356,-0.48146298998821235,-1.4169422868307373,0.48059999999999997,1,0.48059999999999997,6.0,inf
710,2,-1.1260630898329356,-0.48146298998821235,-1.4169422868307373,0.48059999999999997,1,0.48059999999999997,6.0,inf
710,3,-1.1260630898329356,-0.48146298998821235,-1.4169422868307373,0.48059999999999997,1,0.48059999999999997,6.0,inf
710,4,-1.1260630898329356,-0.48146298998821235,-1.4169422868307373,0.48059999999999997,1,0.48059999999999997,6.0,inf
710,5,-1.1260630898329356,-0.48146298998821235,-1.4169422868307373,0.48059999999999997,1,0.48059999999999997,6.0,inf
711,0,1.1693686853721788,-0.5393322851535731,0.6973261268638247,2.19,1,2.19,6.0,inf
711,1,1.1693686853721788,-0.5393322851535731,0.6973261268638247,2.19,1,2.19,6.0,inf
711,2,1.1693686853721788,-0.5393322851535731,0.6973261268638247,2.19,1,2.19,6.0,inf
711,3,1.1693686853721788,-0.5393322851535731,0.6973261268638247,2.19,1,2.19,6.0,inf
711,4,1.1693686853721788,-0.5393322851535731,0.6973261268638247,2.19,1,2.19,6.0,inf
711,5,1.1693686853721788,-0.5393322851535731,0.6973261268638247,2.19,1,2.19,6.0,inf
712,0,-1.575693294509428,-0.871088037314492,0.3103656008545986,1.8569999999999998,1,1.8569999999999998,6.0,inf
712,1,-1.575693294509428,-0.871088037314492,0.3103656008545986,1.8569999999999998,1,1.8569999999999998,6.0,inf
712,2,-1.575693294509428,-0.871088037314492,0.3103656008545986,1.8569999999999998,1,1.8569999999999998,6.0,inf
712,3,-1.575693294509428,-0.871088037314492,0.3103656008545986,1.8569999999999998,1,1.8569999999999998,6.0,inf
712,4,-1.575693294509428,-0.871088037314492,0.3103656008545986,1.8569999999999998,1,1.8569999999999998,6.0,inf
712,5,-1.575693294509428,-0.871088037314492,0.3103656008545986,1.8569999999999998,1,1.8569999999999998,6.0,inf
713,0,-1.1641460434697048,-0.3862114497417882,-0.15098559681092322,6.0,0,6.9708,6.0,inf
713,1,-1.1641460434697048,-0.3862114497417882,-0.15098559681092322,6.0,0,6.9708,6.0,inf
713,2,-1.1641460434697048,-0.3862114497417882,-0.15098559681092322,6.0,0,6.9708,6.0,inf
713,3,-1.1641460434697048,-0.3862114497417882,-0.15098559681092322,6.0,0,6.9708,6.0,inf
713,4,-1.1641460434697048,-0.3862114497417882,-0.15098559681092322,6.0,0,6.9708,6.0,inf
713,5,-1.1641460434697048,-0.3862114497417882,-0.15098559681092322,6.0,0,6.9708,6.0,inf
714,0,-1.4759257359746363,-0.009637334543469427,-0.2257495775729731,0.9140999999999999,1,0.9140999999999999,6.0,inf
714,1,-1.4759257359746363,-0.009637334543469427,-0.2257495775729731,0.9140999999999999,1,0.9140999999999999,6.0,inf
714,2,-1.4759257359746363,-0.009637334543469427,-0.2257495775729731,0.9140999999999999,1,0.9140999999999999,6.0,inf
714,3,-1.4759257359746363,-0.009637334543469427,-0.2257495775729731,0.9140999999999999,1,0.9140999999999999,6.0,inf
714,4,-1.4759257359746363,-0.009637334543469427,-0.2257495775729731,0.9140999999999999,1,0.9140999999999999,6.0,inf
714,5,-1.4759257359746363,-0.009637334543469427,-0.2257495775729731,0.9140999999999999,1,0.9140999999999999,6.0,inf
715,0,-1.0097171288634275,-0.6689830935305603,0.5955568904157705,1.2219,1,1.2219,6.0,inf
715,1,-1.0097171288634275,-0.6689830935305603,0.5955568904157705,1.2219,1,1.2219,6.0,inf
715,2,-1.0097171288634275,-0.6689830935305603,0.5955568904157705,1.2219,1,1.2219,6.0,inf
715,3,-1.0097171288634275,-0.6689830935305603,0.5955568904157705,1.2219,1,1.2219,6.0,inf
715,4,-1.0097171288634275,-0.6689830935305603,0.5955568904157705,1.2219,1,1.2219,6.0,inf
715,5,-1.0097171288634275,-0.6689830935305603,0.5955568904157705,1.2219,1,1.2219,6.0,inf
716,0,1.4987367459311653,-0.20129313767129428,0.7392994526938321,2.5427999999999997,1,2.5427999999999997,6.0,inf
716,1,1.4987367459311653,-0.20129313767129428,0.7392994526938321,2.5427999999999997,1,2.5427999999999997,6.0,inf
716,2,1.4987367459311653,-0.20129313767129428,0.7392994526938321,2.5427999999999997,1,2.5427999999999997,6.0,inf
716,3,1.4987367459311653,-0.20129313767129428,0.7392994526938321,2.5427999999999997,1,2.5427999999999997,6.0,inf
716,4,1.4987367459311653,-0.20129313767129428,0.7392994526938321,2.5427999999999997,1,2.5427999999999997,6.0,inf
716,5,1.4987367459311653,-0.20129313767129428,0.7392994526938321,2.5427999999999997,1,2.5427999999999997,6.0,inf
717,0,0.20557369396726105,0.3316699343083706,-0.23892572916896807,3.0536999999999996,1,3.0536999999999996,6.0,inf
717,1,0.20557369396726105,0.3316699343083706,-0.23892572916896807,3.0536999999999996,1,3.0536999999999996,6.0,inf
717,2,0.20557369396726105,0.3316699343083706,-0.23892572916896807,3.0536999999999996,1,3.0536999999999996,6.0,inf
717,3,0.20557369396726105,0.3316699343083706,-0.23892572916896807,3.0536999999999996,1,3.0536999999999996,6.0,inf
717,4,0.20557369396726105,0.3316699343083706,-0.23892572916896807,3.0536999999999996,1,3.0536999999999996,6.0,inf
717,5,0.20557369396726105,0.3316699343083706,-0.23892572916896807,3.0536999999999996,1,3.0536999999999996,6.0,inf
718,0,1.3391145324578821,0.10064976492417192,1.1469596853276538,0.22139999999999999,1,0.22139999999999999,6.0,inf
718,1,1.3391145324578821,0.10064976492417192,1.1469596853276538,0.22139999999999999,1,0.22139999999999999,6.0,inf
718,2,1.3391145324578821,0.10064976492417192,1.1469596853276538,0.22139999999999999,1,0.22139999999999999,6.0,inf
718,3,1.3391145324578821,0.10064976492417192,1.1469596853276538,0.22139999999999999,1,0.22139999999999999,6.0,inf
718,4,1.3391145324578821,0.10064976492417192,1.1469596853276538,0.22139999999999999,1,0.22139999999999999,6.0,inf
718,5,1.3391145324578821,0.10064976492417192,1.1469596853276538,0.22139999999999999,1,0.22139999999999999,6.0,inf
719,0,-1.186725951614458,0.23184953943748499,-0.5221711526211605,0.45389999999999997,1,0.45389999999999997,6.0,inf
719,1,-1.186725951614458,0.23184953943748499,-0.5221711526211605,0.45389999999999997,1,0.45389999999999997,6.0,inf
719,2,-1.186725951614458,0.23184953943748499,-0.5221711526211605,0.45389999999999997,1,0.45389999999999997,6.0,inf
719,3,-1.186725951614458,0.23184953943748499,-0.5221711526211605,0.45389999999999997,1,0.45389999999999997,6.0,inf
719,4,-1.186725951614458,0.23184953943748499,-0.5221711526211605,0.45389999999999997,1,0.45389999999999997,6.0,inf
719,5,-1.186725951614458,0.23184953943748499,-0.5221711526211605,0.45389999999999997,1,0.45389999999999997,6.0,inf
720,0,-0.1408677476790122,-0.8725722896690532,1.798040329826267,1.1553,1,1.1553,6.0,inf
720,1,-0.1408677476790122,-0.8725722896690532,1.798040329826267,1.1553,1,1.1553,6.0,inf
720,2,-0.1408677476790122,-0.8725722896690532,1.798040329826267,1.1553,1,1.1553,6.0,inf
720,3,-0.1408677476790122,-0.8725722896690532,1.798040329826267,1.1553,1,1.1553,6.0,inf
720,4,-0.1408677476790122,-0.8725722896690532,1.798040329826267,1.1553,1,1.1553,6.0,inf
720,5,-0.1408677476790122,-0.8725722896690532,1.798040329826267,1.1553,1,1.1553,6.0,inf
721,0,-0.5469868004575577,0.46448219215562214,1.556736025627578,2.4663,1,2.4663,6.0,inf
721,1,-0.5469868004575577,0.46448219215562214,1.556736025627578,2.4663,1,2.4663,6.0,inf
721,2,-0.5469868004575577,0.46448219215562214,1.556736025627578,2.4663,1,2.4663,6.0,inf
721,3,-0.5469868004575577,0.46448219215562214,1.556736025627578,2.4663,1,2.4663,6.0,inf
721,4,-0.5469868004575577,0.46448219215562214,1.556736025627578,2.4663,1,2.4663,6.0,inf
721,5,-0.5469868004575577,0.46448219215562214,1.556736025627578,2.4663,1,2.4663,6.0,inf
722,0,0.44799027849201156,1.0104095147724441,-1.4506209304985138,3.2891999999999997,1,3.2891999999999997,6.0,inf
722,1,0.44799027849201156,1.0104095147724441,-1.4506209304985138,3.2891999999999997,1,3.2891999999999997,6.0,inf
722,2,0.44799027849201156,1.0104095147724441,-1.4506209304985138,3.2891999999999997,1,3.2891999999999997,6.0,inf
722,3,0.44799027849201156,1.0104095147724441,-1.4506209304985138,3.2891999999999997,1,3.2891999999999997,6.0,inf
722,4,0.44799027849201156,1.0104095147724441,-1.4506209304985138,3.2891999999999997,1,3.2891999999999997,6.0,inf
722,5,0.44799027849201156,1.0104095147724441,-1.4506209304985138,3.2891999999999997,1,3.2891999999999997,6.0,inf
723,0,-0.3366692585174966,0.1165202559496535,-0.24773191366426223,2.6321999999999997,1,2.6321999999999997,6.0,inf
723,1,-0.3366692585174966,0.1165202559496535,-0.24773191366426223,2.6321999999999997,1,2.6321999999999997,6.0,inf
723,2,-0.3366692585174966,0.1165202559496535,-0.24773191366426223,2.6321999999999997,1,2.6321999999999997,6.0,inf
723,3,-0.3366692585174966,0.1165202559496535,-0.24773191366426223,2.6321999999999997,1,2.6321999999999997,6.0,inf
723,4,-0.3366692585174966,0.1165202559496535,-0.24773191366426223,2.6321999999999997,1,2.6321999999999997,6.0,inf
723,5,-0.3366692585174966,0.1165202559496535,-0.24773191366426223,2.6321999999999997,1,2.6321999999999997,6.0,inf
724,0,-1.2942402744373327,0.9677061455812137,1.948028636487868,0.3954,1,0.3954,6.0,inf
724,1,-1.2942402744373327,0.9677061455812137,1.948028636487868,0.3954,1,0.3954,6.0,inf
724,2,-1.2942402744373327,0.9677061455812137,1.948028636487868,0.3954,1,0.3954,6.0,inf
724,3,-1.2942402744373327,0.9677061455812137,1.948028636487868,0.3954,1,0.3954,6.0,inf
724,4,-1.2942402744373327,0.9677061455812137,1.948028636487868,0.3954,1,0.3954,6.0,inf
724,5,-1.2942402744373327,0.9677061455812137,1.948028636487868,0.3954,1,0.3954,6.0,inf
725,0,0.023039931423903547,-0.6763004239198007,-0.31457732422597634,6.0,0,6.704699999999999,6.0,inf
725,1,0.023039931423903547,-0.6763004239198007,-0.31457732422597634,6.0,0,6.704699999999999,6.0,inf
725,2,0.023039931423903547,-0.6763004239198007,-0.31457732422597634,6.0,0,6.704699999999999,6.0,inf
725,3,0.023039931423903547,-0.6763004239198007,-0.31457732422597634,6.0,0,6.704699999999999,6.0,inf
725,4,0.023039931423903547,-0.6763004239198007,-0.31457732422597634,6.0,0,6.704699999999999,6.0,inf
725,5,0.023039931423903547,-0.6763004239198007,-0.31457732422597634,6.0,0,6.704699999999999,6.0,inf
726,0,-0.2928905634808635,0.5669891989192968,-0.08533288920792573,4.419,1,4.419,6.0,inf
726,1,-0.2928905634808635,0.5669891989192968,-0.08533288920792573,4.419,1,4.419,6.0,inf
726,2,-0.2928905634808635,0.5669891989192968,-0.08533288920792573,4.419,1,4.419,6.0,inf
726,3,-0.2928905634808635,0.5669891989192968,-0.08533288920792573,4.419,1,4.419,6.0,inf
726,4,-0.2928905634808635,0.5669891989192968,-0.08533288920792573,4.419,1,4.419,6.0,inf
726,5,-0.2928905634808635,0.5669891989192968,-0.08533288920792573,4.419,1,4.419,6.0,inf
727,0,1.6059507278098977,-0.2536533327733639,0.5160227665580102,2.1344999999999996,1,2.1344999999999996,6.0,inf
727,1,1.6059507278098977,-0.2536533327733639,0.5160227665580102,2.1344999999999996,1,2.1344999999999996,6.0,inf
727,2,1.6059507278098977,-0.2536533327733639,0.5160227665580102,2.1344999999999996,1,2.1344999999999996,6.0,inf
727,3,1.6059507278098977,-0.2536533327733639,0.5160227665580102,2.1344999999999996,1,2.1344999999999996,6.0,inf
727,4,1.6059507278098977,-0.2536533327733639,0.5160227665580102,2.1344999999999996,1,2.1344999999999996,6.0,inf
727,5,1.6059507278098977,-0.2536533327733639,0.5160227665580102,2.1344999999999996,1,2.1344999999999996,6.0,inf
728,0,1.2892737203024094,-1.6259786276757537,-0.628589822207335,0.8771999999999999,1,0.8771999999999999,6.0,inf
728,1,1.2892737203024094,-1.6259786276757537,-0.628589822207335,0.8771999999999999,1,0.8771999999999999,6.0,inf
728,2,1.2892737203024094,-1.6259786276757537,-0.628589822207335,0.8771999999999999,1,0.8771999999999999,6.0,inf
728,3,1.2892737203024094,-1.6259786276757537,-0.628589822207335,0.8771999999999999,1,0.8771999999999999,6.0,inf
728,4,1.2892737203024094,-1.6259786276757537,-0.628589822207335,0.8771999999999999,1,0.8771999999999999,6.0,inf
728,5,1.2892737203024094,-1.6259786276757537,-0.628589822207335,0.8771999999999999,1,0.8771999999999999,6.0,inf
729,0,-0.6285280947049351,1.0093224075482445,-0.4930589891067306,1.9496999999999998,1,1.9496999999999998,6.0,inf
729,1,-0.6285280947049351,1.0093224075482445,-0.4930589891067306,1.9496999999999998,1,1.9496999999999998,6.0,inf
729,2,-0.6285280947049351,1.0093224075482445,-0.4930589891067306,1.9496999999999998,1,1.9496999999999998,6.0,inf
729,3,-0.6285280947049351,1.0093224075482445,-0.4930589891067306,1.9496999999999998,1,1.9496999999999998,6.0,inf
729,4,-0.6285280947049351,1.0093224075482445,-0.4930589891067306,1.9496999999999998,1,1.9496999999999998,6.0,inf
729,5,-0.6285280947049351,1.0093224075482445,-0.4930589891067306,1.9496999999999998,1,1.9496999999999998,6.0,inf
730,0,-0.19216907641661202,1.3460249896347447,-1.338082408035859,3.2096999999999998,1,3.2096999999999998,6.0,inf
730,1,-0.19216907641661202,1.3460249896347447,-1.338082408035859,3.2096999999999998,1,3.2096999999999998,6.0,inf
730,2,-0.19216907641661202,1.3460249896347447,-1.338082408035859,3.2096999999999998,1,3.2096999999999998,6.0,inf
730,3,-0.19216907641661202,1.3460249896347447,-1.338082408035859,3.2096999999999998,1,3.2096999999999998,6.0,inf
730,4,-0.19216907641661202,1.3460249896347447,-1.338082408035859,3.2096999999999998,1,3.2096999999999998,6.0,inf
730,5,-0.19216907641661202,1.3460249896347447,-1.338082408035859,3.2096999999999998,1,3.2096999999999998,6.0,inf
731,0,1.6643331407173998,-0.9795830171854906,-0.19814201568554476,2.0052,1,2.0052,6.0,inf
731,1,1.6643331407173998,-0.9795830171854906,-0.19814201568554476,2.0052,1,2.0052,6.0,inf
731,2,1.6643331407173998,-0.9795830171854906,-0.19814201568554476,2.0052,1,2.0052,6.0,inf
731,3,1.6643331407173998,-0.9795830171854906,-0.19814201568554476,2.0052,1,2.0052,6.0,inf
731,4,1.6643331407173998,-0.9795830171854906,-0.19814201568554476,2.0052,1,2.0052,6.0,inf
731,5,1.6643331407173998,-0.9795830171854906,-0.19814201568554476,2.0052,1,2.0052,6.0,inf
732,0,0.809863743082088,0.6086983011644026,0.02513695379325258,2.4644999999999997,1,2.4644999999999997,6.0,inf
732,1,0.809863743082088,0.6086983011644026,0.02513695379325258,2.4644999999999997,1,2.4644999999999997,6.0,inf
732,2,0.809863743082088,0.6086983011644026,0.02513695379325258,2.4644999999999997,1,2.4644999999999997,6.0,inf
732,3,0.809863743082088,0.6086983011644026,0.02513695379325258,2.4644999999999997,1,2.4644999999999997,6.0,inf
732,4,0.809863743082088,0.6086983011644026,0.02513695379325258,2.4644999999999997,1,2.4644999999999997,6.0,inf
732,5,0.809863743082088,0.6086983011644026,0.02513695379325258,2.4644999999999997,1,2.4644999999999997,6.0,inf
733,0,-0.7313057992581457,-0.8157878557668025,0.07529634590543126,2.2413,1,2.2413,6.0,inf
733,1,-0.7313057992581457,-0.8157878557668025,0.07529634590543126,2.2413,1,2.2413,6.0,inf
733,2,-0.7313057992581457,-0.8157878557668025,0.07529634590543126,2.2413,1,2.2413,6.0,inf
733,3,-0.7313057992581457,-0.8157878557668025,0.07529634590543126,2.2413,1,2.2413,6.0,inf
733,4,-0.7313057992581457,-0.8157878557668025,0.07529634590543126,2.2413,1,2.2413,6.0,inf
733,5,-0.7313057992581457,-0.8157878557668025,0.07529634590543126,2.2413,1,2.2413,6.0,inf
734,0,1.1024799987804965,-0.8418400313043841,0.3467553591460662,0.7436999999999999,1,0.7436999999999999,6.0,inf
734,1,1.1024799987804965,-0.8418400313043841,0.3467553591460662,0.7436999999999999,1,0.7436999999999999,6.0,inf
734,2,1.1024799987804965,-0.8418400313043841,0.3467553591460662,0.7436999999999999,1,0.7436999999999999,6.0,inf
734,3,1.1024799987804965,-0.8418400313043841,0.3467553591460662,0.7436999999999999,1,0.7436999999999999,6.0,inf
734,4,1.1024799987804965,-0.8418400313043841,0.3467553591460662,0.7436999999999999,1,0.7436999999999999,6.0,inf
734,5,1.1024799987804965,-0.8418400313043841,0.3467553591460662,0.7436999999999999,1,0.7436999999999999,6.0,inf
735,0,-1.2019996033069602,0.8772815701331026,0.6713002263357492,3.7314,1,3.7314,6.0,inf
735,1,-1.2019996033069602,0.8772815701331026,0.6713002263357492,3.7314,1,3.7314,6.0,inf
735,2,-1.2019996033069602,0.8772815701331026,0.6713002263357492,3.7314,1,3.7314,6.0,inf
735,3,-1.2019996033069602,0.8772815701331026,0.6713002263357492,3.7314,1,3.7314,6.0,inf
735,4,-1.2019996033069602,0.8772815701331026,0.6713002263357492,3.7314,1,3.7314,6.0,inf
735,5,-1.2019996033069602,0.8772815701331026,0.6713002263357492,3.7314,1,3.7314,6.0,inf
736,0,-1.8350669437634528,0.9859493044355487,-0.7493510908368176,6.0,0,6.521699999999999,6.0,inf
736,1,-1.8350669437634528,0.9859493044355487,-0.7493510908368176,6.0,0,6.521699999999999,6.0,inf
736,2,-1.8350669437634528,0.9859493044355487,-0.7493510908368176,6.0,0,6.521699999999999,6.0,inf
736,3,-1.8350669437634528,0.9859493044355487,-0.7493510908368176,6.0,0,6.521699999999999,6.0,inf
736,4,-1.8350669437634528,0.9859493044355487,-0.7493510908368176,6.0,0,6.521699999999999,6.0,inf
736,5,-1.8350669437634528,0.9859493044355487,-0.7493510908368176,6.0,0,6.521699999999999,6.0,inf
737,0,0.14640500452335534,0.4996236846933461,-0.04509717715022156,1.4171999999999998,1,1.4171999999999998,6.0,inf
737,1,0.14640500452335534,0.4996236846933461,-0.04509717715022156,1.4171999999999998,1,1.4171999999999998,6.0,inf
737,2,0.14640500452335534,0.4996236846933461,-0.04509717715022156,1.4171999999999998,1,1.4171999999999998,6.0,inf
737,3,0.14640500452335534,0.4996236846933461,-0.04509717715022156,1.4171999999999998,1,1.4171999999999998,6.0,inf
737,4,0.14640500452335534,0.4996236846933461,-0.04509717715022156,1.4171999999999998,1,1.4171999999999998,6.0,inf
737,5,0.14640500452335534,0.4996236846933461,-0.04509717715022156,1.4171999999999998,1,1.4171999999999998,6.0,inf
738,0,-1.5648467741459002,1.4686954667503236,-0.4535319779618506,2.5784999999999996,1,2.5784999999999996,6.0,inf
738,1,-1.5648467741459002,1.4686954667503236,-0.4535319779618506,2.5784999999999996,1,2.5784999999999996,6.0,inf
738,2,-1.5648467741459002,1.4686954667503236,-0.4535319779618506,2.5784999999999996,1,2.5784999999999996,6.0,inf
738,3,-1.5648467741459002,1.4686954667503236,-0.4535319779618506,2.5784999999999996,1,2.5784999999999996,6.0,inf
738,4,-1.5648467741459002,1.4686954667503236,-0.4535319779618506,2.5784999999999996,1,2.5784999999999996,6.0,inf
738,5,-1.5648467741459002,1.4686954667503236,-0.4535319779618506,2.5784999999999996,1,2.5784999999999996,6.0,inf
739,0,-1.4050509156237032,-0.40582757157292193,0.30397634967921366,1.9232999999999998,1,1.9232999999999998,6.0,inf
739,1,-1.4050509156237032,-0.40582757157292193,0.30397634967921366,1.9232999999999998,1,1.9232999999999998,6.0,inf
739,2,-1.4050509156237032,-0.40582757157292193,0.30397634967921366,1.9232999999999998,1,1.9232999999999998,6.0,inf
739,3,-1.4050509156237032,-0.40582757157292193,0.30397634967921366,1.9232999999999998,1,1.9232999999999998,6.0,inf
739,4,-1.4050509156237032,-0.40582757157292193,0.30397634967921366,1.9232999999999998,1,1.9232999999999998,6.0,inf
739,5,-1.4050509156237032,-0.40582757157292193,0.30397634967921366,1.9232999999999998,1,1.9232999999999998,6.0,inf
740,0,0.7749254032676358,-1.0959414981203959,0.29698100655587634,3.3107999999999995,1,3.3107999999999995,6.0,inf
740,1,0.7749254032676358,-1.0959414981203959,0.29698100655587634,3.3107999999999995,1,3.3107999999999995,6.0,inf
740,2,0.7749254032676358,-1.0959414981203959,0.29698100655587634,3.3107999999999995,1,3.3107999999999995,6.0,inf
740,3,0.7749254032676358,-1.0959414981203959,0.29698100655587634,3.3107999999999995,1,3.3107999999999995,6.0,inf
740,4,0.7749254032676358,-1.0959414981203959,0.29698100655587634,3.3107999999999995,1,3.3107999999999995,6.0,inf
740,5,0.7749254032676358,-1.0959414981203959,0.29698100655587634,3.3107999999999995,1,3.3107999999999995,6.0,inf
741,0,-1.7384425847934661,-0.8991097670911642,-0.8230723891060541,6.0,0,8.0001,6.0,inf
741,1,-1.7384425847934661,-0.8991097670911642,-0.8230723891060541,6.0,0,8.0001,6.0,inf
741,2,-1.7384425847934661,-0.8991097670911642,-0.8230723891060541,6.0,0,8.0001,6.0,inf
741,3,-1.7384425847934661,-0.8991097670911642,-0.8230723891060541,6.0,0,8.0001,6.0,inf
741,4,-1.7384425847934661,-0.8991097670911642,-0.8230723891060541,6.0,0,8.0001,6.0,inf
741,5,-1.7384425847934661,-0.8991097670911642,-0.8230723891060541,6.0,0,8.0001,6.0,inf
742,0,-0.6725952238104976,-0.4382261804282688,0.08552880046885428,0.6555,1,0.6555,6.0,inf
742,1,-0.6725952238104976,-0.4382261804282688,0.08552880046885428,0.6555,1,0.6555,6.0,inf
742,2,-0.6725952238104976,-0.4382261804282688,0.08552880046885428,0.6555,1,0.6555,6.0,inf
742,3,-0.6725952238104976,-0.4382261804282688,0.08552880046885428,0.6555,1,0.6555,6.0,inf
742,4,-0.6725952238104976,-0.4382261804282688,0.08552880046885428,0.6555,1,0.6555,6.0,inf
742,5,-0.6725952238104976,-0.4382261804282688,0.08552880046885428,0.6555,1,0.6555,6.0,inf
743,0,0.489050239966745,-0.07066911168050288,-1.3298530616021782,3.8174999999999994,1,3.8174999999999994,6.0,inf
743,1,0.489050239966745,-0.07066911168050288,-1.3298530616021782,3.8174999999999994,1,3.8174999999999994,6.0,inf
743,2,0.489050239966745,-0.07066911168050288,-1.3298530616021782,3.8174999999999994,1,3.8174999999999994,6.0,inf
743,3,0.489050239966745,-0.07066911168050288,-1.3298530616021782,3.8174999999999994,1,3.8174999999999994,6.0,inf
743,4,0.489050239966745,-0.07066911168050288,-1.3298530616021782,3.8174999999999994,1,3.8174999999999994,6.0,inf
743,5,0.489050239966745,-0.07066911168050288,-1.3298530616021782,3.8174999999999994,1,3.8174999999999994,6.0,inf
744,0,2.197282909428732,-0.2748928171677087,1.1177587007097427,1.8398999999999999,1,1.8398999999999999,6.0,inf
744,1,2.197282909428732,-0.2748928171677087,1.1177587007097427,1.8398999999999999,1,1.8398999999999999,6.0,inf
744,2,2.197282909428732,-0.2748928171677087,1.1177587007097427,1.8398999999999999,1,1.8398999999999999,6.0,inf
744,3,2.197282909428732,-0.2748928171677087,1.1177587007097427,1.8398999999999999,1,1.8398999999999999,6.0,inf
744,4,2.197282909428732,-0.2748928171677087,1.1177587007097427,1.8398999999999999,1,1.8398999999999999,6.0,inf
744,5,2.197282909428732,-0.2748928171677087,1.1177587007097427,1.8398999999999999,1,1.8398999999999999,6.0,inf
745,0,0.4261735386581214,-0.5617454281671722,0.14337833336716102,1.644,1,1.644,6.0,inf
745,1,0.4261735386581214,-0.5617454281671722,0.14337833336716102,1.644,1,1.644,6.0,inf
745,2,0.4261735386581214,-0.5617454281671722,0.14337833336716102,1.644,1,1.644,6.0,inf
745,3,0.4261735386581214,-0.5617454281671722,0.14337833336716102,1.644,1,1.644,6.0,inf
745,4,0.4261735386581214,-0.5617454281671722,0.14337833336716102,1.644,1,1.644,6.0,inf
745,5,0.4261735386581214,-0.5617454281671722,0.14337833336716102,1.644,1,1.644,6.0,inf
746,0,-0.6792236987901816,-0.833076798736441,-0.6223055836879335,3.5768999999999997,1,3.5768999999999997,6.0,inf
746,1,-0.6792236987901816,-0.833076798736441,-0.6223055836879335,3.5768999999999997,1,3.5768999999999997,6.0,inf
746,2,-0.6792236987901816,-0.833076798736441,-0.6223055836879335,3.5768999999999997,1,3.5768999999999997,6.0,inf
746,3,-0.6792236987901816,-0.833076798736441,-0.6223055836879335,3.5768999999999997,1,3.5768999999999997,6.0,inf
746,4,-0.6792236987901816,-0.833076798736441,-0.6223055836879335,3.5768999999999997,1,3.5768999999999997,6.0,inf
746,5,-0.6792236987901816,-0.833076798736441,-0.6223055836879335,3.5768999999999997,1,3.5768999999999997,6.0,inf
747,0,-0.9260421641398807,-0.38859927218103146,-0.8098174579645725,2.9204999999999997,1,2.9204999999999997,6.0,inf
747,1,-0.9260421641398807,-0.38859927218103146,-0.8098174579645725,2.9204999999999997,1,2.9204999999999997,6.0,inf
747,2,-0.9260421641398807,-0.38859927218103146,-0.8098174579645725,2.9204999999999997,1,2.9204999999999997,6.0,inf
747,3,-0.9260421641398807,-0.38859927218103146,-0.8098174579645725,2.9204999999999997,1,2.9204999999999997,6.0,inf
747,4,-0.9260421641398807,-0.38859927218103146,-0.8098174579645725,2.9204999999999997,1,2.9204999999999997,6.0,inf
747,5,-0.9260421641398807,-0.38859927218103146,-0.8098174579645725,2.9204999999999997,1,2.9204999999999997,6.0,inf
748,0,-0.170854475755582,-1.5677991801268218,2.0944939080448686,1.1267999999999998,1,1.1267999999999998,6.0,inf
748,1,-0.170854475755582,-1.5677991801268218,2.0944939080448686,1.1267999999999998,1,1.1267999999999998,6.0,inf
748,2,-0.170854475755582,-1.5677991801268218,2.0944939080448686,1.1267999999999998,1,1.1267999999999998,6.0,inf
748,3,-0.170854475755582,-1.5677991801268218,2.0944939080448686,1.1267999999999998,1,1.1267999999999998,6.0,inf
748,4,-0.170854475755582,-1.5677991801268218,2.0944939080448686,1.1267999999999998,1,1.1267999999999998,6.0,inf
748,5,-0.170854475755582,-1.5677991801268218,2.0944939080448686,1.1267999999999998,1,1.1267999999999998,6.0,inf
749,0,0.5391306556211242,-0.8006726878486561,0.6114887230821459,1.6199999999999999,1,1.6199999999999999,6.0,inf
749,1,0.5391306556211242,-0.8006726878486561,0.6114887230821459,1.6199999999999999,1,1.6199999999999999,6.0,inf
749,2,0.5391306556211242,-0.8006726878486561,0.6114887230821459,1.6199999999999999,1,1.6199999999999999,6.0,inf
749,3,0.5391306556211242,-0.8006726878486561,0.6114887230821459,1.6199999999999999,1,1.6199999999999999,6.0,inf
749,4,0.5391306556211242,-0.8006726878486561,0.6114887230821459,1.6199999999999999,1,1.6199999999999999,6.0,inf
749,5,0.5391306556211242,-0.8006726878486561,0.6114887230821459,1.6199999999999999,1,1.6199999999999999,6.0,inf
750,0,0.4295301011522034,2.0999642075622655,-0.1908108961990657,2.1837,1,2.1837,6.0,inf
750,1,0.4295301011522034,2.0999642075622655,-0.1908108961990657,2.1837,1,2.1837,6.0,inf
750,2,0.4295301011522034,2.0999642075622655,-0.1908108961990657,2.1837,1,2.1837,6.0,inf
750,3,0.4295301011522034,2.0999642075622655,-0.1908108961990657,2.1837,1,2.1837,6.0,inf
750,4,0.4295301011522034,2.0999642075622655,-0.1908108961990657,2.1837,1,2.1837,6.0,inf
750,5,0.4295301011522034,2.0999642075622655,-0.1908108961990657,2.1837,1,2.1837,6.0,inf
751,0,0.5377995025012309,0.20895216162232016,-1.8331280528311178,0.5924999999999999,1,0.5924999999999999,6.0,inf
751,1,0.5377995025012309,0.20895216162232016,-1.8331280528311178,0.5924999999999999,1,0.5924999999999999,6.0,inf
751,2,0.5377995025012309,0.20895216162232016,-1.8331280528311178,0.5924999999999999,1,0.5924999999999999,6.0,inf
751,3,0.5377995025012309,0.20895216162232016,-1.8331280528311178,0.5924999999999999,1,0.5924999999999999,6.0,inf
751,4,0.5377995025012309,0.20895216162232016,-1.8331280528311178,0.5924999999999999,1,0.5924999999999999,6.0,inf
751,5,0.5377995025012309,0.20895216162232016,-1.8331280528311178,0.5924999999999999,1,0.5924999999999999,6.0,inf
752,0,1.5909818716340824,0.5514619702836283,-0.6045727159603177,3.6599999999999997,1,3.6599999999999997,6.0,inf
752,1,1.5909818716340824,0.5514619702836283,-0.6045727159603177,3.6599999999999997,1,3.6599999999999997,6.0,inf
752,2,1.5909818716340824,0.5514619702836283,-0.6045727159603177,3.6599999999999997,1,3.6599999999999997,6.0,inf
752,3,1.5909818716340824,0.5514619702836283,-0.6045727159603177,3.6599999999999997,1,3.6599999999999997,6.0,inf
752,4,1.5909818716340824,0.5514619702836283,-0.6045727159603177,3.6599999999999997,1,3.6599999999999997,6.0,inf
752,5,1.5909818716340824,0.5514619702836283,-0.6045727159603177,3.6599999999999997,1,3.6599999999999997,6.0,inf
753,0,0.7284040367224852,1.2168629937335116,0.46216455087450237,2.9747999999999997,1,2.9747999999999997,6.0,inf
753,1,0.7284040367224852,1.2168629937335116,0.46216455087450237,2.9747999999999997,1,2.9747999999999997,6.0,inf
753,2,0.7284040367224852,1.2168629937335116,0.46216455087450237,2.9747999999999997,1,2.9747999999999997,6.0,inf
753,3,0.7284040367224852,1.2168629937335116,0.46216455087450237,2.9747999999999997,1,2.9747999999999997,6.0,inf
753,4,0.7284040367224852,1.2168629937335116,0.46216455087450237,2.9747999999999997,1,2.9747999999999997,6.0,inf
753,5,0.7284040367224852,1.2168629937335116,0.46216455087450237,2.9747999999999997,1,2.9747999999999997,6.0,inf
754,0,-0.8877852789380263,0.7342755242935212,-0.13751878805398382,5.4959999999999996,1,5.4959999999999996,6.0,inf
754,1,-0.8877852789380263,0.7342755242935212,-0.13751878805398382,5.4959999999999996,1,5.4959999999999996,6.0,inf
754,2,-0.8877852789380263,0.7342755242935212,-0.13751878805398382,5.4959999999999996,1,5.4959999999999996,6.0,inf
754,3,-0.8877852789380263,0.7342755242935212,-0.13751878805398382,5.4959999999999996,1,5.4959999999999996,6.0,inf
754,4,-0.8877852789380263,0.7342755242935212,-0.13751878805398382,5.4959999999999996,1,5.4959999999999996,6.0,inf
754,5,-0.8877852789380263,0.7342755242935212,-0.13751878805398382,5.4959999999999996,1,5.4959999999999996,6.0,inf
755,0,1.234817162840136,-0.34124455625215133,-1.0273101061410759,1.3808999999999998,1,1.3808999999999998,6.0,inf
755,1,1.234817162840136,-0.34124455625215133,-1.0273101061410759,1.3808999999999998,1,1.3808999999999998,6.0,inf
755,2,1.234817162840136,-0.34124455625215133,-1.0273101061410759,1.3808999999999998,1,1.3808999999999998,6.0,inf
755,3,1.234817162840136,-0.34124455625215133,-1.0273101061410759,1.3808999999999998,1,1.3808999999999998,6.0,inf
755,4,1.234817162840136,-0.34124455625215133,-1.0273101061410759,1.3808999999999998,1,1.3808999999999998,6.0,inf
755,5,1.234817162840136,-0.34124455625215133,-1.0273101061410759,1.3808999999999998,1,1.3808999999999998,6.0,inf
756,0,0.015455567106287461,-0.45342766112960425,-0.04202880373907284,2.6363999999999996,1,2.6363999999999996,6.0,inf
756,1,0.015455567106287461,-0.45342766112960425,-0.04202880373907284,2.6363999999999996,1,2.6363999999999996,6.0,inf
756,2,0.015455567106287461,-0.45342766112960425,-0.04202880373907284,2.6363999999999996,1,2.6363999999999996,6.0,inf
756,3,0.015455567106287461,-0.45342766112960425,-0.04202880373907284,2.6363999999999996,1,2.6363999999999996,6.0,inf
756,4,0.015455567106287461,-0.45342766112960425,-0.04202880373907284,2.6363999999999996,1,2.6363999999999996,6.0,inf
756,5,0.015455567106287461,-0.45342766112960425,-0.04202880373907284,2.6363999999999996,1,2.6363999999999996,6.0,inf
757,0,1.0460878362877333,0.8984014431809093,-0.5166892598607417,3.0723,1,3.0723,6.0,inf
757,1,1.0460878362877333,0.8984014431809093,-0.5166892598607417,3.0723,1,3.0723,6.0,inf
757,2,1.0460878362877333,0.8984014431809093,-0.5166892598607417,3.0723,1,3.0723,6.0,inf
757,3,1.0460878362877333,0.8984014431809093,-0.5166892598607417,3.0723,1,3.0723,6.0,inf
757,4,1.0460878362877333,0.8984014431809093,-0.5166892598607417,3.0723,1,3.0723,6.0,inf
757,5,1.0460878362877333,0.8984014431809093,-0.5166892598607417,3.0723,1,3.0723,6.0,inf
758,0,0.0971593632772358,0.4630953097806519,-1.2032487060964745,2.4924,1,2.4924,6.0,inf
758,1,0.0971593632772358,0.4630953097806519,-1.2032487060964745,2.4924,1,2.4924,6.0,inf
758,2,0.0971593632772358,0.4630953097806519,-1.2032487060964745,2.4924,1,2.4924,6.0,inf
758,3,0.0971593632772358,0.4630953097806519,-1.2032487060964745,2.4924,1,2.4924,6.0,inf
758,4,0.0971593632772358,0.4630953097806519,-1.2032487060964745,2.4924,1,2.4924,6.0,inf
758,5,0.0971593632772358,0.4630953097806519,-1.2032487060964745,2.4924,1,2.4924,6.0,inf
759,0,0.715724295678602,-1.0477967365272038,0.496298801012461,1.2698999999999998,1,1.2698999999999998,6.0,inf
759,1,0.715724295678602,-1.0477967365272038,0.496298801012461,1.2698999999999998,1,1.2698999999999998,6.0,inf
759,2,0.715724295678602,-1.0477967365272038,0.496298801012461,1.2698999999999998,1,1.2698999999999998,6.0,inf
759,3,0.715724295678602,-1.0477967365272038,0.496298801012461,1.2698999999999998,1,1.2698999999999998,6.0,inf
759,4,0.715724295678602,-1.0477967365272038,0.496298801012461,1.2698999999999998,1,1.2698999999999998,6.0,inf
759,5,0.715724295678602,-1.0477967365272038,0.496298801012461,1.2698999999999998,1,1.2698999999999998,6.0,inf
760,0,-1.6377866826684382,0.09780555340642336,-0.1671800846876871,0.9803999999999999,1,0.9803999999999999,6.0,inf
760,1,-1.6377866826684382,0.09780555340642336,-0.1671800846876871,0.9803999999999999,1,0.9803999999999999,6.0,inf
760,2,-1.6377866826684382,0.09780555340642336,-0.1671800846876871,0.9803999999999999,1,0.9803999999999999,6.0,inf
760,3,-1.6377866826684382,0.09780555340642336,-0.1671800846876871,0.9803999999999999,1,0.9803999999999999,6.0,inf
760,4,-1.6377866826684382,0.09780555340642336,-0.1671800846876871,0.9803999999999999,1,0.9803999999999999,6.0,inf
760,5,-1.6377866826684382,0.09780555340642336,-0.1671800846876871,0.9803999999999999,1,0.9803999999999999,6.0,inf
761,0,0.3570431410000107,-2.164610492560427,-1.6762745101886871,1.0896,1,1.0896,6.0,inf
761,1,0.3570431410000107,-2.164610492560427,-1.6762745101886871,1.0896,1,1.0896,6.0,inf
761,2,0.3570431410000107,-2.164610492560427,-1.6762745101886871,1.0896,1,1.0896,6.0,inf
761,3,0.3570431410000107,-2.164610492560427,-1.6762745101886871,1.0896,1,1.0896,6.0,inf
761,4,0.3570431410000107,-2.164610492560427,-1.6762745101886871,1.0896,1,1.0896,6.0,inf
761,5,0.3570431410000107,-2.164610492560427,-1.6762745101886871,1.0896,1,1.0896,6.0,inf
762,0,0.12590204051301188,2.2555108270582775,1.537670860956282,2.7293999999999996,1,2.7293999999999996,6.0,inf
762,1,0.12590204051301188,2.2555108270582775,1.537670860956282,2.7293999999999996,1,2.7293999999999996,6.0,inf
762,2,0.12590204051301188,2.2555108270582775,1.537670860956282,2.7293999999999996,1,2.7293999999999996,6.0,inf
762,3,0.12590204051301188,2.2555108270582775,1.537670860956282,2.7293999999999996,1,2.7293999999999996,6.0,inf
762,4,0.12590204051301188,2.2555108270582775,1.537670860956282,2.7293999999999996,1,2.7293999999999996,6.0,inf
762,5,0.12590204051301188,2.2555108270582775,1.537670860956282,2.7293999999999996,1,2.7293999999999996,6.0,inf
763,0,0.3776891701529045,1.3312204525888092,-1.366873341285464,4.225499999999999,1,4.225499999999999,6.0,inf
763,1,0.3776891701529045,1.3312204525888092,-1.366873341285464,4.225499999999999,1,4.225499999999999,6.0,inf
763,2,0.3776891701529045,1.3312204525888092,-1.366873341285464,4.225499999999999,1,4.225499999999999,6.0,inf
763,3,0.3776891701529045,1.3312204525888092,-1.366873341285464,4.225499999999999,1,4.225499999999999,6.0,inf
763,4,0.3776891701529045,1.3312204525888092,-1.366873341285464,4.225499999999999,1,4.225499999999999,6.0,inf
763,5,0.3776891701529045,1.3312204525888092,-1.366873341285464,4.225499999999999,1,4.225499999999999,6.0,inf
764,0,0.04997990930485457,-1.211927038759576,-1.4997302016527865,0.6393,1,0.6393,6.0,inf
764,1,0.04997990930485457,-1.211927038759576,-1.4997302016527865,0.6393,1,0.6393,6.0,inf
764,2,0.04997990930485457,-1.211927038759576,-1.4997302016527865,0.6393,1,0.6393,6.0,inf
764,3,0.04997990930485457,-1.211927038759576,-1.4997302016527865,0.6393,1,0.6393,6.0,inf
764,4,0.04997990930485457,-1.211927038759576,-1.4997302016527865,0.6393,1,0.6393,6.0,inf
764,5,0.04997990930485457,-1.211927038759576,-1.4997302016527865,0.6393,1,0.6393,6.0,inf
765,0,0.8698693115402936,-1.4548304959313636,0.15900216230387862,0.5529,1,0.5529,6.0,inf
765,1,0.8698693115402936,-1.4548304959313636,0.15900216230387862,0.5529,1,0.5529,6.0,inf
765,2,0.8698693115402936,-1.4548304959313636,0.15900216230387862,0.5529,1,0.5529,6.0,inf
765,3,0.8698693115402936,-1.4548304959313636,0.15900216230387862,0.5529,1,0.5529,6.0,inf
765,4,0.8698693115402936,-1.4548304959313636,0.15900216230387862,0.5529,1,0.5529,6.0,inf
765,5,0.8698693115402936,-1.4548304959313636,0.15900216230387862,0.5529,1,0.5529,6.0,inf
766,0,-0.5469373229166004,1.028736737936067,1.2801028228771734,4.0691999999999995,1,4.0691999999999995,6.0,inf
766,1,-0.5469373229166004,1.028736737936067,1.2801028228771734,4.0691999999999995,1,4.0691999999999995,6.0,inf
766,2,-0.5469373229166004,1.028736737936067,1.2801028228771734,4.0691999999999995,1,4.0691999999999995,6.0,inf
766,3,-0.5469373229166004,1.028736737936067,1.2801028228771734,4.0691999999999995,1,4.0691999999999995,6.0,inf
766,4,-0.5469373229166004,1.028736737936067,1.2801028228771734,4.0691999999999995,1,4.0691999999999995,6.0,inf
766,5,-0.5469373229166004,1.028736737936067,1.2801028228771734,4.0691999999999995,1,4.0691999999999995,6.0,inf
767,0,-0.9094358275235774,-0.7007232518630031,-0.634926624890262,1.6602,1,1.6602,6.0,inf
767,1,-0.9094358275235774,-0.7007232518630031,-0.634926624890262,1.6602,1,1.6602,6.0,inf
767,2,-0.9094358275235774,-0.7007232518630031,-0.634926624890262,1.6602,1,1.6602,6.0,inf
767,3,-0.9094358275235774,-0.7007232518630031,-0.634926624890262,1.6602,1,1.6602,6.0,inf
767,4,-0.9094358275235774,-0.7007232518630031,-0.634926624890262,1.6602,1,1.6602,6.0,inf
767,5,-0.9094358275235774,-0.7007232518630031,-0.634926624890262,1.6602,1,1.6602,6.0,inf
768,0,0.9660206020154529,-0.6075191719829822,-0.2951467254830323,3.2369999999999997,1,3.2369999999999997,6.0,inf
768,1,0.9660206020154529,-0.6075191719829822,-0.2951467254830323,3.2369999999999997,1,3.2369999999999997,6.0,inf
768,2,0.9660206020154529,-0.6075191719829822,-0.2951467254830323,3.2369999999999997,1,3.2369999999999997,6.0,inf
768,3,0.9660206020154529,-0.6075191719829822,-0.2951467254830323,3.2369999999999997,1,3.2369999999999997,6.0,inf
768,4,0.9660206020154529,-0.6075191719829822,-0.2951467254830323,3.2369999999999997,1,3.2369999999999997,6.0,inf
768,5,0.9660206020154529,-0.6075191719829822,-0.2951467254830323,3.2369999999999997,1,3.2369999999999997,6.0,inf
769,0,1.3785294849176795,0.015768095214663283,2.8529985272074305,2.0120999999999998,1,2.0120999999999998,6.0,inf
769,1,1.3785294849176795,0.015768095214663283,2.8529985272074305,2.0120999999999998,1,2.0120999999999998,6.0,inf
769,2,1.3785294849176795,0.015768095214663283,2.8529985272074305,2.0120999999999998,1,2.0120999999999998,6.0,inf
769,3,1.3785294849176795,0.015768095214663283,2.8529985272074305,2.0120999999999998,1,2.0120999999999998,6.0,inf
769,4,1.3785294849176795,0.015768095214663283,2.8529985272074305,2.0120999999999998,1,2.0120999999999998,6.0,inf
769,5,1.3785294849176795,0.015768095214663283,2.8529985272074305,2.0120999999999998,1,2.0120999999999998,6.0,inf
770,0,-0.23936484195151558,-1.5767981296317242,0.4623639121558004,2.0439,1,2.0439,6.0,inf
770,1,-0.23936484195151558,-1.5767981296317242,0.4623639121558004,2.0439,1,2.0439,6.0,inf
770,2,-0.23936484195151558,-1.5767981296317242,0.4623639121558004,2.0439,1,2.0439,6.0,inf
770,3,-0.23936484195151558,-1.5767981296317242,0.4623639121558004,2.0439,1,2.0439,6.0,inf
770,4,-0.23936484195151558,-1.5767981296317242,0.4623639121558004,2.0439,1,2.0439,6.0,inf
770,5,-0.23936484195151558,-1.5767981296317242,0.4623639121558004,2.0439,1,2.0439,6.0,inf
771,0,-0.7051364098883756,-0.3161549931103145,0.12389191743709392,1.3484999999999998,1,1.3484999999999998,6.0,inf
771,1,-0.7051364098883756,-0.3161549931103145,0.12389191743709392,1.3484999999999998,1,1.3484999999999998,6.0,inf
771,2,-0.7051364098883756,-0.3161549931103145,0.12389191743709392,1.3484999999999998,1,1.3484999999999998,6.0,inf
771,3,-0.7051364098883756,-0.3161549931103145,0.12389191743709392,1.3484999999999998,1,1.3484999999999998,6.0,inf
771,4,-0.7051364098883756,-0.3161549931103145,0.12389191743709392,1.3484999999999998,1,1.3484999999999998,6.0,inf
771,5,-0.7051364098883756,-0.3161549931103145,0.12389191743709392,1.3484999999999998,1,1.3484999999999998,6.0,inf
772,0,1.2874115760148073,-0.9022805016226403,-0.7955988715728958,0.963,1,0.963,6.0,inf
772,1,1.2874115760148073,-0.9022805016226403,-0.7955988715728958,0.963,1,0.963,6.0,inf
772,2,1.2874115760148073,-0.9022805016226403,-0.7955988715728958,0.963,1,0.963,6.0,inf
772,3,1.2874115760148073,-0.9022805016226403,-0.7955988715728958,0.963,1,0.963,6.0,inf
772,4,1.2874115760148073,-0.9022805016226403,-0.7955988715728958,0.963,1,0.963,6.0,inf
772,5,1.2874115760148073,-0.9022805016226403,-0.7955988715728958,0.963,1,0.963,6.0,inf
773,0,0.6715982971760542,-0.2921041360566297,0.02103608111402939,3.4418999999999995,1,3.4418999999999995,6.0,inf
773,1,0.6715982971760542,-0.2921041360566297,0.02103608111402939,3.4418999999999995,1,3.4418999999999995,6.0,inf
773,2,0.6715982971760542,-0.2921041360566297,0.02103608111402939,3.4418999999999995,1,3.4418999999999995,6.0,inf
773,3,0.6715982971760542,-0.2921041360566297,0.02103608111402939,3.4418999999999995,1,3.4418999999999995,6.0,inf
773,4,0.6715982971760542,-0.2921041360566297,0.02103608111402939,3.4418999999999995,1,3.4418999999999995,6.0,inf
773,5,0.6715982971760542,-0.2921041360566297,0.02103608111402939,3.4418999999999995,1,3.4418999999999995,6.0,inf
774,0,-1.1204036516770457,-1.7648317666806264,-2.1116453953585412,0.013199999999999998,1,0.013199999999999998,6.0,inf
774,1,-1.1204036516770457,-1.7648317666806264,-2.1116453953585412,0.013199999999999998,1,0.013199999999999998,6.0,inf
774,2,-1.1204036516770457,-1.7648317666806264,-2.1116453953585412,0.013199999999999998,1,0.013199999999999998,6.0,inf
774,3,-1.1204036516770457,-1.7648317666806264,-2.1116453953585412,0.013199999999999998,1,0.013199999999999998,6.0,inf
774,4,-1.1204036516770457,-1.7648317666806264,-2.1116453953585412,0.013199999999999998,1,0.013199999999999998,6.0,inf
774,5,-1.1204036516770457,-1.7648317666806264,-2.1116453953585412,0.013199999999999998,1,0.013199999999999998,6.0,inf
775,0,-1.3339582828939134,0.8322160538556953,0.4414972115206745,5.3343,1,5.3343,6.0,inf
775,1,-1.3339582828939134,0.8322160538556953,0.4414972115206745,5.3343,1,5.3343,6.0,inf
775,2,-1.3339582828939134,0.8322160538556953,0.4414972115206745,5.3343,1,5.3343,6.0,inf
775,3,-1.3339582828939134,0.8322160538556953,0.4414972115206745,5.3343,1,5.3343,6.0,inf
775,4,-1.3339582828939134,0.8322160538556953,0.4414972115206745,5.3343,1,5.3343,6.0,inf
775,5,-1.3339582828939134,0.8322160538556953,0.4414972115206745,5.3343,1,5.3343,6.0,inf
776,0,-0.07154834235706081,1.3226862105351218,-0.2839993081669967,1.1684999999999999,1,1.1684999999999999,6.0,inf
776,1,-0.07154834235706081,1.3226862105351218,-0.2839993081669967,1.1684999999999999,1,1.1684999999999999,6.0,inf
776,2,-0.07154834235706081,1.3226862105351218,-0.2839993081669967,1.1684999999999999,1,1.1684999999999999,6.0,inf
776,3,-0.07154834235706081,1.3226862105351218,-0.2839993081669967,1.1684999999999999,1,1.1684999999999999,6.0,inf
776,4,-0.07154834235706081,1.3226862105351218,-0.2839993081669967,1.1684999999999999,1,1.1684999999999999,6.0,inf
776,5,-0.07154834235706081,1.3226862105351218,-0.2839993081669967,1.1684999999999999,1,1.1684999999999999,6.0,inf
777,0,-1.080590135775394,-0.6757834714237362,1.321470898398984,0.0003,1,0.0003,6.0,inf
777,1,-1.080590135775394,-0.6757834714237362,1.321470898398984,0.0003,1,0.0003,6.0,inf
777,2,-1.080590135775394,-0.6757834714237362,1.321470898398984,0.0003,1,0.0003,6.0,inf
777,3,-1.080590135775394,-0.6757834714237362,1.321470898398984,0.0003,1,0.0003,6.0,inf
777,4,-1.080590135775394,-0.6757834714237362,1.321470898398984,0.0003,1,0.0003,6.0,inf
777,5,-1.080590135775394,-0.6757834714237362,1.321470898398984,0.0003,1,0.0003,6.0,inf
778,0,-1.1845166051101284,-0.0351279543278373,0.015708962718546438,0.723,1,0.723,6.0,inf
778,1,-1.1845166051101284,-0.0351279543278373,0.015708962718546438,0.723,1,0.723,6.0,inf
778,2,-1.1845166051101284,-0.0351279543278373,0.015708962718546438,0.723,1,0.723,6.0,inf
778,3,-1.1845166051101284,-0.0351279543278373,0.015708962718546438,0.723,1,0.723,6.0,inf
778,4,-1.1845166051101284,-0.0351279543278373,0.015708962718546438,0.723,1,0.723,6.0,inf
778,5,-1.1845166051101284,-0.0351279543278373,0.015708962718546438,0.723,1,0.723,6.0,inf
779,0,-1.0577139953192836,-0.3681173866719592,-0.32491094837862255,2.8587,1,2.8587,6.0,inf
779,1,-1.0577139953192836,-0.3681173866719592,-0.32491094837862255,2.8587,1,2.8587,6.0,inf
779,2,-1.0577139953192836,-0.3681173866719592,-0.32491094837862255,2.8587,1,2.8587,6.0,inf
779,3,-1.0577139953192836,-0.3681173866719592,-0.32491094837862255,2.8587,1,2.8587,6.0,inf
779,4,-1.0577139953192836,-0.3681173866719592,-0.32491094837862255,2.8587,1,2.8587,6.0,inf
779,5,-1.0577139953192836,-0.3681173866719592,-0.32491094837862255,2.8587,1,2.8587,6.0,inf
780,0,0.1445000701581061,-1.1023880465236922,-0.2759645729795635,4.921799999999999,1,4.921799999999999,6.0,inf
780,1,0.1445000701581061,-1.1023880465236922,-0.2759645729795635,4.921799999999999,1,4.921799999999999,6.0,inf
780,2,0.1445000701581061,-1.1023880465236922,-0.2759645729795635,4.921799999999999,1,4.921799999999999,6.0,inf
780,3,0.1445000701581061,-1.1023880465236922,-0.2759645729795635,4.921799999999999,1,4.921799999999999,6.0,inf
780,4,0.1445000701581061,-1.1023880465236922,-0.2759645729795635,4.921799999999999,1,4.921799999999999,6.0,inf
780,5,0.1445000701581061,-1.1023880465236922,-0.2759645729795635,4.921799999999999,1,4.921799999999999,6.0,inf
781,0,-2.27940075903699,0.4383403986760612,1.0226500538375558,1.4087999999999998,1,1.4087999999999998,6.0,inf
781,1,-2.27940075903699,0.4383403986760612,1.0226500538375558,1.4087999999999998,1,1.4087999999999998,6.0,inf
781,2,-2.27940075903699,0.4383403986760612,1.0226500538375558,1.4087999999999998,1,1.4087999999999998,6.0,inf
781,3,-2.27940075903699,0.4383403986760612,1.0226500538375558,1.4087999999999998,1,1.4087999999999998,6.0,inf
781,4,-2.27940075903699,0.4383403986760612,1.0226500538375558,1.4087999999999998,1,1.4087999999999998,6.0,inf
781,5,-2.27940075903699,0.4383403986760612,1.0226500538375558,1.4087999999999998,1,1.4087999999999998,6.0,inf
782,0,0.605894028170298,-0.4662105186198022,-0.5083633477497433,2.3346,1,2.3346,6.0,inf
782,1,0.605894028170298,-0.4662105186198022,-0.5083633477497433,2.3346,1,2.3346,6.0,inf
782,2,0.605894028170298,-0.4662105186198022,-0.5083633477497433,2.3346,1,2.3346,6.0,inf
782,3,0.605894028170298,-0.4662105186198022,-0.5083633477497433,2.3346,1,2.3346,6.0,inf
782,4,0.605894028170298,-0.4662105186198022,-0.5083633477497433,2.3346,1,2.3346,6.0,inf
782,5,0.605894028170298,-0.4662105186198022,-0.5083633477497433,2.3346,1,2.3346,6.0,inf
783,0,0.4760440640373606,0.3422411666011451,-1.1425737594783218,6.0,0,6.146699999999999,6.0,inf
783,1,0.4760440640373606,0.3422411666011451,-1.1425737594783218,6.0,0,6.146699999999999,6.0,inf
783,2,0.4760440640373606,0.3422411666011451,-1.1425737594783218,6.0,0,6.146699999999999,6.0,inf
783,3,0.4760440640373606,0.3422411666011451,-1.1425737594783218,6.0,0,6.146699999999999,6.0,inf
783,4,0.4760440640373606,0.3422411666011451,-1.1425737594783218,6.0,0,6.146699999999999,6.0,inf
783,5,0.4760440640373606,0.3422411666011451,-1.1425737594783218,6.0,0,6.146699999999999,6.0,inf
784,0,-1.862550379476783,1.3334837066534855,-1.24784083091186,0.8375999999999999,1,0.8375999999999999,6.0,inf
784,1,-1.862550379476783,1.3334837066534855,-1.24784083091186,0.8375999999999999,1,0.8375999999999999,6.0,inf
784,2,-1.862550379476783,1.3334837066534855,-1.24784083091186,0.8375999999999999,1,0.8375999999999999,6.0,inf
784,3,-1.862550379476783,1.3334837066534855,-1.24784083091186,0.8375999999999999,1,0.8375999999999999,6.0,inf
784,4,-1.862550379476783,1.3334837066534855,-1.24784083091186,0.8375999999999999,1,0.8375999999999999,6.0,inf
784,5,-1.862550379476783,1.3334837066534855,-1.24784083091186,0.8375999999999999,1,0.8375999999999999,6.0,inf
785,0,1.3844311218603689,-1.7302729779297439,-1.750587007855632,3.0069,1,3.0069,6.0,inf
785,1,1.3844311218603689,-1.7302729779297439,-1.750587007855632,3.0069,1,3.0069,6.0,inf
785,2,1.3844311218603689,-1.7302729779297439,-1.750587007855632,3.0069,1,3.0069,6.0,inf
785,3,1.3844311218603689,-1.7302729779297439,-1.750587007855632,3.0069,1,3.0069,6.0,inf
785,4,1.3844311218603689,-1.7302729779297439,-1.750587007855632,3.0069,1,3.0069,6.0,inf
785,5,1.3844311218603689,-1.7302729779297439,-1.750587007855632,3.0069,1,3.0069,6.0,inf
786,0,0.7636056334683887,0.2055873075723489,-0.384699470124791,2.2466999999999997,1,2.2466999999999997,6.0,inf
786,1,0.7636056334683887,0.2055873075723489,-0.384699470124791,2.2466999999999997,1,2.2466999999999997,6.0,inf
786,2,0.7636056334683887,0.2055873075723489,-0.384699470124791,2.2466999999999997,1,2.2466999999999997,6.0,inf
786,3,0.7636056334683887,0.2055873075723489,-0.384699470124791,2.2466999999999997,1,2.2466999999999997,6.0,inf
786,4,0.7636056334683887,0.2055873075723489,-0.384699470124791,2.2466999999999997,1,2.2466999999999997,6.0,inf
786,5,0.7636056334683887,0.2055873075723489,-0.384699470124791,2.2466999999999997,1,2.2466999999999997,6.0,inf
787,0,1.6278320240424675,-0.9381247361113234,0.03749866101874497,2.2251,1,2.2251,6.0,inf
787,1,1.6278320240424675,-0.9381247361113234,0.03749866101874497,2.2251,1,2.2251,6.0,inf
787,2,1.6278320240424675,-0.9381247361113234,0.03749866101874497,2.2251,1,2.2251,6.0,inf
787,3,1.6278320240424675,-0.9381247361113234,0.03749866101874497,2.2251,1,2.2251,6.0,inf
787,4,1.6278320240424675,-0.9381247361113234,0.03749866101874497,2.2251,1,2.2251,6.0,inf
787,5,1.6278320240424675,-0.9381247361113234,0.03749866101874497,2.2251,1,2.2251,6.0,inf
788,0,-1.2695829958640523,-2.3604519666649466,0.20779494190885803,0.8483999999999999,1,0.8483999999999999,6.0,inf
788,1,-1.2695829958640523,-2.3604519666649466,0.20779494190885803,0.8483999999999999,1,0.8483999999999999,6.0,inf
788,2,-1.2695829958640523,-2.3604519666649466,0.20779494190885803,0.8483999999999999,1,0.8483999999999999,6.0,inf
788,3,-1.2695829958640523,-2.3604519666649466,0.20779494190885803,0.8483999999999999,1,0.8483999999999999,6.0,inf
788,4,-1.2695829958640523,-2.3604519666649466,0.20779494190885803,0.8483999999999999,1,0.8483999999999999,6.0,inf
788,5,-1.2695829958640523,-2.3604519666649466,0.20779494190885803,0.8483999999999999,1,0.8483999999999999,6.0,inf
789,0,-0.901509655331954,0.19256457950049952,0.3237397170619872,2.0742,1,2.0742,6.0,inf
789,1,-0.901509655331954,0.19256457950049952,0.3237397170619872,2.0742,1,2.0742,6.0,inf
789,2,-0.901509655331954,0.19256457950049952,0.3237397170619872,2.0742,1,2.0742,6.0,inf
789,3,-0.901509655331954,0.19256457950049952,0.3237397170619872,2.0742,1,2.0742,6.0,inf
789,4,-0.901509655331954,0.19256457950049952,0.3237397170619872,2.0742,1,2.0742,6.0,inf
789,5,-0.901509655331954,0.19256457950049952,0.3237397170619872,2.0742,1,2.0742,6.0,inf
790,0,-0.7437681196943204,-1.1004843708704894,2.1601515150364397,1.0545,1,1.0545,6.0,inf
790,1,-0.7437681196943204,-1.1004843708704894,2.1601515150364397,1.0545,1,1.0545,6.0,inf
790,2,-0.7437681196943204,-1.1004843708704894,2.1601515150364397,1.0545,1,1.0545,6.0,inf
790,3,-0.7437681196943204,-1.1004843708704894,2.1601515150364397,1.0545,1,1.0545,6.0,inf
790,4,-0.7437681196943204,-1.1004843708704894,2.1601515150364397,1.0545,1,1.0545,6.0,inf
790,5,-0.7437681196943204,-1.1004843708704894,2.1601515150364397,1.0545,1,1.0545,6.0,inf
791,0,0.42662419029146265,0.34182754349833766,0.9109115540362006,2.0345999999999997,1,2.0345999999999997,6.0,inf
791,1,0.42662419029146265,0.34182754349833766,0.9109115540362006,2.0345999999999997,1,2.0345999999999997,6.0,inf
791,2,0.42662419029146265,0.34182754349833766,0.9109115540362006,2.0345999999999997,1,2.0345999999999997,6.0,inf
791,3,0.42662419029146265,0.34182754349833766,0.9109115540362006,2.0345999999999997,1,2.0345999999999997,6.0,inf
791,4,0.42662419029146265,0.34182754349833766,0.9109115540362006,2.0345999999999997,1,2.0345999999999997,6.0,inf
791,5,0.42662419029146265,0.34182754349833766,0.9109115540362006,2.0345999999999997,1,2.0345999999999997,6.0,inf
792,0,-0.39554113530188195,-2.2647968680547605,-0.9999736995167481,1.0446,1,1.0446,6.0,inf
792,1,-0.39554113530188195,-2.2647968680547605,-0.9999736995167481,1.0446,1,1.0446,6.0,inf
792,2,-0.39554113530188195,-2.2647968680547605,-0.9999736995167481,1.0446,1,1.0446,6.0,inf
792,3,-0.39554113530188195,-2.2647968680547605,-0.9999736995167481,1.0446,1,1.0446,6.0,inf
792,4,-0.39554113530188195,-2.2647968680547605,-0.9999736995167481,1.0446,1,1.0446,6.0,inf
792,5,-0.39554113530188195,-2.2647968680547605,-0.9999736995167481,1.0446,1,1.0446,6.0,inf
793,0,-0.7533055893940996,-0.027520397186424975,-0.5103342335443675,6.0,0,8.0001,6.0,inf
793,1,-0.7533055893940996,-0.027520397186424975,-0.5103342335443675,6.0,0,8.0001,6.0,inf
793,2,-0.7533055893940996,-0.027520397186424975,-0.5103342335443675,6.0,0,8.0001,6.0,inf
793,3,-0.7533055893940996,-0.027520397186424975,-0.5103342335443675,6.0,0,8.0001,6.0,inf
793,4,-0.7533055893940996,-0.027520397186424975,-0.5103342335443675,6.0,0,8.0001,6.0,inf
793,5,-0.7533055893940996,-0.027520397186424975,-0.5103342335443675,6.0,0,8.0001,6.0,inf
794,0,0.031084406988565266,-0.11554886320038937,-0.49607682845151246,4.648499999999999,1,4.648499999999999,6.0,inf
794,1,0.031084406988565266,-0.11554886320038937,-0.49607682845151246,4.648499999999999,1,4.648499999999999,6.0,inf
794,2,0.031084406988565266,-0.11554886320038937,-0.49607682845151246,4.648499999999999,1,4.648499999999999,6.0,inf
794,3,0.031084406988565266,-0.11554886320038937,-0.49607682845151246,4.648499999999999,1,4.648499999999999,6.0,inf
794,4,0.031084406988565266,-0.11554886320038937,-0.49607682845151246,4.648499999999999,1,4.648499999999999,6.0,inf
794,5,0.031084406988565266,-0.11554886320038937,-0.49607682845151246,4.648499999999999,1,4.648499999999999,6.0,inf
795,0,-0.28205641401132325,-0.2691037172550561,-0.8598022329346152,1.8278999999999999,1,1.8278999999999999,6.0,inf
795,1,-0.28205641401132325,-0.2691037172550561,-0.8598022329346152,1.8278999999999999,1,1.8278999999999999,6.0,inf
795,2,-0.28205641401132325,-0.2691037172550561,-0.8598022329346152,1.8278999999999999,1,1.8278999999999999,6.0,inf
795,3,-0.28205641401132325,-0.2691037172550561,-0.8598022329346152,1.8278999999999999,1,1.8278999999999999,6.0,inf
795,4,-0.28205641401132325,-0.2691037172550561,-0.8598022329346152,1.8278999999999999,1,1.8278999999999999,6.0,inf
795,5,-0.28205641401132325,-0.2691037172550561,-0.8598022329346152,1.8278999999999999,1,1.8278999999999999,6.0,inf
796,0,1.3620445523537357,0.8595219260908536,0.5530766869251401,2.1696,1,2.1696,6.0,inf
796,1,1.3620445523537357,0.8595219260908536,0.5530766869251401,2.1696,1,2.1696,6.0,inf
796,2,1.3620445523537357,0.8595219260908536,0.5530766869251401,2.1696,1,2.1696,6.0,inf
796,3,1.3620445523537357,0.8595219260908536,0.5530766869251401,2.1696,1,2.1696,6.0,inf
796,4,1.3620445523537357,0.8595219260908536,0.5530766869251401,2.1696,1,2.1696,6.0,inf
796,5,1.3620445523537357,0.8595219260908536,0.5530766869251401,2.1696,1,2.1696,6.0,inf
797,0,-0.6949942417314872,0.44125176607954686,-0.5894387850848217,1.9556999999999998,1,1.9556999999999998,6.0,inf
797,1,-0.6949942417314872,0.44125176607954686,-0.5894387850848217,1.9556999999999998,1,1.9556999999999998,6.0,inf
797,2,-0.6949942417314872,0.44125176607954686,-0.5894387850848217,1.9556999999999998,1,1.9556999999999998,6.0,inf
797,3,-0.6949942417314872,0.44125176607954686,-0.5894387850848217,1.9556999999999998,1,1.9556999999999998,6.0,inf
797,4,-0.6949942417314872,0.44125176607954686,-0.5894387850848217,1.9556999999999998,1,1.9556999999999998,6.0,inf
797,5,-0.6949942417314872,0.44125176607954686,-0.5894387850848217,1.9556999999999998,1,1.9556999999999998,6.0,inf
798,0,0.6375864953254109,0.4373975467746845,-1.2006209040057731,4.3923,1,4.3923,6.0,inf
798,1,0.6375864953254109,0.4373975467746845,-1.2006209040057731,4.3923,1,4.3923,6.0,inf
798,2,0.6375864953254109,0.4373975467746845,-1.2006209040057731,4.3923,1,4.3923,6.0,inf
798,3,0.6375864953254109,0.4373975467746845,-1.2006209040057731,4.3923,1,4.3923,6.0,inf
798,4,0.6375864953254109,0.4373975467746845,-1.2006209040057731,4.3923,1,4.3923,6.0,inf
798,5,0.6375864953254109,0.4373975467746845,-1.2006209040057731,4.3923,1,4.3923,6.0,inf
799,0,-0.11059457774030715,-1.5454552195378826,-0.038178976341094926,1.9848,1,1.9848,6.0,inf
799,1,-0.11059457774030715,-1.5454552195378826,-0.038178976341094926,1.9848,1,1.9848,6.0,inf
799,2,-0.11059457774030715,-1.5454552195378826,-0.038178976341094926,1.9848,1,1.9848,6.0,inf
799,3,-0.11059457774030715,-1.5454552195378826,-0.038178976341094926,1.9848,1,1.9848,6.0,inf
799,4,-0.11059457774030715,-1.5454552195378826,-0.038178976341094926,1.9848,1,1.9848,6.0,inf
799,5,-0.11059457774030715,-1.5454552195378826,-0.038178976341094926,1.9848,1,1.9848,6.0,inf
800,0,0.03005301314838704,-2.3093197793417515,-1.0613476708136493,1.8914999999999997,1,1.8914999999999997,6.0,inf
800,1,0.03005301314838704,-2.3093197793417515,-1.0613476708136493,1.8914999999999997,1,1.8914999999999997,6.0,inf
800,2,0.03005301314838704,-2.3093197793417515,-1.0613476708136493,1.8914999999999997,1,1.8914999999999997,6.0,inf
800,3,0.03005301314838704,-2.3093197793417515,-1.0613476708136493,1.8914999999999997,1,1.8914999999999997,6.0,inf
800,4,0.03005301314838704,-2.3093197793417515,-1.0613476708136493,1.8914999999999997,1,1.8914999999999997,6.0,inf
800,5,0.03005301314838704,-2.3093197793417515,-1.0613476708136493,1.8914999999999997,1,1.8914999999999997,6.0,inf
801,0,0.38146913162563323,0.4297359370592728,1.0321696590295084,1.1997,1,1.1997,6.0,inf
801,1,0.38146913162563323,0.4297359370592728,1.0321696590295084,1.1997,1,1.1997,6.0,inf
801,2,0.38146913162563323,0.4297359370592728,1.0321696590295084,1.1997,1,1.1997,6.0,inf
801,3,0.38146913162563323,0.4297359370592728,1.0321696590295084,1.1997,1,1.1997,6.0,inf
801,4,0.38146913162563323,0.4297359370592728,1.0321696590295084,1.1997,1,1.1997,6.0,inf
801,5,0.38146913162563323,0.4297359370592728,1.0321696590295084,1.1997,1,1.1997,6.0,inf
802,0,1.6531032603316036,0.14187758455247015,-1.3711746895315047,2.1176999999999997,1,2.1176999999999997,6.0,inf
802,1,1.6531032603316036,0.14187758455247015,-1.3711746895315047,2.1176999999999997,1,2.1176999999999997,6.0,inf
802,2,1.6531032603316036,0.14187758455247015,-1.3711746895315047,2.1176999999999997,1,2.1176999999999997,6.0,inf
802,3,1.6531032603316036,0.14187758455247015,-1.3711746895315047,2.1176999999999997,1,2.1176999999999997,6.0,inf
802,4,1.6531032603316036,0.14187758455247015,-1.3711746895315047,2.1176999999999997,1,2.1176999999999997,6.0,inf
802,5,1.6531032603316036,0.14187758455247015,-1.3711746895315047,2.1176999999999997,1,2.1176999999999997,6.0,inf
803,0,0.678671262933519,-1.0948897940270297,-0.08273870745285819,0.951,1,0.951,6.0,inf
803,1,0.678671262933519,-1.0948897940270297,-0.08273870745285819,0.951,1,0.951,6.0,inf
803,2,0.678671262933519,-1.0948897940270297,-0.08273870745285819,0.951,1,0.951,6.0,inf
803,3,0.678671262933519,-1.0948897940270297,-0.08273870745285819,0.951,1,0.951,6.0,inf
803,4,0.678671262933519,-1.0948897940270297,-0.08273870745285819,0.951,1,0.951,6.0,inf
803,5,0.678671262933519,-1.0948897940270297,-0.08273870745285819,0.951,1,0.951,6.0,inf
804,0,0.27451164295942815,-0.38855059643054507,1.3858003837498079,0.28409999999999996,1,0.28409999999999996,6.0,inf
804,1,0.27451164295942815,-0.38855059643054507,1.3858003837498079,0.28409999999999996,1,0.28409999999999996,6.0,inf
804,2,0.27451164295942815,-0.38855059643054507,1.3858003837498079,0.28409999999999996,1,0.28409999999999996,6.0,inf
804,3,0.27451164295942815,-0.38855059643054507,1.3858003837498079,0.28409999999999996,1,0.28409999999999996,6.0,inf
804,4,0.27451164295942815,-0.38855059643054507,1.3858003837498079,0.28409999999999996,1,0.28409999999999996,6.0,inf
804,5,0.27451164295942815,-0.38855059643054507,1.3858003837498079,0.28409999999999996,1,0.28409999999999996,6.0,inf
805,0,-0.31210699685363463,-0.5086451987932702,-0.1849146112246433,0.44279999999999997,1,0.44279999999999997,6.0,inf
805,1,-0.31210699685363463,-0.5086451987932702,-0.1849146112246433,0.44279999999999997,1,0.44279999999999997,6.0,inf
805,2,-0.31210699685363463,-0.5086451987932702,-0.1849146112246433,0.44279999999999997,1,0.44279999999999997,6.0,inf
805,3,-0.31210699685363463,-0.5086451987932702,-0.1849146112246433,0.44279999999999997,1,0.44279999999999997,6.0,inf
805,4,-0.31210699685363463,-0.5086451987932702,-0.1849146112246433,0.44279999999999997,1,0.44279999999999997,6.0,inf
805,5,-0.31210699685363463,-0.5086451987932702,-0.1849146112246433,0.44279999999999997,1,0.44279999999999997,6.0,inf
806,0,-1.1889874534972933,-0.1850904572372711,1.763286840078685,1.1141999999999999,1,1.1141999999999999,6.0,inf
806,1,-1.1889874534972933,-0.1850904572372711,1.763286840078685,1.1141999999999999,1,1.1141999999999999,6.0,inf
806,2,-1.1889874534972933,-0.1850904572372711,1.763286840078685,1.1141999999999999,1,1.1141999999999999,6.0,inf
806,3,-1.1889874534972933,-0.1850904572372711,1.763286840078685,1.1141999999999999,1,1.1141999999999999,6.0,inf
806,4,-1.1889874534972933,-0.1850904572372711,1.763286840078685,1.1141999999999999,1,1.1141999999999999,6.0,inf
806,5,-1.1889874534972933,-0.1850904572372711,1.763286840078685,1.1141999999999999,1,1.1141999999999999,6.0,inf
807,0,0.31451635116764853,1.0923981043423665,0.47813548413383955,2.7971999999999997,1,2.7971999999999997,6.0,inf
807,1,0.31451635116764853,1.0923981043423665,0.47813548413383955,2.7971999999999997,1,2.7971999999999997,6.0,inf
807,2,0.31451635116764853,1.0923981043423665,0.47813548413383955,2.7971999999999997,1,2.7971999999999997,6.0,inf
807,3,0.31451635116764853,1.0923981043423665,0.47813548413383955,2.7971999999999997,1,2.7971999999999997,6.0,inf
807,4,0.31451635116764853,1.0923981043423665,0.47813548413383955,2.7971999999999997,1,2.7971999999999997,6.0,inf
807,5,0.31451635116764853,1.0923981043423665,0.47813548413383955,2.7971999999999997,1,2.7971999999999997,6.0,inf
808,0,-1.6375917978260577,0.3389045651605086,-0.9104691606307166,0.7736999999999999,1,0.7736999999999999,6.0,inf
808,1,-1.6375917978260577,0.3389045651605086,-0.9104691606307166,0.7736999999999999,1,0.7736999999999999,6.0,inf
808,2,-1.6375917978260577,0.3389045651605086,-0.9104691606307166,0.7736999999999999,1,0.7736999999999999,6.0,inf
808,3,-1.6375917978260577,0.3389045651605086,-0.9104691606307166,0.7736999999999999,1,0.7736999999999999,6.0,inf
808,4,-1.6375917978260577,0.3389045651605086,-0.9104691606307166,0.7736999999999999,1,0.7736999999999999,6.0,inf
808,5,-1.6375917978260577,0.3389045651605086,-0.9104691606307166,0.7736999999999999,1,0.7736999999999999,6.0,inf
809,0,-0.536418617087689,0.36280005296404655,-1.5609382359709991,3.3752999999999997,1,3.3752999999999997,6.0,inf
809,1,-0.536418617087689,0.36280005296404655,-1.5609382359709991,3.3752999999999997,1,3.3752999999999997,6.0,inf
809,2,-0.536418617087689,0.36280005296404655,-1.5609382359709991,3.3752999999999997,1,3.3752999999999997,6.0,inf
809,3,-0.536418617087689,0.36280005296404655,-1.5609382359709991,3.3752999999999997,1,3.3752999999999997,6.0,inf
809,4,-0.536418617087689,0.36280005296404655,-1.5609382359709991,3.3752999999999997,1,3.3752999999999997,6.0,inf
809,5,-0.536418617087689,0.36280005296404655,-1.5609382359709991,3.3752999999999997,1,3.3752999999999997,6.0,inf
810,0,-1.1817472702389578,-0.08270230908184839,0.8058099425890238,1.0101,1,1.0101,6.0,inf
810,1,-1.1817472702389578,-0.08270230908184839,0.8058099425890238,1.0101,1,1.0101,6.0,inf
810,2,-1.1817472702389578,-0.08270230908184839,0.8058099425890238,1.0101,1,1.0101,6.0,inf
810,3,-1.1817472702389578,-0.08270230908184839,0.8058099425890238,1.0101,1,1.0101,6.0,inf
810,4,-1.1817472702389578,-0.08270230908184839,0.8058099425890238,1.0101,1,1.0101,6.0,inf
810,5,-1.1817472702389578,-0.08270230908184839,0.8058099425890238,1.0101,1,1.0101,6.0,inf
811,0,0.15470226054831385,0.7300615501463986,1.2399396098383106,3.8966999999999996,1,3.8966999999999996,6.0,inf
811,1,0.15470226054831385,0.7300615501463986,1.2399396098383106,3.8966999999999996,1,3.8966999999999996,6.0,inf
811,2,0.15470226054831385,0.7300615501463986,1.2399396098383106,3.8966999999999996,1,3.8966999999999996,6.0,inf
811,3,0.15470226054831385,0.7300615501463986,1.2399396098383106,3.8966999999999996,1,3.8966999999999996,6.0,inf
811,4,0.15470226054831385,0.7300615501463986,1.2399396098383106,3.8966999999999996,1,3.8966999999999996,6.0,inf
811,5,0.15470226054831385,0.7300615501463986,1.2399396098383106,3.8966999999999996,1,3.8966999999999996,6.0,inf
812,0,0.16054007984391314,-0.07696817043668451,0.6386846934466788,1.8830999999999998,1,1.8830999999999998,6.0,inf
812,1,0.16054007984391314,-0.07696817043668451,0.6386846934466788,1.8830999999999998,1,1.8830999999999998,6.0,inf
812,2,0.16054007984391314,-0.07696817043668451,0.6386846934466788,1.8830999999999998,1,1.8830999999999998,6.0,inf
812,3,0.16054007984391314,-0.07696817043668451,0.6386846934466788,1.8830999999999998,1,1.8830999999999998,6.0,inf
812,4,0.16054007984391314,-0.07696817043668451,0.6386846934466788,1.8830999999999998,1,1.8830999999999998,6.0,inf
812,5,0.16054007984391314,-0.07696817043668451,0.6386846934466788,1.8830999999999998,1,1.8830999999999998,6.0,inf
813,0,0.6387733005788261,-0.7079986532057012,-0.20449351986431208,2.0967,1,2.0967,6.0,inf
813,1,0.6387733005788261,-0.7079986532057012,-0.20449351986431208,2.0967,1,2.0967,6.0,inf
813,2,0.6387733005788261,-0.7079986532057012,-0.20449351986431208,2.0967,1,2.0967,6.0,inf
813,3,0.6387733005788261,-0.7079986532057012,-0.20449351986431208,2.0967,1,2.0967,6.0,inf
813,4,0.6387733005788261,-0.7079986532057012,-0.20449351986431208,2.0967,1,2.0967,6.0,inf
813,5,0.6387733005788261,-0.7079986532057012,-0.20449351986431208,2.0967,1,2.0967,6.0,inf
814,0,0.6739626782147039,0.980478709089544,0.9561469898845797,2.3598,1,2.3598,6.0,inf
814,1,0.6739626782147039,0.980478709089544,0.9561469898845797,2.3598,1,2.3598,6.0,inf
814,2,0.6739626782147039,0.980478709089544,0.9561469898845797,2.3598,1,2.3598,6.0,inf
814,3,0.6739626782147039,0.980478709089544,0.9561469898845797,2.3598,1,2.3598,6.0,inf
814,4,0.6739626782147039,0.980478709089544,0.9561469898845797,2.3598,1,2.3598,6.0,inf
814,5,0.6739626782147039,0.980478709089544,0.9561469898845797,2.3598,1,2.3598,6.0,inf
815,0,-1.3045056331066107,0.45657164921093096,-0.5841510989847176,3.5771999999999995,1,3.5771999999999995,6.0,inf
815,1,-1.3045056331066107,0.45657164921093096,-0.5841510989847176,3.5771999999999995,1,3.5771999999999995,6.0,inf
815,2,-1.3045056331066107,0.45657164921093096,-0.5841510989847176,3.5771999999999995,1,3.5771999999999995,6.0,inf
815,3,-1.3045056331066107,0.45657164921093096,-0.5841510989847176,3.5771999999999995,1,3.5771999999999995,6.0,inf
815,4,-1.3045056331066107,0.45657164921093096,-0.5841510989847176,3.5771999999999995,1,3.5771999999999995,6.0,inf
815,5,-1.3045056331066107,0.45657164921093096,-0.5841510989847176,3.5771999999999995,1,3.5771999999999995,6.0,inf
816,0,-1.3943227999314343,0.9759018581699483,-1.7781273532013873,3.9284999999999997,1,3.9284999999999997,6.0,inf
816,1,-1.3943227999314343,0.9759018581699483,-1.7781273532013873,3.9284999999999997,1,3.9284999999999997,6.0,inf
816,2,-1.3943227999314343,0.9759018581699483,-1.7781273532013873,3.9284999999999997,1,3.9284999999999997,6.0,inf
816,3,-1.3943227999314343,0.9759018581699483,-1.7781273532013873,3.9284999999999997,1,3.9284999999999997,6.0,inf
816,4,-1.3943227999314343,0.9759018581699483,-1.7781273532013873,3.9284999999999997,1,3.9284999999999997,6.0,inf
816,5,-1.3943227999314343,0.9759018581699483,-1.7781273532013873,3.9284999999999997,1,3.9284999999999997,6.0,inf
817,0,1.0257724384757276,0.22731908948578977,-1.0104182988743065,2.5595999999999997,1,2.5595999999999997,6.0,inf
817,1,1.0257724384757276,0.22731908948578977,-1.0104182988743065,2.5595999999999997,1,2.5595999999999997,6.0,inf
817,2,1.0257724384757276,0.22731908948578977,-1.0104182988743065,2.5595999999999997,1,2.5595999999999997,6.0,inf
817,3,1.0257724384757276,0.22731908948578977,-1.0104182988743065,2.5595999999999997,1,2.5595999999999997,6.0,inf
817,4,1.0257724384757276,0.22731908948578977,-1.0104182988743065,2.5595999999999997,1,2.5595999999999997,6.0,inf
817,5,1.0257724384757276,0.22731908948578977,-1.0104182988743065,2.5595999999999997,1,2.5595999999999997,6.0,inf
818,0,-1.8184243370199684,-0.6517236475016436,-1.3231672452205687,0.1851,1,0.1851,6.0,inf
818,1,-1.8184243370199684,-0.6517236475016436,-1.3231672452205687,0.1851,1,0.1851,6.0,inf
818,2,-1.8184243370199684,-0.6517236475016436,-1.3231672452205687,0.1851,1,0.1851,6.0,inf
818,3,-1.8184243370199684,-0.6517236475016436,-1.3231672452205687,0.1851,1,0.1851,6.0,inf
818,4,-1.8184243370199684,-0.6517236475016436,-1.3231672452205687,0.1851,1,0.1851,6.0,inf
818,5,-1.8184243370199684,-0.6517236475016436,-1.3231672452205687,0.1851,1,0.1851,6.0,inf
819,0,-0.24954120967063778,0.1680229538215317,0.7186397060670678,3.6935999999999996,1,3.6935999999999996,6.0,inf
819,1,-0.24954120967063778,0.1680229538215317,0.7186397060670678,3.6935999999999996,1,3.6935999999999996,6.0,inf
819,2,-0.24954120967063778,0.1680229538215317,0.7186397060670678,3.6935999999999996,1,3.6935999999999996,6.0,inf
819,3,-0.24954120967063778,0.1680229538215317,0.7186397060670678,3.6935999999999996,1,3.6935999999999996,6.0,inf
819,4,-0.24954120967063778,0.1680229538215317,0.7186397060670678,3.6935999999999996,1,3.6935999999999996,6.0,inf
819,5,-0.24954120967063778,0.1680229538215317,0.7186397060670678,3.6935999999999996,1,3.6935999999999996,6.0,inf
820,0,-0.7054710073326389,1.74359962760864,-0.4112632930271727,6.0,0,6.793799999999999,6.0,inf
820,1,-0.7054710073326389,1.74359962760864,-0.4112632930271727,6.0,0,6.793799999999999,6.0,inf
820,2,-0.7054710073326389,1.74359962760864,-0.4112632930271727,6.0,0,6.793799999999999,6.0,inf
820,3,-0.7054710073326389,1.74359962760864,-0.4112632930271727,6.0,0,6.793799999999999,6.0,inf
820,4,-0.7054710073326389,1.74359962760864,-0.4112632930271727,6.0,0,6.793799999999999,6.0,inf
820,5,-0.7054710073326389,1.74359962760864,-0.4112632930271727,6.0,0,6.793799999999999,6.0,inf
821,0,1.0526690753460384,-1.4365655740344245,1.1452955952070172,1.0292999999999999,1,1.0292999999999999,6.0,inf
821,1,1.0526690753460384,-1.4365655740344245,1.1452955952070172,1.0292999999999999,1,1.0292999999999999,6.0,inf
821,2,1.0526690753460384,-1.4365655740344245,1.1452955952070172,1.0292999999999999,1,1.0292999999999999,6.0,inf
821,3,1.0526690753460384,-1.4365655740344245,1.1452955952070172,1.0292999999999999,1,1.0292999999999999,6.0,inf
821,4,1.0526690753460384,-1.4365655740344245,1.1452955952070172,1.0292999999999999,1,1.0292999999999999,6.0,inf
821,5,1.0526690753460384,-1.4365655740344245,1.1452955952070172,1.0292999999999999,1,1.0292999999999999,6.0,inf
822,0,-0.37257604250814585,-0.899403806332831,0.9606759810484018,1.8101999999999998,1,1.8101999999999998,6.0,inf
822,1,-0.37257604250814585,-0.899403806332831,0.9606759810484018,1.8101999999999998,1,1.8101999999999998,6.0,inf
822,2,-0.37257604250814585,-0.899403806332831,0.9606759810484018,1.8101999999999998,1,1.8101999999999998,6.0,inf
822,3,-0.37257604250814585,-0.899403806332831,0.9606759810484018,1.8101999999999998,1,1.8101999999999998,6.0,inf
822,4,-0.37257604250814585,-0.899403806332831,0.9606759810484018,1.8101999999999998,1,1.8101999999999998,6.0,inf
822,5,-0.37257604250814585,-0.899403806332831,0.9606759810484018,1.8101999999999998,1,1.8101999999999998,6.0,inf
823,0,1.0451326361796365,1.8038775823430715,-0.7029388889118598,4.1076,1,4.1076,6.0,inf
823,1,1.0451326361796365,1.8038775823430715,-0.7029388889118598,4.1076,1,4.1076,6.0,inf
823,2,1.0451326361796365,1.8038775823430715,-0.7029388889118598,4.1076,1,4.1076,6.0,inf
823,3,1.0451326361796365,1.8038775823430715,-0.7029388889118598,4.1076,1,4.1076,6.0,inf
823,4,1.0451326361796365,1.8038775823430715,-0.7029388889118598,4.1076,1,4.1076,6.0,inf
823,5,1.0451326361796365,1.8038775823430715,-0.7029388889118598,4.1076,1,4.1076,6.0,inf
824,0,0.5524547019578901,1.0628223956011158,-1.4993926376324773,4.2279,1,4.2279,6.0,inf
824,1,0.5524547019578901,1.0628223956011158,-1.4993926376324773,4.2279,1,4.2279,6.0,inf
824,2,0.5524547019578901,1.0628223956011158,-1.4993926376324773,4.2279,1,4.2279,6.0,inf
824,3,0.5524547019578901,1.0628223956011158,-1.4993926376324773,4.2279,1,4.2279,6.0,inf
824,4,0.5524547019578901,1.0628223956011158,-1.4993926376324773,4.2279,1,4.2279,6.0,inf
824,5,0.5524547019578901,1.0628223956011158,-1.4993926376324773,4.2279,1,4.2279,6.0,inf
825,0,-0.29695663465654265,0.20424040032818325,0.029333973556644053,2.6685,1,2.6685,6.0,inf
825,1,-0.29695663465654265,0.20424040032818325,0.029333973556644053,2.6685,1,2.6685,6.0,inf
825,2,-0.29695663465654265,0.20424040032818325,0.029333973556644053,2.6685,1,2.6685,6.0,inf
825,3,-0.29695663465654265,0.20424040032818325,0.029333973556644053,2.6685,1,2.6685,6.0,inf
825,4,-0.29695663465654265,0.20424040032818325,0.029333973556644053,2.6685,1,2.6685,6.0,inf
825,5,-0.29695663465654265,0.20424040032818325,0.029333973556644053,2.6685,1,2.6685,6.0,inf
826,0,-0.4157260356141934,0.18418290641769805,-0.5912420488388586,3.6344999999999996,1,3.6344999999999996,6.0,inf
826,1,-0.4157260356141934,0.18418290641769805,-0.5912420488388586,3.6344999999999996,1,3.6344999999999996,6.0,inf
826,2,-0.4157260356141934,0.18418290641769805,-0.5912420488388586,3.6344999999999996,1,3.6344999999999996,6.0,inf
826,3,-0.4157260356141934,0.18418290641769805,-0.5912420488388586,3.6344999999999996,1,3.6344999999999996,6.0,inf
826,4,-0.4157260356141934,0.18418290641769805,-0.5912420488388586,3.6344999999999996,1,3.6344999999999996,6.0,inf
826,5,-0.4157260356141934,0.18418290641769805,-0.5912420488388586,3.6344999999999996,1,3.6344999999999996,6.0,inf
827,0,-0.511856951321826,-0.7479748152997643,0.7805986758110093,0.1815,1,0.1815,6.0,inf
827,1,-0.511856951321826,-0.7479748152997643,0.7805986758110093,0.1815,1,0.1815,6.0,inf
827,2,-0.511856951321826,-0.7479748152997643,0.7805986758110093,0.1815,1,0.1815,6.0,inf
827,3,-0.511856951321826,-0.7479748152997643,0.7805986758110093,0.1815,1,0.1815,6.0,inf
827,4,-0.511856951321826,-0.7479748152997643,0.7805986758110093,0.1815,1,0.1815,6.0,inf
827,5,-0.511856951321826,-0.7479748152997643,0.7805986758110093,0.1815,1,0.1815,6.0,inf
828,0,0.05685964316092879,0.15521064061426962,0.23842861847550867,1.6356,1,1.6356,6.0,inf
828,1,0.05685964316092879,0.15521064061426962,0.23842861847550867,1.6356,1,1.6356,6.0,inf
828,2,0.05685964316092879,0.15521064061426962,0.23842861847550867,1.6356,1,1.6356,6.0,inf
828,3,0.05685964316092879,0.15521064061426962,0.23842861847550867,1.6356,1,1.6356,6.0,inf
828,4,0.05685964316092879,0.15521064061426962,0.23842861847550867,1.6356,1,1.6356,6.0,inf
828,5,0.05685964316092879,0.15521064061426962,0.23842861847550867,1.6356,1,1.6356,6.0,inf
829,0,0.3374470398306598,-0.15512389637669688,0.0514698941661196,1.9584,1,1.9584,6.0,inf
829,1,0.3374470398306598,-0.15512389637669688,0.0514698941661196,1.9584,1,1.9584,6.0,inf
829,2,0.3374470398306598,-0.15512389637669688,0.0514698941661196,1.9584,1,1.9584,6.0,inf
829,3,0.3374470398306598,-0.15512389637669688,0.0514698941661196,1.9584,1,1.9584,6.0,inf
829,4,0.3374470398306598,-0.15512389637669688,0.0514698941661196,1.9584,1,1.9584,6.0,inf
829,5,0.3374470398306598,-0.15512389637669688,0.0514698941661196,1.9584,1,1.9584,6.0,inf
830,0,-0.005292437900650815,-0.2814108943073827,-0.44732114783636384,2.0153999999999996,1,2.0153999999999996,6.0,inf
830,1,-0.005292437900650815,-0.2814108943073827,-0.44732114783636384,2.0153999999999996,1,2.0153999999999996,6.0,inf
830,2,-0.005292437900650815,-0.2814108943073827,-0.44732114783636384,2.0153999999999996,1,2.0153999999999996,6.0,inf
830,3,-0.005292437900650815,-0.2814108943073827,-0.44732114783636384,2.0153999999999996,1,2.0153999999999996,6.0,inf
830,4,-0.005292437900650815,-0.2814108943073827,-0.44732114783636384,2.0153999999999996,1,2.0153999999999996,6.0,inf
830,5,-0.005292437900650815,-0.2814108943073827,-0.44732114783636384,2.0153999999999996,1,2.0153999999999996,6.0,inf
831,0,-0.6438018671254218,0.20917617344796144,0.07245183806015992,4.4658,1,4.4658,6.0,inf
831,1,-0.6438018671254218,0.20917617344796144,0.07245183806015992,4.4658,1,4.4658,6.0,inf
831,2,-0.6438018671254218,0.20917617344796144,0.07245183806015992,4.4658,1,4.4658,6.0,inf
831,3,-0.6438018671254218,0.20917617344796144,0.07245183806015992,4.4658,1,4.4658,6.0,inf
831,4,-0.6438018671254218,0.20917617344796144,0.07245183806015992,4.4658,1,4.4658,6.0,inf
831,5,-0.6438018671254218,0.20917617344796144,0.07245183806015992,4.4658,1,4.4658,6.0,inf
832,0,0.8709752095738741,-1.225019886926553,-0.4381375680229628,0.5057999999999999,1,0.5057999999999999,6.0,inf
832,1,0.8709752095738741,-1.225019886926553,-0.4381375680229628,0.5057999999999999,1,0.5057999999999999,6.0,inf
832,2,0.8709752095738741,-1.225019886926553,-0.4381375680229628,0.5057999999999999,1,0.5057999999999999,6.0,inf
832,3,0.8709752095738741,-1.225019886926553,-0.4381375680229628,0.5057999999999999,1,0.5057999999999999,6.0,inf
832,4,0.8709752095738741,-1.225019886926553,-0.4381375680229628,0.5057999999999999,1,0.5057999999999999,6.0,inf
832,5,0.8709752095738741,-1.225019886926553,-0.4381375680229628,0.5057999999999999,1,0.5057999999999999,6.0,inf
833,0,0.4269603948663527,-1.3756843666801633,0.6237566668129685,2.2929,1,2.2929,6.0,inf
833,1,0.4269603948663527,-1.3756843666801633,0.6237566668129685,2.2929,1,2.2929,6.0,inf
833,2,0.4269603948663527,-1.3756843666801633,0.6237566668129685,2.2929,1,2.2929,6.0,inf
833,3,0.4269603948663527,-1.3756843666801633,0.6237566668129685,2.2929,1,2.2929,6.0,inf
833,4,0.4269603948663527,-1.3756843666801633,0.6237566668129685,2.2929,1,2.2929,6.0,inf
833,5,0.4269603948663527,-1.3756843666801633,0.6237566668129685,2.2929,1,2.2929,6.0,inf
834,0,1.4443169124157635,-0.15038449430781975,-0.18280775622363307,1.7873999999999999,1,1.7873999999999999,6.0,inf
834,1,1.4443169124157635,-0.15038449430781975,-0.18280775622363307,1.7873999999999999,1,1.7873999999999999,6.0,inf
834,2,1.4443169124157635,-0.15038449430781975,-0.18280775622363307,1.7873999999999999,1,1.7873999999999999,6.0,inf
834,3,1.4443169124157635,-0.15038449430781975,-0.18280775622363307,1.7873999999999999,1,1.7873999999999999,6.0,inf
834,4,1.4443169124157635,-0.15038449430781975,-0.18280775622363307,1.7873999999999999,1,1.7873999999999999,6.0,inf
834,5,1.4443169124157635,-0.15038449430781975,-0.18280775622363307,1.7873999999999999,1,1.7873999999999999,6.0,inf
835,0,0.77297787774361,0.6405575001413047,0.8975483145099161,3.8165999999999998,1,3.8165999999999998,6.0,inf
835,1,0.77297787774361,0.6405575001413047,0.8975483145099161,3.8165999999999998,1,3.8165999999999998,6.0,inf
835,2,0.77297787774361,0.6405575001413047,0.8975483145099161,3.8165999999999998,1,3.8165999999999998,6.0,inf
835,3,0.77297787774361,0.6405575001413047,0.8975483145099161,3.8165999999999998,1,3.8165999999999998,6.0,inf
835,4,0.77297787774361,0.6405575001413047,0.8975483145099161,3.8165999999999998,1,3.8165999999999998,6.0,inf
835,5,0.77297787774361,0.6405575001413047,0.8975483145099161,3.8165999999999998,1,3.8165999999999998,6.0,inf
836,0,-1.7506377583469637,0.2085673483526112,0.3236959870299494,1.6659,1,1.6659,6.0,inf
836,1,-1.7506377583469637,0.2085673483526112,0.3236959870299494,1.6659,1,1.6659,6.0,inf
836,2,-1.7506377583469637,0.2085673483526112,0.3236959870299494,1.6659,1,1.6659,6.0,inf
836,3,-1.7506377583469637,0.2085673483526112,0.3236959870299494,1.6659,1,1.6659,6.0,inf
836,4,-1.7506377583469637,0.2085673483526112,0.3236959870299494,1.6659,1,1.6659,6.0,inf
836,5,-1.7506377583469637,0.2085673483526112,0.3236959870299494,1.6659,1,1.6659,6.0,inf
837,0,-0.7167918683211005,-0.8661542905147495,0.5753834269545242,2.0513999999999997,1,2.0513999999999997,6.0,inf
837,1,-0.7167918683211005,-0.8661542905147495,0.5753834269545242,2.0513999999999997,1,2.0513999999999997,6.0,inf
837,2,-0.7167918683211005,-0.8661542905147495,0.5753834269545242,2.0513999999999997,1,2.0513999999999997,6.0,inf
837,3,-0.7167918683211005,-0.8661542905147495,0.5753834269545242,2.0513999999999997,1,2.0513999999999997,6.0,inf
837,4,-0.7167918683211005,-0.8661542905147495,0.5753834269545242,2.0513999999999997,1,2.0513999999999997,6.0,inf
837,5,-0.7167918683211005,-0.8661542905147495,0.5753834269545242,2.0513999999999997,1,2.0513999999999997,6.0,inf
838,0,0.45842713802838675,0.3209513571463984,-0.5347938690410529,2.7293999999999996,1,2.7293999999999996,6.0,inf
838,1,0.45842713802838675,0.3209513571463984,-0.5347938690410529,2.7293999999999996,1,2.7293999999999996,6.0,inf
838,2,0.45842713802838675,0.3209513571463984,-0.5347938690410529,2.7293999999999996,1,2.7293999999999996,6.0,inf
838,3,0.45842713802838675,0.3209513571463984,-0.5347938690410529,2.7293999999999996,1,2.7293999999999996,6.0,inf
838,4,0.45842713802838675,0.3209513571463984,-0.5347938690410529,2.7293999999999996,1,2.7293999999999996,6.0,inf
838,5,0.45842713802838675,0.3209513571463984,-0.5347938690410529,2.7293999999999996,1,2.7293999999999996,6.0,inf
839,0,0.8376088708102095,-1.078200701373679,0.7529467893500982,2.1513,1,2.1513,6.0,inf
839,1,0.8376088708102095,-1.078200701373679,0.7529467893500982,2.1513,1,2.1513,6.0,inf
839,2,0.8376088708102095,-1.078200701373679,0.7529467893500982,2.1513,1,2.1513,6.0,inf
839,3,0.8376088708102095,-1.078200701373679,0.7529467893500982,2.1513,1,2.1513,6.0,inf
839,4,0.8376088708102095,-1.078200701373679,0.7529467893500982,2.1513,1,2.1513,6.0,inf
839,5,0.8376088708102095,-1.078200701373679,0.7529467893500982,2.1513,1,2.1513,6.0,inf
840,0,0.8706089969412328,0.5241481050096647,2.34260402696732,1.5725999999999998,1,1.5725999999999998,6.0,inf
840,1,0.8706089969412328,0.5241481050096647,2.34260402696732,1.5725999999999998,1,1.5725999999999998,6.0,inf
840,2,0.8706089969412328,0.5241481050096647,2.34260402696732,1.5725999999999998,1,1.5725999999999998,6.0,inf
840,3,0.8706089969412328,0.5241481050096647,2.34260402696732,1.5725999999999998,1,1.5725999999999998,6.0,inf
840,4,0.8706089969412328,0.5241481050096647,2.34260402696732,1.5725999999999998,1,1.5725999999999998,6.0,inf
840,5,0.8706089969412328,0.5241481050096647,2.34260402696732,1.5725999999999998,1,1.5725999999999998,6.0,inf
841,0,0.8911474056460017,0.5256838174747607,-2.3148696101547377,4.159199999999999,1,4.159199999999999,6.0,inf
841,1,0.8911474056460017,0.5256838174747607,-2.3148696101547377,4.159199999999999,1,4.159199999999999,6.0,inf
841,2,0.8911474056460017,0.5256838174747607,-2.3148696101547377,4.159199999999999,1,4.159199999999999,6.0,inf
841,3,0.8911474056460017,0.5256838174747607,-2.3148696101547377,4.159199999999999,1,4.159199999999999,6.0,inf
841,4,0.8911474056460017,0.5256838174747607,-2.3148696101547377,4.159199999999999,1,4.159199999999999,6.0,inf
841,5,0.8911474056460017,0.5256838174747607,-2.3148696101547377,4.159199999999999,1,4.159199999999999,6.0,inf
842,0,-0.3582266884656331,-0.9934185442448096,2.008699019593903,1.386,1,1.386,6.0,inf
842,1,-0.3582266884656331,-0.9934185442448096,2.008699019593903,1.386,1,1.386,6.0,inf
842,2,-0.3582266884656331,-0.9934185442448096,2.008699019593903,1.386,1,1.386,6.0,inf
842,3,-0.3582266884656331,-0.9934185442448096,2.008699019593903,1.386,1,1.386,6.0,inf
842,4,-0.3582266884656331,-0.9934185442448096,2.008699019593903,1.386,1,1.386,6.0,inf
842,5,-0.3582266884656331,-0.9934185442448096,2.008699019593903,1.386,1,1.386,6.0,inf
843,0,-0.17237921450814145,0.6197844238250456,-0.7930160764766697,2.0574,1,2.0574,6.0,inf
843,1,-0.17237921450814145,0.6197844238250456,-0.7930160764766697,2.0574,1,2.0574,6.0,inf
843,2,-0.17237921450814145,0.6197844238250456,-0.7930160764766697,2.0574,1,2.0574,6.0,inf
843,3,-0.17237921450814145,0.6197844238250456,-0.7930160764766697,2.0574,1,2.0574,6.0,inf
843,4,-0.17237921450814145,0.6197844238250456,-0.7930160764766697,2.0574,1,2.0574,6.0,inf
843,5,-0.17237921450814145,0.6197844238250456,-0.7930160764766697,2.0574,1,2.0574,6.0,inf
844,0,1.4277725708685771,-0.13287525525957827,0.7343622697216463,2.0364,1,2.0364,6.0,inf
844,1,1.4277725708685771,-0.13287525525957827,0.7343622697216463,2.0364,1,2.0364,6.0,inf
844,2,1.4277725708685771,-0.13287525525957827,0.7343622697216463,2.0364,1,2.0364,6.0,inf
844,3,1.4277725708685771,-0.13287525525957827,0.7343622697216463,2.0364,1,2.0364,6.0,inf
844,4,1.4277725708685771,-0.13287525525957827,0.7343622697216463,2.0364,1,2.0364,6.0,inf
844,5,1.4277725708685771,-0.13287525525957827,0.7343622697216463,2.0364,1,2.0364,6.0,inf
845,0,0.7831920779846956,-0.8707305904405177,-0.29125596991094227,2.0498999999999996,1,2.0498999999999996,6.0,inf
845,1,0.7831920779846956,-0.8707305904405177,-0.29125596991094227,2.0498999999999996,1,2.0498999999999996,6.0,inf
845,2,0.7831920779846956,-0.8707305904405177,-0.29125596991094227,2.0498999999999996,1,2.0498999999999996,6.0,inf
845,3,0.7831920779846956,-0.8707305904405177,-0.29125596991094227,2.0498999999999996,1,2.0498999999999996,6.0,inf
845,4,0.7831920779846956,-0.8707305904405177,-0.29125596991094227,2.0498999999999996,1,2.0498999999999996,6.0,inf
845,5,0.7831920779846956,-0.8707305904405177,-0.29125596991094227,2.0498999999999996,1,2.0498999999999996,6.0,inf
846,0,-0.8526587070145024,1.9658576118739943,0.39483975231698953,4.126799999999999,1,4.126799999999999,6.0,inf
846,1,-0.8526587070145024,1.9658576118739943,0.39483975231698953,4.126799999999999,1,4.126799999999999,6.0,inf
846,2,-0.8526587070145024,1.9658576118739943,0.39483975231698953,4.126799999999999,1,4.126799999999999,6.0,inf
846,3,-0.8526587070145024,1.9658576118739943,0.39483975231698953,4.126799999999999,1,4.126799999999999,6.0,inf
846,4,-0.8526587070145024,1.9658576118739943,0.39483975231698953,4.126799999999999,1,4.126799999999999,6.0,inf
846,5,-0.8526587070145024,1.9658576118739943,0.39483975231698953,4.126799999999999,1,4.126799999999999,6.0,inf
847,0,-0.5305044294946936,1.224513365640541,-0.20552642887311956,4.1438999999999995,1,4.1438999999999995,6.0,inf
847,1,-0.5305044294946936,1.224513365640541,-0.20552642887311956,4.1438999999999995,1,4.1438999999999995,6.0,inf
847,2,-0.5305044294946936,1.224513365640541,-0.20552642887311956,4.1438999999999995,1,4.1438999999999995,6.0,inf
847,3,-0.5305044294946936,1.224513365640541,-0.20552642887311956,4.1438999999999995,1,4.1438999999999995,6.0,inf
847,4,-0.5305044294946936,1.224513365640541,-0.20552642887311956,4.1438999999999995,1,4.1438999999999995,6.0,inf
847,5,-0.5305044294946936,1.224513365640541,-0.20552642887311956,4.1438999999999995,1,4.1438999999999995,6.0,inf
848,0,0.6290639769131096,-0.6628889262903173,-1.0745428163533586,3.1514999999999995,1,3.1514999999999995,6.0,inf
848,1,0.6290639769131096,-0.6628889262903173,-1.0745428163533586,3.1514999999999995,1,3.1514999999999995,6.0,inf
848,2,0.6290639769131096,-0.6628889262903173,-1.0745428163533586,3.1514999999999995,1,3.1514999999999995,6.0,inf
848,3,0.6290639769131096,-0.6628889262903173,-1.0745428163533586,3.1514999999999995,1,3.1514999999999995,6.0,inf
848,4,0.6290639769131096,-0.6628889262903173,-1.0745428163533586,3.1514999999999995,1,3.1514999999999995,6.0,inf
848,5,0.6290639769131096,-0.6628889262903173,-1.0745428163533586,3.1514999999999995,1,3.1514999999999995,6.0,inf
849,0,-3.118988342491577,-1.8832199809433374,1.019704846782188,0.1989,1,0.1989,6.0,inf
849,1,-3.118988342491577,-1.8832199809433374,1.019704846782188,0.1989,1,0.1989,6.0,inf
849,2,-3.118988342491577,-1.8832199809433374,1.019704846782188,0.1989,1,0.1989,6.0,inf
849,3,-3.118988342491577,-1.8832199809433374,1.019704846782188,0.1989,1,0.1989,6.0,inf
849,4,-3.118988342491577,-1.8832199809433374,1.019704846782188,0.1989,1,0.1989,6.0,inf
849,5,-3.118988342491577,-1.8832199809433374,1.019704846782188,0.1989,1,0.1989,6.0,inf
850,0,1.7421262372281776,1.3418730111979926,1.001965078560681,2.4675,1,2.4675,6.0,inf
850,1,1.7421262372281776,1.3418730111979926,1.001965078560681,2.4675,1,2.4675,6.0,inf
850,2,1.7421262372281776,1.3418730111979926,1.001965078560681,2.4675,1,2.4675,6.0,inf
850,3,1.7421262372281776,1.3418730111979926,1.001965078560681,2.4675,1,2.4675,6.0,inf
850,4,1.7421262372281776,1.3418730111979926,1.001965078560681,2.4675,1,2.4675,6.0,inf
850,5,1.7421262372281776,1.3418730111979926,1.001965078560681,2.4675,1,2.4675,6.0,inf
851,0,0.7669284069615651,-0.12361341422747642,0.8420387613996213,4.7493,1,4.7493,6.0,inf
851,1,0.7669284069615651,-0.12361341422747642,0.8420387613996213,4.7493,1,4.7493,6.0,inf
851,2,0.7669284069615651,-0.12361341422747642,0.8420387613996213,4.7493,1,4.7493,6.0,inf
851,3,0.7669284069615651,-0.12361341422747642,0.8420387613996213,4.7493,1,4.7493,6.0,inf
851,4,0.7669284069615651,-0.12361341422747642,0.8420387613996213,4.7493,1,4.7493,6.0,inf
851,5,0.7669284069615651,-0.12361341422747642,0.8420387613996213,4.7493,1,4.7493,6.0,inf
852,0,0.7887066282932585,-1.4535292244536255,-0.20869945753680594,2.4017999999999997,1,2.4017999999999997,6.0,inf
852,1,0.7887066282932585,-1.4535292244536255,-0.20869945753680594,2.4017999999999997,1,2.4017999999999997,6.0,inf
852,2,0.7887066282932585,-1.4535292244536255,-0.20869945753680594,2.4017999999999997,1,2.4017999999999997,6.0,inf
852,3,0.7887066282932585,-1.4535292244536255,-0.20869945753680594,2.4017999999999997,1,2.4017999999999997,6.0,inf
852,4,0.7887066282932585,-1.4535292244536255,-0.20869945753680594,2.4017999999999997,1,2.4017999999999997,6.0,inf
852,5,0.7887066282932585,-1.4535292244536255,-0.20869945753680594,2.4017999999999997,1,2.4017999999999997,6.0,inf
853,0,0.3002609785822494,-1.2015746588559009,0.3005386841602178,1.6941,1,1.6941,6.0,inf
853,1,0.3002609785822494,-1.2015746588559009,0.3005386841602178,1.6941,1,1.6941,6.0,inf
853,2,0.3002609785822494,-1.2015746588559009,0.3005386841602178,1.6941,1,1.6941,6.0,inf
853,3,0.3002609785822494,-1.2015746588559009,0.3005386841602178,1.6941,1,1.6941,6.0,inf
853,4,0.3002609785822494,-1.2015746588559009,0.3005386841602178,1.6941,1,1.6941,6.0,inf
853,5,0.3002609785822494,-1.2015746588559009,0.3005386841602178,1.6941,1,1.6941,6.0,inf
854,0,-0.009013078940032901,-1.3378959119498433,2.240092270738649,2.0000999999999998,1,2.0000999999999998,6.0,inf
854,1,-0.009013078940032901,-1.3378959119498433,2.240092270738649,2.0000999999999998,1,2.0000999999999998,6.0,inf
854,2,-0.009013078940032901,-1.3378959119498433,2.240092270738649,2.0000999999999998,1,2.0000999999999998,6.0,inf
854,3,-0.009013078940032901,-1.3378959119498433,2.240092270738649,2.0000999999999998,1,2.0000999999999998,6.0,inf
854,4,-0.009013078940032901,-1.3378959119498433,2.240092270738649,2.0000999999999998,1,2.0000999999999998,6.0,inf
854,5,-0.009013078940032901,-1.3378959119498433,2.240092270738649,2.0000999999999998,1,2.0000999999999998,6.0,inf
855,0,-1.0217477079914326,0.5536499409749936,-1.3606864779444705,3.7283999999999997,1,3.7283999999999997,6.0,inf
855,1,-1.0217477079914326,0.5536499409749936,-1.3606864779444705,3.7283999999999997,1,3.7283999999999997,6.0,inf
855,2,-1.0217477079914326,0.5536499409749936,-1.3606864779444705,3.7283999999999997,1,3.7283999999999997,6.0,inf
855,3,-1.0217477079914326,0.5536499409749936,-1.3606864779444705,3.7283999999999997,1,3.7283999999999997,6.0,inf
855,4,-1.0217477079914326,0.5536499409749936,-1.3606864779444705,3.7283999999999997,1,3.7283999999999997,6.0,inf
855,5,-1.0217477079914326,0.5536499409749936,-1.3606864779444705,3.7283999999999997,1,3.7283999999999997,6.0,inf
856,0,-1.3439041981040214,-0.42075031475301133,0.7462676295722298,0.27149999999999996,1,0.27149999999999996,6.0,inf
856,1,-1.3439041981040214,-0.42075031475301133,0.7462676295722298,0.27149999999999996,1,0.27149999999999996,6.0,inf
856,2,-1.3439041981040214,-0.42075031475301133,0.7462676295722298,0.27149999999999996,1,0.27149999999999996,6.0,inf
856,3,-1.3439041981040214,-0.42075031475301133,0.7462676295722298,0.27149999999999996,1,0.27149999999999996,6.0,inf
856,4,-1.3439041981040214,-0.42075031475301133,0.7462676295722298,0.27149999999999996,1,0.27149999999999996,6.0,inf
856,5,-1.3439041981040214,-0.42075031475301133,0.7462676295722298,0.27149999999999996,1,0.27149999999999996,6.0,inf
857,0,0.5288759377988641,-0.9926106810362937,1.233028649011322,1.2758999999999998,1,1.2758999999999998,6.0,inf
857,1,0.5288759377988641,-0.9926106810362937,1.233028649011322,1.2758999999999998,1,1.2758999999999998,6.0,inf
857,2,0.5288759377988641,-0.9926106810362937,1.233028649011322,1.2758999999999998,1,1.2758999999999998,6.0,inf
857,3,0.5288759377988641,-0.9926106810362937,1.233028649011322,1.2758999999999998,1,1.2758999999999998,6.0,inf
857,4,0.5288759377988641,-0.9926106810362937,1.233028649011322,1.2758999999999998,1,1.2758999999999998,6.0,inf
857,5,0.5288759377988641,-0.9926106810362937,1.233028649011322,1.2758999999999998,1,1.2758999999999998,6.0,inf
858,0,0.6091044193042932,-0.17796286874010325,0.6059165011749964,2.6687999999999996,1,2.6687999999999996,6.0,inf
858,1,0.6091044193042932,-0.17796286874010325,0.6059165011749964,2.6687999999999996,1,2.6687999999999996,6.0,inf
858,2,0.6091044193042932,-0.17796286874010325,0.6059165011749964,2.6687999999999996,1,2.6687999999999996,6.0,inf
858,3,0.6091044193042932,-0.17796286874010325,0.6059165011749964,2.6687999999999996,1,2.6687999999999996,6.0,inf
858,4,0.6091044193042932,-0.17796286874010325,0.6059165011749964,2.6687999999999996,1,2.6687999999999996,6.0,inf
858,5,0.6091044193042932,-0.17796286874010325,0.6059165011749964,2.6687999999999996,1,2.6687999999999996,6.0,inf
859,0,0.5801385294978453,-0.30528036857901125,-0.6699508628271067,4.2096,1,4.2096,6.0,inf
859,1,0.5801385294978453,-0.30528036857901125,-0.6699508628271067,4.2096,1,4.2096,6.0,inf
859,2,0.5801385294978453,-0.30528036857901125,-0.6699508628271067,4.2096,1,4.2096,6.0,inf
859,3,0.5801385294978453,-0.30528036857901125,-0.6699508628271067,4.2096,1,4.2096,6.0,inf
859,4,0.5801385294978453,-0.30528036857901125,-0.6699508628271067,4.2096,1,4.2096,6.0,inf
859,5,0.5801385294978453,-0.30528036857901125,-0.6699508628271067,4.2096,1,4.2096,6.0,inf
860,0,0.2822034127538502,0.5930718037247658,-0.14389235577214385,2.784,1,2.784,6.0,inf
860,1,0.2822034127538502,0.5930718037247658,-0.14389235577214385,2.784,1,2.784,6.0,inf
860,2,0.2822034127538502,0.5930718037247658,-0.14389235577214385,2.784,1,2.784,6.0,inf
860,3,0.2822034127538502,0.5930718037247658,-0.14389235577214385,2.784,1,2.784,6.0,inf
860,4,0.2822034127538502,0.5930718037247658,-0.14389235577214385,2.784,1,2.784,6.0,inf
860,5,0.2822034127538502,0.5930718037247658,-0.14389235577214385,2.784,1,2.784,6.0,inf
861,0,1.6709925839597506,0.07150502552731632,-2.0285340993932657,2.4452999999999996,1,2.4452999999999996,6.0,inf
861,1,1.6709925839597506,0.07150502552731632,-2.0285340993932657,2.4452999999999996,1,2.4452999999999996,6.0,inf
861,2,1.6709925839597506,0.07150502552731632,-2.0285340993932657,2.4452999999999996,1,2.4452999999999996,6.0,inf
861,3,1.6709925839597506,0.07150502552731632,-2.0285340993932657,2.4452999999999996,1,2.4452999999999996,6.0,inf
861,4,1.6709925839597506,0.07150502552731632,-2.0285340993932657,2.4452999999999996,1,2.4452999999999996,6.0,inf
861,5,1.6709925839597506,0.07150502552731632,-2.0285340993932657,2.4452999999999996,1,2.4452999999999996,6.0,inf
862,0,0.027870376046963442,2.9164096871038327,-0.02573451624217946,4.184399999999999,1,4.184399999999999,6.0,inf
862,1,0.027870376046963442,2.9164096871038327,-0.02573451624217946,4.184399999999999,1,4.184399999999999,6.0,inf
862,2,0.027870376046963442,2.9164096871038327,-0.02573451624217946,4.184399999999999,1,4.184399999999999,6.0,inf
862,3,0.027870376046963442,2.9164096871038327,-0.02573451624217946,4.184399999999999,1,4.184399999999999,6.0,inf
862,4,0.027870376046963442,2.9164096871038327,-0.02573451624217946,4.184399999999999,1,4.184399999999999,6.0,inf
862,5,0.027870376046963442,2.9164096871038327,-0.02573451624217946,4.184399999999999,1,4.184399999999999,6.0,inf
863,0,-0.24609445599011867,-0.986684047926634,1.0476291744270023,1.1901,1,1.1901,6.0,inf
863,1,-0.24609445599011867,-0.986684047926634,1.0476291744270023,1.1901,1,1.1901,6.0,inf
863,2,-0.24609445599011867,-0.986684047926634,1.0476291744270023,1.1901,1,1.1901,6.0,inf
863,3,-0.24609445599011867,-0.986684047926634,1.0476291744270023,1.1901,1,1.1901,6.0,inf
863,4,-0.24609445599011867,-0.986684047926634,1.0476291744270023,1.1901,1,1.1901,6.0,inf
863,5,-0.24609445599011867,-0.986684047926634,1.0476291744270023,1.1901,1,1.1901,6.0,inf
864,0,1.8334152750827677,0.11450535947136692,-1.4983866201223335,3.0182999999999995,1,3.0182999999999995,6.0,inf
864,1,1.8334152750827677,0.11450535947136692,-1.4983866201223335,3.0182999999999995,1,3.0182999999999995,6.0,inf
864,2,1.8334152750827677,0.11450535947136692,-1.4983866201223335,3.0182999999999995,1,3.0182999999999995,6.0,inf
864,3,1.8334152750827677,0.11450535947136692,-1.4983866201223335,3.0182999999999995,1,3.0182999999999995,6.0,inf
864,4,1.8334152750827677,0.11450535947136692,-1.4983866201223335,3.0182999999999995,1,3.0182999999999995,6.0,inf
864,5,1.8334152750827677,0.11450535947136692,-1.4983866201223335,3.0182999999999995,1,3.0182999999999995,6.0,inf
865,0,-1.642637171509547,-0.541117806338778,0.9318815278121416,1.3928999999999998,1,1.3928999999999998,6.0,inf
865,1,-1.642637171509547,-0.541117806338778,0.9318815278121416,1.3928999999999998,1,1.3928999999999998,6.0,inf
865,2,-1.642637171509547,-0.541117806338778,0.9318815278121416,1.3928999999999998,1,1.3928999999999998,6.0,inf
865,3,-1.642637171509547,-0.541117806338778,0.9318815278121416,1.3928999999999998,1,1.3928999999999998,6.0,inf
865,4,-1.642637171509547,-0.541117806338778,0.9318815278121416,1.3928999999999998,1,1.3928999999999998,6.0,inf
865,5,-1.642637171509547,-0.541117806338778,0.9318815278121416,1.3928999999999998,1,1.3928999999999998,6.0,inf
866,0,-1.908290005217242,-0.878066577461694,0.5488881457374143,0.42419999999999997,1,0.42419999999999997,6.0,inf
866,1,-1.908290005217242,-0.878066577461694,0.5488881457374143,0.42419999999999997,1,0.42419999999999997,6.0,inf
866,2,-1.908290005217242,-0.878066577461694,0.5488881457374143,0.42419999999999997,1,0.42419999999999997,6.0,inf
866,3,-1.908290005217242,-0.878066577461694,0.5488881457374143,0.42419999999999997,1,0.42419999999999997,6.0,inf
866,4,-1.908290005217242,-0.878066577461694,0.5488881457374143,0.42419999999999997,1,0.42419999999999997,6.0,inf
866,5,-1.908290005217242,-0.878066577461694,0.5488881457374143,0.42419999999999997,1,0.42419999999999997,6.0,inf
867,0,-1.8123133157398963,0.684002396119719,-0.9275703598841823,6.0,0,8.0001,6.0,inf
867,1,-1.8123133157398963,0.684002396119719,-0.9275703598841823,6.0,0,8.0001,6.0,inf
867,2,-1.8123133157398963,0.684002396119719,-0.9275703598841823,6.0,0,8.0001,6.0,inf
867,3,-1.8123133157398963,0.684002396119719,-0.9275703598841823,6.0,0,8.0001,6.0,inf
867,4,-1.8123133157398963,0.684002396119719,-0.9275703598841823,6.0,0,8.0001,6.0,inf
867,5,-1.8123133157398963,0.684002396119719,-0.9275703598841823,6.0,0,8.0001,6.0,inf
868,0,0.09166360591140643,1.0090977638319931,1.4126602058998619,2.7659999999999996,1,2.7659999999999996,6.0,inf
868,1,0.09166360591140643,1.0090977638319931,1.4126602058998619,2.7659999999999996,1,2.7659999999999996,6.0,inf
868,2,0.09166360591140643,1.0090977638319931,1.4126602058998619,2.7659999999999996,1,2.7659999999999996,6.0,inf
868,3,0.09166360591140643,1.0090977638319931,1.4126602058998619,2.7659999999999996,1,2.7659999999999996,6.0,inf
868,4,0.09166360591140643,1.0090977638319931,1.4126602058998619,2.7659999999999996,1,2.7659999999999996,6.0,inf
868,5,0.09166360591140643,1.0090977638319931,1.4126602058998619,2.7659999999999996,1,2.7659999999999996,6.0,inf
869,0,-1.7734752162552159,-0.2485394192091623,1.1438963597122802,1.6035,1,1.6035,6.0,inf
869,1,-1.7734752162552159,-0.2485394192091623,1.1438963597122802,1.6035,1,1.6035,6.0,inf
869,2,-1.7734752162552159,-0.2485394192091623,1.1438963597122802,1.6035,1,1.6035,6.0,inf
869,3,-1.7734752162552159,-0.2485394192091623,1.1438963597122802,1.6035,1,1.6035,6.0,inf
869,4,-1.7734752162552159,-0.2485394192091623,1.1438963597122802,1.6035,1,1.6035,6.0,inf
869,5,-1.7734752162552159,-0.2485394192091623,1.1438963597122802,1.6035,1,1.6035,6.0,inf
870,0,-0.2942276957121608,-1.3921367447729056,-1.8826068698811662,0.09179999999999999,1,0.09179999999999999,6.0,inf
870,1,-0.2942276957121608,-1.3921367447729056,-1.8826068698811662,0.09179999999999999,1,0.09179999999999999,6.0,inf
870,2,-0.2942276957121608,-1.3921367447729056,-1.8826068698811662,0.09179999999999999,1,0.09179999999999999,6.0,inf
870,3,-0.2942276957121608,-1.3921367447729056,-1.8826068698811662,0.09179999999999999,1,0.09179999999999999,6.0,inf
870,4,-0.2942276957121608,-1.3921367447729056,-1.8826068698811662,0.09179999999999999,1,0.09179999999999999,6.0,inf
870,5,-0.2942276957121608,-1.3921367447729056,-1.8826068698811662,0.09179999999999999,1,0.09179999999999999,6.0,inf
871,0,-0.0023761508883105593,2.827197790937442,0.9954269969198896,4.4871,1,4.4871,6.0,inf
871,1,-0.0023761508883105593,2.827197790937442,0.9954269969198896,4.4871,1,4.4871,6.0,inf
871,2,-0.0023761508883105593,2.827197790937442,0.9954269969198896,4.4871,1,4.4871,6.0,inf
871,3,-0.0023761508883105593,2.827197790937442,0.9954269969198896,4.4871,1,4.4871,6.0,inf
871,4,-0.0023761508883105593,2.827197790937442,0.9954269969198896,4.4871,1,4.4871,6.0,inf
871,5,-0.0023761508883105593,2.827197790937442,0.9954269969198896,4.4871,1,4.4871,6.0,inf
872,0,-2.1194526351566387,0.11960896147541528,-0.7248830133981957,6.0,0,8.0001,6.0,inf
872,1,-2.1194526351566387,0.11960896147541528,-0.7248830133981957,6.0,0,8.0001,6.0,inf
872,2,-2.1194526351566387,0.11960896147541528,-0.7248830133981957,6.0,0,8.0001,6.0,inf
872,3,-2.1194526351566387,0.11960896147541528,-0.7248830133981957,6.0,0,8.0001,6.0,inf
872,4,-2.1194526351566387,0.11960896147541528,-0.7248830133981957,6.0,0,8.0001,6.0,inf
872,5,-2.1194526351566387,0.11960896147541528,-0.7248830133981957,6.0,0,8.0001,6.0,inf
873,0,1.1966900547812689,0.06997768518039016,-0.347463366325949,1.1802,1,1.1802,6.0,inf
873,1,1.1966900547812689,0.06997768518039016,-0.347463366325949,1.1802,1,1.1802,6.0,inf
873,2,1.1966900547812689,0.06997768518039016,-0.347463366325949,1.1802,1,1.1802,6.0,inf
873,3,1.1966900547812689,0.06997768518039016,-0.347463366325949,1.1802,1,1.1802,6.0,inf
873,4,1.1966900547812689,0.06997768518039016,-0.347463366325949,1.1802,1,1.1802,6.0,inf
873,5,1.1966900547812689,0.06997768518039016,-0.347463366325949,1.1802,1,1.1802,6.0,inf
874,0,-0.5609900851880899,-2.1121511359653775,0.8907552331106255,1.113,1,1.113,6.0,inf
874,1,-0.5609900851880899,-2.1121511359653775,0.8907552331106255,1.113,1,1.113,6.0,inf
874,2,-0.5609900851880899,-2.1121511359653775,0.8907552331106255,1.113,1,1.113,6.0,inf
874,3,-0.5609900851880899,-2.1121511359653775,0.8907552331106255,1.113,1,1.113,6.0,inf
874,4,-0.5609900851880899,-2.1121511359653775,0.8907552331106255,1.113,1,1.113,6.0,inf
874,5,-0.5609900851880899,-2.1121511359653775,0.8907552331106255,1.113,1,1.113,6.0,inf
875,0,0.39353669256932144,-0.27849158972733673,-1.4107197851530886,3.1908,1,3.1908,6.0,inf
875,1,0.39353669256932144,-0.27849158972733673,-1.4107197851530886,3.1908,1,3.1908,6.0,inf
875,2,0.39353669256932144,-0.27849158972733673,-1.4107197851530886,3.1908,1,3.1908,6.0,inf
875,3,0.39353669256932144,-0.27849158972733673,-1.4107197851530886,3.1908,1,3.1908,6.0,inf
875,4,0.39353669256932144,-0.27849158972733673,-1.4107197851530886,3.1908,1,3.1908,6.0,inf
875,5,0.39353669256932144,-0.27849158972733673,-1.4107197851530886,3.1908,1,3.1908,6.0,inf
876,0,-0.8590492907026926,0.6331908295869545,-1.1763147377687517,4.775099999999999,1,4.775099999999999,6.0,inf
876,1,-0.8590492907026926,0.6331908295869545,-1.1763147377687517,4.775099999999999,1,4.775099999999999,6.0,inf
876,2,-0.8590492907026926,0.6331908295869545,-1.1763147377687517,4.775099999999999,1,4.775099999999999,6.0,inf
876,3,-0.8590492907026926,0.6331908295869545,-1.1763147377687517,4.775099999999999,1,4.775099999999999,6.0,inf
876,4,-0.8590492907026926,0.6331908295869545,-1.1763147377687517,4.775099999999999,1,4.775099999999999,6.0,inf
876,5,-0.8590492907026926,0.6331908295869545,-1.1763147377687517,4.775099999999999,1,4.775099999999999,6.0,inf
877,0,-0.8457440616606855,-1.651231772779683,-1.5715690085297618,3.3737999999999997,1,3.3737999999999997,6.0,inf
877,1,-0.8457440616606855,-1.651231772779683,-1.5715690085297618,3.3737999999999997,1,3.3737999999999997,6.0,inf
877,2,-0.8457440616606855,-1.651231772779683,-1.5715690085297618,3.3737999999999997,1,3.3737999999999997,6.0,inf
877,3,-0.8457440616606855,-1.651231772779683,-1.5715690085297618,3.3737999999999997,1,3.3737999999999997,6.0,inf
877,4,-0.8457440616606855,-1.651231772779683,-1.5715690085297618,3.3737999999999997,1,3.3737999999999997,6.0,inf
877,5,-0.8457440616606855,-1.651231772779683,-1.5715690085297618,3.3737999999999997,1,3.3737999999999997,6.0,inf
878,0,-0.3336946382219904,-1.1774404547122894,0.37143637356808074,1.422,1,1.422,6.0,inf
878,1,-0.3336946382219904,-1.1774404547122894,0.37143637356808074,1.422,1,1.422,6.0,inf
878,2,-0.3336946382219904,-1.1774404547122894,0.37143637356808074,1.422,1,1.422,6.0,inf
878,3,-0.3336946382219904,-1.1774404547122894,0.37143637356808074,1.422,1,1.422,6.0,inf
878,4,-0.3336946382219904,-1.1774404547122894,0.37143637356808074,1.422,1,1.422,6.0,inf
878,5,-0.3336946382219904,-1.1774404547122894,0.37143637356808074,1.422,1,1.422,6.0,inf
879,0,-0.6926064544160235,0.6985138293155843,0.8531334174494858,1.8707999999999998,1,1.8707999999999998,6.0,inf
879,1,-0.6926064544160235,0.6985138293155843,0.8531334174494858,1.8707999999999998,1,1.8707999999999998,6.0,inf
879,2,-0.6926064544160235,0.6985138293155843,0.8531334174494858,1.8707999999999998,1,1.8707999999999998,6.0,inf
879,3,-0.6926064544160235,0.6985138293155843,0.8531334174494858,1.8707999999999998,1,1.8707999999999998,6.0,inf
879,4,-0.6926064544160235,0.6985138293155843,0.8531334174494858,1.8707999999999998,1,1.8707999999999998,6.0,inf
879,5,-0.6926064544160235,0.6985138293155843,0.8531334174494858,1.8707999999999998,1,1.8707999999999998,6.0,inf
880,0,-1.6269053656006256,-0.7203069729718437,2.6270645814190123,1.0877999999999999,1,1.0877999999999999,6.0,inf
880,1,-1.6269053656006256,-0.7203069729718437,2.6270645814190123,1.0877999999999999,1,1.0877999999999999,6.0,inf
880,2,-1.6269053656006256,-0.7203069729718437,2.6270645814190123,1.0877999999999999,1,1.0877999999999999,6.0,inf
880,3,-1.6269053656006256,-0.7203069729718437,2.6270645814190123,1.0877999999999999,1,1.0877999999999999,6.0,inf
880,4,-1.6269053656006256,-0.7203069729718437,2.6270645814190123,1.0877999999999999,1,1.0877999999999999,6.0,inf
880,5,-1.6269053656006256,-0.7203069729718437,2.6270645814190123,1.0877999999999999,1,1.0877999999999999,6.0,inf
881,0,0.2381305435361795,-0.26666004364939055,1.7120369786608889,1.6152,1,1.6152,6.0,inf
881,1,0.2381305435361795,-0.26666004364939055,1.7120369786608889,1.6152,1,1.6152,6.0,inf
881,2,0.2381305435361795,-0.26666004364939055,1.7120369786608889,1.6152,1,1.6152,6.0,inf
881,3,0.2381305435361795,-0.26666004364939055,1.7120369786608889,1.6152,1,1.6152,6.0,inf
881,4,0.2381305435361795,-0.26666004364939055,1.7120369786608889,1.6152,1,1.6152,6.0,inf
881,5,0.2381305435361795,-0.26666004364939055,1.7120369786608889,1.6152,1,1.6152,6.0,inf
882,0,0.4833474143669333,0.20459618755416764,-1.347175060019808,3.7259999999999995,1,3.7259999999999995,6.0,inf
882,1,0.4833474143669333,0.20459618755416764,-1.347175060019808,3.7259999999999995,1,3.7259999999999995,6.0,inf
882,2,0.4833474143669333,0.20459618755416764,-1.347175060019808,3.7259999999999995,1,3.7259999999999995,6.0,inf
882,3,0.4833474143669333,0.20459618755416764,-1.347175060019808,3.7259999999999995,1,3.7259999999999995,6.0,inf
882,4,0.4833474143669333,0.20459618755416764,-1.347175060019808,3.7259999999999995,1,3.7259999999999995,6.0,inf
882,5,0.4833474143669333,0.20459618755416764,-1.347175060019808,3.7259999999999995,1,3.7259999999999995,6.0,inf
883,0,-0.5743520356107917,1.7632650567745183,0.8339291970886121,1.3377,1,1.3377,6.0,inf
883,1,-0.5743520356107917,1.7632650567745183,0.8339291970886121,1.3377,1,1.3377,6.0,inf
883,2,-0.5743520356107917,1.7632650567745183,0.8339291970886121,1.3377,1,1.3377,6.0,inf
883,3,-0.5743520356107917,1.7632650567745183,0.8339291970886121,1.3377,1,1.3377,6.0,inf
883,4,-0.5743520356107917,1.7632650567745183,0.8339291970886121,1.3377,1,1.3377,6.0,inf
883,5,-0.5743520356107917,1.7632650567745183,0.8339291970886121,1.3377,1,1.3377,6.0,inf
884,0,-2.373660682061514,-1.3731424929376044,-0.28772721161932846,0.29069999999999996,1,0.29069999999999996,6.0,inf
884,1,-2.373660682061514,-1.3731424929376044,-0.28772721161932846,0.29069999999999996,1,0.29069999999999996,6.0,inf
884,2,-2.373660682061514,-1.3731424929376044,-0.28772721161932846,0.29069999999999996,1,0.29069999999999996,6.0,inf
884,3,-2.373660682061514,-1.3731424929376044,-0.28772721161932846,0.29069999999999996,1,0.29069999999999996,6.0,inf
884,4,-2.373660682061514,-1.3731424929376044,-0.28772721161932846,0.29069999999999996,1,0.29069999999999996,6.0,inf
884,5,-2.373660682061514,-1.3731424929376044,-0.28772721161932846,0.29069999999999996,1,0.29069999999999996,6.0,inf
885,0,0.14717452810600562,0.11507000049863729,-1.3414853436177778,3.0725999999999996,1,3.0725999999999996,6.0,inf
885,1,0.14717452810600562,0.11507000049863729,-1.3414853436177778,3.0725999999999996,1,3.0725999999999996,6.0,inf
885,2,0.14717452810600562,0.11507000049863729,-1.3414853436177778,3.0725999999999996,1,3.0725999999999996,6.0,inf
885,3,0.14717452810600562,0.11507000049863729,-1.3414853436177778,3.0725999999999996,1,3.0725999999999996,6.0,inf
885,4,0.14717452810600562,0.11507000049863729,-1.3414853436177778,3.0725999999999996,1,3.0725999999999996,6.0,inf
885,5,0.14717452810600562,0.11507000049863729,-1.3414853436177778,3.0725999999999996,1,3.0725999999999996,6.0,inf
886,0,0.3456730423508962,-1.6031321966082976,0.7545155136859225,0.8909999999999999,1,0.8909999999999999,6.0,inf
886,1,0.3456730423508962,-1.6031321966082976,0.7545155136859225,0.8909999999999999,1,0.8909999999999999,6.0,inf
886,2,0.3456730423508962,-1.6031321966082976,0.7545155136859225,0.8909999999999999,1,0.8909999999999999,6.0,inf
886,3,0.3456730423508962,-1.6031321966082976,0.7545155136859225,0.8909999999999999,1,0.8909999999999999,6.0,inf
886,4,0.3456730423508962,-1.6031321966082976,0.7545155136859225,0.8909999999999999,1,0.8909999999999999,6.0,inf
886,5,0.3456730423508962,-1.6031321966082976,0.7545155136859225,0.8909999999999999,1,0.8909999999999999,6.0,inf
887,0,-0.41409988572989526,-0.5650446645982728,0.08988345687274282,0.45359999999999995,1,0.45359999999999995,6.0,inf
887,1,-0.41409988572989526,-0.5650446645982728,0.08988345687274282,0.45359999999999995,1,0.45359999999999995,6.0,inf
887,2,-0.41409988572989526,-0.5650446645982728,0.08988345687274282,0.45359999999999995,1,0.45359999999999995,6.0,inf
887,3,-0.41409988572989526,-0.5650446645982728,0.08988345687274282,0.45359999999999995,1,0.45359999999999995,6.0,inf
887,4,-0.41409988572989526,-0.5650446645982728,0.08988345687274282,0.45359999999999995,1,0.45359999999999995,6.0,inf
887,5,-0.41409988572989526,-0.5650446645982728,0.08988345687274282,0.45359999999999995,1,0.45359999999999995,6.0,inf
888,0,-0.2707570458961348,0.3547135261534006,-1.2078603355954263,4.913099999999999,1,4.913099999999999,6.0,inf
888,1,-0.2707570458961348,0.3547135261534006,-1.2078603355954263,4.913099999999999,1,4.913099999999999,6.0,inf
888,2,-0.2707570458961348,0.3547135261534006,-1.2078603355954263,4.913099999999999,1,4.913099999999999,6.0,inf
888,3,-0.2707570458961348,0.3547135261534006,-1.2078603355954263,4.913099999999999,1,4.913099999999999,6.0,inf
888,4,-0.2707570458961348,0.3547135261534006,-1.2078603355954263,4.913099999999999,1,4.913099999999999,6.0,inf
888,5,-0.2707570458961348,0.3547135261534006,-1.2078603355954263,4.913099999999999,1,4.913099999999999,6.0,inf
889,0,1.1155133110332647,-1.536978910389538,0.2223499758379977,2.2836,1,2.2836,6.0,inf
889,1,1.1155133110332647,-1.536978910389538,0.2223499758379977,2.2836,1,2.2836,6.0,inf
889,2,1.1155133110332647,-1.536978910389538,0.2223499758379977,2.2836,1,2.2836,6.0,inf
889,3,1.1155133110332647,-1.536978910389538,0.2223499758379977,2.2836,1,2.2836,6.0,inf
889,4,1.1155133110332647,-1.536978910389538,0.2223499758379977,2.2836,1,2.2836,6.0,inf
889,5,1.1155133110332647,-1.536978910389538,0.2223499758379977,2.2836,1,2.2836,6.0,inf
890,0,0.7423617679111604,-0.008264158618431132,-0.28275071240482474,3.4340999999999995,1,3.4340999999999995,6.0,inf
890,1,0.7423617679111604,-0.008264158618431132,-0.28275071240482474,3.4340999999999995,1,3.4340999999999995,6.0,inf
890,2,0.7423617679111604,-0.008264158618431132,-0.28275071240482474,3.4340999999999995,1,3.4340999999999995,6.0,inf
890,3,0.7423617679111604,-0.008264158618431132,-0.28275071240482474,3.4340999999999995,1,3.4340999999999995,6.0,inf
890,4,0.7423617679111604,-0.008264158618431132,-0.28275071240482474,3.4340999999999995,1,3.4340999999999995,6.0,inf
890,5,0.7423617679111604,-0.008264158618431132,-0.28275071240482474,3.4340999999999995,1,3.4340999999999995,6.0,inf
891,0,-0.5318409517461353,-0.41357962495723405,0.3134247827940615,1.4115,1,1.4115,6.0,inf
891,1,-0.5318409517461353,-0.41357962495723405,0.3134247827940615,1.4115,1,1.4115,6.0,inf
891,2,-0.5318409517461353,-0.41357962495723405,0.3134247827940615,1.4115,1,1.4115,6.0,inf
891,3,-0.5318409517461353,-0.41357962495723405,0.3134247827940615,1.4115,1,1.4115,6.0,inf
891,4,-0.5318409517461353,-0.41357962495723405,0.3134247827940615,1.4115,1,1.4115,6.0,inf
891,5,-0.5318409517461353,-0.41357962495723405,0.3134247827940615,1.4115,1,1.4115,6.0,inf
892,0,0.024109132015265298,-0.3639814869765816,-0.47835376789217393,5.0649,1,5.0649,6.0,inf
892,1,0.024109132015265298,-0.3639814869765816,-0.47835376789217393,5.0649,1,5.0649,6.0,inf
892,2,0.024109132015265298,-0.3639814869765816,-0.47835376789217393,5.0649,1,5.0649,6.0,inf
892,3,0.024109132015265298,-0.3639814869765816,-0.47835376789217393,5.0649,1,5.0649,6.0,inf
892,4,0.024109132015265298,-0.3639814869765816,-0.47835376789217393,5.0649,1,5.0649,6.0,inf
892,5,0.024109132015265298,-0.3639814869765816,-0.47835376789217393,5.0649,1,5.0649,6.0,inf
893,0,-0.42181133170085117,1.2051986809297073,0.5622286818795049,1.7448,1,1.7448,6.0,inf
893,1,-0.42181133170085117,1.2051986809297073,0.5622286818795049,1.7448,1,1.7448,6.0,inf
893,2,-0.42181133170085117,1.2051986809297073,0.5622286818795049,1.7448,1,1.7448,6.0,inf
893,3,-0.42181133170085117,1.2051986809297073,0.5622286818795049,1.7448,1,1.7448,6.0,inf
893,4,-0.42181133170085117,1.2051986809297073,0.5622286818795049,1.7448,1,1.7448,6.0,inf
893,5,-0.42181133170085117,1.2051986809297073,0.5622286818795049,1.7448,1,1.7448,6.0,inf
894,0,0.942221296006807,-0.18098911373175725,0.09585570356273154,3.9170999999999996,1,3.9170999999999996,6.0,inf
894,1,0.942221296006807,-0.18098911373175725,0.09585570356273154,3.9170999999999996,1,3.9170999999999996,6.0,inf
894,2,0.942221296006807,-0.18098911373175725,0.09585570356273154,3.9170999999999996,1,3.9170999999999996,6.0,inf
894,3,0.942221296006807,-0.18098911373175725,0.09585570356273154,3.9170999999999996,1,3.9170999999999996,6.0,inf
894,4,0.942221296006807,-0.18098911373175725,0.09585570356273154,3.9170999999999996,1,3.9170999999999996,6.0,inf
894,5,0.942221296006807,-0.18098911373175725,0.09585570356273154,3.9170999999999996,1,3.9170999999999996,6.0,inf
895,0,-1.3802159731374524,-0.29500614148054877,-0.07051877311573207,6.0,0,8.0001,6.0,inf
895,1,-1.3802159731374524,-0.29500614148054877,-0.07051877311573207,6.0,0,8.0001,6.0,inf
895,2,-1.3802159731374524,-0.29500614148054877,-0.07051877311573207,6.0,0,8.0001,6.0,inf
895,3,-1.3802159731374524,-0.29500614148054877,-0.07051877311573207,6.0,0,8.0001,6.0,inf
895,4,-1.3802159731374524,-0.29500614148054877,-0.07051877311573207,6.0,0,8.0001,6.0,inf
895,5,-1.3802159731374524,-0.29500614148054877,-0.07051877311573207,6.0,0,8.0001,6.0,inf
896,0,1.4851494301810988,-1.1082516351221319,-0.7293127997920572,0.2496,1,0.2496,6.0,inf
896,1,1.4851494301810988,-1.1082516351221319,-0.7293127997920572,0.2496,1,0.2496,6.0,inf
896,2,1.4851494301810988,-1.1082516351221319,-0.7293127997920572,0.2496,1,0.2496,6.0,inf
896,3,1.4851494301810988,-1.1082516351221319,-0.7293127997920572,0.2496,1,0.2496,6.0,inf
896,4,1.4851494301810988,-1.1082516351221319,-0.7293127997920572,0.2496,1,0.2496,6.0,inf
896,5,1.4851494301810988,-1.1082516351221319,-0.7293127997920572,0.2496,1,0.2496,6.0,inf
897,0,-0.6634439810366813,-1.0883490955533939,0.43224526251372575,1.5800999999999998,1,1.5800999999999998,6.0,inf
897,1,-0.6634439810366813,-1.0883490955533939,0.43224526251372575,1.5800999999999998,1,1.5800999999999998,6.0,inf
897,2,-0.6634439810366813,-1.0883490955533939,0.43224526251372575,1.5800999999999998,1,1.5800999999999998,6.0,inf
897,3,-0.6634439810366813,-1.0883490955533939,0.43224526251372575,1.5800999999999998,1,1.5800999999999998,6.0,inf
897,4,-0.6634439810366813,-1.0883490955533939,0.43224526251372575,1.5800999999999998,1,1.5800999999999998,6.0,inf
897,5,-0.6634439810366813,-1.0883490955533939,0.43224526251372575,1.5800999999999998,1,1.5800999999999998,6.0,inf
898,0,0.6477193800498778,0.2556426268821022,-0.6039780935620126,2.6351999999999998,1,2.6351999999999998,6.0,inf
898,1,0.6477193800498778,0.2556426268821022,-0.6039780935620126,2.6351999999999998,1,2.6351999999999998,6.0,inf
898,2,0.6477193800498778,0.2556426268821022,-0.6039780935620126,2.6351999999999998,1,2.6351999999999998,6.0,inf
898,3,0.6477193800498778,0.2556426268821022,-0.6039780935620126,2.6351999999999998,1,2.6351999999999998,6.0,inf
898,4,0.6477193800498778,0.2556426268821022,-0.6039780935620126,2.6351999999999998,1,2.6351999999999998,6.0,inf
898,5,0.6477193800498778,0.2556426268821022,-0.6039780935620126,2.6351999999999998,1,2.6351999999999998,6.0,inf
899,0,-1.064209590924081,1.2914717138314287,-1.2083080459775104,4.6091999999999995,1,4.6091999999999995,6.0,inf
899,1,-1.064209590924081,1.2914717138314287,-1.2083080459775104,4.6091999999999995,1,4.6091999999999995,6.0,inf
899,2,-1.064209590924081,1.2914717138314287,-1.2083080459775104,4.6091999999999995,1,4.6091999999999995,6.0,inf
899,3,-1.064209590924081,1.2914717138314287,-1.2083080459775104,4.6091999999999995,1,4.6091999999999995,6.0,inf
899,4,-1.064209590924081,1.2914717138314287,-1.2083080459775104,4.6091999999999995,1,4.6091999999999995,6.0,inf
899,5,-1.064209590924081,1.2914717138314287,-1.2083080459775104,4.6091999999999995,1,4.6091999999999995,6.0,inf
900,0,1.734283651358399,-0.3538638216396202,-0.22375875651924987,2.034,1,2.034,6.0,inf
900,1,1.734283651358399,-0.3538638216396202,-0.22375875651924987,2.034,1,2.034,6.0,inf
900,2,1.734283651358399,-0.3538638216396202,-0.22375875651924987,2.034,1,2.034,6.0,inf
900,3,1.734283651358399,-0.3538638216396202,-0.22375875651924987,2.034,1,2.034,6.0,inf
900,4,1.734283651358399,-0.3538638216396202,-0.22375875651924987,2.034,1,2.034,6.0,inf
900,5,1.734283651358399,-0.3538638216396202,-0.22375875651924987,2.034,1,2.034,6.0,inf
901,0,-1.1727455214487341,0.3913624092260531,-1.2201837474540005,0.37049999999999994,1,0.37049999999999994,6.0,inf
901,1,-1.1727455214487341,0.3913624092260531,-1.2201837474540005,0.37049999999999994,1,0.37049999999999994,6.0,inf
901,2,-1.1727455214487341,0.3913624092260531,-1.2201837474540005,0.37049999999999994,1,0.37049999999999994,6.0,inf
901,3,-1.1727455214487341,0.3913624092260531,-1.2201837474540005,0.37049999999999994,1,0.37049999999999994,6.0,inf
901,4,-1.1727455214487341,0.3913624092260531,-1.2201837474540005,0.37049999999999994,1,0.37049999999999994,6.0,inf
901,5,-1.1727455214487341,0.3913624092260531,-1.2201837474540005,0.37049999999999994,1,0.37049999999999994,6.0,inf
902,0,1.3637404795834134,0.7118857666660396,0.22174013437145684,2.2904999999999998,1,2.2904999999999998,6.0,inf
902,1,1.3637404795834134,0.7118857666660396,0.22174013437145684,2.2904999999999998,1,2.2904999999999998,6.0,inf
902,2,1.3637404795834134,0.7118857666660396,0.22174013437145684,2.2904999999999998,1,2.2904999999999998,6.0,inf
902,3,1.3637404795834134,0.7118857666660396,0.22174013437145684,2.2904999999999998,1,2.2904999999999998,6.0,inf
902,4,1.3637404795834134,0.7118857666660396,0.22174013437145684,2.2904999999999998,1,2.2904999999999998,6.0,inf
902,5,1.3637404795834134,0.7118857666660396,0.22174013437145684,2.2904999999999998,1,2.2904999999999998,6.0,inf
903,0,-0.49563259967248274,-1.6590282456072767,0.5771652549050152,1.3776,1,1.3776,6.0,inf
903,1,-0.49563259967248274,-1.6590282456072767,0.5771652549050152,1.3776,1,1.3776,6.0,inf
903,2,-0.49563259967248274,-1.6590282456072767,0.5771652549050152,1.3776,1,1.3776,6.0,inf
903,3,-0.49563259967248274,-1.6590282456072767,0.5771652549050152,1.3776,1,1.3776,6.0,inf
903,4,-0.49563259967248274,-1.6590282456072767,0.5771652549050152,1.3776,1,1.3776,6.0,inf
903,5,-0.49563259967248274,-1.6590282456072767,0.5771652549050152,1.3776,1,1.3776,6.0,inf
904,0,-1.274387864660039,0.6308698994475997,0.6454487766866509,6.0,0,8.0001,6.0,inf
904,1,-1.274387864660039,0.6308698994475997,0.6454487766866509,6.0,0,8.0001,6.0,inf
904,2,-1.274387864660039,0.6308698994475997,0.6454487766866509,6.0,0,8.0001,6.0,inf
904,3,-1.274387864660039,0.6308698994475997,0.6454487766866509,6.0,0,8.0001,6.0,inf
904,4,-1.274387864660039,0.6308698994475997,0.6454487766866509,6.0,0,8.0001,6.0,inf
904,5,-1.274387864660039,0.6308698994475997,0.6454487766866509,6.0,0,8.0001,6.0,inf
905,0,-0.0014745179046675998,-0.8553615780987622,0.40281038495530774,1.1966999999999999,1,1.1966999999999999,6.0,inf
905,1,-0.0014745179046675998,-0.8553615780987622,0.40281038495530774,1.1966999999999999,1,1.1966999999999999,6.0,inf
905,2,-0.0014745179046675998,-0.8553615780987622,0.40281038495530774,1.1966999999999999,1,1.1966999999999999,6.0,inf
905,3,-0.0014745179046675998,-0.8553615780987622,0.40281038495530774,1.1966999999999999,1,1.1966999999999999,6.0,inf
905,4,-0.0014745179046675998,-0.8553615780987622,0.40281038495530774,1.1966999999999999,1,1.1966999999999999,6.0,inf
905,5,-0.0014745179046675998,-0.8553615780987622,0.40281038495530774,1.1966999999999999,1,1.1966999999999999,6.0,inf
906,0,0.017783310520121134,-1.1152419177929391,1.9621596090716797,1.2275999999999998,1,1.2275999999999998,6.0,inf
906,1,0.017783310520121134,-1.1152419177929391,1.9621596090716797,1.2275999999999998,1,1.2275999999999998,6.0,inf
906,2,0.017783310520121134,-1.1152419177929391,1.9621596090716797,1.2275999999999998,1,1.2275999999999998,6.0,inf
906,3,0.017783310520121134,-1.1152419177929391,1.9621596090716797,1.2275999999999998,1,1.2275999999999998,6.0,inf
906,4,0.017783310520121134,-1.1152419177929391,1.9621596090716797,1.2275999999999998,1,1.2275999999999998,6.0,inf
906,5,0.017783310520121134,-1.1152419177929391,1.9621596090716797,1.2275999999999998,1,1.2275999999999998,6.0,inf
907,0,-0.9534857573320182,1.5460821815945531,1.6535524909091066,0.6830999999999999,1,0.6830999999999999,6.0,inf
907,1,-0.9534857573320182,1.5460821815945531,1.6535524909091066,0.6830999999999999,1,0.6830999999999999,6.0,inf
907,2,-0.9534857573320182,1.5460821815945531,1.6535524909091066,0.6830999999999999,1,0.6830999999999999,6.0,inf
907,3,-0.9534857573320182,1.5460821815945531,1.6535524909091066,0.6830999999999999,1,0.6830999999999999,6.0,inf
907,4,-0.9534857573320182,1.5460821815945531,1.6535524909091066,0.6830999999999999,1,0.6830999999999999,6.0,inf
907,5,-0.9534857573320182,1.5460821815945531,1.6535524909091066,0.6830999999999999,1,0.6830999999999999,6.0,inf
908,0,-1.1976825928147,1.333917282816866,-0.7707782531820955,4.3248,1,4.3248,6.0,inf
908,1,-1.1976825928147,1.333917282816866,-0.7707782531820955,4.3248,1,4.3248,6.0,inf
908,2,-1.1976825928147,1.333917282816866,-0.7707782531820955,4.3248,1,4.3248,6.0,inf
908,3,-1.1976825928147,1.333917282816866,-0.7707782531820955,4.3248,1,4.3248,6.0,inf
908,4,-1.1976825928147,1.333917282816866,-0.7707782531820955,4.3248,1,4.3248,6.0,inf
908,5,-1.1976825928147,1.333917282816866,-0.7707782531820955,4.3248,1,4.3248,6.0,inf
909,0,1.4604300822740406,-0.07464441585909717,-0.36401979718345845,2.1113999999999997,1,2.1113999999999997,6.0,inf
909,1,1.4604300822740406,-0.07464441585909717,-0.36401979718345845,2.1113999999999997,1,2.1113999999999997,6.0,inf
909,2,1.4604300822740406,-0.07464441585909717,-0.36401979718345845,2.1113999999999997,1,2.1113999999999997,6.0,inf
909,3,1.4604300822740406,-0.07464441585909717,-0.36401979718345845,2.1113999999999997,1,2.1113999999999997,6.0,inf
909,4,1.4604300822740406,-0.07464441585909717,-0.36401979718345845,2.1113999999999997,1,2.1113999999999997,6.0,inf
909,5,1.4604300822740406,-0.07464441585909717,-0.36401979718345845,2.1113999999999997,1,2.1113999999999997,6.0,inf
910,0,0.31145541833130386,-1.2161045943735684,-2.080218087365098,0.9260999999999999,1,0.9260999999999999,6.0,inf
910,1,0.31145541833130386,-1.2161045943735684,-2.080218087365098,0.9260999999999999,1,0.9260999999999999,6.0,inf
910,2,0.31145541833130386,-1.2161045943735684,-2.080218087365098,0.9260999999999999,1,0.9260999999999999,6.0,inf
910,3,0.31145541833130386,-1.2161045943735684,-2.080218087365098,0.9260999999999999,1,0.9260999999999999,6.0,inf
910,4,0.31145541833130386,-1.2161045943735684,-2.080218087365098,0.9260999999999999,1,0.9260999999999999,6.0,inf
910,5,0.31145541833130386,-1.2161045943735684,-2.080218087365098,0.9260999999999999,1,0.9260999999999999,6.0,inf
911,0,-0.5040834252974817,-0.13452869187206276,0.6808984425530312,1.5683999999999998,1,1.5683999999999998,6.0,inf
911,1,-0.5040834252974817,-0.13452869187206276,0.6808984425530312,1.5683999999999998,1,1.5683999999999998,6.0,inf
911,2,-0.5040834252974817,-0.13452869187206276,0.6808984425530312,1.5683999999999998,1,1.5683999999999998,6.0,inf
911,3,-0.5040834252974817,-0.13452869187206276,0.6808984425530312,1.5683999999999998,1,1.5683999999999998,6.0,inf
911,4,-0.5040834252974817,-0.13452869187206276,0.6808984425530312,1.5683999999999998,1,1.5683999999999998,6.0,inf
911,5,-0.5040834252974817,-0.13452869187206276,0.6808984425530312,1.5683999999999998,1,1.5683999999999998,6.0,inf
912,0,-0.320209262211138,0.3942394627910722,0.5952599433781179,2.7620999999999998,1,2.7620999999999998,6.0,inf
912,1,-0.320209262211138,0.3942394627910722,0.5952599433781179,2.7620999999999998,1,2.7620999999999998,6.0,inf
912,2,-0.320209262211138,0.3942394627910722,0.5952599433781179,2.7620999999999998,1,2.7620999999999998,6.0,inf
912,3,-0.320209262211138,0.3942394627910722,0.5952599433781179,2.7620999999999998,1,2.7620999999999998,6.0,inf
912,4,-0.320209262211138,0.3942394627910722,0.5952599433781179,2.7620999999999998,1,2.7620999999999998,6.0,inf
912,5,-0.320209262211138,0.3942394627910722,0.5952599433781179,2.7620999999999998,1,2.7620999999999998,6.0,inf
913,0,-0.9956483729142285,1.2174371223403113,0.03532179902661613,4.745399999999999,1,4.745399999999999,6.0,inf
913,1,-0.9956483729142285,1.2174371223403113,0.03532179902661613,4.745399999999999,1,4.745399999999999,6.0,inf
913,2,-0.9956483729142285,1.2174371223403113,0.03532179902661613,4.745399999999999,1,4.745399999999999,6.0,inf
913,3,-0.9956483729142285,1.2174371223403113,0.03532179902661613,4.745399999999999,1,4.745399999999999,6.0,inf
913,4,-0.9956483729142285,1.2174371223403113,0.03532179902661613,4.745399999999999,1,4.745399999999999,6.0,inf
913,5,-0.9956483729142285,1.2174371223403113,0.03532179902661613,4.745399999999999,1,4.745399999999999,6.0,inf
914,0,-1.4188468766168327,-0.17553175690815112,1.3071499601253556,1.0833,1,1.0833,6.0,inf
914,1,-1.4188468766168327,-0.17553175690815112,1.3071499601253556,1.0833,1,1.0833,6.0,inf
914,2,-1.4188468766168327,-0.17553175690815112,1.3071499601253556,1.0833,1,1.0833,6.0,inf
914,3,-1.4188468766168327,-0.17553175690815112,1.3071499601253556,1.0833,1,1.0833,6.0,inf
914,4,-1.4188468766168327,-0.17553175690815112,1.3071499601253556,1.0833,1,1.0833,6.0,inf
914,5,-1.4188468766168327,-0.17553175690815112,1.3071499601253556,1.0833,1,1.0833,6.0,inf
915,0,-1.611128644635906,0.62584007918482,0.567170437727848,6.0,0,7.3073999999999995,6.0,inf
915,1,-1.611128644635906,0.62584007918482,0.567170437727848,6.0,0,7.3073999999999995,6.0,inf
915,2,-1.611128644635906,0.62584007918482,0.567170437727848,6.0,0,7.3073999999999995,6.0,inf
915,3,-1.611128644635906,0.62584007918482,0.567170437727848,6.0,0,7.3073999999999995,6.0,inf
915,4,-1.611128644635906,0.62584007918482,0.567170437727848,6.0,0,7.3073999999999995,6.0,inf
915,5,-1.611128644635906,0.62584007918482,0.567170437727848,6.0,0,7.3073999999999995,6.0,inf
916,0,-0.028644960024306287,0.275564764043528,0.2565864899653516,4.5893999999999995,1,4.5893999999999995,6.0,inf
916,1,-0.028644960024306287,0.275564764043528,0.2565864899653516,4.5893999999999995,1,4.5893999999999995,6.0,inf
916,2,-0.028644960024306287,0.275564764043528,0.2565864899653516,4.5893999999999995,1,4.5893999999999995,6.0,inf
916,3,-0.028644960024306287,0.275564764043528,0.2565864899653516,4.5893999999999995,1,4.5893999999999995,6.0,inf
916,4,-0.028644960024306287,0.275564764043528,0.2565864899653516,4.5893999999999995,1,4.5893999999999995,6.0,inf
916,5,-0.028644960024306287,0.275564764043528,0.2565864899653516,4.5893999999999995,1,4.5893999999999995,6.0,inf
917,0,1.5107885244659573,-0.9170982504908035,-1.202462637045483,0.5556,1,0.5556,6.0,inf
917,1,1.5107885244659573,-0.9170982504908035,-1.202462637045483,0.5556,1,0.5556,6.0,inf
917,2,1.5107885244659573,-0.9170982504908035,-1.202462637045483,0.5556,1,0.5556,6.0,inf
917,3,1.5107885244659573,-0.9170982504908035,-1.202462637045483,0.5556,1,0.5556,6.0,inf
917,4,1.5107885244659573,-0.9170982504908035,-1.202462637045483,0.5556,1,0.5556,6.0,inf
917,5,1.5107885244659573,-0.9170982504908035,-1.202462637045483,0.5556,1,0.5556,6.0,inf
918,0,0.042764168391476384,0.059394386554002435,0.8446060880746004,1.3868999999999998,1,1.3868999999999998,6.0,inf
918,1,0.042764168391476384,0.059394386554002435,0.8446060880746004,1.3868999999999998,1,1.3868999999999998,6.0,inf
918,2,0.042764168391476384,0.059394386554002435,0.8446060880746004,1.3868999999999998,1,1.3868999999999998,6.0,inf
918,3,0.042764168391476384,0.059394386554002435,0.8446060880746004,1.3868999999999998,1,1.3868999999999998,6.0,inf
918,4,0.042764168391476384,0.059394386554002435,0.8446060880746004,1.3868999999999998,1,1.3868999999999998,6.0,inf
918,5,0.042764168391476384,0.059394386554002435,0.8446060880746004,1.3868999999999998,1,1.3868999999999998,6.0,inf
919,0,-1.0325007896852436,-1.1270411610125308,0.32668443683209863,0.42629999999999996,1,0.42629999999999996,6.0,inf
919,1,-1.0325007896852436,-1.1270411610125308,0.32668443683209863,0.42629999999999996,1,0.42629999999999996,6.0,inf
919,2,-1.0325007896852436,-1.1270411610125308,0.32668443683209863,0.42629999999999996,1,0.42629999999999996,6.0,inf
919,3,-1.0325007896852436,-1.1270411610125308,0.32668443683209863,0.42629999999999996,1,0.42629999999999996,6.0,inf
919,4,-1.0325007896852436,-1.1270411610125308,0.32668443683209863,0.42629999999999996,1,0.42629999999999996,6.0,inf
919,5,-1.0325007896852436,-1.1270411610125308,0.32668443683209863,0.42629999999999996,1,0.42629999999999996,6.0,inf
920,0,0.5412549757798543,0.8732847400956383,2.0487232443248238,2.0568,1,2.0568,6.0,inf
920,1,0.5412549757798543,0.8732847400956383,2.0487232443248238,2.0568,1,2.0568,6.0,inf
920,2,0.5412549757798543,0.8732847400956383,2.0487232443248238,2.0568,1,2.0568,6.0,inf
920,3,0.5412549757798543,0.8732847400956383,2.0487232443248238,2.0568,1,2.0568,6.0,inf
920,4,0.5412549757798543,0.8732847400956383,2.0487232443248238,2.0568,1,2.0568,6.0,inf
920,5,0.5412549757798543,0.8732847400956383,2.0487232443248238,2.0568,1,2.0568,6.0,inf
921,0,0.3006488143759979,-0.20350940004815077,0.3824295411149821,1.7777999999999998,1,1.7777999999999998,6.0,inf
921,1,0.3006488143759979,-0.20350940004815077,0.3824295411149821,1.7777999999999998,1,1.7777999999999998,6.0,inf
921,2,0.3006488143759979,-0.20350940004815077,0.3824295411149821,1.7777999999999998,1,1.7777999999999998,6.0,inf
921,3,0.3006488143759979,-0.20350940004815077,0.3824295411149821,1.7777999999999998,1,1.7777999999999998,6.0,inf
921,4,0.3006488143759979,-0.20350940004815077,0.3824295411149821,1.7777999999999998,1,1.7777999999999998,6.0,inf
921,5,0.3006488143759979,-0.20350940004815077,0.3824295411149821,1.7777999999999998,1,1.7777999999999998,6.0,inf
922,0,0.08818849931210712,-0.44060574594431784,0.35956452933681926,1.5053999999999998,1,1.5053999999999998,6.0,inf
922,1,0.08818849931210712,-0.44060574594431784,0.35956452933681926,1.5053999999999998,1,1.5053999999999998,6.0,inf
922,2,0.08818849931210712,-0.44060574594431784,0.35956452933681926,1.5053999999999998,1,1.5053999999999998,6.0,inf
922,3,0.08818849931210712,-0.44060574594431784,0.35956452933681926,1.5053999999999998,1,1.5053999999999998,6.0,inf
922,4,0.08818849931210712,-0.44060574594431784,0.35956452933681926,1.5053999999999998,1,1.5053999999999998,6.0,inf
922,5,0.08818849931210712,-0.44060574594431784,0.35956452933681926,1.5053999999999998,1,1.5053999999999998,6.0,inf
923,0,-0.15797357213774912,-0.48944442177055336,0.4681620336781546,0.576,1,0.576,6.0,inf
923,1,-0.15797357213774912,-0.48944442177055336,0.4681620336781546,0.576,1,0.576,6.0,inf
923,2,-0.15797357213774912,-0.48944442177055336,0.4681620336781546,0.576,1,0.576,6.0,inf
923,3,-0.15797357213774912,-0.48944442177055336,0.4681620336781546,0.576,1,0.576,6.0,inf
923,4,-0.15797357213774912,-0.48944442177055336,0.4681620336781546,0.576,1,0.576,6.0,inf
923,5,-0.15797357213774912,-0.48944442177055336,0.4681620336781546,0.576,1,0.576,6.0,inf
924,0,0.977720871078898,0.17521899298118998,1.2249350410517428,1.0452,1,1.0452,6.0,inf
924,1,0.977720871078898,0.17521899298118998,1.2249350410517428,1.0452,1,1.0452,6.0,inf
924,2,0.977720871078898,0.17521899298118998,1.2249350410517428,1.0452,1,1.0452,6.0,inf
924,3,0.977720871078898,0.17521899298118998,1.2249350410517428,1.0452,1,1.0452,6.0,inf
924,4,0.977720871078898,0.17521899298118998,1.2249350410517428,1.0452,1,1.0452,6.0,inf
924,5,0.977720871078898,0.17521899298118998,1.2249350410517428,1.0452,1,1.0452,6.0,inf
925,0,-0.46316450573807694,-0.45280460537886685,-0.10374914330113182,3.4103999999999997,1,3.4103999999999997,6.0,inf
925,1,-0.46316450573807694,-0.45280460537886685,-0.10374914330113182,3.4103999999999997,1,3.4103999999999997,6.0,inf
925,2,-0.46316450573807694,-0.45280460537886685,-0.10374914330113182,3.4103999999999997,1,3.4103999999999997,6.0,inf
925,3,-0.46316450573807694,-0.45280460537886685,-0.10374914330113182,3.4103999999999997,1,3.4103999999999997,6.0,inf
925,4,-0.46316450573807694,-0.45280460537886685,-0.10374914330113182,3.4103999999999997,1,3.4103999999999997,6.0,inf
925,5,-0.46316450573807694,-0.45280460537886685,-0.10374914330113182,3.4103999999999997,1,3.4103999999999997,6.0,inf
926,0,-0.6676592649252164,-0.040038786434822574,-0.5193403078006188,0.2418,1,0.2418,6.0,inf
926,1,-0.6676592649252164,-0.040038786434822574,-0.5193403078006188,0.2418,1,0.2418,6.0,inf
926,2,-0.6676592649252164,-0.040038786434822574,-0.5193403078006188,0.2418,1,0.2418,6.0,inf
926,3,-0.6676592649252164,-0.040038786434822574,-0.5193403078006188,0.2418,1,0.2418,6.0,inf
926,4,-0.6676592649252164,-0.040038786434822574,-0.5193403078006188,0.2418,1,0.2418,6.0,inf
926,5,-0.6676592649252164,-0.040038786434822574,-0.5193403078006188,0.2418,1,0.2418,6.0,inf
927,0,-0.09128210304071575,1.2689613262558288,-0.17506212384005043,4.4472,1,4.4472,6.0,inf
927,1,-0.09128210304071575,1.2689613262558288,-0.17506212384005043,4.4472,1,4.4472,6.0,inf
927,2,-0.09128210304071575,1.2689613262558288,-0.17506212384005043,4.4472,1,4.4472,6.0,inf
927,3,-0.09128210304071575,1.2689613262558288,-0.17506212384005043,4.4472,1,4.4472,6.0,inf
927,4,-0.09128210304071575,1.2689613262558288,-0.17506212384005043,4.4472,1,4.4472,6.0,inf
927,5,-0.09128210304071575,1.2689613262558288,-0.17506212384005043,4.4472,1,4.4472,6.0,inf
928,0,0.17075581079599403,0.8993755685016417,1.093540117342513,1.9221,1,1.9221,6.0,inf
928,1,0.17075581079599403,0.8993755685016417,1.093540117342513,1.9221,1,1.9221,6.0,inf
928,2,0.17075581079599403,0.8993755685016417,1.093540117342513,1.9221,1,1.9221,6.0,inf
928,3,0.17075581079599403,0.8993755685016417,1.093540117342513,1.9221,1,1.9221,6.0,inf
928,4,0.17075581079599403,0.8993755685016417,1.093540117342513,1.9221,1,1.9221,6.0,inf
928,5,0.17075581079599403,0.8993755685016417,1.093540117342513,1.9221,1,1.9221,6.0,inf
929,0,-0.13581729494423206,1.0187292366561918,-0.5040821693087636,0.1347,1,0.1347,6.0,inf
929,1,-0.13581729494423206,1.0187292366561918,-0.5040821693087636,0.1347,1,0.1347,6.0,inf
929,2,-0.13581729494423206,1.0187292366561918,-0.5040821693087636,0.1347,1,0.1347,6.0,inf
929,3,-0.13581729494423206,1.0187292366561918,-0.5040821693087636,0.1347,1,0.1347,6.0,inf
929,4,-0.13581729494423206,1.0187292366561918,-0.5040821693087636,0.1347,1,0.1347,6.0,inf
929,5,-0.13581729494423206,1.0187292366561918,-0.5040821693087636,0.1347,1,0.1347,6.0,inf
930,0,-1.5210233058464395,0.4330175552714801,-1.550273036012406,4.689299999999999,1,4.689299999999999,6.0,inf
930,1,-1.5210233058464395,0.4330175552714801,-1.550273036012406,4.689299999999999,1,4.689299999999999,6.0,inf
930,2,-1.5210233058464395,0.4330175552714801,-1.550273036012406,4.689299999999999,1,4.689299999999999,6.0,inf
930,3,-1.5210233058464395,0.4330175552714801,-1.550273036012406,4.689299999999999,1,4.689299999999999,6.0,inf
930,4,-1.5210233058464395,0.4330175552714801,-1.550273036012406,4.689299999999999,1,4.689299999999999,6.0,inf
930,5,-1.5210233058464395,0.4330175552714801,-1.550273036012406,4.689299999999999,1,4.689299999999999,6.0,inf
931,0,0.22813923893186738,1.4610135607744654,0.20224931986013364,2.7918,1,2.7918,6.0,inf
931,1,0.22813923893186738,1.4610135607744654,0.20224931986013364,2.7918,1,2.7918,6.0,inf
931,2,0.22813923893186738,1.4610135607744654,0.20224931986013364,2.7918,1,2.7918,6.0,inf
931,3,0.22813923893186738,1.4610135607744654,0.20224931986013364,2.7918,1,2.7918,6.0,inf
931,4,0.22813923893186738,1.4610135607744654,0.20224931986013364,2.7918,1,2.7918,6.0,inf
931,5,0.22813923893186738,1.4610135607744654,0.20224931986013364,2.7918,1,2.7918,6.0,inf
932,0,0.798073674893454,-0.41463798091447646,-0.625940271401672,0.13679999999999998,1,0.13679999999999998,6.0,inf
932,1,0.798073674893454,-0.41463798091447646,-0.625940271401672,0.13679999999999998,1,0.13679999999999998,6.0,inf
932,2,0.798073674893454,-0.41463798091447646,-0.625940271401672,0.13679999999999998,1,0.13679999999999998,6.0,inf
932,3,0.798073674893454,-0.41463798091447646,-0.625940271401672,0.13679999999999998,1,0.13679999999999998,6.0,inf
932,4,0.798073674893454,-0.41463798091447646,-0.625940271401672,0.13679999999999998,1,0.13679999999999998,6.0,inf
932,5,0.798073674893454,-0.41463798091447646,-0.625940271401672,0.13679999999999998,1,0.13679999999999998,6.0,inf
933,0,-0.664144370273365,-0.6728575199622596,0.6501118636954272,1.1601,1,1.1601,6.0,inf
933,1,-0.664144370273365,-0.6728575199622596,0.6501118636954272,1.1601,1,1.1601,6.0,inf
933,2,-0.664144370273365,-0.6728575199622596,0.6501118636954272,1.1601,1,1.1601,6.0,inf
933,3,-0.664144370273365,-0.6728575199622596,0.6501118636954272,1.1601,1,1.1601,6.0,inf
933,4,-0.664144370273365,-0.6728575199622596,0.6501118636954272,1.1601,1,1.1601,6.0,inf
933,5,-0.664144370273365,-0.6728575199622596,0.6501118636954272,1.1601,1,1.1601,6.0,inf
934,0,-0.5989569009751401,-0.408787983722458,0.3491252161508754,1.2288,1,1.2288,6.0,inf
934,1,-0.5989569009751401,-0.408787983722458,0.3491252161508754,1.2288,1,1.2288,6.0,inf
934,2,-0.5989569009751401,-0.408787983722458,0.3491252161508754,1.2288,1,1.2288,6.0,inf
934,3,-0.5989569009751401,-0.408787983722458,0.3491252161508754,1.2288,1,1.2288,6.0,inf
934,4,-0.5989569009751401,-0.408787983722458,0.3491252161508754,1.2288,1,1.2288,6.0,inf
934,5,-0.5989569009751401,-0.408787983722458,0.3491252161508754,1.2288,1,1.2288,6.0,inf
935,0,0.2548537489060242,0.41504980112873796,-1.0847284828262604,1.686,1,1.686,6.0,inf
935,1,0.2548537489060242,0.41504980112873796,-1.0847284828262604,1.686,1,1.686,6.0,inf
935,2,0.2548537489060242,0.41504980112873796,-1.0847284828262604,1.686,1,1.686,6.0,inf
935,3,0.2548537489060242,0.41504980112873796,-1.0847284828262604,1.686,1,1.686,6.0,inf
935,4,0.2548537489060242,0.41504980112873796,-1.0847284828262604,1.686,1,1.686,6.0,inf
935,5,0.2548537489060242,0.41504980112873796,-1.0847284828262604,1.686,1,1.686,6.0,inf
936,0,0.0549692446307631,0.5360557192792346,0.8299231851821003,1.2833999999999999,1,1.2833999999999999,6.0,inf
936,1,0.0549692446307631,0.5360557192792346,0.8299231851821003,1.2833999999999999,1,1.2833999999999999,6.0,inf
936,2,0.0549692446307631,0.5360557192792346,0.8299231851821003,1.2833999999999999,1,1.2833999999999999,6.0,inf
936,3,0.0549692446307631,0.5360557192792346,0.8299231851821003,1.2833999999999999,1,1.2833999999999999,6.0,inf
936,4,0.0549692446307631,0.5360557192792346,0.8299231851821003,1.2833999999999999,1,1.2833999999999999,6.0,inf
936,5,0.0549692446307631,0.5360557192792346,0.8299231851821003,1.2833999999999999,1,1.2833999999999999,6.0,inf
937,0,0.6866306943293748,-1.2033576440409384,1.163535330350352,0.33449999999999996,1,0.33449999999999996,6.0,inf
937,1,0.6866306943293748,-1.2033576440409384,1.163535330350352,0.33449999999999996,1,0.33449999999999996,6.0,inf
937,2,0.6866306943293748,-1.2033576440409384,1.163535330350352,0.33449999999999996,1,0.33449999999999996,6.0,inf
937,3,0.6866306943293748,-1.2033576440409384,1.163535330350352,0.33449999999999996,1,0.33449999999999996,6.0,inf
937,4,0.6866306943293748,-1.2033576440409384,1.163535330350352,0.33449999999999996,1,0.33449999999999996,6.0,inf
937,5,0.6866306943293748,-1.2033576440409384,1.163535330350352,0.33449999999999996,1,0.33449999999999996,6.0,inf
938,0,0.622653810794734,-1.2244782631986872,-3.0396016432651707,0.8768999999999999,1,0.8768999999999999,6.0,inf
938,1,0.622653810794734,-1.2244782631986872,-3.0396016432651707,0.8768999999999999,1,0.8768999999999999,6.0,inf
938,2,0.622653810794734,-1.2244782631986872,-3.0396016432651707,0.8768999999999999,1,0.8768999999999999,6.0,inf
938,3,0.622653810794734,-1.2244782631986872,-3.0396016432651707,0.8768999999999999,1,0.8768999999999999,6.0,inf
938,4,0.622653810794734,-1.2244782631986872,-3.0396016432651707,0.8768999999999999,1,0.8768999999999999,6.0,inf
938,5,0.622653810794734,-1.2244782631986872,-3.0396016432651707,0.8768999999999999,1,0.8768999999999999,6.0,inf
939,0,0.06549044770176579,-0.29739212958074757,-1.2280442434405638,3.6165,1,3.6165,6.0,inf
939,1,0.06549044770176579,-0.29739212958074757,-1.2280442434405638,3.6165,1,3.6165,6.0,inf
939,2,0.06549044770176579,-0.29739212958074757,-1.2280442434405638,3.6165,1,3.6165,6.0,inf
939,3,0.06549044770176579,-0.29739212958074757,-1.2280442434405638,3.6165,1,3.6165,6.0,inf
939,4,0.06549044770176579,-0.29739212958074757,-1.2280442434405638,3.6165,1,3.6165,6.0,inf
939,5,0.06549044770176579,-0.29739212958074757,-1.2280442434405638,3.6165,1,3.6165,6.0,inf
940,0,1.1627638545036103,-0.0822495548968653,0.2738757611283401,3.4709999999999996,1,3.4709999999999996,6.0,inf
940,1,1.1627638545036103,-0.0822495548968653,0.2738757611283401,3.4709999999999996,1,3.4709999999999996,6.0,inf
940,2,1.1627638545036103,-0.0822495548968653,0.2738757611283401,3.4709999999999996,1,3.4709999999999996,6.0,inf
940,3,1.1627638545036103,-0.0822495548968653,0.2738757611283401,3.4709999999999996,1,3.4709999999999996,6.0,inf
940,4,1.1627638545036103,-0.0822495548968653,0.2738757611283401,3.4709999999999996,1,3.4709999999999996,6.0,inf
940,5,1.1627638545036103,-0.0822495548968653,0.2738757611283401,3.4709999999999996,1,3.4709999999999996,6.0,inf
941,0,-1.4677448330245566,-0.08566020074930218,1.541595146794553,3.4391999999999996,1,3.4391999999999996,6.0,inf
941,1,-1.4677448330245566,-0.08566020074930218,1.541595146794553,3.4391999999999996,1,3.4391999999999996,6.0,inf
941,2,-1.4677448330245566,-0.08566020074930218,1.541595146794553,3.4391999999999996,1,3.4391999999999996,6.0,inf
941,3,-1.4677448330245566,-0.08566020074930218,1.541595146794553,3.4391999999999996,1,3.4391999999999996,6.0,inf
941,4,-1.4677448330245566,-0.08566020074930218,1.541595146794553,3.4391999999999996,1,3.4391999999999996,6.0,inf
941,5,-1.4677448330245566,-0.08566020074930218,1.541595146794553,3.4391999999999996,1,3.4391999999999996,6.0,inf
942,0,1.5695063661839128,-0.04448941531184164,-0.27799024658668486,0.43889999999999996,1,0.43889999999999996,6.0,inf
942,1,1.5695063661839128,-0.04448941531184164,-0.27799024658668486,0.43889999999999996,1,0.43889999999999996,6.0,inf
942,2,1.5695063661839128,-0.04448941531184164,-0.27799024658668486,0.43889999999999996,1,0.43889999999999996,6.0,inf
942,3,1.5695063661839128,-0.04448941531184164,-0.27799024658668486,0.43889999999999996,1,0.43889999999999996,6.0,inf
942,4,1.5695063661839128,-0.04448941531184164,-0.27799024658668486,0.43889999999999996,1,0.43889999999999996,6.0,inf
942,5,1.5695063661839128,-0.04448941531184164,-0.27799024658668486,0.43889999999999996,1,0.43889999999999996,6.0,inf
943,0,0.05254295176536435,-0.5342209478158338,0.43891873386591035,0.8553,1,0.8553,6.0,inf
943,1,0.05254295176536435,-0.5342209478158338,0.43891873386591035,0.8553,1,0.8553,6.0,inf
943,2,0.05254295176536435,-0.5342209478158338,0.43891873386591035,0.8553,1,0.8553,6.0,inf
943,3,0.05254295176536435,-0.5342209478158338,0.43891873386591035,0.8553,1,0.8553,6.0,inf
943,4,0.05254295176536435,-0.5342209478158338,0.43891873386591035,0.8553,1,0.8553,6.0,inf
943,5,0.05254295176536435,-0.5342209478158338,0.43891873386591035,0.8553,1,0.8553,6.0,inf
944,0,-0.8937897154957737,-0.6190808307455845,0.2632781885740495,1.2408,1,1.2408,6.0,inf
944,1,-0.8937897154957737,-0.6190808307455845,0.2632781885740495,1.2408,1,1.2408,6.0,inf
944,2,-0.8937897154957737,-0.6190808307455845,0.2632781885740495,1.2408,1,1.2408,6.0,inf
944,3,-0.8937897154957737,-0.6190808307455845,0.2632781885740495,1.2408,1,1.2408,6.0,inf
944,4,-0.8937897154957737,-0.6190808307455845,0.2632781885740495,1.2408,1,1.2408,6.0,inf
944,5,-0.8937897154957737,-0.6190808307455845,0.2632781885740495,1.2408,1,1.2408,6.0,inf
945,0,0.585336620876932,-0.2237079492204562,1.136483946304543,0.7658999999999999,1,0.7658999999999999,6.0,inf
945,1,0.585336620876932,-0.2237079492204562,1.136483946304543,0.7658999999999999,1,0.7658999999999999,6.0,inf
945,2,0.585336620876932,-0.2237079492204562,1.136483946304543,0.7658999999999999,1,0.7658999999999999,6.0,inf
945,3,0.585336620876932,-0.2237079492204562,1.136483946304543,0.7658999999999999,1,0.7658999999999999,6.0,inf
945,4,0.585336620876932,-0.2237079492204562,1.136483946304543,0.7658999999999999,1,0.7658999999999999,6.0,inf
945,5,0.585336620876932,-0.2237079492204562,1.136483946304543,0.7658999999999999,1,0.7658999999999999,6.0,inf
946,0,0.5744452544478283,-0.46288420893392457,-0.39156256985897586,0.7182,1,0.7182,6.0,inf
946,1,0.5744452544478283,-0.46288420893392457,-0.39156256985897586,0.7182,1,0.7182,6.0,inf
946,2,0.5744452544478283,-0.46288420893392457,-0.39156256985897586,0.7182,1,0.7182,6.0,inf
946,3,0.5744452544478283,-0.46288420893392457,-0.39156256985897586,0.7182,1,0.7182,6.0,inf
946,4,0.5744452544478283,-0.46288420893392457,-0.39156256985897586,0.7182,1,0.7182,6.0,inf
946,5,0.5744452544478283,-0.46288420893392457,-0.39156256985897586,0.7182,1,0.7182,6.0,inf
947,0,-0.45732860632708305,0.44026226443951133,-0.027255408913179194,4.0992,1,4.0992,6.0,inf
947,1,-0.45732860632708305,0.44026226443951133,-0.027255408913179194,4.0992,1,4.0992,6.0,inf
947,2,-0.45732860632708305,0.44026226443951133,-0.027255408913179194,4.0992,1,4.0992,6.0,inf
947,3,-0.45732860632708305,0.44026226443951133,-0.027255408913179194,4.0992,1,4.0992,6.0,inf
947,4,-0.45732860632708305,0.44026226443951133,-0.027255408913179194,4.0992,1,4.0992,6.0,inf
947,5,-0.45732860632708305,0.44026226443951133,-0.027255408913179194,4.0992,1,4.0992,6.0,inf
948,0,0.4206713481870162,0.33664808624035003,0.6095990309741037,1.2410999999999999,1,1.2410999999999999,6.0,inf
948,1,0.4206713481870162,0.33664808624035003,0.6095990309741037,1.2410999999999999,1,1.2410999999999999,6.0,inf
948,2,0.4206713481870162,0.33664808624035003,0.6095990309741037,1.2410999999999999,1,1.2410999999999999,6.0,inf
948,3,0.4206713481870162,0.33664808624035003,0.6095990309741037,1.2410999999999999,1,1.2410999999999999,6.0,inf
948,4,0.4206713481870162,0.33664808624035003,0.6095990309741037,1.2410999999999999,1,1.2410999999999999,6.0,inf
948,5,0.4206713481870162,0.33664808624035003,0.6095990309741037,1.2410999999999999,1,1.2410999999999999,6.0,inf
949,0,1.1730748613453292,-0.8318700210014774,0.3150980202257331,2.3453999999999997,1,2.3453999999999997,6.0,inf
949,1,1.1730748613453292,-0.8318700210014774,0.3150980202257331,2.3453999999999997,1,2.3453999999999997,6.0,inf
949,2,1.1730748613453292,-0.8318700210014774,0.3150980202257331,2.3453999999999997,1,2.3453999999999997,6.0,inf
949,3,1.1730748613453292,-0.8318700210014774,0.3150980202257331,2.3453999999999997,1,2.3453999999999997,6.0,inf
949,4,1.1730748613453292,-0.8318700210014774,0.3150980202257331,2.3453999999999997,1,2.3453999999999997,6.0,inf
949,5,1.1730748613453292,-0.8318700210014774,0.3150980202257331,2.3453999999999997,1,2.3453999999999997,6.0,inf
950,0,-0.38367610777259703,-0.055812582760616174,0.5304763691065199,0.1767,1,0.1767,6.0,inf
950,1,-0.38367610777259703,-0.055812582760616174,0.5304763691065199,0.1767,1,0.1767,6.0,inf
950,2,-0.38367610777259703,-0.055812582760616174,0.5304763691065199,0.1767,1,0.1767,6.0,inf
950,3,-0.38367610777259703,-0.055812582760616174,0.5304763691065199,0.1767,1,0.1767,6.0,inf
950,4,-0.38367610777259703,-0.055812582760616174,0.5304763691065199,0.1767,1,0.1767,6.0,inf
950,5,-0.38367610777259703,-0.055812582760616174,0.5304763691065199,0.1767,1,0.1767,6.0,inf
951,0,0.3809605001841001,-1.2675695972427883,0.8550509185415491,1.6832999999999998,1,1.6832999999999998,6.0,inf
951,1,0.3809605001841001,-1.2675695972427883,0.8550509185415491,1.6832999999999998,1,1.6832999999999998,6.0,inf
951,2,0.3809605001841001,-1.2675695972427883,0.8550509185415491,1.6832999999999998,1,1.6832999999999998,6.0,inf
951,3,0.3809605001841001,-1.2675695972427883,0.8550509185415491,1.6832999999999998,1,1.6832999999999998,6.0,inf
951,4,0.3809605001841001,-1.2675695972427883,0.8550509185415491,1.6832999999999998,1,1.6832999999999998,6.0,inf
951,5,0.3809605001841001,-1.2675695972427883,0.8550509185415491,1.6832999999999998,1,1.6832999999999998,6.0,inf
952,0,-0.00306726323412938,-2.2545835331516213,0.2680204960173822,1.3737,1,1.3737,6.0,inf
952,1,-0.00306726323412938,-2.2545835331516213,0.2680204960173822,1.3737,1,1.3737,6.0,inf
952,2,-0.00306726323412938,-2.2545835331516213,0.2680204960173822,1.3737,1,1.3737,6.0,inf
952,3,-0.00306726323412938,-2.2545835331516213,0.2680204960173822,1.3737,1,1.3737,6.0,inf
952,4,-0.00306726323412938,-2.2545835331516213,0.2680204960173822,1.3737,1,1.3737,6.0,inf
952,5,-0.00306726323412938,-2.2545835331516213,0.2680204960173822,1.3737,1,1.3737,6.0,inf
953,0,-0.6707040446790383,0.07837441497416875,1.1525211882165383,2.9498999999999995,1,2.9498999999999995,6.0,inf
953,1,-0.6707040446790383,0.07837441497416875,1.1525211882165383,2.9498999999999995,1,2.9498999999999995,6.0,inf
953,2,-0.6707040446790383,0.07837441497416875,1.1525211882165383,2.9498999999999995,1,2.9498999999999995,6.0,inf
953,3,-0.6707040446790383,0.07837441497416875,1.1525211882165383,2.9498999999999995,1,2.9498999999999995,6.0,inf
953,4,-0.6707040446790383,0.07837441497416875,1.1525211882165383,2.9498999999999995,1,2.9498999999999995,6.0,inf
953,5,-0.6707040446790383,0.07837441497416875,1.1525211882165383,2.9498999999999995,1,2.9498999999999995,6.0,inf
954,0,1.165129241612565,-0.3593628638227773,-0.029675541564528774,2.0816999999999997,1,2.0816999999999997,6.0,inf
954,1,1.165129241612565,-0.3593628638227773,-0.029675541564528774,2.0816999999999997,1,2.0816999999999997,6.0,inf
954,2,1.165129241612565,-0.3593628638227773,-0.029675541564528774,2.0816999999999997,1,2.0816999999999997,6.0,inf
954,3,1.165129241612565,-0.3593628638227773,-0.029675541564528774,2.0816999999999997,1,2.0816999999999997,6.0,inf
954,4,1.165129241612565,-0.3593628638227773,-0.029675541564528774,2.0816999999999997,1,2.0816999999999997,6.0,inf
954,5,1.165129241612565,-0.3593628638227773,-0.029675541564528774,2.0816999999999997,1,2.0816999999999997,6.0,inf
955,0,0.8574139018322947,-1.4769671314927886,-0.3640739487873406,0.41759999999999997,1,0.41759999999999997,6.0,inf
955,1,0.8574139018322947,-1.4769671314927886,-0.3640739487873406,0.41759999999999997,1,0.41759999999999997,6.0,inf
955,2,0.8574139018322947,-1.4769671314927886,-0.3640739487873406,0.41759999999999997,1,0.41759999999999997,6.0,inf
955,3,0.8574139018322947,-1.4769671314927886,-0.3640739487873406,0.41759999999999997,1,0.41759999999999997,6.0,inf
955,4,0.8574139018322947,-1.4769671314927886,-0.3640739487873406,0.41759999999999997,1,0.41759999999999997,6.0,inf
955,5,0.8574139018322947,-1.4769671314927886,-0.3640739487873406,0.41759999999999997,1,0.41759999999999997,6.0,inf
956,0,-0.31962601154230735,1.451165761419638,-0.5176617244362746,4.1049,1,4.1049,6.0,inf
956,1,-0.31962601154230735,1.451165761419638,-0.5176617244362746,4.1049,1,4.1049,6.0,inf
956,2,-0.31962601154230735,1.451165761419638,-0.5176617244362746,4.1049,1,4.1049,6.0,inf
956,3,-0.31962601154230735,1.451165761419638,-0.5176617244362746,4.1049,1,4.1049,6.0,inf
956,4,-0.31962601154230735,1.451165761419638,-0.5176617244362746,4.1049,1,4.1049,6.0,inf
956,5,-0.31962601154230735,1.451165761419638,-0.5176617244362746,4.1049,1,4.1049,6.0,inf
957,0,-1.2195697367789071,-0.338087950843671,0.13079673839181838,6.0,0,8.0001,6.0,inf
957,1,-1.2195697367789071,-0.338087950843671,0.13079673839181838,6.0,0,8.0001,6.0,inf
957,2,-1.2195697367789071,-0.338087950843671,0.13079673839181838,6.0,0,8.0001,6.0,inf
957,3,-1.2195697367789071,-0.338087950843671,0.13079673839181838,6.0,0,8.0001,6.0,inf
957,4,-1.2195697367789071,-0.338087950843671,0.13079673839181838,6.0,0,8.0001,6.0,inf
957,5,-1.2195697367789071,-0.338087950843671,0.13079673839181838,6.0,0,8.0001,6.0,inf
958,0,-0.8851618029048502,-1.2048079331078994,-0.5139126650705871,6.0,0,6.526199999999999,6.0,inf
958,1,-0.8851618029048502,-1.2048079331078994,-0.5139126650705871,6.0,0,6.526199999999999,6.0,inf
958,2,-0.8851618029048502,-1.2048079331078994,-0.5139126650705871,6.0,0,6.526199999999999,6.0,inf
958,3,-0.8851618029048502,-1.2048079331078994,-0.5139126650705871,6.0,0,6.526199999999999,6.0,inf
958,4,-0.8851618029048502,-1.2048079331078994,-0.5139126650705871,6.0,0,6.526199999999999,6.0,inf
958,5,-0.8851618029048502,-1.2048079331078994,-0.5139126650705871,6.0,0,6.526199999999999,6.0,inf
959,0,1.0091400695826669,-0.2864014383109505,0.15789954479894794,2.1045,1,2.1045,6.0,inf
959,1,1.0091400695826669,-0.2864014383109505,0.15789954479894794,2.1045,1,2.1045,6.0,inf
959,2,1.0091400695826669,-0.2864014383109505,0.15789954479894794,2.1045,1,2.1045,6.0,inf
959,3,1.0091400695826669,-0.2864014383109505,0.15789954479894794,2.1045,1,2.1045,6.0,inf
959,4,1.0091400695826669,-0.2864014383109505,0.15789954479894794,2.1045,1,2.1045,6.0,inf
959,5,1.0091400695826669,-0.2864014383109505,0.15789954479894794,2.1045,1,2.1045,6.0,inf
960,0,0.2531148307281607,0.21887274766740014,-0.3642514756021458,0.7878,1,0.7878,6.0,inf
960,1,0.2531148307281607,0.21887274766740014,-0.3642514756021458,0.7878,1,0.7878,6.0,inf
960,2,0.2531148307281607,0.21887274766740014,-0.3642514756021458,0.7878,1,0.7878,6.0,inf
960,3,0.2531148307281607,0.21887274766740014,-0.3642514756021458,0.7878,1,0.7878,6.0,inf
960,4,0.2531148307281607,0.21887274766740014,-0.3642514756021458,0.7878,1,0.7878,6.0,inf
960,5,0.2531148307281607,0.21887274766740014,-0.3642514756021458,0.7878,1,0.7878,6.0,inf
961,0,-0.138322129723919,2.0879975892900915,-0.9392648271262681,4.1448,1,4.1448,6.0,inf
961,1,-0.138322129723919,2.0879975892900915,-0.9392648271262681,4.1448,1,4.1448,6.0,inf
961,2,-0.138322129723919,2.0879975892900915,-0.9392648271262681,4.1448,1,4.1448,6.0,inf
961,3,-0.138322129723919,2.0879975892900915,-0.9392648271262681,4.1448,1,4.1448,6.0,inf
961,4,-0.138322129723919,2.0879975892900915,-0.9392648271262681,4.1448,1,4.1448,6.0,inf
961,5,-0.138322129723919,2.0879975892900915,-0.9392648271262681,4.1448,1,4.1448,6.0,inf
962,0,0.8339132470862473,0.4600160750265931,0.6320952885673801,1.6022999999999998,1,1.6022999999999998,6.0,inf
962,1,0.8339132470862473,0.4600160750265931,0.6320952885673801,1.6022999999999998,1,1.6022999999999998,6.0,inf
962,2,0.8339132470862473,0.4600160750265931,0.6320952885673801,1.6022999999999998,1,1.6022999999999998,6.0,inf
962,3,0.8339132470862473,0.4600160750265931,0.6320952885673801,1.6022999999999998,1,1.6022999999999998,6.0,inf
962,4,0.8339132470862473,0.4600160750265931,0.6320952885673801,1.6022999999999998,1,1.6022999999999998,6.0,inf
962,5,0.8339132470862473,0.4600160750265931,0.6320952885673801,1.6022999999999998,1,1.6022999999999998,6.0,inf
963,0,0.46707724750398105,-0.13535958157371653,-1.4867692624859576,0.8481,1,0.8481,6.0,inf
963,1,0.46707724750398105,-0.13535958157371653,-1.4867692624859576,0.8481,1,0.8481,6.0,inf
963,2,0.46707724750398105,-0.13535958157371653,-1.4867692624859576,0.8481,1,0.8481,6.0,inf
963,3,0.46707724750398105,-0.13535958157371653,-1.4867692624859576,0.8481,1,0.8481,6.0,inf
963,4,0.46707724750398105,-0.13535958157371653,-1.4867692624859576,0.8481,1,0.8481,6.0,inf
963,5,0.46707724750398105,-0.13535958157371653,-1.4867692624859576,0.8481,1,0.8481,6.0,inf
964,0,-1.3867844651079437,0.9555495005206007,0.8731800950390127,6.0,0,8.0001,6.0,inf
964,1,-1.3867844651079437,0.9555495005206007,0.8731800950390127,6.0,0,8.0001,6.0,inf
964,2,-1.3867844651079437,0.9555495005206007,0.8731800950390127,6.0,0,8.0001,6.0,inf
964,3,-1.3867844651079437,0.9555495005206007,0.8731800950390127,6.0,0,8.0001,6.0,inf
964,4,-1.3867844651079437,0.9555495005206007,0.8731800950390127,6.0,0,8.0001,6.0,inf
964,5,-1.3867844651079437,0.9555495005206007,0.8731800950390127,6.0,0,8.0001,6.0,inf
965,0,-1.9000838134205331,-1.3791563016461454,1.1587179956508145,1.0674,1,1.0674,6.0,inf
965,1,-1.9000838134205331,-1.3791563016461454,1.1587179956508145,1.0674,1,1.0674,6.0,inf
965,2,-1.9000838134205331,-1.3791563016461454,1.1587179956508145,1.0674,1,1.0674,6.0,inf
965,3,-1.9000838134205331,-1.3791563016461454,1.1587179956508145,1.0674,1,1.0674,6.0,inf
965,4,-1.9000838134205331,-1.3791563016461454,1.1587179956508145,1.0674,1,1.0674,6.0,inf
965,5,-1.9000838134205331,-1.3791563016461454,1.1587179956508145,1.0674,1,1.0674,6.0,inf
966,0,-1.1444652120596626,-1.1251819818493336,0.5629048505883191,6.0,0,8.0001,6.0,inf
966,1,-1.1444652120596626,-1.1251819818493336,0.5629048505883191,6.0,0,8.0001,6.0,inf
966,2,-1.1444652120596626,-1.1251819818493336,0.5629048505883191,6.0,0,8.0001,6.0,inf
966,3,-1.1444652120596626,-1.1251819818493336,0.5629048505883191,6.0,0,8.0001,6.0,inf
966,4,-1.1444652120596626,-1.1251819818493336,0.5629048505883191,6.0,0,8.0001,6.0,inf
966,5,-1.1444652120596626,-1.1251819818493336,0.5629048505883191,6.0,0,8.0001,6.0,inf
967,0,-0.7461905237139445,-1.1165699708648027,0.711934144775906,1.3424999999999998,1,1.3424999999999998,6.0,inf
967,1,-0.7461905237139445,-1.1165699708648027,0.711934144775906,1.3424999999999998,1,1.3424999999999998,6.0,inf
967,2,-0.7461905237139445,-1.1165699708648027,0.711934144775906,1.3424999999999998,1,1.3424999999999998,6.0,inf
967,3,-0.7461905237139445,-1.1165699708648027,0.711934144775906,1.3424999999999998,1,1.3424999999999998,6.0,inf
967,4,-0.7461905237139445,-1.1165699708648027,0.711934144775906,1.3424999999999998,1,1.3424999999999998,6.0,inf
967,5,-0.7461905237139445,-1.1165699708648027,0.711934144775906,1.3424999999999998,1,1.3424999999999998,6.0,inf
968,0,1.0692130945273177,-1.0937229184020083,-0.3352473500496816,0.6594,1,0.6594,6.0,inf
968,1,1.0692130945273177,-1.0937229184020083,-0.3352473500496816,0.6594,1,0.6594,6.0,inf
968,2,1.0692130945273177,-1.0937229184020083,-0.3352473500496816,0.6594,1,0.6594,6.0,inf
968,3,1.0692130945273177,-1.0937229184020083,-0.3352473500496816,0.6594,1,0.6594,6.0,inf
968,4,1.0692130945273177,-1.0937229184020083,-0.3352473500496816,0.6594,1,0.6594,6.0,inf
968,5,1.0692130945273177,-1.0937229184020083,-0.3352473500496816,0.6594,1,0.6594,6.0,inf
969,0,-1.9096535947293667,1.1757674195525494,0.8478515944423606,1.1792999999999998,1,1.1792999999999998,6.0,inf
969,1,-1.9096535947293667,1.1757674195525494,0.8478515944423606,1.1792999999999998,1,1.1792999999999998,6.0,inf
969,2,-1.9096535947293667,1.1757674195525494,0.8478515944423606,1.1792999999999998,1,1.1792999999999998,6.0,inf
969,3,-1.9096535947293667,1.1757674195525494,0.8478515944423606,1.1792999999999998,1,1.1792999999999998,6.0,inf
969,4,-1.9096535947293667,1.1757674195525494,0.8478515944423606,1.1792999999999998,1,1.1792999999999998,6.0,inf
969,5,-1.9096535947293667,1.1757674195525494,0.8478515944423606,1.1792999999999998,1,1.1792999999999998,6.0,inf
970,0,1.510228249430817,2.197694316868634,0.33967443946324233,3.7826999999999997,1,3.7826999999999997,6.0,inf
970,1,1.510228249430817,2.197694316868634,0.33967443946324233,3.7826999999999997,1,3.7826999999999997,6.0,inf
970,2,1.510228249430817,2.197694316868634,0.33967443946324233,3.7826999999999997,1,3.7826999999999997,6.0,inf
970,3,1.510228249430817,2.197694316868634,0.33967443946324233,3.7826999999999997,1,3.7826999999999997,6.0,inf
970,4,1.510228249430817,2.197694316868634,0.33967443946324233,3.7826999999999997,1,3.7826999999999997,6.0,inf
970,5,1.510228249430817,2.197694316868634,0.33967443946324233,3.7826999999999997,1,3.7826999999999997,6.0,inf
971,0,0.3264920859779428,0.714706585395421,0.8400396295792346,1.6455,1,1.6455,6.0,inf
971,1,0.3264920859779428,0.714706585395421,0.8400396295792346,1.6455,1,1.6455,6.0,inf
971,2,0.3264920859779428,0.714706585395421,0.8400396295792346,1.6455,1,1.6455,6.0,inf
971,3,0.3264920859779428,0.714706585395421,0.8400396295792346,1.6455,1,1.6455,6.0,inf
971,4,0.3264920859779428,0.714706585395421,0.8400396295792346,1.6455,1,1.6455,6.0,inf
971,5,0.3264920859779428,0.714706585395421,0.8400396295792346,1.6455,1,1.6455,6.0,inf
972,0,-1.5684961994688744,0.16660059394691068,0.9299126768956839,1.1105999999999998,1,1.1105999999999998,6.0,inf
972,1,-1.5684961994688744,0.16660059394691068,0.9299126768956839,1.1105999999999998,1,1.1105999999999998,6.0,inf
972,2,-1.5684961994688744,0.16660059394691068,0.9299126768956839,1.1105999999999998,1,1.1105999999999998,6.0,inf
972,3,-1.5684961994688744,0.16660059394691068,0.9299126768956839,1.1105999999999998,1,1.1105999999999998,6.0,inf
972,4,-1.5684961994688744,0.16660059394691068,0.9299126768956839,1.1105999999999998,1,1.1105999999999998,6.0,inf
972,5,-1.5684961994688744,0.16660059394691068,0.9299126768956839,1.1105999999999998,1,1.1105999999999998,6.0,inf
973,0,0.5595424101514154,-1.2605101654033062,-1.6180277326894468,2.1792,1,2.1792,6.0,inf
973,1,0.5595424101514154,-1.2605101654033062,-1.6180277326894468,2.1792,1,2.1792,6.0,inf
973,2,0.5595424101514154,-1.2605101654033062,-1.6180277326894468,2.1792,1,2.1792,6.0,inf
973,3,0.5595424101514154,-1.2605101654033062,-1.6180277326894468,2.1792,1,2.1792,6.0,inf
973,4,0.5595424101514154,-1.2605101654033062,-1.6180277326894468,2.1792,1,2.1792,6.0,inf
973,5,0.5595424101514154,-1.2605101654033062,-1.6180277326894468,2.1792,1,2.1792,6.0,inf
974,0,-0.7165009733146458,1.018011274505002,-1.3798921631202166,6.0,0,6.2627999999999995,6.0,inf
974,1,-0.7165009733146458,1.018011274505002,-1.3798921631202166,6.0,0,6.2627999999999995,6.0,inf
974,2,-0.7165009733146458,1.018011274505002,-1.3798921631202166,6.0,0,6.2627999999999995,6.0,inf
974,3,-0.7165009733146458,1.018011274505002,-1.3798921631202166,6.0,0,6.2627999999999995,6.0,inf
974,4,-0.7165009733146458,1.018011274505002,-1.3798921631202166,6.0,0,6.2627999999999995,6.0,inf
974,5,-0.7165009733146458,1.018011274505002,-1.3798921631202166,6.0,0,6.2627999999999995,6.0,inf
975,0,-0.043949702764147995,0.9815367433790194,-1.600738903960492,0.6713999999999999,1,0.6713999999999999,6.0,inf
975,1,-0.043949702764147995,0.9815367433790194,-1.600738903960492,0.6713999999999999,1,0.6713999999999999,6.0,inf
975,2,-0.043949702764147995,0.9815367433790194,-1.600738903960492,0.6713999999999999,1,0.6713999999999999,6.0,inf
975,3,-0.043949702764147995,0.9815367433790194,-1.600738903960492,0.6713999999999999,1,0.6713999999999999,6.0,inf
975,4,-0.043949702764147995,0.9815367433790194,-1.600738903960492,0.6713999999999999,1,0.6713999999999999,6.0,inf
975,5,-0.043949702764147995,0.9815367433790194,-1.600738903960492,0.6713999999999999,1,0.6713999999999999,6.0,inf
976,0,1.0687244166204357,-1.0923771470320833,-0.45540532692753316,1.7933999999999999,1,1.7933999999999999,6.0,inf
976,1,1.0687244166204357,-1.0923771470320833,-0.45540532692753316,1.7933999999999999,1,1.7933999999999999,6.0,inf
976,2,1.0687244166204357,-1.0923771470320833,-0.45540532692753316,1.7933999999999999,1,1.7933999999999999,6.0,inf
976,3,1.0687244166204357,-1.0923771470320833,-0.45540532692753316,1.7933999999999999,1,1.7933999999999999,6.0,inf
976,4,1.0687244166204357,-1.0923771470320833,-0.45540532692753316,1.7933999999999999,1,1.7933999999999999,6.0,inf
976,5,1.0687244166204357,-1.0923771470320833,-0.45540532692753316,1.7933999999999999,1,1.7933999999999999,6.0,inf
977,0,-0.2087843788772666,1.6009511018881062,-0.20050035220263085,5.6469,1,5.6469,6.0,inf
977,1,-0.2087843788772666,1.6009511018881062,-0.20050035220263085,5.6469,1,5.6469,6.0,inf
977,2,-0.2087843788772666,1.6009511018881062,-0.20050035220263085,5.6469,1,5.6469,6.0,inf
977,3,-0.2087843788772666,1.6009511018881062,-0.20050035220263085,5.6469,1,5.6469,6.0,inf
977,4,-0.2087843788772666,1.6009511018881062,-0.20050035220263085,5.6469,1,5.6469,6.0,inf
977,5,-0.2087843788772666,1.6009511018881062,-0.20050035220263085,5.6469,1,5.6469,6.0,inf
978,0,1.080589204955065,0.8061382584215092,-0.42022547233900037,2.3693999999999997,1,2.3693999999999997,6.0,inf
978,1,1.080589204955065,0.8061382584215092,-0.42022547233900037,2.3693999999999997,1,2.3693999999999997,6.0,inf
978,2,1.080589204955065,0.8061382584215092,-0.42022547233900037,2.3693999999999997,1,2.3693999999999997,6.0,inf
978,3,1.080589204955065,0.8061382584215092,-0.42022547233900037,2.3693999999999997,1,2.3693999999999997,6.0,inf
978,4,1.080589204955065,0.8061382584215092,-0.42022547233900037,2.3693999999999997,1,2.3693999999999997,6.0,inf
978,5,1.080589204955065,0.8061382584215092,-0.42022547233900037,2.3693999999999997,1,2.3693999999999997,6.0,inf
979,0,0.7940016745004407,-2.544455110684866,1.5673000280871667,0.6039,1,0.6039,6.0,inf
979,1,0.7940016745004407,-2.544455110684866,1.5673000280871667,0.6039,1,0.6039,6.0,inf
979,2,0.7940016745004407,-2.544455110684866,1.5673000280871667,0.6039,1,0.6039,6.0,inf
979,3,0.7940016745004407,-2.544455110684866,1.5673000280871667,0.6039,1,0.6039,6.0,inf
979,4,0.7940016745004407,-2.544455110684866,1.5673000280871667,0.6039,1,0.6039,6.0,inf
979,5,0.7940016745004407,-2.544455110684866,1.5673000280871667,0.6039,1,0.6039,6.0,inf
980,0,-1.8423193303089855,-0.13425511027868636,1.171831836403366,3.8951999999999996,1,3.8951999999999996,6.0,inf
980,1,-1.8423193303089855,-0.13425511027868636,1.171831836403366,3.8951999999999996,1,3.8951999999999996,6.0,inf
980,2,-1.8423193303089855,-0.13425511027868636,1.171831836403366,3.8951999999999996,1,3.8951999999999996,6.0,inf
980,3,-1.8423193303089855,-0.13425511027868636,1.171831836403366,3.8951999999999996,1,3.8951999999999996,6.0,inf
980,4,-1.8423193303089855,-0.13425511027868636,1.171831836403366,3.8951999999999996,1,3.8951999999999996,6.0,inf
980,5,-1.8423193303089855,-0.13425511027868636,1.171831836403366,3.8951999999999996,1,3.8951999999999996,6.0,inf
981,0,-1.1533883785108279,-0.702435127051609,-0.3371383180781792,1.7406,1,1.7406,6.0,inf
981,1,-1.1533883785108279,-0.702435127051609,-0.3371383180781792,1.7406,1,1.7406,6.0,inf
981,2,-1.1533883785108279,-0.702435127051609,-0.3371383180781792,1.7406,1,1.7406,6.0,inf
981,3,-1.1533883785108279,-0.702435127051609,-0.3371383180781792,1.7406,1,1.7406,6.0,inf
981,4,-1.1533883785108279,-0.702435127051609,-0.3371383180781792,1.7406,1,1.7406,6.0,inf
981,5,-1.1533883785108279,-0.702435127051609,-0.3371383180781792,1.7406,1,1.7406,6.0,inf
982,0,-0.8611299194188445,0.3122733989840036,-0.5274489812782978,0.3717,1,0.3717,6.0,inf
982,1,-0.8611299194188445,0.3122733989840036,-0.5274489812782978,0.3717,1,0.3717,6.0,inf
982,2,-0.8611299194188445,0.3122733989840036,-0.5274489812782978,0.3717,1,0.3717,6.0,inf
982,3,-0.8611299194188445,0.3122733989840036,-0.5274489812782978,0.3717,1,0.3717,6.0,inf
982,4,-0.8611299194188445,0.3122733989840036,-0.5274489812782978,0.3717,1,0.3717,6.0,inf
982,5,-0.8611299194188445,0.3122733989840036,-0.5274489812782978,0.3717,1,0.3717,6.0,inf
983,0,-1.639124053113783,-0.4632932799315147,-0.024466476862916572,1.1778,1,1.1778,6.0,inf
983,1,-1.639124053113783,-0.4632932799315147,-0.024466476862916572,1.1778,1,1.1778,6.0,inf
983,2,-1.639124053113783,-0.4632932799315147,-0.024466476862916572,1.1778,1,1.1778,6.0,inf
983,3,-1.639124053113783,-0.4632932799315147,-0.024466476862916572,1.1778,1,1.1778,6.0,inf
983,4,-1.639124053113783,-0.4632932799315147,-0.024466476862916572,1.1778,1,1.1778,6.0,inf
983,5,-1.639124053113783,-0.4632932799315147,-0.024466476862916572,1.1778,1,1.1778,6.0,inf
984,0,0.835248232000906,-0.9033448623284395,-0.8294582375451852,0.8807999999999999,1,0.8807999999999999,6.0,inf
984,1,0.835248232000906,-0.9033448623284395,-0.8294582375451852,0.8807999999999999,1,0.8807999999999999,6.0,inf
984,2,0.835248232000906,-0.9033448623284395,-0.8294582375451852,0.8807999999999999,1,0.8807999999999999,6.0,inf
984,3,0.835248232000906,-0.9033448623284395,-0.8294582375451852,0.8807999999999999,1,0.8807999999999999,6.0,inf
984,4,0.835248232000906,-0.9033448623284395,-0.8294582375451852,0.8807999999999999,1,0.8807999999999999,6.0,inf
984,5,0.835248232000906,-0.9033448623284395,-0.8294582375451852,0.8807999999999999,1,0.8807999999999999,6.0,inf
985,0,0.37078737342828183,-1.457207746573251,-0.5399035653688937,2.9213999999999998,1,2.9213999999999998,6.0,inf
985,1,0.37078737342828183,-1.457207746573251,-0.5399035653688937,2.9213999999999998,1,2.9213999999999998,6.0,inf
985,2,0.37078737342828183,-1.457207746573251,-0.5399035653688937,2.9213999999999998,1,2.9213999999999998,6.0,inf
985,3,0.37078737342828183,-1.457207746573251,-0.5399035653688937,2.9213999999999998,1,2.9213999999999998,6.0,inf
985,4,0.37078737342828183,-1.457207746573251,-0.5399035653688937,2.9213999999999998,1,2.9213999999999998,6.0,inf
985,5,0.37078737342828183,-1.457207746573251,-0.5399035653688937,2.9213999999999998,1,2.9213999999999998,6.0,inf
986,0,-0.45280834773908835,0.015063113664043634,2.3636280672916468,1.5369,1,1.5369,6.0,inf
986,1,-0.45280834773908835,0.015063113664043634,2.3636280672916468,1.5369,1,1.5369,6.0,inf
986,2,-0.45280834773908835,0.015063113664043634,2.3636280672916468,1.5369,1,1.5369,6.0,inf
986,3,-0.45280834773908835,0.015063113664043634,2.3636280672916468,1.5369,1,1.5369,6.0,inf
986,4,-0.45280834773908835,0.015063113664043634,2.3636280672916468,1.5369,1,1.5369,6.0,inf
986,5,-0.45280834773908835,0.015063113664043634,2.3636280672916468,1.5369,1,1.5369,6.0,inf
987,0,0.7739918273480566,1.4352391373946514,1.422595532495112,0.7896,1,0.7896,6.0,inf
987,1,0.7739918273480566,1.4352391373946514,1.422595532495112,0.7896,1,0.7896,6.0,inf
987,2,0.7739918273480566,1.4352391373946514,1.422595532495112,0.7896,1,0.7896,6.0,inf
987,3,0.7739918273480566,1.4352391373946514,1.422595532495112,0.7896,1,0.7896,6.0,inf
987,4,0.7739918273480566,1.4352391373946514,1.422595532495112,0.7896,1,0.7896,6.0,inf
987,5,0.7739918273480566,1.4352391373946514,1.422595532495112,0.7896,1,0.7896,6.0,inf
988,0,0.3224183033662203,0.4171724832602113,-0.9556757857088862,4.8515999999999995,1,4.8515999999999995,6.0,inf
988,1,0.3224183033662203,0.4171724832602113,-0.9556757857088862,4.8515999999999995,1,4.8515999999999995,6.0,inf
988,2,0.3224183033662203,0.4171724832602113,-0.9556757857088862,4.8515999999999995,1,4.8515999999999995,6.0,inf
988,3,0.3224183033662203,0.4171724832602113,-0.9556757857088862,4.8515999999999995,1,4.8515999999999995,6.0,inf
988,4,0.3224183033662203,0.4171724832602113,-0.9556757857088862,4.8515999999999995,1,4.8515999999999995,6.0,inf
988,5,0.3224183033662203,0.4171724832602113,-0.9556757857088862,4.8515999999999995,1,4.8515999999999995,6.0,inf
989,0,1.6279179484558524,-0.3283154798039278,0.9089224759801735,0.9207,1,0.9207,6.0,inf
989,1,1.6279179484558524,-0.3283154798039278,0.9089224759801735,0.9207,1,0.9207,6.0,inf
989,2,1.6279179484558524,-0.3283154798039278,0.9089224759801735,0.9207,1,0.9207,6.0,inf
989,3,1.6279179484558524,-0.3283154798039278,0.9089224759801735,0.9207,1,0.9207,6.0,inf
989,4,1.6279179484558524,-0.3283154798039278,0.9089224759801735,0.9207,1,0.9207,6.0,inf
989,5,1.6279179484558524,-0.3283154798039278,0.9089224759801735,0.9207,1,0.9207,6.0,inf
990,0,0.7612645563799825,0.9207906419573939,0.9530829642810608,4.9601999999999995,1,4.9601999999999995,6.0,inf
990,1,0.7612645563799825,0.9207906419573939,0.9530829642810608,4.9601999999999995,1,4.9601999999999995,6.0,inf
990,2,0.7612645563799825,0.9207906419573939,0.9530829642810608,4.9601999999999995,1,4.9601999999999995,6.0,inf
990,3,0.7612645563799825,0.9207906419573939,0.9530829642810608,4.9601999999999995,1,4.9601999999999995,6.0,inf
990,4,0.7612645563799825,0.9207906419573939,0.9530829642810608,4.9601999999999995,1,4.9601999999999995,6.0,inf
990,5,0.7612645563799825,0.9207906419573939,0.9530829642810608,4.9601999999999995,1,4.9601999999999995,6.0,inf
991,0,-1.5326948106199771,-0.4917630030605108,0.7372119212709202,1.1379,1,1.1379,6.0,inf
991,1,-1.5326948106199771,-0.4917630030605108,0.7372119212709202,1.1379,1,1.1379,6.0,inf
991,2,-1.5326948106199771,-0.4917630030605108,0.7372119212709202,1.1379,1,1.1379,6.0,inf
991,3,-1.5326948106199771,-0.4917630030605108,0.7372119212709202,1.1379,1,1.1379,6.0,inf
991,4,-1.5326948106199771,-0.4917630030605108,0.7372119212709202,1.1379,1,1.1379,6.0,inf
991,5,-1.5326948106199771,-0.4917630030605108,0.7372119212709202,1.1379,1,1.1379,6.0,inf
992,0,0.06895853943781327,-0.8799566234709059,-1.5314796234000139,5.2386,1,5.2386,6.0,inf
992,1,0.06895853943781327,-0.8799566234709059,-1.5314796234000139,5.2386,1,5.2386,6.0,inf
992,2,0.06895853943781327,-0.8799566234709059,-1.5314796234000139,5.2386,1,5.2386,6.0,inf
992,3,0.06895853943781327,-0.8799566234709059,-1.5314796234000139,5.2386,1,5.2386,6.0,inf
992,4,0.06895853943781327,-0.8799566234709059,-1.5314796234000139,5.2386,1,5.2386,6.0,inf
992,5,0.06895853943781327,-0.8799566234709059,-1.5314796234000139,5.2386,1,5.2386,6.0,inf
993,0,0.6057483802390891,-1.4196308710059309,2.1152541184671425,0.5168999999999999,1,0.5168999999999999,6.0,inf
993,1,0.6057483802390891,-1.4196308710059309,2.1152541184671425,0.5168999999999999,1,0.5168999999999999,6.0,inf
993,2,0.6057483802390891,-1.4196308710059309,2.1152541184671425,0.5168999999999999,1,0.5168999999999999,6.0,inf
993,3,0.6057483802390891,-1.4196308710059309,2.1152541184671425,0.5168999999999999,1,0.5168999999999999,6.0,inf
993,4,0.6057483802390891,-1.4196308710059309,2.1152541184671425,0.5168999999999999,1,0.5168999999999999,6.0,inf
993,5,0.6057483802390891,-1.4196308710059309,2.1152541184671425,0.5168999999999999,1,0.5168999999999999,6.0,inf
994,0,2.2118814035141274,-0.7504471019752131,0.7480654664497007,1.9775999999999998,1,1.9775999999999998,6.0,inf
994,1,2.2118814035141274,-0.7504471019752131,0.7480654664497007,1.9775999999999998,1,1.9775999999999998,6.0,inf
994,2,2.2118814035141274,-0.7504471019752131,0.7480654664497007,1.9775999999999998,1,1.9775999999999998,6.0,inf
994,3,2.2118814035141274,-0.7504471019752131,0.7480654664497007,1.9775999999999998,1,1.9775999999999998,6.0,inf
994,4,2.2118814035141274,-0.7504471019752131,0.7480654664497007,1.9775999999999998,1,1.9775999999999998,6.0,inf
994,5,2.2118814035141274,-0.7504471019752131,0.7480654664497007,1.9775999999999998,1,1.9775999999999998,6.0,inf
995,0,-1.4688671133728288,0.4380986541050424,-1.8047110034663196,3.7565999999999997,1,3.7565999999999997,6.0,inf
995,1,-1.4688671133728288,0.4380986541050424,-1.8047110034663196,3.7565999999999997,1,3.7565999999999997,6.0,inf
995,2,-1.4688671133728288,0.4380986541050424,-1.8047110034663196,3.7565999999999997,1,3.7565999999999997,6.0,inf
995,3,-1.4688671133728288,0.4380986541050424,-1.8047110034663196,3.7565999999999997,1,3.7565999999999997,6.0,inf
995,4,-1.4688671133728288,0.4380986541050424,-1.8047110034663196,3.7565999999999997,1,3.7565999999999997,6.0,inf
995,5,-1.4688671133728288,0.4380986541050424,-1.8047110034663196,3.7565999999999997,1,3.7565999999999997,6.0,inf
996,0,-0.1992855193301003,-0.9041605438632143,1.1273455048135306,1.4742,1,1.4742,6.0,inf
996,1,-0.1992855193301003,-0.9041605438632143,1.1273455048135306,1.4742,1,1.4742,6.0,inf
996,2,-0.1992855193301003,-0.9041605438632143,1.1273455048135306,1.4742,1,1.4742,6.0,inf
996,3,-0.1992855193301003,-0.9041605438632143,1.1273455048135306,1.4742,1,1.4742,6.0,inf
996,4,-0.1992855193301003,-0.9041605438632143,1.1273455048135306,1.4742,1,1.4742,6.0,inf
996,5,-0.1992855193301003,-0.9041605438632143,1.1273455048135306,1.4742,1,1.4742,6.0,inf
997,0,-1.6754836470237238,0.38305286007784395,-0.12275621576454826,1.2758999999999998,1,1.2758999999999998,6.0,inf
997,1,-1.6754836470237238,0.38305286007784395,-0.12275621576454826,1.2758999999999998,1,1.2758999999999998,6.0,inf
997,2,-1.6754836470237238,0.38305286007784395,-0.12275621576454826,1.2758999999999998,1,1.2758999999999998,6.0,inf
997,3,-1.6754836470237238,0.38305286007784395,-0.12275621576454826,1.2758999999999998,1,1.2758999999999998,6.0,inf
997,4,-1.6754836470237238,0.38305286007784395,-0.12275621576454826,1.2758999999999998,1,1.2758999999999998,6.0,inf
997,5,-1.6754836470237238,0.38305286007784395,-0.12275621576454826,1.2758999999999998,1,1.2758999999999998,6.0,inf
998,0,1.4030627806468468,0.025056370961816815,-1.4649518742771501,2.3493,1,2.3493,6.0,inf
998,1,1.4030627806468468,0.025056370961816815,-1.4649518742771501,2.3493,1,2.3493,6.0,inf
998,2,1.4030627806468468,0.025056370961816815,-1.4649518742771501,2.3493,1,2.3493,6.0,inf
998,3,1.4030627806468468,0.025056370961816815,-1.4649518742771501,2.3493,1,2.3493,6.0,inf
998,4,1.4030627806468468,0.025056370961816815,-1.4649518742771501,2.3493,1,2.3493,6.0,inf
998,5,1.4030627806468468,0.025056370961816815,-1.4649518742771501,2.3493,1,2.3493,6.0,inf
999,0,-0.31190130354177575,-0.6190183512364821,-0.22107814391900496,1.4418,1,1.4418,6.0,inf
999,1,-0.31190130354177575,-0.6190183512364821,-0.22107814391900496,1.4418,1,1.4418,6.0,inf
999,2,-0.31190130354177575,-0.6190183512364821,-0.22107814391900496,1.4418,1,1.4418,6.0,inf
999,3,-0.31190130354177575,-0.6190183512364821,-0.22107814391900496,1.4418,1,1.4418,6.0,inf
999,4,-0.31190130354177575,-0.6190183512364821,-0.22107814391900496,1.4418,1,1.4418,6.0,inf
999,5,-0.31190130354177575,-0.6190183512364821,-0.22107814391900496,1.4418,1,1.4418,6.0,inf
